Date,Open,High,Low,Close,Adj Close,Volume,Price,daily_return,sma20,price_vs_sma20,sma50,price_vs_sma50,sma100,price_vs_sma100,sma200,price_vs_sma200,ath,current_drawdown,high_252d,drawdown_from_252d_high,drawdown_percentile,rsi14,volume_sma20,volume_sma50,volume_ratio_20,volume_ratio_50,abnormal_volume_1_5x,abnormal_volume_2_0x,return_5d,return_20d,return_60d,return_120d,return_252d,volatility_20d,volatility_60d,volatility_60d_percentile
2023-08-28,980.0999755859376,992.5,980.0999755859376,990.2000122070312,987.8297119140624,8451441,987.8297119140624,,,,,,,,,,987.8297119140624,0.0,,,0.974496644295302,,,,,,False,False,,,,,,,,
2023-08-29,990.2000122070312,991.0,977.5,980.7000122070312,978.3524169921876,8114141,978.3524169921876,-0.009594057363906505,,,,,,,,,987.8297119140624,-0.009594057363906505,,,0.912751677852349,,,,,,False,False,,,,,,,,
2023-08-30,983.0,998.0,980.0,983.3499755859376,980.9960327148438,9023083,980.9960327148438,0.0027021098703712276,,,,,,,,,987.8297119140624,-0.00691787169063518,,,0.9261744966442953,,,,,,False,False,,,,,,,,
2023-08-31,981.7999877929688,994.7000122070312,968.5999755859376,973.5,971.169677734375,21558300,971.169677734375,-0.010016712252418514,,,,,,,,,987.8297119140624,-0.016865289612929546,,,0.8617449664429531,,,,,,False,False,,,,,,,,
2023-09-01,974.25,993.0,969.0,991.1500244140624,988.7774047851562,10946742,988.7774047851562,0.018130433285209246,,,,,,,,,988.7774047851562,0.0,,,0.974496644295302,,,,,,False,False,,,,,,,,
2023-09-04,993.75,994.5499877929688,980.0,982.25,979.8987426757812,6727188,979.8987426757812,-0.008979434669933783,,,,,,,,,988.7774047851562,-0.008979434669933783,,,0.9154362416107382,,,,,,False,False,-0.00802868059406081,,,,,,,
2023-09-05,985.4500122070312,986.2000122070312,977.9000244140624,981.4500122070312,979.1006469726562,10548660,979.1006469726562,-0.0008144675244154964,,,,,,,,,988.7774047851562,-0.009786588736423019,,,0.9100671140939597,,,,,,False,False,0.0007647857433306093,,,,,,,
2023-09-06,981.4500122070312,983.1500244140624,961.7999877929688,965.0499877929688,962.7398681640624,16351052,962.7398681640624,-0.01671000714704951,,,,,,,,,988.7774047851562,-0.026333061915741696,,,0.7959731543624161,,,,,,False,False,-0.018609825057353757,,,,,,,
2023-09-07,965.0499877929688,979.7999877929688,963.0999755859376,978.2000122070312,975.8583984375,8686550,975.8583984375,0.013626245995665087,,,,,,,,,988.7774047851562,-0.013065636699559624,,,0.8899328859060402,,,,,,False,False,0.004827910931139545,,,,,,,
2023-09-08,978.2000122070312,987.2999877929688,972.5,980.2999877929688,977.953369140625,6439351,977.953369140625,0.0021467978412434974,,,,,,,,,988.7774047851562,-0.010946888138977151,,,0.8966442953020134,,,,,,False,False,-0.010946888138977151,,,,,,,
2023-09-11,981.7999877929688,1004.0,979.0,1000.4000244140624,998.0053100585938,7130484,998.0053100585938,0.020503984699791422,,,,,,,,,998.0053100585938,0.0,,,0.974496644295302,,,,,,False,False,0.018477998383148675,,,,,,,
2023-09-12,1010.0,1010.0,998.0499877929688,1000.9000244140624,998.5040893554688,8958327,998.5040893554688,0.0004997761954250723,,,,,,,,,998.5040893554688,0.0,,,0.974496644295302,,,,,,False,False,0.019817617772807328,,,,,,,
2023-09-13,1002.9500122070312,1017.0,993.7000122070312,1014.4500122070312,1012.0216674804688,12254423,1012.0216674804688,0.01353782950826532,,,,,,,,,1012.0216674804688,0.0,,,0.974496644295302,,,,,,False,False,0.051189112392723946,,,,,,,
2023-09-14,1014.4500122070312,1022.4000244140624,1009.0499877929688,1020.9000244140624,1018.4561767578124,7855558,1018.4561767578124,0.006358074618464382,,,,,,,,,1018.4561767578124,0.0,,,0.974496644295302,,,,,,False,False,0.04365159780201511,,,,,,,
2023-09-15,1021.0,1031.75,1014.5499877929688,1027.1500244140625,1024.69140625,8986157,1024.69140625,0.0061222364147637265,,,,,,,,,1024.69140625,0.0,,,0.974496644295302,64.45057190519903,,,,,False,False,0.04779168269592038,,,,,,,
2023-09-18,1021.5499877929688,1029.9000244140625,1019.0,1024.75,1022.2970581054688,6397319,1022.2970581054688,-0.0023366528985480084,,,,,,,,,1024.69140625,-0.0023366528985480084,,,0.9369127516778524,68.24017612172457,,,,,False,False,0.024340299397253462,,,,,,,
2023-09-20,1012.2999877929688,1047.5,1012.2999877929688,1027.300048828125,1024.8409423828125,13619788,1024.8409423828125,0.0024884002718916776,,,,,,,,,1024.8409423828125,0.0,,,0.974496644295302,68.21385993211968,,,,,False,False,0.026376309629682293,,,,,,,
2023-09-21,1026.5999755859375,1033.5999755859375,1012.0999755859376,1014.4500122070312,1012.0216674804688,8156588,1012.0216674804688,-0.012508550714746214,,,,,,,,,1024.8409423828125,-0.012508550714746214,,,0.8939597315436242,66.55880124906172,,,,,False,False,0.0,,,,,,,
2023-09-22,1010.0,1027.25,1008.0,1018.25,1015.8125610351562,7108110,1015.8125610351562,0.0037458620467338832,,,,,,,,,1024.8409423828125,-0.008809543973394285,,,0.9181208053691275,62.34059672517719,,,,,False,False,-0.0025957088611038293,,,,,,,
2023-09-25,1015.2000122070312,1026.0,1005.1500244140624,1018.9500122070312,1016.5109252929688,7123890,1016.5109252929688,0.0006874932291651703,996.2919036865235,0.020294274731762707,,,,,,,1024.8409423828125,-0.008128107246062943,,,0.9208053691275168,68.06097182043501,9721857.6,,0.7327704532516502,,False,False,-0.007983360558247332,,,,,,,
2023-09-26,1019.0,1020.7000122070312,1011.0,1014.1500244140624,1011.7223510742188,6387615,1011.7223510742188,-0.004710794640372273,997.4865356445313,0.014271686805766182,,,,,,,1024.8409423828125,-0.01280061204238414,,,0.8926174496644296,65.48288080759387,9618666.3,,0.6640853108710092,,False,False,-0.010344064816979137,0.024187001941722297,,,,0.1601965210881386,,
2023-09-27,1009.9500122070312,1027.949951171875,1004.0,1025.199951171875,1022.745849609375,5158686,1022.745849609375,0.010895774441922468,999.7062072753906,0.023046413202511662,,,,,,,1024.8409423828125,-0.0020443101819940246,,,0.938255033557047,79.9998779423522,9470893.55,,0.5446884153818833,,False,False,-0.0020443101819940246,0.04537570700103033,,,,0.15831034241119207,,
2023-09-28,1027.0,1037.949951171875,1025.199951171875,1030.9000244140625,1028.4322509765625,15818489,1028.4322509765625,0.0055599359013378535,1002.0780181884766,0.02629958177880032,,,,,,,1028.4322509765625,0.0,,,0.974496644295302,78.39427954340778,9810663.85,,1.6123770258421402,,True,False,0.016215644411003094,0.048355158104403495,,,,0.15873861484654278,,
2023-09-29,1030.9000244140625,1041.0,1024.5,1036.699951171875,1034.21826171875,9528626,1034.21826171875,0.005626049491051388,1005.2304473876953,0.028836984003405064,,,,,,,1034.21826171875,0.0,,,0.974496644295302,79.22265982618134,9209180.15,,1.0346877620805366,,False,False,0.01811918988758876,0.06492025588305017,,,,0.1520663447034325,,
2023-10-03,1035.0,1044.699951171875,1032.5999755859375,1041.050048828125,1038.5579833984375,11589322,1038.5579833984375,0.004196137160134228,1007.7194763183594,0.0306022735540894,,,,,,,1038.5579833984375,0.0,,,0.974496644295302,75.17015229795575,9241309.15,,1.2540779463048262,,False,False,0.021688953415935464,0.05034558675427836,,,,0.1415964565363742,,
2023-10-04,1035.3499755859375,1037.0,988.8499755859376,995.5499877929688,993.1668701171876,22584212,993.1668701171876,-0.0437059018435525,1008.3828826904297,-0.015089518906394761,,,,,,,1038.5579833984375,-0.0437059018435525,,,0.6684563758389261,47.87276018883286,10034160.35,,2.2507326185992236,,True,True,-0.018340487325726684,0.013540304588181673,,,,0.2140460029062767,,
2023-10-05,1000.0,1009.2000122070312,988.9000244140624,1003.25,1000.8484497070312,7950412,1000.8484497070312,0.007734429954290745,1009.4702728271484,-0.008540938106053053,,,,,,,1038.5579833984375,-0.03630951212565969,,,0.7087248322147651,45.329445754704935,9904247.95,,0.8027274801818749,,False,False,-0.021410402115742855,0.02221201957287877,,,,0.2153587910928421,,
2023-10-06,1005.0,1008.0,999.4000244140624,1000.9500122070312,998.553955078125,5289753,998.553955078125,-0.0022925495159410447,1011.2609771728515,-0.012565522037892851,,,,,,,1038.5579833984375,-0.03851882028715303,,,0.6939597315436241,41.382334099399806,9351183.0,,0.5656774121520239,,False,False,-0.029052274342880713,0.0372001701584872,,,,0.20531339111196262,,
2023-10-09,994.7999877929688,999.7000122070312,988.25,996.25,993.8651733398438,6823214,993.8651733398438,-0.004695571745959803,1012.1613159179688,-0.018076310851231736,,,,,,,1038.5579833984375,-0.04303352414888484,,,0.676510067114094,36.471052122626446,9258016.2,,0.7370060553577342,,False,False,-0.039017961558563186,0.018452241566169203,,,,0.20171374710178125,,
2023-10-10,999.9000244140624,1014.9500122070312,996.5,1012.25,1009.8268432617188,5728499,1009.8268432617188,0.016060196443181907,1013.7549896240234,-0.0038748478700574296,,,,,,,1038.5579833984375,-0.027664454557176366,,,0.7838926174496644,45.1094996040914,9222473.6,,0.6211456110863793,,False,False,-0.027664454557176366,0.0325920183179107,,,,0.20869485966319495,,
2023-10-11,1019.0,1025.6500244140625,1012.0,1019.0999755859376,1016.6605224609376,7396783,1016.6605224609376,0.00676717918999481,1014.6877502441406,0.0019442160569320688,,,,,,,1038.5579833984375,-0.021084485688363408,,,0.8295302013422818,46.8962786281639,9235788.55,,0.8008826707060113,,False,False,0.023655292026583563,0.018692498140364222,,,,0.19767391644524274,,
2023-10-12,1022.0,1031.0,1014.9500122070312,1018.4500122070312,1016.0120849609376,4920222,1016.0120849609376,-0.000637811231649299,1015.5631500244141,0.00044205516566120373,,,,,,,1038.5579833984375,-0.021708848998227115,,,0.8268456375838926,51.66805035150022,9033883.3,,0.5446408633593927,,False,False,0.015150780578563117,0.017534225239648427,,,,0.19775343742022072,,
2023-10-13,1009.0,1011.4500122070312,992.25,994.0499877929688,991.6704711914062,12173162,991.6704711914062,-0.023957996297324757,1014.5455902099609,-0.022547157307953647,,,,,,,1038.5579833984375,-0.04514674477163316,,,0.661744966442953,41.387909839813354,9029820.25,,1.3481067909408275,,False,False,-0.006893452128162836,-0.020109447201588915,,,,0.2104653440098191,,
2023-10-16,990.0,1009.4500122070312,990.0,1004.7999877929688,1002.3946533203124,4646960,1002.3946533203124,0.010814259817600425,1013.7425140380859,-0.01119402664940139,,,,,,,1038.5579833984375,-0.034820713581911966,,,0.7194630872483222,45.300521109972735,8869390.35,,0.5239322903405644,,False,False,0.008582129859531884,-0.015770461021337945,,,,0.213090089031196,,
2023-10-17,1008.8499755859376,1014.7000122070312,1003.0999755859376,1008.0499877929688,1005.6369018554688,6105067,1005.6369018554688,0.0032345030217557635,1012.7897888183594,-0.007062558333290503,,,,,,,1038.5579833984375,-0.03169883826345665,,,0.7543624161073825,47.95300434348071,8725335.85,,0.699694212916744,,False,False,-0.0041491681808700775,-0.018595358835167608,,,,0.2121068162261431,,
2023-10-18,1010.0,1014.0999755859376,989.3499755859376,992.8499755859376,990.4733276367188,7818946,990.4733276367188,-0.015078577755820333,1011.1986022949219,-0.020495750895192066,,,,,,,1038.5579833984375,-0.04629944262175234,,,0.6577181208053692,39.438479868808194,8796417.2,,0.8888784856634586,,False,False,-0.025758052216712346,-0.031129631271487823,,,,0.21802953174548503,,
2023-10-19,979.7000122070312,999.0,979.7000122070312,991.4000244140624,989.02685546875,4836625,989.02685546875,-0.0014603847752469035,1009.4078979492188,-0.020191086796404356,,,,,,,1038.5579833984375,-0.04769221239589194,,,0.6510067114093959,36.73608251997545,8357259.05,,0.5787334066185252,,False,False,-0.02655994932700545,-0.03494599545446808,,,,0.21752411495698204,,
2023-10-20,989.0,992.9000244140624,977.75,980.3499755859376,978.0032348632812,5664400,978.0032348632812,-0.011145926467531653,1007.7069763183594,-0.029476566256988912,,,,,,,1038.5579833984375,-0.058306564970985075,,,0.6120805369127517,31.72239815744949,8232649.65,,0.6880409395291102,,False,False,-0.013782034178858815,-0.033614332291797555,,,,0.21667709051597392,,
2023-10-23,980.0,984.9000244140624,961.0999755859376,964.2999877929688,961.99169921875,5896695,961.99169921875,-0.016371659186556364,1005.0159332275391,-0.04280950439324849,,,,,,,1038.5579833984375,-0.07372364894749761,,,0.5194630872483221,26.861621480443645,8172078.9,,0.7215660876695646,,False,False,-0.04030643416515889,-0.05298306388489671,,,,0.22177889084109761,,
2023-10-25,960.0,974.0,951.4000244140624,955.4500122070312,953.1629028320312,6957048,953.1629028320312,-0.009177622212217407,1001.8485321044922,-0.048595798379013844,,,,,,,1038.5579833984375,-0.08222466336156875,,,0.4738255033557047,34.481435968831434,8163736.8,,0.8521891592585396,,False,False,-0.05217986623861892,-0.06231907683892324,,,,0.22258825261264106,,
2023-10-26,956.0,975.0,952.75,972.0499877929688,969.7230834960938,17540495,969.7230834960938,0.017373924871455948,999.748568725586,-0.030033036474127472,,,,,,,1038.5579833984375,-0.06627930361393752,,,0.5651006711409396,38.703808060563226,8721380.8,,2.0112061842317446,,True,True,-0.02094982627158204,-0.04151264181673098,,,,0.2340031790966566,,
2023-10-27,980.0,1004.75,973.2999877929688,1002.75,1000.349609375,13443016,1000.349609375,0.031582754293617565,998.6287567138672,0.0017232156089670436,,,,,,,1038.5579833984375,-0.0367898322811111,,,0.7073825503355705,50.540529814757384,9135597.3,,1.4714983113364684,,False,False,0.011448378619490107,-0.02189814824761105,,,,0.25929403781179944,,
2023-10-30,1002.75,1002.75,979.2000122070312,989.2000122070312,986.8320922851562,5270567,986.8320922851562,-0.013512792890766678,996.5487487792968,-0.009750307253952983,,,,,,,1038.5579833984375,-0.049805491787777156,,,0.6469798657718121,47.989744784990094,8608201.2,,0.6122727475282526,,False,False,0.009027431717144818,-0.04045007208973095,,,,0.2617418275171453,,
2023-10-31,998.0,998.0,978.0,981.8499755859376,979.4996337890624,7816805,979.4996337890624,-0.007430300000798029,993.8128173828125,-0.014402293211958739,,,,,,,1038.5579833984375,-0.05686572204290463,,,0.6161073825503356,40.881823249982645,8522610.15,,0.9171843909814412,,False,False,0.018199673224343682,-0.05290820125217244,,,,0.26084272249198615,,
2023-11-01,977.8499755859376,979.2999877929688,968.0,971.7999877929688,969.4736938476562,5703984,969.4736938476562,-0.010235777120836786,990.3586029052734,-0.021088229047892426,,,,,,,1038.5579833984375,-0.06651943430709484,,,0.5610738255033557,36.08001512437092,8228343.25,,0.6932117227851426,,False,False,0.017112280563125637,-0.06651943430709484,,,,0.26089690001280785,,
2023-11-02,978.0,988.3499755859376,974.0,982.9500122070312,980.5970458984376,5193982,980.5970458984376,0.011473598635394433,989.730111694336,-0.009227834626818865,,,,,,,1038.5579833984375,-0.05580905296239336,,,0.6241610738255033,40.16074090855445,7358831.75,,0.7058161100095813,,False,False,0.011213471750245008,-0.012656306404246864,,,,0.21748295433169695,,
2023-11-03,986.0,991.4000244140624,981.5,988.8499755859376,986.4828491210938,4268048,986.4828491210938,0.00600226489287814,989.011831665039,-0.0025570801713137303,,,,,,,1038.5579833984375,-0.050141768788816266,,,0.6429530201342282,48.394046442164964,7174713.55,,0.5948736448161056,,False,False,-0.013861913998816866,-0.014353422428882823,,,,0.21669353608295244,,
2023-11-06,995.0,1016.2000122070312,993.0999755859376,1009.4000244140624,1006.9837036132812,6552178,1006.9837036132812,0.020781764741731434,989.4333190917969,0.01773781434568411,,,,,,,1038.5579833984375,-0.030402038489788286,,,0.7677852348993288,51.33956457336581,7237834.8,,0.9052676913819586,,False,False,0.020420506675518535,0.008441955982735783,,,,0.2294552790724476,,
2023-11-07,1008.0,1022.2000122070312,1005.25,1020.9000244140624,1018.4561767578124,6559859,1018.4561767578124,0.01139290844863261,990.6628692626953,0.028055263155065457,,,,,,,1038.5579833984375,-0.0193554976823217,,,0.8429530201342282,53.57044866435627,7224667.05,,0.9079808044579716,,False,False,0.03977188109611829,0.024742796183642835,,,,0.2317014403324458,,
2023-11-08,1024.0,1026.949951171875,1015.5999755859376,1021.7000122070312,1019.2542724609376,7643314,1019.2542724609376,0.000783632836972803,991.1342407226563,0.028371567223606897,997.6092175292969,0.02169692756573305,,,,,1038.5579833984375,-0.01858703244890869,,,0.8483221476510067,58.7133857156109,7320407.8,8754082.72,1.0441104114445647,0.8731142079041263,False,False,0.05134804474756982,0.009335688848167711,,,,0.22506529727724214,,
2023-11-09,1024.75,1028.8499755859375,1016.6500244140624,1021.9000244140624,1019.4537963867188,4407935,1019.4537963867188,0.00019575480934652667,991.2739044189453,0.02842795703806167,998.24169921875,0.021249460110281726,,,,,1038.5579833984375,-0.01839491614055555,,,0.8496644295302014,59.281788097102634,7170965.4,8673212.6,0.6146919911229805,0.5082240230108046,False,False,0.039625604269162285,0.00274749915440764,,,,0.22386709237697452,,
2023-11-10,1017.9000244140624,1031.0,1016.6500244140624,1029.199951171875,1026.736328125,3294063,1026.736328125,0.007143562331213937,991.8101165771484,0.035214615140634065,999.2093774414062,0.027548731332045495,,,,,1038.5579833984375,-0.011382759039369139,,,0.8953020134228188,65.21334693518251,7089657.45,8576811.04,0.46462935949042217,0.38406617385381975,False,False,0.04080504698056342,0.010555231894190165,,,,0.22516661073428568,,
2023-11-13,1030.050048828125,1031.8499755859375,1023.5,1025.3499755859375,1022.8955078125,5985481,1022.8955078125,-0.0037408049245847286,993.3713684082031,0.029721149957852022,1000.0473669433594,0.022847058673806542,,,,,1038.5579833984375,-0.015080983282883986,,,0.8751677852348994,70.57632380766992,6780273.4,8516059.0,0.8827787091889244,0.702846351816022,False,False,0.015801451544969147,0.03148731108588887,,,,0.20656469949313525,,
2023-11-15,1045.0,1045.0,1031.550048828125,1041.3499755859375,1038.857177734375,7240388,1038.857177734375,0.01560439927633439,995.1944946289062,0.04387351752960611,1001.4011169433594,0.03740365389779576,,,,,1038.857177734375,0.0,,,0.974496644295302,77.6205504142448,6909944.8,8229700.76,1.0478213950421138,0.8797875173288804,False,False,0.020031299767367283,0.03637541789881338,,,,0.2100593342505276,,
2023-11-16,1042.800048828125,1044.0,1022.1500244140624,1026.3499755859375,1023.8931274414062,6908825,1023.8931274414062,-0.01440433835727406,996.1073059082031,0.027894405922331167,1002.1034313964843,0.02174395911862792,,,,,1038.857177734375,-0.01440433835727406,,,0.8791946308724832,67.64133189052349,6950132.7,8148942.42,0.9940565595243959,0.8478186056442892,False,False,0.004551224464596437,0.018153893867909554,,,,0.2177316235956494,,
2023-11-17,1014.9000244140624,1020.0,991.8499755859376,994.3499755859376,991.9697265625,13268353,991.9697265625,-0.03117845019497223,996.1821258544921,-0.004228543338276491,1002.3448510742187,-0.010350853302233842,,,,,1038.857177734375,-0.04513368360618253,,,0.6630872483221476,47.29381758261685,7222603.05,8279765.72,1.8370597010727316,1.6025034341189064,True,False,-0.026959603193034698,0.00151079174373292,,,,0.23986446621229787,,
2023-11-20,981.0,994.75,980.3499755859376,988.7000122070312,986.3333129882812,8215656,986.3333129882812,-0.005682041924556236,996.0474487304688,-0.009752683724624678,1002.4895043945312,-0.016116070378220826,,,,,1038.857177734375,-0.05055927404827876,,,0.6416107382550336,49.8302864362893,7391554.6,8233105.64,1.1114922968978678,0.9978805519128503,False,False,-0.039350916131020486,-0.002723427038987869,,,,0.24071487522274013,,
2023-11-21,989.9500122070312,997.5,986.6500244140624,991.7999877929688,989.4258422851562,7061614,989.4258422851562,0.0031353795478179514,996.6185791015625,-0.007217141007837213,1003.0232238769531,-0.0135563975669869,,,,,1038.857177734375,-0.047582417014264355,,,0.6523489932885906,53.47781699733851,7461415.3,8047316.88,0.9464174980315062,0.8775116110501666,False,False,-0.032720512771553634,0.011679519059537569,,,,0.2372791663318583,,
2023-11-22,991.0,999.9000244140624,988.0,998.0999755859376,995.7107543945312,6103988,995.7107543945312,0.006352080005166849,998.3045318603515,-0.0025981826016423515,1003.4202709960938,-0.007683237846001778,,,,,1038.857177734375,-0.04153258432881124,,,0.6818791946308724,59.44007139763865,7471779.95,7995665.64,0.8169389410350608,0.7634121128656901,False,False,-0.04153258432881124,0.03505129535230411,,,,0.22918374863397933,,
2023-11-23,999.0,1003.4000244140624,995.4000244140624,999.0499877929688,996.6585083007812,3112891,996.6585083007812,0.0009518365670624362,1000.4793121337891,-0.003818973352741284,1003.7943737792968,-0.007108891686301244,,,,,1038.857177734375,-0.04062027999423756,,,0.687248322147651,56.23548356980607,7279572.1,7929136.44,0.42762005200827674,0.3925889059363947,False,False,-0.02659908384059695,0.04563291892657184,,,,0.22552647332690268,,
2023-11-24,1002.0,1010.75,999.7000122070312,1008.5,1006.0859375,6956281,1006.0859375,0.009459036491136441,1002.2974548339844,0.0037797987491079432,1003.955986328125,0.002121558316181771,,,,,1038.857177734375,-0.03154547221384674,,,0.7570469798657719,57.406757420548075,6750361.4,7925652.38,1.030504974148495,0.8776919131040668,False,False,0.014230485628243139,0.037498183370874294,0.018481146462545173,,,0.22021102748096782,0.20560550005702197,0.24817518248175183
2023-11-28,1013.0499877929688,1021.9500122070312,1009.25,1021.1500244140624,1018.7056274414062,6173384,1018.7056274414062,0.012543351885788923,1003.2152557373047,0.015440725821814771,1004.3600170898437,0.014283334767874578,,,,,1038.857177734375,-0.01939780628643961,,,0.8416107382550335,54.70944232740398,6386879.8,7869953.52,0.9665727543518199,0.7844244548981784,False,False,0.032820866969449636,0.018349602873214188,0.04124608857540224,,,0.19515706824775877,0.20601988058479634,0.25401459854014596
2023-11-29,1027.1500244140625,1063.5,1021.1500244140624,1060.1500244140625,1057.6123046875,9422396,1057.6123046875,0.038192266929762964,1006.7542663574219,0.05051683417651609,1005.2718298339844,0.052065991804584266,,,,,1057.6123046875,0.0,,,0.974496644295302,62.890015318514216,6594471.25,7813312.98,1.428832675553783,1.2059411960225865,False,False,0.06891518241009531,0.07172467632101598,0.07810049115145312,,,0.22779677161020997,0.21982711631900473,0.3956204379562044
2023-11-30,1062.699951171875,1080.9000244140625,1055.449951171875,1074.25,1071.678466796875,24755589,1071.678466796875,0.013299922898997618,1011.3632080078125,0.05963758451117851,1006.3362756347656,0.0649307718942096,,,,,1071.678466796875,0.0,,,0.974496644295302,65.87134813273038,7441410.45,8151313.6,3.326733442045251,3.037006084516243,True,True,0.07629496022520921,0.09410808317633679,0.1034925115217511,,,0.2264039323771371,0.21987180391319205,0.4029197080291971
2023-12-01,1075.4000244140625,1109.0,1070.199951171875,1104.6500244140625,1102.0057373046875,14428758,1102.0057373046875,0.028298852172011335,1017.9898101806641,0.08253120638713751,1007.8825622558594,0.09338704584605573,,,,,1102.0057373046875,0.0,,,0.974496644295302,71.13667213733193,7877649.15,8260165.62,1.8316070854716853,1.746787977842023,True,False,0.10570042610032426,0.13670514661520805,0.11451347084952235,,,0.23409452595559987,0.22405764266431757,0.4569343065693431
2023-12-04,1120.5,1129.0,1099.0999755859375,1125.5999755859375,1122.905517578125,14043213,1122.905517578125,0.018965219114516207,1025.1052337646483,0.09540511607214208,1009.8947314453125,0.11190353074827608,,,,,1122.905517578125,0.0,,,0.974496644295302,73.01815523547344,8320110.7,8413083.5,1.6878637203709321,1.6692111756646657,True,False,0.11611292407923646,0.1451243120453236,0.14594035962515806,,,0.23767579151222618,0.22557248407071018,0.47737226277372263
2023-12-05,1136.800048828125,1151.8499755859375,1127.1500244140625,1132.449951171875,1129.739013671875,15804808,1129.739013671875,0.006085548594051193,1032.2680419921876,0.09442409114165429,1011.9926928710937,0.1163509594784986,,,,,1129.739013671875,0.0,,,0.974496644295302,75.21187478144248,8896948.7,8456783.9,1.7764301597018315,1.8688910804496257,True,False,0.10899457432991855,0.14521911321460412,0.15385381182719793,,,0.23767178063749214,0.22559933935294216,0.47883211678832116
2023-12-06,1135.0999755859375,1145.699951171875,1117.949951171875,1120.5,1117.8177490234375,7342767,1117.8177490234375,-0.010552228881333447,1037.8097442626954,0.07709313311331756,1014.1086145019531,0.10226629873607562,,,,,1129.739013671875,-0.010552228881333447,,,0.9020134228187919,68.99452873471411,8936478.15,8440507.48,0.8216622786684707,0.8699437821006468,False,False,0.05692581683202591,0.1100653814083179,0.16107973294500355,,,0.23943285243964102,0.22370626191890866,0.4510948905109489
2023-12-07,1119.25,1129.5999755859375,1108.5,1117.8499755859375,1115.1741943359375,6439419,1115.1741943359375,-0.00236492459509563,1042.6456451416016,0.06956203148432638,1016.0958471679687,0.0975088594684419,,,,,1129.739013671875,-0.012892198250814557,,,0.8912751677852349,73.34191959030693,8930456.15,8427133.66,0.7210627197357662,0.764129211639916,False,False,0.0405865461392223,0.09496532083100573,0.1427623066230752,,,0.23980169760654724,0.22273513597963535,0.43503649635036495
2023-12-08,1115.8499755859375,1134.3499755859375,1111.5,1131.199951171875,1128.4920654296875,7300989,1128.4920654296875,0.011942413267265861,1048.1075347900392,0.07669492678129752,1018.3354699707031,0.10817318919683072,,,,,1129.739013671875,-0.0011037489429834846,,,0.9436241610738255,88.58202333706829,8913339.9,8430675.64,0.8191081100811605,0.8660028343825595,False,False,0.024034655381904635,0.10717423112193658,0.15393238679810284,,,0.2406824312696569,0.22360490708669642,0.4467153284671533
2023-12-11,1129.0,1139.4000244140625,1113.8499755859375,1116.5,1113.827392578125,6924589,1113.827392578125,-0.012994927745441198,1052.8262145996093,0.057940405674372863,1020.3775708007812,0.09158357107360304,,,,,1129.739013671875,-0.01408433355066152,,,0.8805369127516779,84.28125271814498,9039172.6,8441415.12,0.766064473644413,0.8203113934764057,False,False,-0.00808449585284754,0.09257270562520592,0.11605357341508649,,,0.24874819253545086,0.2226129179716516,0.4321167883211679
2023-12-12,1120.0,1133.9000244140625,1109.0,1131.0,1128.292724609375,9044111,1128.292724609375,0.012987049993238076,1057.904034423828,0.06653598804345529,1022.4885083007813,0.10347716913163563,,,,,1129.739013671875,-0.0012801975013674305,,,0.9422818791946309,85.18719685541575,9326675.0,8519123.62,0.9697036725306715,1.061624575885659,False,False,-0.0012801975013674305,0.09891185663006063,0.12998307832438072,,,0.25041463678293713,0.22373872877443718,0.45255474452554745
2023-12-13,1150.0,1151.0,1111.449951171875,1114.8499755859375,1112.181396484375,8184523,1112.181396484375,-0.014279386699562302,1062.3683288574218,0.04688869789682748,1024.1634912109375,0.08594126428913018,,,,,1129.739013671875,-0.015541303765755798,,,0.87248322147651,78.11232407469336,9436627.1,8366444.3,0.8673144454335808,0.9782558404171771,False,False,-0.005042282200284132,0.08728739933839003,0.09896994523176961,,,0.25788955462088164,0.22494391266981045,0.47007299270072994
2023-12-14,1132.4000244140625,1138.5999755859375,1117.9000244140625,1120.449951171875,1117.767822265625,9421193,1117.767822265625,0.005022944817193231,1066.3138610839844,0.048254048887007794,1025.834482421875,0.0896181025487719,,,,,1129.739013671875,-0.010596422059765187,,,0.9006711409395973,78.59171067985059,9545667.35,8364295.64,0.9869601207085852,1.1263582022311207,False,False,0.0023257603546251726,0.07595908872030388,0.09751194776388372,,,0.25445997347841476,0.22484175977824883,0.4686131386861314
2023-12-15,1119.199951171875,1127.8499755859375,1108.5999755859375,1120.3499755859375,1117.6680908203125,12048410,1117.6680908203125,-8.922375767661528e-05,1071.0026092529297,0.043571772061259395,1027.4166845703126,0.08784304129511478,,,,,1129.739013671875,-0.010684700364847699,,,0.8993288590604027,77.55614896848446,9802646.6,8373477.4,1.229097660217599,1.4388777116661233,False,False,-0.00959153807187263,0.09158667136797694,0.09073627826212927,,,0.24581172235762597,0.2246744406290555,0.46715328467153283
2023-12-18,1119.699951171875,1120.0,1107.199951171875,1111.3499755859375,1108.689697265625,7922468,1108.689697265625,-0.008033148327691642,1076.838607788086,0.029578331652654777,1029.7271411132813,0.07668299008509583,,,,,1129.739013671875,-0.018632016909671534,,,0.8469798657718121,72.62930855849841,9535352.35,8080242.52,0.8308521498945972,0.9804740365639422,False,False,-0.004612649452450657,0.1176648516357428,0.08450835153557024,,,0.21275631985815993,0.22539718677638654,0.4744525547445255
2023-12-19,1123.800048828125,1126.8499755859375,1114.199951171875,1120.25,1117.568359375,6824641,1117.568359375,0.008008248052879585,1083.4003601074219,0.031537740364227185,1032.0615393066407,0.08285050533498661,,,,,1129.739013671875,-0.0107729786699301,,,0.897986577181208,67.76013191009287,9465801.6,8057727.1,0.7209786649236342,0.846968495619565,False,False,-0.009504949381010874,0.1330534461916506,0.09047981316651055,,,0.20858372856269042,0.22578909288343743,0.4802919708029197
2023-12-20,1122.0,1123.8499755859375,1102.699951171875,1110.25,1107.5924072265625,9848057,1107.5924072265625,-0.008926480483052113,1089.3086883544922,0.016784699385524515,1034.2423083496094,0.07092158025714634,,,,,1129.739013671875,-0.019603294369140767,,,0.8389261744966443,60.90258832109323,9605123.75,8148893.18,1.0252920479030787,1.2085146758544207,False,False,-0.004126115822759124,0.1194294305761121,0.0944354679520123,,,0.2153317231726227,0.22495465470833223,0.47153284671532847
2023-12-21,1103.9000244140625,1103.9000244140625,1077.199951171875,1095.4000244140625,1092.77783203125,10914682,1092.77783203125,-0.01337547557987373,1094.162042236328,-0.001265087027008227,1036.2205615234375,0.05458033994679945,,,,,1129.739013671875,-0.03271656656389499,,,0.7409395973154362,46.90735272338694,9845658.45,8230722.54,1.1085781672631556,1.3260903823396286,False,False,-0.022357049233822424,0.09748521566962798,0.07576719756021011,,,0.22572741124141824,0.22698573910426076,0.4992700729927007
2023-12-22,1095.4000244140625,1106.300048828125,1085.800048828125,1088.300048828125,1085.6949462890625,10600025,1085.6949462890625,-0.006481542299427767,1098.6138641357422,-0.011759288926180389,1037.7379235839844,0.04621303858632375,,,,,1129.739013671875,-0.038986055053246815,,,0.6912751677852349,36.25639661492265,10220015.15,8328153.06,1.0371829047631107,1.2727942106289771,False,False,-0.028607012040384294,0.08933494998209657,0.06806028275215459,,,0.2289091309937059,0.22754568342355228,0.5124087591240876
2023-12-26,1091.199951171875,1100.6500244140625,1086.699951171875,1094.25,1091.6304931640625,5687517,1091.6304931640625,0.005467048451581968,1102.8910919189452,-0.010210073177116863,1039.237322998047,0.050415019752051426,,,,,1129.739013671875,-0.03373214525357704,,,0.7302013422818792,35.83075608939126,10156576.95,8293967.74,0.5599836468525944,0.6857413940218677,False,False,-0.015386815755243144,0.08502708613205567,0.07898228402782581,,,0.22817300376203326,0.2273725567456921,0.5065693430656935
2023-12-27,1096.050048828125,1110.550048828125,1089.6500244140625,1106.3499755859375,1103.70166015625,6132936,1103.70166015625,0.011057923965827943,1107.1408935546874,-0.0031064098692941133,1040.9911145019532,0.0602411920531134,,,,,1129.739013671875,-0.023047228785167295,,,0.8134228187919463,44.757298543691526,10154554.55,8318222.02,0.6039591367402718,0.7372892891358531,False,False,-0.012407920376794612,0.0834353226538278,0.07915535475191127,,,0.2275113371543763,0.22740181659365763,0.5080291970802919
2023-12-28,1107.25,1113.0,1098.0,1107.8499755859375,1105.197998046875,14097667,1105.197998046875,0.0013557448943342099,1109.5201782226563,-0.0038955399465605556,1043.2616650390626,0.05936797553612139,,,,,1129.739013671875,-0.021722730053587158,,,0.825503355704698,46.26300574598591,10388318.1,8356712.12,1.3570692449242578,1.6869872741290506,False,False,-0.0021618143678712176,0.04499351335878754,0.07464346533028166,,,0.1885660032327448,0.22723424022398878,0.5021897810218978
2023-12-29,1101.449951171875,1106.8499755859375,1093.949951171875,1102.300048828125,1099.661376953125,8786731,1099.661376953125,-0.005009619184557335,1110.9193237304687,-0.010133901298556514,1045.2069995117188,0.05209913200623917,,,,,1129.739013671875,-0.026623526632927108,,,0.7879194630872484,38.53172965335069,9589875.2,8439507.54,0.9162508183631004,1.0411426209828354,False,False,0.006299125696098695,0.026111292727461155,0.06327785696378663,,,0.18553687625563425,0.2274150076717705,0.5109489051094891
2024-01-01,1095.0,1104.0,1093.0,1097.699951171875,1095.072265625,4083732,1095.072265625,-0.004173204064727876,1110.5726501464844,-0.013957109892306363,1046.9957067871094,0.04591858259421322,,,,,1129.739013671875,-0.030685625288093044,,,0.7610738255033557,41.88946932777012,9072623.9,8399080.84,0.45011587000757297,0.48621177457318054,False,False,0.008637158502017073,-0.00629168383156109,0.05441610688084331,,,0.15652684762525101,0.22757889098323542,0.5153284671532846
2024-01-02,1095.0999755859375,1099.3499755859375,1082.300048828125,1093.25,1090.6329345703125,7895577,1090.6329345703125,-0.004053916069323371,1108.9590209960938,-0.016525485684151242,1048.9988989257813,0.03968930347511912,,,,,1129.739013671875,-0.03461514440796376,,,0.723489932885906,32.167996273017636,8765242.1,8400613.46,0.9007825351452643,0.9398810024524089,False,False,-0.0009138244121952299,-0.028740247957297238,0.09813664489394869,,,0.13939958102555605,0.2079856704267362,0.28175182481751826
2024-01-03,1091.0,1102.5999755859375,1081.300048828125,1098.5999755859375,1095.97021484375,10225290,1095.97021484375,0.004893745736314292,1107.2705810546875,-0.010205605029417253,1051.1377661132813,0.04265135377662488,,,,,1129.739013671875,-0.029890796387007756,,,0.7704697986577181,41.45178441313006,8486266.2,8508386.76,1.2049221364279146,1.201789515266464,False,False,-0.007005013756530398,-0.029890796387007756,0.09504112751991856,,,0.1386104158709489,0.20771176470348304,0.27883211678832115
2024-01-04,1103.0,1130.0,1100.050048828125,1123.4000244140625,1120.7109375,11411683,1120.7109375,0.02257426554222297,1107.4152404785157,0.012006062889056146,1053.9919201660157,0.06330126071884434,,,,,1129.739013671875,-0.00799129361969364,,,0.9221476510067114,51.29110822175145,8689712.0,8623332.42,1.3132406459500614,1.3233495410118958,False,False,0.014036344148776747,0.0025882470367732946,0.1223338827117435,,,0.15832754685285544,0.21193112406835457,0.33138686131386863
2024-01-05,1124.0,1139.9000244140625,1119.0,1136.949951171875,1134.228271484375,8025466,1134.228271484375,0.012061392043276165,1108.3679443359374,0.023331897390745482,1057.4366516113282,0.07262053925975742,,,,,1134.228271484375,0.0,,,0.974496644295302,56.499596113877686,8769014.35,8665907.84,0.9152073060525896,0.9260963938430252,False,False,0.031434126228044645,0.01708618908616666,0.14122951674908446,,,0.16345460816331336,0.21244740414452218,0.34014598540145985
2024-01-08,1145.0,1146.0,1118.5,1122.0,1119.314208984375,4735538,1119.314208984375,-0.013149083720582877,1107.9090515136718,0.01029430841378276,1060.759677734375,0.05520056284102348,,,,,1134.228271484375,-0.013149083720582877,,,0.8885906040268456,53.984303758528384,8640741.8,8621477.64,0.548047622485375,0.5492722010933615,False,False,0.022137300085432354,-0.00813284977933626,0.10842192050373156,,,0.1652239614276105,0.21279533867440342,0.34306569343065696
2024-01-09,1128.550048828125,1135.550048828125,1112.3499755859375,1116.550048828125,1113.8773193359375,6359362,1113.8773193359375,-0.0048573399719197274,1107.9115478515625,0.005384700155841582,1063.6427624511718,0.04722878644799855,,,,,1134.228271484375,-0.017942554122552412,,,0.8570469798657718,48.579143096929535,8612480.45,8397854.98,0.7383891361982715,0.7572602783859932,False,False,0.02131274788137838,4.482450166443108e-05,0.09562365679319984,,,0.15939034576272354,0.21297103652073673,0.3445255474452555
2024-01-10,1115.25,1116.0,1099.050048828125,1107.0,1104.35009765625,5934163,1104.35009765625,-0.008553205558909593,1106.7144165039062,-0.002136340516034063,1065.7227722167968,0.03624519100694923,,,,,1134.228271484375,-0.026342293327800026,,,0.7946308724832215,48.747553908324015,8456983.05,8247677.92,0.701687938229934,0.719494996962733,False,False,0.0076460862704144095,-0.02122022630378495,0.08694582869918199,,,0.15446502228807135,0.21394365759827816,0.3532846715328467
2024-01-11,1111.050048828125,1127.9000244140625,1111.050048828125,1125.75,1123.05517578125,4683035,1123.05517578125,0.016937634328731077,1107.25810546875,0.014266836462499821,1068.4472338867188,0.05110962915396633,,,,,1134.228271484375,-0.0098508351308354,,,0.9087248322147651,61.354322692165425,8281908.65,8235927.28,0.5654535926329011,0.5686105329477849,False,False,0.002091742127974028,0.009776983620879864,0.13248826944700332,,,0.15863243221242515,0.2095464748910491,0.29781021897810217
2024-01-12,1126.3499755859375,1129.449951171875,1118.050048828125,1120.3499755859375,1117.6680908203125,5616755,1117.6680908203125,-0.004796812371386849,1107.2531188964845,0.009406134646256614,1071.2106030273437,0.04336914483638932,,,,,1134.228271484375,-0.014600394894398128,,,0.8778523489932886,62.14473303509826,8091686.75,8191926.28,0.6941389568744737,0.685645208223236,False,False,-0.014600394894398128,-8.922375767661528e-05,0.11499805702092547,,,0.15877627216857862,0.20923511712159218,0.2905109489051095
2024-01-15,1122.0,1130.449951171875,1116.5999755859375,1119.5,1116.8201904296875,6719079,1116.8201904296875,-0.0007586334418858698,1107.2107238769531,0.008678986163615177,1074.1575329589843,0.03971731907253884,,,,,1134.228271484375,-0.015347951988452402,,,0.8738255033557047,59.95277167380816,7825220.2,8212228.18,0.8586440800732994,0.8181797744446015,False,False,-0.0022281666172633274,-0.0007586334418858698,0.11056007229754394,,,0.1588014356622981,0.2092864358004341,0.291970802919708
2024-01-16,1116.6500244140625,1127.800048828125,1115.0999755859375,1119.0999755859375,1116.421142578125,5229753,1116.421142578125,-0.0003573071609754841,1107.5972961425782,0.0079666558109861,1076.874014892578,0.03672400590842728,,,,,1134.228271484375,-0.01569977521627608,,,0.8711409395973154,55.536274451462624,7690584.45,8212943.6,0.6800202291517649,0.636769623013118,False,False,0.0022837553095200747,0.006973497933252304,0.12715921916031725,,,0.1559574190949239,0.20635926287290768,0.2583941605839416
2024-01-17,1082.0,1115.0,1079.199951171875,1082.300048828125,1079.709228515625,24913719,1079.709228515625,-0.03288357113850604,1105.7043395996093,-0.023510001863063512,1078.7385424804688,0.0008998343870463277,,,,,1134.228271484375,-0.048067081679599166,,,0.6496644295302013,41.50881553499131,8595038.35,8625857.02,2.898616386045561,2.888260139512491,True,True,-0.022312552145302478,-0.033876344602801534,0.09168848403403174,,,0.19269547127208134,0.218361044692219,0.3781021897810219
2024-01-18,1066.0,1108.75,1066.0,1097.5,1094.872802734375,11473135,1094.872802734375,0.014044127639435633,1105.068359375,-0.00922617732570985,1080.4963244628907,0.013305439311541267,,,,,1134.228271484375,-0.03469801427052699,,,0.7221476510067114,48.50091485924008,8676292.25,8724276.16,1.3223546037191174,1.3150815941158835,False,False,-0.025094379737193195,-0.011484011996829802,0.11949814039974149,,,0.19836088442792815,0.2182049131001396,0.37518248175182484
2024-01-19,1107.1500244140625,1126.300048828125,1105.0,1116.550048828125,1113.8773193359375,12303696,1113.8773193359375,0.017357739231534497,1106.1233337402343,0.0070100551712293235,1082.404747314453,0.029076528072858876,,,,,1134.228271484375,-0.017942554122552412,,,0.8570469798657718,55.39965607866587,8745742.95,8839152.9,1.4068211323315878,1.3919541995930402,False,False,-0.0033916790821081344,0.019308121638474285,0.1578866223487545,,,0.2018759334851827,0.2170372705788233,0.36934306569343067
2024-01-23,1125.9000244140625,1141.5999755859375,1078.800048828125,1089.25,1086.642578125,18924087,1086.642578125,-0.024450395692744764,1106.1707153320312,-0.01765381865236748,1083.7525134277344,0.0026667201796144457,1040.6808654785157,0.04416504057211679,,,1134.228271484375,-0.04195424726726227,,,0.6805369127516778,48.986845636918254,9161946.05,9064768.36,2.0655095431390365,2.0876525740587155,True,True,-0.02702101248104849,0.0008728343437320873,0.14003868058269453,,,0.2200098429498631,0.22274051636289952,0.4364963503649635
2024-01-24,1034.800048828125,1073.199951171875,1020.9000244140624,1059.1500244140625,1056.61474609375,20884046,1056.61474609375,-0.027633586825819956,1104.4199279785157,-0.04328533076387564,1084.495732421875,-0.02570871004338726,1041.3687158203124,0.014640376690620904,,,1134.228271484375,-0.0684284877585104,,,0.5503355704697986,41.120873988016484,9921772.5,9394290.58,2.104870475512314,2.2230572731549465,True,True,-0.05356974550505689,-0.03207655638935136,0.08960461401453923,,,0.23985014713597558,0.22873413624263256,0.5255474452554745
2024-01-25,1058.0,1063.699951171875,1025.800048828125,1042.25,1039.7550048828125,20835434,1039.7550048828125,-0.015956375086820573,1101.2225952148438,-0.055817589104262044,1084.7561059570312,-0.04148499448594134,1041.9827416992186,-0.0021379786125567124,,,1134.228271484375,-0.08329299222803221,,,0.4697986577181208,31.061782489678365,10656897.4,9745118.0,1.9551125640001,2.1380381438172424,True,False,-0.03700461436987179,-0.05793835198579356,0.03939162382682615,,,0.24022952294961894,0.22272891045157542,0.4335766423357664
2024-01-29,1036.0,1068.0,1036.0,1061.25,1058.7095947265625,11188604,1058.7095947265625,0.01822986160656792,1098.898175048828,-0.03657170539980181,1085.4723876953126,-0.024655434142892507,1042.7598773193358,0.015295676170653305,,,1134.228271484375,-0.06658155034257829,,,0.5597315436241611,32.77199626839693,10511444.25,9849180.46,1.0644211902660283,1.1359934002062135,False,False,-0.03302959751808354,-0.04206341615028941,0.0728366081761318,,,0.25137533854132693,0.22355102709181243,0.44525547445255476
2024-01-30,1060.050048828125,1070.449951171875,1050.800048828125,1054.0999755859375,1051.57666015625,9426983,1051.57666015625,-0.0067373854037421355,1096.4939392089843,-0.040964457209073046,1085.72677734375,-0.031453693415436246,1043.5639471435547,0.007678219465733438,,,1134.228271484375,-0.07287035018088384,,,0.5275167785234899,33.97829456290003,10543456.85,9892912.36,0.8941074198070057,0.9529027102389089,False,False,-0.05593134728412408,-0.043726839738706835,0.07358555723841098,,,0.25172183929106284,0.22344032776290318,0.44379562043795623
2024-01-31,1048.199951171875,1084.0999755859375,1042.699951171875,1067.75,1065.194091796875,12600390,1065.194091796875,0.012949537733750738,1095.0000305175781,-0.02722003460275213,1086.5527966308593,-0.0196573097047954,1044.328114013672,0.01998028924358719,,,1134.228271484375,-0.06086444979647199,,,0.5973154362416108,38.914144123659405,10969289.75,10006743.66,1.148696979218732,1.2591898451808647,False,False,-0.019738308400480964,-0.02728420284762889,0.09873439429730446,,,0.2571426684905127,0.22338808185007614,0.44233576642335765
2024-02-01,1072.6500244140625,1087.6500244140625,1056.800048828125,1084.25,1081.654541015625,9756682,1081.654541015625,0.015453004617198784,1094.5511108398437,-0.011782519515532885,1088.346492919922,-0.006148732915326582,1045.3456719970702,0.034733839715611836,,,1134.228271484375,-0.04635198380300143,,,0.6563758389261745,44.99009454909181,11062345.0,9936510.24,0.8819723123804221,0.9819022739717923,False,False,0.023698131238888864,-0.00823227803791271,0.10305710744273866,,,0.263570921008967,0.22428123766499325,0.46131386861313867
2024-02-02,1088.050048828125,1096.199951171875,1065.0,1067.050048828125,1064.495849609375,8667415,1064.495849609375,-0.015863374816638576,1092.977392578125,-0.026058675286565247,1089.9097436523436,-0.023317429898190856,1046.1996240234375,0.017488273906632212,,,1134.228271484375,-0.06148005972707815,,,0.5946308724832214,36.98452853040573,10984451.25,9945545.42,0.7890621755001188,0.8714871466546478,False,False,0.023794879188247853,-0.02871826698215718,0.07908196331825423,,,0.2684191394458037,0.22696459459113624,0.4978102189781022
2024-02-05,1067.050048828125,1079.5,1058.0,1061.5,1058.958984375,12569454,1058.958984375,-0.005201396732929298,1089.889794921875,-0.028379759761941847,1091.3004064941406,-0.029635673116845118,1047.1618151855469,0.011265851197374666,,,1134.228271484375,-0.06636167427820272,,,0.5637583892617449,36.95992035152049,11042339.8,10055702.22,1.138296251307173,1.2499827187603412,False,False,0.00023556001539959404,-0.055100696405044225,0.05161481816956903,,,0.25330811729104885,0.22369583243823318,0.44963503649635034
2024-02-06,1061.550048828125,1065.0999755859375,1048.199951171875,1050.050048828125,1047.536376953125,8011171,1047.536376953125,-0.01078663818940695,1085.5552001953124,-0.03502246890378957,1092.3369189453124,-0.04101348330828536,1047.878594970703,-0.0003265817425992523,,,1134.228271484375,-0.07643249309752742,,,0.4993288590604027,35.30160338234586,11041625.05,10093845.88,0.7255427497060317,0.7936688448823432,False,False,-0.003842119510835018,-0.07643249309752742,0.02855321697580293,,,0.2485781757032534,0.22388583086341948,0.4554744525547445
2024-02-07,1061.050048828125,1073.699951171875,1057.5,1069.0999755859375,1066.540771484375,7281793,1066.540771484375,0.01814199005339212,1082.9165283203124,-0.015121901280182204,1093.7345642089845,-0.024863247093481644,1048.7644689941405,0.016949756609587974,,,1134.228271484375,-0.05967714057366669,,,0.6040268456375839,40.1922380860487,11168937.8,10177223.92,0.6519682650573987,0.7154989471824454,False,False,0.0012642575638288633,-0.047148009983617234,0.04639323111127758,,,0.2577016278361491,0.22676525124976454,0.4948905109489051
2024-02-08,1072.0,1075.5999755859375,1031.6500244140625,1035.9000244140625,1033.420166015625,9869141,1033.420166015625,-0.03105423285661535,1078.8936706542968,-0.04214827269409627,1094.281248779297,-0.05561740442099705,1049.118617553711,-0.014963466738099562,,,1134.228271484375,-0.0888781456106904,,,0.45503355704697984,40.767999236509645,11344426.75,10235481.12,0.8699550199837114,0.9642088031129114,False,False,-0.04459314242300516,-0.07223161107928722,0.013699855430827412,,,0.27720748554586006,0.23600934445561014,0.5854014598540146
2024-02-09,1039.949951171875,1054.9000244140625,1034.550048828125,1051.4000244140625,1048.88330078125,8233454,1048.88330078125,0.01496306659588753,1076.1203308105469,-0.02531039443217431,1094.8848022460938,-0.042014923734875476,1049.6224096679687,-0.000704166450630983,,,1134.228271484375,-0.07524496862649466,,,0.5100671140939598,40.83869116517037,11459391.3,10276682.52,0.7184896461298079,0.8011781996744997,False,False,-0.014666613151995023,-0.050225736378994856,0.02157026302623799,,,0.2841120272937688,0.23751204027320985,0.5897810218978102
2024-02-12,1051.4000244140625,1057.25,1035.3499755859375,1046.699951171875,1044.1943359375,8694379,1044.1943359375,-0.004470435214534829,1072.1772888183593,-0.02609918450305848,1094.6164428710938,-0.04606372146332882,1049.944136352539,-0.005476291753020002,,,1134.228271484375,-0.07937902608356495,,,0.4818791946308725,35.279257849912355,11659958.5,10262122.18,0.7456612302693874,0.8472301194137605,False,False,-0.013942606517677425,-0.07021991576583997,0.020822095670894436,,,0.2747752811975915,0.23757193625795311,0.5912408759124088
2024-02-13,1051.0,1075.550048828125,1044.800048828125,1070.75,1068.1868896484375,8413609,1068.1868896484375,0.022977096202496217,1069.7032287597656,-0.0014175325179546228,1094.546611328125,-0.024082776746896628,1050.4414434814453,0.016893322590337823,,,1134.228271484375,-0.058225829399851325,,,0.6134228187919463,46.04703016764217,11799801.2,9935282.58,0.7130297246024789,0.8468414393101238,False,False,0.019713408669755905,-0.044271820568446474,0.028232670036536733,,,0.29027329769432003,0.24004773203990162,0.5985401459854015
2024-02-14,1061.300048828125,1100.9000244140625,1060.550048828125,1096.8499755859375,1094.224365234375,16609115,1094.224365234375,0.024375393330756,1068.5734375,0.02400483376639717,1094.3909838867187,-0.00015224782988609853,1051.136773071289,0.04099142306399317,,,1134.228271484375,-0.035269713562726235,,,0.7140939597315437,58.19558664395331,12294303.0,9978889.72,1.3509602781060464,1.6644251480915253,False,False,0.025956432693586606,-0.02023228572418534,0.06869001842869937,,,0.30514551878892904,0.24285054672418438,0.6452554744525547
2024-02-15,1097.5,1097.550048828125,1069.25,1072.199951171875,1069.6334228515625,11780823,1069.6334228515625,-0.022473400487244,1066.2340515136718,0.0031882036904231636,1093.3255419921875,-0.021669775588938234,1051.61013671875,0.017138752759695786,,,1134.228271484375,-0.056950483652004724,,,0.614765100671141,56.29863632994886,12621856.5,9933641.92,0.9333668941648956,1.1859520501016811,False,False,0.03504214261229155,-0.04190866505673363,0.07829240571503382,,,0.31462759878532415,0.2385062398039664,0.5941605839416059
2024-02-16,1073.0,1076.0,1058.0,1068.75,1066.191650390625,8660907,1066.191650390625,-0.0032177121501700823,1065.558172607422,0.0005945032373528836,1092.0545947265625,-0.023682830932471144,1052.023643798828,0.013467384193606824,,,1134.228271484375,-0.059984945538969714,,,0.6013422818791946,51.68766530958841,11809215.9,9790763.9,0.733402376020579,0.8845997195377165,False,False,0.016501692415622493,-0.012519646741913859,0.08096485878632453,,,0.29280990259636724,0.23824843993283426,0.5927007299270073
2024-02-19,1069.0,1070.0,1060.0999755859375,1062.949951171875,1060.405517578125,7562645,1060.405517578125,-0.005426916268177595,1063.8348083496094,-0.003223518110677781,1090.9063500976563,-0.027959166721140516,1052.5074822998047,0.0075040181767283,,,1134.228271484375,-0.06508632853035612,,,0.5724832214765101,52.00362572982772,11613691.4,9795161.46,0.6511835676983805,0.7720796671788603,False,False,0.015525061842123655,-0.03148062959475306,0.07173824682912633,,,0.28813071016039327,0.23862936243369048,0.5956204379562043
2024-02-20,1059.0,1090.5,1057.699951171875,1088.5999755859375,1085.994140625,8722800,1085.994140625,0.02413097878377446,1062.4406494140626,0.022169230087278002,1090.3227490234376,-0.0039700248410983185,1053.2092980957032,0.031128516040045184,,,1134.228271484375,-0.042525946559461625,,,0.6791946308724832,54.477110753536884,11434646.6,9840829.08,0.7628394916901061,0.886388730978752,False,False,0.01667053878785496,-0.0250325401432544,0.0906723020033744,,,0.2949151458633973,0.24298955466581235,0.6481751824817519
2024-02-21,1093.8499755859375,1093.949951171875,1073.0999755859375,1084.199951171875,1081.6046142578125,9177213,1081.6046142578125,-0.004041942956212741,1062.1887512207031,0.018279108129130472,1089.385,-0.007141998230366209,1053.8602349853516,0.026326431486283886,,,1134.228271484375,-0.04639600206552197,,,0.6550335570469799,49.9886644631196,10947302.9,9878353.56,0.8383081279316753,0.9290225283250542,False,False,-0.011533056087504878,-0.004636265841782561,0.08523090431632108,,,0.28210510250222604,0.2432585530354445,0.6583941605839416
2024-02-22,1090.300048828125,1110.699951171875,1081.5,1100.9000244140625,1098.2646484375,14633340,1098.2646484375,0.015403072398243678,1064.2712463378907,0.03194054355652187,1089.0737451171874,0.008439192810881346,1054.7256579589844,0.04127991971179368,,,1134.228271484375,-0.03170757064608265,,,0.7530201342281879,57.68438023618093,10634767.6,10032528.58,1.375990576418426,1.4585894157502615,False,False,0.026767325117430296,0.039418248228815234,0.09162111058480038,0.11179552021112427,,0.26733418882749904,0.24439370933241378,0.6861313868613139
2024-02-23,1099.0,1107.4000244140625,1090.0,1096.800048828125,1094.174560546875,6250943,1094.174560546875,-0.0037241368885395643,1066.9922241210938,0.025475664968572564,1088.3913818359374,0.005313510201801153,1055.4399450683593,0.0366999710968936,,,1134.228271484375,-0.035313624201133154,,,0.7127516778523489,58.06672244206778,9905543.05,9976665.22,0.6310550535641758,0.6265563554712523,False,False,0.026245666195189088,0.052338825404544265,0.07408316109435598,0.11838489029420196,,0.259815013495163,0.24354884716308228,0.6656934306569343
2024-02-26,1093.449951171875,1094.800048828125,1079.6500244140625,1085.199951171875,1082.602294921875,5354189,1082.602294921875,-0.010576251762987487,1068.1868591308594,0.013495237905046809,1087.7997998046876,-0.004777997646024379,1055.9816455078126,0.02520938647684612,,,1134.228271484375,-0.045516390183905964,,,0.6590604026845638,58.026937155950485,9613822.3,9920058.54,0.5569261458057114,0.5397336092736404,False,False,0.020932348027050462,0.022567756365222458,0.023628687113052216,0.10357459033329874,,0.25705694140644036,0.23224776215085474,0.5635036496350365
2024-02-27,1081.6500244140625,1088.550048828125,1072.050048828125,1079.050048828125,1076.467041015625,6546815,1076.467041015625,-0.005667135507682164,1069.431378173828,0.006578881997843622,1086.9737841796875,-0.009666050200089926,1056.4041333007813,0.018991697478649927,,,1134.228271484375,-0.050925578140595396,,,0.6389261744966444,52.41447664564833,9469813.9,9862570.98,0.6913351275044591,0.6638040946195553,False,False,-0.008772698905992304,0.023669582829725977,0.004468293771976661,0.10842324023840644,,0.25664410863240505,0.23103076471001768,0.5518248175182482
2024-02-28,1077.4000244140625,1085.0,1064.050048828125,1074.199951171875,1071.628662109375,7643191,1071.628662109375,-0.004494683740326244,1069.753106689453,0.0017532600823437772,1086.0529956054688,-0.013281426923418493,1056.7348400878907,0.014094190383886263,,,1134.228271484375,-0.055191367512886336,,,0.6268456375838927,60.776608241899744,9221953.95,9774466.6,0.8288038566924313,0.7819547922952645,False,False,-0.009223289191755968,0.00604074915740993,-0.027565260476419606,0.08379161672107682,,0.2535887537711808,0.2236391946934119,0.4481751824817518
2024-02-29,1071.0,1082.300048828125,1055.3499755859375,1075.0999755859375,1072.5263671875,13648997,1072.5263671875,0.0008377016310463503,1069.296697998047,0.003020367682327718,1085.3297290039063,-0.011796748466622153,1057.5284350585937,0.01418206038883052,,,1134.228271484375,-0.054399899780425254,,,0.6295302013422819,57.26541317620439,9416569.7,9888997.18,1.4494659345005434,1.3802205371849443,False,False,-0.023435409021512088,-0.008439084275053355,-0.044864994963496496,0.0945277511621081,,0.24732863952207162,0.22000192700993482,0.4043795620437956
2024-03-01,1076.0,1101.699951171875,1076.0,1099.25,1096.61865234375,4819390,1096.61865234375,0.022463116892340373,1070.9028381347657,0.024013209502530275,1084.9107348632813,0.010791595201557369,1058.486137084961,0.036025521660401516,,,1134.228271484375,-0.03315877419578417,,,0.7355704697986577,64.39334526466783,9224168.45,9848892.16,0.5224741965764947,0.4893332084164073,False,False,0.0022337311476638977,0.03017654107919987,-0.0293168253263002,0.12002648117377435,,0.25271677004268533,0.22466093373041982,0.4656934306569343
2024-03-04,1099.25,1108.9000244140625,1093.0999755859375,1106.75,1104.1007080078125,5895441,1104.1007080078125,0.006822841876774177,1073.1599243164062,0.02883147515139961,1084.8409008789063,0.01775357761059948,1059.5416046142577,0.04205507664777097,,,1134.228271484375,-0.026562169392175594,,,0.7906040268456376,60.84337793450763,8890467.8,9769839.84,0.6631193242722278,0.6034327170710303,False,False,0.019858089334171325,0.0426283966601928,-0.01227126785883359,0.1468318125365724,,0.2520230657835321,0.22412770928299722,0.4583941605839416
2024-03-05,1102.199951171875,1110.9000244140625,1094.5,1100.800048828125,1098.1650390625,4851446,1098.1650390625,-0.005376021319669744,1075.691357421875,0.020892314031868864,1084.9486450195313,0.012181584910621046,1060.5846032714844,0.03543369918353978,,,1134.228271484375,-0.03179539192289638,,,0.7503355704697987,51.35417662939975,8732481.55,9648575.12,0.5555632694122324,0.502814761730331,False,False,0.020156676628392933,0.0483311732396674,-0.015252464915192943,0.12533236463490183,,0.24903672951525435,0.2243420891944346,0.46277372262773725
2024-03-06,1100.199951171875,1131.949951171875,1095.3499755859375,1125.0,1122.3070068359375,13787638,1122.3070068359375,0.021983915818379662,1078.479669189453,0.04063807496660887,1085.6808862304688,0.03373562256643958,1061.7094049072266,0.05707550639433778,,,1134.228271484375,-0.010510463323962105,,,0.9033557046979865,68.15682373613944,9057773.8,9712327.38,1.5221883770159947,1.4196018586020933,True,False,0.04729095676370587,0.05228701690789461,-0.005480817086113032,0.1476078944563206,,0.2525895074089156,0.22757592178041158,0.5138686131386861
2024-03-07,1126.0,1126.9000244140625,1107.550048828125,1111.449951171875,1108.789306640625,6943879,1108.789306640625,-0.012044565446866717,1082.2481262207032,0.02452411769249796,1086.0240625,0.02096200712921603,1062.6306927490234,0.043438058213987274,,,1134.228271484375,-0.022428434807446496,,,0.8187919463087249,63.72986907521683,8911510.7,9737454.62,0.7792033510098351,0.7131102809699154,False,False,0.03381076732707067,0.07293174945055259,-0.004523219639838927,0.11100541797270291,,0.226601329202599,0.22735219037124776,0.5051094890510949
2024-03-11,1112.25,1120.0,1101.9000244140625,1105.0999755859375,1102.4547119140625,6751641,1102.4547119140625,-0.005713073429391979,1084.9266967773438,0.016155944165429537,1085.9991235351563,0.015152487715956786,1063.4951190185548,0.03663354179891454,,,1134.228271484375,-0.028013372941877113,,,0.7798657718120805,63.50534266866045,8837420.05,9749828.72,0.7639832622870517,0.6924881650638883,False,False,0.005321867868870678,0.05107471068793856,-0.022900096873582076,0.10410635636524379,,0.22475467608852445,0.22602477711831948,0.48613138686131385
2024-03-12,1105.0,1121.4000244140625,1084.25,1097.0,1094.3740234375,9817138,1094.3740234375,-0.0073297237421507955,1087.4356811523437,0.006380462224491179,1085.7826440429687,0.00791261440921609,1064.5221545410157,0.028042505991202615,,,1134.228271484375,-0.035137766399278125,,,0.7167785234899329,53.03249301600709,8893558.0,9664218.14,1.1038482011361481,1.0158233038394557,False,False,-0.008809599069873664,0.0480558893809242,-0.016011212831975485,0.08137410354271934,,0.22617042840362234,0.224631533380609,0.4642335766423358
2024-03-13,1096.0,1099.550048828125,1070.75,1080.4000244140625,1077.813720703125,11503890,1077.813720703125,-0.015132214745337214,1087.9170227050781,-0.009286831432080644,1085.3456909179688,-0.006939696981220211,1065.2763452148438,0.011769129714180204,,,1134.228271484375,-0.049738268917789985,,,0.6483221476510067,48.73921809192604,9048072.05,9718561.32,1.2714189206749298,1.1837029804324988,False,False,-0.018532112784020893,0.009012309688481546,-0.03574454440951458,0.058281883207064844,,0.22067359050264637,0.22643174703870034,0.4905109489051095
2024-03-14,1075.0,1081.25,1055.5999755859375,1058.25,1055.7166748046875,10253613,1055.7166748046875,-0.020501730005832774,1085.9916381835938,-0.027877713155824546,1084.5585791015626,-0.026593219446724103,1065.777142944336,-0.009439560799601399,,,1134.228271484375,-0.06922027836331279,,,0.5436241610738255,36.34321931296269,8730296.95,9841958.94,1.1744861668193314,1.0418264354189635,False,False,-0.05933343695232263,-0.03519176839152127,-0.05542917125794988,0.03027767029707884,,0.21377182816312978,0.23010566660321977,0.5401459854014599
2024-03-15,1056.25,1056.25,1030.25,1046.4000244140625,1043.8951416015625,17798175,1043.8951416015625,-0.011197638045559954,1084.7047241210937,-0.037622757246307814,1083.6238232421874,-0.03666279827787222,1066.3113610839844,-0.021022208240972007,,,1134.228271484375,-0.07964281278634744,,,0.48053691275167787,34.62473114024904,9031164.55,10040010.9,1.9707508263704483,1.7727246690538951,True,False,-0.058527048060805,-0.024062712234050876,-0.05844246214596027,0.021127013253974924,,0.20270210294312027,0.23061861679812812,0.5474452554744526
2024-03-18,1044.0,1066.9000244140625,1043.5999755859375,1061.3499755859375,1058.809326171875,7612407,1058.809326171875,0.014287052382896404,1084.3356079101563,-0.023540942077405536,1082.88060546875,-0.022228931957328002,1067.0091857910156,-0.007684900681582896,,,1134.228271484375,-0.06649362144165083,,,0.5624161073825503,42.869925301610294,8978739.55,9987753.24,0.847825795325581,0.7621741163481127,False,False,-0.03958927770049725,-0.006924012410006508,-0.05257757407876684,0.03314503000834845,,0.209724306475449,0.2320092425222682,0.5591240875912409
2024-03-19,1055.550048828125,1060.949951171875,1046.699951171875,1050.800048828125,1048.2845458984375,6728886,1048.2845458984375,-0.009940203597837427,1083.729559326172,-0.03270651162248728,1081.4320776367188,-0.03065151517487752,1067.7119989013672,-0.01819540571139011,,,1134.228271484375,-0.07577286490440072,,,0.5046979865771812,41.771000485461464,8937051.6,9894097.3,0.752920124126843,0.6800909467506449,False,False,-0.042114922825280954,-0.011430506045810418,-0.05354664851543478,0.03583211662676056,,0.21179931245562192,0.23217024594138394,0.5620437956204379
2024-03-20,1050.0,1057.449951171875,1030.949951171875,1034.75,1032.2730712890625,12619644,1032.2730712890625,-0.015273977539802641,1081.043505859375,-0.045114220016096884,1079.3929736328125,-0.04365407548018674,1068.4148126220703,-0.033827443148518155,,,1134.228271484375,-0.08988948940752706,,,0.45100671140939597,39.212443929308265,9131893.8,9985980.86,1.3819306571436474,1.263736049259762,False,False,-0.04225280170339041,-0.04946718156786789,-0.055367851514448785,0.01620427910158173,,0.19669143584536639,0.23264118170181514,0.5664233576642336
2024-03-21,1039.3499755859375,1050.550048828125,1028.1500244140625,1035.5999755859375,1033.120849609375,9903738,1033.120849609375,0.0008212733082864077,1078.619317626953,-0.042182137176699386,1077.6691064453125,-0.04133760220971705,1069.2143920898438,-0.033757067569883614,,,1134.228271484375,-0.08914203993758663,,,0.45369127516778524,39.19580162124893,9168220.05,10089344.86,1.080224726935955,0.981603675701893,False,False,-0.021403304252528565,-0.04482577460314052,-0.0484243726650726,0.016340133591401518,,0.19693030953982787,0.23236645711188952,0.564963503649635
2024-03-22,1040.0999755859375,1047.25,1029.949951171875,1033.300048828125,1030.82666015625,9891194,1030.82666015625,-0.0022206399706214963,1075.2474182128906,-0.04131212714787991,1076.0080932617188,-0.04198986363430568,1069.8254278564452,-0.03645339387598501,,,1134.228271484375,-0.09116472753125993,,,0.4442953020134228,29.512217373454774,8931112.75,10159981.5,1.107498502916112,0.973544489229631,False,False,-0.012518959926628881,-0.061404132762712504,-0.05570001331821928,0.018882956437353382,,0.18562734631229616,0.23202582995557056,0.5605839416058395
2024-03-26,1029.0,1044.199951171875,1027.5,1040.550048828125,1038.0592041015625,9656767,1038.0592041015625,0.007016256199869897,1072.441650390625,-0.03205996920815135,1074.682275390625,-0.03407804532344283,1070.2025238037108,-0.030034800878533385,,,1134.228271484375,-0.08478810641614065,,,0.46308724832214765,29.402510934320972,9101403.95,10234433.58,1.0610194924926941,0.9435565656384864,False,False,-0.019597600396413783,-0.05128556125200512,-0.05947481862570958,0.014972785759078011,,0.18903131696584932,0.23128657693578783,0.5547445255474452
2024-03-27,1045.800048828125,1057.550048828125,1044.25,1052.8499755859375,1050.3297119140625,17027308,1050.3297119140625,0.011820624261137391,1070.8280212402344,-0.01914248499253013,1073.2277661132812,-0.021335689331021035,1070.8375,-0.019151167274154668,,,1134.228271484375,-0.07396973050276179,,,0.5140939597315436,35.64790567766708,9685059.9,10481319.04,1.7581004326054812,1.6245386611187442,True,False,0.0019509645769624218,-0.02981019268035212,-0.04964566189024655,0.021292079197931635,,0.19311085901277922,0.23271572046094588,0.5678832116788322
2024-03-28,1052.8499755859375,1058.4000244140625,1044.0999755859375,1047.199951171875,1044.693115234375,10235318,1044.693115234375,-0.005366502171413989,1069.239324951172,-0.022956703091628117,1071.7682666015626,-0.02526213194671212,1071.489434814453,-0.025008477647489147,,,1134.228271484375,-0.07893927395481382,,,0.4865771812080537,23.804564125593785,9869485.05,10573690.3,1.037067075753866,0.9679986560605052,False,False,0.01203174265681728,-0.029516858919593103,-0.049986534828614926,0.010128281334171207,,0.19302654746661255,0.23274481777218428,0.5693430656934306
2024-04-01,1052.3499755859375,1063.75,1048.9000244140625,1053.0999755859375,1050.5791015625,5484556,1050.5791015625,0.005634177388834871,1068.1868469238282,-0.016483769119639557,1070.4434448242187,-0.018557116079103708,1072.3004888916016,-0.02025681005848856,,,1134.228271484375,-0.07374985443838611,,,0.5181208053691275,29.28642418050589,9761553.3,10548999.84,0.5618527944727812,0.5199124166447991,False,False,0.016898557375670142,-0.019642588231488123,-0.04063034510065511,0.01157481657858539,,0.1942361359095108,0.2329961581243593,0.5708029197080292
2024-04-02,1051.0,1055.8499755859375,1040.199951171875,1047.199951171875,1044.693115234375,13617893,1044.693115234375,-0.005602611283025638,1066.795184326172,-0.020718193535676166,1069.0088842773437,-0.022746086960171774,1072.941449584961,-0.026327936497851923,,,1134.228271484375,-0.07893927395481382,,,0.4865771812080537,29.380225396352273,9759998.1,10716762.64,1.3952761937525378,1.2707095843638092,False,False,0.013451781578896371,-0.025951112070197846,-0.04212216400198554,0.0518807530411356,,0.19480742569070172,0.23311622605423338,0.5722627737226277
2024-04-03,1043.800048828125,1070.300048828125,1043.75,1063.25,1060.704833984375,11573590,1060.704833984375,0.015326719891714635,1064.999493408203,-0.0040325459781058726,1068.6287963867187,-0.007415074747317729,1073.6836694335936,-0.012088137147569178,,,1134.228271484375,-0.0648224342034599,,,0.5765100671140939,38.62486101625574,10097708.1,10449960.06,1.1461600875549176,1.1075248071330905,False,False,0.021815354840393875,-0.032749596482440024,-0.03217731684834402,0.059805642197742204,,0.18467296239475872,0.2351402019249624,0.583941605839416
2024-04-04,1070.0,1080.699951171875,1059.1500244140625,1062.949951171875,1060.405517578125,17964844,1060.405517578125,-0.0002821863318239748,1062.8147338867188,-0.0022668262226506197,1067.9394506835938,-0.007054644437609503,1074.2178875732423,-0.012858071118440062,,,1134.228271484375,-0.06508632853035612,,,0.5724832214765101,43.39265096435938,10701178.25,10579794.24,1.678772522081856,1.6980334014511043,True,False,0.0095929930856673,-0.03957536673310269,-0.05380996821214212,0.06194113215961461,,0.18207922912270033,0.23020026670568003,0.5416058394160584
2024-04-05,1061.0999755859375,1063.0,1048.0999755859375,1059.0999755859375,1056.564697265625,9210187,1056.564697265625,-0.00362202973186343,1060.734716796875,-0.003931255822230861,1066.7931982421876,-0.009588082295065803,1074.5989727783203,-0.01678233086903913,,,1134.228271484375,-0.06847261364514479,,,0.548993288590604,50.37365252197972,10919115.3,10517924.06,0.8434920547088645,0.8756658583442938,False,False,0.011363702754551674,-0.03788168473510056,-0.06847261364514479,0.06308654896828925,,0.18174822968580295,0.22869138368251743,0.5240875912408759
2024-04-08,1067.0,1079.449951171875,1063.550048828125,1076.050048828125,1073.4742431640625,4967186,1073.4742431640625,0.016004269253174108,1058.2930786132813,0.01434495307356043,1066.5298315429689,0.0065112211732953895,1075.1411724853515,-0.0015504283195068025,,,1134.228271484375,-0.05356419853721606,,,0.6308724832214765,62.47374620092084,10478092.7,10238786.04,0.4740544049586429,0.48513427085932154,False,False,0.021792877440176772,-0.04351105657759968,-0.04095361735996006,0.06302803329802953,,0.17233625723366153,0.22992076780891973,0.5357664233576642
2024-04-09,1090.0,1090.0,1071.3499755859375,1080.0,1077.4146728515625,11385226,1077.4146728515625,0.00367072588149453,1056.724346923828,0.01957968129339016,1066.945830078125,0.009811972152954596,1075.72078125,0.0015746573191550706,,,1134.228271484375,-0.05009009214561366,,,0.6442953020134228,58.64627617028084,10700160.05,10048809.64,1.0640238974743186,1.132992504373881,False,False,0.03132169355767833,-0.028296299036397077,-0.03273488547743575,0.05975854186170504,,0.1693914948785563,0.22990952492605907,0.5343065693430656
2024-04-10,1086.199951171875,1093.0,1080.0,1087.800048828125,1085.1961669921875,9064074,1085.1961669921875,0.0072223762463063945,1055.8614196777344,0.027782762744950507,1067.8546533203125,0.016239582435638056,1076.3053796386719,0.00826046912122691,,,1134.228271484375,-0.04322948539099514,,,0.6738255033557047,67.6023788068244,10815781.7,9813382.44,0.8380415074390787,0.9236442231227259,False,False,0.023089677941614095,-0.015654652055421825,-0.017344074768239404,0.0680937589771975,,0.1712162439773796,0.22980821533352302,0.5328467153284672
2024-04-12,1079.5,1096.4000244140625,1071.0999755859375,1073.449951171875,1070.88037109375,18045983,1070.88037109375,-0.013191896851346474,1054.6867370605469,0.015353975227123229,1068.0980688476564,0.002604912720322927,1076.7852282714844,-0.0054837836020588115,,,1134.228271484375,-0.05585110333012688,,,0.6228187919463087,68.7136624036865,11227223.95,9950530.02,1.6073415013690897,1.8135700272979027,True,False,0.009878158253597835,-0.02146766264604394,-0.046457917484957756,0.07987522287235183,,0.17542450910519936,0.22850969859621953,0.5211678832116788
2024-04-15,1063.0999755859375,1071.0,1055.25,1057.949951171875,1055.4173583984375,8889435,1055.4173583984375,-0.014439533222108891,1053.5669189453124,0.0017563568292153775,1068.1748828125,-0.011943291889125907,1076.950830078125,-0.019994851276659786,,,1134.228271484375,-0.0694841726902089,,,0.5409395973154363,59.46628936880348,11096501.2,9939779.06,0.8011025132858995,0.8943292347184224,False,False,-0.0010859144453310154,-0.020779436997774514,-0.05569697563449816,0.05289603740651816,,0.17470151630791492,0.23009878411682883,0.5386861313868613
2024-04-16,1049.949951171875,1057.8499755859375,1044.3499755859375,1051.9000244140625,1049.382080078125,7107881,1049.382080078125,-0.005718380764052289,1053.2501892089845,-0.0036725453937630492,1067.858642578125,-0.01730244225527089,1077.2057196044923,-0.025829457660680677,,,1134.228271484375,-0.07480521649774341,,,0.512751677852349,57.63540760416395,10939214.6,9829928.88,0.649761546866445,0.7230856994765967,False,False,-0.022443168282199166,-0.006000279125774388,-0.06038403579148788,0.04349997314333187,,0.16007351738872544,0.23031466296877395,0.5430656934306569
2024-04-18,1044.1500244140625,1051.4000244140625,1013.8499755859376,1024.0,1021.5487670898438,17832438,1021.5487670898438,-0.026523526098529482,1052.1328704833984,-0.029068670176137457,1066.6565270996093,-0.042288927001103094,1077.5015100097655,-0.05192822692138466,,,1134.228271484375,-0.09934464448418878,,,0.40268456375838924,44.190957713413965,10940927.75,9991444.0,1.6298835352422467,1.784770849939208,True,False,-0.051851814505050386,-0.02140672335866467,-0.08497902079245356,0.031374332438886876,,0.18174884012922352,0.23620242468025282,0.5868613138686132
2024-04-19,1015.0,1036.949951171875,995.7000122070312,1029.0999755859375,1026.636474609375,21598007,1026.636474609375,0.004980386334394016,1050.5242279052734,-0.022738888510482225,1065.8993395996094,-0.03683543420242952,1077.9045416259767,-0.04756271546946611,,,1134.228271484375,-0.0948590328595792,,,0.4268456375838926,41.21997933633819,11640207.75,10250055.84,1.855465766923275,2.1071111550159127,True,False,-0.05396231037667687,-0.030385878521509535,-0.04915467285503705,0.03802689374172741,,0.1741992341111144,0.22720041953855633,0.5007299270072992
2024-04-22,1039.0,1058.5,1032.0,1053.949951171875,1051.427001953125,9410832,1051.427001953125,0.02414732766355554,1050.6813507080078,0.0007096835254711831,1065.7486999511718,-0.01343815666742354,1078.5245532226563,-0.025124649400482535,,,1134.228271484375,-0.07300229734433195,,,0.5248322147651007,52.18517846574835,11774305.05,10186883.4,0.7992685733923633,0.9238185645670588,False,False,-0.018165772448285877,0.002997712850945744,-0.03968113982989341,0.07507517815123377,,0.19323570631534887,0.23092119757221688,0.5503649635036496
2024-04-23,1058.0,1060.25,1048.75,1055.75,1053.2227783203125,8300012,1053.2227783203125,0.0017079420291201686,1051.7288360595703,0.0014204633452281623,1065.8624279785156,-0.011858612637444255,1079.099673461914,-0.02398007874340713,,,1134.228271484375,-0.07141903900706859,,,0.5315436241610738,50.881280092193194,11558323.45,10192660.22,0.7180982636370157,0.8143126348618731,False,False,-0.00207934809927246,0.020294733645515706,-0.054453520116367504,0.09483561986621392,,0.18437487636860672,0.22793964369194555,0.5167883211678832
2024-04-24,1056.0,1068.949951171875,1056.0,1063.25,1060.704833984375,5641163,1060.704833984375,0.007103963015303361,1053.1080352783204,0.007213693611260785,1065.7457092285156,-0.004729904329419887,1079.74013671875,-0.01762952222209857,,,1134.228271484375,-0.0648224342034599,,,0.5765100671140939,55.28137001237721,11345194.7,10159847.62,0.4972292806927324,0.5552409062607575,False,False,0.010789924967469444,0.026699668664541543,-0.023869618826625194,0.11282639182957688,,0.18560743404800814,0.22309602815780963,0.4394160583941606
2024-04-25,1100.0,1133.949951171875,1086.0999755859375,1127.0,1124.30224609375,46136295,1124.30224609375,0.05995769046369004,1057.7818145751953,0.06288672257545791,1067.5633508300782,0.053148035870241195,1080.9222998046876,0.04013234466242466,,,1134.228271484375,-0.008751347184843716,,,0.9194630872483222,65.96541108504978,13157449.75,10885190.7,3.5064770055458507,4.238446185421446,True,True,0.10058597525072366,0.09068021768405865,0.06406071867749064,0.1594054686626205,,0.27788346740936487,0.24808725015386296,0.7255474452554744
2024-04-26,1130.0,1141.3499755859375,1123.0,1130.300048828125,1127.5943603515625,10133766,1127.5943603515625,0.002928139892320436,1062.2585723876953,0.061506482190121003,1069.1375720214844,0.05467658219096183,1082.011187133789,0.04212819031799642,,,1134.228271484375,-0.005848832461326836,,,0.9328859060402684,66.6173048381234,13181299.7,10923196.94,0.768798694410992,0.9277289474559268,False,False,0.09833849491914948,0.08625245640733215,0.08448082005496094,0.127200280565974,,0.2777698611339184,0.2455296781367555,0.6992700729927007
2024-04-29,1130.300048828125,1164.0,1125.300048828125,1159.25,1156.4749755859375,15183242,1156.4749755859375,0.025612592834687975,1067.565835571289,0.08328211436915312,1071.3831848144532,0.07942236911831024,1082.9998138427734,0.06784411299430837,,,1156.4749755859375,0.0,,,0.974496644295302,71.98680574061498,13089096.4,11052974.2,1.1599916095048395,1.3736793124876743,False,False,0.09990990666748711,0.10105899363585724,0.09234390747599242,0.17190653265840594,,0.28689493114232967,0.2481345906095414,0.727007299270073
2024-04-30,1160.1500244140625,1182.9000244140625,1155.1500244140625,1165.9000244140625,1163.1092529296875,18965164,1163.1092529296875,0.005736637180920212,1073.4866424560546,0.08348740163974777,1073.2816320800782,0.0836943614468817,1083.9141217041015,0.07306402752745522,,,1163.1092529296875,0.0,,,0.974496644295302,70.65991067414181,13525588.7,11264005.3,1.4021692083539403,1.6836962958460255,False,False,0.10433355304432634,0.11335016567879452,0.1060622558481521,0.18745246328511223,,0.28428060052946763,0.24766251210021187,0.7197080291970803
2024-05-02,1156.0,1174.0,1148.0,1149.8499755859375,1147.0975341796875,12302236,1147.0975341796875,-0.013766306741751944,1078.312564086914,0.06378945436012673,1074.3390954589843,0.06772390489021451,1084.3650396728515,0.05785182315151194,,,1163.1092529296875,-0.013766306741751944,,,0.8818791946308725,65.21452555121945,13866472.7,11177867.72,0.887192890806326,1.1005887981648077,False,False,0.08144838924773401,0.09187164724068664,0.07689062773963529,0.18321677159395233,,0.29241336937972867,0.24857578604024116,0.7313868613138687
2024-05-03,1150.9000244140625,1163.25,1134.0999755859375,1141.5,1138.7674560546875,9993632,1138.7674560546875,-0.007261874319132722,1083.0162811279297,0.05147768865366875,1075.7217761230468,0.058607793698162824,1084.5236590576171,0.050016241272416995,,,1163.1092529296875,-0.020928211871487412,,,0.836241610738255,61.66877872618083,13685259.65,11142123.9,0.7302478912046071,0.8969234312678932,False,False,0.012865944198897639,0.09004973752431322,0.05280143786521352,0.16130010876315848,,0.2932365631604277,0.2474295468528514,0.7167883211678832
2024-05-06,1143.9000244140625,1156.0,1135.6500244140625,1143.6500244140625,1140.912353515625,7490104,1140.912353515625,0.001883525428772348,1087.0266571044922,0.04957164211102971,1077.2161901855468,0.05913034348203294,1084.6353924560547,0.05188560271128195,,,1163.1092529296875,-0.0190841052619537,,,0.8442953020134228,66.10828367776357,13481085.35,11118707.84,0.5556009627963672,0.673648782554934,False,False,0.01181097887001692,0.07561719053354632,0.07178656819967077,0.15654555427103478,,0.2905111014062405,0.24493118331774055,0.689051094890511
2024-05-07,1146.050048828125,1148.800048828125,1124.050048828125,1127.699951171875,1125.00048828125,7115509,1125.00048828125,-0.013946614904592702,1090.2564056396484,0.03186780876670703,1078.5080895996093,0.04310806671733047,1084.7072198486328,0.03714667672096805,,,1163.1092529296875,-0.03276456149965923,,,0.7395973154362416,65.97206188594319,12938618.6,11109765.12,0.5499434846931804,0.6404733964348654,False,False,-0.02721588272045461,0.06091534760273065,0.06236455318921341,0.11719830643187001,,0.2970382173455905,0.24656863528278253,0.710948905109489
2024-05-08,1124.6500244140625,1135.449951171875,1118.25,1128.6500244140625,1125.9482421875,8175609,1125.9482421875,0.0008424475510209195,1093.7255828857421,0.029461374778068095,1079.3071716308593,0.04321389849209001,1084.8149603271484,0.0379173254099916,,,1163.1092529296875,-0.03194971637323396,,,0.7476510067114094,67.99523401579214,12886889.7,11098821.3,0.6344128948352837,0.7366195723864839,False,False,-0.03194971637323396,0.06566899793400127,0.0748535964569026,0.10554412441375871,,0.29611467695650967,0.24531745467803182,0.6978102189781021
2024-05-09,1122.0,1134.550048828125,1112.199951171875,1115.6500244140625,1112.9793701171875,5226693,1112.9793701171875,-0.01151817782060438,1095.7008392333985,0.01576938728629429,1079.9346667480468,0.030598798600147248,1084.6598333740235,0.02610914119966168,,,1163.1092529296875,-0.04309989167933348,,,0.6751677852348993,73.10304303368758,12899865.05,11019810.9,0.4051742386250777,0.4742996996436663,False,False,-0.02974303670428391,0.03680118755032602,0.04354132525864984,0.09195457913554339,,0.2966275335764563,0.24415848400951307,0.6817518248175183
2024-05-10,1123.699951171875,1140.0,1113.3499755859375,1120.0999755859375,1117.418701171875,7242718,1117.418701171875,0.003988691231734176,1097.7010406494142,0.017962687282136125,1080.3177478027344,0.034342630623814596,1084.695746459961,0.030167864877049144,,,1163.1092529296875,-0.03928311260762929,,,0.6899328859060403,73.01462041510541,12692739.65,10871998.46,0.5706189679861589,0.6661809258571215,False,False,-0.018747247095360686,0.03712964871216662,0.08128207472485105,0.09609548282852676,,0.2966538398081768,0.2350058052005688,0.5824817518248175
2024-05-13,1120.0999755859375,1135.4000244140625,1105.050048828125,1132.0,1129.290283203125,5513160,1129.290283203125,0.010624112536151253,1099.905746459961,0.026715504340020013,1081.0200622558593,0.044652474669652165,1084.7057220458985,0.0411029095275115,,,1163.1092529296875,-0.0290763482805918,,,0.7731543624161074,71.12310196879963,12515193.95,10857242.8,0.44051734411994475,0.5077863783243385,False,False,-0.010186646044008207,0.04063239214450243,0.0766596077580648,0.09988343868713256,,0.2976939670655556,0.23410349957826054,0.5795620437956205
2024-05-14,1129.949951171875,1136.0999755859375,1118.0999755859375,1122.8499755859375,1120.162109375,5471143,1120.162109375,-0.008083106676729512,1102.3698333740235,0.01614002439319262,1081.771258544922,0.03548888041425435,1084.7855291748047,0.03261158934071173,,,1163.1092529296875,-0.03692442773239957,,,0.7046979865771812,67.46479599928914,11886451.95,10859581.88,0.4602839453702583,0.5038078869386452,False,False,-0.004300779383342279,0.04601983527900111,0.07275252395359377,0.09508947963854908,,0.29473795817244774,0.2346028587044833,0.581021897810219
2024-05-15,1125.550048828125,1131.199951171875,1118.5999755859375,1128.050048828125,1125.3497314453125,5436338,1125.3497314453125,0.004631135107048934,1105.8664520263671,0.01761811237084232,1082.7489123535156,0.039345058310146674,1084.8613482666015,0.0373212514607546,,,1163.1092529296875,-0.03246429463892986,,,0.7422818791946308,67.07054557176244,11713797.1,10837372.34,0.4640969920846589,0.5016287924273718,False,False,-0.0005315615050162092,0.06626039688507235,0.053513895696368774,0.08325740589247066,,0.28797186964623567,0.23032880720804796,0.5445255474452555
2024-05-16,1134.1500244140625,1143.949951171875,1111.300048828125,1139.300048828125,1136.5728759765625,10750526,1136.5728759765625,0.00997302813307277,1110.225991821289,0.02373110010877366,1084.0477966308595,0.04845273382681747,1085.0503961181641,0.047483951015292236,,,1163.1092529296875,-0.022815033829611475,,,0.8174496644295302,54.47924603970323,11895929.35,10899519.04,0.9037146811905032,0.986330310589558,False,False,0.021198511394592057,0.08308774997562973,0.03870185319179642,0.11005030262946502,,0.2867905098773031,0.22592735240351944,0.4846715328467153
2024-05-17,1132.0,1146.0,1126.0999755859375,1141.3499755859375,1138.6177978515625,9909986,1138.6177978515625,0.001799199961764808,1116.079443359375,0.02019422060525322,1085.3696252441407,0.04905994360717836,1085.3496771240234,0.04907922474228754,,,1163.1092529296875,-0.021056882675840605,,,0.8308724832214766,54.0609502292559,11499806.75,10824738.82,0.8617523942304509,0.9154942363773355,False,False,0.01897148907339319,0.11459955171324943,0.06449347367633007,0.14783522859840303,,0.26326906757263413,0.2206948338868275,0.4145985401459854
2024-05-21,1136.0,1145.75,1129.199951171875,1137.6500244140625,1134.9267578125,8162017,1134.9267578125,-0.003241684827013147,1121.4939575195312,0.011977594888409993,1086.1357873535155,0.0449216120369893,1085.5232611083984,0.045511228063097375,,,1163.1092529296875,-0.024230307725779165,,,0.8026845637583893,40.25278711879007,10828007.25,10891591.36,0.7537875447950038,0.7493870023415936,False,False,0.004991165418857246,0.10548065053341138,0.06446787254120045,0.15065236352407796,,0.26512325831267464,0.22069685926335436,0.41605839416058393
2024-05-22,1142.0,1142.0,1117.949951171875,1126.0,1123.3046875,9094033,1123.3046875,-0.010240370343281735,1125.087841796875,-0.0015849022899643295,1086.5198669433594,0.03385563547965775,1085.6803839111328,0.03465504594761737,,,1163.1092529296875,-0.03422255074441727,,,0.72751677852349,32.77202770601194,10812167.3,10955563.2,0.8410925162062558,0.8300835688666376,False,False,0.002805467261121075,0.06836203123312923,0.059316147341001546,0.13530963058902934,,0.26051193027873454,0.22152709765028164,0.4233576642335766
2024-05-23,1126.0,1169.6500244140625,1125.75,1165.25,1162.460693359375,12818081,1162.460693359375,0.034857867411307364,1130.549737548828,0.028226052114906475,1087.8057800292968,0.06862889929493443,1086.377212524414,0.07003412807064113,,,1163.1092529296875,-0.0005576084694356442,,,0.9463087248322147,55.53957303186811,11038070.75,11114895.9,1.1612609930045974,1.1532344625917728,False,False,0.03297726997846273,0.10371776730206683,0.07041157025982447,0.1674682514263297,,0.28318330612068887,0.22731480472163518,0.5036496350364964
2024-05-24,1165.5,1177.0,1160.5999755859375,1174.0,1171.189697265625,8814997,1171.189697265625,0.007509074462573206,1136.0739807128907,0.03090970935774706,1088.7834338378907,0.07568655149101366,1087.2321600341797,0.07722135190409185,,,1171.189697265625,0.0,,,0.974496644295302,61.65711782772765,11196762.45,11015443.08,0.787280880465585,0.8002398937546868,False,False,0.030457194624954553,0.10416174202415074,0.08282609174082056,0.17511633875719856,,0.2832250898651836,0.22740228552979588,0.5094890510948905
2024-05-27,1178.9000244140625,1196.0,1168.0,1187.0,1184.158447265625,10450046,1184.158447265625,0.011073142147918658,1139.0667907714844,0.03958649032652439,1090.2908166503905,0.08609412202848432,1088.1574395751952,0.08822345388541164,,,1184.158447265625,0.0,,,0.974496644295302,64.42593045036242,9412450.0,11085566.42,1.1102365484013195,0.9426713623894376,False,False,0.039996432077552546,0.053238532058294874,0.0782086530330608,0.17699532726609157,,0.19801453696271065,0.2264367138445472,0.491970802919708
2024-05-28,1188.0,1192.4000244140625,1179.0,1183.4000244140625,1180.567138671875,4018776,1180.567138671875,-0.0030327939660801384,1141.7154296875,0.034029240539395156,1091.853065185547,0.08125092680969148,1088.9260943603515,0.08415726722515049,,,1184.158447265625,-0.0030327939660801384,,,0.9355704697986578,70.19583484919741,9106700.5,11030909.12,0.44129879971346375,0.3643195638982837,False,False,0.04021438436022429,0.04697857685612816,0.07895685134721142,0.158889385579426,,0.19903935116007854,0.22637490965715168,0.48905109489051096
2024-05-29,1172.0,1185.9000244140625,1156.0,1159.75,1156.973876953125,9418064,1156.973876953125,-0.019984684433358102,1141.7403747558594,0.013342352196770602,1093.1050622558594,0.05842879783710675,1089.443853149414,0.06198577706275743,,,1184.158447265625,-0.022956868969074784,,,0.8147651006711409,59.68249469326056,8818441.6,11022927.64,1.0679964133345285,0.8544067699241469,False,False,0.029973336555781938,0.00043139832484029306,0.06869704819590927,0.0939489563663729,,0.1941735301420202,0.22929715229032008,0.5313868613138686
2024-05-30,1155.199951171875,1179.800048828125,1155.0,1167.949951171875,1165.1541748046875,7232217,1165.1541748046875,0.007070425715319795,1141.8426208496094,0.02041573289472476,1094.8518713378905,0.06421170325159031,1090.0987811279297,0.06885191963896853,,,1184.158447265625,-0.01604875809045725,,,0.8684563758389262,66.78439651475668,8231794.25,10937494.18,0.8785711571933421,0.66123162042222,False,False,0.0023170516308199662,0.0017581511537709815,0.08238722637098861,0.08722365047344915,,0.19474465184788856,0.22915148719476666,0.5284671532846715
2024-05-31,1173.0,1178.0,1153.4000244140625,1162.1500244140625,1159.3680419921875,10057642,1159.3680419921875,-0.004965980414969429,1142.4561462402344,0.014803102777825927,1096.9248986816406,0.056925632179190444,1090.7417388916015,0.06291709636996501,,,1184.158447265625,-0.020935040687064976,,,0.8348993288590604,63.37897993205569,8119564.55,10933574.76,1.2386922892312002,0.9198859678350981,False,False,-0.010093715220546695,0.01069700478545177,0.08187479766555317,0.052052637065028495,,0.1888136740542164,0.22920548773351682,0.5299270072992701
2024-06-03,1197.050048828125,1242.199951171875,1193.4000244140625,1223.9000244140625,1220.9703369140625,22197339,1220.9703369140625,0.053134373805941104,1146.5662902832032,0.06489293053651646,1100.4664025878906,0.10950260184480975,1092.045112915039,0.11805851468432316,,,1220.9703369140625,0.0,,,0.974496644295302,72.19812718828196,8729749.9,11021558.04,2.5427233602648798,2.0139928419775397,True,True,0.03108696284136725,0.07218583603027318,0.13840589310249696,0.08733131844203879,,0.26271294715647714,0.2525165418853509,0.7401459854014598
2024-06-04,1224.0,1224.0,1101.550048828125,1131.25,1128.5419921875,24135989,1128.5419921875,-0.07570072911039771,1145.947772216797,-0.015188981951268166,1101.861055908203,0.024214428975625424,1092.3708306884766,0.033112529630827,,,1220.9703369140625,-0.07570072911039771,,,0.5073825503355704,51.44578353852193,9562044.15,11352029.68,2.5241453209562934,2.1261386448383566,True,True,-0.044067926998969886,-0.01084251677178072,0.02911070295541829,-0.001059555764551745,,0.38526935085982456,0.2954931953832391,0.8452554744525548
2024-06-05,1138.0,1193.0,1110.699951171875,1184.5,1181.66455078125,21039499,1181.66455078125,0.04707184930777841,1148.7809753417969,0.028624756281038888,1104.5286560058594,0.06983602856835369,1092.980366821289,0.08113977766854208,,,1220.9703369140625,-0.03219225311579299,,,0.7449664429530202,58.33702899312879,10258243.65,11638241.94,2.0509845269662708,1.8077901377602743,True,True,0.021340735793575094,0.05036803369442988,0.07025069562122654,0.05711736265915546,,0.41616491262600736,0.3102302094914113,0.9167883211678832
2024-06-06,1192.0999755859375,1195.9000244140625,1163.25,1170.949951171875,1168.14697265625,12006879,1168.14697265625,-0.011439437796507468,1150.8909118652343,0.014993654579345872,1107.2461340332031,0.05500207835561577,1093.3195538330078,0.06844057490868871,,,1220.9703369140625,-0.04326342963525287,,,0.6724832214765101,54.642791113440595,10449807.15,11625986.64,1.149004840725697,1.0327621535955935,False,False,0.002568585270755319,0.03747839277830933,0.06372624432980789,0.04750179710879765,,0.41919983836352925,0.3110370150220723,0.9197080291970803
2024-06-07,1178.0,1195.199951171875,1166.75,1186.800048828125,1183.959228515625,8583998,1183.959228515625,0.013536186994877353,1154.4399047851562,0.02557025585144035,1110.262901611328,0.06637736593498822,1093.9660040283204,0.08226327340696304,,,1220.9703369140625,-0.03031286451395787,,,0.7691275167785235,56.40776072623716,10617672.4,11599591.84,0.8084632560334033,0.740025866289447,False,False,0.021210854217769803,0.06377463976799858,0.054933473019562085,0.04915157561592398,,0.4177755903264355,0.3091039961127703,0.9138686131386862
2024-06-10,1185.0,1212.4000244140625,1185.0,1200.0,1197.1273193359375,9995057,1197.1273193359375,0.011122081321011335,1158.4253356933593,0.03340913086937425,1113.588914794922,0.07501727381724166,1094.7985040283204,0.09346817239071603,,,1220.9703369140625,-0.019527925337143648,,,0.8402684563758389,58.561015170500546,10755289.35,11601669.1,0.9293154907078349,0.8615188826580135,False,False,-0.019527925337143648,0.07133281202513375,0.0796706932202984,0.07478710553616574,,0.41866872518797277,0.3085489031438756,0.9094890510948905
2024-06-11,1204.449951171875,1209.3499755859375,1190.449951171875,1194.5999755859375,1191.740478515625,9390212,1191.740478515625,-0.0044998061052525795,1161.5478454589843,0.025993447600697106,1116.662540283203,0.06723422298502202,1095.672407836914,0.08767955639986336,,,1220.9703369140625,-0.023939859564741317,,,0.8040268456375839,59.58369773400336,10949141.95,11596338.0,0.8576208110992661,0.8097566662855119,False,False,0.05600011941569383,0.05530039197305925,0.08098814911548269,0.05623341578154384,,0.4188341951323604,0.30843835779475526,0.908029197080292
2024-06-12,1192.0999755859375,1206.1500244140625,1184.0999755859375,1187.9000244140625,1185.0565185546875,7199718,1185.0565185546875,-0.00560857005483506,1164.7925659179687,0.01739704839268863,1119.3570764160156,0.058693908782914805,1096.2924212646485,0.08096753709894622,,,1220.9703369140625,-0.02941416124010454,,,0.7718120805369127,53.48087900069314,11035570.7,11399786.2,0.6524101195781384,0.6315660551598766,False,False,0.0028704997295510015,0.057933051507960354,0.08286243384354819,0.06552449294752827,,0.4180547840445335,0.30824838860001286,0.9065693430656935
2024-06-13,1201.800048828125,1202.0,1173.449951171875,1174.6500244140625,1171.838134765625,5321148,1171.838134765625,-0.011154222251934298,1167.1169860839843,0.0040451374951551156,1121.8999768066406,0.04451213030695267,1096.8341217041016,0.06838227547570552,,,1220.9703369140625,-0.04024029140021246,,,0.6885906040268457,50.09852874620687,11029811.2,11301502.8,0.4824332804536129,0.4708354361510223,False,False,0.0031598439201376838,0.04131018297805644,0.08723623781775758,0.04837347383144719,,0.421058895640096,0.30743762867563135,0.9021897810218978
2024-06-14,1180.949951171875,1184.6500244140625,1170.0,1181.050048828125,1178.222900390625,4451031,1178.222900390625,0.0054485047342114346,1169.1994873046874,0.007717599249670304,1124.452852783203,0.047818854720615755,1097.4481488037109,0.07360233982349307,,,1220.9703369140625,-0.0350110360842012,,,0.7181208053691275,49.07969189816953,10714836.45,11280832.3,0.4154082071873342,0.39456583358658737,False,False,-0.0048450385679174035,0.036645273958588964,0.11604081711468828,0.05417959953197582,,0.4202800237500049,0.3040581281859409,0.8744525547445255
2024-06-18,1194.0,1194.0,1181.1500244140625,1191.9000244140625,1189.0469970703125,6837181,1189.0469970703125,0.009186798759469816,1171.720947265625,0.014786839686633746,1127.339930419922,0.05473687659356252,1098.1744073486327,0.08274877752895105,,,1220.9703369140625,-0.02614587666759749,,,0.7973154362416107,51.285961550921435,10561196.2,11145218.06,0.6473869882277161,0.6134631878167128,False,False,-0.006749760142561345,0.044289839236576034,0.1390483102029343,0.07247952245147915,,0.42101855674274385,0.3031440861202603,0.8686131386861314
2024-06-19,1193.0,1243.3499755859375,1185.5,1226.6500244140625,1223.713623046875,17987437,1223.713623046875,0.02915496701305953,1176.1602905273437,0.04043099644029824,1130.600106201172,0.08235760489937105,1099.6144512939454,0.1128569851068244,,,1223.713623046875,0.0,,,0.974496644295302,59.79214009588463,11052467.2,11273495.0,1.627458980380417,1.5955510691227521,True,False,0.026828949010001102,0.07823136129551322,0.1557450362391608,0.09497876598012911,,0.4307442034368599,0.30714921158237857,0.8992700729927007
2024-06-20,1230.0999755859375,1241.5,1220.4000244140625,1239.5,1236.5328369140625,8206858,1236.5328369140625,0.010475664915186256,1181.8216979980468,0.04629390288627633,1134.1226525878906,0.09029903784435289,1101.0310516357422,0.12306808702353367,,,1236.5328369140625,0.0,,,0.974496644295302,60.33212118641972,11008108.45,11078335.28,0.7455284472601649,0.7408024574609192,False,False,0.04343785933700128,0.10079914263160461,0.179577474219355,0.11641505381060702,,0.42784668787099756,0.3064380832843247,0.8978102189781022
2024-06-21,1246.0,1246.0,1223.75,1237.449951171875,1234.48779296875,29311314,1234.48779296875,-0.0016538533262215882,1185.4230529785157,0.04139006734089867,1137.681114501953,0.08509122392277413,1102.2371563720703,0.11998383091346021,,,1236.5328369140625,-0.0016538533262215882,,,0.9395973154362416,60.992703577615636,11832770.1,11480357.82,2.4771303551312975,2.553170768679055,True,True,0.053462723514843935,0.06196089039468955,0.1958926637766203,0.12967865634141784,,0.4136297247006157,0.30424380138084633,0.8788321167883212
2024-06-24,1231.0,1235.75,1225.050048828125,1228.0999755859375,1225.16015625,6676530,1225.16015625,-0.007555876025568842,1188.1215759277343,0.03117406591437799,1140.714832763672,0.07402842591407155,1103.6223321533203,0.1101262819315576,1072.151598815918,0.14271168144790747,1236.5328369140625,-0.00919723304109299,,,0.9140939597315436,50.72386683195484,11725846.75,11514544.7,0.5693857460656306,0.5798344766510829,False,False,0.03983733115679011,0.04608173988413644,0.1858827132500862,0.12845708680659684,,0.4150686435349026,0.3050030834672635,0.8846715328467153
2024-06-25,1234.449951171875,1278.75,1226.0,1271.449951171875,1268.4063720703125,17607952,1268.4063720703125,0.035298418414684285,1192.3339721679688,0.06380125172817519,1144.534666748047,0.10822888019130161,1105.740248413086,0.14711061109576007,1073.5544821166993,0.18150163144904274,1268.4063720703125,0.0,,,0.974496644295302,79.11133085930294,12083742.05,11638999.22,1.4571605324858783,1.5128407234312022,False,False,0.06674200027041244,0.07114582089856891,0.2304749392861558,0.161937468780182,,0.43026934967066294,0.31186086059893153,0.9284671532846716
2024-06-26,1281.0999755859375,1292.949951171875,1259.199951171875,1285.4000244140625,1282.322998046875,13956370,1282.322998046875,0.010971740826126286,1197.4217651367187,0.07090336536555486,1148.4772033691406,0.11654196903960146,1108.1659283447266,0.1571579356913524,1075.0743350219727,0.19277612372791553,1282.322998046875,0.0,,,0.974496644295302,75.03725556161469,12580621.75,11736845.14,1.1093545515745278,1.189107450385939,False,False,0.047894682134918876,0.08619235284617033,0.23530815292632767,0.1618384245841742,,0.43019344879986143,0.3121483099003931,0.92992700729927
2024-06-27,1310.0,1310.0,1280.0,1288.949951171875,1285.864501953125,22311393,1285.864501953125,0.0027617877177934513,1203.8662963867187,0.068112385746254,1152.7768859863281,0.11544958750012202,1110.4374774169921,0.1579801007294861,1076.598677368164,0.1943768174567415,1285.864501953125,0.0,,,0.974496644295302,80.80945169679427,13225288.2,11822153.34,1.687025088799199,1.8872528851837749,True,False,0.039895151642051374,0.11140322834205363,0.22424843110439774,0.16346980742412387,,0.4204936112613317,0.31169576578418806,0.9255474452554745
2024-06-28,1283.0999755859375,1289.9000244140625,1261.5999755859375,1265.25,1262.22119140625,7167069,1262.22119140625,-0.01838709328312793,1208.7196472167968,0.04426298878540291,1156.9129626464844,0.09102519563690326,1112.5439227294921,0.13453605347062858,1078.0539349365235,0.17083306363569872,1285.864501953125,-0.01838709328312793,,,0.8536912751677852,69.67643487879045,13222030.8,11787706.02,0.5420550827940893,0.6080121940468957,False,False,0.022465510469573458,0.08330830262684641,0.20822198691629445,0.14782715648660494,,0.42896372188482695,0.3144200940670607,0.948905109489051
2024-07-01,1273.0,1273.0,1256.449951171875,1261.9000244140625,1258.87939453125,5797015,1258.87939453125,-0.0026475525032794156,1213.69521484375,0.03722860495360614,1161.1029089355468,0.08421000829749081,1114.480775756836,0.12956582286164053,1079.404444885254,0.1662721980592503,1285.864501953125,-0.020985964991557693,,,0.8335570469798658,66.33255093903459,13008999.45,11761488.7,0.44561574641314944,0.4928810585006982,False,False,0.02752231053975729,0.08583240949790905,0.19827187944149105,0.1495856794553727,,0.42837374935305955,0.3146211960434046,0.9591240875912409
2024-07-02,1265.0,1267.8499755859375,1238.25,1253.4000244140625,1250.399658203125,9945447,1250.399658203125,-0.006735940205997659,1215.166680908203,0.028994357604167798,1165.6799267578126,0.0726783823763264,1116.168226928711,0.12026093203151822,1080.7569494628906,0.15696656757520056,1285.864501953125,-0.027580544992206968,,,0.785234899328859,65.26478365338798,12396404.85,11603748.88,0.8022847850116802,0.8570891272166172,False,False,-0.014196328766305943,0.024103223804309293,0.1969061918462056,0.14648991293826774,,0.3890906876585643,0.3147653613384852,0.9605839416058394
2024-07-03,1260.0,1288.5999755859375,1243.5999755859375,1280.0,1276.9359130859375,15171347,1276.9359130859375,0.021222218599248555,1222.586376953125,0.044454557287199714,1170.6859155273437,0.09075875616965345,1118.2926275634766,0.14186205078371228,1082.246125793457,0.17989418733168683,1285.864501953125,-0.006943646747869403,,,0.9248322147651007,71.67056693646092,11948172.75,11475215.68,1.2697629434592834,1.3220968932585675,False,False,-0.004201035908380835,0.13149171402191184,0.20385603249239814,0.1651191754950998,,0.2670554054700879,0.3159655964254303,0.9737226277372263
2024-07-04,1288.0,1293.0,1268.5,1280.9000244140625,1277.8338623046875,4817380,1277.8338623046875,0.000703206174677895,1227.394842529297,0.041094371613498604,1175.214052734375,0.08732010082039654,1120.4813763427735,0.14043293291987502,1083.82159576416,0.17900756665006012,1285.864501953125,-0.006245323388459401,,,0.9302013422818792,76.54262418055112,11137066.8,11383346.64,0.4325537492511044,0.4231954057405389,False,False,-0.006245323388459401,0.08138461246032613,0.20504263804959266,0.14019933200186818,,0.21976173314594938,0.31592444048619833,0.9708029197080292
2024-07-05,1272.0,1295.4000244140625,1270.9000244140625,1287.050048828125,1283.9691162109375,8593502,1283.9691162109375,0.0048012923175979605,1233.1859497070313,0.04118046148350185,1179.8289794921875,0.08826714594141705,1122.8457037353517,0.14349559511122445,1085.3621493530272,0.1829868187095871,1285.864501953125,-0.001474016694067326,,,0.9409395973154362,76.51327480214658,10966397.95,11389216.44,0.7836212071804307,0.7545296944062642,False,False,0.017229884074801527,0.09915031778177652,0.2152299991981863,0.1320200249730994,,0.2120445867546984,0.3156066945774649,0.9678832116788321
2024-07-08,1285.0,1297.4000244140625,1279.5999755859375,1287.8499755859375,1284.76708984375,4216951,1284.76708984375,0.0006214897404754893,1238.2263427734374,0.03758662327120943,1184.310224609375,0.08482310052461894,1125.0279669189454,0.14198680177015843,1086.896217956543,0.18205130224780874,1285.864501953125,-0.0008534430398444703,,,0.9449664429530201,75.26994408726898,10748045.6,11360732.2,0.3923458419268337,0.3711865508105191,False,False,0.0205640789935555,0.08514470676030927,0.19683084901683556,0.1478162963816041,,0.20995035622855723,0.3145656490426147,0.9547445255474453
2024-07-09,1284.0,1295.0,1279.199951171875,1289.4000244140625,1286.3134765625,6930340,1286.3134765625,0.0012036319508605953,1242.6856506347656,0.03510769268595748,1187.55044921875,0.08316533197282094,1127.556900024414,0.1407969536035374,1088.3377587890625,0.18190650482779813,1286.3134765625,0.0,,,0.974496644295302,70.02876104120905,10594809.75,10576613.1,0.6541259506807094,0.6552513488462578,False,False,0.02872187154224326,0.0745001436238506,0.1938889537842019,0.15480713560930037,,0.20854553658666652,0.3145902518745888,0.9562043795620438
2024-07-10,1284.199951171875,1294.0,1275.1500244140625,1291.6500244140625,1288.55810546875,9020489,1288.55810546875,0.00174500924319676,1247.5265319824218,0.03289034135500568,1190.7697241210938,0.08212199165529999,1129.953648071289,0.14036368453536285,1089.788028869629,0.1823933382763372,1288.55810546875,0.0,,,0.974496644295302,67.85351929536176,10576323.6,10554347.56,0.8528945729308056,0.8546704520312386,False,False,0.009101625432967442,0.08124052904011148,0.18739647693395,0.16680218365846367,,0.20646441562790344,0.3144877408862696,0.9518248175182482
2024-07-11,1301.050048828125,1301.4000244140625,1276.949951171875,1296.75,1293.6458740234375,7848846,1293.6458740234375,0.003948419968874184,1252.9559997558595,0.03247510229848971,1193.5131420898438,0.0838974690787746,1132.4481634521485,0.14234444963899695,1091.1961499023437,0.18553009386920216,1293.6458740234375,0.0,,,0.974496644295302,69.88599945999312,10608780.0,10407659.64,0.7398443553358633,0.7541413027991757,False,False,0.0123740747410086,0.09163221649646491,0.20802090405501095,0.15189876857431917,,0.20333318655588362,0.31266100004742375,0.9328467153284672
2024-07-12,1293.9000244140625,1339.6500244140625,1293.9000244140625,1317.300048828125,1315.160888671875,11278987,1315.160888671875,0.016631301564409284,1260.122137451172,0.043677314749845486,1196.5541748046876,0.09912356361678931,1134.9179034423828,0.15881587970617717,1092.679673461914,0.20361064693834607,1315.160888671875,0.0,,,0.974496644295302,77.962622748877,10906671.95,10253936.1,1.0341364489284013,1.0999665777125334,False,False,0.024293242000232862,0.12230593087407549,0.24610503911702764,0.1767007571153012,,0.19888669480949195,0.3115944364738977,0.9240875912408759
2024-07-15,1316.699951171875,1324.4000244140625,1305.0,1307.449951171875,1305.3267822265625,11537127,1305.3267822265625,-0.007477493080898623,1266.4773315429688,0.030675204139866352,1199.718759765625,0.08802731606995029,1137.0289276123046,0.14801545547981232,1094.082850341797,0.1930785514266784,1315.160888671875,-0.007477493080898623,,,0.9234899328859061,64.47651321520539,11260976.75,10238633.92,1.0245227617577668,1.1268228838090932,False,False,0.01600266114017046,0.10787761958607134,0.24390039339092096,0.16878866751535782,,0.20445570635854318,0.31184623441337594,0.927007299270073
2024-07-16,1307.449951171875,1318.449951171875,1299.699951171875,1304.0,1301.8824462890625,5433264,1301.8824462890625,-0.0026386771377086005,1272.1191040039062,0.02339666324597922,1202.9810595703125,0.08221358593465822,1139.3514178466796,0.14265223696263862,1095.4807772827148,0.18841194960838714,1315.160888671875,-0.010096439528567314,,,0.9060402684563759,58.3554520509657,11190780.9,10147426.56,0.48551249895349124,0.535432699894307,False,False,0.01210355796642082,0.09489570176516549,0.27442026091209004,0.16612127506171737,,0.20571277292038953,0.3056962011332443,0.8934306569343066
2024-07-18,1300.0,1318.5999755859375,1294.5,1309.4000244140625,1307.2738037109375,6787511,1307.2738037109375,0.004141201409729955,1276.2971130371093,0.024270751972568005,1206.3082885742188,0.08369793699755945,1141.7622393798829,0.144961497781664,1096.8929415893554,0.19179707895352882,1315.160888671875,-0.005997049508446373,,,0.9315436241610738,59.003382974245255,10630784.6,10133374.7,0.6384769568184083,0.6698174301202935,False,False,0.014524527968708956,0.06828409775810895,0.2733560866404461,0.21076468477366483,,0.18418284126759396,0.30569226503495395,0.891970802919708
2024-07-19,1305.6500244140625,1309.0,1288.199951171875,1292.3499755859375,1290.2513427734375,4496066,1290.2513427734375,-0.013021343263498908,1278.9830383300782,0.008810362691026752,1209.6133056640624,0.06666431059561284,1144.0606976318359,0.12778224568347718,1098.2840899658204,0.17478833988534914,1315.160888671875,-0.018940303131727565,,,0.8456375838926175,62.48280795905875,10445245.0,10080985.84,0.43044141137905334,0.4459946746636835,False,False,-0.002624003460423463,0.04344284620328964,0.22714305451227124,0.17844861937488732,,0.19092384540066562,0.3048317609683853,0.8832116788321168
2024-07-22,1283.3499755859375,1292.3499755859375,1278.199951171875,1282.5,1280.41748046875,6695557,1280.41748046875,-0.0076216640732567065,1281.279522705078,-0.0006727979500585901,1212.7026904296874,0.055837915239612235,1146.0049310302734,0.1172879328866745,1099.6071145629883,0.16443178978304474,1315.160888671875,-0.026417610577068595,,,0.7932885906040269,59.0673628384073,9314457.15,10051384.8,0.7188349135300923,0.6661327899813366,False,False,-0.026417610577068595,0.03720546105162059,0.2157138136632113,0.1495139170551556,,0.19367550746932685,0.305677377003543,0.8905109489051095
2024-07-23,1288.5,1291.0999755859375,1251.0,1263.25,1261.1986083984375,8789327,1261.1986083984375,-0.015009848243618618,1283.0814453125,-0.017054908707477057,1215.6670751953125,0.037453949467052716,1147.8008709716796,0.09879565375373889,1100.8305529785157,0.1456791465189753,1315.160888671875,-0.04103093449496642,,,0.6845637583892618,54.169278405904336,9420097.0,10122637.48,0.9330399676351528,0.8682842803929001,False,False,-0.03380622724437887,0.02941529886079941,0.18901938408344798,0.16063794460790737,,0.20019890366086482,0.3078977078702688,0.9036496350364963
2024-07-24,1262.9000244140625,1267.3499755859375,1226.6500244140625,1239.25,1237.2376708984375,10344860,1237.2376708984375,-0.01899854419473812,1281.5230102539062,-0.034556803897492716,1218.0634545898438,0.015741557827995356,1149.190601196289,0.07661659398405529,1101.9581295776368,0.12276286883300291,1315.160888671875,-0.059249950667350504,,,0.6053691275167785,34.36226339609432,9056942.4,10184680.32,1.1422022513911538,1.0157275118086377,False,False,-0.049654848312066124,-0.02457311935527484,0.10044934553592477,0.17094492147913054,,0.16906610239079367,0.28743347134063013,0.8335766423357664
2024-07-25,1200.0,1200.0,1155.5,1175.9000244140625,1173.9906005859375,32979871,1173.9906005859375,-0.051119580174577295,1276.1063903808595,-0.08002137640298557,1218.9574609375,-0.03688960590714829,1149.9887615966798,0.020871368304445692,1102.7143533325195,0.0646370903199125,1315.160888671875,-0.1073406982384485,,,0.35704697986577183,22.568880588063053,10008117.45,10734014.54,3.2953121468413626,3.072463790420765,True,True,-0.10195507838270079,-0.08448136516769966,0.041146215222209515,0.12910310128130065,,0.2390200214531126,0.3071594031955624,0.9007299270072993
2024-07-26,1165.0,1183.1500244140625,1155.25,1177.3499755859375,1175.4381103515625,18554648,1175.4381103515625,0.0012329824147676582,1270.5850708007813,-0.07488436834005363,1220.0629809570312,-0.036575874608099634,1150.9171197509766,0.021305609396002012,1103.4493826293944,0.065239719062262,1315.160888671875,-0.10624006501699768,,,0.363758389261745,20.6025076379796,9820280.2,10995684.64,1.889421444410517,1.687448176942259,True,False,-0.08898516794028688,-0.08587716002256351,0.016397358495385594,0.11025546212712656,,0.23848246528666686,0.3027999587288682,0.8656934306569343
2024-07-29,1182.3499755859375,1194.5999755859375,1163.6500244140625,1170.050048828125,1168.1500244140625,19598573,1168.1500244140625,-0.006200314481312974,1265.8815124511718,-0.07720429366874026,1220.9189868164062,-0.04322069111230786,1151.833949584961,0.014165301200733671,1104.119041442871,0.05799282556300733,1315.160888671875,-0.11178165768469017,,,0.31409395973154364,19.48513652244519,10441855.4,11278929.34,1.87692438261499,1.737627075159955,True,False,-0.08768035251563988,-0.07452827415088958,0.004333876178594709,0.11085579271081514,,0.23283902172940038,0.302898254470646,0.8671532846715329
2024-07-30,1164.0999755859375,1180.0,1160.199951171875,1170.0,1168.10009765625,18090045,1168.10009765625,-4.274002205972849e-05,1261.342547607422,-0.0739231782262787,1221.54953125,-0.04375543703009377,1152.7986639404296,0.013273292374852197,1104.7667520141601,0.05732734581903687,1315.160888671875,-0.11181962015623459,,,0.312751677852349,18.823273375365716,11056506.9,11425719.72,1.6361446850813253,1.5832740031539998,True,False,-0.0738174860979357,-0.07211119450310977,0.01830930923548868,0.09660775125571996,,0.23318755799949029,0.3014878232341739,0.8642335766423358
2024-07-31,1157.0,1171.0,1154.0,1166.0999755859375,1164.206298828125,17347076,1164.206298828125,-0.003333446196895129,1257.0328796386718,-0.07384578582958734,1222.0613012695312,-0.04734214427811756,1153.7154632568358,0.009093087425277702,1105.6219491577149,0.05298768689880018,1315.160888671875,-0.11478032166558161,,,0.28993288590604027,17.487191991819216,11426588.35,11574461.52,1.5181325754156534,1.498737195680789,True,False,-0.05902776304675539,-0.06893264790144249,0.02233892673888982,0.0763198920562822,,0.23289922249230932,0.3011642052133545,0.8613138686131386
2024-08-01,1168.0,1175.6500244140625,1165.449951171875,1172.300048828125,1170.3963623046875,11190500,1170.3963623046875,0.005316981606089399,1251.7059020996094,-0.06495898090640417,1222.770693359375,-0.04283250436007502,1154.4532403564453,0.01381010628314372,1106.469688720703,0.05777535004858225,1315.160888671875,-0.11007362491852923,,,0.33557046979865773,17.960076870936533,11227546.0,11635031.18,0.9967004365869443,0.9617937267960119,False,False,-0.003061556267534127,-0.0834337492504057,0.02584248360376673,0.09948419501510841,,0.2168309740094737,0.3013114631780952,0.8627737226277372
2024-08-02,1164.0,1167.800048828125,1156.0999755859375,1160.8499755859375,1158.9649658203125,10581445,1158.9649658203125,-0.009767115528165893,1245.7624572753907,-0.06967419105317496,1223.4838989257812,-0.05273378191745415,1155.0018829345704,0.0034312349999576774,1107.271743774414,0.046685217370118215,1315.160888671875,-0.11876563863551182,,,0.2684563758389262,7.148784713966222,11515749.25,11664779.42,0.9188672634566092,0.9071277406118323,False,False,-0.014014472039130199,-0.09302374901067678,0.030190633597815264,0.09443801216185554,,0.21684012579811884,0.3005702356878293,0.8598540145985402
2024-08-05,1142.0,1151.449951171875,1124.300048828125,1133.5,1131.6593017578125,12013362,1131.6593017578125,-0.023560387818257422,1238.1469665527343,-0.08600567434365747,1222.86787109375,-0.07458579253894315,1155.3368255615235,-0.02049404405698152,1107.9607144165038,0.021389375122194076,1315.160888671875,-0.13952786194803357,,,0.18523489932885906,6.523423891452495,11686742.25,11648685.04,1.027947886845883,1.0313062769529564,False,False,-0.031238044680565347,-0.1186242040638793,0.005072222111397462,0.08030549263536635,,0.2234883039914783,0.3046446636647419,0.8817518248175182
2024-08-06,1140.0,1151.0,1123.0999755859375,1126.0999755859375,1124.2713623046875,8571122,1124.2713623046875,-0.006528413137813938,1230.1221801757813,-0.08604902795587999,1221.9295043945312,-0.07992125710904541,1155.356469116211,-0.02690520860224377,1108.5329370117188,0.01419752608830449,1315.160888671875,-0.1451453795588148,,,0.17181208053691274,6.397112060491864,11904450.8,11643807.54,0.7199930634347281,0.7361098996660331,False,False,-0.03752138659991833,-0.12492204136282914,0.010145733596401696,0.05412881754156018,,0.2220311986384498,0.3039911317468257,0.872992700729927
2024-08-07,1138.800048828125,1144.800048828125,1127.0,1136.800048828125,1134.9539794921875,8370312,1134.9539794921875,0.009501813837542894,1222.5542053222657,-0.07165344935113671,1220.9454150390625,-0.07043020473124406,1155.6181158447266,-0.017881457610617435,1109.124404296875,0.023288257922416955,1315.160888671875,-0.13702271009721922,,,0.1919463087248322,8.767310705326906,11976449.4,11602212.86,0.6988976215271281,0.721440995868783,False,False,-0.025126405316121758,-0.11766921503053862,0.015692665875309375,0.09825027304046952,,0.22775714901908384,0.30448255375958383,0.8802919708029197
2024-08-08,1133.0999755859375,1142.800048828125,1126.0,1138.1500244140625,1136.3018798828125,7903428,1136.3018798828125,0.0011876255909759603,1214.9413940429688,-0.06472700209716864,1220.0601098632812,-0.06865090441310684,1155.956587524414,-0.017002980781219423,1109.7258532714843,0.023948281039845698,1315.160888671875,-0.13599781618329954,,,0.1959731543624161,10.175660415966703,11920596.35,11679905.9,0.663006091972907,0.6766688077512679,False,False,-0.029130714619394205,-0.1181601550909882,0.006208852395152009,0.08334442834245692,,0.2275096691994504,0.3037479914751229,0.8715328467153285
2024-08-09,1152.0,1155.699951171875,1139.949951171875,1142.75,1140.894287109375,6262086,1140.894287109375,0.004041537999599276,1207.3038146972656,-0.05500647540366044,1219.7385180664062,-0.0646402731316702,1156.4217901611328,-0.013427196879085335,1110.4719723510743,0.0273958420525382,1315.160888671875,-0.1325059185256675,,,0.20536912751677852,12.901487739360633,11841258.35,11616786.34,0.5288361941701913,0.5390549345336414,False,False,-0.015592083664191847,-0.11807836285132778,0.018508194091605645,0.09260723587918696,,0.22756481953284408,0.30333742051226364,0.8700729927007299
2024-08-12,1146.0,1169.0999755859375,1135.8499755859375,1164.300048828125,1162.409423828125,9078384,1162.409423828125,0.018858133450086578,1199.666241455078,-0.03105598568962331,1219.683623046875,-0.04695824239705226,1157.2677471923828,0.004442944727541587,1111.2720462036132,0.04601697469059007,1315.160888671875,-0.11614659937006433,,,0.2832214765100671,24.0493462000463,11731228.2,11653709.68,0.7738647518594857,0.7790123702480977,False,False,0.02717259693138052,-0.11614659937006433,0.03293171122475491,0.08820791108070813,,0.23063975616527818,0.30556075537220095,0.8890510948905109
2024-08-13,1161.3499755859375,1179.5999755859375,1155.4000244140625,1159.5999755859375,1157.7169189453125,6180463,1157.7169189453125,-0.004036877873338951,1192.2857482910156,-0.028993745329299547,1219.6506005859376,-0.050779855813518404,1158.287749633789,-0.0004928228660424638,1112.0324462890626,0.04108196016105681,1315.160888671875,-0.11971460760634267,,,0.2550335570469799,26.75810712262259,11463395.0,11576166.1,0.5391476957742449,0.533895501032937,False,False,0.029748651226038314,-0.11308268955415468,0.018603332364924396,0.05802516899478638,,0.2306810575835562,0.3050980571666328,0.8861313868613139
2024-08-14,1159.0,1159.0,1148.6500244140625,1153.0999755859375,1151.2274169921875,5021841,1151.2274169921875,-0.005605430694609725,1184.752996826172,-0.02829752693075771,1218.2557421875,-0.05501991320390276,1159.3610723876952,-0.007015636102699729,1112.8362167358398,0.03449851800200787,1315.160888671875,-0.12464898636488264,,,0.22684563758389262,40.04361085957389,11442823.85,11232656.14,0.43886378623227695,0.44707511183548077,False,False,0.014338411771798176,-0.11572091606758206,0.011074496784098997,0.07628220322725277,,0.2303683431241005,0.3053396774513156,0.8875912408759125
2024-08-16,1166.4000244140625,1170.0,1149.5999755859375,1166.8499755859375,1164.9552001953125,6107134,1164.9552001953125,0.011924475564516701,1177.6370666503906,-0.010768909041857677,1218.9840063476563,-0.044322817913112766,1160.4225311279297,0.0039060505512393817,1113.7158584594727,0.04600755331500417,1315.160888671875,-0.1142108845924158,,,0.2966442953020134,45.859657648901134,11408805.0,10872079.04,0.5353000599098678,0.5617264165879354,False,False,0.025216292272133733,-0.1088667141586005,0.026458484810676586,0.09263207957828512,,0.23650048398975385,0.306154943193614,0.8948905109489051
2024-08-19,1169.0,1171.300048828125,1150.199951171875,1153.25,1151.3773193359375,6691823,1151.3773193359375,-0.011655281556834596,1170.6933654785157,-0.016499663116039676,1218.37826171875,-0.05499190562403444,1161.4534588623046,-0.00867545698838168,1114.582728881836,0.0330119869083334,1315.160888671875,-0.1245350061324706,,,0.23221476510067113,43.68899218254806,11518592.85,10585125.52,0.5809583763523685,0.6321911806672653,False,False,0.009188434322975558,-0.10763331052923819,0.02499111073631788,0.08578963448397015,,0.23598407806184793,0.3063829639906659,0.8963503649635036
2024-08-20,1158.0,1177.0,1154.6500244140625,1168.0,1166.103271484375,6721749,1166.103271484375,0.012789857765246548,1164.9776550292968,0.0009662129142296028,1218.3373876953126,-0.04287327692516041,1162.7917608642579,0.002847896529345695,1115.603286743164,0.04526697379015254,1315.160888671875,-0.11333793338245246,,,0.30335570469798656,49.32338751307064,11519902.45,10479422.92,0.5834900971752587,0.6414235832749462,False,False,0.0031777509546380145,-0.08927885687918402,0.0031335064882695995,0.07376571186035252,,0.244596818320482,0.2990938449877946,0.8583941605839416
2024-08-21,1166.5999755859375,1178.0,1161.5,1174.4000244140625,1172.492919921875,9480630,1172.492919921875,0.0054794876180790375,1160.5423706054687,0.010297383033220475,1218.1080615234375,-0.037447532811262674,1164.1854815673828,0.007135837446888393,1116.6999368286133,0.04996237686885863,1315.160888671875,-0.10847947956700132,,,0.34496644295302015,52.76116889645983,11554467.6,10497355.56,0.8205163862331485,0.9031446011151403,False,False,0.012763051774369538,-0.07033443256745064,0.0011127340509335948,0.08403098920433982,,0.24378755838362423,0.298911692323838,0.8569343065693431
2024-08-22,1179.699951171875,1181.0,1168.949951171875,1169.949951171875,1168.050048828125,5841326,1168.050048828125,-0.0037892519590191354,1157.082989501953,0.009478195968374292,1217.5265161132813,-0.04063687043391906,1165.5577154541015,0.002138318284009122,1117.6915716552735,0.0450557903897153,1315.160888671875,-0.1118576754455578,,,0.31140939597315437,49.20897914233437,11329290.9,10414280.94,0.5155950228094152,0.5608957578207987,False,False,0.01461277901102287,-0.05592104386869412,-0.01360324581114658,0.06354151569014688,,0.2368640924166835,0.2981522992117374,0.8525547445255475
2024-08-23,1170.0,1173.949951171875,1163.5,1165.949951171875,1164.0565185546875,5121962,1164.0565185546875,-0.003418971881764876,1156.5862854003906,0.006458863682367477,1216.9728369140626,-0.04348192231928327,1166.817688598633,-0.002366410854862555,1118.5101062011718,0.040720608692760285,1315.160888671875,-0.11489420908021475,,,0.28859060402684567,51.80716418634717,9936395.45,10328915.94,0.5154748546164193,0.4958857279653687,False,False,-0.0007714302150626517,-0.008461807127154053,-0.013985329234016963,0.06386728455182245,,0.15359125779275085,0.2981698330384144,0.8540145985401459
2024-08-26,1171.699951171875,1175.25,1166.0999755859375,1170.300048828125,1168.399658203125,3392612,1168.399658203125,0.0037310384669551055,1156.2343627929688,0.01052147886417254,1216.6396997070312,-0.03965022801370244,1167.9983880615234,0.00034355367755911637,1119.4179440307616,0.043756413262406424,1315.160888671875,-0.11159184532696831,,,0.3167785234899329,65.57998734870469,9178293.65,10252773.82,0.36963428381919333,0.3308969903717236,False,False,0.01478432706752053,-0.005987939378903073,0.009875574096875672,0.07925104508248015,,0.1541940425366826,0.2953487487931023,0.8437956204379562
2024-08-27,1170.0,1184.8499755859375,1164.25,1181.25,1179.331787109375,8702113,1179.331787109375,0.009356497863977964,1156.7934509277343,0.01948345762466519,1216.7895727539062,-0.030784111306735307,1169.3447747802734,0.008540690944617513,1120.4171047973632,0.052582812293522574,1315.160888671875,-0.10327945632542956,,,0.3838926174496644,72.66737893527569,8633470.65,10320393.12,1.0079507248918487,0.8431958839955508,False,False,0.011344205910820415,0.00957219745890181,0.012168013994426241,0.09555772928885875,,0.15611505953008228,0.2956084449644037,0.8467153284671532
2024-08-28,1177.0,1181.699951171875,1169.3499755859375,1170.949951171875,1169.0484619140625,5483503,1169.0484619140625,-0.008719620133802786,1156.840869140625,0.010552525502064869,1216.606083984375,-0.0390904029631034,1170.529468383789,-0.0012652449252485987,1121.4149786376954,0.04247623242399756,1315.160888671875,-0.11109851883244892,,,0.32348993288590605,64.08237804435338,8003143.55,10341042.56,0.6851686422643263,0.5302659734919416,False,False,-0.002937721797110715,0.0008118861215022921,0.008349738453408362,0.09090816926539458,,0.15953255847437978,0.2959978867331538,0.8496350364963504
2024-08-29,1169.0,1179.9000244140625,1163.4000244140625,1175.4000244140625,1173.4913330078125,7290114,1173.4913330078125,0.0038004165254841293,1157.3051208496095,0.013986123336532374,1216.294970703125,-0.035191823304644876,1171.8174505615234,0.0014284498370347176,1122.3794500732422,0.04553886204102797,1315.160888671875,-0.10772032295389244,,,0.3516778523489933,64.9777881784733,7500295.45,10350101.22,0.9719769105895688,0.7043519522217774,False,False,0.004658434101472375,0.007975419982724441,-0.038886287791602414,0.09413751391965697,,0.15951269216926822,0.2749102712489292,0.8218978102189781
2024-08-30,1177.0,1182.949951171875,1171.8499755859375,1175.25,1173.341552734375,10190506,1173.341552734375,-0.0001276364547606601,1157.4523803710938,0.013727711509122331,1215.287529296875,-0.03451526947435102,1172.9438177490235,0.00033909125000941565,1123.3137435913086,0.04453591832957038,1315.160888671875,-0.10783421036852558,,,0.348993288590604,63.552892420398265,7450295.75,10194162.6,1.3677988555018101,0.999641304524611,False,False,0.00797644618769544,0.0025164042922074525,0.03969684855061373,0.06996315467245506,,0.15847466540390998,0.225881830581088,0.4832116788321168
2024-09-02,1176.0,1194.0,1174.0999755859375,1188.800048828125,1186.86962890625,6432362,1186.86962890625,0.011529529607426703,1158.8476135253907,0.024180932034378655,1214.2942651367186,-0.022584835503098533,1174.2084588623047,0.010782727673596115,1124.2131732177734,0.05573360745199096,1315.160888671875,-0.0975479584822363,,,0.4120805369127517,60.94720072727114,7242841.6,10158672.68,0.8880992233766372,0.6331892169991641,False,False,0.015807922035453004,0.0240772274476706,0.004404869488179752,0.07496501025507163,,0.15878751224559018,0.20558158610410657,0.24671532846715327
2024-09-03,1188.0,1193.550048828125,1176.699951171875,1191.5999755859375,1189.6649169921875,7920246,1189.6649169921875,0.0023551770285954454,1161.7478942871094,0.024030190063059287,1213.3978076171875,-0.019559035360056765,1175.5394610595704,0.012016147820240075,1125.0692169189454,0.05741486754934111,1315.160888671875,-0.09542252416464458,,,0.42416107382550333,64.54538381166219,7038185.8,9730851.32,1.1253249381395984,0.8139314577462889,False,False,0.008761851410907573,0.05125713644051233,0.018420579635632484,0.08332069832399758,,0.1289510674708294,0.20419745911842854,0.22773722627737225
2024-09-04,1182.699951171875,1189.6500244140625,1173.300048828125,1177.699951171875,1175.7874755859375,6527941,1175.7874755859375,-0.011665000125696046,1164.3236999511719,0.009845866433231931,1212.4103540039061,-0.030206669133947872,1176.5625933837891,-0.000658798607239719,1125.8518829345703,0.044353607617734214,1315.160888671875,-0.10597442053396589,,,0.3651006711409396,60.4769720740443,6936026.75,9727879.54,0.9411643344656939,0.6710548761585509,False,False,0.005764528923669632,0.045821778450039874,-0.006902056027666359,0.04765226308332049,,0.13489099053181214,0.20379668926861946,0.22335766423357664
2024-09-05,1182.0,1182.8499755859375,1173.449951171875,1180.550048828125,1178.6329345703125,4234766,1178.6329345703125,0.002420045325756792,1166.5076477050782,0.010394519820842163,1210.6148852539063,-0.026417939406788382,1177.5747760009765,0.0008985914023476038,1126.6477786254882,0.046141444496740736,1315.160888671875,-0.10381083810927216,,,0.3825503355704698,56.431895884661216,6729249.45,9460415.82,0.6293073293634552,0.4476300070285917,False,False,0.004381456784449789,0.038485221310619266,-0.01544897060396555,0.06299089241877476,,0.1321751097928829,0.20253849483799752,0.20875912408759123
2024-09-06,1176.0,1181.3499755859375,1150.800048828125,1158.75,1156.868408203125,9874576,1156.868408203125,-0.018465907178405905,1167.5359741210937,-0.009136819896276904,1208.1057934570313,-0.04241133974474942,1178.291498413086,-0.018181485853724144,1127.298439025879,0.026230825976125693,1315.160888671875,-0.12035978398703961,1315.160888671875,-0.12035978398703961,0.2483221476510067,52.39756145140332,6827806.85,9378779.94,1.446229545875335,1.0528635988019568,False,False,-0.014039513467208886,0.018099528553480404,-0.02926146333129087,0.04935685402857981,,0.15073293917517247,0.2058070686576609,0.2510948905109489
2024-09-09,1158.0,1175.5999755859375,1145.0,1170.8499755859375,1168.9486083984375,7700940,1168.9486083984375,0.010442155831773325,1168.9386901855469,8.484801618635629e-06,1205.7674755859375,-0.030535628081697963,1179.2721807861328,-0.0087541897077682,1128.0287045288087,0.036275587407788024,1315.160888671875,-0.11117444377553765,1315.160888671875,-0.11117444377553765,0.3221476510067114,51.27173527566359,6899749.55,9086570.88,1.116118772745889,0.8475078334501474,False,False,-0.015099401038956128,0.024589764017613147,-0.013592524832398256,0.06814359932145853,0.1833503227326816,0.15415313749663773,0.20670277237789567,0.2613138686131387
2024-09-10,1178.9000244140625,1190.8499755859375,1173.3499755859375,1187.199951171875,1185.2720947265625,8723854,1185.2720947265625,0.013964246341410691,1170.0818237304688,0.01298222969370122,1204.2284936523438,-0.015741529971847634,1180.570728149414,0.003982282861203945,1128.7607791137696,0.05006491779167055,1315.160888671875,-0.09876266475387785,1315.160888671875,-0.09876266475387785,0.4053691275167785,55.24587518778757,6882023.05,9117706.58,1.26762929107016,0.9568035474113711,False,False,-0.003692487021245694,0.019668346135000014,0.011464006471870292,0.09970032108455218,0.21149810041919404,0.14758199953381942,0.20739707798417834,0.27153284671532846
2024-09-11,1187.199951171875,1194.8499755859375,1181.0,1186.0999755859375,1184.173828125,6000329,1184.173828125,-0.0009265944979628404,1171.4046691894532,0.010900723952536717,1202.7343823242188,-0.01543196442372552,1181.9186456298828,0.0019080691411847983,1129.5621826171875,0.04834762206829346,1315.160888671875,-0.09959774631007556,1315.160888671875,-0.09959774631007556,0.40134228187919463,56.80572215283531,6873016.35,9121772.86,0.8730270225532055,0.6578029394167573,False,False,0.007132541137915505,0.02285265831978167,0.0050507656339069396,0.12167767771980831,0.2071137788884576,0.14657932456296752,0.2071291139785591,0.2671532846715328
2024-09-12,1190.0999755859375,1205.699951171875,1176.75,1203.3499755859375,1201.3958740234375,7592871,1201.3958740234375,0.01454351167826995,1173.9130920410157,0.023411257757283366,1201.754306640625,-0.0002982578179306916,1183.7171166992186,0.014934951159205845,1130.609313354492,0.06260921419347176,1315.160888671875,-0.08650273561839572,1315.160888671875,-0.08650273561839572,0.46174496644295304,64.17741654399632,7001567.85,9074721.34,1.0844529629174415,0.8367056921661905,False,False,0.019313001347127212,0.043578233362722596,0.010385524696291615,0.15087792455881588,0.2370607336363233,0.15158831613047588,0.2084122624961687,0.2846715328467153
2024-09-13,1209.9000244140625,1219.550048828125,1201.0,1217.449951171875,1215.472900390625,6762566,1215.472900390625,0.011717225497074546,1176.4389770507812,0.03317972636175148,1200.5250463867187,0.01245109716694004,1185.6054809570312,0.025191701551079637,1131.755011291504,0.07397174146689767,1315.160888671875,-0.07579908218067577,1315.160888671875,-0.07579908218067577,0.5033557046979866,66.64307318353198,7034339.45,8906545.72,0.9613647518815714,0.7592804452588606,False,False,0.050657872383710334,0.04336450035747541,-0.006734192135355754,0.14796202710564255,0.2292684829855367,0.15141327220876644,0.20101795021658955,0.19416058394160585
2024-09-16,1222.0,1234.0,1215.0,1231.050048828125,1229.0509033203125,4039284,1229.0509033203125,0.011170963108534826,1180.32265625,0.041283836086928094,1199.5493872070313,0.024593832007176575,1187.3817199707032,0.03509333405489645,1132.9531365966798,0.08482060168199412,1315.160888671875,-0.06547486782284206,1315.160888671875,-0.06547486782284206,0.5677852348993289,67.25569761402218,6901712.5,8890983.8,0.5852582239552865,0.45431237879434666,False,False,0.05141568627573845,0.06746145045585372,-0.006050735872427104,0.17244016248178906,0.25426317005385535,0.14533092819018417,0.20117819005560997,0.19854014598540146
2024-09-17,1235.199951171875,1240.5999755859375,1227.5999755859375,1232.0999755859375,1230.0992431640625,8030427,1230.0992431640625,0.000852966985271264,1183.5224548339843,0.03935437653915197,1198.4719897460936,0.026389647558362483,1189.1504846191406,0.03443530408856277,1134.1250790405275,0.08462396775912007,1315.160888671875,-0.06467774873818866,1315.160888671875,-0.06467774873818866,0.5785234899328859,72.63977387749041,6967146.4,8879722.3,1.1526135004138853,0.9043556463471836,False,False,0.03782013314659327,0.05488019221335749,-0.003554956014699573,0.19164131795859252,0.25635627651507,0.14111882553407315,0.2011569152573828,0.19708029197080293
2024-09-18,1231.9000244140625,1250.4000244140625,1225.0,1240.449951171875,1238.4356689453125,8210034,1238.4356689453125,0.0067770351275129315,1186.8195922851562,0.04349108912229216,1197.545361328125,0.034145101252647914,1190.92779296875,0.03989148314200874,1135.33396484375,0.0908117851611634,1315.160888671875,-0.05833903698584286,1315.160888671875,-0.05833903698584286,0.610738255033557,73.40768899096292,6903616.6,8959583.96,1.1892366676330202,0.916340985993729,False,False,0.045822530047155086,0.05624149016424873,0.010835736558676867,0.19873262592035323,0.2863658293356022,0.14153082189658753,0.20099585156839755,0.1927007299270073
2024-09-19,1248.449951171875,1261.699951171875,1239.0,1242.699951171875,1240.6820068359375,8449864,1240.6820068359375,0.0018138510921104078,1190.451190185547,0.04219477208684341,1196.6327319335937,0.03681102290354876,1192.091590576172,0.04076064007487923,1136.5069451904296,0.09166249452884134,1315.160888671875,-0.05663100421968181,1315.160888671875,-0.05663100421968181,0.6187919463087248,73.90996051508098,7034043.5,8989974.44,1.2012811692165395,0.9399208036013059,False,False,0.03270040597104096,0.06218223104453635,-0.02185763635759952,0.20357966551609974,0.2713750364012453,0.13946522673994582,0.18731219983405162,0.15766423357664233
2024-09-20,1244.0,1250.0,1229.9000244140625,1245.0,1242.978271484375,15009629,1242.978271484375,0.001850808374575852,1194.3972778320312,0.04067406595276557,1195.7211352539061,0.03952187080847569,1193.2454296875,0.04167863589462861,1137.6283084106444,0.09260490644867359,1315.160888671875,-0.05488500898197646,1315.160888671875,-0.05488500898197646,0.6281879194630873,71.6486717144219,7528426.85,9109757.24,1.9937271489859798,1.6476431374147134,True,False,0.02262935774619934,0.06779890123177013,-0.03068238394104028,0.19740595389274485,0.2709995289209344,0.13745952208580783,0.18589542387716232,0.145985401459854
2024-09-23,1251.5,1252.449951171875,1240.550048828125,1246.800048828125,1244.775390625,5462814,1244.775390625,0.0014458170201792075,1198.216064453125,0.03885720409960047,1194.7437255859375,0.04187648276999778,1194.1284338378907,0.04241332452350344,1138.564123840332,0.09328527446168033,1315.160888671875,-0.053518545641936144,1315.160888671875,-0.053518545641936144,0.6322147651006711,71.42859855119103,7631936.95,9062036.6,0.7157834290022534,0.6028240936479996,False,False,0.012794008175094573,0.06536781475897802,-0.031954464304531305,0.18512822831279374,0.2472632941721704,0.13760838140616005,0.18581782737872032,0.14452554744525548
2024-09-24,1241.0999755859375,1247.0999755859375,1235.3499755859375,1239.550048828125,1237.5372314453125,9225946,1237.5372314453125,-0.005814831522378716,1201.1263366699218,0.030313959209602004,1193.1912524414063,0.03716585996852495,1194.8727136230468,0.035706328662322484,1139.3934176635742,0.08613689728258289,1315.160888671875,-0.05902217583808422,1315.160888671875,-0.05902217583808422,0.6067114093959731,75.31730842378792,7658128.6,9020975.78,1.2047259169818592,1.02272151317094,False,False,0.0060466570665616,0.04935459636732342,-0.019555970165131664,0.18459403378730332,0.23939125000893968,0.13914491561490017,0.18239573253882504,0.11094890510948906
2024-09-25,1238.0,1271.0,1231.0999755859375,1268.0999755859375,1266.0406494140625,6853324,1266.0406494140625,0.023032372072928187,1205.9759460449218,0.04980588838950473,1192.4055297851562,0.06175342011553209,1196.0621447753906,0.05850741530810111,1140.2135922241212,0.11035393548019434,1315.160888671875,-0.03734922447961253,1315.160888671875,-0.03734922447961253,0.7006711409395974,79.60772995440028,7726619.65,8927299.72,0.8869757164764801,0.7676816299385991,False,False,0.022290201389515207,0.08296678081351416,0.005688594883610065,0.20508836272405562,0.2510015250622053,0.15052653084182457,0.18845405988334354,0.16058394160583941
2024-09-26,1267.550048828125,1281.6500244140625,1262.25,1277.0999755859375,1275.026123046875,7270078,1275.026123046875,0.007097302631610569,1211.052685546875,0.05282465268727066,1191.8684033203126,0.06977089038932593,1197.4247314453125,0.06480690565652192,1140.9741952514648,0.11748900926358452,1315.160888671875,-0.030517000597189536,1315.160888671875,-0.030517000597189536,0.7664429530201342,93.81710987096798,7725617.85,8964036.0,0.9410351561720077,0.8110273095735001,False,False,0.027681642855870825,0.0865236812434016,0.019694874900349157,0.22047910956206995,0.25192045779116,0.1509125763836624,0.1884229708370714,0.1591240875912409
2024-09-27,1273.0,1281.550048828125,1257.25,1273.1500244140625,1271.0826416015625,13372027,1271.0826416015625,-0.003092863255137801,1215.9397399902343,0.04535002829315449,1191.144580078125,0.06711029278930569,1198.7264343261718,0.060360900705475506,1141.6809133911133,0.11334316505834341,1315.160888671875,-0.03351547894252338,1315.160888671875,-0.03351547894252338,0.7328859060402685,90.30741630021313,7884693.9,9095726.32,1.6959475116719496,1.470143947778763,True,False,0.022610507972617322,0.08330148083429756,-0.004583841228358532,0.19833774757765132,0.24045408583376848,0.1524002634156384,0.1834676707136492,0.12408759124087591
2024-09-30,1263.5,1275.0,1229.3499755859375,1232.199951171875,1230.198974609375,8466919,1230.198974609375,-0.03216444443035904,1218.1062072753907,0.009927514745231347,1189.9435327148437,0.03382970770275873,1199.7784191894532,0.02535514469452904,1142.242819519043,0.07700302736625408,1315.160888671875,-0.06460191661287873,1315.160888671875,-0.06460191661287873,0.5798657718120805,64.85146557143929,7986421.75,9175143.38,1.0601642719406847,0.9228105381389691,False,False,-0.01171007727611506,0.036507249530898234,-0.037277841118875,0.16012125004691002,0.20336742129454244,0.19650698288886984,0.19492893014927348,0.16934306569343066
2024-10-01,1228.0999755859375,1242.949951171875,1224.6500244140625,1226.6500244140625,1224.6580810546875,11164280,1224.6580810546875,-0.0045040628947418115,1219.8558654785156,0.003936707370167936,1188.8283447265626,0.030138696210482818,1200.765517578125,0.019897776149295554,1142.7902389526366,0.07163855562599353,1315.160888671875,-0.06881500841207533,1315.160888671875,-0.06881500841207533,0.5463087248322148,63.00100276996582,8148623.45,9264517.84,1.3700817160719336,1.205057855444747,False,False,-0.01040708114743627,0.029414302769365186,-0.046193506064444945,0.15909426486052958,0.19497380560078814,0.1977855297804332,0.19476899221238894,0.1678832116788321
2024-10-03,1207.5,1219.1500244140625,1173.0999755859375,1175.699951171875,1173.790771484375,17300892,1173.790771484375,-0.041535927747690216,1219.7560302734375,-0.03768397749077601,1187.0801879882813,-0.011195045320760988,1201.3736315917968,-0.02295943525152533,1143.0167324829101,0.02692352450048241,1315.160888671875,-0.10749264094240485,1315.160888671875,-0.10749264094240485,0.35436241610738256,42.71025066904607,8687271.0,9434749.14,1.9915220786827073,1.833741601740139,True,False,-0.07286486257165736,-0.0016981845299615106,-0.08637855003965866,0.09345033563602767,0.159847470861614,0.24660258732724458,0.2119405822679694,0.33284671532846716
2024-10-04,1175.5,1202.800048828125,1174.0,1178.4000244140625,1176.4864501953125,13064515,1176.4864501953125,0.0022965581059464224,1219.6487060546874,-0.03538908838676669,1185.8651635742187,-0.007908751911253287,1201.9643090820311,-0.021196851432449537,1143.3300277709961,0.028999870220287383,1315.160888671875,-0.10544294593234438,1315.160888671875,-0.10544294593234438,0.3704697986577181,39.04632360052762,9128758.45,9489142.24,1.4311382069705219,1.3767856640327905,False,False,-0.07728443446796718,-0.001821164428756239,-0.08538122966781436,0.0919532468232862,0.15817277254026352,0.24658711059888536,0.2120100972392361,0.3343065693430657
2024-10-07,1182.949951171875,1184.8499755859375,1130.9000244140625,1145.699951171875,1143.8394775390625,20047013,1143.8394775390625,-0.02774955261986245,1218.9972595214845,-0.06165541505148664,1185.2621411132814,-0.03494810315573882,1202.1098010253907,-0.04847337858540379,1143.4077615356446,0.000377569593229099,1315.160888671875,-0.13026650397566397,1315.160888671875,-0.13026650397566397,0.21208053691275167,28.375977190523813,9637380.3,9230485.08,2.0801309459584156,2.1718265970048023,True,True,-0.10010612992257828,-0.011262240866529827,-0.11231051771393885,0.05403936387779118,0.1252603873484157,0.25776876753228833,0.21865551596262175,0.38248175182481753
2024-10-08,1153.0,1168.3499755859375,1142.5,1153.300048828125,1151.42724609375,8464570,1151.42724609375,0.006633595625683775,1218.12119140625,-0.054751485962990065,1184.781923828125,-0.028152588306380788,1202.4224523925782,-0.04241039095482457,1143.6039907836914,0.006840877937735579,1315.160888671875,-0.12449704366092629,1315.160888671875,-0.12449704366092629,0.23355704697986576,30.676819955421962,9675561.8,9028683.52,0.8748401565684795,0.937519847854851,False,False,-0.06403169742572523,-0.014988992825521463,-0.10993628997351934,0.0752155676527464,0.13808620010341421,0.25598475222277295,0.21903062562050432,0.3854014598540146
2024-10-09,1154.0,1185.0,1154.0,1170.1500244140625,1168.2498779296875,9807734,1168.2498779296875,0.014610242977147525,1217.2700805664062,-0.04027060503607316,1184.7839208984376,-0.013955323563314526,1202.8514538574218,-0.028766291811653577,1143.8564010620116,0.02132564616067878,1315.160888671875,-0.11170573274160145,1315.160888671875,-0.11170573274160145,0.31543624161073824,33.451054482153594,9729755.8,8832866.74,1.008014404636959,1.1103681611752698,False,False,-0.04606036901044308,-0.014361442298868932,-0.11170573274160145,0.10690796264945823,0.14226802130351923,0.2564830020993321,0.21834055244890554,0.37664233576642336
2024-10-10,1177.0,1191.0,1175.050048828125,1184.25,1182.326904296875,6806243,1182.326904296875,0.01204967073665264,1217.177734375,-0.028632490632947927,1185.06845703125,-0.002313412966237438,1203.308994140625,-0.017436992448257138,1144.1796951293945,0.03334022560430627,1315.160888671875,-0.1010020793038815,1315.160888671875,-0.1010020793038815,0.3959731543624161,36.96766704487771,9770051.5,8607190.7,0.6966435130869064,0.7907624261188962,False,False,0.007272278007182775,-0.0015596728995854736,-0.09422918429657923,0.12668867397550043,0.1496400498663666,0.2603686139464179,0.21986370158328672,0.40145985401459855
2024-10-11,1182.5,1188.199951171875,1166.0,1172.449951171875,1170.5460205078125,4754158,1170.5460205078125,-0.00996415098586334,1215.6352416992188,-0.03709107768904463,1185.1952514648438,-0.012360183639721356,1203.6282763671875,-0.027485442564729734,1144.4889767456054,0.022767404747139786,1315.160888671875,-0.10995983032167489,1315.160888671875,-0.10995983032167489,0.33691275167785234,34.48127416934351,9628115.85,8355332.34,0.493778645174902,0.5689968760715987,False,False,-0.0050492971563878,-0.025678341488147294,-0.10088193919168087,0.14585427364611037,0.13181720322990786,0.25678488420597595,0.22052981774781988,0.41021897810218977
2024-10-14,1171.550048828125,1175.0,1156.5999755859375,1164.3499755859375,1162.459228515625,9765296,1162.459228515625,-0.00690856390992578,1212.9845581054688,-0.04165372860867911,1185.0365087890625,-0.019051970218629144,1203.9036010742188,-0.03442499260041576,1144.7134310913086,0.015502392950346167,1315.160888671875,-0.11610872971629871,1315.160888671875,-0.11610872971629871,0.28456375838926173,32.82648159014229,9778252.35,8326828.26,0.9986749830607512,1.1727509797349898,False,False,0.016278290216580338,-0.04361567572420799,-0.11077600942069643,0.13229878079086288,0.11930123026135697,0.2528646257540882,0.22044784133337855,0.40875912408759124
2024-10-15,1166.0999755859375,1172.0,1149.5,1153.8499755859375,1151.976318359375,8741516,1151.976318359375,-0.009017873400717802,1209.1308288574219,-0.04726908712769773,1184.8967358398438,-0.02778336414028104,1204.1903173828125,-0.04336025482825623,1144.9353506469727,0.006149664003669342,1315.160888671875,-0.12407954929171683,1315.160888671875,-0.12407954929171683,0.23758389261744967,32.387981769727475,10013363.95,8290029.68,0.872984947281378,1.0544613635207154,False,False,0.00047686231803845125,-0.06271065319810476,-0.10716906065514009,0.09563128607071159,0.1599020799228319,0.2489303254013073,0.21973351147289907,0.39416058394160586
2024-10-16,1151.0,1162.949951171875,1148.0999755859375,1153.199951171875,1151.3272705078125,7739854,1151.3272705078125,-0.0005634211756079255,1205.1922302246094,-0.04469408146346754,1185.2900952148439,-0.02865359699211467,1204.0789831542968,-0.043810840804057505,1145.2280978393555,0.005325727407460512,1315.160888671875,-0.12457306142179392,1315.160888671875,-0.12457306142179392,0.22818791946308725,23.328739270270546,9998835.3,8204559.52,0.7740755565800749,0.9433600891227371,False,False,-0.014485434787174456,-0.0640370873277124,-0.1008188437990386,0.09314695257916639,0.15035125532225124,0.24868155679334916,0.21940957448168977,0.39124087591240875
2024-10-17,1151.0,1151.3499755859375,1124.0,1131.8499755859375,1130.0120849609375,6595231,1130.0120849609375,-0.018513576541510757,1199.7710510253905,-0.05814356497836248,1185.4049096679687,-0.04672903263286354,1203.66720703125,-0.06119226447314874,1145.4496835327147,-0.013477325799388873,1315.160888671875,-0.14078034505566195,1315.160888671875,-0.14078034505566195,0.17852348993288591,18.111997697964085,9918095.15,8165041.7,0.6649695229027924,0.8077400266063552,False,False,-0.04424733899381994,-0.08754882203668413,-0.10401733919139844,0.06534075150409224,0.13164849952702595,0.2514322671914965,0.22043423892894198,0.4072992700729927
2024-10-18,1158.0,1203.8499755859375,1156.050048828125,1196.8499755859375,1194.9063720703125,20829666,1194.9063720703125,0.057427958490920306,1197.4822692871094,-0.0021510942440344794,1186.6039575195311,0.006996786499968044,1203.774686279297,-0.007367088135401101,1145.9660629272462,0.04270659553220413,1315.160888671875,-0.09143711437693558,1315.160888671875,-0.09143711437693558,0.4429530201342282,36.79013788268287,10537085.25,8414228.78,1.976795812675047,2.475528838663215,True,False,0.020811101089329043,-0.03689554173705223,-0.03421436303130465,0.06279817213019712,0.20228216474763672,0.33381085484160505,0.24869922169478875,0.7328467153284671
2024-10-21,1196.8499755859375,1214.800048828125,1185.550048828125,1190.300048828125,1188.3671875,7456038,1188.3671875,-0.005472549752147171,1194.7517150878907,-0.005343811192956571,1187.645263671875,0.0006078614972058194,1203.8526867675782,-0.012863284218900373,1146.3893905639648,0.036617398312962735,1315.160888671875,-0.09640926997146226,1315.160888671875,-0.09640926997146226,0.4147651006711409,41.7649608921793,10159405.7,8405280.98,0.7339049369787448,0.8870658836678176,False,False,0.022287197992705066,-0.043935670668770466,0.01224591313327994,0.05389600133286376,0.17680292956126986,0.3337987906575385,0.22549580490048832,0.4759124087591241
2024-10-22,1194.25,1198.0,1173.3499755859375,1175.75,1173.8408203125,7256246,1173.8408203125,-0.01222380366968856,1191.2049865722656,-0.014576975798037628,1188.3041943359376,-0.012171440690336155,1204.0213562011718,-0.025066445651674263,1146.732604675293,0.02363952636097144,1315.160888671875,-0.10745458565308164,1315.160888671875,-0.10745458565308164,0.35570469798657717,40.337896834514936,10249077.3,8425164.18,0.7079901719543085,0.8612587060588296,False,False,0.01897999256118732,-0.05698583924999023,-0.0013588891027063177,0.015016187200906694,0.15460450600667608,0.3354306770463663,0.2269402378058627,0.49635036496350365
2024-10-23,1175.0999755859375,1183.1500244140625,1158.6500244140625,1160.4000244140625,1158.515625,6501834,1158.515625,-0.013055599232287829,1187.25390625,-0.02420567420221953,1188.226318359375,-0.025004237745211322,1203.954970703125,-0.03774173188270302,1147.0268759155274,0.010016111501574443,1315.160888671875,-0.11910730087941135,1315.160888671875,-0.11910730087941135,0.25906040268456376,46.64179064422529,10112871.7,8373633.18,0.6429265784119461,0.7764651090197385,False,False,0.006243537069192229,-0.06385392248201183,-0.008247570271545435,-0.003949438041281894,0.14025772148619775,0.33729657576076993,0.22818168602428465,0.5182481751824818
2024-10-24,1165.0,1175.199951171875,1154.6500244140625,1167.3499755859375,1165.4544677734375,5046700,1165.4544677734375,0.005989425281542893,1182.2245971679688,-0.014185231329735704,1188.3810693359376,-0.019292297861418617,1204.0158349609376,-0.03202729238918289,1147.3787869262696,0.01575389143771,1315.160888671875,-0.11383125987697185,1315.160888671875,-0.11383125987697185,0.2993288590604027,47.61906267355019,10022540.5,8350957.92,0.5035350069176573,0.6043258807368054,False,False,0.03136460510838268,-0.07944940921697685,-0.0022648999757134414,0.016002940505732477,0.1752436939795583,0.32499742461048836,0.22851564202573874,0.5226277372262774
2024-10-25,1187.0,1201.75,1170.0,1189.3499755859375,1187.418701171875,12798716,1187.418701171875,0.01884606735465133,1177.8442260742188,0.008128812695009868,1189.1048950195313,-0.0014180362512330458,1203.6803186035156,-0.013509913870243362,1147.8627157592773,0.034460554271450894,1315.160888671875,-0.09713046411302684,1315.160888671875,-0.09713046411302684,0.4134228187919463,59.85998310826673,10298972.4,8506495.42,1.2427177686193236,1.504581542465581,False,False,-0.006266324352647179,-0.06871029564919684,0.01993839267758246,0.04272272170978786,0.1845820378617271,0.3328666143975097,0.23160710088434436,0.5562043795620438
2024-10-28,1194.0,1194.0,1167.050048828125,1171.5999755859375,1169.697509765625,8572243,1169.697509765625,-0.014924130290992377,1172.774969482422,-0.0026240837303640463,1189.1997412109374,-0.016399458198211314,1204.091873779297,-0.02856456783959349,1148.2313522338868,0.018694975964535177,1315.160888671875,-0.11060500670237183,1315.160888671875,-0.11060500670237183,0.3288590604026846,53.95248462262447,10058983.2,8555797.6,0.8521977648794563,1.0019221352314365,False,False,-0.015710361183609356,-0.07976281676555064,-0.0005971075795949687,0.025229945281336486,0.16314099811517768,0.33538721549090994,0.23349133135787103,0.5737226277372263
2024-10-29,1176.4000244140625,1191.199951171875,1157.5999755859375,1186.8499755859375,1184.922607421875,9908946,1184.922607421875,0.01301626918851917,1170.5111511230468,0.012312105087594505,1189.8706469726562,-0.004158468454844466,1204.124454345703,-0.01594672947179865,1148.552410583496,0.03166611858826873,1315.160888671875,-0.09902840205468866,1315.160888671875,-0.09902840205468866,0.4040268456375839,53.631987593330564,10131084.55,8620140.06,0.9780735666646864,1.149511020822091,False,False,0.009440621690447681,-0.03680410089910591,0.022397261666309065,0.053264082784686195,0.19631955183398486,0.323071517370926,0.23404856354761314,0.5781021897810219
2024-10-30,1178.75,1187.6500244140625,1164.300048828125,1170.4000244140625,1168.4993896484375,9686560,1168.4993896484375,-0.013860160714775027,1167.7032165527344,0.0006818282971365885,1189.9185693359375,-0.018000542423212584,1204.127978515625,-0.029588706103406248,1148.7237661743163,0.017215299322988153,1315.160888671875,-0.11151601320165827,1315.160888671875,-0.11151601320165827,0.3181208053691275,47.01829271823781,10057198.55,8679436.28,0.9631469391642864,1.1160356142392234,False,False,0.008617721188212357,-0.04585662910735511,0.032554045049955516,0.037791388508470636,0.1814637622702635,0.32585196607643113,0.2306126962839443,0.545985401459854
2024-10-31,1165.5,1178.0,1153.8499755859375,1159.550048828125,1157.6671142578125,8682294,1157.6671142578125,-0.009270244799942984,1166.8970336914062,-0.007909797666033502,1189.6220532226562,-0.026861421136468167,1203.865057373047,-0.03837468562800794,1148.9155307006836,0.007617255858480387,1315.160888671875,-0.11975247726010829,1315.160888671875,-0.11975247726010829,0.2536912751677852,47.21143843089492,9626268.65,8663469.56,0.9019376370718679,1.0021728523277686,False,False,-0.006681817034433379,-0.013736398017657359,0.02970435170087926,0.04015145773629181,0.1837047905262268,0.2925467248754281,0.2310446443324189,0.5532846715328467
2024-11-01,1164.050048828125,1172.5,1164.0,1169.550048828125,1167.65087890625,460781,1167.65087890625,0.008624037536764773,1166.455255126953,0.0010250061235026475,1189.6140698242189,-0.01846245053340212,1203.57029296875,-0.029844051712094366,1149.184398498535,0.016069205631265238,1315.160888671875,-0.11216118958235521,1315.160888671875,-0.11216118958235521,0.3100671140939597,51.11494556611866,8996081.95,8555858.66,0.05122018702819843,0.05385561149510621,False,False,-0.01664772691058003,-0.007510134339070107,0.028809009003776698,0.044953765031580994,0.2137847757465261,0.29421578316524216,0.23090702407486355,0.5489051094890511
2024-11-04,1172.0,1176.949951171875,1135.449951171875,1139.25,1137.4000244140625,9288653,1137.4000244140625,-0.02590744805546996,1166.133282470703,-0.02463977187561528,1189.0809399414063,-0.04346290802532793,1203.0268884277343,-0.054551452378126974,1149.3496481323243,-0.010396856811745514,1315.160888671875,-0.13516282744488062,1315.160888671875,-0.13516282744488062,0.2,47.11461927202063,8458163.95,8639192.48,1.0981878638093792,1.0751760678447113,False,False,-0.02761182705948828,-0.005629682531026359,0.0009664197082586146,0.007181272460730748,0.19329027707082092,0.2919936514302497,0.23719223907254738,0.5883211678832116
2024-11-05,1138.949951171875,1174.9000244140625,1133.449951171875,1171.699951171875,1169.7972412109375,11701049,1169.7972412109375,0.028483573150584807,1167.0517822265624,0.002352474008597172,1189.1088916015624,-0.0162404389766313,1202.874295654297,-0.027498346720733036,1149.5833584594727,0.01758365985616983,1315.160888671875,-0.1105291745770619,1315.160888671875,-0.1105291745770619,0.3302013422818792,53.24790236329728,8619987.9,8805361.22,1.3574321838665226,1.3288550813137452,False,False,-0.012764855794123897,0.01595410841588829,0.025333595257797548,0.044310668447473,0.2063209189509303,0.308533021434936,0.24410431949508987,0.6802919708029197
2024-11-06,1171.800048828125,1183.550048828125,1161.449951171875,1166.5,1164.605712890625,10353506,1164.605712890625,-0.004437972784872013,1166.8695739746095,-0.001940114931845649,1188.8143701171875,-0.02036369834945395,1202.8019714355469,-0.03175606579637924,1149.8180465698242,0.012860875131431415,1315.160888671875,-0.1144766218932265,1315.160888671875,-0.1144766218932265,0.2953020134228188,56.44890344679122,8647276.5,8838389.08,1.197314090742906,1.1714245555707081,False,False,-0.0033322026458088017,-0.003119336973970377,0.0018894281287458181,0.03488336145501636,0.16419869811140253,0.3047480043809664,0.24128718976987465,0.618978102189781
2024-11-07,1168.5999755859375,1172.9000244140625,1151.050048828125,1159.9000244140625,1158.0166015625,6252889,1158.0166015625,-0.005657804401259847,1165.6540588378907,-0.006552078824316854,1188.5937329101562,-0.0257254690993457,1202.5999084472655,-0.03707243495663426,1150.0240286254882,0.006949918208721817,1315.160888671875,-0.1194867399592976,1315.160888671875,-0.1194867399592976,0.25771812080536916,41.21287510169711,8619608.8,8853776.8,0.7254260773412361,0.7062397371481061,False,False,0.00030188929130248177,-0.02056140534908346,0.0002588565583550029,0.01886700451786938,0.1734687294987951,0.30194319329685165,0.2414299963559758,0.621897810218978
2024-11-08,1156.0,1167.75,1151.0999755859375,1160.949951171875,1159.064697265625,3786168,1159.064697265625,0.0009050783051907096,1165.0799926757813,-0.00516298919213376,1188.3052001953124,-0.024606896380560683,1202.3000854492188,-0.03596056317956564,1150.237246398926,0.007674460981276221,1315.160888671875,-0.11868980651020189,1315.160888671875,-0.11868980651020189,0.2697986577181208,42.83266769537986,8571209.3,8783697.88,0.44173090021264555,0.43104488015473497,False,False,-0.007353380874142612,-0.009808519307260233,0.006807760272000696,0.017957649575339074,0.1833232573879986,0.3000601307274091,0.2411393304239794,0.6131386861313869
2024-11-11,1152.0,1176.800048828125,1142.949951171875,1171.0,1169.098388671875,6620678,1169.098388671875,0.00865671383997868,1165.4119506835937,0.003163205925697854,1188.2203369140625,-0.016092931292397528,1201.7539331054688,-0.027173236994705086,1150.684192199707,0.016002823882516726,1315.160888671875,-0.1110605563609045,1315.160888671875,-0.1110605563609045,0.32550335570469796,48.813943264663145,8413978.4,8712301.32,0.786866531532812,0.7599229820944714,False,False,0.02786914328944401,0.005711305819067425,0.0035565217236404045,0.030109106710320743,0.20591037806497492,0.300617576255534,0.24055451288926297,0.6043795620437956
2024-11-12,1171.6500244140625,1187.0,1153.800048828125,1158.1500244140625,1156.2694091796875,9606088,1156.2694091796875,-0.010973395923299045,1165.6266052246094,-0.008027610216668646,1187.6083325195314,-0.026388264953781326,1200.951298828125,-0.0372054134851576,1150.9911752319335,0.004585816174212054,1315.160888671875,-0.12081524082779349,1315.160888671875,-0.12081524082779349,0.24697986577181208,49.4311306714581,8457207.0,8775775.84,1.1358463852191392,1.094614103087665,False,False,-0.011564253662665891,0.0037267179471420775,0.004248902389853759,0.02934619791630433,0.17914837089917635,0.30151343437726585,0.24041533910179094,0.602919708029197
2024-11-13,1151.9000244140625,1165.5,1135.0999755859375,1139.1500244140625,1137.30029296875,8079113,1137.30029296875,-0.01640544674133959,1164.9252563476562,-0.02371393634774266,1186.5610400390624,-0.041515560858707,1199.979423828125,-0.052233504687454135,1151.1082901000977,-0.01199539370022873,1315.160888671875,-0.13523865957019054,1315.160888671875,-0.13523865957019054,0.19798657718120805,43.279291187103084,8474169.95,8778953.18,0.9533810447122317,0.9202820466574125,False,False,-0.023446063864911992,-0.012183310426474692,-0.02470019527426648,-0.021644087008150237,0.15288399994184076,0.3073406711204727,0.24132006569396355,0.6204379562043796
2024-11-14,1137.550048828125,1150.75,1131.5999755859375,1140.699951171875,1138.84765625,5975873,1138.84765625,0.0013605582367439695,1165.3670349121094,-0.022756245772911687,1185.8222436523438,-0.039613515140061506,1199.116298828125,-0.050260881815237246,1151.3693154907226,-0.010875449842421503,1315.160888671875,-0.134062101405651,1315.160888671875,-0.134062101405651,0.20268456375838925,37.153338309781304,8443202.05,8767911.82,0.7077733026654265,0.6815617130602027,False,False,-0.01655325604713742,0.007819006014761376,-0.028695494105087538,-0.027614690507553052,0.1309494405555538,0.2998427054936913,0.24104595400980855,0.6116788321167883
2024-11-18,1131.199951171875,1135.0,1121.550048828125,1126.199951171875,1124.37109375,9474971,1124.37109375,-0.01271158826253238,1161.8402709960938,-0.0322498523949164,1184.7370068359376,-0.05095300707045192,1197.6759460449218,-0.0612059151200256,1151.708097229004,-0.02373605216875385,1315.160888671875,-0.14506954743350486,1315.160888671875,-0.14506954743350486,0.17315436241610738,37.80215867042301,7875467.3,8872715.92,1.2030995290908009,1.0678771962756586,False,False,-0.029932413261719915,-0.05902996248827597,-0.03739476328257252,-0.05048931893673669,0.10399555661723281,0.2146611065658894,0.2422765959062353,0.6321167883211679
2024-11-19,1130.0,1139.0,1122.050048828125,1133.949951171875,1132.1085205078125,19225966,1132.1085205078125,0.006881559656613634,1159.0273376464843,-0.023225351347909595,1184.2418090820313,-0.0440225029841077,1196.1738012695312,-0.05355850520528416,1152.169864807129,-0.01741179396553194,1315.160888671875,-0.13918629252191284,1315.160888671875,-0.13918629252191284,0.1865771812080537,35.190308268108154,8463963.7,9059743.72,2.2715085604632264,2.122131331105688,True,True,-0.03163965370449606,-0.047341148076076034,-0.02744540109318938,-0.04104689735695832,0.11072236937932489,0.21720058215369337,0.2426696652416848,0.6408759124087591
2024-11-21,1138.0,1152.0,1115.75,1139.1500244140625,1137.30029296875,8126248,1137.30029296875,0.00458593179619271,1157.2003112792968,-0.017196692842699868,1183.6088427734376,-0.03912487650580332,1194.6881591796875,-0.04803585418503009,1152.5628182983398,-0.01324225030278492,1315.160888671875,-0.13523865957019054,1315.160888671875,-0.13523865957019054,0.19798657718120805,40.66330045787941,8507463.8,9068249.88,0.9551904293733227,0.8961208731050097,False,False,-0.01640544674133959,-0.03112903105041298,-0.0266170612221871,-0.01700434588565225,0.11559768279810045,0.21523527359922037,0.2427373749401429,0.6423357664233577
2024-11-22,1136.6500244140625,1147.9000244140625,1127.550048828125,1142.4000244140625,1140.544921875,16687505,1140.544921875,0.0028529218943400547,1156.301776123047,-0.013626939414447592,1182.7142993164061,-0.03565474558460946,1193.471396484375,-0.04434666366138407,1153.0076596069337,-0.010808894137079972,1315.160888671875,-0.1327715630086994,1315.160888671875,-0.1327715630086994,0.2040268456375839,44.632208813640275,9016747.35,9227522.9,1.8507233653386108,1.8084490475770045,True,False,0.0028529218943400547,-0.015511834918065959,-0.032888849141804566,-0.02112102712399644,0.11084500531683172,0.2112713349495137,0.2419931005000332,0.6291970802919709
2024-11-25,1160.0,1164.5,1142.0,1155.9000244140625,1154.0230712890625,12385823,1154.0230712890625,0.011817289398742048,1155.730206298828,-0.001477105124069178,1182.1112841796876,-0.023761056396747415,1192.422833251953,-0.0322031421171024,1153.4518045043944,0.0004952671472160386,1315.160888671875,-0.12252327359395454,1315.160888671875,-0.12252327359395454,0.24563758389261744,45.8192932879658,9383703.5,9355232.78,1.3199290663862089,1.3239459980599222,False,False,0.013325237098904097,-0.00980853117858338,-0.012852667031783449,-0.004610244986519185,0.12819253039539058,0.2147026698962972,0.24265228692383942,0.6394160583941606
2024-11-26,1157.0999755859375,1159.5999755859375,1142.6500244140625,1144.800048828125,1142.9410400390625,5127437,1142.9410400390625,-0.009602954677172315,1153.5063232421876,-0.009159276364804847,1180.9421875,-0.032178668747014805,1191.3482470703125,-0.040632289635117114,1153.7582369995116,-0.009375618403887231,1315.160888671875,-0.13094964282790522,1315.160888671875,-0.13094964282790522,0.2080536912751678,51.92642967122698,9000139.55,9305924.1,0.5697063886081632,0.5509863335334961,False,False,0.016515851743509335,-0.03745743695035042,-0.02603367584355787,-0.06390761062403438,0.10019073317824323,0.2043686519470273,0.24328575367069974,0.6598540145985401
2024-11-27,1145.199951171875,1155.449951171875,1133.550048828125,1149.6500244140625,1147.7830810546875,5989943,1147.7830810546875,0.004236474888905439,1152.4106018066407,-0.00401551386693122,1179.5883911132812,-0.026963057875278196,1190.05671875,-0.03552237219391996,1154.1746731567382,-0.005537803116550166,1315.160888671875,-0.12726793281255133,1315.160888671875,-0.12726793281255133,0.22013422818791947,40.532398997906355,8871024.55,9290471.64,0.6752256141597534,0.6447404644356677,False,False,0.013845457624366286,-0.018735124703589845,-0.021782635772274128,0.017049510785054345,0.12099891120752848,0.19933968332624663,0.24346516407009944,0.6642335766423357
2024-11-28,1148.5,1154.449951171875,1129.4000244140625,1132.5,1130.6610107421875,10731275,1130.6610107421875,-0.01491751411492026,1149.6975219726562,-0.016557843142782303,1177.6205932617188,-0.039876665530673816,1188.584990234375,-0.04873356130869999,1154.5331832885743,-0.020676904650232086,1315.160888671875,-0.14028692574336366,1315.160888671875,-0.14028692574336366,0.17986577181208055,36.76011126124968,8912141.0,9424311.46,1.2041186287335446,1.1386800028359843,False,False,-0.005837756542937056,-0.045793367718545364,-0.047358713033933686,-0.04316245249579653,0.13981402906346574,0.19818764985423348,0.24403142198073008,0.6773722627737226
2024-11-29,1133.550048828125,1140.9000244140625,1127.699951171875,1136.300048828125,1134.4549560546875,6406277,1134.4549560546875,0.003355510870592049,1147.9953002929688,-0.011794773231933786,1175.7077075195311,-0.03508759124483185,1187.0898486328124,-0.04433943449078026,1154.9677761840821,-0.017760512935839023,1315.160888671875,-0.13740214917710547,1315.160888671875,-0.13740214917710547,0.1906040268456376,40.60509538638861,8748126.85,9391828.46,0.7323027100367206,0.6821117982812901,False,False,-0.0053395229802092325,-0.02913517447706393,-0.046407992829684,-0.028842275321700472,0.15017402445593575,0.19421252229491454,0.2440933854095175,0.6788321167883211
2024-12-02,1132.699951171875,1141.4000244140625,1126.5999755859375,1137.0999755859375,1135.2535400390625,4785858,1135.2535400390625,0.000703936264822902,1146.8746215820313,-0.010132826487117108,1173.6440649414062,-0.032710534692015236,1185.5947131347657,-0.04246069296530419,1155.3113400268555,-0.017361380688366457,1315.160888671875,-0.13679493526795283,1315.160888671875,-0.13679493526795283,0.19463087248322147,40.48667624529482,8553305.05,9323344.94,0.559533183023795,0.5133198472006765,False,False,-0.01626443328297944,-0.019360983777378382,-0.03447386231655125,-0.04113797781501871,0.14738618249257152,0.19207123665542844,0.24302885537720445,0.6510948905109489
2024-12-03,1144.4000244140625,1164.9000244140625,1138.0,1160.5,1158.615478515625,8382042,1158.615478515625,0.02057860878879847,1146.4228515625,0.010635366293080484,1172.002734375,-0.01142254660908626,1184.3177331542968,-0.021702161437891054,1155.9373165893555,0.0023168747023165626,1315.160888671875,-0.11903137593632251,1315.160888671875,-0.11903137593632251,0.2644295302013423,46.21486198676991,8949368.1,9321988.5,0.9366071331896607,0.8991688844070125,False,False,0.013714126912466762,-0.0077381009630965725,-0.01698362184490043,-0.03217021297423528,0.16360647246413684,0.20424154742711498,0.2467714547174144,0.7153284671532847
2024-12-04,1157.5,1168.0,1153.9000244140625,1159.449951171875,1157.567138671875,18379798,1157.567138671875,-0.0009048211966692365,1147.4312072753905,0.008833585257413956,1170.29451171875,-0.010875359082204938,1183.007823486328,-0.021505085857741246,1156.4807357788086,0.0009394042282380166,1315.160888671875,-0.11982849502097592,1315.160888671875,-0.11982849502097592,0.2523489932885906,50.512151247209445,9403925.35,9389391.88,1.9544814868186933,1.9575067517578144,True,False,0.0085243089732574,0.01773088959462754,0.000603984397702817,-0.028675152400894133,0.16144810788344088,0.18059401312456966,0.2438161628555303,0.6744525547445256
2024-12-05,1164.0,1176.9000244140625,1150.0999755859375,1166.4000244140625,1164.5059814453125,10640451,1164.5059814453125,0.005994332891480214,1147.1666442871094,0.015114924448468736,1168.6891235351563,-0.003579345444056359,1181.7164245605468,-0.014563936624333973,1157.0822940063476,0.006415868151659954,1315.160888671875,-0.11455245401853642,1315.160888671875,-0.11455245401853642,0.29395973154362415,61.86325286775078,9350895.45,9492944.62,1.1379071723018783,1.12087991934372,False,False,0.029933791279234567,-0.004523228111008026,-0.003800532308440685,-0.017341398311060074,0.15746174162712867,0.15018569866656992,0.24318189719966588,0.654014598540146
2024-12-06,1167.5,1193.8499755859375,1160.0,1184.550048828125,1182.62646484375,7542210,1182.62646484375,0.015560661505531703,1148.0676818847655,0.030101694790545697,1167.590908203125,0.012877418396280538,1180.3910803222657,0.0018937660227609232,1157.6544918823242,0.02157117960197419,1315.160888671875,-0.10077430447461522,1315.160888671875,-0.10077430447461522,0.39731543624161075,66.67931674684584,9210330.65,9459269.9,0.8188859104640287,0.7973353207735409,False,False,0.04246224896983963,0.015473693588876847,-0.002232086534883604,0.009206331282505031,0.16091089809138426,0.15918050715276735,0.24359365608031908,0.6671532846715329
2024-12-09,1184.25,1186.0,1161.0,1163.25,1161.3609619140625,6308112,1161.3609619140625,-0.017981588914042335,1148.2348999023438,0.011431512848838699,1165.497314453125,-0.003549002205125884,1178.9514221191407,-0.014920428335766123,1157.9901748657226,0.0029108943422000433,1315.160888671875,-0.11694381127249642,1315.160888671875,-0.11694381127249642,0.2791946308724832,63.39962519025707,9213091.8,9448365.66,0.6846900190444211,0.6676405451479954,False,False,0.022996996665697766,0.0028880072591792594,-0.019264795141655022,-0.014311331472993905,0.09809705954321113,0.1713718738735951,0.24638569961185208,0.7036496350364964
2024-12-10,1157.0,1165.050048828125,1151.25,1153.6500244140625,1151.776611328125,4714389,1151.776611328125,-0.008252688785182927,1147.8704956054687,0.0034029237075179353,1163.03232421875,-0.00967790202923724,1177.4503637695314,-0.021804530561452706,1158.4008908081055,-0.005718468910498986,1315.160888671875,-0.12423139917789439,1315.160888671875,-0.12423139917789439,0.23624161073825503,57.03071204717599,9259502.85,9397251.88,0.5091406176304595,0.5016774116732519,False,False,-0.005902620251769575,-0.00628790261207457,-0.04130134268660268,-0.03134475410477289,0.0747408359996764,0.17393573967699585,0.2449821686647464,0.6934306569343066
2024-12-11,1150.0,1158.3499755859375,1144.550048828125,1147.25,1145.386962890625,7788242,1145.386962890625,-0.005547645589132122,1146.6849243164063,-0.00113192508095028,1160.5184106445313,-0.01303852452069465,1175.831495361328,-0.025891917839254375,1158.7968673706055,-0.011572265042801289,1315.160888671875,-0.12908985299334552,1315.160888671875,-0.12908985299334552,0.2134228187919463,52.866179206507155,9317881.05,9285576.18,0.8358383154075572,0.8387462284542907,False,False,-0.010522219726472937,-0.02028180520220102,-0.0576614562755583,-0.06400734508555006,0.03936569848723326,0.17157153949454326,0.24383120394366395,0.6759124087591241
2024-12-12,1145.0,1154.550048828125,1143.5999755859375,1145.6500244140625,1143.7896728515625,4825283,1143.7896728515625,-0.0013945418367879991,1146.0609375,-0.001981800944539591,1158.790224609375,-0.012945010614728858,1174.3668786621095,-0.02603718341016381,1159.2137881469725,-0.01330566928475363,1315.160888671875,-0.13030437362942948,1315.160888671875,-0.13030437362942948,0.21073825503355706,51.16363365742828,9078840.8,9212743.46,0.5314866849521142,0.5237617894116418,False,False,-0.017789782898356754,-0.010793104296496714,-0.06937160229768724,-0.07500258892756406,0.01859831922322397,0.16748354031904536,0.24253644163714114,0.635036496350365
2024-12-13,1141.0,1152.699951171875,1113.6500244140625,1148.1500244140625,1146.28564453125,8731618,1146.28564453125,0.00218219462802538,1146.510205078125,-0.0001958644117430186,1157.2227758789063,-0.00945118915357468,1173.0255603027344,-0.022795680398117968,1159.515245666504,-0.011409596540189804,1315.160888671875,-0.12840652850554646,1315.160888671875,-0.12840652850554646,0.2174496644295302,46.98794608193015,9111466.05,9164090.22,0.9583109844326314,0.9528079482395143,False,False,-0.03072890840245268,0.007900597245996677,-0.06813563954175528,-0.07144837635485046,0.01464641891545826,0.15670521158150302,0.24259705556609185,0.6364963503649635
2024-12-16,1146.5,1155.0,1141.75,1150.9000244140625,1149.0311279296875,3975202,1149.0311279296875,0.0023951127814745288,1147.0193786621094,0.0017538930073917047,1156.7275830078124,-0.00665364532772017,1171.903885498047,-0.019517605369691937,1159.8523782348632,-0.009329851374400011,1315.160888671875,-0.12631896384172048,1315.160888671875,-0.12631896384172048,0.22281879194630871,52.535328937204746,9011432.5,8897576.42,0.4411287550564242,0.4467735720779569,False,False,-0.010616711245445942,0.008941908624740647,-0.0721915100295557,-0.062138021655332,0.027923495519299957,0.1568288129662852,0.24215817174988036,0.6306569343065693
2024-12-17,1145.25,1151.8499755859375,1130.0,1136.25,1134.4049072265625,7292817,1134.4049072265625,-0.012729177084591536,1147.5210693359375,-0.01142999676421208,1155.8859521484376,-0.018584052243171945,1170.8755578613282,-0.031148186833262925,1160.0330795288087,-0.02209262197303552,1315.160888671875,-0.13744020446642868,1315.160888671875,-0.13744020446642868,0.18926174496644296,44.85013833962377,8902324.8,8782142.46,0.819203653409725,0.8304143360480171,False,False,-0.015082528964996955,0.00892393403951508,-0.08566022479878577,-0.10564553111242314,0.017244582046732626,0.1568484638843462,0.2432337301148627,0.6554744525547446
2024-12-18,1136.199951171875,1139.9000244140625,1115.949951171875,1122.25,1120.4276123046875,7222127,1120.4276123046875,-0.012321257456517243,1146.9370239257812,-0.023113223366315494,1155.41771484375,-0.030283508803389148,1170.3399279785156,-0.04264770814069352,1160.1643447875977,-0.03425095130826927,1315.160888671875,-0.1480680257788386,1315.160888671875,-0.1480680257788386,0.16778523489932887,45.96296203550852,8302132.85,8525644.74,0.8699122418885408,0.8471062565058276,False,False,-0.02179119493637971,-0.010317834369699352,-0.09859436966129465,-0.12625164329796212,-0.007146220493743027,0.1612212194933527,0.24416285420826,0.6832116788321168
2024-12-19,1104.9000244140625,1119.050048828125,1101.050048828125,1108.9000244140625,1107.099365234375,11677610,1107.099365234375,-0.011895678867550163,1145.4269775390626,-0.033461419240390256,1154.5311572265625,-0.041083163234961195,1169.6565405273439,-0.053483371507301425,1160.2868301391602,-0.04583992813087956,1315.160888671875,-0.15820233496117153,1315.160888671875,-0.15820233496117153,0.1597315436241611,39.96332826043922,8479700.95,8589905.54,1.3771252157188398,1.3594573241372339,False,False,-0.03207784480665532,-0.02655492829913908,-0.11060310673518225,-0.13902330801357388,-0.006040457784196707,0.1649387466444428,0.24497858618447615,0.691970802919708
2024-12-20,1103.949951171875,1105.8499755859375,1065.0,1071.8499755859375,1070.109375,12623056,1070.109375,-0.03341162626946692,1141.9052001953125,-0.0628737176983103,1152.5683471679688,-0.0715436723302203,1168.6761340332032,-0.08434052528568436,1160.255041809082,-0.07769469949342,1315.160888671875,-0.18632816393995877,1315.160888671875,-0.18632816393995877,0.11006711409395974,31.114305552311563,8276478.5,8646211.98,1.5251723302368272,1.459952176652509,True,False,-0.06645487527011706,-0.06175604794172196,-0.1352911671592898,-0.15220138729584853,-0.05156760151007678,0.19946558162741349,0.253281182593311,0.743065693430657
2024-12-23,1075.0999755859375,1083.550048828125,1072.4000244140625,1079.1500244140625,1077.3975830078125,3886921,1077.3975830078125,0.00681071316454207,1138.07392578125,-0.05331493974065449,1150.4697607421874,-0.06351507899454467,1167.7691088867186,-0.07738817989890223,1160.2838864135742,-0.071436227268451,1315.160888671875,-0.18078647845448748,1315.160888671875,-0.18078647845448748,0.12483221476510067,24.0345146523363,7851533.4,8587825.54,0.4950524696233222,0.4526082862181665,False,False,-0.062342562512595845,-0.06639857571968477,-0.14900237720925946,-0.14416139648628779,-0.0312753059766282,0.19524431520831428,0.24848924241197423,0.7284671532846715
2024-12-24,1077.300048828125,1084.75,1076.0,1078.9000244140625,1077.1480712890625,4343694,1077.1480712890625,-0.00023158741274820205,1134.78427734375,-0.05079045172321184,1148.6018017578126,-0.062209314280543326,1166.8985266113282,-0.07691367610421185,1160.306994934082,-0.07166975982054113,1315.160888671875,-0.18097619799443054,1315.160888671875,-0.18097619799443054,0.12348993288590604,24.157906752515004,7812346.25,8579616.26,0.5560037741542754,0.50628068533219,False,False,-0.050473015034361746,-0.05756462183539357,-0.15519529222268158,-0.13855696918778115,-0.03634006111772792,0.19409858893168205,0.24772475596653196,0.7211678832116788
2024-12-26,1083.0,1092.5999755859375,1072.75,1076.699951171875,1074.9515380859375,4775460,1074.9515380859375,-0.002039211935362162,1131.1427001953125,-0.04967645735562154,1146.8516479492187,-0.06269347041690332,1165.9440783691407,-0.0780419421233981,1160.198659362793,-0.0734763142405932,1315.160888671875,-0.18264636110682597,1315.160888671875,-0.18264636110682597,0.11812080536912752,20.317656064644666,7751622.1,8479819.54,0.6160594438678841,0.5631558522529597,False,False,-0.04058814127688892,-0.06345410049242561,-0.1543024010370404,-0.1581789445578906,-0.038219354283455687,0.19231328150194865,0.24772680321948476,0.7226277372262774
2024-12-27,1078.0999755859375,1086.25,1076.0,1077.449951171875,1075.7003173828125,3801667,1075.7003173828125,0.000696570282794573,1128.3946655273437,-0.046698508734889344,1145.3261279296876,-0.060791253119084954,1165.1114318847656,-0.07674039757494733,1160.0566574096679,-0.07271743107376982,1315.160888671875,-0.18207701685143907,1315.160888671875,-0.18207701685143907,0.12080536912751678,9.94766313090254,7405141.7,8381022.56,0.5133820734314916,0.4536041960015915,False,False,-0.028361544444491016,-0.04860934695474972,-0.1255883482390484,-0.15818452686588624,-0.029755286771559808,0.18762735236325068,0.24005102224326727,0.6
2024-12-30,1074.0999755859375,1096.5,1063.949951171875,1069.949951171875,1068.21240234375,9452155,1068.21240234375,-0.0069609675836860285,1125.082537841797,-0.050547523035188835,1143.6638305664062,-0.06597343223251928,1164.476962890625,-0.08266763844594549,1159.9068942260742,-0.07905332086460748,1315.160888671875,-0.18777055222308792,1315.160888671875,-0.18777055222308792,0.09932885906040269,11.092596879343517,7557435.6,8415268.58,1.250709301446115,1.12321489327914,False,False,-0.0017726904376013097,-0.05839152392732305,-0.1277464143920113,-0.16803886568852777,-0.04416370293344052,0.18698684938303317,0.24020789897908593,0.6014598540145986
2024-12-31,1062.0,1070.449951171875,1058.5,1064.699951171875,1062.9710693359375,5292136,1062.9710693359375,-0.0049066393502945616,1121.4684143066406,-0.05216138432830475,1142.3230102539062,-0.06946541407787188,1163.8639599609376,-0.08668787254859778,1159.6102145385742,-0.08333761119988992,1315.160888671875,-0.19175586919301812,1315.160888671875,-0.19175586919301812,0.08859060402684564,11.510196825773065,7582749.5,8389206.68,0.6979178199147947,0.6308267517853071,False,False,-0.013390148538852231,-0.0636707732271311,-0.09441180220585221,-0.17263519766433832,-0.04028678564378918,0.18659789473617266,0.22586551756513218,0.48175182481751827
2025-01-01,1064.1500244140625,1076.949951171875,1053.949951171875,1071.800048828125,1070.0595703125,2985355,1070.0595703125,0.006668573756189566,1117.0406188964844,-0.04205849616318924,1139.82607421875,-0.061208025929805676,1163.2150158691406,-0.08008445926657504,1159.4165658569336,-0.07707065620404452,1315.160888671875,-0.18636603359372428,1315.160888671875,-0.18636603359372428,0.10738255033557047,17.548439481937876,7312915.15,8032320.46,0.40823049888661705,0.37166781565385903,False,False,-0.006580804594561895,-0.07643252644663401,-0.09046162823646986,-0.16811913284770175,-0.02078946063219589,0.16874901730091804,0.226360936900683,0.48759124087591244
2025-01-02,1072.0,1088.699951171875,1067.5,1086.5999755859375,1084.83544921875,6557076,1084.83544921875,0.013808463861441744,1113.404034423828,-0.025658776438565623,1137.755439453125,-0.04651262336290096,1162.7003515625,-0.06696901935146993,1159.328469543457,-0.06425531873123269,1315.160888671875,-0.17513099837216184,1315.160888671875,-0.17513099837216184,0.13557046979865772,27.191936021640956,6721779.05,8014341.22,0.9754971044458833,0.818167809431004,False,False,0.009194750444668331,-0.06283150844846297,-0.0515841859622278,-0.15810125704489675,-0.000791656139922492,0.17993923746619792,0.22173658824519102,0.4248175182481752
2025-01-03,1086.0,1093.5,1079.800048828125,1084.9000244140625,1083.1383056640625,7357220,1083.1383056640625,-0.0015644248682228357,1109.3356506347657,-0.023615345775386376,1135.9413891601562,-0.046483985881642154,1162.122791748047,-0.06796569746745706,1159.2722909545898,-0.06567394552994588,1315.160888671875,-0.17642144395133452,1315.160888671875,-0.17642144395133452,0.13288590604026845,25.41777190219628,6557617.5,8016360.7,1.121934910049267,0.9177755686567347,False,False,0.006914554324336963,-0.06987312824298375,-0.059308081045814864,-0.16272426062370848,-0.0077793608305917195,0.17680203726573546,0.22120059222650593,0.41751824817518246
2025-01-06,1087.75,1090.0,1059.9000244140625,1063.4000244140625,1061.6732177734375,5283413,1061.6732177734375,-0.01981749493889884,1103.28798828125,-0.03771886483840159,1134.004541015625,-0.06378398024527032,1161.1154296875,-0.08564369172221409,1159.1915884399414,-0.0841261890087951,1315.160888671875,-0.1927427078176146,1315.160888671875,-0.1927427078176146,0.087248322147651,20.318861257195948,6444677.65,7991992.28,0.8198102817446579,0.6610883513015605,False,False,-0.0061216145365519115,-0.10227510601692225,-0.09122762361860437,-0.1927427078176146,-0.03807953172496137,0.17055635619403864,0.22212459779863614,0.42627737226277373
2025-01-07,1064.550048828125,1070.5,1056.0,1067.5,1065.7664794921875,4619462,1065.7664794921875,0.00385548175297723,1098.5082641601562,-0.029805678970472593,1132.01078125,-0.05851914385891588,1160.1959252929687,-0.08139094763406984,1159.241837463379,-0.08063490718703847,1315.160888671875,-0.18963034205764762,1315.160888671875,-0.18963034205764762,0.09261744966442953,24.881215523911465,6360245.15,7983447.52,0.7263025073805527,0.5786299701259889,False,False,0.002629808314535076,-0.0823124640459102,-0.0985856148422889,-0.1835251570689025,-0.03567823921539082,0.16663208992844325,0.22061972155285853,0.4116788321167883
2025-01-08,1063.75,1082.3499755859375,1059.0999755859375,1074.949951171875,1073.204345703125,8780098,1073.204345703125,0.0069788892351740905,1094.5796508789062,-0.01952832318654718,1129.726494140625,-0.050031710091473,1159.415694580078,-0.0743575831170522,1159.3883834838866,-0.07433577825041182,1315.160888671875,-0.18397486197532198,1315.160888671875,-0.18397486197532198,0.11677852348993288,31.849527486128608,6563530.6,7903075.16,1.3377096162239268,1.1109723521849943,False,False,0.0029388788043889225,-0.06821832016053664,-0.08315920356762929,-0.17565188104177198,-0.024059252970496714,0.1704854122559857,0.2206198536303875,0.4131386861313869
2025-01-09,1079.5999755859375,1080.1500244140625,1054.25,1061.75,1060.02587890625,9054190,1060.02587890625,-0.012279550348112789,1090.3115966796875,-0.02777712157301282,1127.5330615234375,-0.059871577092362016,1158.3664013671876,-0.08489586916960734,1159.3944662475585,-0.08570731552904531,1315.160888671875,-0.19399528374302177,1315.160888671875,-0.19399528374302177,0.08322147651006712,31.88624048340185,6626828.0,7912714.1,1.3662931948739276,1.1442584536195994,False,False,-0.02286943179296619,-0.07452597833744179,-0.08811779983042922,-0.18913247102697894,-0.03200372050217859,0.17322552786718529,0.2214706009901992,0.4218978102189781
2025-01-10,1056.25,1064.8499755859375,1037.0,1040.699951171875,1039.010009765625,5612886,1039.010009765625,-0.019825807613592872,1085.0726135253906,-0.042451171641046836,1124.6148095703124,-0.07611921795463006,1157.2427282714843,-0.10216760547932557,1159.3480935668945,-0.1037980607110266,1315.160888671875,-0.20997497818318112,1315.160888671875,-0.20997497818318112,0.06040268456375839,36.35566133530992,6666208.15,7826792.9,0.8419908100229363,0.7171374114166225,False,False,-0.040741146045410015,-0.09160745683663418,-0.09806304764548868,-0.19472278359948147,-0.04733299643571276,0.18195485864258032,0.2241413393557317,0.45985401459854014
2025-01-13,1026.5999755859375,1063.0,1023.25,1049.300048828125,1047.59619140625,7180930,1047.59619140625,0.008263810319365295,1080.1381408691407,-0.030127581122823432,1122.1967456054688,-0.06647725052790887,1156.0576574707031,-0.09382011819527414,1159.4247091674804,-0.09645172892815812,1315.160888671875,-0.20344636125533444,1315.160888671875,-0.20344636125533444,0.06442953020134229,37.07236274251268,6588673.75,7776680.3,1.089890055642837,0.9233927232420754,False,False,-0.013259283677429567,-0.08609499176390456,-0.09009695310683485,-0.18183232626382617,-0.04413808220545168,0.1862487271457705,0.22504752454144325,0.472992700729927
2025-01-14,1052.949951171875,1061.0,1045.5,1051.6500244140625,1049.9422607421875,6892897,1049.9422607421875,0.0022394786800323807,1075.1836975097656,-0.023476394616138485,1120.0422485351562,-0.06258691391744264,1154.8321508789063,-0.09082695702305343,1159.5088162231445,-0.09449393911281068,1315.160888671875,-0.20166249636386346,1315.160888671875,-0.20166249636386346,0.06845637583892618,38.4091391340165,6734558.5,7740892.36,1.0235113407953915,0.8904525059175477,False,False,-0.014847735460342015,-0.0862368866943033,-0.07085749372451877,-0.16750442495692153,-0.063146235474134,0.18617394074438592,0.22233885635899003,0.4291970802919708
2025-01-15,1043.0,1052.9000244140625,1014.6500244140624,1026.800048828125,1025.1326904296875,11418721,1025.1326904296875,-0.02362946158102308,1069.7200866699218,-0.041681367673515934,1117.191884765625,-0.08240231207484161,1153.4029772949218,-0.11121029630603774,1159.4803463745118,-0.1158688513909748,1315.160888671875,-0.2205267817347234,1315.160888671875,-0.2205267817347234,0.05100671140939597,32.20398552304539,6940853.7,7960051.16,1.6451464752815637,1.4345034686937865,True,False,-0.044792639412900126,-0.09632558542436842,-0.1420811584981948,-0.17143430519273395,-0.09618485431677093,0.1963583269275012,0.19100795297031292,0.16204379562043797
2025-01-16,1033.9000244140625,1046.449951171875,1027.050048828125,1038.0,1036.314453125,10261727,1036.314453125,0.010907624739413535,1065.5144287109374,-0.027404580171911497,1115.1701733398438,-0.0707118268583864,1152.125556640625,-0.10051951616567534,1159.471622619629,-0.10621835592351647,1315.160888671875,-0.2120245803754628,1315.160888671875,-0.2120245803754628,0.05906040268456376,36.90672233237591,7092833.7,7979512.64,1.446773945933626,1.2860092417874784,False,False,-0.022368723493539466,-0.07507237259769883,-0.12795097001531774,-0.11727193334616437,-0.07415232933984284,0.2020658854855499,0.19285260789844877,0.16642335766423358
2025-01-17,1000.0,1011.7000122070312,974.5999755859376,991.0499877929688,989.440673828125,33831617,989.440673828125,-0.04523123184813971,1059.631494140625,-0.06624078342388795,1111.5630419921874,-0.10986544491906625,1150.335966796875,-0.13986808863915212,1159.1671774291992,-0.14642107446269625,1315.160888671875,-0.24766567927113536,1315.160888671875,-0.24766567927113536,0.016107382550335572,29.247745319874497,8200534.05,8422124.0,4.1255382629622765,4.016993456757464,True,True,-0.04770823714073902,-0.10627654129432318,-0.1570912710594644,-0.1582366905457978,-0.1117148570562494,0.2489508617171097,0.21116936642316522,0.3197080291970803
2025-01-20,992.0499877929688,994.2000122070312,976.5,988.0499877929688,986.445556640625,33440507,986.445556640625,-0.0030270811244417217,1055.4483032226562,-0.06537766593715821,1107.9998388671875,-0.10970604684459051,1148.4071044921875,-0.14103147500396218,1158.8759396362304,-0.148791063044877,1315.160888671875,-0.24994305629268343,1315.160888671875,-0.24994305629268343,0.013422818791946308,29.598044735463247,9241406.6,8883864.02,3.6185516390978836,3.7641849227674244,True,True,-0.058372333984470615,-0.07818249266284116,-0.14852632510621078,-0.1555489140742684,-0.10676373485713675,0.22605144269286276,0.21007762667637467,0.30656934306569344
2025-01-21,993.5999755859376,994.4500122070312,963.0,970.2000122070312,968.62451171875,11894500,968.62451171875,-0.01806591838941951,1050.0096496582032,-0.07750894286156851,1104.2119970703125,-0.12279117208588775,1146.4028649902343,-0.155074938052426,1158.4661666870118,-0.16387328385357336,1315.160888671875,-0.26349352382511715,1315.160888671875,-0.26349352382511715,0.006711409395973154,24.420884006880556,9641785.55,8996696.24,1.2336407959208342,1.3220964321454072,False,False,-0.07744973420343637,-0.10095908233374395,-0.16888686902605876,-0.1707692571362167,-0.1375094184086465,0.22756652111586068,0.21166037565925783,0.327007299270073
2025-01-22,975.75,975.75,954.0,959.2999877929688,957.7422485351562,17303146,957.7422485351562,-0.011234759240486336,1044.039358520508,-0.08265695089085723,1100.185548095703,-0.12947206933148692,1144.2453741455079,-0.16299224783812405,1158.0314123535156,-0.1729565896760118,1315.160888671875,-0.271767996764001,1315.160888671875,-0.271767996764001,0.005369127516778523,17.308642138120092,10289758.15,9267035.8,1.6815891829294354,1.8671715933157396,True,False,-0.06573826249388681,-0.11085367549422331,-0.193424991883696,-0.1773431826479489,-0.14308885043660746,0.2277268326567536,0.20733882996960576,0.27007299270072993
2025-01-23,954.0,963.7000122070312,948.0,951.0499877929688,949.505615234375,24649522,949.505615234375,-0.008600052167876071,1037.7670623779297,-0.08504938183460287,1095.793692626953,-0.13349965269637643,1142.0070147705078,-0.1685641130451523,1157.4754162597656,-0.17967535042551352,1315.160888671875,-0.27803082998214745,1315.160888671875,-0.27803082998214745,0.004026845637583893,16.74529347900709,11283461.25,9627612.68,2.184570979937561,2.5602943137924408,True,True,-0.0837668891221709,-0.1166991426189612,-0.1882468695478119,-0.18873157349476477,-0.14981335100231274,0.2274964654302133,0.2062516777567784,0.2569343065693431
2025-01-24,948.0,961.7999877929688,946.0999755859376,948.5,946.959716796875,14421921,946.959716796875,-0.0026812884480641452,1031.3300323486328,-0.08180729049421986,1091.607498779297,-0.13250896695394276,1139.607915649414,-0.16904778933792952,1156.9081872558593,-0.18147375286276934,1315.160888671875,-0.2799666375775748,1315.160888671875,-0.2799666375775748,0.0026845637583892616,18.485957175673647,11814473.95,9723929.34,1.220699377816987,1.4831371656182768,False,False,-0.04293431446161611,-0.11968073124600764,-0.2008256818922155,-0.18292636557256126,-0.1517898750913268,0.2264744000757146,0.2034089461733187,0.22043795620437956
2025-01-27,943.0999755859376,949.75,933.5,948.0999755859376,946.5603637695312,12713296,946.5603637695312,-0.00042172124142147993,1025.2474304199218,-0.07674934295437519,1087.7927001953126,-0.1298338703692562,1137.1768701171875,-0.16762256721596258,1156.3581655883788,-0.18142977501447244,1315.160888671875,-0.2802702909410405,1315.160888671875,-0.2802702909410405,0.0013422818791946308,16.573327642054636,11977531.0,9816613.0,1.061428770253235,1.295079677685165,False,False,-0.040433242972804484,-0.11388375411791107,-0.1899350807069572,-0.163564190830903,-0.12331918745303827,0.22739176248358287,0.20238912469145864,0.2072992700729927
2025-01-28,960.0,993.8499755859376,958.2000122070312,983.7999877929688,982.2024536132812,21781371,982.2024536132812,0.037654323176824045,1021.2089996337891,-0.03819643778550308,1084.6597961425782,-0.09446034866754571,1135.241019897461,-0.13480711461430694,1155.901806640625,-0.1502717203394316,1315.160888671875,-0.25316935587617295,1315.160888671875,-0.25316935587617295,0.009395973154362415,27.967147890352294,12801992.75,10132722.96,1.7014047285724325,2.1496068811892197,True,False,0.014017755828249934,-0.075983832535644,-0.15156745707251318,-0.12636531842292387,-0.1029072499012732,0.275107939227688,0.21878283086876213,0.38394160583941606
2025-01-29,988.0,988.6500244140624,977.5999755859376,983.4000244140624,981.8031616210938,11175206,981.8031616210938,-0.0004065271785044233,1016.7961791992187,-0.03441497744974209,1081.8084375,-0.09244268431665503,1133.2727221679688,-0.1336567602695946,1155.4237490844725,-0.15026572510817027,1315.160888671875,-0.25347296283074916,1315.160888671875,-0.25347296283074916,0.008053691275167786,29.81192147952541,13211485.3,10166727.66,0.8458705244897785,1.099193995720743,False,False,0.025122534922875195,-0.08247803313009183,-0.1591637711601276,-0.13494011267277817,-0.11857154771189948,0.2726726482843864,0.21757610698976382,0.3708029197080292
2025-01-30,984.6500244140624,991.4000244140624,974.7999877929688,984.7000122070312,983.1009521484376,10473118,983.1009521484376,0.001321843907286846,1011.7094543457031,-0.028277389397104447,1078.8282861328125,-0.08873268824598668,1131.5350476074218,-0.13117940604035305,1154.913273010254,-0.14876642677591856,1315.160888671875,-0.2524861706150421,1315.160888671875,-0.2524861706150421,0.010738255033557046,33.935734097672096,13407287.4,9991670.7,0.7811511521711693,1.0481848646192875,False,False,0.035381925472625975,-0.09377873588439334,-0.135659459252353,-0.13482414351912764,-0.09528581712233597,0.26526469175336925,0.21231287433311644,0.3386861313868613
2025-01-31,982.0,990.0,978.0499877929688,986.0999755859376,984.4987182617188,9036312,984.4987182617188,0.0014217930622755226,1006.777474975586,-0.022128779464804293,1075.772254638672,-0.0848446648288117,1129.6905487060546,-0.12852354178818115,1154.4813647460937,-0.14723723714826653,1315.160888671875,-0.2514233606384675,1315.160888671875,-0.2514233606384675,0.012080536912751677,31.08911260567288,13491242.0,10009871.98,0.6697909651313052,0.9027400168608349,False,False,0.03964160333221023,-0.0910683214567587,-0.15840225675126696,-0.1370815601539277,-0.06825196042232085,0.2659554296489567,0.2025521597341609,0.21021897810218979
2025-02-01,989.5,1004.9500122070312,982.0,998.1500244140624,996.5291137695312,4830391,996.5291137695312,0.012219818354922696,1003.5202697753906,-0.006966631583260496,1072.8919384765625,-0.07117475858329358,1127.8031188964844,-0.11639798022140613,1154.1869235229492,-0.13659642692207574,1315.160888671875,-0.24227589008073103,1315.160888671875,-0.24227589008073103,0.021476510067114093,34.86989040399587,13468590.9,9772729.7,0.3586411552525513,0.4942724446783789,False,False,0.05278981870845212,-0.06135984492528479,-0.14432060332583896,-0.14270385860457457,-0.041573150319341945,0.2660019366529823,0.20483710797327148,0.23795620437956205
2025-02-03,987.0999755859376,1000.5,983.3499755859376,989.4000244140624,987.7933959960938,7124605,987.7933959960938,-0.008766144062157144,999.621615600586,-0.011832696912406848,1069.567344970703,-0.07645516606235692,1125.8393145751952,-0.12261600460380917,1153.8789801025391,-0.1439367446417008,1315.160888671875,-0.24891820878765314,1315.160888671875,-0.24891820878765314,0.01476510067114094,38.36339143835708,13593848.05,9667505.34,0.5241050932594469,0.7369641649455764,False,False,0.00569225047468036,-0.07316150863859605,-0.14699547945748426,-0.14677467364303542,-0.06698361768298189,0.26544299256087206,0.20513983226091698,0.24087591240875914
2025-02-04,994.0,1017.0999755859376,987.7999877929688,1015.2999877929688,1013.6513061523438,16058171,1013.6513061523438,0.026177447896556183,996.6439636230468,0.01706461198788678,1066.9815502929687,-0.04998234892251108,1123.9618688964845,-0.09814439955373633,1153.8394927978516,-0.12149712981792371,1315.160888671875,-0.2292568043321399,1315.160888671875,-0.2292568043321399,0.04161073825503356,43.52906937229117,13957751.7,9886120.02,1.1504840711559585,1.624314793621128,False,False,0.03243842123981788,-0.05549086694367067,-0.12545752748429762,-0.11950385198372793,-0.036065229898000095,0.2837626048096935,0.21333947910475623,0.34890510948905107
2025-02-05,1020.5999755859376,1022.0499877929688,1010.5,1013.2999877929688,1011.654541015625,7858373,1011.654541015625,-0.001969873786576759,994.2253967285156,0.01753037524937473,1064.2589794921876,-0.04942823080681247,1121.9236853027344,-0.09828577980092723,1153.7645831298828,-0.12317074400806083,1315.160888671875,-0.23077507114946838,1315.160888671875,-0.23077507114946838,0.038926174496644296,58.5281795090495,13897960.85,9923488.62,0.5654335254513255,0.7918962071626783,False,False,0.02904441177153494,-0.045632223564706975,-0.1346711698363644,-0.13159360905379502,-0.05026271849755959,0.28149630291019495,0.212150179137031,0.3357664233576642
2025-02-06,1012.0,1021.8499755859376,1010.0499877929688,1020.7000122070312,1019.0425415039062,5815563,1019.0425415039062,0.007302888672712671,993.2270233154297,0.025991558407566506,1062.026610107422,-0.040473626738192436,1119.8236016845703,-0.0899972638807196,1153.6026608276368,-0.11664338501715332,1315.160888671875,-0.22515750712979765,1315.160888671875,-0.22515750712979765,0.04697986577181208,62.10605437590926,13908094.7,9825174.38,0.41814232110455796,0.5919043036872796,False,False,0.03508772799946347,-0.01921778238327354,-0.11868070415625409,-0.11493606449391935,-0.05788539421554029,0.2753487284330221,0.21227234369914197,0.3372262773722628
2025-02-07,1019.5,1027.3499755859375,1007.6500244140624,1024.0999755859375,1022.43701171875,8638651,1022.43701171875,0.0033310387707996547,991.9690643310547,0.030714614480686242,1059.7862512207032,-0.035242238195610565,1117.7469793701173,-0.08526971614369938,1153.4487319946288,-0.1135826124229411,1315.160888671875,-0.22257647674478398,1315.160888671875,-0.22257647674478398,0.04832214765100671,72.38375812672513,13980980.75,9869821.86,0.6178859090411093,0.8752590596402112,False,False,0.025998134516329374,-0.024016104577210595,-0.1009964403949698,-0.12320200386947466,-0.0395105701032642,0.2737409170668007,0.21040294923860695,0.3094890510948905
2025-02-10,1021.0,1026.75,1006.2000122070312,1011.75,1010.1070556640624,3960565,1010.1070556640624,-0.012059379612990084,989.9773040771485,0.020333548561175085,1057.2833215332032,-0.044620268671909935,1115.4636932373046,-0.09445097873824615,1153.1957431030273,-0.12408013842813959,1315.160888671875,-0.23195172213178683,1315.160888671875,-0.23195172213178683,0.03758389261744966,71.5223714056213,13834364.15,9853316.0,0.28628457058505286,0.4019525000517592,False,False,0.022589399522627396,-0.03794037688316898,-0.11304462004150317,-0.13849624291857787,-0.046132031015129527,0.2761410580505461,0.21136824243868918,0.32554744525547447
2025-02-11,1009.0,1016.3499755859376,1002.5999755859376,1007.4000244140624,1005.76416015625,4808215,1005.76416015625,-0.004299440820119127,989.0088775634765,0.016941488567880025,1054.2262951660157,-0.04596938554082841,1113.1145147705079,-0.09644142915195963,1152.6030526733398,-0.1273976259012265,1315.160888671875,-0.23525390024947568,1315.160888671875,-0.23525390024947568,0.026845637583892617,73.88729480157068,13503838.85,9781839.46,0.35606282431310265,0.491545073875093,False,False,-0.007780926190518178,-0.01889368123195756,-0.10548735577875135,-0.13893744436267297,-0.03987662645031387,0.26412588408623167,0.21023208386063308,0.30802919708029197
2025-02-12,1000.0,1010.6500244140624,984.0,1006.9000244140624,1005.2649536132812,7669283,1005.2649536132812,-0.0004963455278533813,987.4564025878906,0.018034771944076322,1051.1802514648436,-0.043679756909034806,1110.737381591797,-0.09495712463315431,1151.9914056396485,-0.1273676620398888,1315.160888671875,-0.23563347855603012,1315.160888671875,-0.23563347855603012,0.024161073825503355,75.19420366606728,13374216.65,9567629.16,0.5734379216894172,0.8015865656732875,False,False,-0.006315977582554089,-0.029961465285067823,-0.11204187990532477,-0.13641224666527751,-0.05745286022756746,0.2604861755638987,0.20947771543615645,0.29635036496350364
2025-02-13,1003.0,1017.4500122070312,1001.0499877929688,1008.2000122070312,1006.5628051757812,6348246,1006.5628051757812,0.001291054221909338,988.3125091552735,0.01846611861273173,1048.0213879394532,-0.039558909045916524,1108.3552557373048,-0.09184099595739159,1151.2418447875978,-0.1256721515699506,1315.160888671875,-0.23464663993143364,1315.160888671875,-0.23464663993143364,0.028187919463087248,75.72780470442912,12000048.1,9481785.06,0.5290183795179955,0.669520133585479,False,False,-0.012246531248545689,0.017304858998176353,-0.11495423732961363,-0.1385115545790485,-0.02598881047908419,0.20254008041544602,0.2091510595619669,0.2875912408759124
2025-02-14,1010.5499877929688,1016.0,987.6500244140624,997.5,995.8801879882812,5375755,995.8801879882812,-0.010612966356962183,988.7842407226562,0.007176436449309653,1044.2864624023437,-0.04635344434390687,1105.9386853027345,-0.09951591238923552,1150.4056994628907,-0.13432262335518275,1315.160888671875,-0.24276930939302932,1315.160888671875,-0.24276930939302932,0.020134228187919462,57.46188742171704,10596810.5,9438455.96,0.50729934257105,0.5695587310871978,False,False,-0.025974043805227498,0.009564269699572803,-0.12683826047719104,-0.15555554520475234,-0.05053289794345084,0.20626378203683157,0.20965104683534241,0.3007299270072993
2025-02-17,992.4500122070312,999.6500244140624,978.0499877929688,992.9500122070312,991.3375854492188,7166803,991.3375854492188,-0.004561394627438764,989.9198944091797,0.0014321270317383394,1040.885994873047,-0.047602148235140196,1103.191654663086,-0.101391330093072,1149.6268997192383,-0.13768755263875343,1315.160888671875,-0.24622333739689573,1315.160888671875,-0.24622333739689573,0.0174496644295302,54.976527377080934,10360425.65,9455629.78,0.6917479302599888,0.7579403135218774,False,False,-0.018581664299438305,0.023448790997624203,-0.14097247263706902,-0.15201326741740107,-0.050619648727385,0.19537668726526142,0.20766076459491387,0.2773722627737226
2025-02-18,992.9500122070312,997.3499755859376,986.5499877929688,994.1500244140624,992.53564453125,3090004,992.53564453125,0.0012085278512752318,991.6595642089844,0.0008834486691653431,1037.7011755371093,-0.043524602333115614,1100.3667498779296,-0.09799560497319815,1148.8957406616212,-0.13609598381862498,1315.160888671875,-0.24531237730649857,1315.160888671875,-0.24531237730649857,0.01879194630872483,54.92960441469673,9649768.55,9423142.08,0.32021534858470774,0.3279165244211196,False,False,-0.013152701347943108,0.03632855922280709,-0.13159506067143412,-0.15420283336285856,-0.07082210599128946,0.18975907275668474,0.20725065318529812,0.2686131386861314
2025-02-19,991.6500244140624,1013.4500122070312,988.1500244140624,1011.3499755859376,1009.7077026367188,6401381,1009.7077026367188,0.017301200415405393,994.6696685791015,0.015118621319879288,1034.9875903320312,-0.024425305125834962,1097.7530004882813,-0.08020501680469094,1148.2397174072266,-0.1206472940017429,1315.160888671875,-0.23225537549525244,1315.160888671875,-0.23225537549525244,0.036241610738255034,61.307671247878226,8737361.5,9395404.86,0.7326446319063254,0.6813310437800549,False,False,0.004419480662753328,0.06340361387697913,-0.12029745053489771,-0.13945969075783704,-0.07723887831683718,0.19307984044227283,0.21070185541199515,0.31386861313868614
2025-02-20,1008.4000244140624,1019.6500244140624,1006.5,1017.2000122070312,1015.5482177734376,5011212,1015.5482177734376,0.005784362267879262,998.0990936279297,0.017482356468317306,1032.4227612304687,-0.016344606193028466,1095.606492919922,-0.07307210724273772,1147.6924560546875,-0.11513906672830232,1315.160888671875,-0.22781446245790005,1315.160888671875,-0.22781446245790005,0.04563758389261745,59.032747110676986,8266826.05,9399123.44,0.6061833126390751,0.5331573770670683,False,False,0.00892682756749319,0.0724302203778695,-0.10181017287682681,-0.1443472871495517,-0.050564243714391166,0.19202564953387338,0.20956903844707098,0.29927007299270075
2025-02-21,1012.0,1021.9000244140624,1000.6500244140624,1008.9500122070312,1007.3115844726562,5019937,1007.3115844726562,-0.00811052902917797,1001.1366546630859,0.006167919015659606,1029.6432800292969,-0.021688769294939902,1093.4330279541016,-0.07876243105861291,1147.0992727661132,-0.12186189252511093,1315.160888671875,-0.23407729567604663,1315.160888671875,-0.23407729567604663,0.02953020134228188,59.313931082047716,7882158.1,9324889.82,0.636873421759962,0.5383374063287324,False,False,0.011478686514958092,0.06418103168950862,-0.11207441150788378,-0.15328125585191876,-0.05522465486987882,0.19604356021879157,0.20970454678788786,0.30364963503649633
2025-02-24,1001.3499755859376,1013.0,998.5499877929688,1010.0499877929688,1008.4097900390624,4265454,1008.4097900390624,0.0010902342267622434,1002.447021484375,0.005948213149317372,1026.8308532714843,-0.01793972510051911,1091.7792181396485,-0.07636106890058281,1146.5764248657226,-0.12050364182469664,1315.160888671875,-0.23324226052873842,1315.160888671875,-0.23324226052873842,0.032214765100671144,46.72486451647344,7006362.25,9330694.86,0.6087972399657183,0.45714215972121075,False,False,0.01722138335157286,0.02668221437379925,-0.11173164894569332,-0.14235368978008955,-0.04903381458992817,0.14781002866146195,0.20972647265055694,0.3051094890510949
2025-02-25,1004.0,1013.7000122070312,997.0999755859376,1009.0999755859376,1007.4613037109376,5708975,1007.4613037109376,-0.0009405762791018235,1003.7299285888672,0.003717509078678516,1024.291981201172,-0.016431523236662637,1090.0889666748046,-0.07579900860377797,1146.026637878418,-0.12090934851566748,1315.160888671875,-0.23396345467030277,1315.160888671875,-0.23396345467030277,0.03087248322147651,47.34509649346541,6733050.7,9299018.02,0.8479031652026621,0.6139331043042758,False,False,0.015037907466523892,0.026133692671633568,-0.13046103526800845,-0.14522895622442278,-0.07231423630781841,0.14790672908013475,0.2044515876394935,0.23503649635036497
2025-02-27,1007.6500244140624,1023.5499877929688,1005.1500244140624,1016.7000122070312,1015.0490112304688,9777690,1015.0490112304688,0.0075315126164967605,1005.3273315429688,0.009670163520352437,1022.1844091796875,-0.006980538819746807,1088.8010620117188,-0.06773693868830588,1145.4554315185546,-0.11384678678873028,1315.160888671875,-0.2281940407644546,1315.160888671875,-0.2281940407644546,0.04429530201342282,47.47791683562785,6698279.3,9350129.28,1.4597316059961847,1.0457277869852084,False,False,0.005289955280921355,0.0324972313496521,-0.12311867077094396,-0.1225890481294527,-0.06153413377679939,0.14953473328898909,0.20541657735987406,0.24379562043795622
2025-02-28,1014.7999877929688,1035.5,1009.9500122070312,1015.5499877929688,1013.90087890625,15026849,1013.90087890625,-0.001131110233610233,1006.7974395751953,0.00705548013118884,1020.320439453125,-0.006291710230087899,1087.4257983398438,-0.06761373469881182,1144.924125366211,-0.11443836631362136,1315.160888671875,-0.22906703838330733,1315.160888671875,-0.22906703838330733,0.042953020134228186,44.45164709784199,6997806.15,9417114.06,2.1473657140388203,1.595695762444657,True,True,-0.0016221178259752111,0.02986510809932308,-0.1293296083822093,-0.13263861933555532,-0.07681551951187193,0.14985885953909933,0.20473457050946386,0.2364963503649635
2025-03-03,1017.0499877929688,1019.4000244140624,992.0,1007.25,1005.6143188476562,6763184,1005.6143188476562,-0.008172948885824982,1007.2516998291015,-0.0016255926713483193,1019.0305383300781,-0.013165669700544558,1085.7994427490235,-0.07384892710789648,1144.3254483032226,-0.12121650327819222,1315.160888671875,-0.23536783407299822,1315.160888671875,-0.23536783407299822,0.025503355704697986,46.91778097314198,7094445.8,9299916.62,0.9533068812788731,0.7272306060739715,False,False,-0.0016849459999892513,0.009116848622473972,-0.14967713919667847,-0.15157513340458129,-0.08093794618562122,0.14800877254879166,0.20168410980870954,0.2029197080291971
2025-03-04,1001.0999755859376,1011.0999755859376,998.5999755859376,1001.7999877929688,1000.1731567382812,5786420,1000.1731567382812,-0.005410784241427713,1007.8706878662109,-0.007637419383855981,1017.4860498046875,-0.01701536160592032,1083.9779052734375,-0.0773122294536217,1143.6434497070313,-0.12545019429394977,1315.160888671875,-0.23950509374688478,1315.160888671875,-0.23950509374688478,0.022818791946308724,46.22126336024288,7027536.55,9337906.6,0.8233923735337955,0.6196699375853685,False,False,-0.008167942618309998,0.012532742972738431,-0.13879216751880863,-0.15538315998594743,-0.07613981475029308,0.14568518365293245,0.1992246822603741,0.1854014598540146
2025-03-05,1003.0,1017.4000244140624,1002.5499877929688,1014.4500122070312,1012.802734375,5133873,1012.802734375,0.012627391118859688,1007.8282592773437,0.004935836092970103,1016.1991430664062,-0.003342266832815355,1082.4004724121094,-0.06429943427686435,1143.0143743896485,-0.11391951224076202,1315.160888671875,-0.22990202712172625,1315.160888671875,-0.22990202712172625,0.040268456375838924,54.376823839033655,6481321.65,9353710.18,0.7921027958857743,0.5488595328704101,False,False,0.005301871788412571,-0.0008371436727732107,-0.12066044368870532,-0.15697834804180322,-0.0591419005086854,0.11986125153266679,0.20119478724196244,0.2
2025-03-06,1022.5999755859376,1039.5,1015.1500244140624,1034.0999755859375,1032.4207763671875,7861120,1032.4207763671875,0.019370052357030598,1008.8665710449219,0.02334719575242694,1015.3485278320312,0.01681417569158139,1081.100087890625,-0.04502757151598935,1142.5018444824218,-0.09635088875073405,1315.160888671875,-0.214985189067031,1315.160888671875,-0.214985189067031,0.052348993288590606,62.3804856495111,6481459.0,9415423.38,1.2128627211866958,0.8349194383226981,False,False,0.01711421315081152,0.02052700255831863,-0.09862709301173078,-0.15060156747600772,-0.036587193986591715,0.1378331920504038,0.20577905878097746,0.24963503649635035
2025-03-07,1033.699951171875,1050.3499755859375,1030.699951171875,1037.6500244140625,1035.9649658203125,7597321,1035.9649658203125,0.003432892415819122,1009.7126922607422,0.0259997460275474,1014.5538208007813,0.021104001168347652,1079.9399743652343,-0.040719863685728774,1142.0651458740235,-0.09290203841437827,1315.160888671875,-0.2122903176762735,1315.160888671875,-0.2122903176762735,0.05771812080536913,70.60025808782896,6570546.9,9491336.46,1.1562691988394451,0.8004479697899151,False,False,0.02176158180064336,0.016606200062494025,-0.09426969799651541,-0.15710166029606532,-0.03408904665258994,0.13618008606125998,0.20604191997908328,0.25547445255474455
2025-03-10,1036.0,1050.5,1032.3499755859375,1035.8499755859375,1034.16796875,5995655,1034.16796875,-0.0017346118156510437,1010.2992401123047,0.02362540491967713,1013.8729321289062,0.020017337457149287,1078.7683813476563,-0.041343826319732324,1141.4236822509765,-0.0939666095673255,1315.160888671875,-0.213656688198535,1315.160888671875,-0.213656688198535,0.056375838926174496,72.65047477578155,6438397.1,9422206.46,0.9312341110491617,0.6363323734682841,False,False,0.02839423561019272,0.011473525407232454,-0.09780954364747207,-0.15928086737951963,-0.05694840540991819,0.13614741385769344,0.20589392346734764,0.25255474452554744
2025-03-11,1030.4000244140625,1036.800048828125,1021.0999755859376,1025.6500244140625,1023.9844970703124,4771085,1023.9844970703124,-0.009847019040820193,1010.9931121826172,0.012850122054390845,1013.0932006835938,0.010750537442527186,1077.70810546875,-0.049849869483045706,1140.68765625,-0.1023094784450882,1315.160888671875,-0.22139982576246564,1315.160888671875,-0.22139982576246564,0.049664429530201344,65.18802497724407,6478923.1,9411785.44,0.7364009305805775,0.5069266644905581,False,False,0.023807217951822945,0.01373858476528178,-0.1088278879656488,-0.17316294842963698,-0.07256241242889705,0.13362091756009453,0.20639943988595985,0.25985401459854013
2025-03-12,1025.199951171875,1029.800048828125,999.2000122070312,1011.2000122070312,1009.5579833984376,7504702,1009.5579833984376,-0.01408860555325786,1011.1828033447266,-0.0016068508492376177,1011.8831689453125,-0.0022978794570704952,1075.8546215820313,-0.06162230179957329,1139.814653930664,-0.11427881724720312,1315.160888671875,-0.23236921650099618,1315.160888671875,-0.23236921650099618,0.0348993288590604,49.92572433159474,6613747.45,9502172.38,1.1347125146122716,0.789788029503207,False,False,-0.003203734415828441,0.0037720803668308545,-0.11005499273919361,-0.18628788211971126,-0.08068646561513737,0.14270366017753425,0.20672445947976056,0.26423357664233577
2025-03-13,1015.0,1016.0,1005.0999755859376,1010.2000122070312,1008.5595703125,4004140,1008.5595703125,-0.0009889606167806653,1011.3475341796875,-0.002756682320334991,1010.3576513671875,-0.001779648080315277,1074.0565454101563,-0.06098093752842837,1138.9546160888672,-0.11448660371046171,1315.160888671875,-0.23312837311410517,1315.160888671875,-0.23312837311410517,0.03355704697986577,46.357958405748725,6430490.3,9451113.66,0.6226803576703941,0.4236685901839001,False,False,-0.023111900303526167,0.003277361542722401,-0.09984406021740055,-0.18859436769713622,-0.10135144468546076,0.14274746266653554,0.20557587928775403,0.24525547445255474
2025-03-17,1011.0999755859376,1039.0,1011.0999755859376,1034.1500244140625,1032.470703125,5938668,1032.470703125,0.02370820080076297,1012.6429290771484,0.01958022268117854,1009.3442993164062,0.02291230437845293,1072.6428442382812,-0.03745155372924602,1138.3321002197265,-0.0929969356695578,1315.160888671875,-0.2149472265954866,1315.160888671875,-0.2149472265954866,0.05436241610738255,61.270129087539736,6410011.4,9422742.62,0.9264676190747492,0.6302483511960768,False,False,-0.0033729545019368645,0.02573897805084724,-0.06740918155397546,-0.1705566233868121,-0.06883057318333341,0.16539759479472482,0.21089116489234577,0.3167883211678832
2025-03-18,1034.1500244140625,1034.1500244140625,1034.1500244140625,1034.1500244140625,1032.470703125,0,1032.470703125,0.0,1014.4724548339843,0.01774148544423615,1008.7602490234375,0.023504548404357006,1071.3823950195313,-0.03631914438338513,1137.668682861328,-0.09246802810089372,1315.160888671875,-0.2149472265954866,1315.160888671875,-0.2149472265954866,0.05436241610738255,60.88528280296855,6141223.65,9317074.36,0.0,0.0,False,False,-0.0016411895130067355,0.03674188479503049,-0.03517273351146932,-0.16570534050180974,-0.06348016660707767,0.1594220514076565,0.19983607665832973,0.18686131386861313
2025-03-19,1047.800048828125,1058.550048828125,1043.5,1052.050048828125,1050.341552734375,4822365,1050.341552734375,0.017308820052021723,1017.4226531982422,0.03235518634527468,1008.4517504882813,0.04153872728745944,1070.2312658691405,-0.018584500162787676,1137.123550415039,-0.07631712283945702,1315.160888671875,-0.20135888940928726,1315.160888671875,-0.20135888940928726,0.0697986577181208,66.82333806827702,6024001.75,9321132.42,0.8005251658500929,0.5173582760880893,False,False,0.025739701860205688,0.059519550303763546,-0.025112391841370374,-0.17037296296885518,-0.04023530325109159,0.16649504448963523,0.20261938590689818,0.2116788321167883
2025-03-20,1056.25,1058.9000244140625,1046.9000244140625,1054.3499755859375,1052.6378173828125,3742644,1052.6378173828125,0.002186207565014975,1020.4277618408203,0.03156524816993045,1008.040419921875,0.04424167580938265,1068.88345703125,-0.015198700608164084,1136.2818878173828,-0.07361207754110843,1315.160888671875,-0.1996128941715818,1315.160888671875,-0.1996128941715818,0.0738255033557047,65.3861662786741,6056633.75,9220383.34,0.617941278024282,0.40590980461339476,False,False,0.042671975946697804,0.060554170706833776,-0.022754767482355165,-0.1744186269161535,-0.023358306576287347,0.16639579387984124,0.20268566738131868,0.21313868613138687
2025-03-21,1054.3499755859375,1075.550048828125,1050.550048828125,1070.1500244140625,1068.4122314453125,6848565,1068.4122314453125,0.014985604546984721,1023.36298828125,0.04402078605532078,1008.2081469726562,0.05971394364688565,1067.870604248047,0.0005072030217059265,1135.981239013672,-0.059480742505067186,1315.160888671875,-0.18761860951913156,1315.160888671875,-0.18761860951913156,0.10067114093959731,69.9270046283653,6078992.95,9176270.84,1.1265953187196902,0.7463342265516653,False,False,0.05934469603443193,0.058140121794945765,-0.006083350187366499,-0.15944707568414718,0.0120255338800761,0.16394030078428418,0.20505208976790618,0.23941605839416058
2025-03-24,1082.0,1104.949951171875,1073.699951171875,1097.8499755859375,1096.067138671875,8284863,1096.067138671875,0.025884117022089814,1027.388934326172,0.06684732728871245,1009.3492895507812,0.08591460856894062,1066.9820495605468,0.027259211270993067,1135.553251953125,-0.034772577343541444,1315.160888671875,-0.1665908345413567,1315.160888671875,-0.1665908345413567,0.14630872483221477,78.96419294881943,6242675.5,9229710.38,1.3271333741438267,0.8976297910660983,False,False,0.06159635847718126,0.07928616237934327,0.01893354585839968,-0.10903263513131356,0.04997819703449258,0.18307197053739327,0.21181350523626727,0.32992700729927005
2025-03-25,1109.949951171875,1123.5,1096.3499755859375,1118.550048828125,1116.7337646484375,11720528,1116.7337646484375,0.018855255528967607,1032.860043334961,0.08120531126623898,1010.732041015625,0.10487618808076737,1066.464393310547,0.047136474178798515,1135.296185913086,-0.016350289461881107,1315.160888671875,-0.15087669176645047,1315.160888671875,-0.15087669176645047,0.16241610738255033,84.00818591690354,6577705.05,9320502.34,1.7818567282824578,1.2574996038250015,True,False,0.08161302908488999,0.10862793783223035,0.045422953523313714,-0.08812608031239588,0.054707147967791636,0.1846538602336077,0.2145711355713312,0.3605839416058394
2025-03-26,1115.0,1118.8499755859375,1089.050048828125,1096.25,1094.4698486328125,7127060,1094.4698486328125,-0.019936637290298043,1037.1630462646485,0.05525341707319309,1011.6225927734375,0.08189541875715056,1065.8324206542968,0.02686860281556802,1134.8487390136718,-0.03558085671924316,1315.160888671875,-0.16780535517744066,1315.160888671875,-0.16780535517744066,0.14496644295302014,72.55926123500218,6720785.35,9325185.6,1.0604504725031876,0.7642807667013084,False,False,0.042013282044833344,0.08534234737092006,0.02963277195921532,-0.06757671365166151,0.04405798303054409,0.2048871087307321,0.2184631931778944,0.3795620437956204
2025-03-27,1092.0,1108.0,1088.0999755859375,1098.3499755859375,1096.56640625,8508917,1096.56640625,0.0019155919368691876,1041.6183013916016,0.05275263000370467,1013.0512670898438,0.08243920310180064,1065.1215759277343,0.02952229213353119,1134.3459344482421,-0.03330512064348212,1315.160888671875,-0.16621120982591286,1315.160888671875,-0.16621120982591286,0.1476510067114094,69.61829005953274,6860782.45,9266989.52,1.240225449795453,0.9181964630084097,False,False,0.04173191209908045,0.08844518614347541,0.02477136476594377,-0.06793112146089286,0.06228326278108809,0.20418965186170215,0.21811429220228087,0.37372262773722625
2025-03-28,1098.4000244140625,1107.0,1086.5,1102.0,1100.21044921875,4921190,1100.21044921875,0.0033231393447585855,1045.8763732910156,0.051950763317048176,1014.3291870117188,0.08466803805581424,1064.7496801757814,0.03330432467198707,1133.8882843017577,-0.02970119327385623,1315.160888671875,-0.16344041349206662,1315.160888671875,-0.16344041349206662,0.15436241610738255,69.63683538532372,6617957.45,9160178.78,0.7436116108603871,0.5372373310818722,False,False,0.029762124428716064,0.08389884335244702,0.014172656333338196,-0.03814261456876722,0.06493877229826661,0.2038592295908294,0.21643392617512225,0.3678832116788321
2025-04-01,1093.199951171875,1101.25,1070.0,1085.5999755859375,1083.837158203125,6638140,1083.837158203125,-0.014881962834702667,1049.3731872558594,0.03284243524211794,1016.2171166992188,0.06654093932558758,1063.890079345703,0.018749191523328657,1133.3821875,-0.04371431794438285,1315.160888671875,-0.17589006216749192,1315.160888671875,-0.17589006216749192,0.1342281879194631,63.939458303928085,6198522.0,8616309.24,1.0709230361689448,0.7704157099171153,False,False,-0.011158057784278919,0.068977432362342,0.0006452108058665473,-0.0587011364547142,0.05142522995945775,0.21413638708280858,0.2186403792523857,0.381021897810219
2025-04-02,1091.699951171875,1095.5999755859375,1080.75,1084.449951171875,1082.68896484375,4065344,1082.68896484375,-0.001059378109234177,1053.2269195556642,0.027973122164894226,1018.1419848632812,0.06339683554954889,1063.0709118652344,0.01845413392423123,1132.9364416503906,-0.04435154079203529,1315.160888671875,-0.17676310619523405,1315.160888671875,-0.17676310619523405,0.13154362416107382,67.35533640857676,6063630.0,8028805.98,0.6704472403494276,0.5063447802982032,False,False,-0.03048604858419879,0.07664434023216216,0.019794930039195302,-0.07323853800658142,0.042993463731015646,0.21048314736262977,0.21468404021718768,0.362043795620438
2025-04-03,1078.9000244140625,1091.949951171875,1075.300048828125,1089.8499755859375,1088.0802001953125,5345660,1088.0802001953125,0.004979486746999884,1057.6222717285157,0.028798493829955252,1020.5310986328125,0.06619014516362554,1062.3715478515626,0.024199304278941458,1132.4857281494142,-0.03921067334478856,1315.160888671875,-0.1726638089928918,1315.160888671875,-0.1726638089928918,0.1395973154362416,74.52442171144128,6041592.0,7897829.18,0.8848098315808152,0.6768518130953043,False,False,-0.005838121941396435,0.08789182439539744,0.020936782243101693,-0.07971289814944249,0.03594155992450743,0.20767671887672348,0.214773277368121,0.3635036496350365
2025-04-04,1081.5,1101.9000244140625,1075.449951171875,1091.300048828125,1089.5279541015625,6059991,1089.5279541015625,0.0013305580838527398,1061.4585327148438,0.02644419967582423,1023.1668127441407,0.06485857489791003,1061.6761804199218,0.026233774662463016,1131.9881329345703,-0.03750938512308777,1315.160888671875,-0.1715629901358834,1315.160888671875,-0.1715629901358834,0.14228187919463087,75.21763892278904,6087897.9,7672966.08,0.995416003937911,0.789784672161616,False,False,-0.006418628282173433,0.07575534417757046,0.015210158683939046,-0.06921390956598383,0.0429167553737817,0.20553051100563502,0.21434980031740314,0.35912408759124087
2025-04-07,1035.0,1069.0,1032.3499755859375,1047.949951171875,1046.2481689453125,9720457,1046.2481689453125,-0.039723427924287624,1062.14990234375,-0.014971270404816273,1025.1016638183594,0.02062869066877271,1060.4476782226564,-0.013390108318349747,1131.1008056640626,-0.07501774934103567,1315.160888671875,-0.20447134798703304,1315.160888671875,-0.20447134798703304,0.06308724832214765,53.82903437021859,6180864.75,7374384.78,1.5726694229961915,1.318138026423948,True,False,-0.04904723483744011,0.013393175432578897,-0.012997522263469174,-0.0999700090287945,-0.004122424109470835,0.24847009548950127,0.22818398692029943,0.5197080291970803
2025-04-08,1061.0,1084.949951171875,1060.300048828125,1077.8499755859375,1076.0997314453125,8723357,1076.0997314453125,0.02853200931294575,1064.156640625,0.011223057174457152,1027.6844641113282,0.04711102388401911,1059.6459814453126,0.015527591561813603,1130.2986401367189,-0.047950963370928745,1315.160888671875,-0.18177331707908395,1315.160888671875,-0.18177331707908395,0.1221476510067114,60.39977909027794,6237166.55,7260413.5,1.3986089564980433,1.2014958927614798,False,False,-0.007138919992963011,0.038741431369949675,0.03569717455181598,-0.06586644682255682,0.03006300678442919,0.26728183091529445,0.23183532634212045,0.5576642335766423
2025-04-09,1073.0999755859375,1081.8499755859375,1058.0,1061.6500244140625,1059.926025390625,6690201,1059.926025390625,-0.015029932247046074,1065.4445434570312,-0.0051795451018973315,1029.95177734375,0.029102574223599742,1058.8722387695314,0.0009951971375867785,1129.4258312988281,-0.0615355200688823,1315.160888671875,-0.1940712086861105,1315.160888671875,-0.1940712086861105,0.08187919463087248,52.303270388149585,6271893.85,7139951.6,1.0666955085663639,0.9370092928921255,False,False,-0.021024449488510344,0.024907033885180896,0.011769643766863958,-0.07938771838251812,-0.0007342368666545251,0.2738560340562515,0.23349401149493762,0.5751824817518248
2025-04-11,1063.300048828125,1072.699951171875,1057.550048828125,1068.949951171875,1067.214111328125,8144072,1067.214111328125,0.006876032631441431,1067.606024169922,-0.00036709500782527993,1031.6520104980468,0.03447102362831633,1058.1559033203125,0.008560371850111492,1128.6361010742187,-0.054421429269924215,1315.160888671875,-0.188529616018418,1315.160888671875,-0.188529616018418,0.09395973154362416,53.42079676211899,6440543.2,6867205.62,1.2645007955229615,1.185936820688937,False,False,-0.01917697690247644,0.04221705932218245,0.016450286107855483,-0.05557283366131727,0.0064207453065221465,0.27118958648136654,0.23385143388027524,0.5766423357664233
2025-04-15,1090.0,1117.0,1083.0,1112.800048828125,1110.9930419921875,9320299,1110.9930419921875,0.04102169395940658,1072.6777770996093,0.03571926790184654,1034.2358081054688,0.07421637627044064,1058.0221228027344,0.05006598448918198,1127.849034423828,-0.014945255896106291,1315.160888671875,-0.1552417262696033,1315.160888671875,-0.1552417262696033,0.1610738255033557,58.83204574549107,6531323.05,6830107.48,1.427015465113152,1.3645903856259667,False,False,0.019701273207189507,0.10047472286068482,0.08375535417421065,-0.07022586207548254,0.05151444570069619,0.2966261468476289,0.24286269568770422,0.6467153284671533
2025-04-16,1122.699951171875,1163.5,1112.5999755859375,1161.300048828125,1159.414306640625,12836428,1159.414306640625,0.04358376949113052,1080.2205139160155,0.07331261691885116,1037.7620751953125,0.11722555136004265,1058.2951806640624,0.09554907536582746,1127.2344909667968,0.02854757899239635,1315.160888671875,-0.11842397639161228,1315.160888671875,-0.11842397639161228,0.27181208053691275,62.09723666236182,6972937.45,6877373.68,1.8408924634767805,1.8664723769960978,True,False,0.10816376176733611,0.1495744433632047,0.11878619770709387,-0.024363581529277978,0.08005787192737324,0.32554720530676795,0.25710866541859784,0.7503649635036497
2025-04-17,1155.5999755859375,1199.199951171875,1153.5999755859375,1190.800048828125,1188.8663330078125,13446336,1188.8663330078125,0.0254025038318908,1088.0402954101562,0.09266755838270502,1041.8494274902343,0.14111147123412526,1058.8108410644531,0.12283165878110092,1126.7495001220702,0.05512923048025553,1315.160888671875,-0.09602973807379722,1315.160888671875,-0.09602973807379722,0.41879194630872485,63.327754822179315,7348320.85,6965574.16,1.829851509545885,1.9303988000323005,True,False,0.10479196143933867,0.15147706313549292,0.20155393289838575,0.012800298332879878,0.10344360715013656,0.32674058212990936,0.24199205772272428,0.6277372262773723
2025-04-21,1202.0,1238.699951171875,1198.0999755859375,1223.0,1221.0140380859375,15166580,1221.0140380859375,0.027040638788039306,1097.467462158203,0.11257424952241979,1046.3391259765624,0.16693910011856694,1059.6155322265624,0.15231798794061602,1126.5434643554688,0.08385879171072941,1315.160888671875,-0.07158580474592158,1315.160888671875,-0.07158580474592158,0.5302013422818792,72.5573677174072,8106649.85,7172297.94,1.870881348107073,2.1146054063671538,True,False,0.15198042961153369,0.18261373847245221,0.23779161441422447,0.05394697467799592,0.12515513344485285,0.3327946640630155,0.24650229615838298,0.7065693430656934
2025-04-22,1230.4000244140625,1235.0,1212.0999755859375,1216.800048828125,1214.8240966796875,8461710,1214.8240966796875,-0.0050695087961096785,1105.6915893554688,0.0987006760066198,1050.8797399902344,0.15600677265980645,1060.2235424804687,0.14581882782711997,1126.323187866211,0.07857505711228341,1315.160888671875,-0.07629240867519516,1315.160888671875,-0.07629240867519516,0.5006711409395973,70.77703347558337,8288617.1,7199040.04,1.0208832061985347,1.1753942126983918,False,False,0.13831337478087224,0.15659910199411975,0.25417443186945077,0.042360838858483296,0.13441625177882366,0.3345298007137682,0.24301978113878572,0.6496350364963503
2025-04-23,1225.300048828125,1230.0,1194.9000244140625,1206.9000244140625,1204.940185546875,9433911,1204.940185546875,-0.00813608419509193,1113.306707763672,0.0823074873655163,1054.705517578125,0.14244228883312138,1060.843533935547,0.13583214395128973,1126.0958905029297,0.07001561386458155,1315.160888671875,-0.0838077714098594,1315.160888671875,-0.0838077714098594,0.4671140939597315,68.00548005463266,8573180.45,7066554.84,1.100398044228732,1.3350085315406681,False,False,0.0845614148817937,0.14468639226997748,0.25810486839209834,0.01475594443451822,0.14167175284603406,0.33868960700141204,0.24227758448382916,0.6335766423357664
2025-04-24,1199.0999755859375,1220.0,1199.0999755859375,1207.0999755859375,1205.139892578125,9078137,1205.139892578125,0.0001657402032444466,1120.1430908203124,0.07588030712716098,1058.575224609375,0.13845465542879465,1061.4171020507813,0.13540651479013732,1125.7369104003906,0.07053422646459473,1315.160888671875,-0.08365592152368184,1315.160888671875,-0.08365592152368184,0.4684563758389262,72.08284221436432,8684659.05,7090950.12,1.045307242084535,1.2802426820624708,False,False,0.03943852139446924,0.12797275911737915,0.2692288210224534,0.03030046872511649,0.14842812304208963,0.338136956582338,0.24100117671804044,0.6102189781021898
2025-04-25,1177.0,1179.9000244140625,1146.0,1166.300048828125,1164.4061279296875,17243807,1164.4061279296875,-0.0338000301038055,1123.560040283203,0.03635416549362924,1061.4824963378906,0.09696215617957238,1061.7545532226563,0.0966810779341245,1125.1697717285156,0.03487149867250339,1315.160888671875,-0.11462837896162525,1315.160888671875,-0.11462837896162525,0.2912751677852349,63.00237467315711,9132606.25,7319515.0,1.8881583775715722,2.3558674311071157,True,False,-0.02057439461359889,0.06234927300221793,0.22962583019722604,-0.017314615624413388,0.1398438972686653,0.3579683937555431,0.25288289157033306,0.7416058394160584
2025-04-28,1166.300048828125,1196.0,1164.300048828125,1192.800048828125,1190.8631591796875,5523502,1190.8631591796875,0.022721480603198563,1127.2665100097656,0.05641669348393119,1064.8510192871095,0.11833781215417338,1062.3186352539062,0.12100373622369687,1124.7042419433594,0.05882339086941912,1315.160888671875,-0.09451142484757924,1315.160888671875,-0.09451142484757924,0.42818791946308726,65.32677787405072,8822754.95,7257212.02,0.6260518433644131,0.7611052267424316,False,False,-0.024693310613786656,0.06638054375886715,0.2580953151653824,0.01913887994240082,0.15996576064843127,0.36045545972538295,0.25575209457617504,0.7474452554744525
2025-04-29,1194.0,1210.0,1184.4000244140625,1187.300048828125,1185.3720703125,6074520,1185.3720703125,-0.004611015820633835,1131.81162109375,0.04732275956575771,1068.3563195800782,0.10952876731090555,1062.8198205566407,0.1153085851293909,1124.207266845703,0.054407052214146434,1315.160888671875,-0.09868664699301022,1315.160888671875,-0.09868664699301022,0.40671140939597317,64.12178235309142,8770127.95,7299491.12,0.6926375572433924,0.832184038604598,False,False,-0.024243860858279564,0.08305593963437241,0.20685105799909964,0.0239317120729039,0.12739359756840885,0.35124768938135653,0.24646896394485113,0.7051094890510949
2025-04-30,1185.0999755859375,1193.9000244140625,1175.0,1185.0,1183.07568359375,6288257,1183.07568359375,-0.0019372708167019193,1136.1370849609375,0.041314203412721406,1071.902550048828,0.10371570954827725,1063.0644226074219,0.1128918045173326,1123.6910778808594,0.05284780388652943,1315.160888671875,-0.10043273504849448,1315.160888671875,-0.10043273504849448,0.39865771812080536,72.92954320153734,8659094.95,7329091.96,0.7262025692419507,0.8579858233897778,False,False,-0.018145715625876968,0.07889105196974922,0.2050029271043774,0.013210116967452334,0.12329101491759209,0.35185000046930304,0.24658606903642186,0.7124087591240876
2025-05-02,1182.0999755859375,1210.5,1180.0999755859375,1183.4000244140625,1181.478271484375,5249372,1181.478271484375,-0.001350219712506151,1140.2004760742188,0.03620222607894208,1075.42681640625,0.0986133630482795,1063.303533935547,0.11113923143980764,1123.1556787109375,0.05192743435208835,1315.160888671875,-0.10164734850235724,1315.160888671875,-0.10164734850235724,0.3946308724832215,69.50652785291057,8675504.05,7280693.74,0.6050797705523518,0.7209988755824249,False,False,-0.019633920708683306,0.07386570662306702,0.2017873331344151,0.03875351338507271,0.11386149438608006,0.35236633485995517,0.24673518986336623,0.7138686131386861
2025-05-05,1190.0,1190.0,1164.300048828125,1173.199951171875,1171.294921875,7236056,1171.294921875,-0.008619159450626968,1144.5733642578125,0.023346303916931488,1078.7214587402343,0.0858177635984696,1063.3714233398437,0.10149181759670522,1122.5439239501952,0.043429033719457166,1315.160888671875,-0.10939039324850908,1315.160888671875,-0.10939039324850908,0.338255033557047,71.08296251379596,8705399.85,7298449.94,0.8312146627015645,0.991451069677406,False,False,0.00591614367193416,0.08069271569990244,0.1897373761370642,0.0012802908156221982,0.04179719105295776,0.34864332034105605,0.24789727486881508,0.724087591240876
2025-05-06,1178.0,1178.800048828125,1157.699951171875,1161.4000244140625,1159.5140380859375,5348267,1159.5140380859375,-0.010057999543107154,1148.414617919922,0.00966499380347452,1081.9941357421876,0.0716453997142743,1063.1402990722656,0.09065006669182907,1121.7656896972655,0.033650831662411784,1315.160888671875,-0.11834814426630236,1315.160888671875,-0.11834814426630236,0.2751677852348993,67.18081183159501,8769546.0,7297900.18,0.609868173335313,0.7328501168948574,False,False,-0.02632470477577331,0.07095765795791098,0.16355259677250134,-0.004372015995052658,0.028307766388990352,0.3518633131351845,0.2485690460881728,0.7299270072992701
2025-05-07,1159.0,1168.5999755859375,1152.9000244140625,1161.300048828125,1159.414306640625,4263817,1159.414306640625,-8.601141688391323e-05,1151.9813232421875,0.006452347141807646,1085.3556701660157,0.06823444011056878,1063.1208325195312,0.09057622725056014,1121.036127319336,0.03423456067652375,1315.160888671875,-0.11842397639161228,1315.160888671875,-0.11842397639161228,0.27181208053691275,60.76342854165796,8715453.85,7239840.46,0.489224895614587,0.5889379777852176,False,False,-0.021898410062109686,0.0655596034488155,0.17374170685912338,0.001206981900120585,0.0025416296216858036,0.35207186923921635,0.24750088685148863,0.7182481751824817
2025-05-08,1170.0,1179.0,1165.5999755859375,1172.199951171875,1170.2965087890625,9912347,1170.2965087890625,0.009385947789421811,1156.0197509765626,0.012349925509870685,1088.910887451172,0.074740387184842,1063.3060314941406,0.1006205872307342,1120.378197631836,0.04455487554357962,1315.160888671875,-0.11014954986161796,1315.160888671875,-0.11014954986161796,0.33422818791946307,52.903544364980156,8908071.65,7376287.32,1.112737682122258,1.3438124858726355,False,False,-0.010801654519573156,0.0741316956425433,0.15453558998638162,0.009690409474065298,0.006179347160442106,0.3526007616704059,0.2430772909225952,0.6525547445255474
2025-05-09,1160.0,1172.199951171875,1148.5,1151.0999755859375,1149.230712890625,5379571,1149.230712890625,-0.018000391986330744,1161.168878173828,-0.010281161946036788,1091.70134765625,0.052696981054281666,1063.3444689941407,0.08076991642955322,1119.5879821777344,0.02647646382844515,1315.160888671875,-0.12616720677332172,1315.160888671875,-0.12616720677332172,0.22416107382550335,38.92914887131497,8691027.35,7355851.12,0.6189798723852825,0.7313322295734556,False,False,-0.02729424600694108,0.09843032179365796,0.1359912562018295,-0.016994015194752077,0.0018596315024450583,0.32432177036431425,0.24653538504812225,0.7094890510948905
2025-05-12,1185.0,1209.0,1175.199951171875,1203.0,1201.04638671875,7616208,1201.04638671875,0.04508726859360945,1167.4162109375,0.028807357192892846,1095.4113110351564,0.09643416552250961,1063.9170361328124,0.128891018687306,1119.1419573974608,0.07318502248969039,1315.160888671875,-0.08676847291920642,1315.160888671875,-0.08676847291920642,0.4604026845637584,44.97484272478881,8635669.9,7407951.04,0.8819475603160792,1.0281126264031033,False,False,0.025400489909171764,0.11611066485967925,0.17860279409556523,0.03872538457177499,0.05468977035911338,0.34498589374261057,0.2615497293107432,0.7722627737226277
2025-05-13,1205.199951171875,1214.800048828125,1190.0,1193.5999755859375,1191.6617431640625,5569926,1191.6617431640625,-0.00781372281575754,1174.002996826172,0.015041483186695181,1099.0983142089844,0.0842176061580946,1064.3707971191407,0.11959267051430911,1118.6981787109376,0.06522184968353129,1315.160888671875,-0.09390421093842671,1315.160888671875,-0.09390421093842671,0.42953020134228187,44.26309704353547,8579656.15,7418950.82,0.6492015417191281,0.7507700394757435,False,False,0.02772515383357721,0.12428765273962172,0.1655111557051716,0.047798677738321915,0.04448140954215951,0.3401435880818581,0.2624624210342633,0.7751824817518248
2025-05-14,1195.9000244140625,1199.4000244140625,1185.9000244140625,1195.5,1193.5587158203125,4084921,1193.5587158203125,0.001591871743078066,1180.3202270507813,0.01121601449007592,1102.8012927246093,0.08229716785285546,1064.8160729980468,0.12090599126643897,1118.3599792480468,0.06724018917667918,1315.160888671875,-0.09246182265529757,1315.160888671875,-0.09246182265529757,0.4389261744966443,47.06488623392388,8376698.6,7415340.16,0.48765285646065865,0.5508743917150255,False,False,0.029449704893343975,0.11838730686849175,0.18161605656307955,0.048040718413967065,0.06094062025146685,0.34049864934001195,0.2606708755135862,0.7605839416058394
2025-05-15,1197.0,1217.0,1185.0,1209.0999755859375,1207.1365966796875,6705748,1207.1365966796875,0.011375963896374408,1185.1274047851562,0.018571161046200935,1106.7947985839844,0.09065980272411722,1065.543389892578,0.13288356732369588,1118.209473876953,0.0795263543014122,1315.160888671875,-0.08213770111524277,1315.160888671875,-0.08213770111524277,0.47516778523489933,50.48168410686867,8245971.05,7435275.62,0.8132150791385571,0.9018829082761023,False,False,0.0314792769302068,0.08653839497959348,0.20021834591138488,0.07361048624404609,0.07210664882291051,0.3151752715547323,0.26079688368671594,0.7635036496350365
2025-05-16,1206.0,1213.300048828125,1203.199951171875,1208.800048828125,1206.837158203125,4016269,1206.837158203125,-0.00024805682918249694,1187.4985473632812,0.016285165891599007,1110.6305615234376,0.08662340116746114,1066.4074853515624,0.1316848154017478,1118.373706665039,0.07910008167295146,1315.160888671875,-0.08236538312673025,1315.160888671875,-0.08236538312673025,0.47248322147651006,62.71696158295522,7804963.1,7320047.2,0.5145788581626991,0.5486670905619297,False,False,0.05012609275608737,0.04090242055051618,0.2005164945473541,0.06600836964091794,0.08433021366429738,0.2791390656723925,0.26078243785485233,0.762043795620438
2025-05-19,1208.0,1219.0,1201.0999755859375,1202.800048828125,1200.846923828125,4550022,1200.846923828125,-0.004963581320216348,1188.0975769042968,0.010730892118345992,1114.369482421875,0.0776021263776061,1067.3449609375,0.1250785526483995,1118.500750732422,0.07362192027299108,1315.160888671875,-0.08692013716982627,1315.160888671875,-0.08692013716982627,0.4590604026845638,53.410648084437376,7360147.4,7110510.66,0.6181971301281276,0.6399008759801226,False,False,-0.0001660742606036658,0.010077323655050208,0.1930173831710531,0.05587497976765321,0.07466155933201768,0.26609933480383546,0.2612907092801863,0.7708029197080292
2025-05-20,1208.0,1210.699951171875,1192.9000244140625,1195.800048828125,1193.8582763671875,4724482,1193.8582763671875,-0.005819765469073035,1186.7397888183593,0.0059983558450635854,1118.1343615722656,0.06772344844893485,1068.5824499511718,0.11723552676888915,1118.6292919921875,0.06725104099591683,1315.160888671875,-0.09223404782603128,1315.160888671875,-0.09223404782603128,0.44161073825503355,52.86969056266063,6838042.5,7069736.62,0.6909114706438283,0.6682684594832897,False,False,0.0018432522615796643,-0.022240335386576993,0.19879709503894238,0.046743756839093153,0.05717572720179742,0.24778312746935127,0.2604011234753454,0.7591240875912408
2025-05-21,1197.0999755859375,1204.9000244140625,1182.699951171875,1197.800048828125,1195.85498046875,3712472,1195.85498046875,0.001672480009635935,1185.7913330078125,0.00848686204798832,1122.047998046875,0.06577881030967414,1069.7670239257814,0.11786487498956255,1118.76806640625,0.06890339148678204,1315.160888671875,-0.09071582741759221,1315.160888671875,-0.09071582741759221,0.4483221476510067,54.3302162129966,6600580.6,7028257.66,0.5624462793470018,0.5282208165373379,False,False,0.0019238807592798501,-0.015614701966139122,0.2063044900359099,0.03624876332234894,0.0675731400484374,0.24747335737686468,0.25992477875587555,0.7576642335766424
2025-05-22,1196.699951171875,1196.699951171875,1177.5,1188.5,1186.570068359375,4795583,1186.570068359375,-0.007764245883506327,1184.8728271484374,0.0014324247902808285,1125.5233447265625,0.054238522833698566,1070.8612438964844,0.1080521170435369,1118.8798852539062,0.060498167853029194,1315.160888671875,-0.09777573331150258,1315.160888671875,-0.09777573331150258,0.40939597315436244,51.63990111528373,6368664.2,7021491.86,0.7529966802143533,0.6829863361829774,False,False,-0.017037449098040947,-0.015245667301869048,0.19549365798319784,0.03817259752858404,0.05440116543630924,0.24732808978609222,0.2608762549146475,0.7664233576642335
2025-05-23,1188.5,1213.0999755859375,1188.0999755859375,1210.0999755859375,1208.135009765625,3676469,1208.135009765625,0.018174182866475874,1185.0225830078125,0.019503785910264027,1129.0376293945312,0.07005734646196982,1072.1930786132812,0.12678866695181812,1119.068578491211,0.07958978831708263,1315.160888671875,-0.08137854450213378,1315.160888671875,-0.08137854450213378,0.4778523489932886,61.05454710620048,6098580.8,6937798.84,0.602840090271494,0.5299186506825845,False,False,0.0010754156463266273,0.002485285904105794,0.19651955373890817,0.05258130190896404,0.06296308428755615,0.256220180223581,0.2610851060657075,0.7693430656934307
2025-05-26,1216.199951171875,1224.199951171875,1208.699951171875,1215.199951171875,1213.2265625,3607612,1213.2265625,0.00421439052193584,1187.463604736328,0.021695787273743328,1132.582861328125,0.07120335643902287,1073.568341064453,0.13008787246564535,1119.3398864746093,0.08387682522516848,1315.160888671875,-0.07750711494683671,1315.160888671875,-0.07750711494683671,0.4966442953020134,66.79153090733409,5416771.05,6858004.66,0.6660078424396394,0.5260439703463252,False,False,0.01030908971512412,0.04192732535435484,0.1946518552905021,0.07302414337575414,0.06552573197890932,0.22254140531825525,0.2610366722667172,0.7678832116788321
2025-05-27,1215.199951171875,1216.699951171875,1190.4000244140625,1195.5999755859375,1193.658447265625,7249163,1193.658447265625,-0.01612898681846575,1187.603369140625,0.005098569339173853,1135.7726708984376,0.05096598804529928,1074.822801513672,0.11056301148858849,1119.6498822021485,0.06609973907014122,1315.160888671875,-0.09238599052998764,1315.160888671875,-0.09238599052998764,0.44026845637583895,59.54366445579666,5503054.1,6883074.82,1.317298152674894,1.0531867209893266,False,False,-0.0001673809241165003,0.002347279000437741,0.1849942616221616,0.05218672711063865,0.051749321309796814,0.21757755412618054,0.26301733247617465,0.7781021897810219
2025-05-28,1195.5999755859375,1202.199951171875,1191.699951171875,1194.699951171875,1192.7598876953125,3525421,1192.7598876953125,-0.0007527777919813516,1187.9727600097656,0.004029661156125908,1139.1481787109376,0.04706298090652439,1076.1206896972656,0.10838858421248254,1119.9923248291016,0.06497148351200921,1315.160888671875,-0.0930692222000078,1315.160888671875,-0.0930692222000078,0.436241610738255,56.62933507790784,5375599.15,6858161.54,0.6558191750588397,0.5140475300032084,False,False,-0.0025881840390247213,0.0062324881510535945,0.1828126813892883,0.050655070103786004,0.06183113180974109,0.2168747396853145,0.2631006106417533,0.781021897810219
2025-05-29,1200.0,1209.0,1189.0,1201.699951171875,1199.74853515625,7788068,1199.74853515625,0.005859224084439285,1188.8064025878907,0.009204301511616553,1142.9519897460937,0.049692853172926155,1077.4175793457032,0.11354089459430972,1120.3162976074218,0.07090161744363255,1315.160888671875,-0.0877553115438029,1315.160888671875,-0.0877553115438029,0.4577181208053691,66.2596789884033,5450589.7,6863828.86,1.4288486987013533,1.1346535816745291,False,False,0.011106353639188216,0.01409280217124742,0.1908631435639574,0.035501904992088607,0.032076647416883874,0.2175260584014652,0.26304169262196225,0.7795620437956204
2025-05-30,1201.4000244140625,1208.800048828125,1189.5999755859375,1192.199951171875,1190.2640380859375,9998488,1190.2640380859375,-0.007905404167946939,1189.2456909179687,0.000856296706177595,1146.5860791015625,0.038093920535473336,1078.471865234375,0.10365794088403746,1120.5861083984375,0.062179897792133954,1315.160888671875,-0.09496697450611191,1315.160888671875,-0.09496697450611191,0.425503355704698,45.22971403883023,5688045.5,6983715.82,1.7578073171179802,1.4316859760195684,True,False,-0.014792197507093485,0.007436248988755612,0.1726173070629058,0.028246222894316997,0.016286294922885025,0.21961508729147725,0.2638195848161426,0.7839416058394161
2025-06-02,1189.800048828125,1200.9000244140625,1179.199951171875,1194.4000244140625,1192.46044921875,3761853,1192.46044921875,0.0018453142013301616,1190.3039672851562,0.0018117069192942203,1149.7858740234376,0.037115236984066824,1079.5650866699218,0.10457485513640563,1120.8439392089845,0.06389516640497472,1315.160888671875,-0.09329690421149528,1315.160888671875,-0.09329690421149528,0.43087248322147653,50.3773621904194,5514335.35,6940179.52,0.6821951806032254,0.5420397252202491,False,False,-0.017116434739492425,0.01807019474639948,0.17611146614758044,0.024005430816887774,0.007010887750955375,0.21700301010687895,0.26370101237111093,0.7824817518248175
2025-06-03,1195.0,1198.9000244140625,1174.9000244140625,1181.5,1179.5814208984375,8155665,1179.5814208984375,-0.010800381957112526,1191.3073364257812,-0.00984289710036057,1152.7280883789062,0.02329546125426285,1080.744168701172,0.09145295904399586,1120.9297991943358,0.05232408108541442,1315.160888671875,-0.10308964396770759,1315.160888671875,-0.10308964396770759,0.3865771812080537,44.017059182530325,5654705.25,7103292.82,1.4422794185426375,1.1481527239081213,False,False,-0.011793177855386028,0.017306718291764778,0.17299584819966762,-0.0025748146484400047,-0.00083495274529366,0.21751938541344054,0.2642242288986704,0.7854014598540145
2025-06-04,1181.800048828125,1191.300048828125,1168.5999755859375,1171.0,1169.098388671875,4306355,1169.098388671875,-0.008887078111639024,1191.7915405273438,-0.019041209040154383,1155.1032250976561,0.012115941909032202,1081.7774877929687,0.08071983551539552,1120.9867065429687,0.042919047878166916,1315.160888671875,-0.1110605563609045,1315.160888671875,-0.1110605563609045,0.32550335570469796,33.27472140548397,5656832.15,7092972.62,0.7612661796938769,0.6071297932065047,False,False,-0.01983760459044026,0.008352563855546613,0.16889598645547044,0.00666237889127963,0.010479503435876891,0.2202989686159208,0.2647809865289899,0.7883211678832117
2025-06-05,1172.5,1175.5,1157.0,1159.0,1157.117919921875,10481600,1157.117919921875,-0.010247613773217257,1191.1326110839843,-0.028556594660903767,1157.1928271484376,-6.473184486210926e-05,1082.6166235351564,0.06881595457443046,1121.0161590576172,0.03220449640494638,1315.160888671875,-0.12017006444709655,1315.160888671875,-0.12017006444709655,0.24966442953020135,30.17507072335438,5685294.8,7227751.74,1.8436335086792686,1.4501881604472486,True,False,-0.03553295877025009,-0.011260897360809596,0.1424909122465312,0.004637451864551112,-0.0068971600982845604,0.22082565641042087,0.2652822544617569,0.7941605839416058
2025-06-06,1158.9000244140625,1201.199951171875,1151.199951171875,1194.5999755859375,1192.66015625,14715421,1192.66015625,0.03071617483075939,1193.3040832519532,-0.0005396168596008,1159.6777856445312,0.02844097818700364,1083.9429663085937,0.10029788773079695,1121.1546838378906,0.06377841830650421,1315.160888671875,-0.09314505432531772,1315.160888671875,-0.09314505432531772,0.4348993288590604,47.35821676283273,6152087.3,7385088.86,2.3919395617159074,1.9925855028912949,True,True,0.002013098007997982,0.03779001280790539,0.15520743436281093,0.041272683286067036,0.02871574258731968,0.236687080005076,0.2693772771141765,0.8087591240875912
2025-06-09,1212.5,1224.5,1206.199951171875,1219.9000244140625,1217.9190673828125,9138108,1217.9190673828125,0.021178632488430216,1194.1477172851562,0.01990654066793307,1162.11482421875,0.04801956054693446,1085.7320568847656,0.12174920106653597,1121.487392578125,0.08598551837752355,1315.160888671875,-0.07393910671055837,1315.160888671875,-0.07393910671055837,0.5154362416107383,56.94523334005167,6228182.3,7402153.76,1.4672190953691255,1.2345201540368975,False,False,0.021349654137998275,0.0140483172428989,0.17563731165215857,0.06481033732927433,-0.002499052957307679,0.18939833336906983,0.2720677661108709,0.8160583941605839
2025-06-10,1224.4000244140625,1235.9000244140625,1218.4000244140625,1232.800048828125,1230.798095703125,7747558,1230.798095703125,0.010574617530201058,1196.1045349121093,0.029005458785895222,1164.3961108398437,0.057026972389479624,1087.5640759277344,0.1317016835566276,1121.8108666992186,0.09715294461764934,1315.160888671875,-0.06414636695434606,1315.160888671875,-0.06414636695434606,0.5812080536912752,59.49023638232271,6337063.9,7322694.36,1.2225784878072634,1.0580201247126746,False,False,0.04341936376522271,0.03284183012802688,0.19013364646247166,0.07372721762247547,0.09060903734509496,0.18959898899783892,0.27235236982565025,0.8175182481751825
2025-06-11,1232.5999755859375,1241.800048828125,1228.0999755859375,1231.4000244140625,1229.400390625,4135775,1229.400390625,-0.0011356087428185946,1197.8966186523437,0.026299241088182157,1167.0947216796876,0.0533852718103649,1089.3586572265624,0.12855429428079712,1122.0954040527345,0.09562911155745413,1315.160888671875,-0.06520913052203137,1315.160888671875,-0.06520913052203137,0.5704697986577181,62.15298800585783,6339606.6,7262868.66,0.6523709215647545,0.5694409734789283,False,False,0.05157992050748583,0.030029251455848227,0.2006044956172639,0.06994524407717395,0.04039711592616513,0.18986361773564356,0.2711731403173934,0.8102189781021898
2025-06-12,1231.0,1237.0999755859375,1210.800048828125,1212.9000244140625,1210.930419921875,3461744,1210.930419921875,-0.015023560138723635,1198.0863098144532,0.010720521553585716,1169.382001953125,0.03553023554266699,1091.2166345214844,0.10970670865266552,1122.309805908203,0.07896270133892114,1315.160888671875,-0.07925301736676338,1315.160888671875,-0.07925301736676338,0.48322147651006714,50.80737055276325,6177406.4,7161925.2,0.5603879323853453,0.4833538334078105,False,False,0.04650563185784318,0.0031428284525734096,0.19946594433889264,0.06745872854376578,0.03662505512327763,0.19480024932012582,0.2714342953236122,0.8116788321167884
2025-06-13,1198.0,1211.699951171875,1195.5999755859375,1205.800048828125,1203.842041015625,3906868,1203.842041015625,-0.005853663257305297,1197.9365539550781,0.004929716053032607,1171.4546337890624,0.02764717155269225,1092.8919104003905,0.10151976564140441,1122.5087335205078,0.07245672578424633,1315.160888671875,-0.0846427601482782,1315.160888671875,-0.0846427601482782,0.46442953020134226,47.32046883256119,6171936.35,7141638.76,0.6330052318183742,0.5470548331122814,False,False,0.009375583402386312,-0.0024817906601081186,0.19362512284982536,0.07444874420700542,0.016793494253115382,0.19599448282408818,0.27193594859546877,0.8145985401459854
2025-06-16,1206.0999755859375,1218.0,1196.0,1215.4000244140625,1213.4263916015625,5697424,1213.4263916015625,0.007961468580920839,1198.56552734375,0.012398875087578087,1174.0464184570312,0.03354209214000736,1095.131767578125,0.10801862161760245,1122.7338671875,0.08077829222454236,1315.160888671875,-0.07735517224288035,1315.160888671875,-0.07735517224288035,0.49798657718120803,55.9855258343159,6229306.45,7122824.44,0.9146161046547967,0.7998826937253559,False,False,-0.0036888130759823445,0.010475496521518357,0.17526471979191305,0.09604108692147784,0.01361515354495979,0.19706580246349367,0.26873436851080085,0.8058394160583942
2025-06-17,1215.4000244140625,1227.0,1211.300048828125,1215.0999755859375,1213.1268310546875,4492946,1213.1268310546875,-0.00024687162645242733,1199.528955078125,0.011336013123315558,1176.65517578125,0.030996043721323918,1097.3985803222656,0.10545689853037432,1122.9028424072267,0.08034888259258732,1315.160888671875,-0.07758294707214675,1315.160888671875,-0.07758294707214675,0.49395973154362416,56.18934776028157,6217729.65,7131376.48,0.7226023408721219,0.6300250747664916,False,False,-0.014357565802327943,0.01613973372629518,0.17497458027902568,0.133647512484121,0.01794547800012669,0.19564798350010354,0.26874596866043826,0.8072992700729927
2025-06-18,1209.800048828125,1223.300048828125,1203.9000244140625,1221.0,1219.017333984375,3135662,1219.017333984375,0.004855636507986816,1200.6870727539062,0.015266476708561738,1179.2739184570312,0.033701597996286026,1099.9025085449218,0.10829580304988307,1123.1526867675782,0.0853531744581355,1315.160888671875,-0.07310402515436065,1315.160888671875,-0.07310402515436065,0.5234899328859061,55.894975695595924,6188889.15,7087176.52,0.5066599068105784,0.44244163965031313,False,False,-0.008445626599603129,0.019368864865659363,0.16059136269614682,0.13144613762841129,0.028657549153104256,0.19614624587191656,0.26708723699600867,0.8
2025-06-19,1218.0,1227.800048828125,1213.800048828125,1217.5,1215.52294921875,4243763,1215.52294921875,-0.0028665587175890073,1202.134716796875,0.011137048314808107,1181.793818359375,0.028540622175701857,1102.4803155517577,0.10253483175381484,1123.362844848633,0.08203948064753308,1315.160888671875,-0.07576102689135256,1315.160888671875,-0.07576102689135256,0.5060402684563758,58.021555597423124,6161298.15,7050851.96,0.6887774129223075,0.6018794642229306,False,False,0.0037925624968371263,0.02440048138025852,0.154739958175663,0.12846411892479104,0.03727888106480015,0.19399187013386276,0.26732319824814166,0.8014598540145985
2025-06-20,1217.5,1226.0,1214.199951171875,1220.699951171875,1218.7177734375,4652390,1218.7177734375,0.0026283536816835706,1202.6638549804688,0.013348633028712698,1185.2432104492189,0.028242779788288264,1105.1724371337891,0.10273992771497742,1123.5897259521485,0.08466439776737755,1315.160888671875,-0.07333179998362693,1315.160888671875,-0.07333179998362693,0.5221476510067115,58.286079694289505,6210094.2,6949490.62,0.7491657694983113,0.6694576990449985,False,False,0.01235688064966145,0.008759586955375154,0.14068122543754402,0.13374206209105322,0.03436944998560931,0.18360225645708986,0.2660623931702407,0.7970802919708029
2025-06-23,1212.5999755859375,1222.9000244140625,1205.5999755859375,1214.0999755859375,1212.12841796875,2312469,1212.12841796875,-0.005406793609125882,1202.6089477539062,0.00791568217800398,1187.9637841796875,0.020341220928505432,1107.8241241455078,0.09415239436466938,1123.716019897461,0.07867859539757815,1315.160888671875,-0.07834210368525563,1315.160888671875,-0.07834210368525563,0.49261744966442955,60.69550357619932,6145337.05,6821272.86,0.3762965287640326,0.3390084295792266,False,False,-0.0010696764482758248,-0.000905143824898702,0.10588884129626286,0.12682723838723797,0.019411697733821898,0.18419549677433267,0.26192823161566997,0.7737226277372263
2025-06-24,1222.9000244140625,1238.4000244140625,1215.5999755859375,1221.199951171875,1219.2169189453125,6745788,1219.2169189453125,0.0058479785404597084,1203.8868713378906,0.012733794156576828,1191.1496020507811,0.023563217287071447,1110.5506896972656,0.09784895931015014,1123.8637799072267,0.08484403603251378,1315.160888671875,-0.07295226808596189,1315.160888671875,-0.07295226808596189,0.5261744966442953,66.84563857521621,6120168.3,6822384.6,1.1022226300541442,0.9887727525651369,False,False,0.005020157608195186,0.021411880205963074,0.0917704447927552,0.1413618829647041,-0.0036746376087293253,0.17492947652230667,0.259659853517018,0.7562043795620438
2025-06-25,1226.300048828125,1226.300048828125,1211.0,1213.300048828125,1211.3297119140625,4229259,1211.3297119140625,-0.006469076100151905,1204.815362548828,0.005406927540708928,1194.0319140625,0.014486880666957802,1112.8419622802735,0.08850111064466182,1124.0414910888671,0.07765569288784757,1315.160888671875,-0.07894941041218706,1315.160888671875,-0.07894941041218706,0.48456375838926175,68.737021082698,6155360.2,6744088.34,0.6870855421263568,0.6271061093485024,False,False,-0.006306409151037529,0.015568786652132571,0.10677303118695214,0.1395697840307244,-0.020382091156509685,0.17690553189804,0.2563355470200581,0.7489051094890511
2025-06-26,1215.199951171875,1239.0,1211.199951171875,1233.5,1231.4969482421875,8678448,1231.4969482421875,0.016648841458910546,1206.402783203125,0.020800818257758813,1196.4419921875,0.02929933610119706,1115.3389001464843,0.10414596682716559,1124.3058111572266,0.09533984083443547,1315.160888671875,-0.06361498517050346,1315.160888671875,-0.06361498517050346,0.5852348993288591,65.01926557603647,6199879.2,6731251.32,1.399776950492842,1.2892770730776992,False,False,0.013141667982249583,0.02646255624042304,0.12304821780344177,0.15086765485639408,-0.002422741434623621,0.1849363681335245,0.25813117433319543,0.7518248175182481
2025-06-27,1236.9000244140625,1247.0,1220.4000244140625,1225.0999755859375,1223.110595703125,6068274,1223.110595703125,-0.006809884954268819,1208.0451110839845,0.012470961954079929,1197.71591796875,0.021202588488130614,1117.7389965820312,0.09427209701308881,1124.6370220947265,0.08756031650548324,1315.160888671875,-0.06999165939439367,1315.160888671875,-0.06999165939439367,0.538255033557047,52.30904212404295,6003368.5,6595888.24,1.0108115135694236,0.9200086143363763,False,False,0.0036044622974806817,0.027596026231295756,0.11170603457878925,0.12746186215057276,-0.0016728919369597417,0.18424716362158483,0.2587547986515931,0.7547445255474453
2025-06-30,1228.9000244140625,1236.0,1193.0999755859375,1199.199951171875,1197.2525634765625,6559872,1197.2525634765625,-0.021141205314877953,1208.284716796875,-0.009130425277213194,1197.883642578125,-0.0005268283822662534,1119.8665350341796,0.06910290290978383,1124.7785418701171,0.06443403648681478,1315.160888671875,-0.08965315666768581,1315.160888671875,-0.08965315666768581,0.45234899328859063,36.62420041139083,6143269.45,6458158.96,1.0678144680761155,1.0157495411045132,False,False,-0.01227250699815785,0.0040186777355610825,0.10464247734545928,0.10535520460846182,-0.05609701288208735,0.20086966754534247,0.2607981915754711,0.7649635036496351
2025-07-01,1202.0,1202.0,1167.0,1173.300048828125,1171.394775390625,8702198,1171.394775390625,-0.02159760511253539,1207.8753845214844,-0.030202295367838583,1196.8912573242187,-0.02130225430052346,1121.6151916503907,0.044382051982540194,1124.7091552734375,0.041509060274198095,1315.160888671875,-0.10931446830542024,1315.160888671875,-0.10931446830542024,0.3395973154362416,30.646272800140764,6170596.1,6328871.32,1.41026861246031,1.3749999897296064,False,False,-0.03922365479971868,-0.00694029709418198,0.08193101936683789,0.10334776820243974,-0.08650567978988633,0.21210839951703253,0.2651180078908371,0.7912408759124088
2025-07-02,1180.0,1181.9000244140625,1172.0,1175.300048828125,1173.3914794921875,5471100,1173.3914794921875,0.0017045526781496179,1208.0900390625,-0.028721832353852728,1196.0626049804687,-0.018954798347408763,1123.4711724853516,0.04443399014538296,1124.6552435302735,0.043334378461555634,1315.160888671875,-0.10779624789698117,1315.160888671875,-0.10779624789698117,0.3503355704697987,35.92815796096734,6228833.35,6269059.12,0.878350678622667,0.8727146921530388,False,False,-0.0313194929908287,0.0036721381723821,0.07840532277084122,0.10098366018349614,-0.08746879806550378,0.20971569780223376,0.26501669657910637,0.7897810218978102
2025-07-03,1178.0,1181.0,1168.0,1171.0999755859375,1169.1982421875,6237185,1169.1982421875,-0.0035736046988360526,1208.6940551757812,-0.03267643521464769,1195.3477661132813,-0.021876080473892112,1125.0266418457031,0.03926271494275868,1124.4942553710937,0.039754748948587215,1315.160888671875,-0.11098463141781567,1315.160888671875,-0.11098463141781567,0.3275167785234899,36.725296971443214,6016612.6,6205124.6,1.0366605621242757,1.005166761679532,False,False,-0.05058778760565452,0.010440009663354566,0.0731236750613109,0.08944605644648518,-0.07369781925077046,0.20659290924740265,0.26521228902432276,0.7927007299270074
2025-07-04,1174.0,1179.5,1162.0,1177.5999755859375,1176.6925048828125,3926186,1176.6925048828125,0.006409745092749386,1207.8956726074218,-0.025832667863816994,1194.778818359375,-0.015137792199394706,1126.677021484375,0.04439203289381277,1124.3003533935546,0.046599782105483545,1315.160888671875,-0.10528626952166731,1315.160888671875,-0.10528626952166731,0.3731543624161074,35.695298506611294,5477150.85,6102085.58,0.7168299920021375,0.6434170659402649,False,False,-0.03795085332706838,-0.013388265956157608,0.12467819759149168,0.1100601676790578,-0.06528575334974018,0.17523348023036964,0.2512057206873234,0.7357664233576642
2025-07-07,1177.5999755859375,1177.5999755859375,1167.5999755859375,1175.0999755859375,1174.1944580078125,5783402,1174.1944580078125,-0.00212293939549546,1205.7094421386719,-0.026138125015392144,1194.9745849609376,-0.017389597414579683,1128.228540649414,0.04074167218987412,1124.026071166992,0.044632760865354504,1315.160888671875,-0.10718569254779053,1315.160888671875,-0.10718569254779053,0.35838926174496644,35.09439676364636,5309415.55,5872877.48,1.0892728108275496,0.9847646268282102,False,False,-0.01925918237484847,-0.03590107959222599,0.09115765360404726,0.1301088988283008,-0.06094467452496144,0.15516735528979841,0.24520362355442823,0.6963503649635037
2025-07-08,1180.0,1180.0,1161.9000244140625,1165.4000244140625,1164.501953125,9973619,1164.501953125,-0.008254599412142682,1202.3946350097656,-0.03151434710489853,1194.4473608398437,-0.02507051268779925,1129.6491900634765,0.03085273142148237,1123.698084716797,0.03631212775314707,1315.160888671875,-0.11455551700523803,1315.160888671875,-0.11455551700523803,0.29261744966442954,29.718744550369124,5420718.6,5961879.82,1.839907166551682,1.6728983644625026,True,False,-0.0058842863315029525,-0.05386435257705824,0.09866342105887504,0.11159429814442201,-0.08804980642232962,0.14957587681159684,0.24363249339403945,0.6686131386861314
2025-07-09,1160.0,1171.0,1158.5999755859375,1164.699951171875,1163.8023681640625,8674795,1163.8023681640625,-0.0006007589416746617,1199.1147338867188,-0.029448696379701267,1194.015966796875,-0.02530418308715343,1131.1861431884765,0.028833649680017004,1123.3249182128907,0.036033608170615405,1315.160888671875,-0.11508745569575374,1315.160888671875,-0.11508745569575374,0.287248322147651,30.349866477691705,5647669.6,6013885.32,1.5359954838717904,1.442460994583781,True,False,-0.008172133082366417,-0.053357736796869615,0.09050504093853817,0.10844416086403563,-0.08923812203173187,0.14966314922942975,0.2434337130711203,0.6627737226277373
2025-07-10,1170.0999755859375,1176.5999755859375,1163.0,1164.300048828125,1163.40283203125,4339755,1163.40283203125,-0.0003433023885686115,1196.7383544921875,-0.027855313850188024,1193.622509765625,-0.02531761715880243,1132.7625299072265,0.02704918402141443,1122.9385223388672,0.03603430542938657,1315.160888671875,-0.11539124828588765,1315.160888671875,-0.11539124828588765,0.2859060402684564,28.528200394617883,5691570.15,5974915.28,0.7624881861466646,0.726329127130318,False,False,-0.004956738683943862,-0.03924881818865478,0.04717382382979052,0.13488023832661722,-0.09390123380497273,0.1425264384848876,0.22913368061739015,0.527007299270073
2025-07-11,1162.0,1175.9000244140625,1160.5999755859375,1173.800048828125,1172.8955078125,4468654,1172.8955078125,0.008159405770636008,1195.1910278320313,-0.01865435691897166,1193.4508544921875,-0.01722345465866193,1134.4388354492187,0.03389929113988166,1122.5881085205078,0.04481376464809861,1315.160888671875,-0.10817336653239651,1315.160888671875,-0.10817336653239651,0.3476510067114094,35.106517068866765,5719659.45,5959300.92,0.7812797316105944,0.7498621163772344,False,False,-0.0032268388338979603,-0.02570647323216657,0.011627596015212571,0.1317949916414276,-0.08707537958872802,0.1460863719664517,0.2117716611940626,0.3284671532846715
2025-07-14,1179.0,1179.9000244140625,1163.0,1172.699951171875,1171.7962646484375,4772502,1171.7962646484375,-0.0009372046842541781,1193.109521484375,-0.017863621446437827,1193.4608813476561,-0.018152766494327732,1136.0911700439453,0.03142801875936696,1122.223212890625,0.044173967521240254,1315.160888671875,-0.10900919063082493,1315.160888671875,-0.10900919063082493,0.3422818791946309,31.140731592223844,5673413.35,5910029.84,0.8412047043954589,0.8075258719844298,False,False,-0.002042415839233147,-0.03430791289958568,-0.014358273832339119,0.18430169250550676,-0.08902745248389554,0.1419931502825941,0.2052032491093885,0.24233576642335766
2025-07-15,1174.0,1179.0,1162.300048828125,1165.9000244140625,1165.0015869140625,4776756,1165.0015869140625,-0.005798514587698866,1190.7032592773437,-0.021585287655028318,1193.5706323242186,-0.02393578112300243,1137.782384033203,0.023923030680412793,1121.8605346679688,0.038454915662811784,1315.160888671875,-0.11417561383645769,1315.160888671875,-0.11417561383645769,0.2979865771812081,31.41371717820735,5687603.85,5898599.62,0.8398538516356058,0.8098118719235939,False,False,0.00042905362908296496,-0.03967041442714203,-0.045873715964543815,0.18100951347129213,-0.09588742489011803,0.1426027639746859,0.19750298770857133,0.17956204379562044
2025-07-16,1164.9000244140625,1174.0,1157.0999755859375,1168.4000244140625,1167.4996337890625,4388279,1167.4996337890625,0.002144243323837003,1188.127374267578,-0.017361556450318782,1193.7323388671875,-0.021975366021346976,1139.5440045166015,0.0245322946386084,1121.3678295898437,0.04113886896157193,1315.160888671875,-0.11227619081033446,1315.160888671875,-0.11227619081033446,0.3087248322147651,20.083723074745905,5750234.7,5901088.86,0.7631478068190851,0.7436388612524638,False,False,0.003176884431703497,-0.042261663357096135,-0.03895581510110846,0.20531704459700673,-0.09751218843379506,0.1411959451057817,0.19737563934904942,0.1781021897810219
2025-07-17,1170.0,1172.9000244140625,1154.800048828125,1159.800048828125,1158.90625,5694428,1158.90625,-0.0073605023422346205,1185.2965393066406,-0.022264714720316325,1193.5045336914063,-0.02898881630922412,1141.207710571289,0.01550860484446881,1120.7872302246094,0.03401093333990923,1315.160888671875,-0.11881028398713245,1307.2738037109375,-0.11349386279275919,0.2657718120805369,20.044924469027862,5822767.95,5816730.48,0.9779589447661228,0.9789740163446595,False,False,-0.003865025859872806,-0.04657805864968578,-0.03820433254616873,0.21003981162209273,-0.11881028398713245,0.14240744286296758,0.19725529365438588,0.17664233576642335
2025-07-18,1090.0,1115.9000244140625,1086.0,1099.300048828125,1098.452880859375,38053695,1098.452880859375,-0.0521641583524336,1179.2832946777344,-0.06854198154350022,1192.4889770507812,-0.07885699406964142,1142.0951623535157,-0.038212473822415105,1119.9240814208983,-0.019172014351438782,1315.160888671875,-0.16477680387176374,1307.2738037109375,-0.15973770931444187,0.15167785234899328,15.153234715923134,7492833.2,6470212.96,5.078679050268995,5.881366693067858,True,True,-0.06346910398860994,-0.09868149558441852,-0.08852666182223645,0.15686823040876274,-0.1584843766204752,0.22556889626804863,0.2237868028260449,0.454014598540146
2025-07-21,1086.0,1101.5,1071.9000244140625,1099.5999755859375,1098.7525634765625,15905500,1098.7525634765625,0.00027282246003390576,1173.614501953125,-0.06378750292534519,1190.4431005859376,-0.07702219204281568,1142.9272058105469,-0.03865044257359884,1119.2668493652343,-0.018328324385115113,1315.160888671875,-0.16454893622471856,1307.2738037109375,-0.15950846688922327,0.15302013422818792,18.74392694581968,8172484.75,6635998.8,1.946225717949489,2.396850945783776,True,False,-0.06233481312025657,-0.0935345239097517,-0.056383733199564134,0.16029493545209306,-0.15602782216743882,0.2263604123653716,0.21339966036702773,0.35036496350364965
2025-07-22,1102.0,1110.5999755859375,1095.0,1098.0,1097.15380859375,9999957,1097.15380859375,-0.0014550636202875777,1167.5113464355468,-0.06026283004152455,1188.5529418945312,-0.07689950533889778,1143.8256280517578,-0.040803264338028944,1118.6293280029297,-0.019198065768148198,1315.160888671875,-0.16576457067414851,1290.2513427734375,-0.14965885155726177,0.14899328859060404,17.08417176931161,8335193.2,6724599.42,1.1997270801113524,1.487071032106177,False,False,-0.058238356996604956,-0.10011599121930947,-0.0786902759259831,0.159095447673832,-0.16073143554221248,0.22326762339683354,0.207654735954248,0.2759124087591241
2025-07-23,1099.5,1110.5,1098.0999755859375,1104.800048828125,1103.9486083984375,6633979,1103.9486083984375,0.0061931150869325435,1162.1422912597657,-0.050074490274548134,1186.7607397460938,-0.06977997213269282,1144.7810162353517,-0.03566831320385866,1118.2801171875,-0.012815669856588885,1315.160888671875,-0.16059805465073695,1280.41748046875,-0.13782135495815684,0.15704697986577182,22.44725016314382,8455429.2,6775580.58,0.7845821711806186,0.9791011886984303,False,False,-0.05443344353297419,-0.08864729599173171,-0.06869021461978331,0.1239521998110289,-0.14439259096180146,0.2267827168103055,0.20809467522345942,0.2832116788321168
2025-07-24,1104.0,1105.0,1089.4000244140625,1095.0999755859375,1094.256103515625,9901209,1094.256103515625,-0.008779851533916916,1155.2802490234376,-0.05282194130765805,1184.5031298828126,-0.07618977450580144,1145.6489642333984,-0.04485916918902155,1117.8689654541015,-0.02112310357313163,1315.160888671875,-0.16796787910818456,1275.026123046875,-0.14177750264384514,0.1436241610738255,15.824317745450202,8516567.25,6839489.8,1.1625821424706064,1.4476531568188025,False,False,-0.055785484360253434,-0.11144229380548376,-0.07507514634086954,0.11453715601084014,-0.14539115545733794,0.21281715368512727,0.20868382999464516,0.28613138686131384
2025-07-25,1086.0999755859375,1101.0,1076.199951171875,1086.0999755859375,1085.262939453125,11779887,1085.262939453125,-0.00821851852926092,1148.3878662109375,-0.054968298268503024,1182.0716455078125,-0.08189749447301808,1146.351103515625,-0.05328922690016613,1117.5760827636718,-0.02891359595906806,1315.160888671875,-0.17480595051067416,1275.026123046875,-0.14883082014059534,0.13691275167785236,15.015669133967009,8802147.9,6994762.16,1.3382968718351118,1.6841011503384697,False,False,-0.012007744379468388,-0.11270252807413217,-0.08143639570312866,0.10391810432227322,-0.1394987813764943,0.21296425595903704,0.20917700265109473,0.28905109489051095
2025-07-28,1080.9000244140625,1092.199951171875,1067.4000244140625,1073.5999755859375,1072.7725830078125,9029557,1072.7725830078125,-0.01150906014684927,1142.1638671875,-0.06075422815690956,1179.5101586914063,-0.09049313810235649,1146.9398205566406,-0.0646653261309148,1117.182809448242,-0.03975197797964958,1315.160888671875,-0.18430315845906897,1275.026123046875,-0.1586269774267416,0.11543624161073826,14.69225354958327,8925632.15,7084352.86,1.0116434162032995,1.2745775342421326,False,False,-0.023644978252925997,-0.10397136265658691,-0.08411403227931158,0.08966376807676757,-0.13292925988197268,0.20645029070982107,0.2096903881983111,0.3021897810218978
2025-07-29,1070.9000244140625,1078.699951171875,1055.4000244140625,1064.199951171875,1063.3798828125,15599773,1063.3798828125,-0.008755537141877268,1136.7631225585938,-0.0645545569607544,1176.9005908203126,-0.09645734643457649,1147.517476196289,-0.07332140479697302,1116.6584594726562,-0.04771250887699097,1315.160888671875,-0.19144502245169248,1275.026123046875,-0.16599365017605527,0.08993288590604027,13.770695105398929,9270510.9,7301858.68,1.6827306680584346,2.136411245910336,True,False,-0.030783218831039627,-0.09221049542593807,-0.08290900507951637,0.0670836086164055,-0.09421772007223206,0.19793704717677094,0.209476972928662,0.2948905109489051
2025-07-30,1070.5,1080.5999755859375,1062.0,1073.300048828125,1072.472900390625,8247433,1072.472900390625,0.00855105285053459,1131.7171936035156,-0.052349026371376506,1174.43294921875,-0.0868164069272328,1148.2404736328126,-0.06598580609379978,1116.109189453125,-0.039096792208906606,1315.160888671875,-0.18453102610611416,1275.026123046875,-0.15886201780102926,0.11342281879194631,19.131587889637572,9409327.55,7392557.9,0.8765167283394231,1.1156399600197924,False,False,-0.028511932320360533,-0.08600589050232188,-0.07498734986452826,0.08572592683628977,-0.0875973044043481,0.20234087051743818,0.21044617893064171,0.310948905109489
2025-07-31,1066.0,1081.300048828125,1063.9000244140625,1068.4000244140625,1067.57666015625,7634413,1067.57666015625,-0.004565374316303661,1126.6361145019532,-0.05242105555244991,1172.0530810546875,-0.08913966661341222,1148.788212890625,-0.07069323294154217,1115.5943426513672,-0.04304224273941404,1315.160888671875,-0.18825394721527167,1275.026123046875,-0.16270212754142788,0.09664429530201342,13.095209578789238,9479188.95,7449334.5,0.8053867308974784,1.0248449710507697,False,False,-0.024381352110954047,-0.08691561307954254,-0.08777249856030034,0.05319911657648646,-0.08609627372841899,0.2023173055393084,0.20938499774248542,0.2934306569343066
2025-08-01,1065.0,1070.9000244140625,1060.0,1062.4000244140625,1061.581298828125,5545447,1061.581298828125,-0.005615860248619042,1120.8805541992188,-0.05290416998398051,1169.1220068359376,-0.09198416194290637,1149.0798181152343,-0.07614659826732295,1115.0899530029296,-0.047985953088991784,1315.160888671875,-0.1928125996050789,1275.026123046875,-0.16740427537962133,0.08590604026845637,12.660780380885413,9560152.0,7486714.06,0.5800584551375334,0.7407050617343867,False,False,-0.021821108750782026,-0.09782607229758078,-0.07626790084824486,0.049351587709355105,-0.09118978676729084,0.19821222406614927,0.20672380005410063,0.26277372262773724
2025-08-04,1064.4000244140625,1070.0,1059.0,1068.5999755859375,1067.7764892578125,4465845,1067.7764892578125,0.005835813457270245,1115.5596557617187,-0.04283335835704738,1166.2130053710937,-0.08440697853644519,1149.3979333496093,-0.0710123463106751,1114.668953857422,-0.042068512303436334,1315.160888671875,-0.1881020045113153,1275.026123046875,-0.16254540204541612,0.09798657718120805,16.92721785478784,9494274.15,7503878.72,0.4703724507470642,0.5951382167327992,False,False,-0.0046571788178926266,-0.09063061746224998,-0.11096149069232031,0.04782327112858753,-0.08282879904307128,0.20175687741200568,0.1835013327738501,0.12700729927007298
2025-08-05,1068.0,1079.9000244140625,1062.5,1070.800048828125,1069.974853515625,5318081,1069.974853515625,0.002058824370014589,1110.83330078125,-0.03678179906642087,1163.7393334960936,-0.08057172021399528,1149.7560021972656,-0.0693896344347611,1114.262191772461,-0.03974588618715302,1315.160888671875,-0.18643044913223727,1275.026123046875,-0.16082123011036653,0.10604026845637583,16.757499423713384,9261497.25,7465257.08,0.574213958763525,0.7123774764900661,False,False,0.0062018953054501225,-0.08117384376703429,-0.10211529433288535,0.046494640992076786,-0.08580128238891427,0.20263929349649207,0.1832558182739921,0.12116788321167883
2025-08-06,1074.0,1077.699951171875,1065.5999755859375,1071.0,1070.1746826171875,4216651,1070.1746826171875,0.00018676055881683418,1106.1519165039062,-0.03252467708090956,1161.2876293945312,-0.07845855279182468,1150.2179040527344,-0.06958961528378116,1113.9630047607423,-0.03930859638642992,1315.160888671875,-0.18627850642828092,1275.026123046875,-0.16066450461435478,0.11140939597315436,17.91907310360412,9038590.05,7479081.68,0.4665164562917642,0.5637926125711199,False,False,-0.002142914541337526,-0.0804498152848544,-0.10337491701723722,0.05946659476963623,-0.07661170598049916,0.20284113168389387,0.1831697164133004,0.11970802919708029
2025-08-07,1067.800048828125,1079.699951171875,1064.5,1076.199951171875,1075.37060546875,5321131,1075.37060546875,0.004855210028754886,1101.7503051757812,-0.023943446698498905,1158.8000708007812,-0.07199642754110103,1150.8760302734374,-0.06560691405376484,1113.3653259277344,-0.03412601378377267,1315.160888671875,-0.18232771767207812,1275.026123046875,-0.1565893544996685,0.11946308724832215,36.101024653426045,9087658.85,7429742.94,0.58553375383364,0.7161931500149586,False,False,0.007300595454530878,-0.07566788058165508,-0.10915582509333988,0.06920752207126402,-0.049739966968529226,0.204948208884191,0.1816549699241779,0.10364963503649635
2025-08-08,1073.0,1080.4000244140625,1054.199951171875,1058.0999755859375,1057.2845458984375,5084903,1057.2845458984375,-0.01681844331464577,1095.9697570800781,-0.035297699532062965,1156.1404809570313,-0.08550512389010256,1151.363280029297,-0.08171073002125406,1112.7099127197266,-0.049811155798743956,1315.160888671875,-0.19607969260236735,1275.026123046875,-0.17077420863198456,0.08053691275167785,29.435089401600123,9118471.3,7331471.24,0.557648626914031,0.6935719766937256,False,False,-0.004047502470541531,-0.09856885045939157,-0.12392112000210387,0.05174714596204644,-0.05958242702983296,0.20472170651479432,0.1841837203945668,0.1343065693430657
2025-08-11,1058.0999755859375,1075.4000244140625,1052.5999755859375,1073.300048828125,1072.472900390625,5452775,1072.472900390625,0.014365436959339117,1091.0035888671875,-0.01698499314360946,1153.7407299804688,-0.07043855476196936,1151.7633020019532,-0.06884261850808104,1112.203073120117,-0.03572204904814291,1315.160888671875,-0.18453102610611416,1275.026123046875,-0.15886201780102926,0.11342281879194631,39.21400846294846,9152484.95,7365289.68,0.5957698952566975,0.7403340855427156,False,False,0.0043983091780535055,-0.08476163242217838,-0.1069029040173266,0.06548036036691562,-0.05505164106259042,0.21575187675267943,0.1871520501107739,0.15474452554744525
2025-08-12,1071.0999755859375,1076.5999755859375,1066.300048828125,1070.0,1069.1754150390625,4573025,1069.1754150390625,-0.0030746561058666577,1086.2122802734375,-0.015684655332828923,1151.5326098632813,-0.0715196374977144,1152.1303491210938,-0.07200134441846251,1111.7563720703124,-0.0383006188234889,1315.160888671875,-0.1870383127658417,1275.026123046875,-0.1614482278338737,0.10268456375838926,34.32433205812822,9142298.4,7293636.88,0.5002051781639505,0.6269883016166826,False,False,-0.0007471563223525601,-0.08225411274231054,-0.10443690327090138,0.07359843878292294,-0.059074499507712486,0.21572243733295918,0.18698555012515863,0.15182481751824817
2025-08-13,1071.0999755859375,1072.800048828125,1063.199951171875,1066.0,1065.178466796875,4966778,1065.178466796875,-0.003738346566864781,1081.0962219238281,-0.014723717282655202,1149.4542114257813,-0.07331805285603399,1152.2787182617187,-0.07558956881217038,1111.2549920654296,-0.04146350351408967,1315.160888671875,-0.19007744529830617,1275.026123046875,-0.16458302497248922,0.0912751677852349,36.18232527489866,9171223.35,7306845.34,0.541561121178016,0.6797431406971589,False,False,-0.00466859840871392,-0.08764128401489013,-0.10927454900982436,0.0744861109187096,-0.06636532513835025,0.2144372980931157,0.18688911961753382,0.14890510948905109
2025-08-14,1067.0,1072.4000244140625,1062.0,1068.199951171875,1067.376708984375,6761305,1067.376708984375,0.002063731342702102,1076.5197448730469,-0.008493142770688467,1147.6593872070312,-0.06995340178241716,1152.4261071777344,-0.07380030499451584,1110.6547821044921,-0.03896626910308976,1315.160888671875,-0.18840598273700693,1275.026123046875,-0.16285894877689966,0.0953020134228188,40.91369110369718,9224567.2,7232439.44,0.7329671792081476,0.9348581562405727,False,False,-0.007433620041055966,-0.07897924531481726,-0.10045201927249359,0.07540390601132585,-0.08175494184379706,0.21536955558756263,0.18664770430509792,0.14744525547445256
2025-08-18,1080.0,1090.0,1079.4000244140625,1082.5999755859375,1081.7657470703125,7964987,1081.7657470703125,0.01348074954682943,1075.6853881835937,0.005652543906900176,1145.4414990234375,-0.055590575343579474,1152.5596423339844,-0.061423194655949476,1110.2151232910155,-0.02562510240030813,1315.160888671875,-0.17746508705657926,1275.026123046875,-0.1515736599299915,0.12885906040268458,54.482115827334624,7720131.8,7097430.76,1.0317164533382708,1.122235252352078,False,False,0.023154789566201206,-0.015191488028150402,-0.10459862653912144,0.07136525179061581,-0.06560426873971226,0.12976410897989313,0.18475199324053326,0.1416058394160584
2025-08-19,1078.0,1095.0,1075.800048828125,1083.199951171875,1082.365234375,5661531,1082.365234375,0.0005541747890529525,1074.8660217285155,0.006976881299517457,1142.7304223632811,-0.0528253967925697,1152.4226232910157,-0.060791403691772605,1109.7023364257811,-0.024634626019469974,1315.160888671875,-0.1770092589447101,1275.026123046875,-0.15110348344195612,0.13020134228187918,60.371160694042494,7207933.35,7027899.22,0.7854582895109595,0.8055794232063561,False,False,0.009223854496250627,-0.014914485432198976,-0.10786223461456734,0.06579403659242966,-0.05981631569990209,0.12979688272227607,0.18439733433211303,0.14014598540145987
2025-08-20,1081.0,1083.699951171875,1077.800048828125,1080.199951171875,1079.3675537109375,3034728,1079.3675537109375,-0.0027695648094180347,1073.976708984375,0.005019517352159886,1139.7018115234375,-0.05293863465203352,1152.0489611816406,-0.06308881820105527,1109.2566772460937,-0.026945182434565673,1315.160888671875,-0.17928858513961377,1275.026123046875,-0.15345455736105285,0.12751677852348994,54.03506616162554,6859671.9,6933642.62,0.44240133409296145,0.43768162945785055,False,False,0.009532709533451644,-0.016211268414234148,-0.09574840593345568,0.07153295003154736,-0.07346861619230138,0.12997945220766394,0.18199051070028177,0.10802919708029197
2025-08-21,1090.0,1090.0,1076.4000244140625,1078.9000244140625,1078.068603515625,6459262,1078.068603515625,-0.0012034363927715397,1072.6827087402344,0.005020957951038296,1136.67517578125,-0.051559648274489556,1151.8849487304688,-0.06408308858987977,1108.858684692383,-0.027767362606083257,1315.160888671875,-0.18027625912421974,1275.026123046875,-0.15447332095485944,0.1261744966442953,56.41027553370485,6850936.05,6980112.36,0.9428291189493734,0.9253808057611267,False,False,0.01210138687605311,-0.02344312469432619,-0.09615622168624194,0.06907788298432149,-0.06367045328163456,0.12733757796962117,0.18198377908312013,0.10656934306569343
2025-08-22,1076.0,1078.5,1069.5,1070.9000244140625,1070.07470703125,3853718,1070.07470703125,-0.007415016501089666,1071.4736389160157,-0.00130561484105296,1133.8580615234375,-0.05625338537214175,1151.6200317382813,-0.07080922740111162,1108.3708038330078,-0.03455170117195516,1315.160888671875,-0.18635452418914855,1275.026123046875,-0.1607429152320906,0.1087248322147651,55.06552316607939,6548561.5,6987951.84,0.5884831348075451,0.551480331896506,False,False,0.0025276905746258738,-0.02209847987750313,-0.10808417291221106,0.062149685640211505,-0.08234996573750009,0.1263418918450599,0.1816872442009329,0.10510948905109489
2025-08-25,1073.0,1074.5,1068.199951171875,1070.0,1069.1754150390625,2711278,1069.1754150390625,-0.0008404011292655333,1070.6692626953125,-0.0013952466072383318,1131.1647290039064,-0.0548013144110594,1151.3096813964844,-0.07133985554416333,1108.0296807861328,-0.03506608750724405,1315.160888671875,-0.1870383127658417,1275.026123046875,-0.1614482278338737,0.10268456375838926,50.890586823666915,6095131.05,6964040.04,0.4448268589729502,0.38932544678476605,False,False,-0.011638686162274703,-0.014823619078127903,-0.10173257291852444,0.05332393136660496,-0.08811780704799199,0.12350043460052514,0.18125619666156917,0.10072992700729927
2025-08-26,1068.0,1069.800048828125,1048.0,1050.0999755859375,1049.290771484375,7197666,1049.290771484375,-0.018598111474496415,1069.4951721191405,-0.018891530472953666,1127.8820166015626,-0.06968037787674985,1150.9642175292968,-0.08833762552860058,1107.4271484375,-0.052496795870636825,1315.160888671875,-0.20215786484951737,1275.026123046875,-0.17704370716975582,0.06577181208053691,39.25232340710558,6003536.5,6994044.88,1.1989043457968482,1.0291134991973343,False,False,-0.030557580602377232,-0.021888899749469504,-0.12006241198873624,0.034904686754293035,-0.10167310678416408,0.1338463411458692,0.18435342686427073,0.1386861313868613
2025-08-28,1057.0,1059.5,1047.0,1051.9000244140625,1051.08935546875,8564803,1051.08935546875,0.0017140949232123948,1068.8806457519531,-0.01664478663161406,1124.6412670898437,-0.0654003314420597,1150.648221435547,-0.0865241557863684,1106.8595666503907,-0.05038598649909498,1315.160888671875,-0.20079028769613094,1275.026123046875,-0.17563308196618976,0.07114093959731543,40.24512746153817,5651788.0,7075482.02,1.5154147678575347,1.2104903914376706,True,False,-0.026198858901182565,-0.011557983691814044,-0.10893022147790399,0.045221150662615894,-0.09704611527471141,0.13100432456678016,0.18360242579741734,0.13138686131386862
2025-08-29,1052.0999755859375,1063.0,1042.5,1045.199951171875,1044.39453125,4718016,1044.39453125,-0.006369414915979532,1067.4767272949218,-0.02162313749304312,1121.1488110351563,-0.06846038548111122,1150.2113647460938,-0.09199772906039105,1106.291456298828,-0.05594992594077186,1315.160888671875,-0.20588078595867487,1275.026123046875,-0.18088381691015443,0.06174496644295302,34.40647053184507,5475317.15,7107129.1,0.8616881672324679,0.6638427322222133,False,False,-0.03123555602659467,-0.026180959099664003,-0.1066666917260417,0.044213718608417274,-0.10613245740231703,0.12792816793948697,0.18326268785192493,0.12262773722627737
2025-09-01,1047.5999755859375,1064.0,1047.5999755859375,1061.5,1060.6820068359375,3190426,1060.6820068359375,0.015595136798010278,1067.1319946289063,-0.006044226792405238,1118.0519921875,-0.0513124485734483,1149.9229052734374,-0.07760598386922257,1105.7995428466797,-0.04080082715045741,1315.160888671875,-0.19349638818177206,1275.026123046875,-0.1681095879814043,0.08456375838926175,51.74184277853714,5253117.8,7086062.36,0.607339511784792,0.45023961657599637,False,False,-0.008777611631781368,-0.006458227851575016,-0.08334147404133929,0.04727403554107079,-0.10060763355175595,0.14049102910068165,0.1858169471993286,0.14306569343065692
2025-09-02,1061.5,1064.9000244140625,1049.0,1056.199951171875,1055.385986328125,4933541,1055.385986328125,-0.00499303323114797,1066.8222290039062,-0.010719914119580398,1114.7853564453126,-0.05328323499565224,1150.0142834472656,-0.08228445375085625,1105.230980834961,-0.04509916512580925,1315.160888671875,-0.1975232875166213,1275.026123046875,-0.17226324445328656,0.07919463087248323,40.25081976804117,5222522.5,7091685.38,0.9446662987091008,0.6956796213652671,False,False,-0.012897255695346943,-0.005835928446402572,-0.11509914974731517,0.02224404088587395,-0.09722648742879314,0.14019476351490834,0.17347192127629502,0.035036496350364967
2025-09-03,1056.199951171875,1064.9000244140625,1045.0,1054.699951171875,1053.88720703125,8303296,1053.88720703125,-0.0014201243111910955,1066.1277648925782,-0.011481323594045523,1111.6205322265625,-0.05193618102723718,1149.792158203125,-0.08341068469431334,1104.7190698242186,-0.0460133840190311,1315.160888671875,-0.19866290420518373,1275.026123046875,-0.1734387335431049,0.07516778523489932,41.094302646231036,5414395.05,7211501.92,1.5335593216457304,1.1513962128987412,True,False,0.004380516508663002,-0.013007668146183482,-0.13468206939567073,0.017300045660082697,-0.10192160999604605,0.13836735372977466,0.16663567524158585,0.008759124087591242
2025-09-04,1058.199951171875,1062.199951171875,1047.300048828125,1050.4000244140625,1049.590576171875,8088417,1049.590576171875,-0.004076936156648503,1065.1085510253906,-0.014569383410335313,1108.2280053710938,-0.05291097943295875,1149.6888037109375,-0.08706549739022229,1104.2805212402343,-0.049525409546241184,1315.160888671875,-0.20192990438469327,1275.026123046875,-0.1768085710560081,0.06711409395973154,40.95132411005576,5552911.85,7238354.5,1.456608211779915,1.1174386388508604,False,False,-0.001425929478856336,-0.019051174218509215,-0.1472276567244204,0.014913058504912202,-0.10546884347026542,0.13850687309481022,0.16447199315522357,0.004379562043795621
2025-09-05,1056.5999755859375,1058.0,1047.800048828125,1055.9000244140625,1055.0863037109375,2849589,1055.0863037109375,0.005236067914316411,1064.3541320800782,-0.008707466894527394,1105.1031372070313,-0.04525987829742595,1149.5675256347656,-0.08218849246951165,1103.861714477539,-0.04418616039209855,1315.160888671875,-0.19775115516366648,1275.026123046875,-0.17249828482757423,0.07785234899328859,43.128556589441445,5484558.75,7210761.1,0.5195657718134572,0.395185606689979,False,False,0.010237292652366614,-0.014098986970379701,-0.14178788964386535,0.03037331788675468,-0.11103437309854858,0.1401938679041563,0.16523046383275522,0.00583941605839416
2025-09-08,1055.9000244140625,1063.0,1054.0,1055.5,1054.6866455078125,2260147,1054.6866455078125,-0.00037879195447743097,1063.3199340820313,-0.008119182475095799,1101.5669311523438,-0.042557818611611786,1149.004461669922,-0.0820865534543106,1103.5132922363282,-0.044246541543297546,1315.160888671875,-0.1980550405715793,1275.026123046875,-0.17281173581959774,0.07651006711409396,32.05294991408017,5331509.55,7082395.08,0.4239225267823069,0.319121847125196,False,False,-0.005652364506502194,-0.019234261989076296,-0.1290278713323122,0.04470140680524359,-0.11345906696621655,0.13867953780353792,0.1631994158046425,0.00291970802919708
2025-09-09,1057.5,1059.0,1048.699951171875,1052.199951171875,1051.3890380859375,4310419,1051.3890380859375,-0.0031266229035139537,1063.0251586914062,-0.010946232561224511,1098.1325,-0.04256632229176571,1147.924208984375,-0.0840954221044321,1103.1096948242186,-0.04688623169658834,1315.160888671875,-0.20056242004908575,1275.026123046875,-0.1753980415919021,0.07248322147651007,30.17898178625603,5292785.35,7047237.98,0.8143952030852716,0.6116465787352338,False,False,-0.003787190936743068,-0.005576084352477029,-0.1266387098435855,0.04246597725523227,-0.10580010425609254,0.12579778519817764,0.16303761790041588,0.00145985401459854
2025-09-10,1058.0,1074.0999755859375,1055.0999755859375,1070.0999755859375,1069.2752685546875,5241075,1069.2752685546875,0.017012000145361972,1062.8652770996093,0.0060308597836313815,1095.5729541015626,-0.02400359140705588,1146.7282983398438,-0.06754261658780691,1102.7695697021484,-0.030372892096131587,1315.160888671875,-0.18696238782275298,1275.026123046875,-0.16136991295559777,0.10469798657718121,44.575692046062926,5282200.35,7020862.04,0.9922143524904352,0.7465002118172942,False,False,0.01460124140493635,-0.002981550242223241,-0.11879675936223422,0.0356470796878694,-0.09278348059694508,0.13015135587968324,0.16646629919072778,0.0072992700729927005
2025-09-11,1069.0,1093.0,1069.0,1087.4000244140625,1086.56201171875,5227539,1086.56201171875,0.016166784805028422,1063.7346069335938,0.021459680484552823,1093.876298828125,-0.006686576093851704,1145.383778076172,-0.05135550850582249,1102.4996551513673,-0.014455916932172741,1315.160888671875,-0.17381818370828928,1275.026123046875,-0.14781196080732872,0.138255033557047,53.89548294627461,5314926.05,6951368.86,0.9835581813974628,0.7520157691646361,False,False,0.03522462604582377,0.016261687684852255,-0.10432942054863514,0.05239016315913925,-0.060773028276895014,0.14175657902086075,0.17057391496905744,0.017518248175182483
2025-09-12,1088.4000244140625,1108.699951171875,1088.4000244140625,1105.300048828125,1104.4482421875,6014850,1104.4482421875,0.016461306649638185,1065.698095703125,0.03636127965379199,1092.4974340820313,0.0109389804796296,1144.28001953125,-0.0348094667947334,1102.2517810058594,0.0019927036812190657,1315.160888671875,-0.1602181514819565,1275.026123046875,-0.1337838321710244,0.15838926174496645,64.45378185767757,5367329.65,6962243.86,1.120641062171391,0.8639240625507191,False,False,0.046784740075714426,0.03686685059332273,-0.09398479299913176,0.051513423716569084,-0.05517810256800659,0.15093172182134543,0.17412276764956328,0.042335766423357665
2025-09-15,1105.0,1110.0,1100.0,1104.4000244140625,1103.5489501953125,3881807,1103.5489501953125,-0.0008142454827999579,1067.5067077636718,0.033763012606399245,1091.1844482421875,0.011331266655278283,1143.2661071777343,-0.03474008083775659,1102.0548205566406,0.001355767073290659,1315.160888671875,-0.16090194005864966,1275.026123046875,-0.13448914477280738,0.15570469798657718,64.45378185767757,5223354.75,6915136.3,0.7431635770095837,0.5613493113649836,False,False,0.046328741238563564,0.03388891748008627,-0.09212002051907475,0.048365289534325395,-0.0689488471844123,0.15122428390696122,0.17410898359483842,0.040875912408759124
2025-09-16,1105.699951171875,1127.0999755859375,1104.0,1121.199951171875,1120.3359375,7965606,1120.3359375,0.01521181937757854,1069.4352172851563,0.047595889299455685,1090.0573168945311,0.027777090375146196,1142.4180676269532,-0.019329289996982024,1101.9175848388672,0.016714818707449952,1315.160888671875,-0.1481377319307453,1275.026123046875,-0.12132314997375782,0.16644295302013423,80.672947396603,5223385.7,6995924.7,1.5249890506841184,1.1386065947793864,True,False,0.06557696239593747,0.03565484536198804,-0.08072569226590132,0.04859894385938168,-0.053909222707682836,0.15312415749882055,0.17727963942702832,0.059854014598540145
2025-09-17,1121.300048828125,1128.5,1116.0999755859375,1126.0,1125.13232421875,5590739,1125.13232421875,0.004281204019441764,1071.5735717773437,0.049981404778929095,1089.07607421875,0.03310719136481355,1142.0253295898438,-0.014792145965064396,1101.88994140625,0.02109319809457344,1315.160888671875,-0.14449073576467653,1275.026123046875,-0.11756135511163512,0.174496644295302,81.16061154035837,5219846.1,6992071.44,1.0710543745724612,0.799582648429004,False,False,0.05223823771736824,0.03951262335993766,-0.0717713506756863,0.026517705459260243,-0.06347911746132706,0.15329426538727373,0.17744207910160228,0.06423357664233577
2025-09-18,1129.0,1134.4000244140625,1121.199951171875,1133.0,1132.1268310546875,5713032,1132.1268310546875,0.006216608202767926,1074.2115356445313,0.053914237083114935,1088.4285717773437,0.040148026623361144,1141.4379663085938,-0.00815737300557684,1101.87830078125,0.027451788688452217,1315.160888671875,-0.1391723698550873,1275.026123046875,-0.11207557979338278,0.18791946308724833,86.82880085269053,5353761.3,6906859.7,1.067106223058544,0.8271533298989698,False,False,0.04193485401156449,0.048879806663040926,-0.0714311674463659,0.01378400733777041,-0.06857089887331258,0.1529168974549022,0.17750602177477165,0.06569343065693431
2025-09-19,1133.0,1144.0999755859375,1126.5999755859375,1135.9000244140625,1135.024658203125,8910732,1135.024658203125,0.002559631190560019,1077.0593383789062,0.053818130309758905,1087.853017578125,0.04336214531078619,1140.9344921875,-0.005179818845728934,1101.8771563720702,0.03008275617600864,1315.160888671875,-0.13696896860327246,1275.026123046875,-0.10980282075256198,0.19328859060402684,85.16062061296904,5476334.8,6911578.44,1.6271342650562564,1.2892470334171595,True,False,0.02768478851943712,0.052831567955660796,-0.06299280283513009,0.037054295850153185,-0.07650313332277225,0.15231223645071387,0.17731956831288045,0.061313868613138686
2025-09-22,1136.0,1147.5999755859375,1131.199951171875,1144.4000244140625,1143.51806640625,7689900,1143.51806640625,0.0074830164628942875,1080.7315063476562,0.05809635389531809,1087.455322265625,0.05155406662944362,1140.538916015625,0.002612055010829728,1101.8016693115235,0.03786198392746454,1315.160888671875,-0.1305108931873421,1275.026123046875,-0.10314146060503127,0.20939597315436242,90.45873307630234,5668143.9,6978581.34,1.356687503999325,1.1019288341489761,False,False,0.036218707112052995,0.06863386162892948,-0.07144060077576053,0.04281697842341692,-0.07038552152516431,0.14842315709118153,0.17438897771332715,0.043795620437956206
2025-09-23,1146.0,1172.800048828125,1141.9000244140625,1170.800048828125,1169.8978271484375,16079093,1169.8978271484375,0.023068949688824336,1085.767626953125,0.07748453546307887,1087.3953686523437,0.07587162946844495,1140.4231115722657,0.02584542112228494,1101.8633227539062,0.061744957826975755,1315.160888671875,-0.11045269272730007,1275.026123046875,-0.08245187608173621,0.3315436241610738,93.35322266471422,6336534.65,7210790.12,2.5375215142238665,2.229865622548448,True,True,0.04423841812932783,0.09420569411960811,-0.04350609727495436,0.06334004369725066,-0.0553422705074732,0.16298619480482524,0.18089410841952128,0.09927007299270073
2025-09-24,1168.0,1172.800048828125,1154.0,1158.9000244140625,1158.0069580078125,12812055,1158.0069580078125,-0.01016402361359059,1091.203436279297,0.06122004340116183,1087.1195825195311,0.06520660342074902,1140.2902319335938,0.015537032220451774,1101.8308276367188,0.05098435164641746,1315.160888671875,-0.11949407256382572,1275.026123046875,-0.09177785687984719,0.2563758389261745,88.33914512677019,6617254.1,7371581.18,1.9361588366389015,1.7380334947352503,True,False,0.029218459981486644,0.10360920869402346,-0.03277972139377949,0.06843260469834078,-0.06663677588020156,0.14926286519664542,0.1769456708030803,0.058394160583941604
2025-09-25,1154.699951171875,1171.800048828125,1153.4000244140625,1166.5999755859375,1165.700927734375,11188302,1165.700927734375,0.006644148097174618,1096.934014892578,0.06269010889276805,1087.1335693359374,0.07227019808286261,1140.3521008300781,0.022228947432854307,1101.7461999511718,0.05804851224904395,1315.160888671875,-0.11364386078149968,1275.026123046875,-0.08574349445582363,0.3006711409395973,88.5176636614426,6748429.05,7499812.1,1.6579120736254906,1.491810974837623,True,False,0.029655773327454726,0.10904075059775686,-0.00486074189152097,0.07667203193726557,-0.06217111394691943,0.14885608502307807,0.17195430464196587,0.01897810218978102
2025-09-26,1161.5999755859375,1169.699951171875,1148.0,1154.0,1153.1107177734375,5618932,1153.1107177734375,-0.010800548975634316,1102.36982421875,0.04602892100266587,1086.845791015625,0.06096994376349363,1140.2890649414062,0.011244212740644022,1101.7049487304687,0.04666019618247641,1315.160888671875,-0.12321699367298333,1275.026123046875,-0.0956179666202458,0.24026845637583893,81.59072209379775,6793474.85,7524425.16,0.8271072056739859,0.7467589723491914,False,False,0.015934508065176933,0.10409494043723,-0.017283883574412018,0.05976629072604389,-0.07363952849801902,0.15417169193035446,0.17332208279653905,0.032116788321167884
2025-09-29,1155.4000244140625,1158.300048828125,1126.699951171875,1132.199951171875,1131.327392578125,9693881,1131.327392578125,-0.018890922493005946,1105.9020935058593,0.022990551533964565,1086.2942138671874,0.041455784387012695,1139.8993737792969,-0.007519945530588212,1101.6027026367187,0.02698313091485649,1315.160888671875,-0.13978023348869173,1275.026123046875,-0.11270257751688983,0.1825503355704698,72.93576214376027,7118647.6,7604414.22,1.3617587981177774,1.2747702478521745,False,False,-0.01066067444516794,0.06660373730004698,-0.032390443504705324,0.03836472329067564,-0.08582355032918532,0.1704965207283202,0.17737892912100986,0.06277372262773723
2025-09-30,1130.0,1137.0,1125.4000244140625,1131.5999755859375,1130.7279052734375,8165203,1130.7279052734375,-0.0005298972769689492,1109.669189453125,0.018977471863205198,1086.9397143554688,0.04028575857487571,1139.714345703125,-0.00788481821218412,1101.5294073486327,0.02650723415100198,1315.160888671875,-0.1402360616005609,1275.026123046875,-0.11317275400492521,0.18120805369127516,69.57352104089358,7280230.7,7006644.38,1.1215582769925134,1.1653514231872577,False,False,-0.03348148955065122,0.07138802288576951,-0.03906254133398479,0.08074540901064253,-0.10687867265814033,0.16834532886211667,0.17679573628063766,0.05693430656934306
2025-10-01,1132.5,1164.800048828125,1131.0,1159.5,1158.6064453125,9655009,1158.6064453125,0.024655392255770625,1114.9051513671875,0.03919731996190201,1088.1367919921875,0.06476175958658192,1139.2899462890625,0.0169548577922205,1101.6034912109376,0.051745437043687836,1315.160888671875,-0.11903824445195654,1271.0826416015625,-0.08848849996672337,0.26308724832214764,71.49671459999709,7347816.35,6881634.56,1.313997048932776,1.403011002083784,False,False,0.0005176888623525944,0.09936474945572127,-0.013275495033216012,0.07667199559317095,-0.09130768039181181,0.18302811330911017,0.18417544144364126,0.13284671532846715
2025-10-03,1171.0,1188.0,1169.5,1181.0,1180.08984375,11095015,1180.08984375,0.01854244685451012,1121.4301147460938,0.05230796661563497,1089.7955126953125,0.08285437956279429,1139.1742272949218,0.035916908471706144,1101.7725122070312,0.07108303272704308,1315.160888671875,-0.10270305791885093,1231.4969482421875,-0.0417435906484096,0.38926174496644295,72.09572331636961,7498146.25,6903535.72,1.4797010661135077,1.6071496476590985,False,False,0.01234357430219335,0.12433349778547864,0.013385886200679264,0.11337000458601798,-0.0715868464200815,0.18604628736975315,0.18730365081070588,0.1562043795620438
2025-10-06,1185.0,1215.199951171875,1182.0999755859375,1212.800048828125,1211.865478515625,20128505,1211.865478515625,0.02692645389155346,1129.2690734863281,0.07314147440016372,1091.9538500976562,0.10981382446450905,1139.357294921875,0.06363954829351548,1102.086683959961,0.09960994552734515,1315.160888671875,-0.07854203318087083,1231.4969482421875,-0.0159411436257183,0.4912751677852349,76.80514177894773,8362092.05,7173426.24,2.4071135404447026,2.805982012857499,True,True,0.05095326913241949,0.14859369726747995,0.04129834383082032,0.13554109306846063,-0.01490287056983719,0.20033764712345284,0.19507835777237909,0.1708029197080292
2025-10-07,1212.0,1212.0,1184.0,1186.800048828125,1185.885498046875,8620156,1185.885498046875,-0.02143800688222597,1135.8290161132813,0.04407043773620356,1093.7864379882812,0.08420204974198131,1139.144783935547,0.041031407745947046,1102.3440869140625,0.07578523994869979,1315.160888671875,-0.09829625541522125,1231.4969482421875,-0.037037404161185505,0.4080536912751678,65.51562131599994,8680092.5,7147805.18,0.9930949468568452,1.2059864228140589,False,False,0.04822486030716555,0.12439604985791086,0.019324919448899136,0.0674103736242968,-0.03165992500896342,0.2232930250855822,0.20030335413815498,0.1897810218978102
2025-10-08,1180.0999755859375,1194.800048828125,1174.0999755859375,1180.5999755859375,1179.690185546875,5160430,1179.690185546875,-0.005224207994956931,1142.244073486328,0.03278293398910348,1095.6749829101564,0.07667894580705936,1138.8733142089843,0.0358396942211614,1102.6403997802734,0.06987752832379046,1315.160888671875,-0.10300694332676374,1231.4969482421875,-0.04206812105321123,0.38791946308724834,62.82891941976536,8722593.05,7015416.04,0.5916165033057457,0.7355843146830676,False,False,0.043301558266219065,0.12203013614685454,0.005793080192665556,0.017488035804042124,0.005025950285023617,0.22454741724676924,0.19996597349951903,0.18832116788321168
2025-10-09,1178.0,1187.300048828125,1163.0999755859375,1167.4000244140625,1166.5003662109375,7194651,1166.5003662109375,-0.0111807485537595,1147.1053283691406,0.016907809040841215,1097.5495385742188,0.06282251981654507,1138.5298486328124,0.02456722378575593,1102.9374047851563,0.05763061543656933,1315.160888671875,-0.11303599714789525,1231.4969482421875,-0.05277851652334564,0.3046979865771812,57.85388036156165,8820271.85,6978717.92,0.81569492668188,1.0309416546814663,False,False,0.006813289301448977,0.09092616327661518,-0.004519470318578689,-0.018812852358506493,-0.008488056945081812,0.2282600975783497,0.2013067537717153,0.20145985401459854
2025-10-10,1168.0,1191.699951171875,1165.199951171875,1180.4000244140625,1179.4903564453125,6933035,1179.4903564453125,0.011135864686069086,1151.7517456054688,0.024083845278013216,1099.871748046875,0.07238899311653602,1138.3861694335938,0.036107419534243235,1103.4843096923828,0.06887823060585041,1315.160888671875,-0.1031588860307201,1231.4969482421875,-0.04223038625561204,0.38523489932885907,59.71190336914368,8905546.65,6805383.16,0.7785075158749519,1.0187574802180572,False,False,-0.0005080014101150887,0.08552511842335275,0.012436695103247741,-0.03400753828000014,0.031167729044421444,0.22551967355673472,0.20221138502426977,0.20583941605839415
2025-10-13,1171.0,1193.5999755859375,1167.5,1189.5999755859375,1188.6832275390625,4138448,1188.6832275390625,0.00779393493428393,1155.9634948730468,0.02830516085597412,1102.1959545898437,0.0784681458764771,1138.314451904297,0.044248560273045134,1104.040737915039,0.07666609276019054,1315.160888671875,-0.09616896474205294,1231.4969482421875,-0.03476559220405406,0.4161073825503356,59.834626301052644,8811726.55,6723203.46,0.4696523407208999,0.6155470416181634,False,False,-0.019129392979291504,0.07626883916689886,0.018144411472960975,-0.02151823396660657,0.03235634867222781,0.22133299823165695,0.20276382163743265,0.21605839416058395
2025-10-14,1191.800048828125,1191.800048828125,1166.5999755859375,1176.800048828125,1175.8931884765625,5742538,1175.8931884765625,-0.010759838084852369,1159.5807067871094,0.014067569073868746,1104.36228515625,0.06477122976921645,1138.2076831054687,0.03310951589104838,1104.5344635009765,0.0646052498438161,1315.160888671875,-0.10589404033749283,1231.4969482421875,-0.04515135814586679,0.36644295302013424,51.3876002544998,8904763.1,6685365.96,0.6448838599647867,0.8589713763403313,False,False,-0.008426032350315138,0.06555598486904102,0.014657733079412205,-0.024106588375695348,0.006542530576095551,0.22681501721309202,0.20343669329778868,0.22189781021897811
2025-10-15,1180.0,1181.699951171875,1164.0,1169.5999755859375,1168.6986083984375,6328142,1168.6986083984375,-0.006118395912681485,1161.9988403320312,0.005765726981699748,1106.5046313476562,0.05620760662793867,1137.813319091797,0.02714442588112176,1105.003198852539,0.0576427376970865,1315.160888671875,-0.11136453458659612,1231.4969482421875,-0.05099350017341664,0.3194630872483222,52.52952450045458,8822889.9,6701019.86,0.7172414108896451,0.9443550582164667,False,False,-0.009317342199759104,0.04316800816579858,0.06394969576128351,-0.030238219151246915,-0.011526673248243635,0.22455436923600114,0.17217933758913898,0.020437956204379562
2025-10-16,1216.4000244140625,1216.9000244140625,1185.300048828125,1196.300048828125,1195.378173828125,17747171,1195.378173828125,0.02282843946075075,1165.5111328125,0.02562570204160375,1109.0566650390624,0.07783327174362387,1137.6348352050782,0.050757358016940035,1105.6015881347657,0.08120157085231683,1315.160888671875,-0.0910783736617301,1231.4969482421875,-0.029329162744266335,0.4469798657718121,56.44253457168843,9430711.5,6966646.38,1.881848575263913,2.547448231468869,True,False,0.02475593532044007,0.06243341169506533,0.08794119218782925,0.026599006270695114,0.021214162352659827,0.23617376914614896,0.17783360452089778,0.07007299270072993
2025-10-17,1196.300048828125,1212.9000244140625,1191.5999755859375,1200.199951171875,1199.2750244140625,6404414,1199.2750244140625,0.0032599311843364287,1168.8685424804687,0.02601360275216913,1111.6426684570313,0.07883140728905769,1137.6910009765625,0.054130711576902746,1106.2569012451172,0.08408365458714995,1315.160888671875,-0.08811535170791207,1231.4969482421875,-0.026164842612170447,0.4563758389261745,60.414752686182105,9465280.6,6988373.04,0.6766216735296786,0.9164384848007484,False,False,0.016773912445012362,0.05931154665490945,0.0930783040813612,0.0070636707244930985,0.031670612607590964,0.23589552200129696,0.1777651793372925,0.06861313868613139
2025-10-20,1207.9000244140625,1231.699951171875,1207.0,1226.0,1225.05517578125,7418616,1225.05517578125,0.02149644647172,1173.370068359375,0.04404842838214029,1114.7402783203124,0.09896017898192366,1138.013953857422,0.07648519741677373,1107.0673217773438,0.10657694584867916,1315.160888671875,-0.06851307217751812,1231.4969482421875,-0.005230847279103945,0.5476510067114094,70.7705875033138,9390674.8,7052412.34,0.7899981798965074,1.0519260137305018,False,False,0.030598520614687708,0.07932031866219869,0.10970308442030552,0.03347734138723912,0.06343781226853062,0.24484509532334678,0.18218558923547062,0.10948905109489052
2025-10-21,1225.800048828125,1238.800048828125,1222.0,1237.300048828125,1236.3465576171875,1940248,1236.3465576171875,0.009217039411091532,1178.011492919922,0.04951994530432913,1117.9597973632813,0.10589536451411097,1138.3799340820312,0.08605793250752858,1107.8987567138672,0.11593821197553167,1315.160888671875,-0.05992752045286165,1236.3465576171875,0.0,0.6026845637583893,72.34671096606364,9103192.2,6984794.68,0.21313929854188954,0.277781679904727,False,False,0.05141059556518557,0.08117798392348186,0.12985118716272592,0.045027443943079115,0.07384458727523735,0.2452552556081093,0.18145323400882946,0.10218978102189781
2025-10-23,1246.0,1276.0999755859375,1241.300048828125,1258.800048828125,1257.8299560546875,14611221,1257.8299560546875,0.01737651818184771,1182.4080993652344,0.0637866543116059,1121.9707055664062,0.12108983756371372,1139.0555932617187,0.10427442127987363,1108.763729248047,0.13444363562265504,1315.160888671875,-0.04359233391975603,1257.8299560546875,0.0,0.6697986577181209,71.5775546859114,9029798.6,7175321.04,1.618111504723926,2.036315994580223,True,False,0.07626546914297605,0.0751622294406511,0.15900940714747036,0.0646238584433605,0.11311195056658918,0.24017186073888785,0.18281266971389973,0.11532846715328467
2025-10-24,1254.199951171875,1256.0,1240.0999755859375,1241.9000244140625,1240.9429931640625,4882046,1240.9429931640625,-0.013425473617747707,1186.5549011230469,0.04583697896282635,1125.340107421875,0.10272706444901414,1139.5404187011718,0.08898550046909937,1109.552752685547,0.11841729936724543,1315.160888671875,-0.056432559808528016,1257.8299560546875,-0.013425473617747707,0.6201342281879194,63.503324981377396,8633298.15,7163906.46,0.5654902582045078,0.6814781889265483,False,False,0.03811749313610013,0.07161963456500264,0.15676240502412742,0.0594624547484337,0.03852738772661013,0.24293891444267654,0.18348210981958757,0.12554744525547445
2025-10-27,1243.4000244140625,1258.5,1242.5999755859375,1254.0999755859375,1253.133544921875,6185072,1253.133544921875,0.009823619477257406,1190.926531982422,0.05223413138332145,1129.0192700195312,0.10993105095557554,1140.2759399414062,0.09897394220759237,1110.510054321289,0.12843061622504015,1315.160888671875,-0.047163312324957296,1257.8299560546875,-0.0037337408846130904,0.6536912751677852,60.029108229690394,8383136.65,7196147.4,0.7377992579901462,0.8594976806617385,False,False,0.0449092321705995,0.0750043301050054,0.1784439081238791,0.08074029615931133,0.05450029090598307,0.24373244507462222,0.18256454051539758,0.11386861313868613
2025-10-28,1249.0,1258.9000244140625,1236.5999755859375,1246.300048828125,1245.339599609375,8146777,1245.339599609375,-0.006219564821390078,1195.5379760742187,0.04165624558300496,1132.6224926757814,0.09951869017478487,1141.0383520507812,0.09140906383307246,1111.407919921875,0.1205063211146764,1315.160888671875,-0.05308954186815085,1257.8299560546875,-0.009930083462545092,0.6348993288590604,65.84974232876479,8509528.9,7259747.38,0.9573710948910461,1.122184639983988,False,False,0.016557967534147178,0.07998267678408544,0.161185144310674,0.07411094763675674,0.06091011494884002,0.2406318405480309,0.1830877733889732,0.11824817518248175
2025-10-29,1246.9000244140625,1251.0,1239.199951171875,1248.800048828125,1247.837646484375,4578825,1247.837646484375,0.0020059161981065277,1201.3634887695312,0.03868450985009031,1136.2317114257812,0.09822462613593741,1141.9455493164062,0.09272955022361451,1112.2810864257813,0.12187257493894199,1315.160888671875,-0.05119011884202762,1257.8299560546875,-0.007944086179704657,0.6375838926174496,68.53261858254669,8253776.1,7216097.78,0.5547551744225289,0.6345292344417206,False,False,0.00929439144420341,0.10298544406384491,0.16885062502372628,0.066257685221625,0.07710040292669773,0.225249362614857,0.18248993476305722,0.11240875912408758
2025-10-30,1243.0,1248.0,1235.0,1238.5999755859375,1237.6455078125,4017532,1237.6455078125,-0.008167840344126542,1206.7093688964844,0.02563677693520039,1139.349306640625,0.08627398164808797,1142.3954028320313,0.08337752825715228,1113.1691845703126,0.1118215676175367,1315.160888671875,-0.058939846468255674,1257.8299560546875,-0.0160470404962354,0.6080536912751678,69.66851578250402,8046392.55,7137148.68,0.4992960478916729,0.5629043445960552,False,False,-0.0160470404962354,0.09455643753057208,0.1658508954318727,0.07693389493523717,0.06194239417776748,0.22933471116735515,0.18305880903711408,0.11678832116788321
2025-10-31,1243.0,1245.4000244140625,1231.0,1232.800048828125,1231.8499755859375,4106607,1231.8499755859375,-0.004682707762423743,1210.3715454101562,0.017745319821198313,1142.3390014648437,0.07835762764495668,1142.5347119140624,0.07817291040746355,1114.1333843994141,0.10565753870662431,1315.160888671875,-0.06334655615410645,1257.8299560546875,-0.020654604657563413,0.5865771812080537,65.07480290608095,7768972.45,7106050.2,0.528590753337013,0.5779028974492749,False,False,-0.00732750628208978,0.063216919403277,0.15365901757414502,0.02564729323348014,0.03741837177586382,0.21875176321546122,0.18353963083398767,0.12846715328467154
2025-11-03,1226.0,1241.0,1222.300048828125,1233.699951171875,1232.749267578125,6118907,1232.749267578125,0.0007300336972930754,1213.0045166015625,0.016277557672976117,1145.4066357421875,0.07625469340793734,1142.5542236328124,0.07894158726098155,1115.0591497802734,0.10554607602748511,1315.160888671875,-0.06266276757741329,1257.8299560546875,-0.019939649517674574,0.5919463087248322,63.32327229538558,7520167.05,7167733.78,0.8136663666267893,0.8536738651027298,False,False,-0.016266644067070124,0.04462323280470559,0.15212919586630536,0.0344791839209071,0.05390432764547293,0.2111437350538564,0.18357194627590198,0.12992700729927006
2025-11-04,1230.0999755859375,1235.9000244140625,1222.800048828125,1226.5999755859375,1225.6546630859375,3299345,1225.6546630859375,-0.005755107448675023,1213.6939758300782,0.009854780112654948,1148.3583569335938,0.06731026572466825,1142.5167663574218,0.07276733189095896,1115.9377117919921,0.09831816788211234,1315.160888671875,-0.06805724406564895,1257.8299560546875,-0.025580002140886404,0.553020134228188,65.58191661939614,6678709.05,7104535.44,0.4940093924289156,0.46439982288271897,False,False,-0.01580688233925276,0.011378477904331774,0.14528467454351723,0.026890966351467593,0.034375287811147626,0.19147677137496072,0.18428436951479432,0.13722627737226278
2025-11-06,1225.0,1239.5999755859375,1225.0,1228.5,1227.55322265625,3733721,1227.55322265625,0.0015490167234646357,1215.777362060547,0.009685869274407954,1151.5079272460937,0.06603974980183036,1142.6829943847656,0.07427276741541045,1116.949814453125,0.09902271952771491,1315.160888671875,-0.0666136491513949,1257.8299560546875,-0.024070609268524334,0.5583892617449664,69.06148468121413,6434387.3,7102135.5,0.5802760738384524,0.5257180745143485,False,False,-0.016255659448385584,0.03513638093896976,0.14151643760168064,0.016913268997659214,0.05053818044832692,0.17280654398406164,0.1842153756683951,0.13576642335766423
2025-11-07,1227.0,1228.800048828125,1217.0,1222.800048828125,1221.857666015625,3461466,1221.857666015625,-0.004639763503125893,1217.8857360839843,0.003261332170957365,1154.561572265625,0.05828714151462977,1142.8631506347656,0.06911983760871498,1117.8775305175782,0.0930156771734234,1315.160888671875,-0.07094434107637804,1257.8299560546875,-0.02859869083726807,0.5342281879194631,59.925072383664535,6349439.1,7117139.26,0.545160910355058,0.4863563678533389,False,False,-0.012756352038783336,0.03574453783321263,0.15565641317242562,0.012446176114484508,0.05544819488024011,0.1725043590757126,0.18047696089055015,0.09781021897810219
2025-11-10,1222.0,1232.800048828125,1215.5,1217.0,1216.0621337890625,4140568,1216.0621337890625,-0.004743213868323326,1220.3638244628905,-0.0035249247704645104,1157.8969995117188,0.05023342689537302,1142.8895080566406,0.06402423437839055,1119.0106378173828,0.08672973490312619,1315.160888671875,-0.07535105076222892,1257.8299560546875,-0.033206254998596196,0.508724832214765,56.20386126303975,6196734.95,7055997.3,0.6681854288442658,0.58681541729048,False,False,-0.01281636734161995,0.042487571383379,0.133886118097845,0.012670399248251973,0.04146038491244908,0.16751415836185332,0.17934600824261912,0.08467153284671533
2025-11-11,1218.0999755859375,1225.0,1209.4000244140625,1222.5,1221.557861328125,5615453,1221.557861328125,0.004519281857694679,1222.4671997070313,-0.0007438550327765192,1161.3063696289062,0.051882512035538175,1142.973818359375,0.06875401842672968,1120.1861993408204,0.09049536768704813,1315.160888671875,-0.07117230154120213,1257.8299560546875,-0.028837041566678545,0.5328859060402684,48.479576977452105,6130855.85,6997010.3,0.9159329688040211,0.8025503406790755,False,False,-0.009078412410649217,0.0356658319866161,0.142523335409368,0.02320173634447209,0.07399141472448689,0.16441678601934934,0.17907455548583037,0.08175182481751825
2025-11-12,1227.9000244140625,1232.699951171875,1216.5,1221.5999755859375,1220.6585693359375,6782513,1220.6585693359375,-0.0007361845235965836,1224.065966796875,-0.002783671430596213,1164.831650390625,0.047927027846977666,1142.9902307128907,0.06795188317104395,1121.4463696289063,0.08846807336837803,1315.160888671875,-0.07185609011789529,1257.8299560546875,-0.029551996706567496,0.5288590604026846,42.50233361336694,6263059.1,7038300.24,1.0829393259278042,0.9636578106534426,False,False,-0.004076265444477589,0.02689980059958752,0.14596624639494515,0.020741301639656262,0.04347875540580848,0.16307798050799058,0.17874861617487747,0.07591240875912408
2025-11-13,1219.0,1234.800048828125,1213.199951171875,1225.199951171875,1224.2557373046875,3345231,1224.2557373046875,0.002946907562126011,1226.4840942382812,-0.0018168657417262368,1168.103125,0.048071622361841815,1143.07755859375,0.07101720972530123,1122.778937072754,0.090380035536201,1315.160888671875,-0.06912093581112255,1257.8299560546875,-0.026692176147011915,0.5449664429530201,30.645052328167125,6143193.75,7041396.34,0.5445426493344768,0.4750806286811005,False,False,-0.0026862259743224426,0.04112835187929065,0.14697625215148769,0.031760171565273776,0.05121907247561697,0.1566795925178878,0.17875204543821255,0.07737226277372262
2025-11-14,1224.0,1246.0,1222.0,1241.5999755859375,1240.6431884765625,5197740,1240.6431884765625,0.013385643760962518,1230.0813232421874,0.00858631460766901,1171.8082690429687,0.05874247626688289,1143.2968127441407,0.08514532241087158,1124.2346249389648,0.10354472363268274,1315.160888671875,-0.05666052027335211,1257.8299560546875,-0.013663824347158182,0.6174496644295302,49.826166721402444,6086673.65,7046680.32,0.8539541133439936,0.7376154109400552,False,False,0.015374558742341504,0.06155956682169461,0.1468686190485593,0.02690773667526125,0.07135181551160441,0.1584572242368856,0.17872685567434016,0.07445255474452554
2025-11-17,1243.9000244140625,1261.0,1240.4000244140625,1249.5999755859375,1248.636962890625,4088026,1248.636962890625,0.0064432501530744535,1232.7442626953125,0.012892130733234364,1175.7032641601563,0.062034104143248836,1143.6618981933593,0.09178854770198663,1125.7430111694337,0.10916696839496942,1315.160888671875,-0.050582348026202095,1257.8299560546875,-0.007308613632400096,0.640268456375839,47.2594056341549,5403716.4,6962374.92,0.7565211971523894,0.5871597044073001,False,False,0.02678714203530408,0.04455392463118346,0.15361887395767737,0.029186964319061426,0.07727978070276142,0.14103181541992682,0.17888174504167018,0.07883211678832117
2025-11-18,1250.0,1273.5,1247.5999755859375,1265.4000244140625,1264.4249267578125,10175969,1264.4249267578125,0.012644158659726124,1236.0017578125,0.02299605867520471,1179.999951171875,0.07154659244018946,1144.1139782714845,0.10515643613418013,1127.332333984375,0.12160796656022965,1315.160888671875,-0.038577760600300826,1264.4249267578125,0.0,0.6926174496644295,60.59935107812417,5592294.15,7004125.96,1.81964122899365,1.45285351207476,True,False,0.035092128491630126,0.05432440517601922,0.17144982023096333,0.05928536731281553,0.08153850780192329,0.14580345393681546,0.17974898137636378,0.09197080291970802
2025-11-19,1268.0,1273.0,1257.800048828125,1270.4000244140625,1269.4210205078125,4101288,1269.4210205078125,0.003951277489293803,1238.2200500488282,0.025198243606016524,1184.2866455078124,0.07188662924041944,1144.694891357422,0.10896015182044327,1128.7684268188477,0.12460712963540188,1315.160888671875,-0.034778914548054485,1269.4210205078125,0.0,0.7208053691275168,61.66307165614549,5426427.75,7029159.94,0.7557988770789402,0.5834677308537668,False,False,0.039947658089520166,0.03621538490971976,0.1774955845742836,0.06427205810938785,0.09785921034475886,0.12799966222372722,0.1795807688997316,0.0905109489051095
2025-11-20,1275.0,1287.300048828125,1262.5999755859375,1285.199951171875,1284.2095947265625,4617594,1284.2095947265625,0.011649857675142261,1240.6132019042968,0.035141003461309994,1188.8771044921875,0.08018700156152381,1145.2220178222656,0.12136299751605661,1130.280458984375,0.13618667342130486,1315.160888671875,-0.02353422627749291,1284.2095947265625,0.0,0.8093959731543624,73.9711857866974,5560295.05,7076308.88,0.8304584484235239,0.6525427420290901,False,False,0.04897167772631317,0.038713285376570816,0.20011209150938192,0.07039896869664664,0.12917371310467884,0.13013999407164903,0.17920355863163703,0.08321167883211679
2025-11-21,1284.0,1284.5,1273.0,1275.800048828125,1274.81689453125,6363593,1274.81689453125,-0.007313993162706756,1241.462548828125,0.026866976965684408,1193.3456616210938,0.06827127757726292,1145.739080810547,0.11265899530055967,1131.739038696289,0.12642301002515555,1315.160888671875,-0.03067609027011642,1284.2095947265625,-0.007313993162706756,0.7624161073825504,71.32939934578975,5147913.65,7117372.36,1.2361499109449903,0.894093027331789,False,False,0.027545152685399366,0.013504956210331986,0.1923365208361758,0.07103705878678968,0.11939194635476502,0.12042756257226346,0.18030039871109016,0.09635036496350365
2025-11-24,1279.199951171875,1290.9000244140625,1266.5999755859375,1269.0,1268.0220947265625,10491953,1268.0220947265625,-0.00533002020434159,1242.81650390625,0.020281023579176605,1197.3205981445312,0.05904976218700009,1146.446776123047,0.10604532293653302,1133.1566555786133,0.11901747078305269,1315.160888671875,-0.03584260629352809,1284.2095947265625,-0.012605029635716636,0.7100671140939597,66.54171623275587,5428409.0,7222389.92,1.9327860152026128,1.4526982226404082,True,False,0.015525034427188888,0.02182139043587794,0.20845634898014032,0.06336616493848268,0.1277612007059501,0.11088548297513583,0.1754985103081994,0.04671532846715328
2025-11-25,1269.0999755859375,1276.699951171875,1263.699951171875,1266.300048828125,1265.32421875,5290156,1265.32421875,-0.0021276253685029722,1243.4260375976562,0.017611165031296894,1200.8958422851563,0.053650261909679475,1147.3860705566406,0.10278854800472104,1134.5006311035156,0.11531380773163069,1315.160888671875,-0.03789397202360767,1284.2095947265625,-0.01470583622339594,0.697986577181208,69.4038058502857,5383663.2,7223642.26,0.9826313057622178,0.7323391454880823,False,False,0.0007112260863864073,0.009728152181007088,0.20382174185914814,0.07268917289851506,0.11767043161412927,0.10644554091637798,0.17581567580160762,0.049635036496350364
2025-11-26,1271.9000244140625,1292.800048828125,1269.300048828125,1290.199951171875,1289.2056884765625,4842021,1289.2056884765625,0.01887379485248042,1245.6193420410157,0.03499170650652239,1204.5909912109375,0.0702435082804036,1148.5442126464843,0.12246936102352124,1136.007692565918,0.13485647756892716,1315.160888671875,-0.019735380225246457,1289.2056884765625,0.0,0.8375838926174497,74.81903803420022,5218425.4,7200185.68,0.9278701195958459,0.6724855740109191,False,False,0.015585584017535403,0.03522419818734335,0.23440486320198972,0.10273498019369653,0.1335666546882588,0.12160661069338972,0.1775762721295634,0.06715328467153285
2025-11-27,1297.0,1304.0,1281.0,1287.300048828125,1286.3079833984375,5924706,1286.3079833984375,-0.0022476669968383156,1247.5428588867187,0.031073180560956537,1208.246171875,0.0646075388778582,1149.7153100585938,0.11880564879394573,1137.3709759521485,0.13094848610991372,1315.160888671875,-0.0219386886592825,1289.2056884765625,-0.0022476669968383156,0.8228187919463087,76.5432719426399,5285719.45,7241043.66,1.120889229185253,0.8182116112251144,False,False,0.0016339923642463283,0.030829601128358197,0.2127178316482925,0.11164813996250711,0.12780124546415084,0.12242715029710535,0.17617803737140172,0.051094890510948905
2025-11-28,1287.300048828125,1289.0,1275.0,1279.699951171875,1278.7137451171875,3093636,1278.7137451171875,-0.005903903559072998,1249.5962707519532,0.02330150549161991,1211.4137280273437,0.05555494009419437,1150.7355224609375,0.11121428004808487,1138.7062719726562,0.12295310616142219,1315.160888671875,-0.027713068316298495,1289.2056884765625,-0.008138300546729038,0.7825503355704698,75.425792682806,5239524.65,7143604.26,0.5904421119576181,0.43306374309150214,False,False,0.0030567923932089958,0.033182552714366764,0.21160765983454022,0.07215264836025037,0.10804868371378706,0.12028942555286103,0.1763705100518759,0.05401459854014599
2025-12-01,1288.0,1289.0,1268.5,1275.699951171875,1274.7169189453125,4098016,1274.7169189453125,-0.0031256613821013524,1251.7396179199218,0.018356294469270784,1214.405419921875,0.049663397440467216,1151.7407470703124,0.1067741782930014,1139.9846438598634,0.11818779824021175,1315.160888671875,-0.03075210803098405,1289.2056884765625,-0.011238524357095603,0.7597315436241611,71.83913983239971,5239095.1,7113749.8,0.7821992007741948,0.576069740321764,False,False,0.0052797378268032435,0.034798834443281246,0.20953827927765567,0.04663516081126229,0.1152954302014968,0.11932349037270673,0.1765984948706825,0.05547445255474453
2025-12-02,1270.699951171875,1281.0,1255.0999755859375,1258.0,1257.030517578125,8115347,1257.030517578125,-0.013874767883226169,1252.953680419922,0.0032537812226520746,1216.9034936523437,0.03297469695427235,1152.6660327148438,0.09054182382513187,1141.1576113891601,0.10153979172772631,1315.160888671875,-0.044200197553360465,1289.2056884765625,-0.02495736032351714,0.6651006711409396,63.13132693129784,5338917.1,7161796.1,1.5200361511513263,1.1331441005420415,True,False,-0.00655460556984222,0.019696827764256852,0.19763891379706977,0.021313342916747136,0.09518125709175895,0.13159168424181344,0.17945001390282378,0.08759124087591241
2025-12-03,1255.0,1272.9000244140625,1255.0,1270.699951171875,1269.720703125,3582794,1269.720703125,0.010095367908270703,1255.156982421875,0.011603106947645436,1219.5974145507812,0.04109822468972757,1153.7252160644532,0.10053995998824261,1142.4556796264649,0.11139602679391936,1315.160888671875,-0.0345510469010093,1289.2056884765625,-0.015113946149731716,0.7248322147651006,65.40286594570006,5353089.55,7055237.34,0.6692946132388164,0.5078204782264631,False,False,-0.015113946149731716,0.0359530635881673,0.20342828701230675,0.03279672985909987,0.12298972995586976,0.13280916120854563,0.17997575432413113,0.09343065693430656
2025-12-04,1270.699951171875,1282.800048828125,1269.4000244140625,1280.0,1279.0135498046875,3216108,1279.0135498046875,0.007318811654260848,1257.729998779297,0.0169221939892088,1222.30732421875,0.04639277247412554,1154.8813232421876,0.1074848333454852,1143.821926574707,0.11819289356939122,1315.160888671875,-0.02748510785147451,1289.2056884765625,-0.00790575062069332,0.7865771812080536,63.65576337250827,5327208.9,6965761.5,0.603713513093132,0.46170228481121556,False,False,-0.005670829760752949,0.04192105580325456,0.2126953112114789,0.05622381663118592,0.12742559145118793,0.1342356141482827,0.1800217699157678,0.0948905109489051
2025-12-05,1275.199951171875,1285.0,1267.300048828125,1282.5,1281.51171875,2728214,1281.51171875,0.0019531997496773368,1260.7127014160155,0.016497824849883047,1224.5396020507812,0.04652533621926591,1155.9674853515626,0.10860533275315776,1145.2031604003905,0.11902565681180333,1315.160888671875,-0.02558559200757249,1289.2056884765625,-0.005967992381149312,0.7986577181208053,62.176209844414345,5290546.3,6698743.92,0.515677180634446,0.4072724726578293,False,False,0.0021881157088492476,0.04882242375161572,0.21887490959864175,0.06451816358635276,0.12883305231173736,0.13187139342694987,0.17954975014330796,0.08905109489051095
2025-12-08,1284.0,1288.800048828125,1265.0999755859375,1273.800048828125,1272.8184814453125,2969478,1272.8184814453125,-0.006783580030908287,1263.550518798828,0.007334857220663293,1226.8358325195313,0.03748068625559098,1156.9777075195314,0.10012360063024439,1146.5344387817383,0.11014413382798915,1315.160888671875,-0.032195610127459195,1289.2056884765625,-0.012711088058116271,0.7436241610738255,53.281267000456204,5231991.8,6501892.38,0.567561669343595,0.45670980484607776,False,False,-0.001489301249386954,0.04667224320142749,0.1903562336812945,0.04894577063332228,0.09856851133734224,0.13352961737041003,0.17844502532839937,0.072992700729927
2025-12-09,1272.0,1281.4000244140625,1263.199951171875,1275.9000244140625,1274.916748046875,4239279,1274.916748046875,0.0016485199045663812,1266.2184631347657,0.0068694977725842765,1229.0201489257813,0.03734405750891012,1158.0768591308595,0.1008913078564615,1147.9296215820314,0.11062274557375296,1315.160888671875,-0.030600165327027695,1289.2056884765625,-0.011083522635222387,0.763758389261745,52.19823305440188,5163183.1,6362911.92,0.821059202800691,0.6662482607491446,False,False,0.014228954841295938,0.04368101455360951,0.17334927440559134,0.05093442450569463,0.10137607181008956,0.1332902334386321,0.17632716670196427,0.052554744525547446
2025-12-10,1273.0,1284.0,1268.300048828125,1278.5999755859375,1277.6146240234375,2928746,1277.6146240234375,0.0021161193314744864,1269.0662658691406,0.006735943097851083,1231.5102270507812,0.037437283069152505,1159.1780090332031,0.10217293122133575,1149.3610067749023,0.1115868874031265,1315.160888671875,-0.028548799596948116,1289.2056884765625,-0.008990857360257287,0.7771812080536913,47.079612532162855,4970494.75,6309108.2,0.5892262535837102,0.46420918886761203,False,False,0.00621705299363029,0.046660103093763006,0.15678994743380592,0.04806928368076324,0.09713015165258443,0.13284824153480296,0.1739905135532506,0.03941605839416058
2025-12-11,1277.4000244140625,1282.0,1271.0,1272.699951171875,1271.7191162109375,2017404,1271.7191162109375,-0.004614464879819535,1271.439434814453,0.00021997225257153197,1234.3180615234376,0.03030098631250544,1160.3061376953126,0.09602033023536505,1150.7569241333008,0.10511532847715865,1315.160888671875,-0.03303152704366652,1289.2056884765625,-0.013563834244548434,0.7369127516778523,48.58439571988473,4904103.4,6155578.66,0.41137060853977914,0.3277358817797968,False,False,-0.005703171475285651,0.038769170084303584,0.1523903094519381,0.046232090499242595,0.07533456591380983,0.13506481597512157,0.17447233209836224,0.04525547445255475
2025-12-12,1278.0,1291.0,1277.9000244140625,1286.0999755859375,1285.10888671875,2281078,1285.10888671875,0.010528874133548527,1273.6627197265625,0.008986811669140282,1237.4056811523437,0.03855098315209138,1162.1726977539063,0.10578134317080279,1152.1339300537109,0.11541623173864868,1315.160888671875,-0.022850437700799642,1289.2056884765625,-0.0031777720145290678,0.8161073825503355,57.36433782252353,4758270.3,6037896.16,0.47939226991791534,0.3777935127655458,False,False,0.0028069723562564874,0.03584084340703053,0.1470745904897388,0.0544762000918293,0.10655423151191168,0.13220374749965771,0.17326632628494057,0.029197080291970802
2025-12-15,1285.0,1290.4000244140625,1280.0,1284.800048828125,1283.8099365234375,1634472,1283.8099365234375,-0.001010770533716454,1275.421368408203,0.0065770954784172275,1239.9097509765625,0.03540595233830435,1164.023271484375,0.10290744865118473,1153.4752386474609,0.11299306089032668,1315.160888671875,-0.023838111685405616,1289.2056884765625,-0.004185330549930422,0.8053691275167785,58.064516129032256,4635592.6,5877485.42,0.35259181318047667,0.2780903538166497,False,False,0.00863552441951021,0.02816909532406142,0.14103017830802012,0.05913690124913451,0.11463449066139964,0.13137292286574612,0.17335351733799514,0.033576642335766425
2025-12-16,1277.0999755859375,1277.5999755859375,1216.9000244140625,1219.5999755859375,1218.66015625,11542048,1218.66015625,-0.05074721609482424,1273.1331298828125,-0.04278654946150562,1240.6811572265624,-0.01774912180159849,1165.2383349609374,0.04584626139239867,1154.5319815063476,0.05554473654335901,1315.160888671875,-0.07337560997523807,1289.2056884765625,-0.054720152770909025,0.5208053691275167,27.371811487689186,4703896.55,5886426.08,2.4537206286987754,1.9607904428148362,True,True,-0.04412569831171953,-0.03619413817248973,0.07643430296117804,-0.0004566559786539637,0.06397243528462604,0.22140833279227543,0.20433905813198616,0.2291970802919708
2025-12-17,1220.5999755859375,1236.0,1220.300048828125,1224.699951171875,1223.756103515625,5147181,1223.756103515625,0.004181598322953395,1270.8498840332031,-0.037056918452177845,1240.9189697265624,-0.013830771089525129,1166.4364099121094,0.04914086453099875,1155.6087130737305,0.05897099050130339,1315.160888671875,-0.06950083897990289,1289.2056884765625,-0.05076737214701432,0.5395973154362416,30.214869012915315,4756191.2,5586799.6,1.082206493296569,0.921311192189532,False,False,-0.0421555291361666,-0.03597302727342577,0.0781757864652668,0.010258471726849017,0.06991357988457758,0.2214884497942524,0.2044084403999769,0.2321167883211679
2025-12-18,1226.0999755859375,1238.5,1220.199951171875,1229.800048828125,1228.852294921875,3441592,1228.852294921875,0.004164384873431626,1268.0820190429688,-0.03093626715935993,1241.7783056640626,-0.010409274089609122,1167.7823718261718,0.05229563707165941,1156.715668029785,0.06236331787133054,1315.160888671875,-0.06562588234901012,1289.2056884765625,-0.046814402150215706,0.5664429530201343,33.975618884419205,4697391.1,5483228.32,0.7326603058450892,0.6276579779555851,False,False,-0.033707774572724336,-0.0431061253801599,0.07462429411701921,-0.00214751106292832,0.07202973428528714,0.2170375124312733,0.2040951774354273,0.22627737226277372
2025-12-19,1236.699951171875,1241.5,1229.0999755859375,1230.5999755859375,1229.651611328125,5055047,1229.651611328125,0.0006504576746555468,1265.8237548828124,-0.028575971508795206,1242.7775341796876,-0.010561763864058382,1169.2262585449218,0.05167977740972152,1157.7886810302734,0.06206912494074768,1315.160888671875,-0.06501811153318449,1289.2056884765625,-0.046194395262723176,0.574496644295302,35.213090905595294,4631963.8,5481120.66,1.091339919366382,0.9222652288774829,False,False,-0.04315375604648042,-0.03542883954305631,0.051076070741437496,0.005347852964383559,0.07016388106360405,0.21634483035419627,0.19898079171218597,0.18394160583941604
2025-12-22,1235.0,1236.9000244140625,1226.800048828125,1233.199951171875,1232.2496337890625,2405809,1232.2496337890625,0.002112811821660232,1264.0351318359376,-0.025146055870067907,1244.09251953125,-0.009519296640936092,1170.8210290527343,0.05246626359797091,1158.8804248046874,0.06331042220921135,1315.160888671875,-0.06304267074619363,1289.2056884765625,-0.04417918350546857,0.5892617449664429,40.97525324238271,4227656.6,5385343.82,0.5690644315813163,0.4467326656220809,False,False,-0.04016194396656603,-0.02821122840545931,0.06411246086895206,0.029231150870018707,0.08625203041629526,0.21630697910008898,0.1976491503864604,0.181021897810219
2025-12-23,1239.0,1239.0,1223.5,1225.0,1224.0560302734375,2920318,1224.0560302734375,-0.006649304889976171,1261.9717224121093,-0.030044803275148246,1244.9838330078126,-0.01680969839087354,1172.4277905273439,0.04403532581129954,1159.9726333618164,0.05524561103299086,1315.160888671875,-0.06927278569730011,1289.2056884765625,-0.0505347275345267,0.5422818791946309,32.80665001650003,4109164.7,5305089.48,0.7106840959672412,0.5504747867136823,False,False,0.004427710215817227,-0.03261471476245903,0.050060097878175336,0.0449560267718041,0.09249006078633615,0.21711942291572583,0.19793757714046956,0.18248175182481752
2025-12-24,1230.0,1235.4000244140625,1224.699951171875,1226.300048828125,1225.35498046875,3155506,1225.35498046875,0.0010611852424944335,1258.7791870117187,-0.026552875109347895,1245.7172680664062,-0.016345833938115284,1173.956611328125,0.04378217103141213,1161.0985424804687,0.055341071956743315,1315.160888671875,-0.06828511171269402,1289.2056884765625,-0.04952716899912535,0.5516778523489932,28.502793940869978,4024838.95,5285430.64,0.7840080160226038,0.5970196593101069,False,False,0.0013065323625611747,-0.04952716899912535,0.06265162710031036,0.04428488009734899,0.10681571948091584,0.20366879854249217,0.19643195591966983,0.17226277372262774
2025-12-26,1225.0,1229.9000244140625,1222.0,1228.199951171875,1227.25341796875,1665983,1227.25341796875,0.0015492959430203346,1255.8264587402343,-0.022752379974655845,1246.74447265625,-0.015633560136002367,1175.55337890625,0.04397932070987909,1162.1707958984375,0.05600090993510043,1315.160888671875,-0.06684160961621888,1289.2056884765625,-0.04805460529810468,0.5557046979865772,28.15756212910746,3811902.8,5203899.54,0.43704760782462765,0.3201412685226433,False,False,-0.0013011140230052565,-0.04591012898300206,0.08479068572009374,0.04965383429984649,0.14684858075255147,0.20416573222329834,0.19196774119572454,0.16496350364963502
2025-12-29,1228.199951171875,1233.9000244140625,1219.0,1232.0,1231.050537109375,2209655,1231.050537109375,0.0030939976088311116,1253.4432983398438,-0.017864997371741853,1247.9915112304689,-0.013574590827457378,1177.2480712890624,0.045701893366790536,1163.1639447021485,0.05836373515223614,1315.160888671875,-0.06395441978771088,1289.2056884765625,-0.04510928852315932,0.5825503355704698,32.495710422573254,3767703.75,5121529.8,0.5864725962066418,0.4314443313402179,False,False,0.00113766026764206,-0.03727433773963573,0.08872393735757056,0.046195613553241754,0.1426149051426342,0.2045374760301637,0.1919533954479559,0.1635036496350365
2025-12-30,1233.0,1252.0999755859375,1232.0,1246.0,1245.039794921875,5673233,1245.039794921875,0.011363674675247903,1251.9594421386719,-0.005527053819711858,1248.9847436523437,-0.0031585243538945207,1179.020704345703,0.055994852620344204,1164.2093188476563,0.06942950444188623,1315.160888671875,-0.05331750233297483,1289.2056884765625,-0.03425822112752064,0.6335570469798658,38.61385585887344,3846464.6,4880051.04,1.474921412249576,1.1625355869228777,False,False,0.010379521147418691,-0.023281344730241793,0.07460112962349541,0.06033526766449038,0.15586689342709437,0.2097085629770172,0.18697024871671253,0.15036496350364964
2025-12-31,1246.0,1271.5,1245.0,1269.4000244140625,1268.4217529296875,3711090,1268.4217529296875,0.01878008888003424,1252.52900390625,0.01268852774975504,1250.3676782226562,0.014439012637222248,1181.0051733398439,0.07401879480564211,1165.3805877685547,0.08841846710217971,1315.160888671875,-0.03553872088561527,1289.2056884765625,-0.01612150468513296,0.7114093959731543,46.9736960547297,3626251.75,4826184.56,1.0233955764378466,0.7689490432583043,False,False,0.03624484628072078,0.009062019730045723,0.07485185102431946,0.08923969558472056,0.17998040654766978,0.21526968938122207,0.1870646342728724,0.15328467153284672
2026-01-01,1270.0,1279.199951171875,1263.800048828125,1274.4000244140625,1273.41796875,2022412,1273.41796875,0.003938923160827779,1252.7138671875,0.016527398717939734,1251.3349340820312,0.017647581048449545,1183.037606201172,0.07639686352748054,1166.6277551269532,0.09153752184768305,1315.160888671875,-0.03173978201559002,1289.2056884765625,-0.012246082892496846,0.7516778523489933,50.56259535257512,3548232.65,4718260.48,0.5699772815066115,0.4286350888368079,False,False,0.03922372622410508,0.0029118731512374207,0.050791520449752214,0.09418746995579652,0.1838036562527341,0.21273984694454312,0.179373829350913,0.08613138686131387
2026-01-02,1273.9000244140625,1281.800048828125,1264.300048828125,1266.9000244140625,1265.9237060546875,5860547,1265.9237060546875,-0.005885155447169388,1252.059375,0.011073221710981018,1251.9264770507812,0.011180551941740502,1184.9431372070312,0.06834131217345285,1167.9095837402344,0.08392269716681544,1315.160888671875,-0.0374381439117385,1289.2056884765625,-0.018059168238225065,0.6993288590604027,43.388433576400374,3680454.6,4796666.46,1.5923432393378796,1.221795813586755,True,False,0.03150961938239405,-0.010234327659780385,0.06749235751650007,0.0881215613378219,0.18508613387856365,0.21206862781297833,0.17385201743036474,0.03795620437956204
2026-01-05,1274.199951171875,1289.699951171875,1270.0,1285.800048828125,1284.8092041015625,6177100,1284.8092041015625,0.01491835404973374,1252.2242492675782,0.026021660938959634,1252.4660620117188,0.02582356765651106,1187.2183837890625,0.08220123748508201,1169.2908319091796,0.09879353283200576,1315.160888671875,-0.02307830534784483,1289.2056884765625,-0.0034102272541127743,0.8120805369127517,50.3071370147753,3852898.9,4627984.04,1.6032343854130198,1.3347280255530007,True,False,0.04366893589796739,0.002573121496523667,0.08910730956531343,0.09541659554804349,0.20869630525712468,0.21888312481529593,0.17559045035028106,0.04817518248175182
2026-01-06,1304.5999755859375,1304.5999755859375,1285.4000244140625,1293.800048828125,1292.802978515625,6751769,1292.802978515625,0.006221759922441006,1253.2234741210937,0.03158216009502146,1253.50326171875,0.031351906291004594,1189.4216845703124,0.08691727693081353,1170.5924932861328,0.10440053727528875,1315.160888671875,-0.017000133100694814,1292.802978515625,0.0,0.8604026845637583,85.13259942064396,4042013.45,4665378.5,1.6703974599589717,1.4472071237092554,True,False,0.03836277666670651,0.015700979646068314,0.10827481581934473,0.10326600068442104,0.20815982061454297,0.2182304831935298,0.17384240308973206,0.0364963503649635
2026-01-07,1293.0,1299.0,1284.0,1295.5,1294.501708984375,5440002,1294.501708984375,0.0013139902189120978,1254.2027221679687,0.032131158786473435,1254.330625,0.032025913410489215,1191.6749475097656,0.08628759183826573,1171.9026483154296,0.10461539688913368,1315.160888671875,-0.015708480890397225,1294.501708984375,0.0,0.8697986577181208,84.63801343090543,4102049.6,4650477.1,1.3261668020786486,1.1697728820124715,False,False,0.02056094985319379,0.01536175673235407,0.09750936233652463,0.11115875164886391,0.19327010369786235,0.21821790867245075,0.17274521162084924,0.024817518248175182
2026-01-08,1291.0999755859375,1303.199951171875,1283.800048828125,1286.800048828125,1285.808349609375,3949654,1285.808349609375,-0.006715602856809277,1254.6124084472656,0.024865002890190002,1255.14,0.024434206231476185,1193.8812463378906,0.07699853193394346,1173.0799822998047,0.09609606251107294,1315.160888671875,-0.02231859182806284,1294.501708984375,-0.006715602856809277,0.8201342281879195,76.93759915755052,4153095.0,4566534.64,0.951014604770659,0.8649127426743882,False,False,0.00973001886531999,0.0064132997790320445,0.08170816229264988,0.101335120282948,0.18711372581459695,0.21978686788384647,0.1730859277593331,0.027737226277372264
2026-01-09,1286.800048828125,1295.300048828125,1270.0999755859375,1272.0,1271.019775390625,5531427,1271.019775390625,-0.011501382941900062,1254.57744140625,0.013105874090916902,1255.603642578125,0.012277865633494311,1195.917677001953,0.06279871920360391,1174.1718920898438,0.08248186143206593,1315.160888671875,-0.033563280098624415,1294.501708984375,-0.01813974707856758,0.7315436241610739,67.27881416943524,4328796.15,4585586.68,1.27782108658547,1.2062637533655782,False,False,0.004025573825313433,-0.0005499176755290325,0.0808973024474311,0.09674080659296203,0.19718549372115968,0.22320907801267292,0.17331439100081245,0.030656934306569343
2026-01-12,1274.699951171875,1279.5999755859375,1266.5,1274.199951171875,1273.218017578125,6489750,1273.218017578125,0.001729510610347873,1253.9828979492188,0.015339220064614523,1256.3150927734375,0.013454367381174004,1197.8321997070314,0.06293520736003888,1175.1959210205077,0.08340915314996811,1315.160888671875,-0.031891817537325284,1294.501708984375,-0.01644160935326111,0.748993288590604,67.16917117450794,4539229.75,4635031.04,1.4297029138038233,1.4001524356566122,False,False,-0.009021718155843184,-0.009252810608901596,0.08943230395638002,0.1591011683469048,0.19465008712300969,0.21990063642589533,0.172613545071702,0.02335766423357664
2026-01-13,1274.0,1284.0,1258.699951171875,1262.0,1261.0274658203125,5163166,1261.0274658203125,-0.009574598842860382,1252.8437744140624,0.006532092487012253,1256.898642578125,0.003284929350960697,1199.6188220214844,0.05119013029101027,1176.02072265625,0.07228337182023448,1315.160888671875,-0.041161065020896115,1294.501708984375,-0.025858786382233045,0.6832214765100671,64.99187220452345,4715664.45,4656162.22,1.0948968177750644,1.1088887706322226,False,False,-0.024578774355700106,-0.017745984086102395,0.054919266077905426,0.1476901239987063,0.17501151655711245,0.22231867021377846,0.1682202917883721,0.010218978102189781
2026-01-14,1255.0,1308.0,1253.5,1298.800048828125,1297.7991943359375,7776704,1297.7991943359375,0.029160132917251502,1256.8007263183595,0.03262129561118088,1258.1996411132814,0.03147318750434369,1201.8031384277344,0.07987668931684633,1176.9260498046874,0.10270241239992028,1315.160888671875,-0.013201194230669677,1297.7991943359375,0.0,0.885234899328859,72.81309318701291,4527397.25,4689318.16,1.717698618118832,1.6583869412690906,True,False,0.002547300887033588,0.0649393825506368,0.08215310743256032,0.182878083428758,0.224308972225306,0.1549441892309521,0.17784032173984676,0.07153284671532846
2026-01-15,1298.800048828125,1298.800048828125,1298.800048828125,1298.800048828125,1297.7991943359375,0,1297.7991943359375,0.0,1260.502880859375,0.02958843969569913,1259.6425317382811,0.030291659448018926,1204.0004443359376,0.07790590978704692,1177.9426965332032,0.10175070328589264,1315.160888671875,-0.013201194230669677,1297.7991943359375,0.0,0.885234899328859,72.48409724896997,4270038.2,4623331.26,0.0,0.0,False,False,0.009325530301778961,0.06050477755134409,0.059380197719091976,0.17559747298266926,0.2490728502497188,0.1553018508406976,0.17284039737543114,0.026277372262773723
2026-01-16,1298.800048828125,1309.0,1286.5,1294.199951171875,1293.20263671875,5175495,1293.20263671875,-0.003541809578283428,1263.7203979492188,0.023329716618783136,1260.9555200195311,0.0255735560749355,1206.2317236328124,0.07210133126328899,1178.9258776855468,0.09693294650343076,1315.160888671875,-0.016696247692782107,1297.7991943359375,-0.003541809578283428,0.8644295302013423,69.70846261991912,4356733.35,4652166.74,1.1879301724995404,1.1124912947552692,False,False,0.01745280581594999,0.05236621363104188,0.04598716982003914,0.18180984557815094,0.23444763099301458,0.15692726812872543,0.17223294458386126,0.021897810218978103
2026-01-19,1307.0,1327.0,1297.0999755859375,1307.5,1306.492431640625,8833223,1306.492431640625,0.010276653128078461,1267.5624389648438,0.030712485222876618,1262.6482153320312,0.03472401558581728,1208.604893798828,0.08099217398840874,1179.9572875976562,0.10723705457219479,1315.160888671875,-0.006591176110782859,1306.492431640625,0.0,0.9275167785234899,69.57349059934339,4545642.15,4759601.88,1.9432288571153802,1.8558743404816036,True,False,0.0261341055523181,0.06248991145508742,0.03868764243663936,0.20384874867189318,0.24434693267521812,0.15904585009104566,0.16991476854278018,0.016058394160583942
2026-01-20,1306.0999755859375,1310.9000244140625,1290.0,1293.5,1292.503173828125,6268527,1292.503173828125,-0.010707492423000842,1270.5751159667968,0.017258371886689217,1264.1770361328124,0.022406780763842837,1211.0370178222656,0.06726974882432168,1181.0006176757813,0.09441363068190567,1315.160888671875,-0.01722809356551891,1306.492431640625,-0.010707492423000842,0.8590604026845637,58.158406456751656,4738778.05,4802161.06,1.3228150662173344,1.3053554267919536,False,False,0.02496036673343771,0.04889718640352769,0.041549193595588285,0.20482495013457314,0.2608154884675158,0.16642214698408844,0.16903943058619034,0.014598540145985401
2026-01-21,1290.0,1297.699951171875,1267.4000244140625,1284.9000244140625,1283.9097900390625,3854702,1283.9097900390625,-0.006648636508652217,1273.567803955078,0.00812048330043158,1265.4240747070312,0.014608316454158832,1213.3652221679688,0.05813959934095436,1182.0067218017577,0.08621191940598427,1315.160888671875,-0.023762186742316893,1306.492431640625,-0.017284938706613406,0.8080536912751678,53.46989132795639,4785497.25,4766946.04,0.8054966492771467,0.8086313475451046,False,False,-0.01070227532694834,0.04889789215960527,0.024559429632941665,0.20738581836181624,0.2389191197396121,0.16642166275237558,0.16862698569045428,0.01167883211678832
2026-01-22,1290.0,1298.9000244140625,1281.4000244140625,1294.800048828125,1293.80224609375,5949677,1293.80224609375,0.007704946353268793,1276.990167236328,0.013165394134401875,1266.8869482421876,0.021245224673683394,1215.8592993164064,0.06410523554918357,1183.03533203125,0.0936294217623368,1315.160888671875,-0.016240326763134028,1306.492431640625,-0.00971317187879861,0.8671140939597315,59.076114559314796,4925205.8,4750289.32,1.2080057649570706,1.2524872906057014,False,False,-0.0030797894309316787,0.055859132019699276,0.038915205538775366,0.20637290287009646,0.30760972367151274,0.16735902657499263,0.16868558415519752,0.013138686131386862
2026-01-23,1297.0,1299.0,1248.0,1258.0,1257.030517578125,8885549,1257.030517578125,-0.02842144433327909,1278.479022216797,-0.01677657925233822,1267.5424438476562,-0.008293155247426576,1217.8227844238281,0.032194941378803854,1183.872844848633,0.061795211409588324,1315.160888671875,-0.044200197553360465,1306.492431640625,-0.037858553838224895,0.6651006711409396,41.89975275278768,5286184.1,4861095.68,1.6809004060225599,1.8278901681688358,True,False,-0.02797095993587262,0.0242632036492183,0.007367040992592111,0.17746159549249296,0.2743029852138892,0.2007497373402738,0.17889079645886152,0.08029197080291971
2026-01-27,1288.800048828125,1333.199951171875,1278.4000244140625,1315.800048828125,1314.7860107421875,22715357,1314.7860107421875,0.045945975341424417,1282.6657958984374,0.025041764539492917,1269.0253002929687,0.03605973059690326,1220.4167846679688,0.07732540822100642,1185.215534057617,0.10932229030190177,1315.160888671875,-0.00028504339880885965,1314.7860107421875,0.0,0.9476510067114094,54.968369185268564,6311469.2,5211448.02,3.5990601047375783,4.358741929848511,True,True,0.006347973322086364,0.06801952568854852,0.06232843123717302,0.2385165528005948,0.3573742919319689,0.25593957141752227,0.20109552696806524,0.19562043795620437
2026-01-28,1348.0,1369.4000244140625,1310.199951171875,1319.800048828125,1318.782958984375,15426403,1318.782958984375,0.0030399990641301056,1286.3529541015625,0.025210813858986825,1270.4282202148438,0.03806176374242831,1223.0657421875,0.0782600750681488,1186.4289501953126,0.11155662441250613,1318.782958984375,0.0,1318.782958984375,0.0,0.974496644295302,55.43136468935778,6799127.7,5438215.56,2.268879727027336,2.8366663347195455,True,True,0.020332472436732862,0.05922956387681344,0.07057108018132419,0.23507398060527773,0.376970642154945,0.2542117959355252,0.20077163406921278,0.19124087591240876
2026-01-29,1318.0,1367.0,1306.0,1363.699951171875,1362.6490478515625,16107684,1362.6490478515625,0.03326255360546204,1291.0643188476563,0.05544629183757421,1272.3927026367187,0.07093434678445565,1226.196326904297,0.11128129970162237,1187.942565307617,0.14706643877072056,1362.6490478515625,0.0,1362.6490478515625,0.0,0.974496644295302,64.85126767289033,7418957.4,5556849.86,2.17115197345654,2.8987077941314037,True,True,0.06132771821149863,0.07428703797001046,0.1053740478212899,0.2735337128478259,0.43511425945091187,0.27079126093791245,0.2112328513199937,0.32116788321167883
2026-01-30,1352.0,1378.699951171875,1352.0,1370.4000244140625,1369.343994140625,14758482,1369.343994140625,0.004913184579417695,1295.8606201171874,0.05670623281753273,1274.391162109375,0.07450838867564324,1229.3389038085938,0.11388648801260892,1189.4532147216796,0.15123821365352152,1369.343994140625,0.0,1369.343994140625,0.0,0.974496644295302,69.61719924363388,8055760.9,5769993.74,1.8320407200764859,2.557798615566609,True,False,0.058387399059594225,0.07532956793815848,0.11723476064041427,0.2795518492287614,0.44604249774476146,0.2708235102884676,0.21074301533744688,0.31532846715328466
2026-02-02,1339.0,1352.699951171875,1302.9000244140625,1311.5,1310.4893798828125,8647298,1310.4893798828125,-0.04298015291237944,1298.0889038085938,0.009552871176878197,1274.9167578125,0.027901917401531362,1231.8969311523438,0.0637979093404768,1190.4506964111329,0.10083465349179255,1369.343994140625,-0.04298015291237944,1369.343994140625,-0.04298015291237944,0.6778523489932886,56.06504779502468,8195098.45,5850587.82,1.0551792699940048,1.478022083599798,False,False,0.04252789535108881,0.035204075581313,0.06756216813728089,0.21863976309039534,0.38447523268773875,0.3165257469239487,0.22997347490682515,0.5372262773722628
2026-02-03,1403.0,1418.300048828125,1345.5,1356.199951171875,1355.15478515625,10384723,1355.15478515625,0.03408299674846016,1301.606182861328,0.04114040252728812,1276.523515625,0.06159797964454361,1234.934588623047,0.09734944477281893,1191.429398803711,0.1374192935955183,1369.343994140625,-0.01036204857588019,1369.343994140625,-0.01036204857588019,0.9046979865771813,63.852911301168426,8405479.6,5931010.42,1.2354706089584704,1.7509197024813186,False,False,0.030703684161709877,0.054751772348859085,0.10909381906592741,0.28173138481343685,0.3797102421918912,0.3338028806680769,0.2392818703427008,0.5970802919708029
2026-02-04,1369.699951171875,1369.9000244140625,1336.5999755859375,1338.699951171875,1337.6683349609375,6672251,1337.6683349609375,-0.012903655277501258,1303.8494506835937,0.025937721766583488,1277.9164404296876,0.04675727820761022,1237.6185192871094,0.08084059353883832,1192.1734088134765,0.1220417475107638,1369.343994140625,-0.023131995550589535,1369.343994140625,-0.023131995550589535,0.810738255033557,56.22074455117265,8401503.7,5854616.38,0.7941734287399053,1.1396563953862338,False,False,0.014320306346016665,0.03470393957231299,0.09999998996183601,0.24727471852549443,0.36246081419442655,0.3381373180506996,0.2408201941956036,0.6072992700729927
2026-02-05,1340.0,1340.0,1317.4000244140625,1330.5999755859375,1329.5745849609375,3766488,1329.5745849609375,-0.006050640348181924,1305.603094482422,0.01836047308697486,1279.2014477539062,0.039378580516367556,1240.0486450195312,0.07219550644321382,1192.7162115478516,0.1147451272046327,1369.343994140625,-0.029042672513159173,1369.343994140625,-0.029042672513159173,0.774496644295302,54.835746896846906,8317828.0,5824143.02,0.4528210970460077,0.6467025255159342,False,False,-0.024272179944478167,0.027093727055856442,0.088425384545741,0.24355140069542403,0.35242935331852476,0.33932134237748784,0.24126611868737802,0.6175182481751825
2026-02-06,1325.0,1346.4000244140625,1324.699951171875,1341.5999755859375,1340.5660400390625,5876574,1340.5660400390625,0.008266896195558537,1308.3409790039063,0.024630475963300036,1280.2286547851563,0.047130163059841745,1242.4098229980468,0.07900470136670035,1193.3449212646485,0.12336845462785084,1369.343994140625,-0.02101586907650843,1369.343994140625,-0.02101586907650843,0.8322147651006712,57.070393604881914,8414174.0,5844834.08,0.6984136529622516,1.0054304227571846,False,False,-0.02101586907650843,0.042586199137937486,0.09823178546016931,0.2585365568554088,0.36167372813449106,0.338645770006874,0.24161065446003668,0.6233576642335766
2026-02-09,1350.0,1350.0,1330.699951171875,1341.4000244140625,1340.3663330078125,4077536,1340.3663330078125,-0.0001489721694308832,1311.8083068847657,0.021769968960529962,1281.3098217773438,0.04609073482988646,1244.7779968261718,0.07679147319872581,1194.0220520019532,0.12256413586373194,1369.343994140625,-0.02116171046633053,1369.343994140625,-0.02116171046633053,0.8281879194630872,55.26234644575665,8341479.45,5807890.68,0.4888264755000985,0.7020683109689662,False,False,0.022798317623658804,0.054559778659521774,0.09484178196195603,0.2557575237735805,0.3450347957599169,0.3348849000859548,0.24162446727379647,0.6248175182481752
2026-02-10,1352.5999755859375,1360.0999755859375,1343.300048828125,1356.699951171875,1355.6544189453125,5478998,1355.6544189453125,0.011405901178667577,1315.930126953125,0.03018723500476761,1282.8486352539062,0.05675321444060799,1247.131181640625,0.0870183016047461,1194.774624633789,0.1346528382797172,1369.343994140625,-0.009997177666013601,1369.343994140625,-0.009997177666013601,0.9073825503355705,59.771181328239244,8290941.85,5855597.92,0.6608414458967651,0.9356854884599044,False,False,0.00036869130710037723,0.06474649292506518,0.09270290727987396,0.25318667430241515,0.3724068458447898,0.3362065684619581,0.24124668208983213,0.6160583941605839
2026-02-11,1358.0,1360.0,1344.800048828125,1347.300048828125,1346.2618408203125,3866272,1346.2618408203125,-0.006928445770351566,1320.191845703125,0.01974712629989228,1284.2795336914062,0.048262317901111906,1249.3424768066407,0.07757629778297526,1195.6839031982422,0.12593456951231086,1369.343994140625,-0.016856358533049565,1369.343994140625,-0.016856358533049565,0.8630872483221477,59.62372390341986,8226097.15,5850963.04,0.47000077065707885,0.6607924154653351,False,False,0.006424242568039862,0.06759121217439468,0.0781851577608943,0.24381474761400357,0.3281311163406917,0.33498594576857177,0.2416544160892709,0.6262773722627737
2026-02-12,1347.9000244140625,1357.699951171875,1336.199951171875,1340.0,1338.9674072265625,4152620,1338.9674072265625,-0.0054182874182227,1322.2502563476562,0.012642955294319691,1285.918271484375,0.041253893749368054,1251.4108825683593,0.06996624839837162,1196.4244244384765,0.11914081648323616,1369.343994140625,-0.022183313355915613,1369.343994140625,-0.022183313355915613,0.8214765100671141,57.02737270433232,8044892.95,5771708.5,0.5161808896412972,0.7194784698499587,False,False,0.007064532047971639,0.031721558366115454,0.05895366256333534,0.2405110776427395,0.3235421311729003,0.322074624254416,0.24088899979940226,0.6087591240875913
2026-02-13,1341.300048828125,1346.5,1316.0999755859375,1332.300048828125,1331.2733154296875,4624549,1331.2733154296875,-0.005746287590981725,1323.9239624023437,0.005551189672560852,1287.1493237304687,0.03428039846327757,1253.373369140625,0.06215222710729407,1197.1539306640625,0.11203186267886944,1369.343994140625,-0.027802129248633345,1369.343994140625,-0.027802129248633345,0.7812080536912752,62.70088781356124,8276120.4,5792543.6,0.5587822284460724,0.7983623981699508,False,False,-0.006931940935266612,0.02579298957792786,0.04872480754819386,0.23486883032151362,0.30639621135442496,0.32313464992221164,0.24121296302082454,0.6145985401459854
2026-02-16,1324.0,1361.9000244140625,1324.0,1358.300048828125,1357.2532958984375,5082167,1357.2532958984375,0.01951513649949832,1327.1264953613281,0.022700775429027154,1288.7141186523438,0.053184159507593254,1255.5107214355469,0.0810368025743009,1198.0248187255859,0.1329091640540745,1369.343994140625,-0.008829555096398822,1369.343994140625,-0.008829555096398822,0.9167785234899329,58.15115623026011,8271454.0,5829864.78,0.614422446162428,0.8717469772943859,False,False,0.012598766825730578,0.049528710629761497,0.056878333156689775,0.2683724668756242,0.3274688614967589,0.3287081476567817,0.2432391963043397,0.656934306569343
2026-02-17,1358.300048828125,1360.9000244140625,1350.4000244140625,1357.199951171875,1356.154052734375,4513065,1356.154052734375,-0.0008099027406190951,1329.6095764160157,0.01996411336770776,1290.2069653320314,0.05111357260838556,1257.3732836914062,0.07856121195208443,1198.898197631836,0.131166979325821,1369.343994140625,-0.009632306756146902,1369.343994140625,-0.009632306756146902,0.9114093959731544,57.253682711089496,8055446.1,5865561.8,0.560250164171541,0.7694173472010815,False,False,0.0003685554239192257,0.038011411234420756,0.063803012457748,0.2684111827289142,0.3425844766947155,0.3276383816091884,0.24264981606127134,0.637956204379562
2026-02-18,1363.0,1378.5,1353.800048828125,1377.0,1375.9388427734375,5556076,1375.9388427734375,0.014588895707807747,1333.7813598632813,0.03160749143658559,1292.2693725585937,0.06474615276936002,1259.5526025390625,0.09240284208834026,1199.9214172363281,0.146690794087595,1375.9388427734375,0.0,1375.9388427734375,0.0,0.974496644295302,52.845542480052195,8019823.55,5917293.76,0.6927927984151222,0.9389555809377292,False,False,0.022044004407821616,0.06455355053264089,0.08510636249610948,0.3113036730771692,0.36805316522680553,0.3268587938300655,0.24381001415834044,0.672992700729927
2026-02-19,1381.0999755859375,1382.800048828125,1351.0,1356.5999755859375,1355.5545654296875,2744704,1355.5545654296875,-0.014814813500476531,1337.3635986328125,0.013602110013665403,1293.88212890625,0.047664648228483264,1261.4511389160157,0.07459934325679574,1200.901619873047,0.1287806952687678,1375.9388427734375,-0.014814813500476531,1375.9388427734375,-0.014814813500476531,0.876510067114094,47.21097605838624,7964323.65,5887402.26,0.34462486968369244,0.46619950171368113,False,False,0.012388022377245456,0.05580203215713864,0.07131006056995037,0.28966634318654716,0.3484550123401202,0.33142003155591915,0.24598821738115217,0.7007299270072993
2026-02-20,1351.0,1376.5,1351.0,1368.300048828125,1367.24560546875,3791536,1367.24560546875,0.00862454403328039,1341.0357666015625,0.019544474144495227,1295.6747485351561,0.05523828955878729,1263.5924877929688,0.0820304953354265,1201.9407763671875,0.13753159253086422,1375.9388427734375,-0.006318040478575981,1375.9388427734375,-0.006318040478575981,0.9288590604026845,64.18584414784006,7856416.6,5904658.06,0.48260373565220566,0.6421262605679151,False,False,0.027020965283490295,0.05676552162182458,0.06053333280308926,0.3091275035999477,0.3583311428142637,0.3316119534940147,0.24374141968937832,0.6715328467153284
2026-02-23,1380.5,1402.0,1380.199951171875,1386.699951171875,1385.63134765625,6160153,1385.63134765625,0.013447285633217732,1347.4658081054688,0.028323939146509325,1297.9529931640625,0.06755125567255793,1266.13552734375,0.09437838030119305,1203.0174505615234,0.15179654876119142,1385.63134765625,0.0,1385.63134765625,0.0,0.974496644295302,58.76944519377753,7720146.8,5987513.04,0.7979321066796294,1.028833333446903,False,False,0.020908441956685397,0.10230525693671755,0.07721584996728326,0.3063588697894961,0.39136350373159057,0.3117511825482761,0.24494111126775583,0.6905109489051094
2026-02-24,1398.0,1398.0,1383.5,1387.5999755859375,1386.5306396484375,7888492,1386.5306396484375,0.0006490124474367587,1351.0530395507812,0.026259220814493167,1299.9814282226562,0.06657726760305493,1268.6935546875,0.09288065232581943,1204.2039501953125,0.15140847978745886,1386.5306396484375,0.0,1386.5306396484375,0.0,0.974496644295302,65.54357466492078,6978803.55,6099661.32,1.130350201647387,1.2932672137278598,False,False,0.022399068050429127,0.05456753290655314,0.08431667755426298,0.31376639221108427,0.3986462936539821,0.27188267905508995,0.24447905083376145,0.6875912408759124
2026-02-25,1394.0,1404.300048828125,1387.5999755859375,1403.0,1401.9188232421875,4379373,1401.9188232421875,0.01109833649089187,1355.2098327636718,0.034466242311172124,1302.3436059570313,0.07645848363649232,1271.1266784667969,0.10289465793696428,1205.2083123779296,0.16321702135968463,1401.9188232421875,0.0,1401.9188232421875,0.0,0.974496644295302,71.99275324671468,6426452.05,6154559.34,0.6814604646431619,0.7115656472003404,False,False,0.018881638966149694,0.06303983812608349,0.09978835489382254,0.3302361143478778,0.41246194125781654,0.27347714234731,0.24507491925178593,0.6948905109489051
2026-02-26,1403.0,1405.699951171875,1386.0,1395.5,1394.424560546875,8979547,1394.424560546875,-0.005345718005255629,1356.7986083984374,0.027731420061560375,1305.8588940429688,0.06782177378269783,1273.2700256347657,0.09515227129587833,1206.2221264648438,0.15602634867394505,1401.9188232421875,-0.005345718005255629,1401.9188232421875,-0.005345718005255629,0.934228187919463,66.72877267456983,6070045.2,6103309.32,1.479321274246854,1.471258710512152,False,False,0.028674607506387062,0.023318926282164698,0.10930048320025043,0.3285414257745125,0.3810180480009402,0.25057117681313484,0.24337664956514693,0.6613138686131387
2026-02-27,1387.0,1395.5,1381.0,1383.9000244140625,1382.83349609375,5840317,1382.83349609375,-0.008312435667784834,1357.4730834960938,0.018682073999096938,1309.0404418945313,0.05637186739045319,1274.9797058105469,0.08459255452590675,1207.168500366211,0.14551820700610452,1401.9188232421875,-0.0136137177360236,1401.9188232421875,-0.0136137177360236,0.8832214765100671,62.31881594667539,5624136.95,6117172.04,1.0384379064595857,0.9547413350172835,False,False,0.011400944031307203,0.009851068840880162,0.08908478273242304,0.3106354344948501,0.3616620775777397,0.25241342409501366,0.24363540092685732,0.67007299270073
2026-03-02,1369.0999755859375,1384.699951171875,1353.5999755859375,1372.300048828125,1371.2425537109375,5132511,1371.2425537109375,-0.00838202315430947,1360.5107421875,0.007888075551819806,1311.8882470703124,0.04524341671112175,1276.8332763671874,0.07394017613040349,1207.9890301513672,0.13514487258142882,1401.9188232421875,-0.021881630393053464,1401.9188232421875,-0.021881630393053464,0.8241610738255034,54.62089938512488,5448397.6,6150990.42,0.9420221093996518,0.8344202558520649,False,False,-0.0103842872562393,0.0463591500707603,0.07210948149871732,0.3001421413188645,0.361289371479635,0.19694892651774074,0.24416886664822668,0.6846715328467153
2026-03-04,1344.5,1357.5999755859375,1327.0,1351.300048828125,1350.2586669921875,5832353,1350.2586669921875,-0.015302826375947931,1360.265936279297,-0.007356847672361888,1314.3003881835937,0.02735925449910992,1278.5389611816406,0.056095049105318484,1208.7061376953125,0.11711078886947557,1401.9188232421875,-0.036849605978273914,1401.9188232421875,-0.036849605978273914,0.7060402684563758,51.10862057289903,5220779.1,6166536.54,1.1171422671378683,0.9458069310329588,False,False,-0.02616023881408558,-0.003612958621179163,0.053645196712866605,0.28426169389243827,0.3389979751583758,0.16714320646669178,0.24651472253238446,0.708029197080292
2026-03-05,1354.9000244140625,1355.800048828125,1335.300048828125,1349.0999755859375,1348.060302734375,6057499,1348.060302734375,-0.001628106015204911,1360.7855346679687,-0.00935138683458936,1316.6166015625,0.023882200129148545,1280.354560546875,0.05288046317309236,1209.4422045898436,0.11461324701459441,1401.9188232421875,-0.03841771692832763,1401.9188232421875,-0.03841771692832763,0.6953020134228188,52.59552055015042,5190041.5,6239570.34,1.1671388369437894,0.9708198914222033,False,False,-0.03841771692832763,0.007768717776922562,0.05911433750052386,0.2607233538249829,0.33807650752327323,0.16036747529646359,0.2460463044243088,0.7021897810218978
2026-03-06,1347.0,1347.9000244140625,1313.5,1315.800048828125,1314.7860107421875,11629935,1314.7860107421875,-0.02468308867540625,1360.0461059570312,-0.033278353591546295,1318.431201171875,-0.002764793814381439,1281.7075170898438,0.02580814515892782,1210.0468432617188,0.0865579444826623,1401.9188232421875,-0.06215253769008522,1401.9188232421875,-0.06215253769008522,0.5932885906040268,45.893478041430065,5583213.85,6413762.68,2.0830180094212225,1.813278036661001,True,True,-0.05711212499975926,-0.01112278648074827,0.0312720518860472,0.21004231379525895,0.29529312988381684,0.18247674163438307,0.25163885149879034,0.7372262773722628
2026-03-09,1282.199951171875,1291.0,1260.800048828125,1288.300048828125,1287.3072509765625,7926265,1287.3072509765625,-0.020899796271876547,1357.3831665039063,-0.05162574375209927,1319.6702465820313,-0.02452354721892802,1282.6937573242187,0.0035967226206572445,1210.5041046142578,0.06344724158269499,1401.9188232421875,-0.08175335858645882,1401.9188232421875,-0.08175335858645882,0.47651006711409394,32.7075225255676,5685698.4,6509177.86,1.3940706035339474,1.2177060099568395,False,False,-0.06908007752707146,-0.03972858290588066,0.007586502823990315,0.16556593763677596,0.26965789038988786,0.1929679254918146,0.2554529776073867,0.745985401459854
2026-03-10,1295.199951171875,1319.5,1284.5999755859375,1314.699951171875,1313.686767578125,6289277,1313.686767578125,0.020492012751074595,1356.0491882324218,-0.031239589995636696,1321.3989135742188,-0.00583634958139434,1284.0716931152344,0.023063411974328707,1211.1396881103515,0.08466990263341945,1401.9188232421875,-0.06293663670198113,1401.9188232421875,-0.06293663670198113,0.5906040268456376,40.6675322445651,5796285.45,6601643.74,1.085053014426679,0.9526834903090362,False,False,-0.04197345391378904,-0.019904681856502626,0.03300072384869801,0.19042002382007706,0.30635248818204186,0.2087905085299769,0.25857218505806406,0.7532846715328467
2026-03-11,1310.0,1317.5,1252.699951171875,1255.800048828125,1254.832275390625,6859908,1254.832275390625,-0.04480100861181879,1351.0080810546874,-0.07118817941413136,1321.8745483398438,-0.05071757606152405,1284.9330297851564,-0.023425932478025158,1211.3731744384766,0.03587589841775518,1401.9188232421875,-0.10491802051091559,1401.9188232421875,-0.10491802051091559,0.37583892617449666,27.286339041520847,5865330.95,6694648.8,1.1695687862250979,1.024685268030789,False,False,-0.07067267475063321,-0.07437156707911319,-0.023559568874688797,0.1200500076706903,0.2546150303441719,0.2549870215242728,0.27396831739091554,0.8204379562043795
2026-03-12,1243.199951171875,1251.0999755859375,1231.800048828125,1234.5,1233.5487060546875,9663320,1233.5487060546875,-0.016961286184093427,1345.3724243164063,-0.08311729617807295,1321.6447265625,-0.06665635532549186,1285.314735107422,-0.040274982958479866,1211.47478515625,0.018220701882450285,1401.9188232421875,-0.1200997621232548,1401.9188232421875,-0.1200997621232548,0.25100671140939596,27.194604496131518,6155183.35,6774450.54,1.5699483590525376,1.4264359807400704,True,False,-0.08494545566501344,-0.08372304060623592,-0.03915005565766039,0.0963587833201911,0.2179555447348882,0.25910831957120234,0.2760993407604754,0.8233576642335766
2026-03-13,1224.0,1234.5,1194.300048828125,1197.300048828125,1196.3773193359375,9098187,1196.3773193359375,-0.030133700060889224,1338.242919921875,-0.10600885569730456,1320.203837890625,-0.09379348476409,1285.2857580566406,-0.06917406356010136,1211.4883795166015,-0.01247313671031125,1401.9188232421875,-0.14661441197493774,1401.9188232421875,-0.14661441197493774,0.1691275167785235,20.838977334137212,6402461.7,6882192.48,1.4210451270641729,1.3219896168902268,False,False,-0.09005928754855641,-0.10649257563780101,-0.018284701276055637,0.05675202328823392,0.15880786857628837,0.27497261957355373,0.2630025725080115,0.7766423357664234
2026-03-16,1199.199951171875,1219.9000244140625,1180.0999755859375,1214.699951171875,1213.763916015625,8743794,1213.763916015625,0.014532703352599707,1332.367449951172,-0.08901713558064894,1319.0107568359374,-0.07979225360737774,1285.1728454589843,-0.05556367744282398,1211.5933996582032,0.001791456075969089,1401.9188232421875,-0.13421241237878578,1401.9188232421875,-0.13421241237878578,0.20134228187919462,20.568086038624386,6608423.95,7016620.12,1.323128489660534,1.246154679954371,False,False,-0.05712958961828796,-0.0882684254631324,-0.008165178887602154,0.06937228829649689,0.1716264121485278,0.2839772285312472,0.26458524992897875,0.7868613138686131
2026-03-17,1219.699951171875,1232.300048828125,1210.0,1228.0999755859375,1227.153564453125,5707317,1227.153564453125,0.011031509720155208,1325.8624633789063,-0.07444882229656447,1318.2353540039062,-0.06909372387422053,1285.0809155273437,-0.04507681218691795,1211.7304248046876,0.012728193773729357,1401.9188232421875,-0.12466146819035262,1401.9188232421875,-0.12466146819035262,0.22550335570469798,23.826697142985438,6639681.45,7013555.52,0.8595769304565055,0.8137551608060843,False,False,-0.06587049916360965,-0.09585515971003233,-0.0013823715639136314,0.07313876405094111,0.18660952720899582,0.2759626550831469,0.2654198485133069,0.7956204379562044
2026-03-18,1228.0,1260.0,1224.199951171875,1253.199951171875,1252.2342529296875,6018952,1252.2342529296875,0.020438100986765795,1320.6664733886719,-0.0518164289303078,1317.5838549804687,-0.049598059207965894,1285.0249584960939,-0.025517563180082026,1212.0402758789062,0.03316224538960544,1401.9188232421875,-0.10677121087961983,1401.9188232421875,-0.10677121087961983,0.3597315436241611,26.176824638693674,6714975.8,7010392.56,0.8963475341191848,0.8585756002228783,False,False,-0.0020704141197904757,-0.07662831489914956,0.01836507299589618,0.07037915950484375,0.22290352687214776,0.2900660835275099,0.2686685446714835,0.8043795620437956
2026-03-19,1221.0,1241.5,1202.0,1207.0,1206.06982421875,8264698,1206.06982421875,-0.03686564922092861,1312.1730224609375,-0.08086067647023754,1315.8491918945313,-0.08342853295955843,1284.6762268066407,-0.06118771480911189,1212.1083227539064,-0.00498181426676203,1401.9188232421875,-0.1397006700933665,1401.9188232421875,-0.1397006700933665,0.18389261744966443,23.30782558874938,6850406.9,7040651.14,1.2064535903699385,1.1738542125806848,False,False,-0.02227628443130103,-0.12345680874324894,-0.021245540556430798,0.0415048164249574,0.19465136629280266,0.30393089754739594,0.27929984403453123,0.8262773722627738
2026-03-20,1208.5999755859375,1231.800048828125,1199.699951171875,1203.9000244140625,1202.9722900390625,7518686,1202.9722900390625,-0.0025682876044875735,1304.5439086914062,-0.07785986962618274,1314.018603515625,-0.08450893555042582,1284.1746142578124,-0.06323308630865654,1212.2252770996095,-0.0076330589993023334,1401.9188232421875,-0.1419101661985147,1401.9188232421875,-0.1419101661985147,0.17583892617449665,23.88274895108985,7089106.0,7082224.82,1.0605972036530418,1.0616276934286872,False,False,0.005512450459012053,-0.11256077717702129,-0.017224489494704898,0.031973348753463915,0.19276275338532978,0.3025345209212963,0.27902276350374206,0.8248175182481752
2026-03-23,1181.0,1185.0999755859375,1165.0,1170.5999755859375,1169.6978759765625,6697446,1169.6978759765625,-0.027660166687147436,1294.666522216797,-0.09652574164523575,1311.6963940429687,-0.10825562890260909,1283.4181970214843,-0.08860737778912608,1212.2282745361329,-0.03508447992259944,1401.9188232421875,-0.16564507403401052,1401.9188232421875,-0.16564507403401052,0.15033557046979865,22.46789638262335,7234401.5,7137180.66,0.9257774813852949,0.9383881842217512,False,False,-0.03630528100037478,-0.14448591292012947,-0.04542120885728662,0.014384705603251557,0.13291144478600136,0.30700667997964964,0.2846477142492133,0.8306569343065694
2026-03-24,1187.0,1202.800048828125,1169.5999755859375,1192.699951171875,1191.78076171875,8274701,1191.78076171875,0.018879136395584917,1284.9739929199218,-0.07252538317091017,1310.1116137695312,-0.09032119920707571,1282.857628173828,-0.07099530334065807,1212.4015887451171,-0.017008248106727186,1401.9188232421875,-0.14989317358437038,1401.9188232421875,-0.14989317358437038,0.16375838926174496,28.415860909304627,7340128.9,7192046.14,1.1273236632125083,1.1505350270180552,False,False,-0.028825082499058463,-0.13990054877539537,-0.028904100596200744,0.05343578661421855,0.1542998344762354,0.312500337450101,0.2874129660279819,0.8321167883211679
2026-03-25,1200.0,1239.0,1198.0,1222.0999755859375,1221.158203125,9645791,1221.158203125,0.02465003828714507,1276.70537109375,-0.04350821201696908,1309.0704174804687,-0.06715621496104918,1282.6927551269532,-0.04797294734533908,1212.5440789794923,0.007104174021250964,1401.9188232421875,-0.1289380077650618,1401.9188232421875,-0.1289380077650618,0.21476510067114093,33.90774812929752,7427993.85,7255166.96,1.2985728306708277,1.3295064129027294,False,False,-0.024816482804222106,-0.11927066867081182,-0.008035684714945313,0.07997529505535139,0.1626296226650603,0.3316458416121505,0.29186941363871627,0.8379562043795621
2026-03-27,1209.5,1213.5,1202.0,1205.199951171875,1204.271240234375,9479301,1204.271240234375,-0.01382864468126288,1266.8229919433593,-0.04937686804454611,1307.93529296875,-0.07925778384577298,1282.4169677734376,-0.06093628632716941,1212.47583984375,-0.006766814925097675,1401.9188232421875,-0.1409836145510317,1401.9188232421875,-0.1409836145510317,0.17718120805369128,35.378097922201675,7682990.25,7341489.66,1.2338035961974572,1.291195852477711,False,False,-0.0014912768301288404,-0.1409836145510317,-0.03274478041086082,0.03941355160471094,0.144050897989368,0.3262394344478461,0.2922579937174024,0.8394160583941606
2026-03-30,1185.0999755859375,1188.800048828125,1153.9000244140625,1161.300048828125,1160.4051513671875,18534887,1160.4051513671875,-0.03642542261380444,1255.122021484375,-0.07546427239414555,1305.187412109375,-0.11092833059751783,1281.693526611328,-0.09463133949409508,1212.1238751220703,-0.042667853357540975,1401.9188232421875,-0.17227364942319312,1401.9188232421875,-0.17227364942319312,0.14093959731543623,33.90774812929752,8160757.25,7556653.32,2.271221460483952,2.452790437129647,True,True,-0.03538497023110376,-0.16782507695354143,-0.08515826956847194,-0.016680672651380513,0.08610245859636967,0.3419595407791512,0.298622840509963,0.8554744525547445
2026-04-01,1175.0,1208.0,1175.0,1193.0999755859375,1192.1805419921875,6595695,1192.1805419921875,0.027383014102929648,1245.589373779297,-0.042878361771070184,1303.0750390625,-0.08510215739386418,1281.3587854003906,-0.06959662229212193,1211.9377758789062,-0.01630218504608505,1401.9188232421875,-0.14960800709198185,1401.9188232421875,-0.14960800709198185,0.1651006711409396,34.799999877835475,8198526.15,7688567.22,0.8044976474216649,0.8578574929855397,False,False,0.019220917193556897,-0.1378712293563339,-0.06379478596297494,-0.016243499689048813,0.08768933939281753,0.36546882500561906,0.30419529201195555,0.8773722627737226
2026-04-02,1174.5999755859375,1202.300048828125,1150.300048828125,1197.9000244140625,1196.9769287109375,9501543,1196.9769287109375,0.004023205001093988,1236.8760925292968,-0.03225801198628486,1301.1505249023437,-0.08006267852770133,1281.0530224609374,-0.06563045578588733,1211.8680084228515,-0.012287707579056839,1401.9188232421875,-0.1461867057732239,1401.9188232421875,-0.1461867057732239,0.1704697986577181,41.6305335574369,8416977.75,7775088.18,1.1288544751113307,1.2220495485107155,False,False,0.004360002409078856,-0.1270859225659181,-0.05446361183852533,0.00935286811612901,0.07185523228785118,0.3675549910480398,0.3041818667662979,0.8759124087591241
2026-04-06,1202.0999755859375,1249.800048828125,1196.4000244140625,1245.300048828125,1244.34033203125,7847086,1244.34033203125,0.039569186493276565,1231.58017578125,0.010360800296176809,1299.9074829101562,-0.04274700439027068,1281.2778491210938,-0.028828655014352722,1212.0704998779297,0.026623725399281817,1401.9188232421875,-0.11240200830352587,1401.9188232421875,-0.11240200830352587,0.3073825503355705,51.451606282275485,8517714.4,7755365.44,0.9212666252345817,1.0118267231518105,False,False,0.018983722868114672,-0.07844299581270553,-0.03149796245319669,0.05480264842112326,0.1369343190090182,0.40030663658175314,0.3136536075850295,0.9401459854014599
2026-04-07,1237.800048828125,1255.5,1221.0,1250.0999755859375,1249.1365966796875,9248545,1249.1365966796875,0.003854463706571387,1226.6339904785157,0.01834500460271249,1299.0401513671875,-0.03841571381375586,1281.60859375,-0.025336906469469844,1212.2490509033203,0.030429016008616472,1401.9188232421875,-0.10898079405850603,1401.9188232421875,-0.10898079405850603,0.3436241610738255,57.77385031897313,8677266.7,7814965.8,1.0658362039281333,1.183440239751273,False,False,0.037255192141415705,-0.07338225586350466,-0.03377651704212081,0.07084115261546953,0.13913447426448333,0.4011683574747085,0.3134795164308298,0.9386861313868613
2026-04-08,1300.0999755859375,1335.5999755859375,1300.0999755859375,1333.0,1331.9727783203125,13519723,1331.9727783203125,0.0663147504130539,1227.4933288574218,0.08511610369413769,1300.0014111328126,0.024593332679262447,1282.7127429199218,0.03840301398133539,1212.8432806396484,0.09822332331167782,1401.9188232421875,-0.04989307780325847,1401.9188232421875,-0.04989307780325847,0.6456375838926175,64.60133997945127,8771756.1,8008266.22,1.541278946413022,1.6882209742522771,True,False,0.14785148682853078,0.013071912415939968,0.02894632666443986,0.12927822685599888,0.21065272490925246,0.4627482977123636,0.34198788733595625,0.9941605839416059
2026-04-09,1322.300048828125,1338.5999755859375,1312.800048828125,1318.5,1317.48388671875,6542529,1317.48388671875,-0.01087776855307343,1229.0021606445312,0.07199476852653852,1300.4750439453126,0.01307894592258907,1283.68099609375,0.026332781063100885,1213.3356134033204,0.08583632769444649,1401.9188232421875,-0.06022812100358754,1401.9188232421875,-0.06022812100358754,0.5986577181208054,61.127522010354205,8702569.3,8020123.26,0.7517928067519094,0.8157641457495505,False,False,0.10510433639285455,0.02344167308876366,0.02463472656636423,0.10835574709533358,0.21557364660110379,0.4577837100073426,0.34247953951222215,0.9956204379562044
2026-04-10,1328.800048828125,1358.5999755859375,1326.0999755859375,1350.800048828125,1349.759033203125,6755589,1349.759033203125,0.02449756449375462,1230.8057739257813,0.09664665359663549,1302.3296142578124,0.0364189053416728,1284.9360290527343,0.050448429092753155,1214.006793823242,0.11182164718564858,1401.9188232421875,-0.037205998788455985,1401.9188232421875,-0.037205998788455985,0.702013422818792,61.8045469173274,8725884.9,7977524.06,0.7742010211480098,0.8468277813003551,False,False,0.12763997436168073,0.02745880259683342,0.06194967170223675,0.14785853547788275,0.24667293842596583,0.46019612836728735,0.34496877094367684,0.9985401459854014
2026-04-13,1318.0,1366.9000244140625,1315.300048828125,1353.5999755859375,1352.556884765625,8974851,1352.556884765625,0.0020728526304880646,1235.6920043945313,0.09457444084406408,1303.0850317382813,0.037965176348737195,1286.055166015625,0.05170984924078437,1214.6759893798828,0.11351248941385039,1401.9188232421875,-0.03521026871042665,1401.9188232421875,-0.03521026871042665,0.7154362416107383,69.81081677179414,8831632.05,7702713.94,1.016216589322242,1.165154394919669,False,False,0.08696700568864735,0.07787862273830881,0.0623136541363245,0.15731881175005702,0.24306727070563228,0.42612247507477574,0.34497159735613564,1.0
2026-04-15,1367.0,1384.5,1349.0,1355.5,1354.4554443359375,6789879,1354.4554443359375,0.0014036818648417437,1241.7373413085938,0.09077451348008636,1303.7984814453125,0.038853368531668986,1287.1133508300782,0.05232025094171333,1215.3876245117187,0.11442260643396729,1401.9188232421875,-0.0338560108612298,1401.9188232421875,-0.0338560108612298,0.7288590604026846,70.55313854599153,8687960.0,7529983.46,0.7815274241594115,0.9017123392194012,False,False,0.0843133152420612,0.09801537441350927,0.07408877367698663,0.133076940829844,0.24315804770042582,0.41901276135808496,0.344234625161652,0.997080291970803
2026-04-16,1362.0,1364.5,1343.0,1349.5999755859375,1348.5599365234375,5232398,1348.5599365234375,-0.004352677555510498,1249.3464721679688,0.07941228999775007,1303.51669921875,0.034555167058223146,1287.9547009277344,0.04705540928733609,1216.0343395996094,0.10898178826714977,1401.9188232421875,-0.038061324118145445,1401.9188232421875,-0.038061324118145445,0.6966442953020134,76.2155790787499,8494670.55,7312477.74,0.6159624401207648,0.7155437850262776,False,False,0.012453075973551275,0.12720286044203055,0.039112940128980034,0.12447929713395989,0.2889484316927171,0.39988674701495425,0.33951985069985524,0.9824817518248176
2026-04-17,1353.0,1364.300048828125,1344.0999755859375,1359.0999755859375,1358.0526123046875,4062181,1358.0526123046875,0.007039120415902378,1256.5609069824218,0.08076942769610262,1303.2908715820313,0.04201804978207391,1288.841016845703,0.053700646204116076,1216.7679541015625,0.11611471006190888,1401.9188232421875,-0.03129012194589953,1401.9188232421875,-0.03129012194589953,0.7583892617449665,75.30413846785476,8260589.9,7098551.72,0.4917543479552229,0.5722548993416364,False,False,0.030792578182474495,0.11887706858407299,0.04642738124027024,0.108564446036989,0.2620137080423608,0.39872444917834526,0.33974977172419013,0.9854014598540146
2026-04-20,1359.5,1374.0,1348.0,1354.699951171875,1353.656005859375,4878641,1353.656005859375,-0.00323743454817349,1262.8860290527343,0.07187503441995102,1304.1542041015625,0.03795701582077449,1289.5354809570313,0.049723738392026595,1217.3787493896484,0.11194318657036795,1401.9188232421875,-0.03442625677226885,1401.9188232421875,-0.03442625677226885,0.7261744966442953,71.82356366303524,8219156.1,7023178.58,0.5935695758351639,0.6946485760582781,False,False,0.0028871617528662963,0.10308607257529756,0.04674701970451722,0.09488395265828875,0.27712309485041553,0.3995187489705396,0.33973303789977616,0.983941605839416
2026-04-21,1361.0,1380.300048828125,1354.699951171875,1377.699951171875,1376.6383056640625,5145338,1376.6383056640625,0.016977946912071662,1269.1062316894531,0.08473055390442852,1304.5838745117187,0.05523173523765368,1290.5536950683593,0.06670362567994004,1218.1463879394532,0.1301090897562034,1401.9188232421875,-0.018032797020058,1401.9188232421875,-0.018032797020058,0.8550335570469799,77.83155185089554,8175475.4,6918390.88,0.6293625444705025,0.7437188920438679,False,False,0.017804368281789884,0.09934567150141693,0.053690226077584,0.09445501678305512,0.28993637832511965,0.39795586880593725,0.3407917133690296,0.9927007299270073
2026-04-22,1370.0,1391.0,1366.0,1379.5999755859375,1378.536865234375,3997911,1378.536865234375,0.0013791273731822429,1277.7295837402344,0.07889563079462603,1305.4012451171875,0.05602539479010682,1291.6588427734375,0.06726081189859223,1219.0528094482422,0.13082620748671014,1401.9188232421875,-0.016678539170861262,1401.9188232421875,-0.016678539170861262,0.8657718120805369,90.74277672921416,7962136.05,6864904.08,0.5021153839741284,0.5823695354531451,False,False,0.017779411644097465,0.14299921741872867,0.06656362100174662,0.11087847937275996,0.24081503045459107,0.36644639025414205,0.3399024719476366,0.9883211678832117
2026-04-23,1369.0,1384.199951171875,1365.4000244140625,1369.5999755859375,1368.5445556640625,5671255,1368.5445556640625,-0.00724848919336929,1286.0081970214844,0.06418027414890504,1306.18064453125,0.047745242125520226,1292.6910461425782,0.05867876144716333,1220.0385583496093,0.12172238024619708,1401.9188232421875,-0.02380613415328936,1401.9188232421875,-0.02380613415328936,0.8067114093959732,85.85936957061305,7869764.5,6902999.42,0.7206384638320499,0.8215638818639797,False,False,0.01481922946053471,0.13763597631964042,0.0659195578082048,0.09209793418257162,0.18037577061593058,0.3684307447437584,0.3399645970946375,0.9897810218978103
2026-04-24,1369.0,1375.0,1350.0,1365.9000244140625,1364.847412109375,3648313,1364.847412109375,-0.0027015149337930033,1295.765673828125,0.053313449859463624,1306.6662719726562,0.04452639620741383,1293.4474633789061,0.055201274695726,1220.9958380126952,0.11781495859217173,1401.9188232421875,-0.02644333646015129,1401.9188232421875,-0.02644333646015129,0.7919463087248322,84.28567510764175,7717307.85,6858434.2,0.4727442614590009,0.5319454694192444,False,False,0.005003340624010422,0.16683755706565262,0.054911920450072316,0.09596403465969128,0.1480242767547577,0.34760317781503935,0.3397946777888265,0.9868613138686131
2026-04-27,1325.0,1327.300048828125,1299.9000244140625,1324.199951171875,1323.179443359375,10768267,1323.179443359375,-0.030529397191442875,1302.3356079101563,0.0160049647131022,1306.3225341796874,0.012904094309506009,1293.8161779785157,0.022695082872388417,1221.7657440185546,0.08300584611846862,1401.9188232421875,-0.056165434529735214,1401.9188232421875,-0.056165434529735214,0.6214765100671141,66.4855388755987,7841986.15,6992248.82,1.3731555748794582,1.5400291490198998,False,False,-0.022514259433770833,0.11025407177334001,0.05262316614929663,0.06037788416407053,0.0836725885916858,0.37052328091122566,0.34060381402516987,0.9912408759124087
2026-04-28,1312.0,1321.4000244140625,1285.5,1289.0,1288.0067138671875,9939787,1288.0067138671875,-0.02658197999425438,1305.6780334472655,-0.013534209144517861,1304.969580078125,-0.012998667915249063,1293.9091076660156,-0.004561675749755745,1222.3223150634765,0.053737380062720996,1401.9188232421875,-0.08125442606695155,1401.9188232421875,-0.08125442606695155,0.4791946308724832,57.21172705126916,7856685.95,7081464.6,1.2651373700383175,1.403634355525833,False,False,-0.06438262790756855,0.054741892222579525,-0.02036779875675987,0.04069113953614978,0.060241328261037896,0.3799100655710851,0.33212553474435325,0.9795620437956204
2026-04-29,1295.0,1309.199951171875,1279.0,1296.4000244140625,1295.4010009765625,6228275,1295.4010009765625,0.005740876215756696,1310.234521484375,-0.011321271317906834,1303.95236328125,-0.006558032751418086,1294.115948486328,0.0009929964094310684,1222.9283477783204,0.059261569436919403,1401.9188232421875,-0.07598002145322758,1401.9188232421875,-0.07598002145322758,0.5020134228187919,40.57673895457022,7694134.65,7128704.66,0.8094834940274928,0.8736895827579424,False,False,-0.060307320286046906,0.07567212244016708,-0.017729951580371828,0.05158990676636299,0.07507494273554416,0.3747720392856617,0.33228166728461256,0.981021897810219
2026-04-30,1288.0,1288.0,1257.300048828125,1268.300048828125,1267.3226318359375,16481853,1267.3226318359375,-0.02167542646598053,1315.5803955078125,-0.036681729095885074,1302.5194677734376,-0.027022118907494286,1294.2188696289063,-0.020781830974756832,1223.442451171875,0.03586615833219753,1401.9188232421875,-0.09600854855131502,1401.9188232421875,-0.09600854855131502,0.4214765100671141,37.92110110188967,7591482.95,7375289.32,2.1710979407521425,2.2347398569579098,True,True,-0.07396319207087032,0.09213806086846477,-0.06995668926340393,0.028045739038024875,0.051597942812088515,0.3569476556301851,0.32777776552618465,0.9781021897810219
2026-05-01,1268.300048828125,1268.300048828125,1268.300048828125,1268.300048828125,1267.3226318359375,0,1267.3226318359375,0.0,1319.3375,-0.03942499031829427,1301.2404541015626,-0.026065760681444172,1294.1948889160155,-0.02076368660564376,1223.9600524902344,0.03542810017163456,1401.9188232421875,-0.09600854855131502,1401.9188232421875,-0.09600854855131502,0.4214765100671141,26.49574791398237,7261698.2,7282798.34,0.0,0.0,False,False,-0.07145471311163842,0.06302911949744128,-0.07450382280948642,0.03399649999706189,0.08838540216997615,0.3469131672932684,0.3275538403324896,0.9766423357664233
2026-05-04,1268.300048828125,1294.4000244140625,1264.5,1275.0999755859375,1274.1173095703125,9759479,1274.1173095703125,0.005361442748427647,1323.1945190429688,-0.03708994313863423,1299.577734375,-0.019591305799750547,1294.1459265136718,-0.015476320353852935,1224.5136248779297,0.04050888751632109,1401.9188232421875,-0.09116185013930489,1401.9188232421875,-0.09116185013930489,0.44563758389261743,28.133688052589918,7274595.0,7376344.58,1.3415838270034277,1.323077968247519,False,False,-0.03707897219480705,0.06444600477174611,-0.02775457082739008,0.03793243832907267,0.06991076157564047,0.34698353355560413,0.3159178771753393,0.9693430656934306
2026-05-05,1268.0,1273.699951171875,1252.0,1259.699951171875,1258.729248046875,10163714,1258.729248046875,-0.012077429140827767,1323.91396484375,-0.04923636922627983,1297.62923828125,-0.029977738699768608,1293.9181018066406,-0.027195580393096774,1224.9427935791016,0.027582067215607964,1401.9188232421875,-0.10213827849472845,1401.9188232421875,-0.10213827849472845,0.3919463087248322,25.1813319981745,7390426.4,7489357.56,1.37525407194367,1.3570875630619512,False,False,-0.02273083323642633,0.011563489220137058,-0.0711546298368102,0.0301766589159973,0.061885360362030406,0.3230894929666981,0.308553632651124,0.910948905109489
2026-05-06,1275.0,1301.0,1255.199951171875,1294.199951171875,1293.20263671875,7277673,1293.20263671875,0.027387453437954346,1326.1172668457032,-0.02482030130355195,1295.9745141601563,-0.0021388363822899548,1294.121943359375,-0.0007103709548720305,1225.5498254394531,0.05520200800896702,1401.9188232421875,-0.07754813240328129,1401.9188232421875,-0.07754813240328129,0.49530201342281877,37.49999310894971,7291882.8,7523789.5,0.9980512851907055,0.967288226232273,False,False,-0.0016970530794365724,0.035277198791704434,-0.033241198195430144,0.06343467228054345,0.09308529847429092,0.33658793016593075,0.3129565104548256,0.9357664233576642
2026-05-07,1299.0,1308.0999755859375,1281.199951171875,1292.699951171875,1291.7037353515625,6785048,1291.7037353515625,-0.0011590614839687152,1324.1038146972655,-0.024469440376252316,1294.6974975585938,-0.0023123256302546302,1294.289813232422,-0.0019980670900907604,1226.1833361816407,0.053434423088764005,1401.9188232421875,-0.07861731083382772,1401.9188232421875,-0.07861731083382772,0.4899328859060403,34.456911274022545,6955149.05,7604596.38,0.9755431481371345,0.8922298648018451,False,False,0.019238276744339977,-0.030232632095928746,-0.028483433752223508,0.05742329221079401,0.09329453323648806,0.235465449602761,0.3127379484845148,0.9343065693430657
2026-05-08,1280.0,1282.0,1264.5999755859375,1268.300048828125,1267.3226318359375,6358595,1267.3226318359375,-0.01887515135890605,1321.595751953125,-0.04106635484941579,1292.6990380859374,-0.01963056017089182,1294.1868933105468,-0.020757636793778844,1226.682451171875,0.033130155750771495,1401.9188232421875,-0.09600854855131502,1401.9188232421875,-0.09600854855131502,0.4214765100671141,31.506844300338614,6945952.35,7655937.56,0.9154389030612916,0.8305442606039227,False,False,0.0,-0.03807352438119094,-0.05463618055026276,0.03822859534373002,0.0819842280262062,0.24135929810709936,0.31450727935691325,0.9532846715328467
2026-05-11,1258.699951171875,1283.0,1251.699951171875,1272.300048828125,1271.319580078125,7341360,1271.319580078125,0.0031538521776395267,1317.673779296875,-0.03517881280409563,1290.412802734375,-0.014796212976027179,1294.1828979492188,-0.01766621851310457,1227.2445178222656,0.03591383918672553,1401.9188232421875,-0.09315749314359623,1401.9188232421875,-0.09315749314359623,0.43288590604026844,25.442675733940845,6975240.9,7679561.7,1.052488380723883,0.9559608069819922,False,False,-0.0021958178192642563,-0.05811367154836122,-0.051513344694912644,0.03844281986135756,0.09642448329194009,0.2215604252758497,0.31460677934831655,0.9576642335766423
2026-05-12,1270.4000244140625,1274.0,1256.9000244140625,1260.0999755859375,1259.12890625,5727828,1259.12890625,-0.009588992428934295,1313.0023803710938,-0.04103075129678557,1287.8647680664062,-0.022312794424487636,1293.9230981445312,-0.02689046354024105,1228.0478979492189,0.02530928016137235,1401.9188232421875,-0.10185319907607793,1401.9188232421875,-0.10185319907607793,0.3932885906040268,23.43261124630628,6812889.75,7636348.42,0.840733992502961,0.75007420889787,False,False,0.0003175092687686121,-0.06907508258465189,-0.07120215251495177,0.014900108222201114,0.08600428599013554,0.2219582776546896,0.31410126844046077,0.945985401459854
2026-05-13,1256.0999755859375,1275.300048828125,1247.5,1255.699951171875,1254.7322998046875,6045406,1254.7322998046875,-0.0034917842196210414,1308.0162231445313,-0.040736439194727136,1284.9210375976563,-0.023494624891044702,1293.6323217773438,-0.030070385006468414,1228.8277966308594,0.02108066178585144,1401.9188232421875,-0.10498933390244725,1401.9188232421875,-0.10498933390244725,0.374496644295302,24.03098400106957,6775666.1,7669669.08,0.8922231277010537,0.7882225343678061,False,False,-0.029748112029583718,-0.07362600589651902,-0.06798791902164714,0.004881592564704773,0.07214905827839568,0.22120885718105446,0.3139049249023698,0.9430656934306569
2026-05-14,1256.5999755859375,1269.0,1235.800048828125,1254.5999755859375,1253.6331787109375,5822618,1253.6331787109375,-0.0008759805529203746,1303.2698852539063,-0.03808628366587208,1282.1052099609376,-0.022207250254343447,1293.9820520019532,-0.031181941997256435,1229.6101934814453,0.019537073909150715,1401.9188232421875,-0.10577334584060505,1401.9188232421875,-0.10577334584060505,0.36778523489932885,24.31931457061725,6805177.1,7606530.5,0.8556159398114709,0.7654761918065011,False,False,-0.029473133504768656,-0.07039120415902267,-0.06373137094679548,-0.00853490612095631,0.09084552357438502,0.22142194710750548,0.31376869682054565,0.9416058394160584
2026-05-15,1259.5999755859375,1263.4000244140625,1242.0,1244.800048828125,1243.8408203125,4805485,1243.8408203125,-0.007811183179202819,1297.5592956542969,-0.04139963046136497,1279.3253564453125,-0.02773691301750525,1294.182899169922,-0.038898735943513785,1230.3096545410156,0.010998178971888484,1401.9188232421875,-0.11275831403996983,1401.9188232421875,-0.11275831403996983,0.30604026845637583,28.51732517491763,6842342.3,7585833.86,0.702315784464627,0.6334814456376717,False,False,-0.018528676860619098,-0.08409968138006374,-0.06567584139472327,-0.020151076579053018,0.03563095819359985,0.21825446886786395,0.31393325430047064,0.9445255474452555
2026-05-18,1239.0,1242.0,1222.0999755859375,1237.9000244140625,1236.946044921875,6052023,1236.946044921875,-0.005543133235402897,1291.7237976074218,-0.042406707058434745,1276.6394262695312,-0.031092084836862877,1294.2638366699218,-0.044286018139487515,1231.0231042480468,0.004811396840066706,1401.9188232421875,-0.11767641291724973,1401.9188232421875,-0.11767641291724973,0.276510067114094,33.674093074557845,6901011.4,7604224.1,0.8769762356862647,0.7958764655555062,False,False,-0.027037682495331117,-0.08621833053029315,-0.08864023490687112,-0.036803610562301525,0.03800096966910682,0.21826007133504727,0.3111474978618527,0.9211678832116789
2026-05-19,1238.5,1249.800048828125,1231.300048828125,1238.300048828125,1237.3458251953125,9200314,1237.3458251953125,0.0003231994435639596,1284.7591735839844,-0.03690446378087098,1274.3811694335936,-0.029061433993678443,1294.3407788085938,-0.044033962729462695,1231.783518676758,0.004515652656669644,1401.9188232421875,-0.1173912464248612,1401.9188232421875,-0.1173912464248612,0.2778523489932886,30.568575537687124,7103760.2,7671583.32,1.2951329635254298,1.1992718603491619,False,False,-0.01730011990556468,-0.10118306304251656,-0.08760673413135689,-0.02939329522277445,0.03668617956922704,0.20416758408444782,0.31116468298123745,0.9226277372262773
2026-05-20,1234.0,1254.0999755859375,1226.5999755859375,1249.800048828125,1248.8369140625,3562641,1248.8369140625,0.00928688539064959,1278.2741760253907,-0.023028910788467694,1272.3967016601562,-0.0185160709446327,1294.5066516113282,-0.03527964687704077,1232.6638403320312,0.013120425213505316,1401.9188232421875,-0.10919456008562478,1401.9188232421875,-0.10919456008562478,0.3409395973154362,43.03988410454491,7081996.7,7621686.16,0.5030560096137859,0.4674347546212792,False,False,-0.0046985207467004075,-0.094085225025755,-0.09237469338007931,-0.015130005024241777,0.03454482077464305,0.20942996089163984,0.31019370554385234,0.9153284671532846
2026-05-21,1256.9000244140625,1262.699951171875,1244.800048828125,1253.300048828125,1252.334228515625,5171528,1252.334228515625,0.0028004573005038225,1272.4636596679688,-0.015819258176375972,1271.147666015625,-0.014800355617982763,1294.78943359375,-0.0327892736661346,1233.6086120605469,0.015179544202273298,1401.9188232421875,-0.10669989748808806,1401.9188232421875,-0.10669989748808806,0.361744966442953,44.50147645332357,7057010.35,7492518.02,0.732821371021512,0.690225633918462,False,False,-0.0010361485459791098,-0.08491526758662848,-0.07614620580127174,-0.010266135779182117,0.0376994278003846,0.2109328636297103,0.3090450790334845,0.9124087591240876
2026-05-22,1254.0999755859375,1288.800048828125,1254.0999755859375,1285.4000244140625,1284.409423828125,5016900,1284.409423828125,0.02561232822847792,1268.4417602539063,0.012588408923893013,1271.0897094726563,0.010478972692647082,1295.3799780273437,-0.008468985460100331,1234.6682946777344,0.04028703852266147,1401.9188232421875,-0.08382040205601993,1401.9188232421875,-0.08382040205601993,0.4657718120805369,53.18492775521768,7125439.7,7434330.72,0.7040828652300573,0.674828735625579,False,False,0.03261559104116918,-0.05893551730953783,-0.06058617508755881,-0.0037203253843109962,0.06958630475032979,0.23627632359897247,0.31326821491405665,0.9372262773722628
2026-05-25,1300.4000244140625,1314.5,1293.9000244140625,1311.199951171875,1310.189453125,5671455,1310.189453125,0.020071504318333933,1267.7922607421874,0.03344175043156716,1271.0197631835938,0.03081753020369704,1296.2093383789063,0.010785383450159225,1235.881358642578,0.06012558888665298,1401.9188232421875,-0.06543129929951785,1401.9188232421875,-0.06543129929951785,0.5691275167785235,64.96220779183903,6870599.1,7421974.28,0.8254673162344751,0.76414371514098,False,False,0.05921309866652358,-0.009817255172431594,-0.054445863005955775,0.018565903372120385,0.09744136222919075,0.2259179505156841,0.31484969457499784,0.962043795620438
2026-05-26,1309.800048828125,1317.0,1291.5,1299.300048828125,1298.298828125,6455265,1298.298828125,-0.009075500471812714,1268.306866455078,0.023647243788681438,1271.8890942382814,0.02076417983797163,1296.8818212890626,0.0010926260301258317,1237.0649462890624,0.04949932662761691,1401.9188232421875,-0.07391297798366658,1401.9188232421875,-0.07391297798366658,0.5167785234899329,51.705729400747536,6696373.0,7413881.42,0.9639942398668653,0.8706997906098153,False,False,0.04926108908967808,0.007990730286576486,-0.06363495259348118,0.015316237181776549,0.08566577831711175,0.206738321774501,0.31529687546199875,0.9664233576642336
2026-05-27,1296.300048828125,1314.5,1293.0999755859375,1304.0999755859375,1303.094970703125,7243174,1303.094970703125,0.0036941746185288338,1268.6915649414063,0.027117233780385108,1273.28001953125,0.023415863529258285,1297.462373046875,0.004341241621537595,1238.2415386962891,0.05237542917120863,1401.9188232421875,-0.07049185081238496,1401.9188232421875,-0.07049185081238496,0.536241610738255,53.73038506710672,6747117.95,7365478.5,1.0735211765491663,0.9833949009558578,False,False,0.04344687126850055,0.005939450194003548,-0.07049185081238496,0.02226223825544915,0.09820313646109802,0.2061741922797681,0.3144572358420935,0.9503649635036496
2026-05-28,1304.0999755859375,1304.0999755859375,1304.0999755859375,1304.0999755859375,1303.094970703125,0,1303.094970703125,0.0,1270.4801818847657,0.02567122988882442,1275.4143725585936,0.02170321954973864,1297.8091052246093,0.004072914465799604,1239.4071392822266,0.051385722578443316,1401.9188232421875,-0.07049185081238496,1401.9188232421875,-0.07049185081238496,0.536241610738255,63.94082427007941,5923025.3,7183514.76,0.0,0.0,False,False,0.040532903303031276,0.02822670247383252,-0.06549625732921094,0.036645453297148745,0.07860045456005937,0.18907341853321002,0.31433436404719606,0.9474452554744526
2026-05-29,1296.0999755859375,1312.5999755859375,1277.4000244140625,1286.5999755859375,1285.6085205078125,15215715,1285.6085205078125,-0.013419167895243445,1271.3944763183595,0.011179885121581856,1276.8512646484376,0.0068584776487543575,1297.9310107421875,-0.00949394854764174,1240.4843084716797,0.036376286042447026,1401.9188232421875,-0.08296507672633047,1401.9188232421875,-0.08296507672633047,0.47114093959731546,55.03876302683065,6683811.05,7312953.18,2.276502864335161,2.0806525934848117,True,True,0.0009335782324872977,0.014428755718963737,-0.07030851932686055,0.012512844237090759,0.05966070991609418,0.1963091207516202,0.3150196688764818,0.964963503649635
2026-06-01,1289.0,1293.199951171875,1267.0,1275.9000244140625,1274.916748046875,4311076,1274.916748046875,-0.008316507156248654,1271.4344482421875,0.002738874827170168,1277.8065283203125,-0.002261516285439691,1298.0209411621095,-0.01779955344522366,1241.4820391845703,0.026931286806424648,1401.9188232421875,-0.09059160422826584,1401.9188232421875,-0.09059160422826584,0.44966442953020136,55.62680876315841,6411390.9,7285028.36,0.6724088528122657,0.5917720270892672,False,False,-0.02692183561239503,0.0006274449538967719,-0.07024709479980762,-0.0032030948838955853,0.06807500166181746,0.19807939988771392,0.31501315911412564,0.9635036496350365
2026-06-02,1263.0,1275.800048828125,1244.9000244140625,1251.0999755859375,1250.1358642578125,11884695,1250.1358642578125,-0.019437256453824103,1271.0047790527344,-0.016419226063394743,1277.764560546875,-0.021622681628638674,1297.6742077636718,-0.036633496467332716,1242.4462957763672,0.00618905501797995,1401.9188232421875,-0.10826800843814177,1401.9188232421875,-0.10826800843814177,0.34630872483221475,48.56965296971558,6497439.95,7402343.22,1.8291350272502325,1.6055314711548867,True,False,-0.03709697861835426,-0.006827031152566443,-0.07415083137915113,-0.0244834706020417,0.04810354301347575,0.20566059153743094,0.31592642577301633,0.9722627737226277
2026-06-03,1245.0999755859375,1264.800048828125,1230.300048828125,1255.199951171875,1254.232666015625,7953326,1254.232666015625,0.003277085215249498,1269.0562805175782,-0.011680817257298859,1278.7278173828124,-0.0191558758902437,1297.2885046386718,-0.03318910055018098,1243.3550946044923,0.008748563832114975,1401.9188232421875,-0.10534572671262943,1401.9188232421875,-0.10534572671262943,0.3718120805369127,50.183135430720654,6531222.6,7396115.78,1.2177392330801893,1.0753382230043997,False,False,-0.03749711708359582,-0.0301344658575734,-0.06960195810857428,-0.014602094250378062,0.04541295885164742,0.1787080203175433,0.31605060817828184,0.9751824817518249
2026-06-04,1246.0,1259.9000244140625,1244.0999755859375,1253.300048828125,1252.334228515625,6392593,1252.334228515625,-0.0015136246658531416,1267.0878051757813,-0.011643689253334366,1279.7150561523438,-0.021396034613395343,1296.8668298339844,-0.03433860770736208,1244.270888671875,0.006480373299062592,1401.9188232421875,-0.10669989748808806,1401.9188232421875,-0.10669989748808806,0.361744966442953,52.72610301031858,6511599.85,7373593.92,0.9817238692884361,0.8669575609067444,False,False,-0.03895398518813287,-0.030478743506321404,-0.04749957918346648,-0.01771293660220996,0.05214825319725058,0.17870430380179778,0.31218062170144384,0.9313868613138686
2026-06-05,1260.0,1276.0,1252.0999755859375,1272.300048828125,1271.319580078125,7825303,1271.319580078125,0.015159971779261427,1267.2876525878905,0.003181540893262058,1281.747490234375,-0.008135697737424952,1296.721942138672,-0.01958967550024726,1245.3015942382813,0.02089291940219362,1401.9188232421875,-0.09315749314359623,1401.9188232421875,-0.09315749314359623,0.43288590604026844,60.23814891033239,6584935.25,7396151.06,1.1883644565829254,1.0580236850922295,False,False,-0.011114534636129658,0.0031538521776395267,-0.012419467758228775,-0.004927185261458744,0.06613144353008948,0.17559028708185173,0.3109205085568886,0.9182481751824818
2026-06-08,1262.0,1279.199951171875,1262.0,1268.0999755859375,1267.1226806640625,5034388,1267.1226806640625,-0.003301215115246281,1267.0778076171875,3.5414594593330406e-05,1283.2543286132814,-0.012570889175687494,1296.6829711914063,-0.022796852572362747,1246.3003240966798,0.016707334632585225,1401.9188232421875,-0.09615117533437845,1401.9188232421875,-0.09615117533437845,0.4174496644295302,58.672854079084345,6469586.65,7331344.8,0.7781622339040779,0.6866936608956109,False,False,-0.006113393203715289,-0.003301215115246281,-0.03544534973120472,-0.0036143480807067085,0.07421383400473403,0.1756525017955504,0.3080261182730782,0.9051094890510949
2026-06-09,1275.9000244140625,1298.4000244140625,1271.5,1292.4000244140625,1291.404052734375,7533504,1291.404052734375,0.019162605516292563,1268.6915649414063,0.017902292740487713,1284.6592456054686,0.005250269401772423,1296.8648315429687,-0.004210754024454921,1247.348515625,0.03531934864836117,1401.9188232421875,-0.07883107686094648,1401.9188232421875,-0.07883107686094648,0.4885906040268456,61.53848190095257,6559870.45,7289099.06,1.1484226795972776,1.033530198723901,False,False,0.033010962773284414,0.02563291679205304,0.029144753494936504,0.004898546792947878,0.10461537304951918,0.18449474547371744,0.2963313318904526,0.8510948905109489
2026-06-10,1283.5,1326.5,1283.5,1314.5,1313.487060546875,12262606,1313.487060546875,0.017099998846791697,1271.6293029785156,0.032916634958251256,1286.8435620117189,0.020704535750642794,1297.3894274902343,0.012407710989121634,1248.5041247558593,0.052048635244775765,1401.9188232421875,-0.06307908933756823,1401.9188232421875,-0.06307908933756823,0.5879194630872483,65.05908636179996,6870730.45,7344765.16,1.784760163309856,1.6695708757010823,True,False,0.04724354271483455,0.04682653084752286,0.06480356559884681,0.023116446741176633,0.13513673752071664,0.19169540778143557,0.2959070679895632,0.8481751824817518
2026-06-11,1308.800048828125,1339.5,1307.300048828125,1317.300048828125,1316.284912109375,8196686,1316.284912109375,0.002130094499244617,1274.7618896484375,0.032573159582288014,1289.9611572265626,0.020406625994389582,1297.5742846679686,0.01441969655417008,1249.6887115478517,0.05329023135612543,1401.9188232421875,-0.061083359259538894,1401.9188232421875,-0.061083359259538894,0.5959731543624162,59.17197756496718,6989433.85,7138001.14,1.172725313080973,1.148316712092876,False,False,0.05106518861945486,0.04997612895253756,0.10022556499148072,0.080108269199332,0.10365463725063129,0.19131903477114462,0.2886044219444789,0.8350364963503649
2026-06-12,1332.0,1358.5,1318.5,1356.300048828125,1355.2548828125,8535670,1355.2548828125,0.029606030081036794,1280.3325927734375,0.05851783392998455,1293.2226440429688,0.04796717646050608,1298.1488415527344,0.04399036491952657,1251.074642944336,0.08327260124382474,1401.9188232421875,-0.033285764950190755,1401.9188232421875,-0.033285764950190755,0.7342281879194631,62.052443945309946,7175943.1,7176800.64,1.1894840693483202,1.1893419405335468,False,False,0.06602218989596387,0.08957260501549436,0.11657206556390465,0.10745505490767582,0.11276267783934824,0.20976020787403485,0.2930735777124329,0.8423357664233576
2026-06-15,1372.0,1378.0,1360.5999755859375,1368.300048828125,1367.24560546875,7522828,1367.24560546875,0.008847577535648687,1286.8475708007813,0.06247673500128581,1296.628017578125,0.05446248803301823,1298.8892712402344,0.05262676021894164,1252.5604974365235,0.09156053401567399,1401.9188232421875,-0.02473268580077237,1401.9188232421875,-0.02473268580077237,0.8,68.42948132292672,7249483.35,7137226.34,1.037705397309451,1.0540268224140417,False,False,0.07901596769794694,0.10533972850457252,0.11416015490942755,0.11261997159363513,0.11086100168823854,0.20693087240189756,0.2928203701656623,0.8408759124087591
2026-06-16,1363.5,1371.5,1349.199951171875,1365.699951171875,1364.6474609375,7709061,1364.6474609375,-0.0019002763811108991,1293.2126525878907,0.055238253512799096,1299.03416015625,0.05050929590131625,1299.4708215332032,0.05015629310352421,1254.0378576660157,0.08820276245674763,1401.9188232421875,-0.026585963243214605,1401.9188232421875,-0.026585963243214605,0.789261744966443,66.64861716613157,7174920.7,7134465.84,1.0744454639059635,1.0805379369508623,False,False,0.05671610527165516,0.1028828264095798,0.08977011109927235,0.10978381873835663,0.11001059650204215,0.20776054136141522,0.2903709999995976,0.8364963503649635
2026-06-17,1364.0999755859375,1365.699951171875,1349.300048828125,1350.9000244140625,1349.8590087890625,4761917,1349.8590087890625,-0.010836829710054174,1298.2637573242187,0.03974173289038285,1301.0486083984374,0.03751620045211812,1300.0443798828126,0.03831763721076986,1255.540698852539,0.07512166672312781,1401.9188232421875,-0.03713468539692433,1401.9188232421875,-0.03713468539692433,0.7033557046979866,61.7117323682468,7234884.5,7044733.28,0.6581883926412371,0.6759541931160238,False,False,0.02769113555412095,0.08089294413786585,0.11922127697992457,0.09544281594822723,0.11472879579336248,0.21441287267651837,0.280372475219762,0.8277372262773722
2026-06-18,1347.5999755859375,1365.9000244140625,1345.0,1360.0999755859375,1359.0518798828125,5186573,1359.0518798828125,0.006810245391477343,1303.5996398925781,0.04253778406597575,1301.5901904296875,0.04414729757156155,1300.79580078125,0.0447849532313791,1257.0805114746095,0.08111761138400464,1401.9188232421875,-0.030577336325535276,1401.9188232421875,-0.030577336325535276,0.7651006711409396,69.19058919594784,7235636.75,6878070.28,0.7168094777560524,0.7540738592162218,False,False,0.032490661694892786,0.08521499208216854,0.1297449584966599,0.11028567832733827,0.1289287411297284,0.21459188955347272,0.2803741900278361,0.8291970802919708
2026-06-19,1356.800048828125,1363.0,1350.5,1357.9000244140625,1356.8536376953125,4640277,1356.8536376953125,-0.0016174821727111821,1307.2218505859375,0.03796737874839562,1302.3775854492187,0.04182815556312258,1301.4263146972655,0.042589674399614585,1258.642807006836,0.07802915183063774,1401.9188232421875,-0.03214536020185088,1401.9188232421875,-0.03214536020185088,0.7463087248322148,72.40438964179118,7216805.6,6840025.24,0.6429821249445877,0.6784005668376744,False,False,0.0011796709999631894,0.056402742399126016,0.16000350651444628,0.10731474496986881,0.11820020323148328,0.1997848073265107,0.27352915359412866,0.8189781021897811
2026-06-22,1361.0,1366.0999755859375,1355.199951171875,1358.5999755859375,1357.552978515625,3153284,1357.552978515625,0.0005154136016471966,1309.5900268554688,0.0366244020468931,1302.5334643554688,0.042240384347730586,1302.4315393066406,0.04232194748472429,1260.1271618652345,0.07731427398658819,1401.9188232421875,-0.0316465147560816,1401.9188232421875,-0.0316465147560816,0.7557046979865771,83.82630957826717,7090897.05,6767979.14,0.44469465256162477,0.465912192513052,False,False,-0.007089162996286924,0.03615013483558105,0.13909623491304157,0.1061716827503616,0.11905280121071438,0.18916807506051722,0.2714482747519728,0.8131386861313868
2026-06-23,1358.5999755859375,1371.9000244140625,1356.0999755859375,1363.5,1362.44921875,5745853,1362.44921875,0.00360666604682236,1312.7975463867188,0.03782127145190062,1302.7313110351563,0.045840540723160794,1302.9081713867188,0.04569857544136058,1261.6624780273437,0.07988407555738686,1401.9188232421875,-0.02815398711953021,1401.9188232421875,-0.02815398711953021,0.7785234899328859,83.90733552928505,7055426.45,6703399.18,0.814387768155389,0.8571551306601437,False,False,-0.0016108498717974928,0.04941111340110038,0.11570246612063029,0.10673703286719793,0.11766189107156988,0.18476357778276517,0.26744923097096435,0.8029197080291971
2026-06-24,1356.0,1386.0999755859375,1356.0,1384.5,1383.43310546875,8343829,1383.43310546875,0.015401591802446823,1316.814453125,0.0505907663647327,1303.3108642578125,0.06147592520573686,1303.5546728515626,0.06127739348473282,1263.3102075195313,0.09508582866996385,1401.9188232421875,-0.01318601153430976,1401.9188232421875,-0.01318601153430976,0.887248322147651,86.68900425115571,7110459.2,6734478.18,1.1734585299357319,1.238971866414155,False,False,0.024872298855719954,0.06165178791402748,0.14877202016341973,0.11115573262102751,0.1381382032794367,0.19037372038821537,0.2667848351395992,0.7985401459854015
2026-06-25,1386.9000244140625,1400.0999755859375,1372.699951171875,1377.199951171875,1376.138671875,7995552,1376.138671875,-0.005272704234787318,1320.4666381835937,0.04216087864816309,1303.8624389648437,0.055432406632970777,1303.6895690917968,0.05557235748512901,1264.942947998047,0.0879057225884663,1401.9188232421875,-0.018389189830240182,1401.9188232421875,-0.018389189830240182,0.8516778523489933,81.38833042117807,7510236.8,6789741.26,1.0646204923924636,1.1775930324626245,False,False,0.012572582581366065,0.05605401203602378,0.18591223957738867,0.08492200539490713,0.1291692809184859,0.19240832440111108,0.2547633088798152,0.7445255474452555
2026-06-26,1377.199951171875,1377.199951171875,1377.199951171875,1377.199951171875,1376.138671875,0,1376.138671875,0.0,1324.993145751953,0.03860059675555605,1304.22416015625,0.055139686808235666,1303.7575158691407,0.055517345154176834,1266.5482098388673,0.08652687768598644,1401.9188232421875,-0.018389189830240182,1401.9188232421875,-0.018389189830240182,0.8516778523489933,83.4868075194477,6749451.05,6708497.64,0.0,0.0,False,False,0.014213054115729262,0.07041813267652297,0.1543039190820965,0.08066534762803101,0.13530765509243126,0.18307502420521662,0.24968623429968897,0.7343065693430657
2026-06-29,1392.5999755859375,1392.5999755859375,1352.199951171875,1356.800048828125,1355.7545166015625,12602010,1355.7545166015625,-0.01481257353640375,1329.0350341796875,0.020104422934469124,1304.2661303710938,0.03947690201524989,1304.210167236328,0.03952150555186895,1268.053549194336,0.0691618800033702,1401.9188232421875,-0.032929372140008684,1401.9188232421875,-0.032929372140008684,0.738255033557047,70.25162060140312,7163997.75,6862965.02,1.759075091836817,1.8362340421778809,True,False,-0.0013247821208635102,0.06340631157173826,0.13264882896416186,0.0709606827940974,0.11198794532343137,0.18994569411988582,0.25217166249015016,0.7386861313868613
2026-06-30,1357.699951171875,1375.0,1343.5999755859375,1345.699951171875,1344.6629638671875,7781221,1344.6629638671875,-0.00818109222470298,1333.7613891601563,0.008173556976256213,1303.6266235351563,0.03147859946335663,1304.1052490234374,0.031100031898591896,1269.5199188232423,0.05919012685803127,1401.9188232421875,-0.04084106613433269,1401.9188232421875,-0.04084106613433269,0.6859060402684564,60.54052849363713,6958824.05,6915682.68,1.1181804488935168,1.1251558754283388,False,False,-0.01305461857810064,0.07561346115407575,0.08062314565676076,0.04658571838880876,0.11007180839512354,0.17587697691905407,0.24067445342419339,0.6058394160583942
2026-07-01,1345.699951171875,1377.699951171875,1345.699951171875,1368.699951171875,1367.6451416015625,3187785,1367.6451416015625,0.017091403832733887,1339.4320129394532,0.02106350183477712,1303.4087890625,0.04928335076309054,1304.4050170898438,0.0484819696974248,1271.0117681884765,0.07602870078127899,1401.9188232421875,-0.024447693455860064,1401.9188232421875,-0.024447693455860064,0.8013422818791947,65.27939885142041,6720547.0,6899480.16,0.474334157621396,0.4620326352239268,False,False,-0.011412162832288186,0.0904237934945673,0.09487236643044561,0.05789139128676046,0.11055503917708442,0.18215086532166486,0.24276968039981625,0.6437956204379562
2026-07-02,1374.0,1375.5,1358.0999755859375,1362.5999755859375,1361.5499267578125,4013561,1361.5499267578125,-0.004456722477449326,1344.8927978515626,0.012385469632121948,1303.268896484375,0.04471911393777073,1304.7247705078125,0.04355336660611031,1272.386707763672,0.07007556621748479,1401.9188232421875,-0.028795459348362806,1401.9188232421875,-0.028795459348362806,0.7758389261744967,52.32812741248247,6601595.4,6866326.28,0.6079683405014491,0.5845281503284461,False,False,-0.010601217315774014,0.08720970469012856,0.022205520201995732,0.051794615107956465,0.1131862740303573,0.1837110075820656,0.20215041529818284,0.20437956204379562
2026-07-03,1373.0,1373.0,1338.4000244140625,1342.0999755859375,1341.065673828125,3500465,1341.065673828125,-0.015044804841248482,1348.3801025390626,-0.005424604454755899,1302.79326171875,0.029377195318682325,1304.7297668457031,0.02784937379812158,1273.569794921875,0.05299739297789374,1401.9188232421875,-0.043407042123401074,1401.9188232421875,-0.043407042123401074,0.6711409395973155,40.89006881318494,6385353.5,6863369.32,0.5482022256089659,0.5100213665902508,False,False,-0.025486528911426998,0.05486118112466576,0.0178991085561635,0.042974774767590374,0.12011927536322031,0.19106512450885263,0.20332435895736142,0.21751824817518248
2026-07-06,1355.699951171875,1371.0,1335.5,1339.5999755859375,1338.567626953125,5154081,1338.567626953125,-0.0018627326936713207,1351.9523498535157,-0.00990029190144237,1303.101025390625,0.027217077472460938,1304.7117797851563,0.025948908941056503,1274.744888305664,0.05006706771916636,1401.9188232421875,-0.045188919100573544,1401.9188232421875,-0.045188919100573544,0.6604026845637584,40.91857380895705,6391338.15,6751085.6,0.806416571778478,0.7634447710157904,False,False,-0.012676992359589856,0.0563836062437304,-0.008291410521951925,0.05314461102050161,0.14271264912100445,0.19052911635591427,0.19704721940355882,0.17518248175182483
2026-07-07,1346.800048828125,1356.9000244140625,1336.199951171875,1341.0,1339.966552734375,6198988,1339.966552734375,0.0010450915987221254,1354.3804748535156,-0.0106424467767815,1304.1402221679687,0.027471225837087943,1304.5549011230469,0.027144623488703612,1275.843041381836,0.050259717906278034,1401.9188232421875,-0.044191054061558876,1401.9188232421875,-0.044191054061558876,0.6671140939597315,46.201034508945774,6324612.35,6676269.62,0.9801372253273357,0.9285107332139171,False,False,-0.0034926306881434277,0.03760441969898998,-0.009308541602249698,0.05242506329215857,0.14196035692561604,0.18050037542798048,0.19701088975883194,0.17372262773722627
2026-07-08,1344.0,1344.0,1304.0,1309.5,1308.4908447265625,6917968,1308.4908447265625,-0.023489920657782326,1354.1306640625,-0.033704147278530994,1304.4020190429687,0.0031346361197706063,1304.1771911621095,0.003307567095702124,1276.759833984375,0.024852763924413823,1401.9188232421875,-0.06664293036565139,1401.9188232421875,-0.06664293036565139,0.5570469798657718,33.420673842838326,6057380.45,6690063.48,1.1420725604250266,1.034066122194703,False,False,-0.04325266479997003,-0.003803780006962798,-0.03393585208106309,0.0376386559315538,0.11913514536119596,0.1923087294430252,0.20273244825149872,0.2145985401459854
2026-07-09,1312.9000244140625,1321.5999755859375,1292.199951171875,1297.5999755859375,1296.5999755859375,5609851,1296.5999755859375,-0.009087468352222072,1353.146417236328,-0.04178885664559584,1304.9875659179688,-0.006427333524922307,1303.7535168457032,-0.005486881659251819,1277.5821997070314,0.01488575520484492,1401.9188232421875,-0.07512478319727622,1401.9188232421875,-0.07512478319727622,0.5114093959731544,31.423235802417096,5928038.7,6472623.44,0.9463249624196953,0.8667043667845444,False,False,-0.047702952271854504,-0.014954920733606158,-0.03852996038978573,-0.0009240402947033877,0.10190212838575574,0.19467485697921852,0.2033485362394487,0.21897810218978103
2026-07-10,1304.0,1326.5999755859375,1303.9000244140625,1323.699951171875,1323.699951171875,3549139,1323.699951171875,0.02090079908700515,1351.568670654297,-0.020619536459757337,1306.1151123046875,0.013463467883897628,1303.677783203125,0.015358218285775882,1278.525576171875,0.035333180533830166,1401.9188232421875,-0.05579415211033223,1401.9188232421875,-0.05579415211033223,0.625503355704698,41.024009425107295,5678712.15,6543606.22,0.6249901221001314,0.5423827291367787,False,False,-0.01294919629601643,-0.023283392696686334,-0.025295530395184174,0.019957445611753943,0.12732600817901973,0.1784912182738546,0.20750692593136996,0.272992700729927
2026-07-13,1315.9000244140625,1329.9000244140625,1313.5,1319.4000244140625,1319.4000244140625,3674483,1319.4000244140625,-0.0032484149855908084,1349.1763916015625,-0.02207003277914865,1307.0207666015624,0.009471355106841939,1303.2992504882814,0.012353858041235677,1279.404985961914,0.03126065545389323,1401.9188232421875,-0.05886132453609938,1401.9188232421875,-0.05886132453609938,0.6093959731543624,38.549474812085,5486294.9,6421906.3,0.6697567423872894,0.572179478856613,False,False,-0.014319487602350134,-0.034994137749145615,-0.025306267838382523,0.020257759264846076,0.13301658350454937,0.17465778693465406,0.20750758133731445,0.27445255474452557
2026-07-14,1320.0999755859375,1323.699951171875,1298.5999755859375,1317.5999755859375,1317.5999755859375,6005505,1317.5999755859375,-0.0013642934627990932,1346.8240173339843,-0.021698485750124452,1308.1981811523438,0.00718682732406184,1302.9137097167968,0.011271863792371217,1280.1434967041016,0.029259593926987515,1401.9188232421875,-0.06014531387862221,1401.9188232421875,-0.06014531387862221,0.6,30.49912096796939,5401117.1,6338742.12,1.1119005362798005,0.9474285096804033,False,False,-0.016691892124318763,-0.03447592634601859,-0.0428858690298074,0.008501805044032418,0.13215096620270317,0.17466089267432736,0.2043488550536796,0.23065693430656933
2026-07-15,1328.0,1348.0,1303.300048828125,1312.300048828125,1312.300048828125,9442403,1312.300048828125,-0.004022409574996888,1344.9460693359374,-0.024273107488935408,1308.5801293945312,0.0028427142901175095,1302.2773217773438,0.007696307755019616,1280.914962158203,0.024502084523270407,1401.9188232421875,-0.06392579436718249,1401.9188232421875,-0.06392579436718249,0.5838926174496645,30.863811737430026,5635141.4,6382036.72,1.6756284057042472,1.4795281528872182,True,False,0.0029111431057498027,-0.027824357741354833,-0.04804863625826106,0.015316693529939807,0.12798423099667633,0.17157817224950597,0.2044197165691598,0.23357664233576642
2026-07-16,1315.0999755859375,1315.5,1299.4000244140625,1307.5999755859375,1307.5999755859375,5001226,1307.5999755859375,-0.0035815538118623147,1342.3734741210938,-0.025904488732484743,1308.8980541992187,-0.0009917339315439477,1301.7977758789064,0.004457066845972912,1281.624457397461,0.020267651759099614,1401.9188232421875,-0.06727839450655271,1401.9188232421875,-0.06727839450655271,0.5543624161073826,30.017972361710676,5625874.05,6346360.28,0.8889687105597396,0.7880463414220158,False,False,0.008483726829494165,-0.03785867563886636,-0.044532404755030175,0.018451596623586974,0.11484779920818955,0.16896473797309045,0.20405878278214962,0.22481751824817517
2026-07-17,1307.0,1333.0,1305.0,1328.5,1328.5,11192836,1328.5,0.015983500156228736,1340.955792236328,-0.00928874188727391,1310.1216015625,0.01402800962565709,1301.4103198242187,0.020815633442525794,1282.5014038085938,0.03586631254734374,1401.9188232421875,-0.05237023857943024,1401.9188232421875,-0.05237023857943024,0.636241610738255,42.07794567121856,5953502.0,6443045.1,1.8800423683405163,1.7371965935796414,True,False,0.0036262363112391505,-0.020896607347770102,-0.026631117725607112,0.026818436906420162,0.13372950578450316,0.18047794313497556,0.2068412794194237,0.2656934306569343
2026-07-20,1275.0,1284.0,1249.0999755859375,1256.0,1256.0,25314148,1256.0,-0.05457282649604822,1335.8781433105469,-0.05979448328467629,1309.8152099609374,-0.04108610859889339,1300.1140063476562,-0.03393087539421513,1283.124766845703,-0.021139617554404855,1401.9188232421875,-0.1040850731319265,1401.9188232421875,-0.1040850731319265,0.37986577181208053,31.00826840440348,7061545.2,6802500.86,3.5847887796568942,3.721300227810629,True,True,-0.048052162529114706,-0.07480590453763725,-0.050771226606132425,-0.0008198031501338576,0.07811011942651547,0.2619236193211548,0.22672979824133901,0.49343065693430654
2026-07-21,1245.0,1267.699951171875,1244.5,1258.199951171875,1258.199951171875,15014867,1258.199951171875,0.0017515534807921451,1330.6656799316406,-0.05445825337848076,1309.796630859375,-0.03939289388280587,1298.8306994628906,-0.03128255923410017,1283.7621270751954,-0.019911925553964482,1401.9188232421875,-0.10251583022327704,1401.9188232421875,-0.10251583022327704,0.3906040268456376,24.265501549681375,7524995.9,6988241.64,1.9953322499484683,2.1485901280311195,True,False,-0.045081986577638844,-0.07651607571383112,-0.02314177587306121,-0.04303822759596454,0.07768766238362668,0.2613147636994067,0.22029523942504003,0.4058394160583942
2026-07-22,1258.199951171875,1258.199951171875,1230.5,1238.4000244140625,1238.4000244140625,8358923,1238.4000244140625,-0.015736709208557076,1323.4140258789062,-0.06423840143932591,1309.4699853515624,-0.05427383730251689,1297.1955114746095,-0.04532507747711079,1284.161094970703,-0.03563499216403576,1401.9188232421875,-0.11663927762233661,1401.9188232421875,-0.11663927762233661,0.28187919463087246,22.796293899387337,7525750.6,7034511.98,1.1107095417166761,1.1882733334971163,False,False,-0.05631335949431282,-0.10483562991326989,-0.04400257257754836,-0.060952360676708506,0.06859379213293781,0.254181153865883,0.22217115570247964,0.42773722627737226
2026-07-23,1230.0999755859375,1239.4000244140625,1219.199951171875,1223.0,1223.0,8240787,1223.0,-0.012435419985839302,1315.7570922851562,-0.07049712506132821,1308.8573217773437,-0.06559715894835272,1295.4812658691405,-0.0559492968202151,1284.375645751953,-0.047786366827299864,1401.9188232421875,-0.12762423920409727,1401.9188232421875,-0.12762423920409727,0.21879194630872484,23.32011100138476,7538012.35,7082875.36,1.093230763942699,1.1634804484262447,False,False,-0.0646986671501184,-0.11128142461569468,-0.03497343985069412,-0.10248350304999065,0.11338412535564157,0.255402959152844,0.219224226360884,0.3883211678832117
2026-07-24,1216.800048828125,1233.9000244140625,1210.5999755859375,1227.300048828125,1227.300048828125,8088828,1227.300048828125,0.003515984323896104,1308.3151611328126,-0.06192323891939011,1308.5265063476563,-0.06207475135238161,1293.9259313964844,-0.051491264647932855,1284.4528186035157,-0.04449581093802135,1401.9188232421875,-0.1245569797045919,1401.9188232421875,-0.1245569797045919,0.2302013422818792,25.059430257553004,7942453.75,7148542.22,1.0184293487387321,1.1315353188191704,False,False,-0.07617610174774181,-0.10815670403628808,-0.03158042159306573,-0.10373138226793344,0.11699402542900605,0.25675532270350704,0.21937676373596102,0.3897810218978102
2026-07-27,1237.0,1237.0,1221.5999755859375,1227.5,1227.5,5967502,1227.5,0.00016291955016689563,1301.9024353027344,-0.05714901000660111,1308.3375854492188,-0.06178648870770087,1292.488505859375,-0.05028168959704915,1284.6608911132812,-0.04449492586619164,1401.9188232421875,-0.12441435292152858,1401.9188232421875,-0.12441435292152858,0.2348993288590604,24.65444861983022,7610728.35,7146851.8,0.7840907894183348,0.8349833139117283,False,False,-0.022691082802547724,-0.09460010277012021,-0.03658792578999959,-0.06332701443962374,0.1188039364994029,0.2551109957991171,0.21904800672761382,0.38686131386861317
2026-07-28,1222.5,1233.9000244140625,1219.699951171875,1223.5,1223.5,6093182,1223.5,-0.0032586558044807035,1295.844287109375,-0.05582791684852251,1308.0606689453125,-0.06464583100223753,1291.220919189453,-0.052447197983722216,1284.879940185547,-0.04777095374115903,1401.9188232421875,-0.12726758517270076,1401.9188232421875,-0.12726758517270076,0.2214765100671141,28.139174315786562,7526326.4,7084709.16,0.8095824810361666,0.8600468787627691,False,False,-0.02757904348951512,-0.09010656731314182,-0.02798794744901567,-0.0971511052451991,0.10829434512807867,0.2548520616316288,0.21780386781817274,0.3722627737226277
2026-07-29,1229.5,1237.0999755859375,1214.4000244140625,1235.4000244140625,1235.4000244140625,10110233,1235.4000244140625,0.009726215295514873,1289.23203125,-0.041755095693475575,1307.7919311523438,-0.055354299880481794,1290.09431640625,-0.04239557627425772,1285.2244384765625,-0.03876709201200623,1401.9188232421875,-0.11877920181071577,1401.9188232421875,-0.11877920181071577,0.26711409395973157,34.259263910622394,7872448.8,7215661.0,1.2842551608592234,1.4011513290327802,False,False,-0.0024224805723978005,-0.0966954900542667,-0.04469725831316762,-0.07645266608621748,0.12898618563329967,0.2477862406383418,0.21109087813325897,0.3182481751824818
2026-07-30,1229.0,1232.199951171875,1220.199951171875,1228.9000244140625,1228.9000244140625,6878684,1228.9000244140625,-0.005261453676174921,1282.5995361328125,-0.041867714907070974,1307.3232470703124,-0.05998762955680237,1289.2354565429687,-0.046799389376625644,1285.4714868164062,-0.04400833700516249,1401.9188232421875,-0.1234157042188706,1401.9188232421875,-0.1234157042188706,0.2389261744966443,22.727282304924472,8015704.95,7249804.12,0.8581508479800021,0.9488096348732799,False,False,0.004824222742487727,-0.097425661547074,-0.048620832485559706,-0.0757193779767028,0.13235233576972383,0.24778129461387915,0.21129844643130755,0.32262773722627736
2026-07-31,1226.199951171875,1239.699951171875,1226.0,1229.5,1229.5,7487936,1229.5,0.0004882216405062145,1277.0212524414062,-0.03721257759066676,1306.22505859375,-0.058738008499354843,1288.657384033203,-0.045906215853940835,1285.675570678711,-0.043693426210980824,1401.9188232421875,-0.12298773679594244,1401.9188232421875,-0.12298773679594244,0.24161073825503357,23.574357049615372,8215078.5,7299224.84,0.9114868470216079,1.0258535891326235,False,False,0.0017925129017761776,-0.08319180484998645,-0.029844517004438575,-0.08285010713521146,0.1460956585530544,0.24554912590669634,0.20790020278734225,0.28029197080291973
2026-08-03,1236.9000244140625,1272.0,1230.5,1272.0,1272.0,6713421,1272.0,0.03456689711264738,1273.69287109375,-0.0013291046312414734,1305.46126953125,-0.02563175967929321,1288.240516357422,-0.012606742414330352,1286.1561047363282,-0.011006521435615535,1401.9188232421875,-0.09267214412723768,1401.9188232421875,-0.09267214412723768,0.4375838926174497,39.18406275389099,8293045.5,7320064.16,0.8095241971119054,0.9171259777591895,False,False,0.03625254582484727,-0.04973049221625625,0.0005352076161944108,-0.05100570741313448,0.19618587915705832,0.2815873875453465,0.21983164540949912,0.39854014598540144
2026-08-04,1264.0,1264.0,1244.0,1261.800048828125,1261.800048828125,5694891,1261.800048828125,-0.00801882953763755,1269.7845458984375,-0.006288072331722239,1304.7312939453125,-0.032904280993651835,1288.3101940917968,-0.020577455169762393,1286.6216119384765,-0.019292045835414107,1401.9188232421875,-0.0999478515382316,1401.9188232421875,-0.0999478515382316,0.4,38.2939241002052,8267840.65,7304856.68,0.6888002854772001,0.7796033857299443,False,False,0.03130367701522263,-0.05833466794133113,0.002121421059326112,-0.06923178120144025,0.17653327032183452,0.28195616735606194,0.21955933203124606,0.3927007299270073
2026-08-05,1260.0,1263.0,1246.199951171875,1253.9000244140625,1253.9000244140625,4295407,1253.9000244140625,-0.006260916237401881,1267.0550048828125,-0.01038232785321469,1303.7473950195313,-0.03823391770207296,1288.5137072753905,-0.026863263204642163,1286.9142211914063,-0.02565376637673622,1401.9188232421875,-0.1055830026490443,1401.9188232421875,-0.1055830026490443,0.3691275167785235,37.734130852295415,8136712.6,7245901.34,0.5279044758198784,0.5928050629516299,False,False,0.014974906616805672,-0.04172044499394867,-0.000663309130365497,-0.06860613114457104,0.1745292597821897,0.2716728438999564,0.21982760390177197,0.3970802919708029
2026-08-06,1256.0999755859375,1259.9000244140625,1248.300048828125,1256.0,1256.0,4845792,1256.0,0.0016747551998164134,1265.0250061035156,-0.007134251149164328,1302.8054956054686,-0.03592669493899869,1289.1099340820313,-0.025684337081467556,1287.197846069336,-0.02423702476243539,1401.9188232421875,-0.1040850731319265,1401.9188232421875,-0.1040850731319265,0.37986577181208053,31.8840447091235,8098509.65,7342817.18,0.5983560197400024,0.6599363542917461,False,False,0.022052221537597116,-0.031312645650475424,0.0018879695665809937,-0.06196372426899843,0.1831406613760933,0.2706264242891262,0.21984219647006675,0.4
2026-08-07,1252.0999755859375,1256.0,1238.0,1238.0,1238.0,3628823,1238.0,-0.014331210191082855,1260.740008544922,-0.018037032529147123,1301.8533251953124,-0.049048017898431606,1289.352294921875,-0.03982797806629457,1287.2625701904296,-0.03826924772864482,1401.9188232421875,-0.11692461826220146,1401.9188232421875,-0.11692461826220146,0.28053691275167786,43.818675099811024,8102493.85,7111079.34,0.44786494962905776,0.5103055143243558,False,False,0.006913379422529564,-0.06474273198847258,-0.004695794041421286,-0.07006323521145785,0.1594186727790814,0.2607506517370822,0.22124922715073,0.41897810218978104
2026-08-10,1235.0,1250.0,1235.0,1247.300048828125,1247.300048828125,3661847,1247.300048828125,0.007512155757774641,1257.135009765625,-0.007823313217037553,1301.3009912109376,-0.041497657150450284,1289.553759765625,-0.03276614923380905,1287.3173376464845,-0.03108579963004332,1401.9188232421875,-0.1102908184487309,1401.9188232421875,-0.1102908184487309,0.33288590604026846,46.43094111684379,8101862.05,7098094.76,0.45197597507846976,0.5158915348151819,False,False,-0.01941820060681998,-0.05464603172033189,0.008370618871176294,-0.08101158965875166,0.16572837644722327,0.2635132121931566,0.2214654123597938,0.42043795620437957
2026-08-11,1242.0,1243.0,1225.4000244140625,1229.800048828125,1229.800048828125,5843702,1229.800048828125,-0.01403030491054802,1252.7450134277344,-0.018315750095726058,1300.8942749023438,-0.054650272082683804,1289.3294177246094,-0.046170798616804176,1287.1771881103516,-0.04457594479782501,1401.9188232421875,-0.12277370954760924,1401.9188232421875,-0.12277370954760924,0.24295302013422818,47.140966027285636,8093771.9,6977274.9,0.7219998379247629,0.8375335763250491,False,False,-0.025360594992621444,-0.06663625408672902,-0.006098356832453411,-0.09317083383815139,0.1491582344487561,0.2664974040086202,0.22338626914917492,0.4408759124087591
2026-08-12,1230.0,1234.9000244140625,1216.9000244140625,1230.0,1230.0,7218881,1230.0,0.00016258835903082414,1248.6300109863282,-0.014920361373992441,1300.4096215820311,-0.05414418688810785,1289.5687194824218,-0.04619274535934004,1287.1224731445313,-0.04437998274164001,1401.9188232421875,-0.12263108276454593,1401.9188232421875,-0.12263108276454593,0.2442953020134228,52.58875833139212,7982595.8,6962586.0,0.9043275121107849,1.0368103173160088,False,False,-0.019060550242217866,-0.06271435324689534,-0.015083566036835805,-0.1060649196291843,0.143791725145628,0.2667621783067849,0.22254643868205906,0.4306569343065693
2026-08-13,1224.5,1224.800048828125,1215.5999755859375,1221.800048828125,1221.800048828125,5284300,1221.800048828125,-0.006666626969004108,1244.3400146484375,-0.0181139926024807,1299.7989379882813,-0.06000842659625216,1289.7569970703125,-0.052689730233332344,1286.9658056640626,-0.05063518902300024,1401.9188232421875,-0.1284801740499537,1401.9188232421875,-0.1284801740499537,0.21610738255033557,48.02300295040131,7996749.5,6940420.14,0.6608059937353296,0.7613804198314715,False,False,-0.027229260487161677,-0.06561634166394459,-0.024381813570401034,-0.09867143677773282,0.15560191773151177,0.26706108593715044,0.22285474556654433,0.43795620437956206
2026-08-14,1216.0,1218.699951171875,1208.5999755859375,1217.4000244140625,1217.4000244140625,5557745,1217.4000244140625,-0.003601263904255636,1238.7850158691406,-0.017262875463563976,1298.720546875,-0.06261587425917925,1290.2340185546875,-0.05645021995483679,1286.826107788086,-0.05395141033729822,1401.9188232421875,-0.13161874694099074,1401.9188232421875,-0.13161874694099074,0.20671140939597316,46.47593135096042,7714994.95,6895068.98,0.720382195454321,0.806046323266805,False,False,-0.016639721798010876,-0.08362813367402144,-0.05217137010280104,-0.1095966814267536,0.13513360008504738,0.2572192810597719,0.21628375982241074,0.36642335766423356
2026-08-17,1220.0,1235.0,1213.5999755859375,1227.300048828125,1227.300048828125,6068014,1227.300048828125,0.008132104662004869,1237.3500183105468,-0.008122171846042248,1297.9240942382812,-0.05441307833306208,1290.5892114257813,-0.04903896765705751,1286.7234197998048,-0.0461819300537214,1401.9188232421875,-0.1245569797045919,1401.9188232421875,-0.1245569797045919,0.2302013422818792,51.273475225118354,6752688.25,6915741.5,0.8986071584157613,0.8774205918483217,False,False,-0.016034634183483387,-0.022850279595441836,-0.06326520496648114,-0.11426653928978814,0.14789400463654068,0.1787962672011878,0.21271714140632667,0.3416058394160584
2026-08-18,1223.9000244140625,1250.5,1223.4000244140625,1243.0,1243.0,5064697,1243.0,0.012792268025138442,1236.590020751953,0.00518359289698056,1296.9560131835938,-0.04160203787571004,1290.8076293945312,-0.03703699010282113,1286.750192260742,-0.034000532911423686,1401.9188232421875,-0.11335807794823627,1401.9188232421875,-0.11335807794823627,0.30201342281879195,52.483654133838634,6255179.75,6866365.36,0.8096804891977725,0.7376095990324639,False,False,0.010733412463638459,-0.012080711939082445,-0.04259329741894813,-0.10351782755037453,0.16694060079702577,0.18530460824795963,0.21388891256539455,0.3518248175182482
2026-08-19,1243.0999755859375,1245.0,1224.0,1235.0,1235.0,3061937,1235.0,-0.006436041834271933,1236.42001953125,-0.0011484928331947364,1295.3862719726562,-0.04661642112410069,1291.1149169921875,-0.04346237213563775,1286.7659423828125,-0.040229493708042297,1401.9188232421875,-0.11906454245058062,1401.9188232421875,-0.11906454245058062,0.2610738255033557,51.97410369110892,5990330.45,6682351.98,0.511146592922933,0.4582124690773921,False,False,0.004065040650406582,-0.0027454976962482114,-0.05225633759171233,-0.11906454245058062,0.15704229781734802,0.17798691241226114,0.2140205896763137,0.35474452554744523
2026-08-20,1237.5,1253.9000244140625,1236.199951171875,1251.0,1251.0,4163816,1251.0,0.012955465587044523,1237.82001953125,0.01064773574573552,1294.0805737304688,-0.033290487937918445,1292.0208654785156,-0.0317493831365665,1286.857196044922,-0.027864160961392548,1401.9188232421875,-0.1076516134458918,1401.9188232421875,-0.1076516134458918,0.3530201342281879,56.32725496113003,5786481.9,6601694.58,0.7195764320977137,0.6307192720811995,False,False,0.02389912424695173,0.02289452166802941,-0.03997787718804224,-0.10285573318546959,0.15644260634801532,0.1774251817193762,0.21586746402543597,0.36496350364963503
2026-08-21,1250.5999755859375,1256.4000244140625,1240.4000244140625,1245.800048828125,1245.800048828125,3690270,1245.800048828125,-0.004156635628996819,1238.74501953125,0.005695303864506895,1291.8914770507813,-0.03567747681707523,1292.557060546875,-0.03617404070267294,1286.9579229736328,-0.03198074576549381,1401.9188232421875,-0.11136078054292042,1401.9188232421875,-0.11136078054292042,0.3208053691275168,40.120671148106624,5566554.0,6504786.58,0.6629361720015651,0.5673160763408167,False,False,0.023328424383539437,0.015073738502385359,-0.030964691851889103,-0.09909612954323077,0.1509978418213873,0.17818050863623394,0.21434521089083683,0.35766423357664234
2026-08-24,1245.800048828125,1248.699951171875,1231.800048828125,1236.0,1236.0,3778588,1236.0,-0.00786647009473429,1239.17001953125,-0.002558179653546877,1289.2665649414062,-0.041315400856476114,1292.9472912597657,-0.04404455745777536,1287.0001568603516,-0.03962715667787242,1401.9188232421875,-0.11835123438778761,1401.9188232421875,-0.11835123438778761,0.2738255033557047,40.24203541702447,5457108.3,6429901.78,0.6924157983084192,0.5876587433657501,False,False,0.0070886912945062885,0.006924643584521384,-0.030524932789920634,-0.0986277397422769,0.14511502198722726,0.18082570713976467,0.21427649521310912,0.3562043795620438
2026-08-25,1236.0999755859375,1240.5,1229.800048828125,1235.0,1235.0,3606504,1235.0,-0.0008090614886731018,1239.74501953125,-0.0038274156834636752,1286.6736157226562,-0.04016062433489309,1292.8538879394532,-0.044748976260310935,1287.0658685302735,-0.04045314991510773,1401.9188232421875,-0.11906454245058062,1401.9188232421875,-0.11906454245058062,0.2610738255033557,42.45808640790602,5332774.4,6347850.64,0.6762903752313242,0.5681456928545502,False,False,-0.006436041834271933,0.009399264405394403,-0.012107375438587531,-0.08536043486314793,0.14556717074647696,0.18037574906397455,0.2105865205925932,0.3124087591240876
2026-08-26,1240.0999755859375,1257.699951171875,1238.199951171875,1255.0,1255.0,3298266,1255.0,0.0161943319838056,1240.7250183105468,0.011505354916507615,1284.776435546875,-0.02317635560789255,1292.9125219726564,-0.029323346574763987,1287.2605578613282,-0.025061404751596128,1401.9188232421875,-0.10479838119471963,1401.9188232421875,-0.10479838119471963,0.37718120805369126,49.65083786977002,4992176.05,6318577.62,0.6606870364677945,0.5219950119090252,False,False,0.0161943319838056,0.015865286707626103,0.0006117955664579622,-0.06903274471150411,0.17281531070087186,0.1861199507173702,0.2131240865328085,0.34744525547445254
2026-08-27,1260.0,1268.699951171875,1251.4000244140625,1256.0,1256.0,7005789,1256.0,0.0007968127490038945,1242.0800170898438,0.011206993686904587,1282.7153979492186,-0.020827221682947483,1292.152794189453,-0.027978730032566457,1287.4327685546875,-0.024415075740207293,1401.9188232421875,-0.1040850731319265,1401.9188232421875,-0.1040850731319265,0.37986577181208053,57.131540001741094,4998531.3,6354961.94,1.401569497024056,1.1024124245187847,False,False,0.003996802557953538,0.022052221537597116,0.0029271510758912545,-0.0447114665518864,0.17473707525730164,0.18471771867850917,0.21310199920239511,0.345985401459854
2026-08-28,1256.0,1265.4000244140625,1248.199951171875,1265.0,1265.0,3242475,1265.0,0.007165605095541316,1243.8550170898438,0.016999555912575293,1280.8783251953125,-0.012396435229623637,1291.6279553222657,-0.020615809074542635,1287.6544757080078,-0.017593598387914855,1401.9188232421875,-0.09766530056678913,1401.9188232421875,-0.09766530056678913,0.41073825503355704,57.029374464305796,4786258.25,6327005.9,0.6774550871758748,0.5124817411660704,False,False,0.015411743794628618,0.028873525823505553,-0.004970882362825391,-0.017328614407819076,0.20557621812538462,0.18591489721766075,0.21131731887909905,0.32408759124087594
