Date,Open,High,Low,Close,Adj Close,Volume,Price,daily_return,sma20,price_vs_sma20,sma50,price_vs_sma50,sma100,price_vs_sma100,sma200,price_vs_sma200,ath,current_drawdown,high_252d,drawdown_from_252d_high,drawdown_percentile,rsi14,volume_sma20,volume_sma50,volume_ratio_20,volume_ratio_50,abnormal_volume_1_5x,abnormal_volume_2_0x,return_5d,return_20d,return_60d,return_120d,return_252d,volatility_20d,volatility_60d,volatility_60d_percentile
2023-08-28,722.4949951171875,726.0999755859375,713.8099975585938,723.5599975585938,711.158935546875,7036260,711.158935546875,,,,,,,,,,711.158935546875,0.0,,,0.9718120805369127,,,,,,False,False,,,,,,,,
2023-08-29,725.0,731.094970703125,723.5999755859375,729.3350219726562,716.8350219726562,14183050,716.8350219726562,0.007981459758241494,,,,,,,,,716.8350219726562,0.0,,,0.9718120805369127,,,,,,False,False,,,,,,,,
2023-08-30,732.5999755859375,733.0900268554688,725.7999877929688,726.8099975585938,714.353271484375,4602680,714.353271484375,-0.003462094362314705,,,,,,,,,716.8350219726562,-0.003462094362314705,,,0.9261744966442953,,,,,,False,False,,,,,,,,
2023-08-31,728.0,728.5,713.5,716.2999877929688,704.0233764648438,14129800,704.0233764648438,-0.0144604853535093,,,,,,,,,716.8350219726562,-0.01787251615100527,,,0.8389261744966443,,,,,,False,False,,,,,,,,
2023-09-01,716.85498046875,732.9400024414062,715.5,732.0599975585938,719.5132446289062,6760760,719.5132446289062,0.022001923063752038,,,,,,,,,719.5132446289062,0.0,,,0.9718120805369127,,,,,,False,False,,,,,,,,
2023-09-04,737.0,737.0,725.8400268554688,727.0250244140625,714.5645751953125,5813630,714.5645751953125,-0.006877801722949606,,,,,,,,,719.5132446289062,-0.006877801722949606,,,0.9073825503355705,,,,,,False,False,0.004788858689961595,,,,,,,
2023-09-05,728.2999877929688,735.844970703125,728.0,734.510009765625,721.9212646484375,12213530,721.9212646484375,0.01029534587705272,,,,,,,,,721.9212646484375,0.0,,,0.9718120805369127,,,,,,False,False,0.007095415988164877,,,,,,,
2023-09-06,731.530029296875,739.7000122070312,729.0700073242188,738.780029296875,726.1181640625,6051570,726.1181640625,0.00581351404866326,,,,,,,,,726.1181640625,0.0,,,0.9718120805369127,,,,,,False,False,0.0164692919424565,,,,,,,
2023-09-07,738.0,738.780029296875,730.3699951171875,736.3200073242188,723.7002563476562,5496220,723.7002563476562,-0.0033299094204116697,,,,,,,,,726.1181640625,-0.0033299094204116697,,,0.9275167785234899,,,,,,False,False,0.027949185411452193,,,,,,,
2023-09-08,739.0,744.9949951171875,737.0,741.0650024414062,728.3639526367188,6246420,728.3639526367188,0.006444237442444933,,,,,,,,,728.3639526367188,0.0,,,0.9718120805369127,,,,,,False,False,0.012300966068216512,,,,,,,
2023-09-11,742.5,744.4000244140625,736.2000122070312,739.1649780273438,726.4964599609375,4068490,726.4964599609375,-0.002563955381126193,,,,,,,,,728.3639526367188,-0.002563955381126193,,,0.9302013422818792,,,,,,False,False,0.0166981196379119,,,,,,,
2023-09-12,742.0999755859375,745.9000244140625,730.5499877929688,743.1300048828125,730.3934936523438,9635170,730.3934936523438,0.0053641468419760585,,,,,,,,,730.3934936523438,0.0,,,0.9718120805369127,,,,,,False,False,0.011735668997133741,,,,,,,
2023-09-13,742.9299926757812,750.8250122070312,738.0650024414062,747.5900268554688,734.7771606445312,5798460,734.7771606445312,0.006001788118712437,,,,,,,,,734.7771606445312,0.0,,,0.9718120805369127,,,,,,False,False,0.011925051610864212,,,,,,,
2023-09-14,747.5900268554688,751.1699829101562,742.7050170898438,749.4299926757812,736.5855712890625,6503720,736.5855712890625,0.0024611688296694023,,,,,,,,,736.5855712890625,0.0,,,0.9718120805369127,,,,,,False,False,0.017804767689920897,,,,,,,
2023-09-15,749.9000244140625,756.5150146484375,745.5549926757812,749.219970703125,736.379150390625,7874940,736.379150390625,-0.00028024021442107916,,,,,,,,,736.5855712890625,-0.00028024021442107916,,,0.9409395973154362,68.08562229618178,,,,,False,False,0.011004385547761952,,,,,,,
2023-09-18,748.8900146484375,756.0,746.5,754.864990234375,741.9274291992188,7066180,741.9274291992188,0.007534540875648865,,,,,,,,,741.9274291992188,0.0,,,0.9718120805369127,68.02701460704112,,,,,False,False,0.021240253860439928,,,,,,,
2023-09-20,748.864990234375,764.7000122070312,748.2999877929688,753.9000244140625,740.97900390625,8441900,740.97900390625,-0.001278326229281479,,,,,,,,,741.9274291992188,-0.001278326229281479,,,0.938255033557047,69.55952114065371,,,,,False,False,0.014492886842369268,,,,,,,
2023-09-21,753.0,758.364990234375,742.5,748.4199829101562,735.5928955078125,6757250,735.5928955078125,-0.007268908255218198,,,,,,,,,741.9274291992188,-0.008537942448418767,,,0.897986577181208,75.00771163978955,,,,,False,False,0.001110179938861533,,,,,,,
2023-09-22,749.39501953125,757.7000122070312,745.3599853515625,747.135009765625,734.3298950195312,5263040,734.3298950195312,-0.0017169829888166177,,,,,,,,,741.9274291992188,-0.010240265935291926,,,0.8845637583892617,65.15221120068709,,,,,False,False,-0.0030623411012297153,,,,,,,
2023-09-25,757.5,784.989990234375,751.0,781.9849853515625,768.5825805664062,23475330,768.5825805664062,0.04664481969097012,728.32978515625,0.05526726522865011,,,,,,,768.5825805664062,0.0,,,0.9718120805369127,84.53981696489551,8370920.0,,2.8043906762936452,,True,True,0.043732131957699316,,,,,,,
2023-09-26,781.989990234375,789.9949951171875,777.5,787.0650024414062,773.5755615234375,12468200,773.5755615234375,0.006496349362161702,731.4506164550781,0.05759096256219576,,,,,,,773.5755615234375,0.0,,,0.9718120805369127,84.05792435578793,8642517.0,,1.442658429251571,,False,False,0.042656641443189924,0.0877674776434676,,,,0.2011330203004966,,
2023-09-27,785.5,785.5,774.2750244140625,783.7550048828125,770.322265625,7441100,770.322265625,-0.004205530862467555,734.1249786376953,0.04930670940318005,,,,,,,773.5755615234375,-0.004205530862467555,,,0.9208053691275168,79.51292107176272,8305419.5,,0.8959330711711793,,False,False,0.03960066555740438,0.07461583490320045,,,,0.20281155715815477,,
2023-09-28,780.4749755859375,782.9000244140625,771.8049926757812,773.9000244140625,760.63623046875,7775050,760.63623046875,-0.01257400387926122,736.4391265869141,0.03285689612117615,,,,,,,773.5755615234375,-0.016726654380349704,,,0.8456375838926175,72.47875108928295,8464038.0,,0.918598191548762,,False,False,0.03404510173205111,0.06479001473346968,,,,0.20953547108931272,,
2023-09-29,773.9000244140625,784.7999877929688,772.5,781.0750122070312,767.688232421875,5730050,767.688232421875,0.009271188605858516,739.6223693847656,0.037946206332909016,,,,,,,773.5755615234375,-0.0076105417419964905,,,0.9046979865771813,73.25618918292606,8044050.5,,0.7123339168494778,,False,False,0.04542690911617653,0.09043003128207983,,,,0.19966979137757504,,
2023-10-03,778.0800170898438,797.5499877929688,775.5,796.760009765625,783.1043701171875,9445550,783.1043701171875,0.020081247887151044,742.8019256591797,0.054257323609174124,,,,,,,783.1043701171875,0.0,,,0.9718120805369127,78.85376871290086,8178290.0,,1.1549541530075358,,False,False,0.01889424756423619,0.08838075735642481,,,,0.19753053162224304,,
2023-10-04,802.5,804.2999877929688,782.0,785.405029296875,771.944091796875,11763840,771.944091796875,-0.014251329383645817,745.6709014892579,0.03523429740270689,,,,,,,783.1043701171875,-0.014251329383645817,,,0.8630872483221477,69.71881859434208,8475800.5,,1.3879326206415548,,False,False,-0.0021089985357727326,0.08029997370899467,,,,0.2046770910771993,,
2023-10-05,791.4849853515625,791.4849853515625,782.6900024414062,785.0900268554688,771.6343994140625,7950610,771.6343994140625,-0.00040118499008345854,748.1565582275391,0.03138092011402649,,,,,,,783.1043701171875,-0.014646796954291719,,,0.8563758389261745,68.19504011309888,8262654.5,,0.9622343521685434,,False,False,0.0017033569554139039,0.06886226684267904,,,,0.2037966182372857,,
2023-10-06,785.0,819.2000122070312,784.5,816.85498046875,802.8549194335938,21450340,802.8549194335938,0.04046024910662149,751.9933959960938,0.06763559854156509,,,,,,,802.8549194335938,0.0,,,0.9718120805369127,75.352504365296,9032593.0,,2.3747710098307317,,True,True,0.05550444124759357,0.10568080950043379,,,,0.24262119764945253,,
2023-10-09,810.2050170898438,813.5,801.7999877929688,802.77001953125,789.0114135742188,7478000,789.0114135742188,-0.01724284864461123,755.2589538574218,0.044689916676140085,,,,,,,802.8549194335938,-0.01724284864461123,,,0.8402684563758389,68.23293446117583,9131682.0,,0.8189071848975906,,False,False,0.027775834318932047,0.09024614355696436,,,,0.25383374780744883,,
2023-10-10,805.5,813.5,802.0999755859375,808.3599853515625,794.5055541992188,9650240,794.5055541992188,0.006963322114836856,758.5660339355469,0.04737823558644272,,,,,,,802.8549194335938,-0.010399594039064208,,,0.8832214765100671,68.22101440692019,9301873.0,,1.0374512745981375,,False,False,0.014558958571927239,0.0908084499830939,,,,0.2538945495142071,,
2023-10-11,813.97998046875,817.2999877929688,809.5449829101562,810.1950073242188,796.30908203125,7123720,796.30908203125,0.002270000281935136,762.0566650390625,0.04494733602314427,,,,,,,802.8549194335938,-0.008153200838529773,,,0.9033557046979865,69.06173329621333,9454634.5,,0.75346328829528,,False,False,0.031563153981345904,0.09609492395058084,,,,0.25269410853192387,,
2023-10-12,812.5,812.7000122070312,800.2999877929688,801.4299926757812,787.6943359375,7640920,787.6943359375,-0.010818344645492695,764.9217071533203,0.02977118909192522,,,,,,,802.8549194335938,-0.01888334134738734,,,0.8335570469798658,67.55882493298427,9354922.0,,0.816780727835037,,False,False,0.02081288306435347,0.07845201632153453,,,,0.25860373376642504,,
2023-10-13,799.9550170898438,808.2899780273438,795.60498046875,805.1649780273438,791.3652954101562,6622820,791.3652954101562,0.004660385767897068,767.7511138916016,0.030757599814943193,,,,,,,802.8549194335938,-0.014310959234756004,,,0.8617449664429531,68.91464093944516,9396140.0,,0.7048447553995577,,False,False,-0.014310959234756004,0.07701400886765053,,,,0.2585034579012574,,
2023-10-16,804.4299926757812,806.9000244140625,798.2650146484375,803.5999755859375,789.8271484375,4382460,789.8271484375,-0.0019436624041733186,770.4131927490234,0.025199407111919703,,,,,,,802.8549194335938,-0.016226805965497082,,,0.8483221476510067,58.99766780458777,9290077.0,,0.4717355948718186,,False,False,0.0010338695350247118,0.07228159120095445,,,,0.2592868109949258,,
2023-10-17,808.0,815.9000244140625,805.7550048828125,809.2999877929688,795.4293823242188,8382830,795.4293823242188,0.0070929872413243444,773.3657043457031,0.028529423860581327,,,,,,,802.8549194335938,-0.009248915251853562,,,0.8912751677852349,59.20818265095712,9315471.5,,0.8998825233913281,,False,False,0.0011627711349748715,0.08018998351904649,,,,0.2591366605269835,,
2023-10-18,805.0,808.4600219726562,785.0,786.655029296875,773.172607421875,15446420,773.172607421875,-0.02798083072731128,774.9279632568359,-0.0022651858213809106,,,,,,,802.8549194335938,-0.036970953647091465,,,0.7624161073825504,51.0352177991846,9734483.5,,1.5867734533629854,,True,False,-0.029054641133010484,0.042113523497008254,,,,0.28231932908729396,,
2023-10-19,784.3300170898438,792.2999877929688,773.0999755859375,784.155029296875,770.7154541015625,10614530,770.7154541015625,-0.003178013934696744,776.4147857666015,-0.007340575900305346,,,,,,,802.8549194335938,-0.040031473375918725,,,0.748993288590604,53.863553201823386,9843115.0,,1.0783710238069961,,False,False,-0.021555165577939017,0.0401312993196159,,,,0.28271116888041364,,
2023-10-20,781.0,783.2349853515625,772.25,776.9199829101562,763.6044311523438,7711530,763.6044311523438,-0.009226521813433974,777.8153625488281,-0.018270314628289763,,,,,,,802.8549194335938,-0.048888643927025854,,,0.7114093959731543,48.4353112797245,9890829.0,,0.7796646772479839,,False,False,-0.03507970897741264,0.03808021504230763,,,,0.28365707200060436,,
2023-10-23,780.0,788.489990234375,776.135009765625,779.8900146484375,766.5235595703125,8822300,766.5235595703125,0.0038228280230949707,779.4250457763671,-0.016552568173125337,,,,,,,802.8549194335938,-0.045252708781946094,,,0.7288590604026846,42.97434183915727,10068792.0,,0.8762024282555445,,False,False,-0.02950466936125018,0.043840874202629276,,,,0.2833705351656061,,
2023-10-25,779.8900146484375,785.6950073242188,767.5999755859375,769.4450073242188,756.2575073242188,7087740,756.2575073242188,-0.01339300288675871,778.8087921142578,-0.028956125069952487,,,,,,,802.8549194335938,-0.05803964200935463,,,0.6791946308724832,43.302491125460016,9249412.5,,0.7662908319852747,,False,False,-0.049246200694197495,-0.016036107965268442,,,,0.23470961639520246,,
2023-10-26,762.510009765625,765.5999755859375,740.1199951171875,742.1799926757812,729.4597778320312,13246300,729.4597778320312,-0.0354346624432238,776.6030029296875,-0.06070440742543004,,,,,,,802.8549194335938,-0.09141768932965133,,,0.5221476510067115,35.31479752162542,9288317.5,,1.42612480678013,,False,False,-0.05653696104884409,-0.057028409228087606,,,,0.26312040361998695,,
2023-10-27,750.9949951171875,754.9000244140625,741.6599731445312,750.719970703125,737.8533935546875,9119440,737.8533935546875,0.011506618977131566,774.9795593261719,-0.04790599355131997,,,,,,,802.8549194335938,-0.0809629788714058,,,0.5758389261744966,23.088430389022946,9372234.5,,0.9730272967455093,,False,False,-0.042638382780559314,-0.04214972553593388,,,,0.26787628233138655,,
2023-10-30,750.5800170898438,752.6849975585938,735.25,750.3049926757812,737.445556640625,7992760,737.445556640625,-0.0005527343475344448,773.8200256347657,-0.04700636813360137,,,,,,,802.8549194335938,-0.08147096219963923,,,0.5718120805369128,25.978578881973448,9383120.0,,0.8518232741348294,,False,False,-0.03425710151032357,-0.030488521186840534,,,,0.26497496776771434,,
2023-10-31,756.97998046875,757.969970703125,746.0499877929688,749.2650146484375,736.42333984375,7494100,736.42333984375,-0.0013861590020715076,772.2567810058594,-0.04640094077961543,,,,,,,802.8549194335938,-0.08274418949405027,,,0.5651006711409396,21.76668879952672,9471322.5,,0.7912411387110934,,False,False,-0.03926848607684763,-0.040726028168351136,,,,0.2619578645749757,,
2023-11-01,752.0,754.9000244140625,745.7650146484375,747.1900024414062,734.3839721679688,4627780,734.3839721679688,-0.0027692871279907383,769.8207611083984,-0.04603251916641904,,,,,,,802.8549194335938,-0.08528433420315917,,,0.553020134228188,19.967545634141842,9230434.0,,0.5013610410951425,,False,False,-0.028923395727525003,-0.06221443757481271,,,,0.24869340115045094,,
2023-11-02,753.0,761.5,741.1199951171875,744.9099731445312,732.1430053710938,8550300,732.1430053710938,-0.003051491973959375,767.8307067871094,-0.04647860667795689,,,,,,,802.8549194335938,-0.0880755817157931,,,0.5355704697986577,21.283349098543397,9069757.0,,0.9427264699594488,,False,False,0.003678376273243078,-0.05155954537217222,,,,0.2451795553311392,,
2023-11-03,752.7999877929688,753.7949829101562,737.2449951171875,741.1500244140625,728.4474487304688,11387550,728.4474487304688,-0.005047588536001735,765.6713592529297,-0.048616041429028534,,,,,,,802.8549194335938,-0.09267860095522451,,,0.5181208053691275,17.483578488892917,9241604.0,,1.232204928927922,,False,False,-0.012747715069662546,-0.05596815113010456,,,,0.24519918727575282,,
2023-11-06,745.5999755859375,757.1950073242188,744.260009765625,756.2050170898438,743.2445068359375,6340430,743.2445068359375,0.02031314425118369,762.6908386230468,-0.025497004555892544,,,,,,,802.8549194335938,-0.07424805049424221,,,0.6026845637583893,28.82736427441951,8486108.5,,0.7471540105809394,,False,False,0.007863563815787566,-0.07424805049424221,,,,0.20527450080187187,,
2023-11-07,764.0,764.0,744.5999755859375,749.5599975585938,736.71337890625,15630070,736.71337890625,-0.008787320820561662,760.0759368896485,-0.030737136711631474,,,,,,,802.8549194335938,-0.08238292987480966,,,0.5677852348993289,23.53599780806121,8893712.0,,1.7574292938651488,,True,False,0.00039384827558763824,-0.0662829887733295,,,,0.20004135602559472,,
2023-11-08,752.7000122070312,753.5999755859375,740.6649780273438,745.9949951171875,733.20947265625,9167170,733.20947265625,-0.004756132235852695,757.0111328125,-0.031441624996742745,749.8419079589844,-0.02218125597701881,,,,,802.8549194335938,-0.08674723800220085,,,0.5422818791946309,28.323960056199937,8869558.5,8919251.0,1.0335542631575179,1.027795943852236,False,False,-0.0015992989447353168,-0.0771499723557616,,,,0.19632086768306456,,
2023-11-09,748.5,748.5,736.6699829101562,738.6699829101562,726.0099487304688,7717910,726.0099487304688,-0.009819191096507529,753.4961761474609,-0.03647825733837973,750.1389282226562,-0.03216601429998778,,,,,802.8549194335938,-0.09571464139167063,,,0.49798657718120803,26.93811983594675,8899268.0,8932884.0,0.8672522279360505,0.8639886065911077,False,False,-0.00837685615464756,-0.08828121502954611,,,,0.19594430193919676,,
2023-11-10,737.0,745.4000244140625,734.64501953125,744.47998046875,731.7203369140625,4962610,731.7203369140625,0.007865440678298086,750.697476196289,-0.025279343389272957,750.4366345214844,-0.024940543606798093,,,,,802.8549194335938,-0.08860203854728321,,,0.5342281879194631,33.31103405400259,8765352.5,8748475.2,0.5661620568026214,0.5672542799229745,False,False,0.004492964028218749,-0.07106055797242494,,,,0.19919773737921337,,
2023-11-13,744.780029296875,745.0,731.9000244140625,736.0850219726562,723.4692993164062,7322400,723.4692993164062,-0.011276217403569766,747.3026763916016,-0.03189253541854864,750.618955078125,-0.03616969113029267,,,,,802.8549194335938,-0.09887916010179432,,,0.48053691275167787,28.655659449623016,8800331.5,8802869.6,0.8320595650288856,0.8318196602616947,False,False,-0.026606597610409732,-0.08579602427291211,,,,0.198460221059953,,
2023-11-15,743.9400024414062,747.6199951171875,711.9149780273438,722.4299926757812,710.04833984375,19234400,710.04833984375,-0.01855083482510933,743.3137359619141,-0.04475283384224793,750.7394543457032,-0.054201380074551886,,,,,802.8549194335938,-0.1155957039602098,,,0.3919463087248322,27.786465867153794,9542928.5,8904961.6,2.015565766839812,2.159964395579202,True,True,-0.03619459049608664,-0.10100793414302722,,,,0.20440008191426462,,
2023-11-16,694.4550170898438,738.0700073242188,693.125,736.2449951171875,723.6265258789062,45570430,723.6265258789062,0.019122903714054562,739.7235931396484,-0.021760921795694665,750.8217199707032,-0.036220574563104124,,,,,802.8549194335938,-0.09868332576274474,,,0.4818791946308725,46.78756490616673,11402308.5,9681155.0,3.996596829492905,4.707127403703381,True,True,-0.01306986220817219,-0.0902693036501957,,,,0.21802608843371052,,
2023-11-17,714.0499877929688,726.0,710.8049926757812,722.0999755859375,709.7239379882812,20800340,709.7239379882812,-0.01921238013454407,736.5511596679687,-0.03642275397649353,750.7249072265626,-0.05461517107478564,,,,,802.8549194335938,-0.11599976432979386,,,0.38926174496644295,35.39499211239004,11670004.5,9980889.2,1.7823763478411683,2.0840167226783763,True,False,-0.02243221428393083,-0.08206274876338648,,,,0.2075394241112776,,
2023-11-20,715.0999755859375,723.9000244140625,705.010009765625,706.8599853515625,694.7451782226562,19029400,694.7451782226562,-0.021105050800572456,732.7526458740234,-0.05186943761360574,750.1813854980469,-0.0738970712244299,,,,,802.8549194335938,-0.13465663421133156,,,0.3006711409395973,30.74332749249801,12090748.0,10117206.6,1.5738811196792788,1.8808946730414697,True,False,-0.05053181772607862,-0.09857110750097287,,,,0.21596410206742594,,
2023-11-21,708.5,712.885009765625,703.0,710.3150024414062,698.1409301757812,16662250,698.1409301757812,0.004887766132918303,729.4794708251953,-0.042960140624606735,749.6218408203125,-0.06867584139250216,,,,,802.8549194335938,-0.13042703821468415,,,0.3208053691275168,33.097554231977966,12538284.0,10329420.2,1.3289099210067343,1.6130866667617996,False,False,-0.03500959773214607,-0.08572959808231151,,,,0.21817584044113966,,
2023-11-22,708.64501953125,717.7849731445312,706.5499877929688,712.8350219726562,700.6177368164062,10414040,700.6177368164062,0.0035477172782312216,726.1841796875,-0.035206554461288064,749.1601904296875,-0.06479582635783054,,,,,802.8549194335938,-0.12734203919347575,,,0.33288590604026846,35.14890130657756,12617871.0,10427776.6,0.8253405031641233,0.9986826913802508,False,False,-0.013281635204469344,-0.08598016581623513,,,,0.21804077807888955,,
2023-11-23,713.5,716.0,705.5999755859375,707.364990234375,695.2415161132812,6061580,695.2415161132812,-0.0076735435325323564,723.1333801269532,-0.038570842918045356,748.4977416992188,-0.07115081665448542,,,,,802.8549194335938,-0.13403841804473549,,,0.30335570469798656,34.20554624377725,12566563.0,10424079.8,0.4823578252860388,0.5814978507743196,False,False,-0.03922604928163598,-0.08068150149916997,,,,0.21584438951547016,,
2023-11-24,710.7999877929688,711.6799926757812,701.0999755859375,702.0800170898438,690.047119140625,7264990,690.047119140625,-0.0074713561435388876,721.1627471923828,-0.04314647168464614,747.7687548828125,-0.07719182616988773,,,,,802.8549194335938,-0.1405083254301457,,,0.28187919463087246,33.77222916057305,12267497.5,10488009.8,0.5922145082972301,0.6926948142249065,False,False,-0.027724609238107933,-0.0540299271997442,-0.02968649531207146,,,0.18222254690340975,0.22100629241420408,0.05401459854014599
2023-11-28,703.5,713.5,702.989990234375,712.7550048828125,700.5391235351562,7281580,700.5391235351562,0.015204765158063127,719.2970336914062,-0.02607811415540684,747.1716674804687,-0.06241208811164067,,,,,802.8549194335938,-0.12743995636300054,,,0.3315436241610738,31.271483918077777,12175604.5,10440938.0,0.5980466924660701,0.6974066889392505,False,False,0.008339669700655472,-0.05057138768416547,-0.02273312259863558,,,0.1864727310457099,0.22266689806323664,0.06569343065693431
2023-11-29,713.4000244140625,716.8599853515625,711.405029296875,713.010009765625,700.7897338867188,6824300,700.7897338867188,0.0003577392655784717,717.464242553711,-0.023240891570626143,746.4919189453125,-0.06122261192480749,,,,,802.8549194335938,-0.12712780737381668,,,0.33422818791946307,33.32717681538435,12117181.5,10461454.8,0.5631920261324798,0.6523280108231218,False,False,0.003794081676704586,-0.04970647992088928,-0.018987156829942453,,,0.18662845103578465,0.2225718428786105,0.06277372262773723
2023-11-30,713.2000122070312,716.3599853515625,708.5650024414062,712.1900024414062,699.98388671875,12719340,699.98388671875,-0.001149912918243512,715.6422698974609,-0.02188018209286946,745.7598852539063,-0.06138168523179699,,,,,802.8549194335938,-0.12813153438409297,,,0.3302013422818792,34.183275590953826,12378443.5,10585767.2,1.0275395286976106,1.201551078886375,False,False,-0.0009047017572469951,-0.049481665169291755,-0.005737721048947986,,,0.18664870479758244,0.2205981073401078,0.04817518248175182
2023-12-01,716.0,727.9849853515625,714.2000122070312,725.9349975585938,713.4932250976562,9004770,713.4932250976562,0.019299499081661287,714.5977325439453,-0.001545635251817945,745.3021667480468,-0.042679255568491836,,,,,802.8549194335938,-0.11130490973260931,,,0.4174496644295302,44.37919968951488,12597293.0,10608363.8,0.7148178580906231,0.8488368394756597,False,False,0.02625232895528229,-0.028446627189644524,-0.008366794602029715,,,0.20198583157016553,0.21951365967693082,0.04671532846715328
2023-12-04,734.0,742.0,731.5050048828125,740.7650146484375,728.0691528320312,11014260,728.0691528320312,0.02042896445496023,714.3940399169921,0.019142255045448087,745.0250012207031,-0.02275876428427248,,,,,802.8549194335938,-0.09314978932223905,,,0.5167785234899329,48.48131119906372,12720491.0,10687325.4,0.8658675203653695,1.0305908716880652,False,False,0.05510063390853426,-0.005564285268282565,0.01889903041027119,,,0.21608954027768118,0.22298995917306105,0.06861313868613139
2023-12-05,743.0,744.0,732.0050048828125,734.97998046875,722.3831787109375,15222420,722.3831787109375,-0.007809662171479936,714.0908264160156,0.011612461591952838,744.6530847167969,-0.02990641744850764,,,,,802.8549194335938,-0.10023198310776782,,,0.47516778523489933,49.538384274922194,12912234.5,10822935.8,1.1789144628685297,1.4064963778127557,False,False,0.031181777636556163,-0.008324924509104936,0.0006398399453226844,,,0.21713277137812953,0.22264806750228622,0.06423357664233577
2023-12-06,739.0,745.9000244140625,736.5050048828125,742.7100219726562,729.980712890625,7018000,729.980712890625,0.01051731879090112,713.42763671875,0.023202179618394325,744.5408410644532,-0.019555848881321114,,,,,802.8549194335938,-0.09076883603625518,,,0.5248322147651007,58.9127090954544,12946113.0,10828150.8,0.5420932136155462,0.6481254398488798,False,False,0.041654404441696435,-0.01784580151392945,0.005319449394454834,,,0.20734479388553093,0.2233705306515824,0.07007299270072993
2023-12-07,739.0,744.0,732.5999755859375,739.1199951171875,726.4522705078125,6688620,726.4522705078125,-0.00483361042354169,712.9145812988281,0.01898921632984507,744.3832885742188,-0.024088421034748286,,,,,802.8549194335938,-0.09516370526779927,,,0.5020134228187919,51.38829665053979,12499040.5,10856662.4,0.5351306766307382,0.6160843686177438,False,False,0.0378128472544359,-0.013928223230683656,0.0038026988881350032,,,0.20579874959598057,0.22349282601413656,0.07153284671532846
2023-12-08,739.0549926757812,739.8099975585938,727.4000244140625,730.760009765625,718.2355346679688,11443880,718.2355346679688,-0.011310771778715756,712.165884399414,0.008522804028549213,743.37634765625,-0.03381976446728008,,,,,802.8549194335938,-0.10539810209461398,,,0.44563758389261743,54.42923151781869,12612876.0,10616033.4,0.9073172526234302,1.0779807832933155,False,False,0.006646607709082986,-0.02042245571928325,-0.013905710094636814,,,0.20883819080932126,0.22432108485680244,0.07737226277372262
2023-12-11,732.5,735.27001953125,727.0050048828125,729.2750244140625,716.7760009765625,5900550,716.7760009765625,-0.0020321101100643224,711.7041870117188,0.0071262949655237495,742.2403564453125,-0.034307425145544745,,,,,802.8549194335938,-0.10721603165583027,,,0.43087248322147653,63.34148218402998,12522008.0,10484680.4,0.4712143611471898,0.5627782416715343,False,False,-0.015511097828469822,-0.012718762008775641,-0.013379912387869952,,,0.20626485770077715,0.22429914227407077,0.07591240875912408
2023-12-12,728.0,735.4000244140625,728.0,731.4550170898438,718.9186401367188,6333120,718.9186401367188,0.0029892730186795724,711.0641021728516,0.01104617423361054,741.2122839355469,-0.0300772724386833,,,,,802.8549194335938,-0.10454725662774944,,,0.45100671140939597,62.77653173359275,12590533.5,10462520.8,0.5030064849912833,0.6053149256343653,False,False,-0.004795984563761624,-0.017495340954077232,-0.015710508945315005,,,0.20434045483392196,0.22410353977008987,0.072992700729927
2023-12-13,729.9849853515625,730.4500122070312,720.7000122070312,725.7999877929688,713.3605346679688,6829550,713.3605346679688,-0.007731202334234966,710.5586639404297,0.003943194094631286,740.2667700195312,-0.036346674524985856,,,,,802.8549194335938,-0.11147018296750599,,,0.4147651006711409,57.54964923700007,12565891.0,10443610.8,0.5434990642525866,0.6539452810707959,False,False,-0.022767968973923414,-0.013972624212235552,-0.029147103535140162,,,0.20230805859503598,0.22425629061443209,0.07445255474452554
2023-12-14,736.8499755859375,751.125,730.010009765625,747.4199829101562,734.6100463867188,17295670,734.6100463867188,0.029787899226357606,711.7867492675781,0.032064796292745834,739.6052062988281,-0.006753819293818131,,,,,802.8549194335938,-0.08500274631812821,,,0.5543624161073826,69.63192611494745,12468954.5,10674923.2,1.387098653700276,1.6202149351294632,False,False,0.011229610271854096,0.0345915977331539,-0.0026820032584761178,,,0.21768399979330458,0.23258126622423717,0.09343065693430656
2023-12-15,752.885009765625,752.8900146484375,744.5,751.5050048828125,738.625,11739380,738.625,0.00546542159752561,712.5366729736328,0.03661331130858514,738.7156188964843,-0.00012267088195550002,,,,,802.8549194335938,-0.08000190056617862,,,0.5812080536912752,74.51270262479026,10777402.0,10720799.8,1.089258802817228,1.0950097211963608,False,False,0.028388271462309378,0.020726816368259682,0.0030498549669468744,,,0.20846440667198918,0.23284328204130747,0.0948905109489051
2023-12-18,754.7999877929688,761.0,752.5999755859375,758.760009765625,745.7556762695312,10827980,745.7556762695312,0.009653987164706335,714.3382598876954,0.043981147512349716,738.1918505859375,0.010246422630634688,,,,,802.8549194335938,-0.07112025072269024,,,0.6120805369127517,73.61773864873895,10278784.0,10702082.6,1.0534300555396436,1.0117638224918952,False,False,0.04043058815234568,0.05076866701633631,0.005159867285732256,,,0.19595155150024104,0.2331704362641926,0.09635036496350365
2023-12-19,764.0999755859375,764.1599731445312,753.5,763.2650146484375,750.1834716796875,7914080,750.1834716796875,0.005937327131461112,717.1101745605469,0.04612024524600877,737.76283203125,0.01683554539368748,,,,,802.8549194335938,-0.06560518778544133,,,0.6389261744966444,74.72084437360208,9723018.0,10701352.0,0.8139530339242403,0.7395402001541488,False,False,0.0434886923185398,0.07979658613659923,0.012422035880792714,,,0.17504813546811587,0.23344495958396752,0.10218978102189781
2023-12-20,765.0,769.5,746.0150146484375,749.39501953125,736.5511474609375,8745460,736.5511474609375,-0.018171986898387282,719.0306854248047,0.024366779320108778,736.4367565917969,0.00015533020061364589,,,,,802.8549194335938,-0.08258499807092534,,,0.5664429530201343,66.2190301901503,9327178.5,10447254.4,0.9376318894293703,0.837106063005415,False,False,0.032508965194945505,0.0550178561733734,0.0013026933225932513,,,0.19167609183071935,0.23601240089627412,0.12262773722627737
2023-12-21,742.6599731445312,747.7000122070312,730.5499877929688,736.7150268554688,724.0885009765625,9130820,724.0885009765625,-0.01692027298760801,720.2042236328125,0.005393299867303192,735.1382983398438,-0.015030909678131255,,,,,802.8549194335938,-0.09810791034649224,,,0.48590604026845635,54.743468041234856,9263017.5,10480310.8,0.9857284626742852,0.8712356125927104,False,False,-0.01432262662606909,0.0335000998787256,-0.01394658465143428,,,0.20392497198373005,0.23856336244210954,0.14306569343065692
2023-12-22,741.89501953125,744.0,724.2999877929688,729.530029296875,717.026611328125,11294850,717.026611328125,-0.009752799055520511,721.2934783935547,-0.005915576936772915,733.5887194824219,-0.022576830469778986,,,,,802.8549194335938,-0.10690388266664641,,,0.436241610738255,44.699686705521344,9524681.0,10513203.0,1.1858507387281527,1.0743490827676399,False,False,-0.02924134529954303,0.03133457181416954,-0.06707928405076147,,,0.2053249827287599,0.21849429122881517,0.043795620437956206
2023-12-26,732.5,734.4000244140625,714.5250244140625,716.22998046875,703.95458984375,12258440,703.95458984375,-0.018230873551767002,721.9888519287109,-0.024978588016677072,731.7416296386718,-0.03797384031388629,,,,,802.8549194335938,-0.12318580505132481,,,0.3503355704697987,41.740119077711284,9774353.5,10615897.4,1.2541433047208699,1.1547247998082573,False,False,-0.056051985597858844,0.0201543783277367,-0.0899989285372198,,,0.21497120180821044,0.22070545671663303,0.049635036496350364
2023-12-27,721.989990234375,732.3400268554688,719.0900268554688,723.280029296875,710.8837890625,16052790,710.8837890625,0.00984324744624221,722.5060852050781,-0.016086087550777117,730.2054187011719,-0.026460539930037164,,,,,802.8549194335938,-0.11455510596606733,,,0.39865771812080536,41.38897512280076,10212914.0,10784134.8,1.5718129027621304,1.4885561334044155,True,False,-0.05238676150674726,0.014766720629593166,-0.07716053295470393,,,0.2111082113704106,0.22183832643241572,0.059854014598540145
2023-12-28,727.5,729.0,720.0,725.864990234375,713.4244384765625,18560640,713.4244384765625,0.003573930722788221,723.1378204345704,-0.013432269317860568,728.6466015625,-0.020891009514482417,,,,,802.8549194335938,-0.11139058725594353,,,0.4161073825503356,44.07279876484244,10799731.0,11022891.2,1.7186205841608462,1.6838268348325893,True,False,-0.03139864633175593,0.01802923755713315,-0.0620688183142325,,,0.21132401525675762,0.22078089996608666,0.051094890510948905
2023-12-29,723.1649780273438,734.2999877929688,720.5150146484375,732.7750244140625,720.216064453125,9128020,720.216064453125,0.009519755155942278,724.1494293212891,-0.005431703332074211,727.2543798828125,-0.009677927867305036,,,,,802.8549194335938,-0.10293124321735447,,,0.4590604026845638,50.91290890154403,10620165.0,11117802.4,0.859498887258343,0.82102736418485,False,False,-0.005348015495640124,0.02890377638436159,-0.06183782161019524,,,0.21328403402042495,0.22083074089631413,0.052554744525547446
2024-01-01,733.6950073242188,733.6950073242188,727.2999877929688,729.905029296875,717.3952026367188,3314890,717.3952026367188,-0.003916688276799585,724.3445281982422,-0.009593950518007488,725.6936962890625,-0.01143525663069589,,,,,802.8549194335938,-0.1064447819005282,,,0.44026845637583895,50.28187837413554,10335671.0,11016443.6,0.32072325057560364,0.3009038234444372,False,False,0.0005140552704328005,0.005468836145610778,-0.08390856951881864,,,0.20328946140625465,0.21649446448309811,0.027737226277372264
2024-01-02,732.4000244140625,744.510009765625,728.0050048828125,743.0050048828125,730.2706909179688,11129900,730.2706909179688,0.017947552804824074,724.4546051025391,0.008028226716298548,724.8356579589844,0.007498296888826417,,,,,802.8549194335938,-0.09040765243966176,,,0.5275167785234899,54.70774766602104,10341453.0,10930113.2,1.076241414045009,1.0182785664104559,False,False,0.03738323672278332,0.0030238035458225454,-0.053984998812416474,,,0.20020629384097477,0.2183591876136173,0.040875912408759124
2024-01-03,744.4949951171875,748.5850219726562,736.8200073242188,738.47998046875,725.8231811523438,5534050,725.8231811523438,-0.006090220819398362,724.6266052246094,0.0016513000200475414,723.9378125,0.002604324045228479,,,,,802.8549194335938,-0.09594727069193909,,,0.49261744966442955,55.216366763302005,9857034.5,10828503.6,0.5614315339973701,0.5110632276097687,False,False,0.021015238101779632,0.004762019026446351,-0.05936907205861397,,,0.1993822673203064,0.2186223897908697,0.04525547445255475
2024-01-04,756.0,773.39501953125,756.0,770.5549926757812,757.3485107421875,29118790,757.3485107421875,0.043433897412580524,725.9949951171875,0.04318695836179831,723.8126940917969,0.0463321753322794,,,,,802.8549194335938,-0.056680737191609376,,,0.6845637583892618,58.763564168248614,10962074.0,11256648.8,2.656321239940544,2.586808073820336,True,True,0.061567938938873246,0.03749112458490811,-0.056680737191609376,,,0.24963174440749122,0.2210977017709664,0.05547445255474453
2024-01-05,773.4949951171875,778.9000244140625,767.3099975585938,771.114990234375,757.8988647460938,10526010,757.8988647460938,0.0007266852658982526,727.5673248291016,0.04168898036221824,723.6402001953124,0.0473421246380934,,,,,802.8549194335938,-0.055995240982288585,,,0.6899328859060403,57.632103156399836,11153943.5,11290723.0,0.9437030051299794,0.932270679211597,False,False,0.05232152148894653,0.04328790137347793,-0.039432317825651264,,,0.24840254586211738,0.2184677933965437,0.042335766423357665
2024-01-08,767.7000122070312,783.0,763.1300048828125,773.5999755859375,760.3412475585938,11212090,760.3412475585938,0.0032225708812985143,729.6726104736329,0.042030681492969624,723.721875,0.05059868137686707,,,,,802.8549194335938,-0.052953118734070825,,,0.702013422818792,55.9983393307523,11142354.0,11373210.0,1.006258641576098,0.9858333750981473,False,False,0.05986385853157494,0.05862382304725422,-0.04300071467097444,,,0.24319258808756333,0.21805041912994605,0.03941605839416058
2024-01-09,777.4000244140625,781.0,769.7999877929688,772.5449829101562,759.3043823242188,12470830,759.3043823242188,-0.0013636840533172156,731.7990295410157,0.03758593776826191,724.3187670898437,0.0483014065408518,,,,,802.8549194335938,-0.05424459146379712,,,0.6993288590604027,53.858607496032604,11470868.0,11357700.6,1.0871740482062908,1.0980065806629908,False,False,0.03975743757394112,0.05933287566787104,-0.046470272086610476,,,0.24302201727379819,0.2179704596446402,0.03795620437956204
2024-01-10,771.5999755859375,773.5250244140625,766.0,768.0549926757812,754.891357421875,5590720,754.891357421875,-0.005811931295372719,733.5976654052735,0.029026390105587163,724.6595263671875,0.041718669188334,,,,,802.8549194335938,-0.059741256920436636,,,0.6724832214765101,58.415268164103416,11433748.0,11287126.2,0.4889665226135822,0.4953182857120886,False,False,0.04004856420179581,0.05003725773241219,-0.041644299087898684,,,0.24502515597659305,0.21721803860185904,0.033576642335766425
2024-01-11,768.0,779.3300170898438,765.10498046875,766.9749755859375,753.829833984375,6517410,753.829833984375,-0.0014061936556345467,735.6211303710937,0.024752828407873073,724.9872119140625,0.03978362872658692,,,,,802.8549194335938,-0.06106344279960996,,,0.6671140939597315,65.2412224456169,11418141.0,11257619.2,0.5707943175688582,0.5789332437181745,False,False,-0.004646046975604778,0.05673049930529528,-0.04743127054406271,,,0.24251886324731228,0.21694415750995755,0.032116788321167884
2024-01-12,768.4000244140625,771.89501953125,761.7000122070312,766.10498046875,752.9747314453125,8086380,752.9747314453125,-0.0011343442518623181,736.5393646240234,0.022314308794179283,725.3182397460937,0.038130147821596516,,,,,802.8549194335938,-0.062128520086133676,,,0.6563758389261745,69.6734661701653,10957676.5,11269464.8,0.7379648413603012,0.7175478288906851,False,False,-0.006497084940786824,0.024999229385608057,-0.046658838031956695,,,0.22087506006293767,0.21693096757324612,0.030656934306569343
2024-01-15,769.7949829101562,769.7949829101562,745.4000244140625,747.7999877929688,734.9835205078125,9972200,734.9835205078125,-0.02389351220719771,736.357290649414,-0.00186562984986538,725.3302307128906,0.013308820432638147,,,,,802.8549194335938,-0.08453756374023824,,,0.5597315436241611,66.11371373148143,10869317.5,11376353.2,0.9174633089888119,0.8765726436833906,False,False,-0.03335045564370376,-0.004930078852174669,-0.07599148731441807,,,0.23753487544002932,0.22142211208261392,0.05693430656934306
2024-01-16,747.5,761.4500122070312,742.7899780273438,745.6649780273438,732.885009765625,11947230,732.885009765625,-0.0028551806722654227,735.7137573242187,-0.003844902355614299,725.3450708007813,0.010394968227356527,,,,,802.8549194335938,-0.0871513743944321,,,0.5395973154362416,62.02904044786041,10925280.0,11444291.8,1.093539936733887,1.0439466424650234,False,False,-0.034794178953273636,-0.017258556539976655,-0.0521068610935248,,,0.23482767628944315,0.21432604999685723,0.017518248175182483
2024-01-17,730.3300170898438,747.8200073242188,730.219970703125,735.885009765625,723.272705078125,13802710,723.272705078125,-0.013115706501588775,734.3682189941406,-0.015108924418342995,725.2415759277344,-0.002714779343821805,,,,,802.8549194335938,-0.09912402904825346,,,0.4791946308724832,54.997998991442124,11219711.5,11492595.0,1.2302196896952298,1.2010089975327591,False,False,-0.041885036877008175,-0.035872246746930236,-0.06155676361614215,,,0.23733854364882537,0.21575941948242,0.021897810218978103
2024-01-18,729.5999755859375,735.1749877929688,723.4000244140625,726.5549926757812,714.1025390625,16869960,714.1025390625,-0.012678711572054246,733.2457885742188,-0.026107547850963364,724.6587365722656,-0.014567129294125292,,,,,802.8549194335938,-0.11054597564614499,,,0.4228187919463087,46.97052183822942,11625936.5,11703185.6,1.4510624584952792,1.441484445055712,False,False,-0.05270061376039736,-0.030478003429664113,-0.06482661712051774,,,0.2330503128500208,0.2164387440982299,0.026277372262773723
2024-01-19,736.0,738.8800048828125,726.125,731.9099731445312,719.3658447265625,8308100,719.3658447265625,0.007370518064495846,733.0096557617187,-0.01861341242630432,724.3117858886719,-0.006828469808814686,,,,,802.8549194335938,-0.10399023869210633,,,0.45234899328859063,50.95344657633922,11584800.5,11556746.2,0.7171552069455145,0.7188961197400009,False,False,-0.04463481351391263,-0.006522208602443791,-0.06152154653952846,,,0.22754262521822974,0.21689978908522306,0.029197080291970802
2024-01-23,735.2899780273438,735.5,704.260009765625,707.0700073242188,694.9515380859375,25332970,694.9515380859375,-0.03393865141026409,731.9059020996094,-0.05049059436146286,723.5466271972656,-0.039520727533613464,736.694267578125,-0.056662215696908214,,,802.8549194335938,-0.13439960164132891,,,0.30201342281879195,34.628059875944686,12286706.5,11880062.2,2.061819414340206,2.1323937176019165,True,True,-0.054466503404343336,-0.030786965076928685,-0.08106493971239148,,,0.2554509187113588,0.22583057248458044,0.07883211678832117
2024-01-24,710.4000244140625,710.4000244140625,699.6799926757812,705.530029296875,693.43798828125,20636750,693.43798828125,-0.002177921368238356,731.3800720214844,-0.051877382487828805,722.8951879882812,-0.04074892210723746,736.5170581054688,-0.05849025402755825,,,802.8549194335938,-0.13628481124526992,,,0.29395973154362415,35.53560086252253,12705622.0,12138439.0,1.6242219389180632,1.7001156408991305,True,False,-0.053824298435289464,-0.01493931812396343,-0.049381460973542235,,,0.2476936010963415,0.21435899533223132,0.01897810218978102
2024-01-25,705.530029296875,712.5800170898438,703.5999755859375,708.5499877929688,696.4061889648438,11683490,696.4061889648438,0.004280412572940762,730.6561920166016,-0.046875676174355396,722.1889050292968,-0.03570079225103462,736.3127697753906,-0.054197865973070414,,,802.8549194335938,-0.13258775389188437,,,0.3087248322147651,13.459808603685204,12487157.0,12272856.6,0.9356405144902078,0.9519780423410146,False,False,-0.03714576248301704,-0.020365635453227893,-0.056172682746863045,,,0.24534774025084982,0.2131014727548059,0.013138686131386862
2024-01-29,708.5499877929688,722.4949951171875,708.510009765625,719.1649780273438,706.8392944335938,18603610,706.8392944335938,0.014981350875497013,730.3269348144531,-0.03216044659071304,721.8563049316406,-0.020803323868548773,736.2376300048828,-0.03993049848741648,,,802.8549194335938,-0.1195927466792357,,,0.36778523489932885,22.629129547688322,12489305.5,12498480.8,1.489563210700547,1.4884697026537816,False,False,-0.010171150824420438,-0.00923033146583907,-0.04150308037173034,,,0.2513833536991293,0.21556545829332796,0.020437956204379562
2024-01-30,698.8499755859375,698.8499755859375,680.5,681.719970703125,670.0360717773438,41531470,670.0360717773438,-0.05206731281930388,727.8179351806641,-0.07939054619336539,721.0560595703125,-0.07075731091334603,735.8977569580078,-0.08949841816737902,,,802.8549194335938,-0.16543318654627215,,,0.1691275167785235,14.62349641012986,14109478.0,12944422.2,2.9435156991633566,3.2084452560578565,True,True,-0.06857397152066547,-0.06967352597707466,-0.09014824011483924,,,0.30800834424731643,0.2399791203039587,0.16642335766423358
2024-01-31,682.0,692.0999755859375,681.2000122070312,686.2899780273438,674.5276489257812,18105120,674.5276489257812,0.006703485584773183,725.6745574951171,-0.07048188205176265,720.07408203125,-0.06325242671835551,735.4479010009766,-0.08283421842972183,,,802.8549194335938,-0.1598386799427549,,,0.19731543624161074,17.66446406588433,14848989.5,12395116.0,1.2192829687164908,1.460665636368389,False,False,-0.029388940150285148,-0.059754447135110245,-0.08150548692598258,,,0.3100831702445032,0.2405430475410287,0.1708029197080292
2024-02-01,686.5900268554688,687.9949951171875,673.2999877929688,674.3300170898438,662.772705078125,19111370,662.772705078125,-0.017426926629881767,722.299658203125,-0.0824130988419488,719.1350573730468,-0.07837519770042889,734.9299822998047,-0.09818251936855138,,,802.8549194335938,-0.1744801096246572,,,0.13288590604026845,16.727599960142044,15248063.0,12361336.6,1.2533637879119466,1.5460601566338708,False,False,-0.04422209876204175,-0.0924287208555461,-0.0947496592660989,,,0.303911957384467,0.24278314082763777,0.18248175182481752
2024-02-02,675.5,691.0,675.2999877929688,684.8300170898438,673.0927734375,13675080,673.0927734375,0.015571052157554499,719.6631378173828,-0.06471133775327564,718.7020092773438,-0.0634605653679805,734.4416973876953,-0.08353137378828668,,,802.8549194335938,-0.16162589635452407,,,0.1865771812080537,22.666635258411418,15655114.5,12254250.2,0.873521557443735,1.1159458781084788,False,False,-0.03347674948437407,-0.07264910943065639,-0.07598993639066254,,,0.3121761137902906,0.24517707144542822,0.20583941605839415
2024-02-05,689.4000244140625,689.5,660.0,660.8200073242188,649.4942626953125,17712220,649.4942626953125,-0.03505981890381826,714.2704254150391,-0.09068856894374044,717.7290759277344,-0.09507043189551956,733.6754583740235,-0.11473900989583863,,,802.8549194335938,-0.19101914060198533,,,0.0697986577181208,19.641888944675756,15084786.0,12275249.6,1.1741777443843089,1.4429213724501375,False,False,-0.08112881130106542,-0.14241032565203016,-0.12613647767102742,,,0.2778452321104407,0.250627730324903,0.2759124087591241
2024-02-06,664.7999877929688,669.9000244140625,653.5,659.8150024414062,648.5065307617188,24395330,648.5065307617188,-0.0015207708371353101,708.8008087158203,-0.08506519351091113,716.6868518066407,-0.09513265224979561,732.9235211181641,-0.11517844348569539,,,802.8549194335938,-0.19224941510075855,,,0.06040268456375839,21.818657015366043,15778252.0,12554875.4,1.546136416125183,1.9430961457411198,True,False,-0.03213191337373156,-0.14433632120695006,-0.11973021078494073,,,0.277075708475246,0.2502444025329681,0.2686131386861314
2024-02-07,664.0999755859375,673.760009765625,662.5250244140625,670.9199829101562,659.421142578125,15382370,659.421142578125,0.016830380726599925,703.7548034667968,-0.06299589099822533,715.9704443359375,-0.07898273204596029,732.2340930175782,-0.09943944311495645,,,802.8549194335938,-0.17865466522477047,,,0.11677852348993288,27.360290599165168,15986766.0,12741291.2,0.9621939796954556,1.2072850199044192,False,False,-0.022395681439766224,-0.13273001471972834,-0.10063744786439643,,,0.28812582323896196,0.2531229199657005,0.3051094890510949
2024-02-08,673.1849975585938,673.75,653.6699829101562,657.5650024414062,646.2950439453125,21932090,646.2950439453125,-0.019905486471807232,698.1043365478515,-0.07421425407373583,715.0954028320313,-0.09621144061931453,731.4320788574219,-0.11639773175535706,,,802.8549194335938,-0.19500394367482077,,,0.053691275167785234,26.780302835037304,16459829.0,13034633.2,1.3324615948318783,1.6826012411304372,False,False,-0.024861707500266172,-0.14883272243600976,-0.10979863970810466,,,0.29087418471098064,0.25534910194416327,0.34306569343065696
2024-02-09,658.0,667.77001953125,657.2000122070312,665.4500122070312,654.044921875,12098740,654.044921875,0.011991238370602897,693.0620147705079,-0.0562966835059161,714.1655187988281,-0.08418300147694946,730.6685931396485,-0.1048678867328896,,,802.8549194335938,-0.1853510440760302,,,0.09664429530201342,31.727533786042272,16785230.0,13130976.4,0.7207967957543626,0.9213892121533322,False,False,-0.028298998762417482,-0.1335906611665133,-0.10615451166308798,,,0.2992823213079864,0.2561554511833066,0.37518248175182484
2024-02-12,666.9450073242188,667.1849975585938,655.1500244140625,656.9149780273438,645.6561889648438,5447840,645.6561889648438,-0.012825927745310883,687.6533325195312,-0.061073133174257666,713.0628479003906,-0.09453116108071724,729.7773834228516,-0.11526966492638735,,,802.8549194335938,-0.19579967272250398,,,0.04832214765100671,27.992458466348296,16731751.5,13103447.2,0.32559890696440236,0.4157562446620917,False,False,-0.005909326611356458,-0.14349875813189616,-0.10755551123604934,,,0.29921042983942653,0.2564214197586069,0.38248175182481753
2024-02-13,660.0,663.9000244140625,655.3099975585938,660.364990234375,649.0469970703125,9480140,649.0469970703125,0.0052517240033045365,682.4569458007812,-0.04895539408902372,712.0441101074218,-0.08847361019193789,728.9019976806641,-0.10955519516265133,,,802.8549194335938,-0.1915762345602755,,,0.06711409395973154,34.32661328976489,16801439.5,13038663.2,0.5642457004948891,0.7270791379901584,False,False,0.000833401489355845,-0.13802287119982604,-0.08591153496233961,,,0.3018715821039404,0.2543985057753532,0.327007299270073
2024-02-14,656.385009765625,665.5999755859375,655.0,664.6500244140625,653.2586669921875,6361260,653.2586669921875,0.006489006097995631,678.370703125,-0.03701816133440128,710.8394189453124,-0.0810038813527797,728.0707928466796,-0.1027539170497207,,,802.8549194335938,-0.18633036781657253,,,0.08993288590604027,36.529587116164706,16620892.5,12985793.0,0.38272673985467387,0.48986303724385566,False,False,-0.009345280562045977,-0.11119276995375338,-0.09724333806206309,,,0.29886978315513574,0.2513511806393052,0.28613138686131384
2024-02-15,664.5999755859375,667.739990234375,658.5650024414062,661.9400024414062,650.5950927734375,8808590,650.5950927734375,-0.004077365296987101,674.2562072753906,-0.035092171561260876,709.2899377441406,-0.08275155454394145,727.1574694824219,-0.10528995427012555,,,802.8549194335938,-0.1896479961380495,,,0.07651006711409396,34.61005821189623,16463960.5,12941679.6,0.5350225421155499,0.6806373107861518,False,False,0.006653383572114979,-0.11228216690979076,-0.08331245721039782,,,0.2987466682402686,0.24871628350081787,0.24817518248175183
2024-02-16,665.0050048828125,666.0,660.2000122070312,661.9199829101562,650.5753784179688,10294310,650.5753784179688,-3.030203530229869e-05,670.6213409423829,-0.029891626318131692,707.8537817382812,-0.0809184111154333,726.2534332275391,-0.1042033694398522,,,802.8549194335938,-0.18967255145307782,,,0.07516778523489932,29.676545443962937,16288540.5,12843117.4,0.6319970779456883,0.8015429338051523,False,False,-0.005304747947717181,-0.10051164125197254,-0.06357697928567951,,,0.2980872316587551,0.24528486257173607,0.2072992700729927
2024-02-19,664.8900146484375,680.6900024414062,662.530029296875,671.280029296875,659.7750854492188,13158810,659.7750854492188,0.014140877961937859,667.9049682617188,-0.012172214909044188,706.4496691894532,-0.06606922725830788,725.4952551269531,-0.09058662922093697,,,802.8549194335938,-0.1782138098939674,,,0.12080536912751678,45.370327532611164,16102983.0,12965933.6,0.8171659871962853,1.0148756276216007,False,False,0.021867515135278515,-0.07607794489094566,-0.054954298005278956,,,0.3041971571446826,0.24695702956711957,0.22043795620437956
2024-02-20,671.1900024414062,679.2000122070312,668.125,676.3599853515625,664.7678833007812,11067090,664.7678833007812,0.007567424053551708,665.1750701904297,-0.0006121499555475918,705.2159814453125,-0.05735561758205554,724.7996350097657,-0.08282530620779849,,,802.8549194335938,-0.17199500531208245,,,0.1476510067114094,45.616301358446535,16240932.5,13053503.0,0.6814319313253718,0.8478252925670604,False,False,0.02422149135799123,-0.07589735018144272,-0.05116892084195024,,,0.3042935972487393,0.24739782382526676,0.22773722627737225
2024-02-21,679.0,679.0,666.5050048828125,668.8800048828125,657.4160766601562,8549440,657.4160766601562,-0.011059208522711694,663.2982971191407,-0.008868137434593582,703.9995922851563,-0.06616980483439161,723.6879699707031,-0.09157523139873347,,,802.8549194335938,-0.18115208520618287,,,0.11006711409395974,47.49492923188638,15401756.0,12995614.2,0.5550951462937084,0.6578711762619115,False,False,0.006364109468475654,-0.054011624363279886,-0.054406186305712256,,,0.2843859542057455,0.24789901845959483,0.2364963503649635
2024-02-22,669.10498046875,670.6849975585938,656.0999755859375,667.4949951171875,656.0548706054688,10223740,656.0548706054688,-0.0020705396521526476,661.4291412353516,-0.00812524017288585,702.7851696777344,-0.06649300680845904,722.5127630615234,-0.09198161728583276,,,802.8549194335938,-0.18284754228284605,,,0.10201342281879194,41.30336308550244,14881105.5,13082078.0,0.6870282587540287,0.7815073415706587,False,False,0.008391975120434214,-0.05390982078792472,-0.049260764362714426,-0.07748488022446309,,0.2843884095914855,0.24752609839661893,0.2321167883211679
2024-02-23,667.4000244140625,671.9000244140625,663.260009765625,669.7849731445312,658.3056030273438,12803110,658.3056030273438,0.003430707586695947,659.5241119384766,-0.001847557790649046,701.5729089355468,-0.06167185955605081,721.3925964355469,-0.08745167848952229,,,802.8549194335938,-0.18004413114666862,,,0.11409395973154363,55.750846702778844,14937086.5,13211477.8,0.8571356937646442,0.9690899227034238,False,False,0.011882135208026057,-0.05471029198366795,-0.06028716896593578,-0.08164977596134404,,0.28413116086664947,0.24545790595242914,0.21021897810218979
2024-02-26,669.0,670.7999877929688,662.4199829101562,664.3250122070312,652.9391479492188,8920560,652.9391479492188,-0.00815192070893267,656.8291046142579,-0.005922326884895912,700.3644812011719,-0.06771521761157206,720.3156256103516,-0.09353743729221775,,,802.8549194335938,-0.18672834637438496,,,0.08859060402684564,52.736595865262295,14452934.0,13253298.0,0.617214470086143,0.6730822773320271,False,False,-0.010361011882322968,-0.07625516423441969,-0.06828094594381562,-0.08597164174462602,,0.2768599337364789,0.2458882173523457,0.21313868613138687
2024-02-27,663.0999755859375,664.2000122070312,649.1099853515625,655.625,644.3883056640625,11503060,644.3883056640625,-0.013095925266562891,655.5467163085938,-0.017021533884518103,698.5600463867188,-0.07754772263724219,719.0826263427734,-0.10387446162981773,,,802.8549194335938,-0.19737889117168006,,,0.04697986577181208,40.44004856479239,12951513.5,13137445.8,0.888163379515452,0.8755933364155154,False,False,-0.030656682051978468,-0.03827818709110353,-0.07942408691048275,-0.0847060947041709,,0.21424774614228168,0.24712267982136063,0.22481751824817517
2024-02-28,657.2000122070312,659.6749877929688,647.5,649.8699951171875,638.7318725585938,5353210,638.7318725585938,-0.00877798845160549,653.7569274902344,-0.02298263207599438,696.5621838378906,-0.0830224675141934,717.6389013671875,-0.1099536670298481,,,802.8549194335938,-0.20442428999598983,,,0.03355704697986577,44.685377249648944,12313918.0,13009722.4,0.4347284105676195,0.4114776499766052,False,False,-0.028420668074445432,-0.053067915635769736,-0.10478214776157102,-0.11227225165532018,,0.2130828166546895,0.24382341666490684,0.19124087591240876
2024-02-29,649.9000244140625,653.9000244140625,636.6199951171875,649.5349731445312,638.4027099609375,16990980,638.4027099609375,-0.0005153376742227378,652.538427734375,-0.021662659504233295,694.4151245117188,-0.08066128252918836,716.3034875488281,-0.10875387170662121,,,802.8549194335938,-0.2048342801320513,,,0.02953020134228188,37.72844977839749,12207898.5,13132982.4,1.3918022008456246,1.2937640120495402,False,False,-0.02690653089464934,-0.03676976274138333,-0.12315649210285962,-0.10658499998206261,,0.2058467575858308,0.23943333988941362,0.15766423357664233
2024-03-01,651.1749877929688,660.8699951171875,650.2100219726562,657.14501953125,645.8822631835938,9190800,645.8822631835938,0.011716042407015959,651.1779022216797,-0.008132399794308687,692.3291003417969,-0.06708780135815862,715.0459661865234,-0.09672623338020192,,,802.8549194335938,-0.19551808483747313,,,0.052348993288590606,50.179925309623094,11983684.5,13158516.8,0.766942754542645,0.698467778678521,False,False,-0.018871690878247027,-0.04042609180743628,-0.10590074323692922,-0.10532866281736886,,0.20195226442130862,0.24077616910828128,0.17372262773722627
2024-03-04,658.7999877929688,663.9949951171875,655.7449951171875,660.2449951171875,648.9290771484375,3971180,648.9290771484375,0.004717290036462485,651.1496429443359,-0.0034102234716087976,690.5766589355469,-0.06030841217730254,713.5067077636719,-0.09050739104841576,,,802.8549194335938,-0.19172311031456268,,,0.06577181208053691,49.905634573304155,11296632.5,13063031.2,0.3515366194306135,0.30400141737394,False,False,-0.006141568955355559,-0.0008701932862802408,-0.11103257156101287,-0.10630375431211292,,0.1606881607863274,0.23980544120044486,0.16058394160583941
2024-03-05,660.2449951171875,663.625,627.2000122070312,632.4249877929688,621.5859375,17175580,621.5859375,-0.04213579050670735,649.80361328125,-0.043424929016263825,688.5266076660156,-0.09722306940748848,711.8324530029297,-0.1267805578717528,,,802.8549194335938,-0.22578049600976136,,,0.012080536912751677,31.502153755776504,10935645.0,13223926.4,1.5706051174850684,1.298826043072956,True,False,-0.0353860676297717,-0.041511676420742494,-0.1443540577476724,-0.14110029387443224,,0.2196574987856805,0.2535793652599465,0.310948905109489
2024-03-06,633.25,634.5900268554688,618.780029296875,631.125,620.3081665039062,21047920,620.3081665039062,-0.002055662650981005,647.8479644775391,-0.04250966196342454,686.5922387695313,-0.0965406663850662,710.0904791259766,-0.1264378487831297,,,802.8549194335938,-0.22737203012777507,,,0.010738255033557046,32.020470143721454,11218922.5,13418987.8,1.8761088687438567,1.5685177089139315,True,False,-0.028844194013502023,-0.05931410679569593,-0.1363443653749784,-0.14835411025167355,,0.2080798524283797,0.2529094289498797,0.3007299270072993
2024-03-07,635.0,646.8599853515625,632.5399780273438,642.10498046875,631.0999755859375,14694210,631.0999755859375,0.01739749638128174,647.0882110595703,-0.024707969022419674,685.135146484375,-0.0788679009910781,708.4383880615235,-0.10916745023826913,,,802.8549194335938,-0.21393023781784593,,,0.020134228187919462,39.74959699984131,10857028.5,13467703.2,1.353428334465549,1.0910702279212687,False,False,-0.011439071703575387,-0.0235110395812671,-0.11952970701292565,-0.13131032239321483,,0.20993402882098114,0.25611627898143224,0.3708029197080292
2024-03-11,655.0,655.2000122070312,640.4000244140625,643.375,632.3482666015625,12039710,632.3482666015625,0.0019779608048091646,646.0033782958984,-0.021137833257709793,683.5644360351563,-0.07492515223679619,706.8849273681641,-0.10544383941543711,,,802.8549194335938,-0.21237542263840403,,,0.021476510067114093,34.24593756025733,10854077.0,13387441.6,1.1092338851106363,0.8993286663525016,False,False,-0.020954278130074888,-0.03317303528821547,-0.12041748356767179,-0.13423617256022446,,0.2045902247348671,0.2560406691567656,0.36934306569343067
2024-03-12,640.5,648.5,634.135009765625,643.60498046875,632.5742797851562,10946770,632.5742797851562,0.0003574188394765976,645.3492828369141,-0.019795486555125197,681.9474328613281,-0.07240023306343579,705.2970172119141,-0.10310937895957029,,,802.8549194335938,-0.21209391077602013,,,0.022818791946308724,30.436562923752078,11129023.5,13235164.2,0.9836235856631985,0.8270974076770427,False,False,-0.02520275009889905,-0.02026141683960503,-0.11324744074945803,-0.13909370940398413,,0.2003076548743047,0.2558048328126756,0.362043795620438
2024-03-13,643.9249877929688,651.4949951171875,639.155029296875,645.614990234375,634.5498046875,11321830,634.5498046875,0.0031229927701370563,644.6244232177735,-0.015628664021111627,680.2341076660156,-0.06715967703422754,703.744243774414,-0.09832327539306218,,,802.8549194335938,-0.20963328575582663,,,0.025503355704697986,35.133187459275504,11221108.0,13279040.4,1.0089761189358484,0.8526090484670865,False,False,0.020856114022849814,-0.02233612118729511,-0.13620864864478632,-0.13852533986376447,,0.19957523033429175,0.24740803497162756,0.2291970802919708
2024-03-14,645.614990234375,647.0,629.780029296875,639.7449951171875,628.7804565429688,12198650,628.7804565429688,-0.009092033599116034,643.4005126953125,-0.022723103049914983,678.4618127441406,-0.0732264591285221,702.0777545166015,-0.10440054182331959,,,802.8549194335938,-0.21681932647735758,,,0.01879194630872483,33.22852034282781,11512977.5,13456715.6,1.059556487450792,0.9065102037231135,False,False,0.013658195227080228,-0.03747093102021026,-0.14871490060183623,-0.14611860451314884,,0.19942953500668234,0.2472509394875127,0.22627737226277372
2024-03-15,637.5050048828125,657.7999877929688,636.0,651.4349975585938,640.2701416015625,19705000,640.2701416015625,0.018272967836443277,642.8842651367188,-0.004066242832371003,676.6618017578126,-0.05378116521682297,700.7487298583984,-0.08630566946451257,,,802.8549194335938,-0.2025082912199544,,,0.040268456375838924,40.04125142812848,12057798.0,13628217.6,1.6342121505104,1.4458970775459294,True,False,0.014530449010255575,-0.015870010835557502,-0.14144784682784517,-0.13701783165959713,,0.21150629884734107,0.2496883446453492,0.2583941605839416
2024-03-18,651.4349975585938,655.5,645.6099853515625,650.4650268554688,639.3167114257812,6764250,639.3167114257812,-0.0014891061035523512,642.3213317871093,-0.004677752726923168,674.9316723632812,-0.05276824661790391,699.4347424316406,-0.0859523088556543,,,802.8549194335938,-0.20369584099103122,,,0.03758389261744966,42.092650512087594,11881295.0,13652821.6,0.569319253498882,0.4954470363840395,False,False,0.0110199476969699,-0.017305707171958562,-0.14778619423015493,-0.137199963756775,,0.21150712741047936,0.24909031801315035,0.25255474452554744
2024-03-19,650.969970703125,666.719970703125,650.5,659.625,648.3197021484375,14080870,648.3197021484375,0.01408220770981905,641.7485626220703,0.010239430065131394,672.7510961914063,-0.036315651035398355,698.2818951416016,-0.07155017671342101,,,802.8549194335938,-0.19248212042367419,,,0.05906040268456376,52.27012243689601,11927398.0,13352063.2,1.180548347594337,1.05458383390516,False,False,0.024891025238378273,-0.017362558170837317,-0.11978997740571617,-0.11864333368680302,,0.21145230146509178,0.24921525813141074,0.25401459854014596
2024-03-20,661.0,673.0999755859375,660.5999755859375,664.9500122070312,653.5534057617188,14908310,653.5534057617188,0.008072720288983204,641.1878387451172,0.019285404789963545,670.6641870117187,-0.025513187644983004,697.1521936035156,-0.06253840731166416,,,802.8549194335938,-0.1859632544535017,,,0.0912751677852349,58.600445966889644,12119459.0,13439709.2,1.230113489389254,1.1092732571922017,False,False,0.029948163144700057,-0.016869764350496474,-0.0974122570924888,-0.11000027345429542,,0.2117246171806965,0.2480861630278464,0.23941605839416058
2024-03-21,670.75,677.1649780273438,665.7150268554688,671.5750122070312,660.0648803710938,18060920,660.0648803710938,0.009963186714306627,641.320278930664,0.02922814396526552,668.6586596679688,-0.012852266507910604,696.1902673339844,-0.05189010627975377,,,802.8549194335938,-0.1778528543653154,,,0.1221476510067114,61.728357528311925,12595033.0,13576685.8,1.4339716299274483,1.3302893111071332,False,False,0.0497541288101202,0.004029113076142066,-0.07944158564983095,-0.14119198501134445,,0.2113175818150905,0.24860374926060183,0.24525547445255474
2024-03-22,670.5,680.2999877929688,668.6300048828125,676.0900268554688,664.5025634765625,11252380,664.5025634765625,0.0067231013759947444,641.7426635742188,0.03546577342323043,666.7626232910156,-0.0033896018395540572,695.5406951904297,-0.044624465438890426,,,802.8549194335938,-0.17232547575922863,,,0.14496644295302014,60.42480370307344,12646465.0,13552316.8,0.8897648473308549,0.8302919837293059,False,False,0.037847184025145086,0.012876503551139562,-0.056043425153239346,-0.14099850547511172,,0.21231976702344346,0.24657837371673177,0.21751824817518248
2024-03-26,675.4500122070312,694.5,674.5,691.010009765625,679.1668701171875,18503210,679.1668701171875,0.022068096417723115,642.7857269287109,0.05659917708862183,665.2481335449219,0.020922624011128876,694.9538299560547,-0.02271655922792093,,,802.8549194335938,-0.1540602745557902,,,0.22416107382550335,64.98030307978311,12931470.0,13810566.6,1.4308667150757028,1.3397864501808348,False,False,0.06233242144184503,0.03168933546047503,-0.04461617979380306,-0.11833410453721427,,0.22537406821104364,0.25008862587728126,0.2671532846715328
2024-03-27,694.5750122070312,704.9000244140625,690.5,702.2750244140625,690.23876953125,15512750,690.23876953125,0.016302178302884718,644.6507080078125,0.07071746134324419,663.9763122558594,0.039553304524018174,694.4817620849609,-0.006109580964333228,,,802.8549194335938,-0.14026961431810536,,,0.2832214765100671,90.54911065127581,13261079.5,13990473.4,1.1697954152224184,1.1088080836492638,False,False,0.06465801863478582,0.05712572404210037,-0.03249912351590156,-0.09255075963725368,,0.2279581332692829,0.2523541894468165,0.29635036496350364
2024-03-28,703.2100219726562,734.9299926757812,703.2100219726562,724.5250244140625,712.1073608398438,35745180,712.1073608398438,0.03168264704030599,648.0366607666016,0.09886894361416076,663.15896484375,0.073810954222155,694.2386022949219,0.02573864156480732,,,802.8549194335938,-0.11303107995871975,,,0.4080536912751678,93.6122435960634,14473185.5,14543649.4,2.469752080493959,2.4577861454773515,True,True,0.08959322155146632,0.10509044714272808,-0.011258709731000405,-0.07240031725728913,,0.24135524645696432,0.26005471219812104,0.48175182481751827
2024-04-01,726.125,734.344970703125,722.0050048828125,725.094970703125,712.6676635742188,11252380,712.6676635742188,0.0007868233993737483,651.7334503173828,0.09349560503172283,662.7126477050781,0.07537960236933894,694.0214392089844,0.026866928471959817,,,802.8549194335938,-0.11233319205791403,,,0.41073825503355704,92.92437770484558,14768144.0,14569253.0,0.7619359616211759,0.7723374698757719,False,False,0.07969335252854437,0.1157540341919332,-0.006589867126410076,-0.08994549032133259,,0.23638741301219315,0.25993507034345037,0.47883211678832116
2024-04-02,725.094970703125,725.5,713.5,720.739990234375,708.3872680664062,9676150,708.3872680664062,-0.006006159289373647,655.2326782226562,0.08112322784012216,662.2226928710937,0.06971155729376188,693.7838818359374,0.021048898097523416,,,802.8549194335938,-0.11766466030230405,,,0.3812080536912752,88.7774647887324,14402402.5,14523831.4,0.6718427706766285,0.6662257178226401,False,False,0.06604143761349324,0.10962446902794465,-0.029966179834020834,-0.08233345446368512,,0.2390591315861058,0.25750397148774823,0.40875912408759124
2024-04-03,719.7000122070312,732.3350219726562,718.614990234375,730.9249877929688,718.3977661132812,9589430,718.3977661132812,0.014131391822158834,658.8584533691406,0.09036738079276385,662.1251940917969,0.08498781276352219,693.6833850097656,0.03562775415641206,,,802.8549194335938,-0.10519603389849841,,,0.4469798657718121,89.79579822990416,14422334.0,14439565.8,0.6649013952942707,0.6641079193669382,False,False,0.057763265144727516,0.1122735629435836,-0.010230336026570086,-0.06899204252843871,,0.24006741959640074,0.25891843528281344,0.44525547445255476
2024-04-04,734.5,735.0,725.5,728.3400268554688,715.8570556640625,10405890,715.8570556640625,-0.00353663467380283,662.2048522949219,0.08102055305575728,662.1602844238281,0.08109331305932677,693.4095104980469,0.032372710247213776,,,802.8549194335938,-0.10836062863126927,,,0.42818791946308726,87.50506772736077,14744069.5,14310284.4,0.7057678343146714,0.7271616488628276,False,False,0.03711510750143776,0.10313604502008733,-0.05478515437689857,-0.10836062863126927,,0.24217736683183497,0.24261418905807391,0.181021897810219
2024-04-05,723.4749755859375,725.9000244140625,715.5999755859375,717.5650024414062,705.2667236328125,12004940,705.2667236328125,-0.0147939200255921,666.3888916015625,0.05834105658306088,661.8783020019531,0.06555347334944273,693.0950439453125,0.017561342840103134,,,802.8549194335938,-0.12155147018296752,,,0.35704697986577183,83.77891145277101,14485537.5,14384221.2,0.8287535067304199,0.834590891858643,False,False,-0.009606188031764717,0.13462464493546,-0.06944480795721175,-0.1061387560441529,,0.18401103485395565,0.2442703359976075,0.19708029197080293
2024-04-08,721.5,722.6950073242188,714.280029296875,717.85498046875,705.5517578125,5182100,705.5517578125,0.00040415089800260873,670.6510711669922,0.05204000730928149,662.0903063964844,0.06564278467171714,692.818466796875,0.018378971730495408,,,802.8549194335938,-0.12119644442079291,,,0.35838926174496644,81.99723098757056,13692246.5,13981203.8,0.37846966894731265,0.37064762620798075,False,False,-0.009984886540285287,0.13742135911095876,-0.07205907863346783,-0.11196120142467125,,0.18271473611810085,0.24412649400543535,0.1927007299270073
2024-04-09,722.0,723.5349731445312,712.4500122070312,719.3599853515625,707.0309448242188,7102810,707.0309448242188,0.002096496813082549,674.4476196289063,0.048311127872673554,662.3621655273438,0.06743860326217699,692.6286767578125,0.020793635247421616,,,802.8549194335938,-0.11935403556719548,,,0.3704697986577181,83.01937894055125,13312676.5,13710525.0,0.5335373393922702,0.5180552896406228,False,False,-0.0019146634945735874,0.12031527836423073,-0.06884385065708676,-0.11211493027217245,,0.17866225978742434,0.2442152046971501,0.19562043795620437
2024-04-10,723.5900268554688,725.4000244140625,716.0,723.0250244140625,710.6332397460938,5679860,710.6332397460938,0.0050949607626729065,678.3618682861328,0.04757250218308107,662.6467065429688,0.0724164667677456,692.4178057861328,0.02630699818483162,,,802.8549194335938,-0.11486717893260401,,,0.3959731543624161,82.0752719319025,12994684.0,13590452.4,0.43709104430704127,0.41793016397305505,False,False,-0.01080811596783715,0.12380040759067668,-0.05862845989776955,-0.09783121786662274,,0.17812977322725285,0.2443336362959279,0.2
2024-04-12,722.4000244140625,726.4000244140625,715.6300048828125,722.9550170898438,710.5643310546875,10925880,710.5643310546875,-9.696801043368453e-05,682.2613708496094,0.041484043233801726,662.7212072753906,0.07219193116814782,692.2887561035157,0.02639877477432151,,,802.8549194335938,-0.11495300850123247,,,0.3946308724832215,80.99375988394432,12993639.5,13436897.8,0.8408637164360301,0.8131251842966313,False,False,-0.007393549546655276,0.12328994991073516,-0.057394256606968286,-0.1021032446382305,,0.17832490075432453,0.24433652249343735,0.20145985401459854
2024-04-15,714.5050048828125,719.8800048828125,706.344970703125,707.625,695.4971313476562,7584480,695.4971313476562,-0.0212045539700354,685.3087371826172,0.014866867460241018,663.2304284667969,0.04865081802029336,692.1432440185547,0.0048456549393287585,,,802.8549194335938,-0.13372003519848563,,,0.30604026845637583,67.62319069360792,12806772.0,12757958.0,0.5922241763966751,0.5944901213814938,False,False,-0.0138523369354977,0.09604813713585703,-0.07633403578806652,-0.11943121640786214,,0.20258844056518444,0.24786695066962064,0.23503649635036497
2024-04-16,700.9949951171875,703.4299926757812,693.0999755859375,695.4249877929688,683.506103515625,9632930,683.506103515625,-0.01724094506155094,688.04501953125,-0.006596829984638619,663.4099975585938,0.030292136131482295,691.7420397949219,-0.01190608030955953,,,802.8549194335938,-0.14865552047955088,,,0.2550335570469799,58.79136703648194,12678486.0,12588514.2,0.7597855138223917,0.7652158028308059,False,False,-0.031245977425136906,0.0870345864016473,-0.07003887237719408,-0.14070800160984442,,0.21178822181474455,0.24563048084574088,0.2116788321167883
2024-04-18,692.8099975585938,699.5,686.5999755859375,689.3200073242188,677.5057983398438,13851330,677.5057983398438,-0.008778714842367252,689.9068023681641,-0.01797489745825498,663.7046594238282,0.020794096771893367,691.4198583984376,-0.020123894171659273,,,802.8549194335938,-0.15612923089788444,,,0.2134228187919463,49.16459106249037,12385802.5,12483313.4,1.1183231768793342,1.109587619581833,False,False,-0.04175934122899738,0.05815616615377461,-0.0755633021386144,-0.1237327967438343,,0.2098176465100129,0.24611176960672146,0.2145985401459854
2024-04-19,684.0050048828125,715.0,681.0050048828125,711.9500122070312,699.7479248046875,12183750,699.7479248046875,0.032829425990664074,692.9283630371094,0.009841654825165413,664.2377624511719,0.053460017422791495,691.4698858642578,0.011971655034670237,,,802.8549194335938,-0.12842543793796168,,,0.3288590604026846,54.29940348460363,12656777.5,12453486.8,0.9626265453429991,0.9783404596373764,False,False,-0.015317767777504376,0.09452468909210077,-0.03252546392013567,-0.09208006524224066,,0.23421307818362105,0.2544721362756061,0.3284671532846715
2024-04-22,716.72998046875,730.5999755859375,716.72998046875,729.219970703125,716.7218627929688,11652720,716.7218627929688,0.02425721804465364,696.3484710693359,0.029257466010296218,665.582314453125,0.07683429566764022,691.6556951904297,0.036240817182366714,,,802.8549194335938,-0.10728346374384934,,,0.42953020134228187,52.18298952104971,12535370.0,12332296.8,0.9295872399458492,0.9448945471373994,False,False,0.008665692139572467,0.1055068362381344,0.0036679938624886166,-0.061396406891753186,,0.24230504427995236,0.25810688586047054,0.4248175182481752
2024-04-23,730.9000244140625,733.989990234375,723.6799926757812,725.989990234375,713.5473022460938,10815670,713.5473022460938,-0.004429278234242995,699.3481658935547,0.020303386846517224,666.8831298828125,0.0699735384991389,691.7849908447265,0.03145820115986275,,,802.8549194335938,-0.11123755366723742,,,0.41879194630872485,50.406087594548076,12330738.0,12060703.6,0.8771307929825449,0.8967694057252182,False,False,0.025952904886123562,0.09179647134491153,-0.008088433059649125,-0.06911236668826648,,0.2443517461756174,0.25783791836928865,0.42043795620437957
2024-04-24,728.2999877929688,741.9450073242188,725.0,732.9149780273438,720.3535766601562,8869290,720.3535766601562,0.009538645010131575,702.3626007080078,0.025614940109300877,668.1017785644531,0.07820933841543787,692.0361114501953,0.04091905717263833,,,802.8549194335938,-0.10275996419333322,,,0.46308724832214765,55.3983802876625,11871156.5,11930442.0,0.7471293972074246,0.7434167149884304,False,False,0.05390950125391081,0.09133753072147655,0.03655224455532835,-0.04747580065829349,,0.24423076215072353,0.24862905882602176,0.24671532846715327
2024-04-25,733.0,736.4849853515625,712.510009765625,729.489990234375,716.9872436523438,11733540,716.9872436523438,-0.004673167617797014,704.9868347167969,0.017022174520985978,669.5156225585938,0.07090442626616289,692.3055126953125,0.035651501402811814,,,802.8549194335938,-0.10695291727405598,,,0.43221476510067114,49.32308936040585,11895214.5,11726471.0,0.9864084418149837,1.0006028241574128,False,False,0.058274697292990174,0.07898341264658248,0.03396014606794573,-0.017098316533306512,,0.24619188311124193,0.24880581392535223,0.24963503649635035
2024-04-26,700.0,700.0,669.1500244140625,673.1199951171875,661.5834350585938,58147230,661.5834350585938,-0.07727307435976427,704.1076629638671,-0.06039449666869423,669.6663928222656,-0.012070126036348827,691.9159558105468,-0.04383844670328496,,,802.8549194335938,-0.1759614109043084,,,0.12885906040268458,32.721056736759024,13877415.5,12647440.8,4.190061903097158,4.597549094675343,True,True,-0.05454034001850905,-0.025889712576174118,-0.050003510103796556,-0.1033673615413695,,0.37031984376114113,0.2955150832666891,0.8204379562043795
2024-04-29,678.9949951171875,683.9600219726562,671.3049926757812,682.6599731445312,670.9598999023438,16810300,670.9598999023438,0.014172762416458484,703.1437194824218,-0.04577132482071844,670.1724670410156,0.001174970474100423,691.6176574707031,-0.02986875384863119,,,802.8549194335938,-0.1642825077590614,,,0.17315436241610738,38.992754698831796,13942293.0,12874690.0,1.2057055464262585,1.305685806803892,False,False,-0.06384898419631957,-0.02793072554008924,-0.050760328145029066,-0.09015669853806074,,0.369071847281362,0.2953366367060026,0.8189781021897811
2024-04-30,682.9949951171875,697.5,682.1950073242188,692.35498046875,680.48876953125,17986750,680.48876953125,0.014201846683077779,701.5627899169922,-0.030038680341406998,670.8013024902343,0.014441634214263699,691.4227062988281,-0.015813679053306218,,,802.8549194335938,-0.1524137760638894,,,0.2295302013422819,42.40889535666168,13054371.5,13044822.2,1.3778334713394667,1.3788420972115665,False,False,-0.0463298405176259,-0.04440143866973023,0.015600201532701474,-0.07595436929574761,,0.3533254526164677,0.2767422967520698,0.7313868613138687
2024-05-02,693.7849731445312,696.9949951171875,686.5,688.27001953125,676.4738159179688,11395720,676.4738159179688,-0.005900102680675978,699.7530975341797,-0.03326785075799377,671.26560546875,0.007758792356986399,691.0525122070312,-0.02109636537244053,,,802.8549194335938,-0.15741462181583898,,,0.2080536912751678,40.88483955141543,13061538.5,13145511.4,0.8724638372424505,0.8668905798522224,False,False,-0.060914198476852754,-0.05078643174958741,0.002885229382793897,-0.0788554195689265,,0.3534166799785572,0.2767235543677966,0.7299270072992701
2024-05-03,732.9000244140625,740.0,690.6950073242188,693.1500244140625,681.2702026367188,68186010,681.2702026367188,0.0070902769713878655,698.3972442626953,-0.024523352242114993,671.8791076660157,0.013977358223454805,690.5845227050781,-0.013487588791990857,,,802.8549194335938,-0.15144045811247175,,,0.23624161073825503,41.302992766655024,15987031.5,14333059.8,4.265082607737402,4.757254274485061,True,True,-0.0498154483665314,-0.038280001140767905,0.027909262733463613,-0.069484789666999,,0.3546799936559227,0.27460654502813714,0.7124087591240876
2024-05-06,700.7949829101562,701.9949951171875,684.5,685.9849853515625,674.2279663085938,12299880,674.2279663085938,-0.010336921093671014,696.188754272461,-0.03154430149739629,672.3521594238281,0.0027899172457082067,690.1029705810547,-0.023003819646066015,,,802.8549194335938,-0.16021195114024467,,,0.1959731543624161,39.66451311833498,16122554.0,14373171.2,0.7628989799010752,0.8557526956890349,False,False,0.01911252697685839,-0.06148376552401824,0.001686532549289188,-0.07443156334251455,,0.35080263667078243,0.2737088630678505,0.6978102189781021
2024-05-07,688.9949951171875,694.3099975585938,678.7999877929688,687.2550048828125,675.4761352539062,12981260,675.4761352539062,0.0018512565596267017,694.1697082519531,-0.026929398929147585,672.6661804199218,0.004177339244601619,689.5579248046874,-0.020421474461003064,,,802.8549194335938,-0.15865728800609702,,,0.19865771812080538,43.81936221992265,16251322.5,14369620.2,0.7987817606843997,0.9033822619751635,False,False,0.00673100635704138,-0.05640919523059951,0.04000323644241677,-0.09117910856889833,,0.3511999509452494,0.26368207760066537,0.5518248175182482
2024-05-08,687.1500244140625,687.9550170898438,678.5,679.9450073242188,668.29150390625,7259250,668.29150390625,-0.01063639553299034,692.320947265625,-0.03470853143225139,672.7366528320313,-0.00660756167672516,688.9763171386719,-0.030022531570208733,,,802.8549194335938,-0.16760614186966294,,,0.1597315436241611,45.159490060561716,16014038.0,14293463.4,0.45330540616926224,0.5078720109221394,False,False,-0.01792427174573652,-0.05242728529159013,0.03050851796556664,-0.09287448410612753,,0.3496011584157175,0.2646834969104153,0.5693430656934306
2024-05-09,679.989990234375,683.27001953125,658.5,660.5150146484375,649.1945190429688,13811150,649.1945190429688,-0.028575830684150372,689.5030853271485,-0.058460313147191356,672.5722216796875,-0.03475865027302949,688.2859069824219,-0.056795275833610104,,,802.8549194335938,-0.19139248782212226,,,0.06845637583892618,41.68566071691038,16445490.5,14398697.6,0.8398138079250358,0.9591943926928502,False,False,-0.04032572471113649,-0.07987683135290002,-0.015508485965696317,-0.1145851993822643,,0.36139673004560074,0.269140991775313,0.635036496350365
2024-05-10,663.8900146484375,669.7999877929688,660.1199951171875,668.4149780273438,656.9590454101562,8249080,656.9590454101562,0.011960246335156688,686.9994903564453,-0.043727026537825786,672.5903051757813,-0.023240388161021475,687.6877374267578,-0.044684077298781766,,,802.8549194335938,-0.18172134278801655,,,0.1087248322147651,36.266083238091284,16502804.0,14359204.4,0.49985929663831674,0.5744802964153083,False,False,-0.03568504410213613,-0.07081995460115442,0.01650020615931891,-0.09511013373998223,,0.3652432657461586,0.2670484702490581,0.6145985401459854
2024-05-13,668.4000244140625,674.4299926757812,662.0,671.875,660.3598022460938,5122560,660.3598022460938,0.005176512690854729,684.4858184814453,-0.03524691905067656,672.6313891601562,-0.018244148447167596,687.1021490478515,-0.038920481967369525,,,802.8549194335938,-0.17748551293430315,,,0.12483221476510067,30.18280722747808,16474939.0,14205593.4,0.31093043804289655,0.3606016204856321,False,False,-0.020568954056338518,-0.07074456229765225,0.00965511719438239,-0.09752432871952521,,0.36526855878200054,0.26615037237785216,0.5941605839416059
2024-05-14,671.0,674.1849975585938,665.760009765625,667.5700073242188,656.1286010742188,7558400,656.1286010742188,-0.006407417831132856,681.7640319824219,-0.03760161831016651,672.6951782226563,-0.02462716797258524,686.5298297119141,-0.04428245841910827,,,802.8549194335938,-0.18275570692509302,,,0.10335570469798658,29.960190831791778,16306565.0,14178350.2,0.463518834285455,0.5330944639807247,False,False,-0.02864280937536734,-0.07660915078536246,0.016219796678732523,-0.09308024308124285,,0.36519775862091164,0.26512129554375324,0.5766423357664233
2024-05-15,669.2000122070312,673.1950073242188,664.5050048828125,668.0,656.5512084960938,5950590,656.5512084960938,0.0006440923641846119,679.8167358398438,-0.0342232341706149,672.9384362792969,-0.02435174883724689,685.7492413330078,-0.042578294042523335,,,802.8549194335938,-0.18222932611624998,,,0.10469798657718121,26.69369769482674,16224870.5,14067300.8,0.36675731864855254,0.42300865564771317,False,False,-0.0175676263150627,-0.05599724441148657,0.011561892219907,-0.07534294265011388,,0.35951374107187245,0.2649298462665109,0.5751824817518248
2024-05-16,670.0349731445312,676.2100219726562,662.3049926757812,674.7150268554688,663.151123046875,10598510,663.151123046875,0.010052398754849756,678.7989868164062,-0.023052279207015802,673.4268212890624,-0.015258819395577161,684.9945025634765,-0.03188840119863212,,,802.8549194335938,-0.1740087692123483,,,0.138255033557047,30.788116503534823,16273149.5,14172206.8,0.6512881848716501,0.7478376620922579,False,False,0.021498339241188935,-0.02978024682450353,0.015143245018448104,-0.0835726727383006,,0.35784836232504724,0.2653838597079957,0.5824817518248175
2024-05-17,674.7000122070312,678.0,670.10498046875,672.739990234375,661.2099609375,4801580,661.2099609375,-0.0029271791027907224,677.9841949462891,-0.024741334877456778,673.8829663085937,-0.018805944065501623,684.1490454101563,-0.033529367067820726,,,802.8549194335938,-0.17642659348219836,,,0.12751677852348994,49.78448989367135,15820662.0,13928418.8,0.3035005741226252,0.3447325980749516,False,False,0.006470594410782127,-0.024052690681430344,0.016315629001768306,-0.06835612335170005,,0.35681943460195853,0.26531160742141885,0.5781021897810219
2024-05-21,670.5,678.5,670.5,674.2849731445312,662.7284545898438,7616240,662.7284545898438,0.0022965377747647953,676.1332214355468,-0.019825629655118027,674.2198901367187,-0.01704404707571705,683.2744952392578,-0.030069965720320946,,,802.8549194335938,-0.17453522604383842,,,0.13154362416107382,44.77639804479011,15592286.5,13896927.6,0.4884620353788394,0.5480520744743608,False,False,0.0035869117649096616,-0.05290400857591193,0.018680504327458713,-0.04608412499489356,,0.33420378414564733,0.2653379717283707,0.581021897810219
2024-05-22,677.7449951171875,677.7449951171875,672.7249755859375,674.4550170898438,662.8956298828125,4160460,662.8956298828125,0.00025225307863419033,673.4419097900391,-0.015660266689542124,674.4992211914063,-0.01720326865329469,682.5379400634765,-0.028778341873328395,,,802.8549194335938,-0.17432700001330392,,,0.13557046979865772,37.33015802687934,15217673.5,13900713.2,0.27339658719843085,0.2992983122621363,False,False,0.010313570841927522,-0.07510058741671788,0.004729709415245864,-0.05048450645071689,,0.31924502002181276,0.2637990220536479,0.5532846715328467
2024-05-23,675.9550170898438,685.3499755859375,673.0050048828125,682.6649780273438,670.96484375,7093170,670.96484375,0.012172676215430833,671.3127868652343,-0.0005183025290774745,675.4867993164063,-0.0066943655612256014,682.0067034912109,-0.01619025104106364,,,802.8549194335938,-0.16427634992464257,,,0.174496644295302,46.251556331517925,15031548.5,13699065.0,0.4718855146560582,0.5177849729160348,False,False,0.021953558332368894,-0.05967713473522118,0.009321991336959545,-0.042323925741800994,,0.3241409954019293,0.26451494472793824,0.5678832116788322
2024-05-24,682.0,691.0,679.2999877929688,683.6900024414062,671.9722900390625,7420430,671.9722900390625,0.0015014889355928762,668.8937225341797,0.004602476299552238,676.5200817871093,-0.006722330748901495,681.5561602783204,-0.01406174692243145,,,802.8549194335938,-0.16302152011084103,,,0.17986577181208055,43.329523809523806,14959105.5,13426515.2,0.49604770820019956,0.5526698394532038,False,False,0.01330189557948458,-0.06716324897754866,0.02214155372173976,-0.03346927008085532,,0.3213046285052774,0.26346275461114665,0.5474452554744526
2024-05-27,685.9000244140625,695.9550170898438,681.0,689.5499877929688,677.7318725585938,6554710,677.7318725585938,0.008571160753066742,666.9309539794922,0.016194957685880196,677.4527197265625,0.0004120624567629516,681.2939331054688,-0.005228375556844411,,,802.8549194335938,-0.15584764301285348,,,0.21610738255033557,52.56089074460682,14700164.0,13263725.2,0.4458936648597934,0.4941831876914941,False,False,0.024987390688531175,-0.0547504456199005,0.0330414465685156,-0.01784696470781366,,0.3239647368374817,0.2639209752467809,0.5562043795620438
2024-05-28,691.39501953125,694.5,685.6900024414062,687.3049926757812,675.5252685546875,7528670,675.5252685546875,-0.0032558657682363323,667.6280456542969,0.011828776444900546,678.316259765625,-0.004114586921301067,680.9403479003906,-0.007952354949152252,,,802.8549194335938,-0.15859608977514406,,,0.2,50.035413787005204,12169236.0,13173504.4,0.61866414621263,0.5715009287885462,False,False,0.01930928704843904,0.02107343194718747,0.02615755577372547,-0.035706578176876724,,0.16547077406385677,0.263979133287286,0.5576642335766423
2024-05-29,687.7999877929688,690.7999877929688,678.5349731445312,680.6699829101562,669.0040283203125,7213310,669.0040283203125,-0.009653584459286657,667.5302520751953,0.002207804426144877,679.0448547363281,-0.014786690961548499,680.4961437988281,-0.01688784805504051,,,802.8549194335938,-0.16671865348687376,,,0.16241610738255033,50.518524572397126,11689386.5,13098835.2,0.6170819999834893,0.5506833157195534,False,False,0.009214721235347278,-0.002915034985423004,0.024603947276788496,-0.045356979461038116,,0.16207460065817741,0.2642088687742568,0.564963503649635
2024-05-30,677.989990234375,679.89501953125,659.405029296875,661.64501953125,650.3051147460938,11555750,650.3051147460938,-0.02795037515867682,666.0210693359375,-0.023596782914861003,679.3599609375,-0.042767969650892024,679.7970343017578,-0.043383418972923526,,,802.8549194335938,-0.19000917973464293,,,0.0738255033557047,50.81292241049634,11367836.5,13103513.6,1.0165302782108099,0.8818817877977401,False,False,-0.030791075264748224,-0.04435584558720651,0.009182055338409434,-0.0709713079332881,,0.1807451185351644,0.2691911936568511,0.6364963503649635
2024-05-31,666.4949951171875,677.1950073242188,664.239990234375,669.77001953125,658.2908935546875,28417330,658.2908935546875,0.01228004920691994,665.1119232177734,-0.010255461411797007,679.9501696777344,-0.0318542109244746,679.2059912109376,-0.03079345283595203,,,802.8549194335938,-0.18006245260463094,,,0.11275167785234899,50.971725075859666,12218917.0,13427887.2,2.325683200892518,2.1162919807667135,True,True,-0.020360060507226718,-0.02687897437479847,0.03062164553922342,-0.0773691040099409,,0.18721843675919414,0.2696181801907211,0.637956204379562
2024-06-03,694.885009765625,698.8699951171875,683.2949829101562,691.5549926757812,679.7024536132812,11482120,679.7024536132812,0.03252598550007901,665.0335357666015,0.022057410728574034,680.7388159179687,-0.0015224081254863187,678.7003088378906,0.0014765644900127661,,,802.8549194335938,-0.1533931758270789,,,0.22550335570469798,61.175440056534875,9383722.5,13263429.6,1.223621009679261,0.8656976623904273,False,False,0.0029076116005111174,-0.002301214727093326,0.06469230629498868,-0.06643146331720551,,0.22104327050645228,0.2774004217197805,0.7372262773722628
2024-06-04,691.594970703125,691.594970703125,637.5700073242188,650.9550170898438,639.79833984375,32993870,639.79833984375,-0.05870820909561525,663.3120544433593,-0.03544894811137067,680.7484484863281,-0.060154538337373165,677.8400604248047,-0.05612197154180276,,,802.8549194335938,-0.20309594628239758,,,0.038926174496644296,43.318978540725375,10418422.0,13788022.0,3.166877863077537,2.392937145008907,True,True,-0.05288762741233444,-0.05106526009792556,-0.009419554749585002,-0.11432276013757225,,0.3026142110966093,0.30241331259504395,0.8306569343065694
2024-06-05,660.4000244140625,686.2000122070312,653.5549926757812,683.6649780273438,671.9476928710938,12185170,671.9476928710938,0.05024919732551236,663.1356323242187,0.013288473906898579,681.2210083007812,-0.013612785449495513,676.9860522460938,-0.007442338521279512,,,802.8549194335938,-0.1630521572376411,,,0.17852348993288591,55.000789005622956,10378617.5,13750108.0,1.1740648501594746,0.8861872212203715,False,False,0.004400069993856448,-0.005223637370232459,0.035471697190401885,-0.07949938812729496,,0.3558092757372976,0.3193529667377973,0.8934306569343066
2024-06-06,685.0,701.2949829101562,682.22998046875,692.5800170898438,680.7098999023438,14657160,680.7098999023438,0.013040013566846032,663.7565521240234,0.025541514767831064,681.7641381835938,-0.0015463387148212382,676.2141625976562,0.006648392703603401,,,802.8549194335938,-0.15213834601327736,,,0.23221476510067113,55.6241053586014,10748513.0,13745085.0,1.3636453712248382,1.0663564466862154,False,False,0.04675464557605591,0.01858230416443507,0.09511792148988851,-0.06296679418937379,,0.3563661885138039,0.3074792294522121,0.8423357664233576
2024-06-07,699.5,729.9000244140625,694.0999755859375,719.1400146484375,706.8147583007812,29840520,706.8147583007812,0.0383494619399285,666.637564086914,0.060268422270649324,682.6991357421875,0.035323938900811314,675.6788977050782,0.04608085394031858,,,802.8549194335938,-0.1196233077833887,,,0.36644295302013424,62.64926847485701,11549981.5,13980677.0,2.583598943426879,2.1344116597500964,True,True,0.07371188819591756,0.08875650913189359,0.1394574446511503,-0.01590115751160537,,0.36143990818331784,0.3163905361334778,0.8759124087591241
2024-06-10,725.0,725.0,707.5250244140625,708.885009765625,696.7354736328125,8723180,696.7354736328125,-0.014260150272187078,668.6263854980468,0.04204005217925677,683.3437939453125,0.019597280031157682,675.053208618164,0.032119342205679136,,,802.8549194335938,-0.13217761171052855,,,0.3100671140939597,59.004792570303906,11573686.5,13930093.0,0.7537079909672687,0.6262111817918229,False,False,0.02505952410350165,0.06054628290843134,0.10400174391693873,-0.02795926107521185,,0.3662219091595841,0.3166229018602411,0.8773722627737226
2024-06-11,708.2999877929688,716.9000244140625,705.0999755859375,713.8099975585938,701.5760498046875,12052130,701.5760498046875,0.0069475092844577535,670.6871978759766,0.046055526371360456,683.7919775390625,0.026008015375712734,674.5200555419922,0.04011147487817124,,,802.8549194335938,-0.12614840761062718,,,0.338255033557047,59.99490271632229,11920165.0,13801071.4,1.0110707360174964,0.8732749545807001,False,False,0.09655809669031767,0.062414834183431855,0.10947730366238972,-0.024123161320080855,,0.36640275392062754,0.31679531447399656,0.8802919708029197
2024-06-12,714.7999877929688,727.7000122070312,711.5,721.7750244140625,709.4046020507812,12685080,709.4046020507812,0.01115852265520334,673.3509979248047,0.05354355193218674,684.1752941894531,0.036875502631555035,674.0758032226563,0.05241072095930943,,,802.8549194335938,-0.11639751481966476,,,0.38523489932885907,59.94508543371233,12176499.0,13744518.0,1.0417674242818071,0.92291923223499,False,False,0.05574378716837591,0.08119749830953671,0.12145660157368265,-0.005545488466121573,,0.36554359480851356,0.31733895870109774,0.8846715328467153
2024-06-13,725.219970703125,732.5,723.2150268554688,729.4949951171875,716.9922485351562,13454950,716.9922485351562,0.010695795407078323,676.3730499267579,0.060054430928016655,684.2729919433593,0.04781608652837965,673.7159783935547,0.06423518445382848,,,802.8549194335938,-0.10694668341698987,,,0.43355704697986575,61.263985549983005,12551717.0,13298713.4,1.071960911801947,1.0117482492704895,False,False,0.05330075063990947,0.09205837908288927,0.12992273142099076,-0.023982516898888195,,0.3660007833964865,0.3178211750252266,0.8890510948905109
2024-06-14,729.60498046875,737.0,724.7000122070312,734.155029296875,721.5723876953125,11874880,721.5723876953125,0.006387989785822112,679.2941131591797,0.062238541034177475,684.4510864257812,0.05423514113094563,673.5818670654297,0.07124675258697422,,,802.8549194335938,-0.10124186795246304,,,0.4738255033557047,61.034010997096956,12615535.5,13311163.4,0.941290205239405,0.892099333706624,False,False,0.020879062330290576,0.08809645738066241,0.14757445176097428,-0.02308696876586558,,0.36551645009427014,0.3170465785209044,0.8832116788321168
2024-06-18,736.5,742.9450073242188,730.0,733.469970703125,720.8990478515625,9469040,720.8990478515625,-0.0009331563336294479,682.2785675048829,0.05660514954751705,684.7013220214844,0.052866446530597244,673.462007446289,0.07043758947167733,,,802.8549194335938,-0.10208054979578418,,,0.4671140939597315,61.50873538348932,12848908.5,13307021.2,0.7369528703547076,0.7115822435151753,False,False,0.03468113097896386,0.09027251620564214,0.12592951164068977,-0.033330793460813135,,0.36504846908734695,0.3154034220266239,0.8671532846715329
2024-06-19,733.469970703125,734.89501953125,717.7899780273438,723.39501953125,710.996826171875,5204000,710.996826171875,-0.013735933913629483,684.6919860839844,0.03841850149048498,684.5533032226563,0.038628873492730476,673.3392486572266,0.055926603996046875,,,802.8549194335938,-0.11441431202355179,,,0.40134228187919463,60.47157313617839,12728296.5,13219312.6,0.40885282645639187,0.3936664603876604,False,False,0.013428018772605244,0.07283280391499725,0.11211988278272167,-0.05223608222142273,,0.37077167913300735,0.3170057703021381,0.8817518248175182
2024-06-20,722.0,726.489990234375,711.0999755859375,720.7100219726562,708.3578491210938,9001580,708.3578491210938,-0.003711657990078443,686.9650970458985,0.031140959223676434,684.4033190917969,0.03500060470350208,673.2818017578124,0.0520971267479744,,,802.8549194335938,-0.11770130321822869,,,0.37986577181208053,65.73683176009578,12970352.5,13191226.4,0.6940119784716722,0.6823914416327507,False,False,-0.0014755372697914382,0.06858126255307817,0.09260577269778869,-0.038277448127034486,,0.3715383360867142,0.3161987296773379,0.8715328467153285
2024-06-21,723.9299926757812,726.5,707.5,713.4249877929688,704.7177734375,14998180,704.7177734375,-0.005138752521921308,688.6527435302735,0.023328201416684458,684.3923400878906,0.029698510867318006,673.1353210449219,0.046918429928104244,,,802.8549194335938,-0.1222352178714039,,,0.35436241610738256,62.88898694119504,13365603.0,13251091.2,1.1221476502032868,1.1318449004411049,False,False,-0.01711939720789657,0.05030506441866023,0.07828643722872042,-0.02675187841394744,,0.3713119608664344,0.31621621260736116,0.872992700729927
2024-06-24,707.5999755859375,710.6950073242188,702.0549926757812,708.1849975585938,699.5416870117188,6356540,699.5416870117188,-0.007344906884543478,690.0312133789063,0.01378267163631941,684.272138671875,0.022315022747354307,673.1812225341797,0.03915805075237477,704.9377450561524,-0.007654658985530416,802.8549194335938,-0.12868231846266998,,,0.3275167785234899,56.053440027651924,13312408.5,13274580.0,0.4774898546720528,0.4788505549704774,False,False,-0.030531518471707875,0.04102758012693286,0.059807464106302444,-0.02438532132582849,,0.37302023459279393,0.31621655925563635,0.8744525547445255
2024-06-25,710.0999755859375,714.0,699.7999877929688,707.4450073242188,698.810791015625,15608110,698.810791015625,-0.0010448212160393267,691.0851593017578,0.01117898656899663,684.1077355957032,0.0214923098437394,673.2349505615234,0.03798947222328497,704.8760043334961,-0.008604652847568728,802.8549194335938,-0.12959268966225035,,,0.32550335570469796,73.66286668069839,13765078.5,13444686.0,1.1338918263342994,1.1609129435971952,False,False,-0.030639875169436448,0.03110215014302553,0.05162994008566013,-0.007307003750436136,,0.3724289796213665,0.3160342054160002,0.8700729927007299
2024-06-26,707.0,717.9249877929688,703.5,715.8200073242188,707.08349609375,9125520,707.08349609375,0.01183826177913172,692.6630706787109,0.02081881657254958,684.0367407226563,0.033692277035800355,673.3417236328125,0.05011091883463559,704.8272467041015,0.003201138151510241,802.8549194335938,-0.11928858006800225,,,0.3718120805369127,67.42543717592073,13844921.0,13513599.2,0.6591240210038035,0.6752841981579564,False,False,-0.005504004988594713,0.04671657598624335,0.04110422225357602,-0.005345870910577033,,0.3735662864213019,0.3138141082320302,0.8642335766423358
2024-06-27,715.0,723.9000244140625,708.3049926757812,716.6749877929688,707.9280395507812,11376060,707.9280395507812,0.0011944041427878194,694.6092712402344,0.019174475294241322,683.9840148925781,0.035006702111252785,673.3526110839844,0.051348176122962164,704.7951205444336,0.004445148547463695,802.8549194335938,-0.118236654699435,,,0.3785234899328859,64.64917559747502,14053058.5,13522602.8,0.8095077665833385,0.8412626007176666,False,False,-0.0006067689810252963,0.05818202818329277,0.025627754916670797,-0.007704248171702899,,0.37084091071328745,0.3121631667736006,0.8554744525547445
2024-06-28,716.5,722.5999755859375,710.530029296875,711.5549926757812,702.87060546875,8295840,702.87060546875,-0.007143994586286562,697.2375457763671,0.008079111239069237,684.131484375,0.027391110512724692,673.6809564208984,0.04332859459606664,704.7893566894531,-0.0027224463628621187,802.8549194335938,-0.1245359672646481,,,0.3436241610738255,47.255381484177704,13890063.0,13536830.0,0.5972499908747714,0.6128347626438391,False,False,-0.002621145710203665,0.08083204257616838,-0.012971015157321353,-0.02408368799374916,,0.3547461183965475,0.30573353778746104,0.8379562043795621
2024-07-01,707.5,730.4000244140625,707.5,727.6749877929688,718.7938232421875,7727450,718.7938232421875,0.02265455070897171,700.2626922607421,0.026463113323400123,684.8372387695313,0.04958343756783301,674.1236181640625,0.06626411517783914,704.7857595825195,0.019875633792552305,802.8549194335938,-0.10470272294116423,,,0.4483221476510067,64.19521782780221,12855569.0,13498720.4,0.6010974698980652,0.5724579642378547,False,False,0.027521070706607142,0.09190910930089258,0.008596096022154942,0.001949581765152919,,0.3597821480666263,0.30924823935406887,0.8452554744525548
2024-07-02,727.5,727.594970703125,712.2000122070312,716.5599975585938,707.8145141601562,12810270,707.8145141601562,-0.015274629145403673,701.6682952880859,0.008759436493488426,685.4434130859376,0.03263741491584504,674.5740362548828,0.049276248593584704,704.7520092773437,0.0043455071322928696,802.8549194335938,-0.11837805682312763,,,0.37583892617449666,53.72067372620681,12921976.5,13477899.2,0.9913553085319416,0.950464891442429,False,False,0.012884350471242145,0.04135936305280641,-0.000808532185810451,-0.0307504833989497,,0.35055407994461524,0.31063981250624345,0.8496350364963504
2024-07-03,718.9949951171875,728.4650268554688,717.0,725.8800048828125,717.020751953125,8363930,717.020751953125,0.013006568258765228,705.5294158935546,0.016287536424000937,685.7888696289062,0.04554154158424728,675.0133160400391,0.062232010709836416,704.7275067138672,0.01744396965088102,802.8549194335938,-0.10691118084077245,,,0.4348993288590604,54.46889860306405,11690479.5,13401502.8,0.7154479848324442,0.624103887811746,False,False,0.014053864804189242,0.12069805015160573,-0.0019167851364658706,-0.012127511806999225,,0.2677809624347407,0.31043248686515584,0.8481751824817518
2024-07-04,730.10498046875,732.5,710.0,710.7050170898438,702.031005859375,18979770,702.031005859375,-0.020905595902097285,707.0335815429687,-0.007075442827873202,685.4950524902343,0.024122644370764723,675.5386834716796,0.03921658823673568,704.6070709228516,-0.003656030672673505,802.8549194335938,-0.12558173479879653,,,0.3395973154362416,41.92287744257788,12030209.5,13548043.8,1.5776757669930852,1.4009232831089606,True,False,-0.008329990284250077,0.04477031963565725,-0.019313981325310592,-0.07304101625366954,,0.2273586271811915,0.31334275464515104,0.8613138686131386
2024-07-05,713.4000244140625,714.989990234375,707.7000122070312,713.7999877929688,705.088134765625,9310790,705.088134765625,0.004354692144270311,708.2524932861328,-0.004467839577699029,685.325869140625,0.028836304763719456,676.1044995117187,0.04286857323806936,704.5140103149414,0.0008149226875231452,802.8549194335938,-0.12177391244851843,,,0.35570469798657717,40.95185768367449,11762891.0,13517946.2,0.7915392568034508,0.6887725296613476,False,False,0.003154960926835315,0.035812957717786364,-0.0002532217403758974,-0.0696804447624566,,0.22397655333899508,0.3119698171185364,0.8525547445255475
2024-07-08,714.4949951171875,714.7650146484375,704.7000122070312,709.8250122070312,701.1617431640625,6777050,701.1617431640625,-0.005568653630609766,707.9698425292969,-0.009616369167522398,684.9420324707031,0.02368041370574403,676.5219055175781,0.036421344889983276,704.3779992675782,-0.004566093925221892,802.8549194335938,-0.1266644493394582,,,0.33691275167785234,39.53982149742391,10609717.5,13476101.4,0.6387587605419277,0.5028939601181689,False,False,-0.02453009403808426,-0.007997873658310284,-0.006222101496916932,-0.07783282122935298,,0.17875267022684613,0.31219223607366364,0.8569343065693431
2024-07-09,710.9849853515625,714.239990234375,704.2000122070312,706.8049926757812,698.1785278320312,9735030,698.1785278320312,-0.004254674989210283,708.0419952392579,-0.013930624840823969,684.5658581542968,0.019885113339476845,677.0407403564453,0.03122085011377207,704.2364096069336,-0.008602057053942458,802.8549194335938,-0.13038020826404184,,,0.3221476510067114,42.6690552204118,10660310.0,13436131.2,0.9132032745764429,0.7245411536320813,False,False,-0.013613716779400042,0.0020711651032989664,-0.012520550984353895,-0.08050243869932927,,0.17181295186503748,0.31228910889403755,0.8583941605839416
2024-07-10,706.7999877929688,712.9349975585938,702.0999755859375,705.4949951171875,696.8845825195312,8097140,696.8845825195312,-0.001853315822412882,707.807421875,-0.015431936735749274,685.2718811035156,0.016946122752498294,677.4691369628906,0.028658789747501245,704.0688650512695,-0.010203948631097526,802.8549194335938,-0.13199188838354947,,,0.31140939597315437,43.33576771723332,10462560.5,12435129.4,0.7739157159473534,0.6511504415868804,False,False,-0.028083105515068985,-0.006687040252389309,-0.019347050570663993,-0.07684122268991134,,0.17003186201279774,0.31212792156011376,0.8540145985401459
2024-07-11,708.7899780273438,708.7899780273438,693.0,695.030029296875,686.5473022460938,9718010,686.5473022460938,-0.014833561442934906,706.6645568847656,-0.028467898159992622,685.5836291503906,0.0014056244267346418,677.8780480957031,0.012788810870545841,703.8277157592773,-0.024552050347352083,802.8549194335938,-0.144867540040178,,,0.2684563758389262,40.20756843238862,10314207.0,12293283.6,0.9421965256272247,0.7905137729027906,False,False,-0.02205558370506333,-0.032220399668412836,-0.03379993585231811,-0.08925427026767929,,0.17186045548803183,0.31357843183834144,0.8627737226277372
2024-07-12,699.6950073242188,704.5,691.5050048828125,700.4299926757812,691.88134765625,10688330,691.88134765625,0.007769377860353588,705.4090118408203,-0.01917705041684792,685.8114807128907,0.00885063477947301,678.3063916015625,0.020013015095782016,703.6041946411133,-0.016661138569309952,802.8549194335938,-0.13822369283809643,,,0.28993288590604027,45.878706084398075,10175876.0,12147315.2,1.0503596938484707,0.8798923732546268,False,False,-0.018730689765138364,-0.03502255558579448,-0.005198847742764912,-0.08113603450117857,,0.16938401113604246,0.31097055042537386,0.8510948905109489
2024-07-15,702.0050048828125,708.5,699.5250244140625,706.375,697.7537841796875,5333730,697.7537841796875,0.008487635261928084,704.2180816650391,-0.009179397197623174,686.237080078125,0.016782398439110002,678.7513427734375,0.027996175047852345,703.4110678100586,-0.008042642331437921,802.8549194335938,-0.13090924986553498,,,0.3194630872483222,49.46113769086392,9848818.5,12026075.4,0.5415603912286535,0.44351376676051774,False,False,-0.004860446277340058,-0.033009305679921,0.020844994054594945,-0.05065383820089242,,0.1708755561677293,0.3093067689012477,0.8467153284671532
2024-07-16,708.0,709.0,700.52001953125,705.9099731445312,697.29443359375,5582000,697.29443359375,-0.0006583276169223051,703.0378509521485,-0.008169428360962239,686.5575646972657,0.015638701615965367,679.2183361816407,0.026613088088474957,703.1879028320312,-0.008381073130731886,802.8549194335938,-0.13148139630796019,,,0.3167785234899329,44.57755478771241,9654466.5,10773995.2,0.5781779863237394,0.5180993583513013,False,False,-0.0012662867777193387,-0.03274330064404918,0.029208067742587884,-0.04856229244374477,,0.1708930323867794,0.308709697155231,0.8437956204379562
2024-07-18,704.7100219726562,711.7899780273438,697.114990234375,711.0,702.3223266601562,8646050,702.3223266601562,0.007210573932869613,702.6041259765625,-0.0004010783682981689,687.1194519042969,0.02212551938927909,679.7358056640625,0.03322838198000766,702.9946194458008,-0.0009563270714284533,802.8549194335938,-0.12521887870396586,,,0.3409395973154362,47.03236980024945,9826569.0,10700918.6,0.8798645793867625,0.8079726912416659,False,False,0.007802933623477948,-0.012200475715797077,0.003679041786636583,-0.02896608467439088,,0.16731455590331615,0.3016952025504106,0.8248175182481752
2024-07-19,711.0,711.0,691.0,693.22998046875,684.7692260742188,9385980,684.7692260742188,-0.024992941160520976,701.4246948242187,-0.023745198697593506,687.3053137207031,-0.003689899664466978,679.9857470703125,0.007034675395058754,702.7405010986328,-0.025573131186147013,802.8549194335938,-0.14708223179685231,,,0.26040268456375837,41.536926728681586,9845789.0,10629013.0,0.9532989179434985,0.8830528290820606,False,False,-0.002589881521721682,-0.03330043293251139,-0.04458164090911765,-0.04107717223186336,,0.1883594775712555,0.3018340049541074,0.8262773722627738
2024-07-22,693.2000122070312,695.8599853515625,684.9400024414062,688.4249877929688,680.0228881835938,5751930,680.0228881835938,-0.006931295551693695,700.1899505615235,-0.028802273385609922,687.53994140625,-0.010933260411433499,680.1382971191406,-0.00016968451274645968,702.4689660644531,-0.03195312386056337,802.8549194335938,-0.15299405692955936,,,0.22684563758389262,29.757551925161735,9383476.5,10598866.6,0.6129849635153879,0.5426929328462348,False,False,-0.017139440906777992,-0.03504223418894148,-0.04698274936640123,-0.05469116560284204,,0.18890966393995673,0.3020138210286048,0.8277372262773722
2024-07-23,693.4000244140625,694.4849853515625,662.0,672.7100219726562,664.4996948242188,19322120,664.4996948242188,-0.02282745717697665,698.4378509521484,-0.04859151903302972,687.846044921875,-0.03394124349484029,680.2091333007812,-0.023095012559344652,701.9485516357422,-0.053349859792796495,802.8549194335938,-0.17232904882364453,,,0.1436241610738255,28.40958597710717,10031755.5,10709086.0,1.9260955871581997,1.8042734926211257,True,False,-0.04765877320832279,-0.05009278623149871,-0.07753675923273429,-0.043818657262908456,,0.20253287570733255,0.3046361518155722,0.8350364963503649
2024-07-24,663.0,665.469970703125,654.10498046875,660.7150268554688,652.651123046875,31006260,652.651123046875,-0.01783081598025127,696.1298675537109,-0.06245780641423382,687.7598864746094,-0.05104799526430437,680.1750958251953,-0.04046601080700829,701.3439294433593,-0.06942785750655989,802.8549194335938,-0.1870870972462697,,,0.08590604026845637,18.738231988124085,10801663.0,11164229.6,2.870507994926337,2.7772861281892665,True,True,-0.06402361527079758,-0.06605460099101113,-0.08973119281416997,-0.0588183311610444,,0.209587604371015,0.30647209094625305,0.8394160583941606
2024-07-25,656.0,666.5999755859375,655.14501953125,664.7750244140625,656.6615600585938,9509650,656.6615600585938,0.00614484043633623,693.6087707519531,-0.05326808461966859,687.6859216308594,-0.04511414382119505,680.1586553955078,-0.034546491690605086,700.7756259155274,-0.06295034277098444,802.8549194335938,-0.18209187717020903,,,0.10604026845637583,25.33554185405579,10820869.5,11251971.4,0.8788249410086685,0.8451541211702689,False,False,-0.06501397558966837,-0.07130973401827356,-0.007439537840853161,-0.057071044939057014,,0.2050485488565622,0.2628123706786197,0.5328467153284672
2024-07-26,667.5050048828125,680.8400268554688,666.7100219726562,678.9749755859375,670.6881713867188,11101840,670.6881713867188,0.021360487930606853,691.74677734375,-0.030442651338246196,687.9771130371093,-0.025130111631283314,680.3361456298828,-0.014181187204498125,700.3258856201172,-0.04231988969985767,802.8549194335938,-0.16462096058415798,,,0.17181208053691274,33.2917115049967,10807158.5,11322840.2,1.027267250683887,0.9804819112434353,False,False,-0.020563211884136012,-0.052604030471364305,-0.00040498473256678214,-0.051144755719677026,,0.22302555381684783,0.26487144417577535,0.5737226277372263
2024-07-29,682.385009765625,685.5,676.5750122070312,681.2449951171875,672.9304809570312,7485650,672.9304809570312,0.003343296730097922,690.2497711181641,-0.025091337782085166,688.3046984863281,-0.02233635418021518,680.6215673828125,-0.011300092142768392,699.852096862793,-0.03846757911627685,802.8549194335938,-0.1618280405732868,,,0.18523489932885906,36.05983762732644,10766649.0,11353541.4,0.6952627507407365,0.6593229139940424,False,False,-0.010429659574410777,-0.0425969222197754,-0.01110714667550683,0.004319781130603495,,0.22330091899470067,0.26333793742985306,0.545985401459854
2024-07-30,681.2449951171875,689.9000244140625,678.2999877929688,682.3599853515625,674.0318603515625,11794130,674.0318603515625,0.0016366911972316434,688.0116729736328,-0.02031915034471521,688.5223132324219,-0.021045727353164123,680.9745672607422,-0.01019525139845845,699.3067343139649,-0.03614275785174237,802.8549194335938,-0.1604562119055266,,,0.19463087248322147,37.850964659551614,10969983.0,11377453.8,1.075127463734447,1.0366229744655169,False,False,0.014344875703615312,-0.06227371666707138,-0.003609830135247072,-0.0007350159404263534,,0.20405688485070633,0.2630757144950764,0.5386861313868613
2024-07-31,682.6950073242188,685.5,679.2999877929688,680.6950073242188,672.38720703125,8896590,672.38720703125,-0.0024400231161990638,686.2403076171875,-0.020186952634768995,688.7458581542969,-0.023751360431966684,681.3144122314453,-0.013102915540795457,698.8089498901368,-0.03780968011792163,802.8549194335938,-0.16250471815553857,,,0.18120805369127516,37.71785570679897,10774299.0,11459354.0,0.8257233254803863,0.7763605173555158,False,False,0.030239868265663716,-0.05005168221358369,-0.013038872933366141,0.014506484469651859,,0.1989481530303085,0.2627150383560152,0.5313868613138686
2024-08-01,683.1500244140625,684.4000244140625,675.0,677.1649780273438,668.9003295898438,8395230,668.9003295898438,-0.005185817643380886,683.8342864990234,-0.021838561189489236,688.8692956542968,-0.02898803327485555,681.5445928955078,-0.018552363906146674,698.2952795410156,-0.042095300959921866,802.8549194335938,-0.1668478159643758,,,0.1610738255033557,40.49983571006112,10775864.0,11474933.8,0.779077204389365,0.7316146782476427,False,False,0.018637865036835732,-0.06711161738653149,-0.007901832888835614,-0.006228627037912382,,0.19045376203706837,0.26206767197481357,0.5124087591240876
2024-08-02,672.5,675.0,667.3099975585938,672.5,664.292236328125,6222180,664.292236328125,-0.006889058141957172,681.9473480224609,-0.025889259259579078,688.8972277832031,-0.0357164907373112,681.6982244873047,-0.02553327489193702,697.6024661254883,-0.04774958721457734,802.8549194335938,-0.1725874498012958,,,0.14228187919463087,35.03052710083281,10137984.5,11516168.2,0.6137492121831514,0.5402995069141141,False,False,-0.009536376711951622,-0.05375655664247048,-0.01655706003821633,0.02278384041670045,,0.17955194671641464,0.26241618863794797,0.5240875912408759
2024-08-05,665.0,665.0,653.260009765625,659.6699829101562,651.6188354492188,9440410,651.6188354492188,-0.019078050571475047,679.2738830566407,-0.04071266141276908,688.5103076171876,-0.05358158296227067,681.9985534667969,-0.044545135562457205,696.9155032348633,-0.064995925008687,802.8549194335938,-0.1883728682774598,,,0.08187919463087248,26.688267509975432,10144465.5,11563113.0,0.9305970827147079,0.8164246081483421,False,False,-0.031669906641029866,-0.07583349751613633,-0.02494819754489974,0.004799187887659873,,0.18647704212679506,0.26442052565913027,0.5664233576642336
2024-08-06,662.5999755859375,669.7000122070312,651.1500244140625,653.8350219726562,645.8550415039062,8918280,645.8550415039062,-0.008845345824509465,676.5085479736329,-0.04531133651088959,687.9879626464843,-0.06124078244117137,682.2540222167969,-0.0533510679711674,696.1722506713867,-0.07227695318070293,802.8549194335938,-0.1955519909381005,,,0.05100671140939597,25.330403052207046,10251527.0,11593070.0,0.869946496751167,0.769276817961075,False,False,-0.041803393140733336,-0.07887866415897027,-0.005144032244735364,-0.02057274205855708,,0.18723421984325195,0.25842760250640173,0.42773722627737226
2024-08-07,660.0,665.9349975585938,658.1099853515625,663.7150268554688,655.6144409179688,4642840,655.6144409179688,0.01511082021027077,674.3803436279297,-0.027826882689087618,687.5456140136719,-0.046442261349467606,682.4991668701172,-0.03939158794206221,695.4687774658203,-0.05730571643068505,802.8549194335938,-0.1833961217046558,,,0.09798657718120805,28.57203658923133,9996917.5,11554832.6,0.4644271596719689,0.40180936935425615,False,False,-0.024945099992810693,-0.06096447429603935,-0.002046709763084298,0.01441972526319546,,0.19916892794450702,0.2591277772439591,0.45255474452554745
2024-08-08,662.5050048828125,667.8049926757812,657.135009765625,658.219970703125,650.1864624023438,6903890,650.1864624023438,-0.008279223544900738,672.0454376220703,-0.032526037669523,687.038837890625,-0.05363943558333173,682.677548828125,-0.04759360620772579,694.7812380981445,-0.06418534820812383,802.8549194335938,-0.1901569677606959,,,0.07248322147651007,32.14862722463208,9937255.0,11542337.0,0.6947481975656256,0.5981362353221882,False,False,-0.027977063786132295,-0.06700983389294413,-0.015405752756523339,-0.005899379910472957,,0.19995496193615864,0.2594683033287675,0.4656934306569343
2024-08-09,670.0,670.0,659.0999755859375,661.8200073242188,653.7425537109375,6994900,653.7425537109375,0.005469340741815154,670.4052001953125,-0.024854590148645328,686.7336083984375,-0.04804054189868456,682.8892315673828,-0.04268141377708823,694.0931243896484,-0.0581342319363749,802.8549194335938,-0.18572766026999443,,,0.0953020134228188,36.26551272948122,9801099.5,11537968.8,0.7136852350085825,0.6062505559904097,False,False,-0.01588108672698163,-0.047782211695877264,-0.003636554418409488,0.01252425808704527,,0.1975115536789594,0.25938209250341926,0.46131386861313867
2024-08-12,661.9099731445312,664.5,656.405029296875,660.8150024414062,652.7498779296875,6748870,652.7498779296875,-0.0015184506127299269,668.4486267089844,-0.02348534824072801,686.7825036621093,-0.04955371686225363,683.0712322998047,-0.04438973995146811,693.4077380371094,-0.05863485201724994,802.8549194335938,-0.18696409260318647,,,0.087248322147651,42.759743800938,9604126.5,11441831.2,0.702705238211929,0.5898417728798516,False,False,0.0017357424600672466,-0.056558064267985375,-0.005789846271265886,0.00570510437008287,,0.19390556497189032,0.25939954014248795,0.4642335766423358
2024-08-13,664.4949951171875,664.4949951171875,645.219970703125,646.5050048828125,638.614501953125,10723270,638.614501953125,-0.021655118529313788,665.4916625976563,-0.040386923165378064,686.3889758300782,-0.06960262410854945,683.1695727539062,-0.06521817214601122,692.6236636352539,-0.07797764430781995,802.8549194335938,-0.20457048154645274,,,0.03087248322147651,41.58769246076163,9873603.5,11087950.0,1.0860543468248447,0.9671102412979856,False,False,-0.011210781190034935,-0.08475666283356598,-0.0370000445464308,-0.02241710026824284,,0.19998428058084713,0.26229242200304786,0.5197080291970803
2024-08-14,648.25,648.9949951171875,643.094970703125,645.8499755859375,637.9674682617188,7742760,637.9674682617188,-0.0010131835237492393,662.5253143310547,-0.03706703055434457,685.5542761230469,-0.06941362561465081,683.1465460205078,-0.06613380104454603,691.9476379394531,-0.0780119285304327,802.8549194335938,-0.20537639762885362,,,0.028187919463087248,38.32577626399227,9981641.5,11013162.8,0.7757000689716216,0.7030459951068734,False,False,-0.02691669303614075,-0.08508165629011122,-0.0351514557385475,-0.019409344847481358,,0.19990151863642847,0.2622459016949556,0.5182481751824818
2024-08-16,650.5,660.0,642.5,659.0900268554688,651.0458984375,7534190,651.0458984375,0.020500152165150887,659.9614929199219,-0.013509264673876475,685.7792272949218,-0.05064797455943448,683.263837890625,-0.04715299956834884,691.3492901611328,-0.05829671382788182,802.8549194335938,-0.1890864928662248,,,0.07919463087248323,37.58664343060541,9926048.5,10503969.2,0.7590321566532745,0.7172707627512845,False,False,0.0013218300977548836,-0.07300982223717367,-0.017627968244662062,0.0007232367457179478,,0.2150930693444044,0.26569455694515604,0.5854014598540146
2024-08-19,663.7999877929688,665.5999755859375,659.3599853515625,661.635009765625,653.5598754882812,5287300,653.5598754882812,0.0038614436506163585,658.401025390625,-0.007352889372357119,685.4114709472656,-0.046470765093797106,683.3162396240234,-0.04354698807116719,690.7990673828125,-0.05390741483716399,802.8549194335938,-0.18595519605290411,,,0.09261744966442953,37.80022018709752,9721114.5,10366011.8,0.543898541674414,0.5100611596834185,False,False,-0.000279434498518194,-0.04557645028071822,-0.014083294524330547,-0.009420194999794185,,0.20113387144411674,0.2658213089613955,0.5883211678832116
2024-08-20,664.7349853515625,677.3900146484375,661.635009765625,672.219970703125,664.015625,9571590,664.015625,0.015998150902252206,657.6006622314453,0.009755103875331628,685.0775854492188,-0.030743905356950263,683.4208618164063,-0.028394270500948338,690.286527709961,-0.03805796818476992,802.8549194335938,-0.17293198443816415,,,0.14093959731543623,44.35663911459215,9912097.5,10264300.4,0.965647281011915,0.9325126532734759,False,False,0.01725890337359215,-0.023539300605529112,-0.010357053450313458,-0.0011316104758942735,,0.21031907364552896,0.26668976111191617,0.6014598540145986
2024-08-21,672.1950073242188,674.72998046875,669.5,673.5349731445312,665.3145751953125,6331110,665.3145751953125,0.0019562042614773567,657.64140625,0.011667709594300524,684.2475817871094,-0.02766981878452235,683.4733587646484,-0.026568385345929535,689.8318130493165,-0.03554089183800979,802.8549194335938,-0.17131407046159053,,,0.14899328859060404,45.99954429645587,9262547.0,9794112.2,0.6835171794539882,0.6464199991501017,False,False,0.041809375077654254,0.0012263066144964085,-0.009907722301113031,0.01201445905503662,,0.19414910470386337,0.26670257463429436,0.602919708029197
2024-08-22,675.0,676.5,672.3900146484375,674.3599853515625,666.1295166015625,7282600,666.1295166015625,0.001224896367272299,658.3153259277344,0.011869981399591278,683.6354626464844,-0.025607135676012138,683.4896282958985,-0.025399232081427248,689.5151617431641,-0.03391607094248705,802.8549194335938,-0.17029901607688935,,,0.15436241610738255,48.38391123597666,8076364.0,9765300.6,0.9017176541324784,0.7457630131733989,False,False,0.044143392478267485,0.02065175877084857,-0.017119389579878685,0.015356407592547638,,0.18217909677342503,0.2661153137643238,0.5927007299270073
2024-08-23,675.5,676.2000122070312,670.4949951171875,673.5850219726562,665.364013671875,6180450,665.364013671875,-0.0011491803179551896,658.7504486083984,0.010039560621852628,682.9112219238282,-0.025694713585934337,683.3515997314453,-0.026322593035034036,689.15271484375,-0.0345187658112448,802.8549194335938,-0.1712524921174018,,,0.15033557046979865,50.654454164355954,7909904.0,9647867.0,0.7813558799196552,0.6406027363353993,False,False,0.021992482048866613,0.013252570490809301,-0.015042005615205079,0.010722088057692147,,0.18133009139427292,0.26604528731745525,0.5912408759124088
2024-08-26,677.5999755859375,681.9000244140625,675.60498046875,677.8350219726562,669.5621337890625,8983430,669.5621337890625,0.00630950882663428,658.6941467285156,0.016499291992382314,682.1143725585938,-0.01840195614475648,683.1448333740234,-0.01988260603227654,688.8132977294922,-0.027948304720432304,802.8549194335938,-0.16602350240136532,,,0.1651006711409396,62.22161988231646,7803983.5,9573834.0,1.1511339048833202,0.9383314981229046,False,False,0.024484762453976794,-0.0016789286671450299,0.0008342333455768625,0.025458706055616398,,0.1658143897333289,0.26561160978695125,0.583941605839416
2024-08-27,677.8350219726562,687.3350219726562,673.0,686.3599853515625,677.9830322265625,20359020,677.9830322265625,0.012576724418159602,658.9467742919921,0.02888891588402398,681.3341882324219,-0.0049185202559014485,682.8035900878906,-0.0070599480308936036,688.5210961914063,-0.015305361045777177,802.8549194335938,-0.15553480981984535,,,0.21879194630872484,71.11873932297748,8447652.0,9711915.4,2.410021151439477,2.096292972239029,True,True,0.021034756865190518,0.007508281185815147,0.0425614328610584,0.05213428963127997,,0.17145081896994685,0.2602285227609686,0.48613138686131385
2024-08-28,687.5999755859375,691.7000122070312,685.2000122070312,690.0,681.57861328125,8489860,681.57861328125,0.005303349617584496,659.3241119384766,0.03375350747804906,680.5343127441406,0.0015345303205924754,682.492699584961,-0.001339334917819457,688.2570693969726,-0.009703432645557952,802.8549194335938,-0.15105631567643996,,,0.24026845637583893,68.57202232151043,8282438.5,9644215.0,1.0250435303564283,0.8803059658043708,False,False,0.02444563623330054,0.011196433542104645,0.03537603201650219,0.06708094986871926,,0.1722852146549648,0.25930823185997987,0.4583941605839416
2024-08-29,688.905029296875,715.7999877929688,688.155029296875,706.35498046875,697.7340087890625,26391590,697.7340087890625,0.02370290850242096,660.5914520263672,0.05622621462745303,680.0710119628907,0.02597228306378052,682.3861669921876,0.0224914315958733,688.0850244140624,0.014022953606956712,802.8549194335938,-0.13093388120321048,,,0.3181208053691275,79.48548887564996,9157188.5,9982666.0,2.8820625457256885,2.6437416617965583,True,True,0.047444965881017875,0.03769673410314378,0.026528600978157346,0.09293710365320251,,0.19020148097877188,0.2552838018506746,0.3416058394160584
2024-08-30,707.10498046875,721.5050048828125,707.10498046875,720.0150146484375,711.227294921875,20443670,711.227294921875,0.019338725019625302,662.7078002929687,0.07321400865880379,680.0756213378907,0.04580619067435565,682.3144622802735,0.04237464430253435,687.9989236450195,0.03376222037353127,802.8549194335938,-0.11412725050792627,,,0.40268456375838924,81.7364095126672,9759610.5,10287459.4,2.094721915387914,1.9872418645948677,True,True,0.06892960891722888,0.0632784339603858,0.11164292032325251,0.10117173897327891,,0.19781873451662832,0.22635431148475738,0.08467153284671533
2024-09-02,727.4000244140625,745.0,722.9000244140625,744.0050048828125,734.9244995117188,22963780,734.9244995117188,0.033318750220977966,666.2394134521485,0.1030936997612848,680.6069543457031,0.07980750831180305,682.50513671875,0.07680434911447409,687.9573236083984,0.06827047883867743,802.8549194335938,-0.08461107764002895,,,0.5570469798657718,86.27363708715755,10596690.5,10566703.4,2.1670709359681686,2.173220836311162,True,True,0.09761956721293297,0.10632709419278119,0.09372278126521749,0.13251898457250122,,0.22090490858183032,0.21317246938859044,0.014598540145985401
2024-09-03,746.0,746.0,720.6099853515625,735.3800048828125,726.40478515625,18986560,726.40478515625,-0.011592638918867526,669.9787109375,0.08422069731110282,681.0406945800781,0.06660995581790141,682.7165173339844,0.0639918131655417,687.9057806396485,0.05596551969777508,802.8549194335938,-0.09522285088727933,,,0.4993288590604027,90.77398095946516,11073998.0,10646471.0,1.7145171960478953,1.783366525865707,True,False,0.07142030202535565,0.11476947202650245,0.0671282807264324,0.168631304752209,,0.21140702017852847,0.2134948079638102,0.016058394160583942
2024-09-04,725.4949951171875,737.7000122070312,724.5250244140625,729.9500122070312,721.0410766601562,8867460,721.0410766601562,-0.0073839112925722095,673.7380126953125,0.07020987842975668,681.4706823730469,0.058066172633158164,682.8714105224609,0.05589583272858345,687.844938659668,0.04826107765679599,802.8549194335938,-0.10190364509587402,,,0.4684563758389262,86.96383780513108,11071457.0,10696689.4,0.8009298143866701,0.8289910708260819,False,False,0.05789862329882456,0.1164131737381433,0.020127364620365018,0.16239172010903324,,0.2101488118213724,0.1996004435247686,0.0072992700729927005
2024-09-05,732.0,732.6649780273438,719.2999877929688,724.489990234375,715.647705078125,6734470,715.647705078125,-0.007479978265611753,676.7396759033203,0.05749334723558186,681.8074206542968,0.049633200517755105,682.957578125,0.04786553074478328,687.7931274414062,0.04049848206587625,802.8549194335938,-0.10862138631098206,,,0.4268456375838926,80.85491802036168,11176038.5,10519216.6,0.6025811382092143,0.6402064199343515,False,False,0.02567410512231194,0.09156794056595174,0.02714406279143966,0.13396883657567904,,0.2118864544176713,0.19794885525019076,0.00291970802919708
2024-09-06,725.5549926757812,739.5,725.5549926757812,731.7150268554688,722.7845458984375,18428270,722.7845458984375,0.00997256159653781,680.369580078125,0.062341067358482105,682.1214416503906,0.05961270496007676,683.0790911865234,0.05812717037341142,687.7484484863281,0.05094318640662965,802.8549194335938,-0.09973205818013187,802.8549194335938,-0.09973205818013187,0.47651006711409394,81.66459417853252,11752257.5,10705271.6,1.568062136147034,1.7214201272576775,True,False,0.01624972924841428,0.11165732861901567,0.03022978920054964,0.14301656867489787,,0.20716796691264489,0.19846461924703457,0.004379562043795621
2024-09-09,732.4000244140625,737.7949829101562,726.280029296875,734.7449951171875,725.777587890625,8789380,725.777587890625,0.004140987807738972,683.9713317871094,0.06112281927706298,682.4784326171875,0.06344399061431538,683.2312237548828,0.06227227716836059,687.7599899291993,0.0552774202019799,802.8549194335938,-0.09600405960935765,802.8549194335938,-0.09600405960935765,0.4912751677852349,80.32108513808136,11841981.5,10653538.0,0.7422220681564146,0.8250198197068429,False,False,-0.012446056196481314,0.11018868784169578,0.023079897977137387,0.1473397055237904,0.020556097396861706,0.20721461953961212,0.1973841082908374,0.00145985401459854
2024-09-10,736.9949951171875,736.9949951171875,719.2999877929688,724.1849975585938,715.346435546875,13089320,715.346435546875,-0.014372381453754635,687.1011596679688,0.041107885616952444,682.72794921875,0.047776696948543806,683.429716796875,0.04670080619202288,687.7864804077149,0.04007051014265772,802.8549194335938,-0.10899663409729754,802.8549194335938,-0.10899663409729754,0.425503355704698,72.54118736649441,12159004.0,10749407.6,1.0765125169791867,1.2176782653585487,False,False,-0.015223398627524642,0.0958966975462694,-0.002295440420232886,0.12732906111154718,-0.0020766095128622597,0.21760424389178565,0.19851224103168907,0.00583941605839416
2024-09-11,725.0,743.2000122070312,720.6300048828125,734.5549926757812,725.5899047851562,11048900,725.5899047851562,0.014319592199337983,691.4499298095703,0.04937447167720199,682.8638708496094,0.06256888929031756,683.8505548095703,0.06103577701594309,687.7962973022461,0.054948838240549636,802.8549194335938,-0.09623782924933333,802.8549194335938,-0.09623782924933333,0.4885906040268456,74.69135771178652,12175285.5,10815836.6,0.9074859065933197,1.0215483469859372,False,False,0.006308694847275698,0.13619390503351791,0.005567725647977806,0.15396383146900794,0.015729798895485425,0.19628879803837776,0.2002536998944577,0.008759124087591242
2024-09-12,742.0,744.0,729.6599731445312,742.8300170898438,733.7638549804688,14467640,733.7638549804688,0.011265247960875024,696.2397491455079,0.05389537997652982,683.3828576660156,0.07372294570940996,684.4131353759766,0.07210662252614686,687.916496887207,0.06664669084215746,802.8549194335938,-0.08605672429816846,802.8549194335938,-0.08605672429816846,0.5463087248322148,76.75720692047736,12511529.5,10848984.0,1.1563446339634176,1.3335479156389207,False,False,0.02531434080455286,0.1501587329833105,0.017845504397940637,0.14602229169244474,0.042243595184243254,0.19490875174531921,0.2015229246049145,0.010218978102189781
2024-09-13,742.8300170898438,766.0,735.2000122070312,759.8499755859375,750.5761108398438,22084380,750.5761108398438,0.022912352176058803,701.216259765625,0.07039176628721777,684.05396484375,0.09724692701881876,684.9214172363281,0.09585726471867928,688.195651550293,0.09064349527496551,802.8549194335938,-0.06511613409634731,802.8549194335938,-0.06511613409634731,0.6442953020134228,78.84499455190209,13239039.0,11123393.0,1.6681256094192336,1.9853995988454243,True,False,0.038450690595301484,0.15287741254681841,0.05566731553651261,0.17402861121201685,0.043172056168275796,0.1972834867138576,0.20453657028583389,0.01167883211678832
2024-09-16,768.0,768.0,732.2000122070312,734.5750122070312,725.6096801757812,26795550,725.6096801757812,-0.03326302330103037,704.81875,0.029498264874169733,684.5255383300781,0.06001842085531117,685.0102954101562,0.05926828405011886,688.332995300293,0.05415501672882317,802.8549194335938,-0.09621319791165783,802.8549194335938,-0.09621319791165783,0.4899328859060403,65.17009897409876,14314451.5,11279708.6,1.871922930473445,2.375553389739164,True,False,-0.00023134871845764682,0.11024208705234684,0.024354683266505806,0.11921584022699916,0.015457112434449805,0.24410068809659385,0.21607534543414667,0.024817518248175182
2024-09-17,733.75,745.5,728.614990234375,736.5499877929688,727.5604858398438,15677860,727.5604858398438,0.002688505566229349,707.9959930419922,0.027633620797471448,684.9749853515625,0.06217088419137573,685.1504272460937,0.061898901186143496,688.4677090454102,0.05678229535069601,802.8549194335938,-0.09378336206355875,802.8549194335938,-0.09378336206355875,0.512751677852349,64.80128977652492,14619765.0,11407050.0,1.0723742823499558,1.3744009187300836,False,False,0.01707431488580946,0.09569783970044954,0.032413986511111714,0.11323799926016687,0.0078114075142978745,0.24095548701489572,0.21579936374218336,0.02335766423357664
2024-09-18,738.7249755859375,767.25,737.8499755859375,763.1099853515625,753.79638671875,29749930,753.79638671875,0.0360600958814048,712.4200836181641,0.058078518632501686,686.0276782226563,0.0987842191318975,685.4848553466796,0.09965432618861025,688.7604833984375,0.09442455670426475,802.8549194335938,-0.061105103210246314,802.8549194335938,-0.061105103210246314,0.6657718120805369,66.9463738553911,15790706.0,11866507.6,1.8840151922276307,2.5070501787737447,True,False,0.038873862146615146,0.13299244420951162,0.07755749330507355,0.142003474408394,0.038118069518320974,0.2650314237500791,0.22699758393449748,0.08613138686131387
2024-09-19,767.5,774.7999877929688,756.0,759.0349731445312,749.7710571289062,17206440,749.7710571289062,-0.005340075464364991,716.6021606445313,0.046286347301188746,687.0595288085938,0.09127524718135915,685.8126934814453,0.09325922989669966,689.059103088379,0.08810848556882123,802.8549194335938,-0.06611887281221074,802.8549194335938,-0.06611887281221074,0.6375838926174496,62.35827149641112,16286898.0,12015935.8,1.0564590015852007,1.4319683698709509,False,False,0.021815195774209428,0.12556348043855414,0.0729242690131009,0.12831928473869803,0.03602430778845256,0.2677405202808307,0.22736120338967059,0.08905109489051095
2024-09-20,763.5,765.5,748.7249755859375,758.2449951171875,748.99072265625,16450040,748.99072265625,-0.00104076366410355,720.78349609375,0.03913411824128543,688.1016516113282,0.08848848262802145,686.6867663574219,0.09073126110952123,689.3013610839844,0.08659399928994649,802.8549194335938,-0.06709082235597985,802.8549194335938,-0.06709082235597985,0.6308724832214765,55.287008093129494,16800377.5,12182993.8,0.9791470459517948,1.3502461110995558,False,False,-0.0021122284078822773,0.12568565066041515,0.059267719857717616,0.10280809564078797,0.028319317485250517,0.2677020415283158,0.2263350870633637,0.08175182481751825
2024-09-23,762.5750122070312,763.594970703125,753.1699829101562,759.510009765625,750.2402954101562,5734970,750.2402954101562,0.001668342098383624,724.8174041748047,0.03507489070891623,689.3755114746094,0.08828973893394321,687.4795703125,0.09129104021102452,689.5486138916016,0.08801653762456185,802.8549194335938,-0.06553441070094779,802.8549194335938,-0.06553441070094779,0.640268456375839,59.47687548322185,16637954.5,12103333.0,0.3446920112685727,0.4738339430965008,False,False,0.0339447169839413,0.12049391318552427,0.05976914812729328,0.08692865212374845,0.0326826581515558,0.2681539309563832,0.22633837437320337,0.08321167883211679
2024-09-24,759.7000122070312,760.344970703125,748.3900146484375,755.4199829101562,746.2001953125,10695400,746.2001953125,-0.00538507478520267,728.2282623291015,0.024678983106091845,690.4618884277344,0.08072611655900164,688.1366845703125,0.08437787440215261,689.7796954345703,0.08179495605822962,802.8549194335938,-0.07056657778352171,802.8549194335938,-0.07056657778352171,0.6174496644295302,60.10954023219665,16154773.5,12103474.4,0.6620581836074644,0.8836636197619421,False,False,0.02561946372216717,0.10061780287023647,0.061646609641405004,0.04787597537602739,0.021641350583662344,0.26974382065700603,0.22609438100086152,0.08029197080291971
2024-09-25,754.5,764.0,749.8049926757812,762.3900146484375,753.0851440429688,12720380,753.0851440429688,0.009226677738385591,731.8035888671875,0.029080965848670592,691.568515625,0.08895232652743523,688.9027978515625,0.09316604082835456,689.9776550292969,0.09146309094747762,802.8549194335938,-0.061990995117445435,802.8549194335938,-0.061990995117445435,0.6577181208053692,64.86507708392205,16366299.5,12251207.4,0.7772300635216898,1.0382960294999168,False,False,-0.0009435474729154736,0.10491310814092691,0.047706754971970966,0.05671294284077022,0.024916375166558202,0.27017274835506894,0.2222682900102627,0.061313868613138686
2024-09-26,764.0,777.9400024414062,758.7550048828125,776.8400268554688,767.3588256835938,16681650,767.3588256835938,0.01895360936745627,735.2848297119141,0.04362118552649363,692.9698034667969,0.10734814395178938,689.7636840820312,0.11249525510295566,690.1741033935547,0.11183369806332233,802.8549194335938,-0.04421233885574516,802.8549194335938,-0.04421233885574516,0.7302013422818792,66.7495691654079,15880802.5,12473200.4,1.050428654345396,1.3373993413911638,False,False,0.02345751864847423,0.09978704781119552,0.08412417424653773,0.08324762495824434,0.041778247625291476,0.2663431334061504,0.22271574386398582,0.06715328467153285
2024-09-27,778.0,781.0,771.0999755859375,775.5999755859375,766.1339111328125,11781310,766.1339111328125,-0.0015962734900325515,738.030160522461,0.03807940666063914,694.24603515625,0.10354812607663377,690.6827435302735,0.10924142568972695,690.3928570556641,0.10970718092328369,802.8549194335938,-0.045738037361329975,802.8549194335938,-0.045738037361329975,0.7261744966442953,65.36882026049904,15447684.5,12535905.6,0.762658636639038,0.9398052582655058,False,False,0.022888385607454875,0.07719981587175839,0.06849614749071908,0.06644806995683772,0.040406848464413336,0.2616159330073924,0.2214848612539561,0.058394160583941604
2024-09-30,774.5999755859375,782.4000244140625,767.614990234375,770.2999877929688,760.8985595703125,9619520,760.8985595703125,-0.006833467996161358,739.3288635253906,0.029174697633296276,695.7686218261719,0.09360861599822545,691.5369677734375,0.10030062748518076,690.5474462890625,0.10187730569320097,802.8549194335938,-0.05225895594297536,802.8549194335938,-0.05225895594297536,0.7067114093959731,68.06232798670264,14780471.5,12540576.4,0.6508263285105621,0.7670715996754344,False,False,0.014206467215053253,0.03534248766485648,0.08385321049869598,0.06291968983174634,0.02557006200939327,0.2395278838562448,0.21732441992711898,0.0364963503649635
2024-10-01,766.010009765625,781.4650268554688,765.0999755859375,770.2999877929688,760.8985595703125,7882880,760.8985595703125,0.0,741.0535522460938,0.026779451045163327,697.3861352539062,0.09107210640670749,692.4630383300781,0.09882913231769219,690.719677734375,0.1016025517994954,802.8549194335938,-0.05225895594297536,802.8549194335938,-0.05225895594297536,0.7067114093959731,65.23848283455689,14225287.5,12583195.4,0.5541455664780062,0.6264609067423367,False,False,0.019697615130825685,0.04748561011563668,0.07915382780230606,0.07888056259189669,0.026882753167163598,0.23438086583808654,0.21725776233963615,0.035036496350364967
2024-10-03,761.0,770.0,738.0999755859375,743.385009765625,734.3121337890625,10406620,734.3121337890625,-0.03494082811283494,741.7171051025391,-0.009983552034239396,698.7823840332031,0.0508452281678744,693.314214477539,0.059133245006981694,690.8000607299805,0.06298794040796984,802.8549194335938,-0.0853738128588507,802.8549194335938,-0.0853738128588507,0.5516778523489932,50.20417626027643,14302245.5,12404885.4,0.7276214074216528,0.8389130301840596,False,False,-0.024928137810716233,0.018405410674212197,0.04727923471039008,0.04076295701640875,-0.00174112845103791,0.2677186069426456,0.22926713310809496,0.0905109489051095
2024-10-04,742.0,743.0,715.5,721.135009765625,712.3336791992188,17681110,712.3336791992188,-0.029930670594307873,741.5514038085937,-0.039400808169620216,699.97603515625,0.017654381610665126,693.8679608154297,0.026612726666451536,690.7778491210937,0.031205155326783363,802.8549194335938,-0.11274918798310019,802.8549194335938,-0.11274918798310019,0.40939597315436244,36.28637514894124,14849577.5,12138382.4,1.190681014325155,1.4566281912489427,False,False,-0.07170719178912999,-0.0046308062687694385,0.020274400891619804,0.007500003237225217,-0.029954133652324577,0.2882753233592472,0.23760665903472047,0.1343065693430657
2024-10-07,721.135009765625,732.4000244140625,719.030029296875,726.9400024414062,718.0678100585938,9362270,718.0678100585938,0.008049782042905962,741.3155670166016,-0.03136013594260212,701.20416015625,0.024049557690282386,694.4450408935547,0.034016758381114176,690.7735949707031,0.03951253389911091,802.8549194335938,-0.10560701232897285,802.8549194335938,-0.10560701232897285,0.4429530201342282,46.86278153873652,14396277.5,12135434.8,0.6503257526120901,0.7714820403468361,False,False,-0.06273851134346442,-0.006525784020438241,0.03039703857771725,0.01046189496449168,-0.06572458416971372,0.2874661556888888,0.23806387315886046,0.1386861313868613
2024-10-08,726.4849853515625,729.5399780273438,716.0050048828125,718.6950073242188,709.9234008789062,9038050,709.9234008789062,-0.01134211708922439,740.5228576660156,-0.041321421034258066,701.9888647460938,0.01130293731323273,694.9829888916015,0.021497521847452017,690.7564093017578,0.027747830232256687,802.8549194335938,-0.11575132231891883,802.8549194335938,-0.11575132231891883,0.3906040268456376,43.02294923006791,14408711.0,12094159.0,0.6272629106101163,0.7473070264745155,False,False,-0.06699336994433591,-0.021844415253709948,0.03404878084341134,-0.0009020016172637257,-0.08228305521852086,0.28963153104947026,0.23720244834570553,0.13138686131386862
2024-10-09,721.5999755859375,742.6799926757812,720.6099853515625,730.0449829101562,721.1348876953125,10543750,721.1348876953125,0.015792530296263152,740.8122802734375,-0.02656191467406832,702.9529528808594,0.02586508064293569,695.6288256835937,0.03666619477226818,690.6890335083008,0.04408040769427646,802.8549194335938,-0.10178679828720971,802.8549194335938,-0.10178679828720971,0.4697986577181208,35.336378264148294,14281432.5,12155321.0,0.7382837821065918,0.8674184745923205,False,False,-0.05225883447256752,0.008091816581167866,0.042281151440429765,0.03686249042893719,-0.0638529874114172,0.29087342892420537,0.23879291868153943,0.14890510948905109
2024-10-10,732.0,736.7999877929688,727.2999877929688,731.969970703125,723.036376953125,5594270,723.036376953125,0.002636801089862084,740.684603881836,-0.0238269120705612,703.9330432128907,0.02713799831450303,696.2276782226562,0.03850564918491406,690.6110903930664,0.04695158680640854,802.8549194335938,-0.09941838873800501,802.8549194335938,-0.09941838873800501,0.4778523489932886,37.763922061596475,14008701.0,12031323.8,0.39934252290772715,0.46497543354289905,False,False,-0.015355536585994312,-0.003519243880311884,0.03623426106267691,0.05783455807369586,-0.04943210960705058,0.2864681082758844,0.2382891027320617,0.14014598540145987
2024-10-11,732.5,733.0,722.60498046875,730.2000122070312,721.2880859375,3615870,721.2880859375,-0.002417984864042766,740.0608154296875,-0.025366468674993814,704.9110607910156,0.023232753828698494,696.8284594726563,0.03510135978566975,690.4887524414063,0.04460511976074111,802.8549194335938,-0.10159598144287185,802.8549194335938,-0.10159598144287185,0.47114093959731546,37.43225746427768,13466112.5,11925709.4,0.2685162477292537,0.30319957318430046,False,False,0.012570522775713133,-0.017002430629811882,0.0344096427388505,0.06462274965755288,-0.060441393426070245,0.28341946709794646,0.23835935892638527,0.1416058394160584
2024-10-14,729.27001953125,731.385009765625,720.0,720.8800048828125,712.081787109375,4451810,712.081787109375,-0.012763691800286803,738.136099243164,-0.035297436557436224,705.7746899414062,0.008936417326742552,697.3219927978515,0.02116639725115088,690.2982440185547,0.031556712304536605,802.8549194335938,-0.1130629334478741,802.8549194335938,-0.1130629334478741,0.40671140939597317,33.854398824025864,12584484.0,11846841.0,0.3537538765991518,0.37578034515699166,False,False,-0.008336292012212976,-0.05128636946277998,0.013895984904294778,0.017626150600060786,-0.09069363640147265,0.2720536214608421,0.23953227451757023,0.1591240875912409
2024-10-15,724.489990234375,725.614990234375,697.9000244140625,701.6900024414062,693.1259765625,14855670,693.1259765625,-0.026620271561535347,736.5119140625,-0.05890731252491088,706.3513647460937,-0.018723526057527695,697.6242962646485,-0.0064480548143667216,690.0811181640624,0.004412319535040066,802.8549194335938,-0.1366734390174833,802.8549194335938,-0.1366734390174833,0.29261744966442954,30.060133658889157,11987490.0,12019510.8,1.2392644331715814,1.2359629478431018,False,False,-0.02366089678916139,-0.044767461764583905,0.012203747145867583,-0.03292195683625265,-0.10210339851284822,0.2629572602960314,0.24028945404704358,0.1678832116788321
2024-10-16,701.0,705.9349975585938,692.0,695.635009765625,687.1448974609375,11256980,687.1448974609375,-0.008629137132076803,734.4911346435547,-0.0644612779507463,707.0618859863281,-0.028168663762164203,697.7860968017578,-0.015249944631447021,689.8964001464843,-0.003988283871263265,802.8549194335938,-0.14412320230196574,802.8549194335938,-0.14412320230196574,0.2738255033557047,25.056991679699607,11766446.0,12055842.2,0.9567017942376144,0.9337365082631889,False,False,-0.04713402556767732,-0.05554945487762897,0.010473190536817611,-0.03700161811564162,-0.10949421386252578,0.26325999374350506,0.24053321099156222,0.16934306569343066
2024-10-17,698.094970703125,699.8800048828125,687.0999755859375,689.9500122070312,681.5292358398438,6897550,681.5292358398438,-0.008172456263364714,730.8777770996094,-0.06751955361893569,707.7753698730469,-0.03708257612568644,697.8816662597657,-0.023431523151426714,689.718913269043,-0.011873934832934863,802.8549194335938,-0.15111781799798163,796.30908203125,-0.14413981804480025,0.23758389261744967,15.25787448846583,10623827.0,12015427.6,0.6492528539856682,0.5740578054833437,False,False,-0.05740671207746462,-0.09587091707016893,0.025627612997068283,-0.053896228294329385,-0.15111781799798163,0.22012078196115825,0.23635700719987554,0.12408759124087591
2024-10-18,689.2999877929688,693.864990234375,682.0700073242188,689.9550170898438,681.5342407226562,7449290,681.5342407226562,7.343606919896217e-06,727.4659362792969,-0.06313930765138398,708.2937658691407,-0.03778026355159014,697.9196899414062,-0.023477556880685757,689.6068115234375,-0.011706048527780344,802.8549194335938,-0.15111158414091563,796.30908203125,-0.1441335329440454,0.2389261744966443,15.414155014379986,10135969.5,12071556.6,0.7349361104529764,0.6170944018934559,False,False,-0.055115072590133485,-0.09101020339135102,0.044255064698182967,-0.04944718785942326,-0.13621751346370425,0.22080735838001475,0.2332447459588408,0.09927007299270073
2024-10-21,690.905029296875,695.0750122070312,671.7249755859375,678.0900268554688,669.8140258789062,22099660,669.8140258789062,-0.017196809996402607,723.5071014404297,-0.07421223019736212,708.6863171386718,-0.05485119483710765,697.8625775146485,-0.040192084429621744,689.4014627075195,-0.028412235668439978,802.8549194335938,-0.1657097569365914,796.30908203125,-0.15885170596029896,0.16778523489932887,14.638010497257213,10418450.5,12375472.0,2.1212041080389064,1.7857629995849855,True,True,-0.05935801476126856,-0.10571118490833697,0.020029291525970994,0.012440745012884946,-0.1569422990956797,0.22470136469664148,0.2358629030657613,0.12116788321167883
2024-10-22,680.0,683.2999877929688,664.364990234375,667.7899780273438,659.6397094726562,17006190,659.6397094726562,-0.015189763147911983,718.9770721435547,-0.0825302571805111,708.8042602539062,-0.06936266263924318,697.7689343261719,-0.05464448612969086,689.1325390625,-0.04279703528433865,802.8549194335938,-0.17838242812533855,795.4293823242188,-0.1707124175558985,0.11946308724832215,13.566274342039662,10982011.5,12575697.8,1.5485496441157434,1.3523058736350995,True,False,-0.04831194937450778,-0.12076208981546199,-0.016473321560478205,-0.016871634849318307,-0.17162854931903238,0.22556002753141968,0.23390169593105747,0.10364963503649635
2024-10-23,660.5750122070312,709.885009765625,660.0999755859375,699.5800170898438,691.041748046875,26373910,691.041748046875,0.047604833552732595,716.2191497802735,-0.03515320937889277,709.57009765625,-0.02611207782088787,698.1763006591797,-0.010218841008451052,688.9866674804688,0.002982758104625338,802.8549194335938,-0.13926946037224486,795.4293823242188,-0.131234320226299,0.28456375838926173,34.952433914767354,11765937.0,12968198.6,2.2415477832322237,2.0337373611782903,True,True,0.005671075489808164,-0.07391910054717321,0.026914023962900657,0.015507939275609672,-0.12270316476960674,0.29591893766993377,0.25350842815657054,0.3094890510948905
2024-10-24,701.25,712.2849731445312,699.0599975585938,704.0900268554688,695.4967041015625,8951250,695.4967041015625,0.006446724915359692,713.3397277832031,-0.025013360376114346,710.7077416992188,-0.02140266202994845,698.5483587646485,-0.004368566076774827,688.877174987793,0.009609157269417246,802.8549194335938,-0.13372056735701565,795.4293823242188,-0.12563362687289248,0.3046979865771812,43.332165051617906,11577480.5,12932758.2,0.7731604471283713,0.692137737485883,False,False,0.020494305346280273,-0.07647002519826684,0.0318454438322906,0.028120657054227394,-0.12114328473161828,0.29447327060766915,0.25378656368773156,0.31386861313868614
2024-10-25,704.0900268554688,705.9949951171875,689.3300170898438,691.0150146484375,682.581298828125,10223240,682.581298828125,-0.018570045260130397,709.1008514404297,-0.03739884468962951,711.6000183105468,-0.040779537290227985,698.5771472167969,-0.02289775503307112,688.6387280273437,-0.008796236622605758,802.8549194335938,-0.14980741562911593,795.4293823242188,-0.1418706499957989,0.2483221476510067,36.70284321407286,11254560.0,12982367.8,0.9083642541334357,0.7874711422056614,False,False,0.0015363250192075295,-0.11047964005619604,0.015161043652041517,0.0019244877969590846,-0.1357839494648132,0.2860077403779256,0.2567602822403152,0.38686131386861317
2024-10-28,692.0,704.5,687.5,691.135009765625,682.6997680664062,7149810,682.6997680664062,0.0001735606271144885,704.9291442871094,-0.03153419943104141,712.233095703125,-0.04146581760225987,699.0061614990234,-0.023327968093511453,688.4231109619141,-0.008313699532124574,802.8549194335938,-0.14965985567100437,773.172607421875,-0.11701506039789511,0.24966442953020135,39.146192728373514,11022985.0,12974680.2,0.6486273908564695,0.5510586688680004,False,False,0.019237790923520626,-0.10890281953847958,0.020630036892079318,0.012565188899231972,-0.14172171252766685,0.28641188503937864,0.25649894697411635,0.3854014598540146
2024-10-29,690.9099731445312,706.0,680.219970703125,702.25,693.6791381835938,14097500,693.6791381835938,0.016082281891326877,701.5681732177734,-0.0112448587825702,713.0354809570313,-0.027146394941605978,699.2234759521484,-0.007929278634423498,688.1047640991211,0.008101054338391034,802.8549194335938,-0.1359844457663938,770.7154541015625,-0.0999542898848077,0.2966442953020134,39.03335230040328,11246884.0,13150884.2,1.2534582912031458,1.071981152415592,False,False,0.05160306182620511,-0.08834215880849905,0.04423791254569642,0.026948402733495636,-0.10281464769341775,0.29647169549485186,0.2580004495636244,0.4233576642335766
2024-10-30,699.9000244140625,702.0449829101562,693.2000122070312,695.5,687.0115356445312,5660440,687.0115356445312,-0.009611940408820296,697.8738220214843,-0.015564828532311226,713.4953991699218,-0.037118478347865747,699.2864923095703,-0.0175535446487719,687.7503274536133,-0.0010742151324266702,802.8549194335938,-0.14428931178598103,767.3588256835938,-0.10470628257580272,0.27248322147651005,36.13837598772388,11135762.0,13072661.2,0.5083118694526697,0.43299829418053,False,False,-0.005832082379587877,-0.09710495965126553,0.05431503552366346,0.028011775742861067,-0.10860547561564915,0.29652186257591967,0.2555954642638691,0.35474452554744523
2024-10-31,694.9000244140625,697.0800170898438,687.9749755859375,688.9749755859375,680.566162109375,7301530,680.566162109375,-0.009381754454980795,695.1865234375,-0.021030846880965792,713.8004309082031,-0.046559608764234706,699.0240063476563,-0.026405165016752385,687.3514520263672,-0.009871645570819099,802.8549194335938,-0.1523173793473076,767.3588256835938,-0.11310570839776346,0.23087248322147652,34.877659150087396,10980507.5,13092069.6,0.664953782873879,0.5577063232233351,False,False,-0.02146745182850962,-0.07319226961749548,0.05374444476680429,0.048323949365213004,-0.10874513773794758,0.2753345430219306,0.25568614426268205,0.3562043795620438
2024-11-01,693.0,694.4550170898438,690.2000122070312,692.3599853515625,683.9097900390625,450110,683.9097900390625,0.004913009367559784,693.7653289794922,-0.014205868366075514,714.1560363769531,-0.042352433918132926,698.8957495117188,-0.021442338836838215,686.9744790649414,-0.004461139560890781,802.8549194335938,-0.1481527066913233,767.3588256835938,-0.1087483884350865,0.2563758389261745,39.061876455628045,10118957.5,12955419.8,0.044481854973696645,0.03474298841323536,False,False,0.0019462754300745289,-0.03990249231527199,0.04315852024472733,0.04102347751689783,-0.1077772085408053,0.25849082523153327,0.25413174851816217,0.3197080291970803
2024-11-04,697.5,697.5,675.2899780273438,684.3699951171875,676.017333984375,7162390,676.017333984375,-0.011540200432335834,691.6628051757813,-0.02262008463420273,714.3691027832032,-0.05368620878115882,698.6401623535156,-0.03238123083696032,686.580108947754,-0.015384621292870437,802.8549194335938,-0.1579831951938483,767.3588256835938,-0.11903361066818785,0.20268456375838925,42.73305915219542,10008963.5,12975058.6,0.7155975741144425,0.5520121504499409,False,False,-0.009788247183615928,-0.0585605920293063,0.03972840573547165,0.023710606982776605,-0.10610165527314708,0.2578326160068144,0.25471819999150147,0.3343065693430657
2024-11-05,684.5,701.4949951171875,671.2000122070312,693.0349731445312,684.5765991210938,12234300,684.5765991210938,0.012661310156458994,690.3954650878907,-0.00842830850005094,714.6693920898438,-0.04210729226943999,698.3918823242187,-0.019781563263805868,686.2338427734375,-0.0024149838568816584,802.8549194335938,-0.14732215927124692,767.3588256835938,-0.10787942197544198,0.25771812080536916,48.93248897834636,10168776.0,13040076.0,1.2031241518153217,0.9382077221022331,False,False,-0.013122117361544228,-0.035703572704368414,0.047165425036397535,0.043357350983175724,-0.061529340033430246,0.26144791448343824,0.25570874629102985,0.35766423357664234
2024-11-06,693.5,702.4099731445312,689.22998046875,700.6199951171875,692.0690307617188,6962620,692.0690307617188,0.010944621318117242,688.942172241211,0.004538637125864664,714.9511120605468,-0.03200509924780748,698.1426501464844,-0.008699682483932492,685.9293142700195,0.008950946349673528,802.8549194335938,-0.13798992319812076,767.3588256835938,-0.09811550007886316,0.2912751677852349,54.31355856841533,9989719.5,12772148.0,0.6969785287765087,0.5451408799835392,False,False,0.007361586894523819,-0.040305714547365534,0.06023617033332718,0.054097565895861566,-0.06205075858280962,0.25768797538524424,0.2564806652171059,0.38394160583941606
2024-11-07,700.6199951171875,703.89501953125,687.0,690.4500122070312,682.0231323242188,4590470,682.0231323242188,-0.014515746249247785,686.8915100097656,-0.007087549656098813,714.9600024414062,-0.046068129692173665,697.7471575927734,-0.022535420026363884,685.6645123291015,-0.005310731326189755,802.8549194335938,-0.15050264273727143,767.3588256835938,-0.11120702662584814,0.24161073825503357,50.1848900723495,9939529.5,12694160.2,0.4618397681701131,0.36162061354795255,False,False,0.0021408208282467367,-0.05672362544431864,0.06797313596596033,0.028458082360828252,-0.07515459794602153,0.26082893701726195,0.2541818948624792,0.32262773722627736
2024-11-08,690.4500122070312,695.155029296875,684.0999755859375,689.594970703125,681.1785278320312,4248400,681.1785278320312,-0.0012383810052148947,684.8860321044922,-0.005413315644748451,714.6288928222656,-0.04680802207440793,697.3499523925781,-0.023189826721954132,685.4059799194335,-0.006167807418165805,802.8549194335938,-0.15155464412848585,767.3588256835938,-0.11230769096164317,0.2348993288590604,54.68307808081225,9971156.0,12251296.4,0.4260689532888664,0.3467714649365597,False,False,-0.003993600101667272,-0.05560823599815323,0.0677323871827673,0.030200039434098436,-0.07501773643328613,0.26088478306922325,0.25419077309665095,0.32408759124087594
2024-11-11,686.0,690.4199829101562,675.2150268554688,677.8800048828125,669.6066284179688,7623160,669.6066284179688,-0.01698805664190861,682.7622741699219,-0.019268266935145606,713.7964794921875,-0.06190819420355853,696.9360504150391,-0.039213672446410386,685.1376495361328,-0.022668468341623393,802.8549194335938,-0.1659680818915955,767.3588256835938,-0.12738785818817355,0.16644295302013423,54.06039394011729,10129723.5,11994886.2,0.7525536111622395,0.6355341662182673,False,False,-0.009483049093759521,-0.05964926987366148,0.028509095940876472,0.010378570258284592,-0.08820636915423319,0.26345793513866433,0.2536548420330392,0.3124087591240876
2024-11-12,681.9000244140625,683.6849975585938,661.5,663.8200073242188,655.7182006835938,10572330,655.7182006835938,-0.020741174213266378,680.8918853759766,-0.03697163269684489,712.212353515625,-0.07932206251852358,696.409653930664,-0.058430340558032534,684.8457278442382,-0.042531516188809904,802.8549194335938,-0.18326688320450657,767.3588256835938,-0.1454868586421041,0.09932885906040269,33.21439903568667,9915556.5,11747057.2,1.0662366756722126,0.8999981714569332,False,False,-0.042155105030686646,-0.05396966373187595,0.003302413866365317,-0.01082738952508644,-0.10438507795176344,0.25720185254480743,0.2572862942909468,0.39854014598540144
2024-11-13,663.5,670.2249755859375,652.6599731445312,656.5999755859375,648.5862426757812,8673470,648.5862426757812,-0.010876559473837033,678.9639526367188,-0.0447412706417879,710.6559826660156,-0.08734147253271629,695.8483386230469,-0.06792011035161538,684.4918298339844,-0.05245583014031252,802.8549194335938,-0.19215012952358512,767.3588256835938,-0.15478102164525853,0.06174496644295302,28.26141925951235,9786381.0,11540795.4,0.8862796165405782,0.751548719077023,False,False,-0.06283013132097326,-0.05611429980435567,-0.02323647478057278,-0.033352866819587046,-0.10963207599102565,0.2580175559464318,0.2561232216365837,0.3722627737226277
2024-11-14,657.22998046875,663.9450073242188,653.0,654.9149780273438,646.9218139648438,5277030,646.9218139648438,-0.0025662411587251688,677.2335815429688,-0.04475821696417426,709.1735974121094,-0.08778074039196126,695.3221398925781,-0.06960849245388878,684.2516812133789,-0.05455575524832956,802.8549194335938,-0.19422326711127247,767.3588256835938,-0.15695005737564816,0.05503355704697987,31.551459002365107,9705355.0,11468986.8,0.5437235423124657,0.46011300666942956,False,False,-0.051466463079860136,-0.05077907161583983,-0.02764521012495369,-0.037279031361192816,-0.12959758462413484,0.25722382081965856,0.2561234571469533,0.37372262773722625
2024-11-18,663.2999877929688,665.7000122070312,655.5,656.7949829101562,648.7789306640625,5965350,648.7789306640625,0.002870697291589064,675.595816040039,-0.03969368184243938,707.8362219238281,-0.08343355345570447,694.8218212890625,-0.06626575218892716,684.0283859252929,-0.05153215273887801,802.8549194335938,-0.19191012602654334,767.3588256835938,-0.15452991618868206,0.06442953020134229,32.76107972363582,9631158.0,11453604.4,0.6193803486558938,0.5208273126667444,False,False,-0.04756403181275559,-0.04806113633243436,-0.026046865519514295,-0.04272034866122976,-0.11936046060781191,0.25779111398326376,0.2561885960738191,0.37664233576642336
2024-11-19,659.4349975585938,664.47998046875,656.0999755859375,659.530029296875,651.4805908203125,8040460,651.4805908203125,0.004164223017360857,674.6791442871094,-0.034384571782353324,706.4101428222656,-0.07775872495615266,694.2657922363281,-0.06162654403322754,683.8037579345703,-0.04726965410645001,802.8549194335938,-0.18854505957324685,767.3588256835938,-0.1510091902051851,0.08053691275167785,26.584136518845312,8928198.0,11245848.2,0.9005691854056104,0.7149714149618346,False,False,-0.027069680657853312,-0.02737093334905505,-0.020865905829420384,-0.03559404637197294,-0.11146730216107614,0.25255687602899,0.25634582173941806,0.3795620437956204
2024-11-21,661.4000244140625,661.4000244140625,645.0999755859375,646.5650024414062,638.6737060546875,11010800,638.6737060546875,-0.019658121740049328,673.6308441162109,-0.05189361260229475,704.6680651855469,-0.09365311469518967,693.5732489013672,-0.07915464290706364,683.4629299926758,-0.06553277723265583,802.8549194335938,-0.2044967395787205,767.3588256835938,-0.1676987549003146,0.032214765100671144,24.88840411060977,8628428.5,11290276.6,1.2761072308821937,0.9752462574743298,False,False,-0.025993627462433055,-0.03178402257609669,-0.04613227985217283,-0.04533653159275619,-0.12029620644799843,0.2562941519739017,0.2590291645043712,0.44963503649635034
2024-11-22,647.0,672.239990234375,645.60498046875,668.39501953125,660.2373657226562,9698550,660.2373657226562,0.033763186841016424,672.090625,-0.01763640026572877,703.5658837890625,-0.061584165839679406,693.1469165039063,-0.047478463797024695,683.4139364624024,-0.03391293256282779,802.8549194335938,-0.17763801436447912,767.3588256835938,-0.13959761245400348,0.12348993288590604,40.872841230893684,7794660.5,11222461.2,1.244255602922026,0.8642088243530751,False,False,0.01796387632091556,-0.04457673130644091,-0.026174204457046324,0.015273216758321828,-0.09769165565751059,0.22377265203423377,0.26716345242000095,0.6175182481751825
2024-11-25,678.989990234375,686.2999877929688,666.72998046875,668.5399780273438,660.3805541992188,11327510,660.3805541992188,0.00021687423947258644,670.3348175048828,-0.014849688611902612,702.2616967773438,-0.05963751514615745,692.5627838134766,-0.046468320802703245,683.3432009887696,-0.033603388101798415,802.8549194335938,-0.17745966523427326,767.3588256835938,-0.13941101334056394,0.1261744966442953,39.1233395235298,7913473.5,11228033.4,1.4314207282048774,1.0088596637056673,False,False,0.02080427641153304,-0.050490749553883996,-0.03110141467024574,0.0031743727051234405,-0.0872030716117449,0.22166876802183105,0.26691077599166024,0.6116788321167883
2024-11-26,672.2000122070312,673.97998046875,660.844970703125,661.7949829101562,653.7178344726562,6632780,653.7178344726562,-0.0100892124763452,668.8916442871093,-0.02268500428141096,700.6607763671875,-0.06699810161762276,692.0218170166015,-0.05535083085830861,683.2979266357422,-0.043290182817801504,802.8549194335938,-0.18575844944208875,767.3588256835938,-0.14809367848177357,0.09395973154362416,39.573255616837585,7733950.5,11071336.2,0.8576186258238917,0.5990948048348491,False,False,0.007612614367020987,-0.04228575322093109,-0.06308446164577475,-0.038229403178539956,-0.07933333860549496,0.2154691342412179,0.26283675080038277,0.5343065693430656
2024-11-27,665.0,673.3300170898438,661.2249755859375,670.52001953125,662.33642578125,6420100,662.33642578125,0.013183962336817956,667.8734771728516,-0.008290569368078926,698.8959826660156,-0.052310440740130026,691.4749737548829,-0.04213970003195233,683.244144897461,-0.030600656108584312,802.8549194335938,-0.175023519506461,767.3588256835938,-0.13686217762438013,0.13020134228187918,39.606761282637976,7697465.0,10758050.6,0.834053808624008,0.5967716864986674,False,False,0.01666332829235695,-0.029827668380246863,-0.06874155349450617,0.03522685904906253,-0.08469852597403638,0.22211338116940474,0.26110435918043823,0.4948905109489051
2024-11-28,671.4000244140625,672.625,649.5,650.9400024414062,642.995361328125,15768820,642.995361328125,-0.029201269476175185,665.3392883300781,-0.033582756037199846,697.2436962890625,-0.07780398051594195,690.8846173095703,-0.06931585214320557,683.211650390625,-0.058863587937217354,802.8549194335938,-0.1991138800248594,767.3588256835938,-0.16206689777064964,0.042953020134228186,29.353415756385502,7781031.0,10537516.0,2.0265720570962897,1.496445651897468,True,True,0.006766609040685045,-0.07306515947442904,-0.12508650649783914,-0.04308718052034888,-0.09402046780231055,0.23269645125077235,0.2573614258103467,0.4
2024-11-29,651.9000244140625,660.9000244140625,651.0349731445312,657.5900268554688,649.5642700195312,7096430,649.5642700195312,0.010216105879578885,663.4669250488281,-0.020954556292725024,695.6837719726562,-0.06629377284789928,690.3293786621093,-0.05905167866617922,683.2169390869141,-0.04925619834947004,802.8549194335938,-0.19093194262570823,767.3588256835938,-0.15350648447827053,0.07114093959731543,35.93211515325304,7852830.5,10365887.4,0.9036779795514497,0.6845945480750639,False,False,-0.016165543268583216,-0.054507477214146394,-0.10578195065192242,-0.045754630404641894,-0.0650323451235888,0.2366088340432345,0.25780472095309614,0.41897810218978104
2024-12-02,659.5,666.5,649.0999755859375,665.0650024414062,656.947998046875,9202490,656.947998046875,0.011367201627518364,662.2860168457031,-0.008059990190117161,693.7468041992188,-0.053043568531922936,689.8872412109375,-0.047745836125691055,683.2045733642578,-0.03843149817936575,802.8549194335938,-0.1817351028871501,767.3588256835938,-0.1438842220109483,0.10738255033557047,40.061653880103876,7947878.5,9954938.6,1.1578548917173306,0.9244145413413198,False,False,-0.005197845591480288,-0.03470370020939162,-0.0888896356781208,-0.07055138516602066,-0.059003748882814344,0.2402642524212504,0.25891070277107525,0.44379562043795623
2024-12-03,669.614990234375,672.239990234375,663.0800170898438,667.5449829101562,659.397705078125,13136660,659.397705078125,0.003728920764707544,661.0604125976563,-0.002515212661120647,691.9393371582031,-0.04702960264367495,689.4994329833985,-0.04365736426355882,683.2700866699219,-0.03493842633759159,802.8549194335938,-0.17868385792127472,767.3588256835938,-0.14069183410941122,0.11543624161073826,45.47404754031911,8582206.0,9873543.0,1.5306857001568128,1.330490989911119,True,False,0.00868856608455637,-0.035841108458964266,-0.07860012629239044,-0.05358959026444654,-0.058833839870489624,0.23987133519884407,0.25880914936763966,0.43795620437956206
2024-12-04,670.1749877929688,676.4400024414062,666.6849975585938,674.0,665.77392578125,11304410,665.77392578125,0.009669764777797463,660.5482421875,0.007911130875837946,690.2750012207031,-0.035494658500053844,689.1883264160156,-0.03397387874592628,683.3287316894531,-0.0256901328659207,802.8549194335938,-0.17074192401916533,767.3588256835938,-0.13238252627360858,0.15167785234899328,54.77616639251922,8789307.0,9770630.4,1.286154869775285,1.1569785712086704,False,False,0.005189960669829352,-0.015152582172340834,-0.07887636840148815,-0.05103099519062049,-0.04238468165245446,0.2401636735031751,0.25875389169522495,0.43503649635036495
2024-12-05,676.0,688.989990234375,668.5449829101562,685.0399780273438,676.67919921875,13482430,676.67919921875,0.016379844591695614,660.1533721923828,0.025033314563681852,688.803779296875,-0.017602371593404498,689.0896453857422,-0.018009915328280668,683.4838467407227,-0.009955827858143973,802.8549194335938,-0.15715880560819073,767.3588256835938,-0.11817108688893063,0.21073825503355706,62.88157764377747,8851713.5,9925579.6,1.5231435133999762,1.3583519092426604,True,False,0.05238581787129859,-0.011536181506179077,-0.06764935910265968,-0.04613080143183035,-0.019372474068905965,0.24324116553533945,0.2610461023817186,0.491970802919708
2024-12-06,687.594970703125,693.5,677.864990234375,685.030029296875,676.6693725585938,8332070,676.6693725585938,-1.4521888906271485e-05,659.3833892822265,0.02621537569392518,687.4131628417969,-0.015629305436613672,688.9375256347656,-0.017807352074294958,683.6219586181641,-0.010170220502606298,802.8549194335938,-0.1571710452543813,767.3588256835938,-0.11818389271044116,0.20939597315436242,63.85043314573726,8920186.0,9878313.0,0.9340690877970482,0.843470944887047,False,False,0.04172813036383216,-0.022251621613779693,-0.054067597273638524,-0.05623892874566461,-0.0340734017196751,0.23950304820485407,0.2595668428778164,0.47007299270072994
2024-12-09,685.010009765625,692.5,682.7899780273438,686.8350219726562,678.4522705078125,8409100,678.4522705078125,0.0026348140192562486,659.2048461914062,0.029197941167467656,685.9205053710938,-0.01088790144747287,688.7445104980469,-0.014943480250451446,683.7479266357421,-0.007745041588624546,802.8549194335938,-0.1549503477085824,767.3588256835938,-0.1158604712685487,0.22281879194630871,63.82543205186101,9111117.5,9792087.4,0.9229493528099051,0.8587648022831168,False,False,0.032733599196390406,-0.005235690179946517,-0.06496456740436729,-0.059758546644536614,-0.03187470121033065,0.23436403030513345,0.2577590645997801,0.41605839416058393
2024-12-10,688.47998046875,695.885009765625,684.405029296875,693.6199951171875,685.1544799804688,12045630,685.1544799804688,0.009878674984225011,659.4036437988282,0.03905170440565042,684.2764184570312,0.0012831971112163831,688.6231109619141,-0.005037052817760013,683.9207235717773,0.0018039465191932447,802.8549194335938,-0.146602376848063,767.3588256835938,-0.10712634422350464,0.26308724832214764,65.12551109424751,9500979.0,9699367.0,1.2678303993725277,1.2418985692571485,False,False,0.03906106239677021,0.005836872399797466,-0.06624661963118073,-0.04958331957521711,-0.02118535443407943,0.2369923740766308,0.25749302299051124,0.4072992700729927
2024-12-11,695.989990234375,716.5,689.3099975585938,711.510009765625,702.826171875,19931040,702.826171875,0.025792273729327464,661.0646209716797,0.0631731748734885,683.010263671875,0.029012606774888372,688.6281494140625,0.020617836306892512,684.1819775390625,0.02725034413066374,802.8549194335938,-0.12459131175177085,767.3588256835938,-0.08409710248801205,0.3422818791946309,77.60915750453904,10116373.0,9862361.6,1.9701764654189797,2.0209196142230277,True,False,0.05565289456217615,0.04961053556999073,-0.06361771747759837,-0.01149182949362404,-0.014950461822810235,0.24391959382244718,0.2587007521163924,0.4335766423357664
2024-12-12,712.1849975585938,714.8400268554688,707.5,712.5800170898438,703.8831176757812,9667960,703.8831176757812,0.0015038509422060642,663.472866821289,0.06090716421923714,681.8699548339844,0.032283520758964235,688.8192883300782,0.021869058548320774,684.4025177001953,0.02846365913592308,802.8549194335938,-0.1232748275711334,767.3588256835938,-0.08271972105261949,0.348993288590604,72.80986484262262,10071154.5,9863330.4,0.9599654140942828,0.9801922482491309,False,False,0.040202090574734894,0.07345368321631929,-0.029942492628732165,-0.00631704928640886,-0.03321942024623836,0.22802723870893812,0.24982078185963164,0.25985401459854013
2024-12-13,709.9000244140625,721.7249755859375,698.0599975585938,718.280029296875,709.5135498046875,12504360,709.5135498046875,0.007999100969345418,666.5192321777344,0.06450574199708647,680.8422546386719,0.04211150963482968,689.1141949462891,0.029602285090047253,684.6262460327148,0.0363516647458233,802.8549194335938,-0.11626181439450811,767.3588256835938,-0.07538230348413,0.38791946308724834,74.28474202806912,10262699.0,9955760.0,1.2184280178148068,1.2559925108680803,False,False,0.048537998878100064,0.09393863625220766,-0.02480472261261435,0.00680524395432025,-0.017815515761614664,0.22184025487959752,0.2503363982454032,0.27007299270072993
2024-12-16,718.280029296875,724.7999877929688,715.6099853515625,720.8400268554688,712.0422973632812,7960740,712.0422973632812,0.0035640581625113743,669.7752563476563,0.06310630411477258,680.3968579101562,0.046510266890890994,689.5896209716797,0.032559475532657034,684.8993771362304,0.03963052257478106,802.8549194335938,-0.11311212010057792,767.3588256835938,-0.07208691223566022,0.4053691275167785,80.05602392434191,10396884.5,9906842.4,0.7656851434677379,0.803559769962627,False,False,0.04950978619369506,0.10066206146199974,-0.05539173454680901,0.017869714676994164,-0.024573821212768854,0.22027841645302454,0.23876993244032574,0.14744525547445256
2024-12-17,720.0,725.739990234375,711.0,715.280029296875,706.5501098632812,10318560,706.5501098632812,-0.007713288270005503,672.6638153076171,0.050376270857036554,680.2811865234376,0.03861480202633638,690.1286108398438,0.02379483876701416,685.1518533325195,0.031231407208026196,802.8549194335938,-0.11995294198141626,767.3588256835938,-0.07924417337109757,0.3651006711409396,73.54300255776087,10614545.0,9759591.4,0.9721151495424439,1.0572737707031463,False,False,0.03122745381949832,0.08904601624483499,-0.05764552639725884,0.011074984741446636,-0.027396377508213998,0.22472953130011594,0.23901045928975054,0.15182481751824817
2024-12-18,714.9000244140625,717.8800048828125,706.0399780273438,707.4450073242188,698.810791015625,7275140,698.810791015625,-0.010953672980326679,675.0303253173828,0.03522873685276462,679.8960461425781,0.02782005422793765,690.5501031494141,0.011962474306405957,685.354379272461,0.01963423908875983,802.8549194335938,-0.12959268966225035,767.3588256835938,-0.08932983159072083,0.32550335570469796,83.91052320872875,10576279.0,9717848.8,0.6878733059141121,0.7486368793883683,False,False,-0.0057131919954869215,0.0726502076381379,-0.06699673323411126,-0.011699756993095112,-0.02704508857435406,0.23122575838529505,0.2399010454408898,0.1635036496350365
2024-12-19,695.0,702.4450073242188,688.7849731445312,691.85498046875,683.4110107421875,9076750,683.4110107421875,-0.02203712431380178,677.2671905517578,0.009071486521330607,679.3657983398438,0.005954395131796408,690.6773315429688,-0.010520572297556652,685.5067385864257,-0.0030571951029392253,802.8549194335938,-0.14877396376380525,767.3588256835938,-0.10939838330082696,0.2536912751677852,68.57079133616466,10479576.5,9718622.8,0.8661371001013256,0.9339543458770722,False,False,-0.029084526137226563,0.07004719978822682,-0.08907717310949448,-0.034632091736543025,-0.04654869888070645,0.23453196239995142,0.2436465391053015,0.1897810218978102
2024-12-20,691.3350219726562,702.4000244140625,680.469970703125,684.8250122070312,676.4668579101562,27000190,676.4668579101562,-0.01016101982976525,678.0786651611328,-0.002377021035742999,678.4724377441406,-0.0029560225624680747,690.7126953125,-0.020624837937716634,685.6671313476562,-0.013417988141588677,802.8549194335938,-0.15742328839761366,767.3588256835938,-0.11844780398852817,0.20671140939597316,60.761379811623605,11344658.5,10047751.6,2.3799914294467306,2.6871872509268644,True,True,-0.046576547979426564,0.024581299135858714,-0.09345124517575376,-0.037565587966201686,-0.0590494944163491,0.2098746447547228,0.24417301788091836,0.19416058394160585
2024-12-23,689.7000122070312,697.6900024414062,685.594970703125,686.6699829101562,678.2892456054688,5829280,678.2892456054688,0.0026939792748199576,678.9740997314453,-0.0010086601628066516,677.5774951171875,0.0010504340734607265,690.7552691650391,-0.01804694674951779,685.8649182128906,-0.011045429509882632,802.8549194335938,-0.15515340419911094,767.3588256835938,-0.11607292064280128,0.22013422818791947,60.48806670204266,11069747.0,10052451.8,0.5265955942805197,0.5798863914970475,False,False,-0.04740315551871188,0.027118744324575283,-0.09931931207134848,-0.05635075918434995,-0.04916348376185942,0.20988955208838767,0.24331073193340488,0.18686131386861313
2024-12-24,688.2000122070312,691.0,679.4000244140625,680.8200073242188,672.5106811523438,6014270,672.5106811523438,-0.008519321942023206,679.9137420654297,-0.010888235455569828,676.6019470214844,-0.006046784061368937,690.75650390625,-0.02641426124940638,686.0354580688477,-0.019714399244866176,802.8549194335938,-0.16235092434036102,767.3588256835938,-0.1236033800051175,0.1825503355704698,53.76504739781073,11038821.5,10100419.8,0.5448289928413101,0.5954475278344371,False,False,-0.048176949144518866,0.028747642619919356,-0.1236033800051175,-0.0498772380355913,-0.0845337816162729,0.20881883591807282,0.23987550702311208,0.16204379562043797
2024-12-26,683.0399780273438,685.7999877929688,680.0050048828125,681.5750122070312,673.2564697265625,3290960,673.2564697265625,0.0011089616791526424,680.4597442626953,-0.010585893723864315,675.8254406738281,-0.003801234449984925,690.8000653076172,-0.02539605373841769,686.1723291015625,-0.018823054832175057,802.8549194335938,-0.1614220036148769,767.3588256835938,-0.12263148973780436,0.18791946308724833,47.842044989271415,10882364.5,10077202.8,0.3024122193297238,0.326574751477662,False,False,-0.036568298053787696,0.01648715595315764,-0.12122873045642968,-0.06103628396716698,-0.08850029483626676,0.2042063172295225,0.23996307739328052,0.16496350364963502
2024-12-27,684.6849975585938,697.6699829101562,683.0399780273438,690.7750244140625,682.34423828125,5554180,682.34423828125,0.0134982268471604,682.4271881103516,-0.00012155117871448518,675.6098059082032,0.009967931658413365,690.9805853271484,-0.012498682639266234,686.3394049072266,-0.005820978072090477,802.8549194335938,-0.15010268759063328,767.3588256835938,-0.11078857055773006,0.2442953020134228,53.21038765525027,10371632.5,9891173.0,0.5355164676341936,0.5615289511163135,False,False,-0.0015609529904691,0.06119620656648106,-0.10323888815537119,-0.028042589876818735,-0.08502977584492843,0.17487757843181967,0.24183844133757598,0.1781021897810219
2024-12-30,690.0,699.5,686.5,688.8250122070312,680.41796875,4908760,680.41796875,-0.0028230172150380817,683.969873046875,-0.005193071269429472,675.4752673339843,0.007317368458987339,691.2685766601562,-0.015696660135457896,686.6335650634766,-0.009052275667447152,802.8549194335938,-0.15250196233457947,767.3588256835938,-0.11329882973085426,0.22818791946308725,51.11023473297969,10262249.0,9764208.6,0.47833179647073465,0.5027299396286966,False,False,0.00584080475435278,0.047499069998941046,-0.10577046021188519,-0.03498876920376126,-0.09299792059331835,0.17389511439512761,0.24182285610978488,0.17664233576642335
2024-12-31,686.9949951171875,687.7000122070312,679.2000122070312,682.2999877929688,673.9725952148438,6153980,673.9725952148438,-0.00947266802344604,684.8211029052734,-0.0158413746953856,675.3241345214843,-0.002001319422114567,691.5497521972657,-0.025417053402989276,686.9018872070312,-0.018822618241388867,802.8549194335938,-0.16053002989590603,767.3588256835938,-0.121698255552815,0.19328859060402684,43.666047575518284,10109823.5,9749337.2,0.6087129018622333,0.6312203459328497,False,False,-0.006364025994208045,0.025914680033402027,-0.0821715123551966,-0.038777283863955514,-0.08496158408253995,0.1753381300241696,0.23233824801097533,0.09197080291970802
2025-01-01,682.2999877929688,694.7949829101562,680.5999755859375,693.530029296875,685.0656127929688,4187210,685.0656127929688,0.016459152281390388,686.1044982910156,-0.0015141796922110151,675.3947619628906,0.01431881230759302,691.8442639160156,-0.009797943665353248,687.1717153930664,-0.003064885461551592,802.8549194335938,-0.14671306582230847,767.3588256835938,-0.10724215339194798,0.26174496644295303,39.12939202239057,9662351.0,9684095.6,0.4333531249278773,0.43238007687573843,False,False,0.01866874682066344,0.03892629215596477,-0.03827990617670052,-0.018781607449000814,-0.053892429075954706,0.18328343621494209,0.22733886834694284,0.08759124087591241
2025-01-02,698.0,743.0,697.0999755859375,738.9199829101562,729.9015502929688,31716510,729.9015502929688,0.06544765444758904,689.3108795166015,0.058885869906525556,676.5965124511719,0.07878408602592923,692.6414147949218,0.05379426453885805,687.6594818115234,0.06142875885338728,802.8549194335938,-0.09086743740960435,767.3588256835938,-0.04881324634177053,0.5234899328859061,60.3684105042769,10682956.0,9876432.6,2.9688889479653384,3.2113326020166433,True,True,0.08413596172259918,0.09632042053384482,0.016479975941839475,0.0473779569840207,0.017956012735700133,0.29013706249137855,0.2640767161221935,0.5620437956204379
2025-01-03,738.9749755859375,750.0,735.9249877929688,740.7249755859375,731.6845092773438,15059280,731.6845092773438,0.0024427390018000317,692.0611450195313,0.05725413793703771,678.0374084472656,0.07912115196259184,693.4208343505859,0.055181028649929686,688.1550329589844,0.06325533380347137,802.8549194335938,-0.08864666384115827,767.3588256835938,-0.0464897453606139,0.5328859060402684,59.11468043453496,10761798.5,9837494.4,1.3993274451291762,1.5308044292253928,False,False,0.0723099400976499,0.08128713003458565,0.030652755454316116,0.06574522525043802,0.039391630985385895,0.28693612121705125,0.26296601488175947,0.5372262773722628
2025-01-06,750.0,759.989990234375,731.6749877929688,734.9349975585938,725.9652709960938,19059760,725.9652709960938,-0.007816535964248694,694.5259399414062,0.04526732443908421,678.73587890625,0.06958434577814221,694.15298828125,0.045828921364456265,688.6121102905273,0.05424412401026024,802.8549194335938,-0.09577028996938186,767.3588256835938,-0.05394289255828255,0.49530201342281877,55.57754487679786,11298183.0,9691211.4,1.6869756844972328,1.9667056277402017,True,False,0.06694018138552238,0.07285079011497797,0.006698307602643894,0.049262671201215635,0.021215115839795518,0.28973075200378196,0.2616018050197023,0.5036496350364964
2025-01-07,735.4949951171875,744.6900024414062,730.14501953125,735.39501953125,726.419677734375,10425380,726.419677734375,0.0006259345404466821,696.9243103027344,0.04232219624944378,679.3543383789063,0.06927951541132038,695.0310400390625,0.04516149047609197,689.1003063964844,0.05415666049119183,802.8549194335938,-0.09520430136137559,767.3588256835938,-0.053350722737499634,0.5006711409395973,58.29454140939149,11398997.0,9720694.0,0.9145874851971625,1.0724933837028507,False,False,0.07781782655838199,0.0707012258808708,0.0046792953841510165,0.041083107257366525,0.018215298715533734,0.289914225748913,0.2615556656905186,0.5007299270072992
2025-01-08,736.1849975585938,738.844970703125,725.6699829101562,735.5399780273438,726.5628051757812,8444660,726.5628051757812,0.00019703133848558707,698.9947265625,0.03943960886351028,680.2339685058594,0.06810720842371865,695.9169934082031,0.04403659065356713,689.5317697143555,0.05370461099532253,802.8549194335938,-0.09502602825381679,767.3588256835938,-0.053164203163324264,0.5046979865771812,62.36954803129814,11218948.5,9685122.4,0.7527140355444184,0.8719208339586911,False,False,0.060574040804108,0.06043648024675097,0.007312916074893039,0.04197419364325983,0.008812273199537035,0.2891585046072697,0.26149836616088923,0.4978102189781022
2025-01-09,733.844970703125,735.5399780273438,723.5999755859375,727.7449951171875,718.8629760742188,6681410,718.8629760742188,-0.01059760979603086,699.7965667724609,0.02724564567341936,680.9572326660157,0.05566538042308222,696.5951641845703,0.03196664725014986,689.9295010375977,0.0419368573065908,802.8549194335938,-0.10461658928194706,767.3588256835938,-0.06319839947911332,0.44966442953020136,66.96610138796962,10556467.0,9675754.4,0.6329210331448959,0.6905311693318714,False,False,-0.01512337412397513,0.02281759678418882,0.009523047896466075,0.023551364930573193,0.0020459760981190733,0.27997382687694106,0.26107517646804057,0.49343065693430654
2025-01-10,727.7449951171875,736.7050170898438,724.5050048828125,728.8049926757812,719.9100952148438,8089630,719.9100952148438,0.0014566324535774111,700.5979156494141,0.027565282645079625,681.4818518066406,0.05638923957597397,697.258666381836,0.03248640701814276,690.2874530029297,0.04291348782749527,802.8549194335938,-0.10331234474750028,767.3588256835938,-0.061833823865231174,0.4577181208053691,72.0341092297748,10477550.5,9555597.0,0.7720917212472515,0.8465855142279441,False,False,-0.01609220082317875,0.022769373403901838,0.038642497263163156,0.05131782767471549,-0.014187336054938049,0.2799733591447771,0.25498456760484617,0.3372262773722628
2025-01-13,724.0,725.510009765625,713.4000244140625,715.094970703125,706.3673706054688,6642740,706.3673706054688,-0.01881168870862049,700.4406066894531,0.008461479616419965,681.8689685058594,0.035928313548703183,697.6821838378906,0.012448629144865997,690.5515228271485,0.02290321178870114,802.8549194335938,-0.12018055378697312,767.3588256835938,-0.07948231392763538,0.363758389261745,62.727826072521424,10184469.5,9575243.0,0.6522421221841747,0.6937411405642656,False,False,-0.026995644521307205,-0.004434276413868066,0.027974410077932665,0.03874058194165153,-0.026805165572124978,0.28750041214408234,0.25742774242188554,0.4058394160583942
2025-01-14,723.0,738.7999877929688,719.114990234375,733.5,724.5477905273438,9980110,724.5477905273438,0.025737910156143684,701.0658813476563,0.03349458275525863,682.7486010742188,0.06122193350137839,698.2745159912109,0.03762599655930088,690.8739373779297,0.04874095160864833,802.8549194335938,-0.09753583992671422,767.3588256835938,-0.05579011242636356,0.487248322147651,71.2043283316305,10285438.0,9628814.6,0.970314535948785,1.0364837640554425,False,False,-0.002576867428577212,0.017562851547402225,0.0631206299381839,0.09036587401143903,-0.04330994218592921,0.30164467620654917,0.2618419143216175,0.5080291970802919
2025-01-15,734.0499877929688,735.0,710.52001953125,717.739990234375,708.9801025390625,6817500,708.9801025390625,-0.021486074751467688,701.1873809814454,0.011113607815802062,683.2500073242187,0.037658389958324934,698.703021850586,0.014708796680536151,691.0963250732422,0.025877402059582666,802.8549194335938,-0.1169262523305693,767.3588256835938,-0.07607747665184561,0.3838926174496644,62.98796746351007,10110385.0,9756162.4,0.6743066658688072,0.6987891058476026,False,False,-0.024199838625739822,0.0034392361445552133,0.040270701274384146,0.08630794846290613,-0.06454523747494945,0.31076815906374616,0.26591672562948687,0.5897810218978102
2025-01-16,720.0,728.9000244140625,719.405029296875,725.9749755859375,717.1145629882812,8608490,717.1145629882812,0.011473467901407908,702.1025695800781,0.02138148193529843,684.0719519042968,0.04830282982952516,699.22052734375,0.025591404921289307,691.2860635375977,0.03736296854952981,802.8549194335938,-0.10679433403210814,767.3588256835938,-0.06547688123682283,0.4375838926174497,62.72961492309858,10177052.5,9785084.4,0.8458726139026992,0.8797563360822928,False,False,-0.002432192426275348,0.026192743741198177,0.07061741809199784,0.0920611264717448,-0.056851689565850294,0.31014513630368734,0.26411703052400554,0.5635036496350365
2025-01-17,722.0999755859375,728.4949951171875,715.6300048828125,718.2100219726562,709.4443969726562,6652740,709.4443969726562,-0.010695872614359891,703.4042388916016,0.008587036794905467,684.5693078613281,0.03633684540874427,699.6193499755859,0.014043418034983102,691.3820916748047,0.02612492500940755,802.8549194335938,-0.11634794805372517,767.3588256835938,-0.0754724214702881,0.3865771812080537,60.19784596131685,10055852.0,9673453.2,0.6615789492526342,0.6877316571914568,False,False,-0.014537507268965633,0.03809330815755563,0.07550286434365194,0.0577857598201037,-0.06566534648324018,0.3012283125023228,0.2630792249816572,0.5401459854014599
2025-01-20,718.2100219726562,747.0,718.2100219726562,744.010009765625,734.9295043945312,10679710,734.9295043945312,0.035922628370348875,706.3273712158203,0.04049415942847756,685.4265173339844,0.07222216504417167,700.1888146972656,0.049616173477844194,691.4962023925781,0.06281061537528898,802.8549194335938,-0.08460484378296296,767.3588256835938,-0.04226096084862663,0.5583892617449664,68.8889267152357,9239828.0,9747795.0,1.1558342860927715,1.0956026465472448,False,False,0.040435239476846574,0.08642351920238434,0.06350955853491969,0.09213288027810229,-0.02644334556368222,0.32028867974067066,0.25527950768578256,0.34014598540145985
2025-01-21,745.0,748.5,727.760009765625,729.1649780273438,720.2656860351562,10032060,720.2656860351562,-0.019952686987925072,708.4261932373047,0.016712387134852458,686.1913684082032,0.049657164452530544,700.5756854248046,0.02810545815390708,691.5341925048829,0.041547466259335364,802.8549194335938,-0.10286943680522431,767.3588256835938,-0.06137042811293014,0.4604026845637584,60.67141002544627,9449967.0,9856626.8,1.0615973579590279,1.0177985028306031,False,False,-0.00591003733386708,0.06188575257774809,0.035613370685329215,0.06859293811345801,-0.0445248336376064,0.33171838194967934,0.2586518213388432,0.4306569343065693
2025-01-22,733.9000244140625,742.0250244140625,726.0349731445312,739.7150268554688,730.6868896484375,7273680,730.6868896484375,0.014468554889303098,711.3350036621093,0.027205024196335525,687.1815356445312,0.06330984135524109,700.9052142333984,0.04249030369621698,691.6456906127929,0.05644681889227754,802.8549194335938,-0.08988925400876924,767.3588256835938,-0.04778981463135901,0.5302013422818792,50.30086802072475,9512937.5,9917132.4,0.7646092492460925,0.7334458900639462,False,False,0.03061692003997951,0.08650599927485025,0.07047598711377168,0.08670552028286571,-0.02959972076897477,0.3309732129788328,0.25698880979146144,0.3897810218978102
2025-01-23,734.0999755859375,752.4000244140625,732.5,744.3250122070312,735.2406616210938,10302950,735.2406616210938,0.0062321796615882885,714.434213256836,0.029122973085806025,688.4942163085938,0.06789664198362355,701.1453479003907,0.048628025305741396,691.7299050903321,0.06290136686381897,802.8549194335938,-0.08421728032780962,767.3588256835938,-0.04185546968054721,0.5624161073825503,51.33405992553956,9863537.0,9970728.2,1.044549232187196,1.033319712796905,False,False,0.025276433596996606,0.09206624025418675,0.07696046785470245,0.09917820203785599,0.00034985969903589265,0.3308055098289746,0.25717899500748875,0.39416058394160586
2025-01-24,744.3250122070312,750.5,733.8300170898438,743.8599853515625,734.7813110351562,6796870,734.7813110351562,-0.0006247622172101952,717.0560668945312,0.024719467499090486,690.075478515625,0.0647839749583552,701.143916015625,0.04797502231878692,691.8245263671874,0.06209202338277531,802.8549194335938,-0.08478942677023482,767.3588256835938,-0.04245408218171742,0.5557046979865772,53.4431417494465,9925671.5,9895219.0,0.6847768435616673,0.6868842417737293,False,False,0.035713741867041016,0.07684841435166145,0.05925242751164328,0.1061115437637199,0.0025874472042177743,0.32957191488840404,0.25536795346913316,0.3445255474452555
2025-01-27,738.010009765625,747.4500122070312,726.0,729.5449829101562,720.6409912109375,6928100,720.6409912109375,-0.019244256232235912,719.0672180175782,0.002188631540870567,691.5165734863281,0.04211673131386662,701.0862780761719,0.027892020919914495,691.9013977050781,0.041537123065777726,802.8549194335938,-0.10240197354791991,767.3588256835938,-0.060881341178343984,0.4657718120805369,47.96107439091518,10026638.5,9860311.6,0.6909693612669889,0.7026248541678947,False,False,-0.01944201872173479,0.05911516789427451,0.048950350644194396,0.10592412620199299,-0.0036386190833832543,0.3390395610191822,0.2578423711558671,0.4218978102189781
2025-01-28,739.0,770.6799926757812,734.5,760.6599731445312,751.376220703125,24789330,751.376220703125,0.042649849046945354,722.9373992919922,0.03933787550482837,693.6056616210938,0.08329020692681488,701.3896295166015,0.07126793594164527,692.1305200195312,0.08559902933036656,802.8549194335938,-0.0641195532149027,767.3588256835938,-0.020828072142430654,0.6483221476510067,57.200592422979526,10958406.0,10250557.6,2.2621291819266416,2.4183396618345916,True,True,0.04319313729801966,0.11484684397828837,0.10404581146714431,0.16338214060156186,0.0521965398548494,0.36305954028352794,0.2706884622189094,0.6525547445255474
2025-01-29,765.7249755859375,778.7000122070312,756.89501953125,775.9650268554688,766.4945068359375,15149200,766.4945068359375,0.02012079397277855,727.0088439941406,0.0543124931257577,695.9599731445312,0.10134854936083837,701.8980975341797,0.09203103631237908,692.4278378295899,0.10696662519882083,802.8549194335938,-0.045288895561987896,767.3588256835938,-0.0011263555180801577,0.72751677852349,63.251619020644064,11506505.5,10434234.6,1.3165769572699548,1.4518745821567018,False,False,0.04900541900338262,0.11886291257707171,0.12075381578052569,0.16912389202824496,0.06551417815407823,0.364728341305845,0.27321976478591165,0.691970802919708
2025-01-30,785.0,825.0650024414062,785.0,790.1649780273438,780.5211181640625,56488830,780.5211181640625,0.018299689303745037,729.5398223876953,0.06988144335906377,698.5407836914062,0.11735941034027397,702.475463256836,0.11110089816573687,692.7772772216797,0.12665519471751652,802.8549194335938,-0.027817978975936963,780.5211181640625,0.0,0.8013422818791947,65.72685207034246,12745121.5,11403202.0,4.432192349049006,4.9537691255491225,True,True,0.0615858982052655,0.06935122668362048,0.15458743278630616,0.2004573507731171,0.12313028375158952,0.2941654539669359,0.2737256504906741,0.6992700729927007
2025-01-31,792.5,798.0650024414062,779.0999755859375,788.510009765625,778.8864135742188,18335460,778.8864135742188,-0.002094375862230269,731.8999176025391,0.06419797958932949,701.3450378417969,0.1105609529526792,703.0065515136719,0.10793620898292744,693.1188876342774,0.12374143522863634,802.8549194335938,-0.029854093534463888,780.5211181640625,-0.002094375862230269,0.7919463087248322,70.05602815857225,12908930.5,11549695.2,1.420370184811205,1.587527608520786,False,False,0.06002480176983194,0.06451128006453821,0.13776371347517058,0.19142682261221688,0.12322432104528991,0.29482593088706655,0.27306554504651465,0.689051094890511
2025-02-01,788.0,810.9949951171875,778.4400024414062,800.010009765625,790.2460327148438,16153780,790.2460327148438,0.014584436116297228,735.1139556884766,0.07499800078578667,703.9452111816406,0.12259593525515822,703.7555474853516,0.12289847737405202,693.5926321411133,0.1393518271313845,802.8549194335938,-0.015705062538130088,790.2460327148438,0.0,0.8523489932885906,68.88202418667312,12763631.5,11678799.8,1.265610026425473,1.3831712399077172,False,False,0.0965876800693013,0.08854522976085444,0.1418601289600656,0.2106414101849392,0.1347487217043346,0.2943528060667782,0.2736591162401445,0.6963503649635037
2025-02-03,792.219970703125,843.9299926757812,792.10498046875,842.5800170898438,832.2964477539062,43369260,832.2964477539062,0.05321180151275273,740.4077941894532,0.12410546496886399,707.3835290527344,0.17658443202437035,704.822612915039,0.18085945669599734,694.3365838623047,0.1986930648593921,832.2964477539062,0.0,832.2964477539062,0.0,0.9718120805369127,80.75940641058783,14410825.5,12319634.8,3.009491718569488,3.520336495688979,True,True,0.10769601808140461,0.14575151701527345,0.22033463134539377,0.3032846031658043,0.17749034937403163,0.340886025348572,0.2905040754484382,0.8087591240875912
2025-02-04,842.5,849.0,830.2999877929688,847.5349731445312,837.19091796875,19663000,837.19091796875,0.00588068137026454,745.9391998291015,0.1223313081824291,711.0529907226562,0.17739595908020522,705.8568835449219,0.18606326223560843,695.1350094604492,0.20435729257624646,837.19091796875,0.0,837.19091796875,0.0,0.9718120805369127,80.44330497697561,14971742.5,12580239.2,1.3133407818094653,1.5630068464834914,False,False,0.0922334217692502,0.15226228483606996,0.22903304165099736,0.312278383488517,0.24947141390165717,0.33996803220103194,0.2903758653883027,0.8072992700729927
2025-02-05,850.0,858.8699951171875,844.5499877929688,850.9450073242188,840.559326171875,18674930,840.559326171875,0.004023464816481415,752.0240173339844,0.11772936342081053,714.6174487304687,0.17623677908389213,706.7567156982421,0.18931919216564097,695.8390664672852,0.20797949795966764,840.559326171875,0.0,840.559326171875,0.0,0.9718120805369127,83.9832136272847,15571418.5,12825335.8,1.1993082068920053,1.456096767462416,False,False,0.07692067083211529,0.1692900513005302,0.2553031742798064,0.2910907329102361,0.24614510244392118,0.3336466218376404,0.28718660188449263,0.7941605839416058
2025-02-06,853.4249877929688,866.280029296875,846.2000122070312,850.72998046875,840.346923828125,17094730,840.346923828125,-0.0002526916746226071,758.0458587646484,0.10857003453273761,718.5644799804687,0.16948018896086614,707.9040881347656,0.1870914971579396,696.457191772461,0.20660240680330877,840.559326171875,-0.0002526916746226071,840.559326171875,-0.0002526916746226071,0.9422818791946309,81.44186739124973,16021673.5,12851854.0,1.0669753069178447,1.3301372704669692,False,False,0.07890818119662812,0.16729426273337533,0.281567177717583,0.28579944293595627,0.26792627003109337,0.3341499441744097,0.28269564473586334,0.7664233576642335
2025-02-07,858.5,858.5,838.3900146484375,847.4249877929688,837.082275390625,9665400,837.082275390625,-0.0038848817612471276,764.5816040039062,0.09482398086358912,722.3148400878906,0.15888838070773903,708.9993060302735,0.18065316604820847,697.0748666381836,0.20084988779994584,840.559326171875,-0.004136591758591712,840.559326171875,-0.004136591758591712,0.9221476510067114,87.38383492321942,16172806.5,12903233.4,0.5976328227262225,0.7490680591734472,False,False,0.05926792509780543,0.18505229746542917,0.2906260113338084,0.2606364125702991,0.24363580835317378,0.32227075303406083,0.2814531985996072,0.7649635036496351
2025-02-10,847.8800048828125,848.7999877929688,822.0,828.6799926757812,818.5660400390625,12438380,818.5660400390625,-0.022119970636006903,769.2825164794922,0.06406427093275058,725.5472009277344,0.12820508299444588,709.6470025634766,0.15348340383618164,697.5659289550781,0.1734604659737855,840.559326171875,-0.026165061106365517,840.559326171875,-0.026165061106365517,0.8026845637583893,76.73789283836021,16295720.0,12967951.2,0.7632912200258718,0.959163078898693,False,False,-0.016497015879255006,0.12976128109270735,0.2653245297484226,0.23034436724726937,0.26031296510938406,0.33333339120752437,0.28633476306627226,0.7839416058394161
2025-02-11,829.9000244140625,835.510009765625,813.9349975585938,819.1199951171875,809.1227416992188,9630590,809.1227416992188,-0.011536391540740043,774.2896484375,0.044987161241288876,728.5417016601563,0.11060594040868121,710.2405194091797,0.1392235722798456,698.0266064453125,0.1591574507734903,840.559326171875,-0.03739960225749517,840.559326171875,-0.03739960225749517,0.7610738255033557,71.82966969947694,16436374.5,12897829.8,0.585931526444594,0.7466829807290525,False,False,-0.033526613424847196,0.14124887116227458,0.24714706883442594,0.214662796849439,0.24767092283379855,0.3240651326578222,0.28811301270694617,0.7985401459854015
2025-02-12,814.9650268554688,828.4000244140625,802.5,821.405029296875,811.3798828125,14837310,811.3798828125,0.002789615217761776,779.0029144287109,0.041562063227366774,731.4538208007813,0.1092701408329746,710.8644110107422,0.1413989366253967,698.775588684082,0.1611451458120794,840.559326171875,-0.03471431753932919,840.559326171875,-0.03471431753932919,0.7704697986577181,72.39438962092004,16747815.5,12968487.8,0.8859250927382142,1.1441048662589635,False,False,-0.03471431753932919,0.13145085135547463,0.24543984002785124,0.21945260960962165,0.2304426267563473,0.32387829239401955,0.2881203267136767,0.8
2025-02-13,819.7050170898438,849.7999877929688,819.7050170898438,840.9000244140625,830.636962890625,18003130,830.636962890625,0.02373374110703086,785.0625427246093,0.05805196106777277,734.5329760742187,0.13083685817625668,711.6683776855468,0.16716857027142606,699.5739739990235,0.18734686218013086,840.559326171875,-0.011804477057483886,840.559326171875,-0.011804477057483886,0.8791946308724832,81.22427537914254,17315335.0,13058901.8,1.039721726434978,1.3786098000981981,False,False,-0.011554705160658152,0.17082743402460032,0.3005654609170654,0.2405674111079692,0.28522873673917726,0.32284641865742597,0.2867351754007338,0.7883211678832117
2025-02-14,840.85498046875,845.5599975585938,828.2000122070312,839.22998046875,828.9873046875,8633150,828.9873046875,-0.001986015885187875,789.7654327392578,0.04966268504839899,737.5793347167969,0.1239296787047326,712.4962487792968,0.16349707960959026,700.3164666748047,0.18373241832173592,840.559326171875,-0.013767049063719283,840.559326171875,-0.013767049063719283,0.8644295302013423,76.38881740709812,17213007.0,13064923.4,0.501548044452663,0.6607884130419012,False,False,-0.009670460050474117,0.12798207138310214,0.2555898041004392,0.22272573985373167,0.26747762571258793,0.30719615190540284,0.2804687752177809,0.7635036496350365
2025-02-17,822.0250244140625,848.7999877929688,822.0250244140625,842.6599731445312,832.3754272460938,8627990,832.3754272460938,0.00408706205684406,795.3709197998047,0.046524843346803735,740.6577978515625,0.12383266558534589,713.2891516113282,0.16695371766940292,701.0959747314453,0.1872489034970355,840.559326171875,-0.00973625379073817,840.559326171875,-0.00973625379073817,0.8859060402684564,74.34213345276707,17142803.5,13069301.2,0.5033009915793528,0.6601722515967419,False,False,0.01687021758974061,0.15565053755103553,0.2604481188205745,0.22124639920680456,0.2891929814544332,0.29148654853574807,0.28036077724568087,0.762043795620438
2025-02-18,843.0,848.0,836.0700073242188,846.5900268554688,836.2575073242188,8689770,836.2575073242188,0.004663857138321292,800.6494506835937,0.04447396624105959,743.6798583984375,0.1244858898359209,713.9781384277344,0.17126486416763154,701.8709112548828,0.19146910623360158,840.559326171875,-0.005117805149159271,840.559326171875,-0.005117805149159271,0.9167785234899329,72.26280290659659,17213608.0,13002184.0,0.5048197914115391,0.6683315664506825,False,False,0.03353603134181471,0.14448133553699782,0.27923312356747054,0.19853339064777398,0.28843906696886745,0.29041636855033137,0.2788165138556565,0.7518248175182481
2025-02-19,845.9149780273438,852.9000244140625,840.0,843.9450073242188,833.6448364257812,8961980,833.6448364257812,-0.0031242420851889108,805.5696594238282,0.034851333678621144,746.2962316894532,0.11704280556072177,714.6532476806641,0.16650255089624588,702.6679956054687,0.1863993260536274,840.559326171875,-0.008226057972117395,840.559326171875,-0.008226057972117395,0.9020134228187919,71.70261990648997,17146559.5,12782802.8,0.5226692853455529,0.7010966327353497,False,False,0.027440849945778556,0.13383940788546878,0.25864259306358806,0.17212154592204354,0.2761328376463026,0.29260395766613945,0.2785906769974117,0.7489051094890511
2025-02-20,835.5850219726562,845.5599975585938,834.5650024414062,839.9450073242188,829.693603515625,7900700,829.693603515625,-0.0047397077718336345,810.3152740478515,0.023914555344576982,748.81244140625,0.10801257783255092,715.3411981201172,0.15985715026063163,703.4390829467774,0.17948181104745364,840.559326171875,-0.012926776633048975,840.559326171875,-0.012926776633048975,0.87248322147651,66.60980229393518,17201751.0,12747457.6,0.45929626582782185,0.6197863329233588,False,False,-0.0011357059908785327,0.1291708036868231,0.2903570591891511,0.12895080252035473,0.27528414021492864,0.29428496102956736,0.2705368707418464,0.6481751824817519
2025-02-21,836.0,842.030029296875,828.7999877929688,839.6699829101562,829.4219360351562,6086470,829.4219360351562,-0.0003274310894016974,815.7543212890625,0.016754572288990133,751.2106091308593,0.10411371452113327,716.0264318847657,0.15836776283789478,704.2447351074219,0.17774673304251332,840.559326171875,-0.01324997509389525,840.559326171875,-0.01324997509389525,0.8684563758389262,48.132684990904494,17159669.5,12619099.8,0.3546962253556224,0.48232204328869793,False,False,0.0005242919224439646,0.1509502597700243,0.27688971564001963,0.14181783075223997,0.2749052047621232,0.2798536719218143,0.2704312877960782,0.6467153284671533
2025-02-24,832.7999877929688,839.9000244140625,831.10498046875,835.4949951171875,825.2979125976562,3552600,825.2979125976562,-0.0049721658643534505,819.450405883789,0.007135888483160491,753.4757214355469,0.09532117508082583,716.9362896728516,0.15114540090340767,705.1252520751954,0.1704273959396445,840.559326171875,-0.018156259884383408,840.559326171875,-0.018156259884383408,0.8375838926174497,42.196054432775654,16097833.0,12530937.0,0.22068808888749186,0.2835063331656683,False,False,-0.008502791428926959,0.09838172922927568,0.2562606401896197,0.14459208956640168,0.2508776563391122,0.2492192039633885,0.2706605144446547,0.6510948905109489
2025-02-25,835.4949951171875,852.6649780273438,833.8049926757812,848.8800048828125,838.51953125,10985410,838.51953125,0.016020419354664472,823.0516571044922,0.01879332118706145,756.1151098632813,0.10898396330370752,718.1981481933594,0.1675322936425152,706.0330545043945,0.18764911345206836,840.559326171875,-0.0024267114269789225,840.559326171875,-0.0024267114269789225,0.9328859060402684,48.81478770443316,15889643.5,12544274.0,0.6913566059553192,0.8757310307475745,False,False,0.0027049370630094494,0.09396678485196097,0.27164460050805417,0.17169317430908482,0.26137190486172,0.2462876159139737,0.2717874944691505,0.67007299270073
2025-02-27,854.260009765625,873.9000244140625,854.260009765625,870.5399780273438,859.9152221679688,18382830,859.9152221679688,0.025516031673196382,827.0213623046875,0.039773893834634366,759.3371984863281,0.1324550198279948,719.6166223144531,0.19496297820676078,707.0308316040039,0.21623440411661266,859.9152221679688,0.0,859.9152221679688,0.0,0.9718120805369127,59.12401156327959,13984343.5,12766427.8,1.3145293520571775,1.4399352965439556,False,False,0.03151268333265356,0.10171935410364896,0.29160243270101693,0.1897255233910331,0.3080228073164266,0.2528511791792989,0.275081087897635,0.7153284671532847
2025-02-28,866.5,867.0,851.0050048828125,853.030029296875,842.6189575195312,17545800,842.6189575195312,-0.020113918445159196,830.2079895019531,0.014949227391829245,762.521357421875,0.10504309068597162,720.9435778808594,0.16877240240675184,707.9632833862305,0.19020149390973318,859.9152221679688,-0.020113918445159196,859.9152221679688,-0.020113918445159196,0.8281879194630872,52.28285187245041,13944860.5,12935808.8,1.2582270005497724,1.356374407760263,False,False,0.01557846649550898,0.08182520947162408,0.24522662805708317,0.16098784473145544,0.2843726878239372,0.2672142476491856,0.2784500212017564,0.7474452554744525
2025-03-03,853.5999755859375,865.0800170898438,843.8099975585938,862.7849731445312,852.2547607421875,8749960,852.2547607421875,0.011435540509344477,833.3084259033203,0.022736281369444944,766.0371154785156,0.1125502192016048,722.2547766113281,0.17999186483860008,708.941801147461,0.2021505282419045,859.9152221679688,-0.008908391464996002,859.9152221679688,-0.008908391464996002,0.8966442953020134,64.98790553391066,13574669.5,12570804.2,0.644579965648519,0.696054115614974,False,False,0.027528599998425163,0.07846762332272195,0.25948475770327484,0.19138744305148814,0.2946187254413932,0.26580135086599177,0.27876675009988017,0.7503649635036497
2025-03-04,852.219970703125,861.9299926757812,851.364990234375,858.594970703125,848.1159057617188,7655060,848.1159057617188,-0.004856358886003109,834.099398803711,0.016804360461248002,769.4336486816406,0.10225996382520242,723.505571899414,0.17223133960829928,709.8666250610352,0.1947538816729082,859.9152221679688,-0.01372148800494799,859.9152221679688,-0.01372148800494799,0.8657718120805369,68.2071670001083,11788959.5,12607319.8,0.6493414452734357,0.6071917046159169,False,False,0.027648189600094852,0.01900699930956562,0.25007453380164124,0.16886398249000156,0.29892028748087807,0.19288144600845258,0.2793457648339083,0.7547445255474453
2025-03-05,845.5,850.0,822.0999755859375,829.8699951171875,819.7415771484375,16300920,819.7415771484375,-0.03345572040391975,833.2269317626954,-0.01618449200355243,772.3782666015625,0.06132139211434828,724.4901068115234,0.13147380404698028,710.6592831420899,0.15349450375720708,859.9152221679688,-0.046718146142648576,859.9152221679688,-0.046718146142648576,0.7194630872483222,53.13879543644556,11620855.5,12813052.8,1.4027297732081774,1.272212036775498,False,False,-0.022394176166141033,-0.02084272588939362,0.1964332148449286,0.11717355874698576,0.27212360923227474,0.22719923782772564,0.28930832793299877,0.8043795620437956
2025-03-06,836.5,845.97998046875,827.5549926757812,841.0850219726562,830.8197021484375,8814220,830.8197021484375,0.013514167524034226,832.7399505615234,-0.0023059400618297143,775.52953125,0.07129344360274814,725.677485961914,0.1448883536012604,711.4997393798828,0.16770204704860414,859.9152221679688,-0.03383533547199835,859.9152221679688,-0.03383533547199835,0.7785234899328859,50.073083926906314,11127820.0,12923518.0,0.7920886570774869,0.6820294597802239,False,False,-0.03383533547199835,-0.01158707508224821,0.18211264092794988,0.10690933291069782,0.30073312111448236,0.23239569993552653,0.286283284319258,0.7824817518248175
2025-03-07,840.989990234375,847.0,836.64501953125,840.4500122070312,830.1923828125,4729460,830.1923828125,-0.0007550607361805906,832.2322235107422,-0.0024510474848440378,778.486494140625,0.06641847875466778,727.0481500244141,0.1418671277612389,712.3362231445312,0.16545018467221206,859.9152221679688,-0.034564848474868515,859.9152221679688,-0.034564848474868515,0.7731543624161074,50.48592720936414,10509556.5,12907023.6,0.45001518379962085,0.3664253004077563,False,False,-0.01474756127444854,-0.012083748661049332,0.17944636256342017,0.14413079854638,0.30042114461465497,0.23239601141356792,0.2863694334452181,0.7854014598540145
2025-03-10,843.7750244140625,863.7899780273438,832.60498046875,834.260009765625,824.0779418945312,10164530,824.0779418945312,-0.007365089158315907,831.5820068359375,-0.009023842362773316,781.3596936035157,0.05467168148129753,728.41748046875,0.1313264219911663,713.1017886352539,0.15562456163749827,859.9152221679688,-0.04167536444242326,859.9152221679688,-0.04167536444242326,0.7422818791946308,46.72616180726002,10534513.0,13012139.0,0.9648789649792069,0.7811575022369497,False,False,-0.03306149774172973,-0.015535311018292974,0.1614689277200987,0.13265901314483108,0.2758949871646885,0.23339340908459422,0.28693423673006174,0.7897810218978102
2025-03-11,830.5,837.5,821.125,834.0449829101562,823.8656005859375,8135670,823.8656005859375,-0.000257671389802705,831.8469848632812,-0.00959477454697455,784.3575537109375,0.05036994504366055,729.840844116211,0.1288291238120336,713.8612551879883,0.1540976549693549,859.9152221679688,-0.04192229728314967,859.9152221679688,-0.04192229728314967,0.7409395973154362,44.96486573487829,10319377.5,13051772.8,0.7883876716400772,0.623338310026359,False,False,-0.02859314984076533,0.006474200354832815,0.15704587162411854,0.09295509384463418,0.26957726136454907,0.21922804725103573,0.2869894743092835,0.7912408759124088
2025-03-12,834.1099853515625,852.4500122070312,827.2550048828125,848.4450073242188,838.08984375,20882230,838.08984375,0.017265247091207803,833.2953399658203,0.005753666862431173,787.4180383300782,0.06435184737116817,731.4064001464844,0.14586069192469364,714.6630450439453,0.17270628383823183,859.9152221679688,-0.025380849013166507,859.9152221679688,-0.025380849013166507,0.8040268456375839,51.650382733244285,10881959.5,13385673.2,1.9189770004198232,1.560043315565182,True,False,0.022382988874846355,0.03580062771434167,0.1861718398319574,0.1177943397272394,0.34830888729685916,0.22222356157264542,0.2877228932971687,0.7970802919708029
2025-03-13,850.0,856.0,839.2999877929688,842.0449829101562,831.7679443359375,12173510,831.7679443359375,-0.007543223988701997,834.3147430419922,-0.003052563468756153,789.4553662109375,0.05359717589619151,733.0259393310547,0.13470465328279224,715.4442584228516,0.1625894464084645,859.9152221679688,-0.032732619572738764,859.9152221679688,-0.032732619572738764,0.7812080536912752,50.75685638034427,10748769.5,12994813.2,1.132549172256415,0.9367976139895571,False,False,0.0011413332941525578,0.025127639907420507,0.19026202089277655,0.11051835380032893,0.34089471854583375,0.2246598146807164,0.2871002318521443,0.7927007299270074
2025-03-17,839.9199829101562,862.9949951171875,838.5999755859375,858.0349731445312,847.5628051757812,11020850,847.5628051757812,0.018989504160867865,835.16103515625,0.014849555352173471,791.7729321289063,0.07046196047251585,734.905170288086,0.15329547190902604,716.3370523071289,0.1831899556863763,859.9152221679688,-0.014364691627443582,859.9152221679688,-0.014364691627443582,0.8583892617449664,55.945493970890645,10399655.5,12914044.6,1.0597322190143703,0.8534003359412279,False,False,0.020923369959664484,0.020376943287298666,0.2401948342262208,0.1297217842883509,0.3429929297475749,0.2189453390424336,0.28407447797418856,0.7737226277372263
2025-03-18,858.0349731445312,858.0349731445312,858.0349731445312,858.0349731445312,847.5628051757812,0,847.5628051757812,0.0,836.089810180664,0.013722204068768784,794.2048828125,0.06718407745659527,736.470380859375,0.1508443885913977,717.3233407592774,0.18156312086352466,859.9152221679688,-0.014364691627443582,859.9152221679688,-0.014364691627443582,0.8583892617449664,57.499839636311606,9967998.0,12532849.4,0.0,0.0,False,False,0.02849835202148343,0.02240746074547384,0.2529258385166133,0.13583835879436057,0.3403417862293654,0.21868743726741924,0.28270927652287065,0.7678832116788321
2025-03-19,870.0,887.9000244140625,868.260009765625,873.1599731445312,862.503173828125,12898200,862.503173828125,0.017627447265391893,837.5961975097656,0.029736257629165097,796.926552734375,0.08228690695365426,738.1404455566407,0.1684811190337916,718.3444021606446,0.200681972649718,862.503173828125,0.0,862.503173828125,0.0,0.9718120805369127,57.98631943326618,10181508.5,12582305.8,1.266826030739944,1.0251062249655385,False,False,0.04689790812325256,0.03619490147818105,0.27158609607354056,0.14529303977202512,0.3634812564953802,0.22621142029691346,0.2840861441607355,0.7766423357664234
2025-03-20,872.5,876.8049926757812,854.114990234375,867.9650268554688,857.3716430664062,7924330,857.3716430664062,-0.005949578989887128,838.651904296875,0.022321226093471758,799.5427294921875,0.07232748349915896,739.8883489990235,0.15878516566225565,719.2327481079102,0.19206424529736554,862.503173828125,-0.005949578989887128,862.503173828125,-0.005949578989887128,0.9114093959731544,49.050126272986695,10143236.5,12571899.2,0.7812427522517098,0.630320834898199,False,False,0.02300684044819179,0.025248366151888524,0.2748818228393104,0.11730212042928612,0.35114948697941917,0.22760948249323756,0.2836444484928671,0.7693430656934307
2025-03-21,903.9949951171876,908.9000244140624,883.0999755859375,891.6099853515625,880.72802734375,27448010,880.72802734375,0.02724184368147431,841.0060638427734,0.04723148287359158,802.7800305175781,0.09709757824433707,741.8686315917969,0.18717518147924417,720.4373965454101,0.22249071406752896,880.72802734375,0.0,880.72802734375,0.0,0.9718120805369127,63.61519597688392,11067538.0,12987231.2,2.4800466011501383,2.1134612587785457,True,True,0.05886267118276711,0.056478717147503854,0.3081612534692022,0.14957452547883898,0.4006924327546495,0.24458990166167957,0.2874545367711782,0.7956204379562044
2025-03-24,909.594970703125,911.5,892.7000122070312,909.0050048828124,897.9107055664062,14332170,897.9107055664062,0.019509630316272286,844.4169189453125,0.06334997016391863,806.3400427246094,0.1135633330727086,743.910947265625,0.20701370085604243,721.5672116088867,0.24438956083429075,897.9107055664062,0.0,897.9107055664062,0.0,0.9718120805369127,65.47686685036851,11389111.5,13112082.0,1.258409841715923,1.0930506688411497,False,False,0.05940314992961859,0.0822196311526664,0.3159204037952228,0.18006624440643693,0.40239353239303854,0.24968487255640662,0.2885073040133045,0.8029197080291971
2025-03-25,912.5,926.0050048828124,897.7050170898438,906.7249755859376,895.6585083007812,17482600,895.6585083007812,-0.002508264186698028,847.7287475585938,0.05653902958962065,810.1258654785156,0.10557944940042652,745.9974169921875,0.2006187795019685,722.6419546508789,0.2394222374391335,897.9107055664062,-0.002508264186698028,897.9107055664062,-0.002508264186698028,0.9315436241610738,66.32524146094667,11958918.0,13328879.2,1.4618881072685672,1.3116331641748242,False,False,0.05674588694937488,0.07985871772604947,0.3163357663028814,0.17710632650766112,0.40096214019388876,0.2503142189170719,0.28847275270554895,0.8014598540145985
2025-03-26,910.2050170898438,912.6900024414062,884.9949951171875,886.60498046875,875.7841186523438,8862110,875.7841186523438,-0.022189695586259384,850.2530578613281,0.0300276024354853,813.1505920410157,0.07702574064924095,747.9495965576172,0.17091328437514441,723.4868014526368,0.21050462412572046,897.9107055664062,-0.02464230215420471,897.9107055664062,-0.02464230215420471,0.8174496644295302,70.43695688657034,12224393.5,13306519.2,0.7249529393830458,0.6659976111558912,False,False,0.015398140235557412,0.061173311217739945,0.2994358003134654,0.19265919539322263,0.35085223501633855,0.26547152817567565,0.292302883991371,0.8116788321167884
2025-03-27,886.0999755859375,905.5399780273438,882.2249755859375,900.385009765625,889.3959350585938,20920440,889.3959350585938,0.015542433479149853,852.7968780517579,0.042916499753666626,816.7589086914063,0.0889332526333444,750.0044580078124,0.18585419801508607,724.4501037597656,0.22768418479449304,897.9107055664062,-0.009482870017059608,897.9107055664062,-0.009482870017059608,0.8899328859060402,70.97334495953774,12721145.0,13588578.0,1.6445406447297,1.5395606516001896,True,False,0.03735170418938982,0.06067408320561252,0.29826387202910865,0.24856645281523448,0.360861908480149,0.26516838002908044,0.2921492133975831,0.8102189781021898
2025-03-28,899.760009765625,902.8900146484376,886.0999755859375,894.5599975585938,883.6419677734375,9770990,883.6419677734375,-0.0064695228056975695,853.9832153320312,0.03472990090311656,820.0894567871094,0.07749460800936259,752.0807043457031,0.17492971521213319,725.3604333496094,0.21821087441026665,897.9107055664062,-0.015891043178918318,897.9107055664062,-0.015891043178918318,0.851006711409396,68.46003043934687,12290553.0,13611828.0,0.795000029697606,0.7178308453500881,False,False,0.0033085587595933497,0.027591959060394577,0.21063171796081304,0.230582899547235,0.33871986535118626,0.25331991123411685,0.2639052135203411,0.5547445255474452
2025-04-01,878.3300170898438,892.5,867.0999755859375,869.8200073242188,859.2039794921875,11834240,859.2039794921875,-0.0276559841796874,854.812466430664,0.005137399410961585,823.0846484375,0.04388288752955649,753.8269781494141,0.13978937395085755,726.1094302368164,0.18329819681857473,897.9107055664062,-0.043107544919850804,897.9107055664062,-0.043107544919850804,0.7369127516778523,60.76860407545554,12004975.0,13715458.0,0.9857779795459799,0.862839578525194,False,False,-0.043107544919850804,0.019682706904053715,0.17428204177889417,0.2102770220399377,0.29300325795130244,0.2630750201692302,0.27143666639025155,0.6686131386861314
2025-04-02,873.0,875.9849853515625,861.2000122070312,866.9249877929688,856.3442993164062,6464950,856.3442993164062,-0.0033282901895675954,855.016943359375,0.0015524323434059628,825.5129443359375,0.03734811815127892,755.469730834961,0.13352562566597692,726.8061904907227,0.1782292315620242,897.9107055664062,-0.04629236069056519,897.9107055664062,-0.04629236069056519,0.7221476510067114,59.797968489978146,11890724.5,13631162.8,0.5436968958451607,0.4742772201356145,False,False,-0.043894194740538794,0.004798493082816435,0.17959402953452575,0.18749531319059032,0.26087466423185135,0.26059457347831133,0.2708403826267158,0.6554744525547446
2025-04-03,865.0,876.5,846.02001953125,859.4600219726562,848.9703979492188,13966330,848.9703979492188,-0.008610907287026848,855.05966796875,-0.007121456253452729,828.0870385742187,0.02521879754446643,757.139203491211,0.12128706852659188,727.4431805419922,0.16706076936026926,897.9107055664062,-0.054504648751588,897.9107055664062,-0.054504648751588,0.697986577181208,53.42389085158306,12206288.0,13709848.2,1.1441914200287588,1.0187078511926924,False,False,-0.030616815413809895,0.0010075181725692772,0.16870512180653785,0.1741738382884408,0.22996626011860433,0.2619302292939483,0.2718311713966539,0.6715328467153284
2025-04-04,865.5999755859375,879.7000122070312,858.3800048828125,871.885009765625,861.2437744140625,18496580,861.2437744140625,0.014456777874106708,857.1347778320312,0.004793874532105891,830.6981762695312,0.036770994588797956,758.9398559570312,0.13479845293936354,728.1449041748047,0.18279173482659572,897.9107055664062,-0.04083583247758926,897.9107055664062,-0.04083583247758926,0.7449664429530202,58.94056924085175,12316071.0,13934306.2,1.501824729656073,1.3274130577093246,True,False,-0.03165312492987338,0.050628391218114244,0.18536727765151317,0.19403576907090314,0.2094296756016263,0.23405761529824698,0.2728293812930133,0.6846715328467153
2025-04-07,834.0,860.0499877929688,830.7150268554688,856.7999877929688,846.3428955078125,13981240,846.3428955078125,-0.017301580979656617,857.9109375,-0.013483966093144173,832.9202209472656,0.016115198338301218,760.7072186279297,0.11257376659885243,728.8216345214844,0.16124831566435027,897.9107055664062,-0.05743088899476312,897.9107055664062,-0.05743088899476312,0.6832214765100671,49.62796098346217,12574422.0,14007872.0,1.1118793372768943,0.9980987833126973,False,False,-0.0422106165459859,0.018684190227113318,0.17733549184821573,0.18854731412729575,0.1875702220908646,0.24043010506291979,0.27459485005600226,0.710948905109489
2025-04-08,865.0,887.2999877929688,865.0,882.2249755859375,871.45751953125,14775630,871.45751953125,0.029674289412411792,859.9741943359375,0.013353104396556681,835.6537451171876,0.04284522701330262,762.8646118164063,0.14234885985375612,729.6371328735352,0.19437111992804224,897.9107055664062,-0.02946082040359399,897.9107055664062,-0.02946082040359399,0.7932885906040269,56.3192204598303,13076730.5,14167447.2,1.1299177573476795,1.0429281853967312,False,False,0.014261502892834121,0.04970551112376298,0.21050881953694467,0.257285903282936,0.23019929749719492,0.260823174472087,0.28001012715527746,0.7605839416058394
2025-04-09,881.5,884.2000122070312,862.5,873.5800170898438,862.9180908203125,10487740,862.9180908203125,-0.00979901890746293,861.9162017822266,0.0011623972678715955,838.499287109375,0.02912203276298353,765.0079302978515,0.12798581118543462,730.4281344604492,0.1813867102171942,897.9107055664062,-0.038971152174892776,897.9107055664062,-0.038971152174892776,0.7543624161073825,50.11357454753959,13092891.0,14238640.0,0.8010255336273707,0.7365689419776046,False,False,0.007676575308732669,0.04713164489816202,0.22162790458547788,0.25580222455099766,0.20117034256512767,0.26219064027546957,0.27756315460124564,0.7386861313868613
2025-04-11,882.5050048828125,897.3499755859375,881.0700073242188,892.1099853515625,881.221923828125,10097220,881.221923828125,0.021211553219857127,864.7840179443359,0.01900810554161647,841.096201171875,0.047706460450474,767.3509313964844,0.1483949361010215,731.3365356445313,0.20494721770121704,897.9107055664062,-0.01858623762343259,897.9107055664062,-0.01858623762343259,0.8348993288590604,56.08937708251326,13190968.5,13944797.8,0.7654646434793624,0.7240850778058611,False,False,0.037988987551053954,0.06961854360880637,0.21623712797019223,0.2930067816418782,0.23100263782503672,0.27021904409777653,0.2761651069428022,0.724087591240876
2025-04-15,925.5499877929688,929.0,907.5499877929688,914.0999755859376,902.9435424804688,12633610,902.9435424804688,0.024649430597439848,868.0267028808594,0.04022553624643721,843.8251818847656,0.07005996249561619,769.8925775146485,0.17281757072568849,732.3571994018555,0.23292778881389808,902.9435424804688,0.0,902.9435424804688,0.0,0.9718120805369127,55.71974043451792,12778537.5,13894486.0,0.9886585221509112,0.9092534981142879,False,False,0.048418077790781444,0.07738275223606506,0.2735809358355292,0.3248689332513124,0.280286609623984,0.2764055692976862,0.27457753917524896,0.7094890510948905
2025-04-16,914.9500122070312,917.1500244140624,896.4000244140625,905.6500244140624,894.5967407226562,7198220,894.5967407226562,-0.009243990753710962,871.1681427001953,0.026893313556948684,846.1066943359375,0.057309612028038526,772.3237390136719,0.1583183262826262,733.294765625,0.219968807441542,902.9435424804688,-0.009243990753710962,902.9435424804688,-0.009243990753710962,0.8926174496644296,49.106095069759355,12529773.0,12908673.8,0.5744892585045236,0.5576266091718887,False,False,0.05701453331854478,0.07553644837428752,0.2474948730573685,0.33558974007568465,0.2679392132708638,0.27740173991315,0.27550966881543615,0.7182481751824817
2025-04-17,904.0,919.0,895.2000122070312,916.25,905.0672607421876,11415130,905.0672607421876,0.011704178590091097,874.0433654785156,0.03549468652128862,848.6303112792968,0.06650357489330427,774.9876745605469,0.16784729673978593,734.2804617309571,0.23259068967820018,905.0672607421876,0.0,905.0672607421876,0.0,0.9718120805369127,52.43016198767777,12549487.0,12770267.2,0.9096092931926222,0.8938834106775777,False,False,0.03856727431649909,0.06784683709011996,0.27574093840799074,0.37206303341825264,0.28009568374295757,0.27328296741943725,0.2742839092810003,0.7065693430656934
2025-04-21,917.0,931.5,914.1500244140624,927.3499755859376,916.0317993164062,7824150,916.0317993164062,0.012114611863462299,877.4668151855469,0.04395036195494706,851.1460266113281,0.07623342020805546,777.5456188964844,0.1781068236439498,735.3462677001953,0.24571489589701345,916.0317993164062,0.0,916.0317993164062,0.0,0.9718120805369127,60.89701429297593,12940694.5,12603674.6,0.6046159269118052,0.6207832436422946,False,False,0.0615512747514686,0.08078338705109278,0.24642131502269105,0.32558098248829626,0.2890359584695201,0.2746473810629398,0.2667644089456955,0.6043795620437956
2025-04-22,929.5,939.2999877929688,923.0,926.0499877929688,914.7476806640624,11293580,914.7476806640624,-0.0014018275929963409,880.0790405273438,0.039392643774296854,852.7950512695312,0.07264656297231564,780.0892901611328,0.1726192016751249,736.3260369873046,0.24231337031999312,916.0317993164062,-0.0014018275929963409,916.0317993164062,-0.0014018275929963409,0.9369127516778524,57.354929073681525,12860463.5,11962161.0,0.8781627505105084,0.9441086773535317,False,False,0.038044624094572876,0.060573118362053036,0.2700142439097306,0.315243731953736,0.28735378442977355,0.27042936417691765,0.2623776699756397,0.5226277372262774
2025-04-23,928.2000122070312,934.8499755859376,915.0,932.2999877929688,920.92138671875,10818710,920.92138671875,0.006749080850585898,883.2565277099609,0.04264317084238667,854.4696606445312,0.0777695559419791,782.7613256835938,0.176503432785849,737.3915713500977,0.24889057930595238,920.92138671875,0.0,920.92138671875,0.0,0.9718120805369127,60.78905327596938,13005182.5,11785275.2,0.8318768306404005,0.9179853517548746,False,False,0.019910263922918725,0.074121583290365,0.2603502262943871,0.34917465260154956,0.3241196048275454,0.2685544419810972,0.2615535252304627,0.4992700729927007
2025-04-24,962.0,966.0,927.2999877929688,930.0999755859376,918.7482299804688,18496710,918.7482299804688,-0.002359763568988482,885.1575378417969,0.037948829109644366,856.0334387207031,0.07326208115595301,785.325443725586,0.16989489812264935,738.4002087402343,0.2442415631868815,920.92138671875,-0.002359763568988482,920.92138671875,-0.002359763568988482,0.934228187919463,69.78211895149431,12557617.5,11781710.8,1.4729473962716255,1.569951114400126,False,False,0.02699706824138759,0.043169061794691155,0.2495884380969473,0.34575734891871535,0.34416975247897863,0.2543428289574232,0.26183239646570095,0.5065693430656935
2025-04-25,931.0499877929688,934.4500122070312,899.0,911.2000122070312,900.0789794921875,10893540,900.0789794921875,-0.020320311788440848,885.2659515380859,0.01673285629969734,857.2280798339843,0.04998774616261037,787.8962799072266,0.14238257299319934,739.3904486083984,0.21732567845070205,920.92138671875,-0.022632124225960393,920.92138671875,-0.022632124225960393,0.8214765100671141,63.148561427382866,12385686.0,11657687.0,0.879526576081454,0.9344512337653258,False,False,-0.005511503361539716,0.0024147990577898515,0.22496172122853908,0.2975436768201707,0.3285184889896673,0.25774043862844237,0.26634349224652965,0.5970802919708029
2025-04-28,908.0,912.5,900.0499877929688,909.2999877929688,898.2021484375,9946560,898.2021484375,-0.0020851848531630024,885.3931335449219,0.014467036627326957,858.4504772949218,0.04630630676313485,790.3826586914063,0.13641429067358923,740.3560186767578,0.2132030074434479,920.92138671875,-0.024670116916492568,920.92138671875,-0.024670116916492568,0.8154362416107382,65.30717277318003,12008884.0,11663310.2,0.8282668064742735,0.8528076360345797,False,False,-0.019464008664559107,0.002839966475107314,0.24639336284242663,0.3074047549941601,0.2836081631656211,0.25768485111175427,0.26236993019759225,0.5211678832116788
2025-04-29,913.0,914.5999755859376,896.0,909.2999877929688,898.2021484375,11768180,898.2021484375,0.0,886.5140350341796,0.013184352352492379,860.0431994628906,0.04436864217802117,792.7952001953125,0.132956087796974,741.341220703125,0.21159072685260938,920.92138671875,-0.024670116916492568,920.92138671875,-0.024670116916492568,0.8154362416107382,62.440604059386885,12154187.5,11649906.2,0.9682407812122366,1.0101523392523108,False,False,-0.018087536679569527,0.025597666488464288,0.19540933514901204,0.31978666945999046,0.25320880395266165,0.24369521437104094,0.24965499643624423,0.2569343065693431
2025-04-30,884.0,888.7999877929688,855.5999755859375,863.4500122070312,852.9117431640625,39690570,852.9117431640625,-0.050423398955596,884.6898254394531,-0.035920026840599695,860.9189794921875,-0.009300801258729452,794.7303405761719,0.07320898626534089,742.1148867797851,0.1492987923541751,920.92138671875,-0.07384956472452697,920.92138671875,-0.07384956472452697,0.6067114093959731,51.83560344798179,13092694.0,12251105.8,3.031505204352901,3.2397540799949667,True,True,-0.07384956472452697,-0.04102131621742533,0.11274345159347887,0.24711146935818418,0.19531212644106333,0.29904482923864084,0.2701332068011037,0.6437956204379562
2025-05-02,857.5499877929688,891.5,856.5999755859375,886.8499755859375,876.0260620117188,18933030,876.0260620117188,0.02710048141899013,884.3090301513672,-0.009366599070271486,862.2119030761719,0.01602176783486886,796.8328619384765,0.09938495744338005,743.010594177246,0.17902230315001644,920.92138671875,-0.04875044206215429,920.92138671875,-0.04875044206215429,0.7140939597315437,51.29107005423283,13550796.0,12333020.2,1.3971895082768568,1.5351495167420548,False,False,-0.046500408462999965,-0.008618768731536108,0.12236048663526544,0.29586331292500057,0.21610566032492207,0.31555949682747153,0.27299879868377874,0.6861313868613139
2025-05-05,887.75,903.2999877929688,886.5999755859375,893.2000122070312,882.2986450195312,8930610,882.2986450195312,0.007160269859332713,885.4637634277344,-0.0035745318317156327,863.24513671875,0.022071955566647983,798.8890563964844,0.1044069736031672,743.9893508911133,0.1859022497603735,920.92138671875,-0.04193923852374837,920.92138671875,-0.04193923852374837,0.7395973154362416,55.548026894907395,13405614.5,12151569.8,0.6661843065828873,0.7349346748598686,False,False,-0.01975419366274689,0.02687914171556005,0.13276933535246283,0.2888238455014187,0.23056393657031982,0.2992230517329675,0.27305450067915576,0.6875912408759124
2025-05-06,891.0999755859375,897.4000244140625,875.0,879.75,869.0128173828125,12040870,869.0128173828125,-0.01505819793753016,886.0971893310547,-0.019280471887220152,864.0456469726563,0.00574873610851423,800.8124908447265,0.08516391454651973,744.8750082397461,0.1666558922904704,920.92138671875,-0.056365907106238566,920.92138671875,-0.056365907106238566,0.687248322147651,46.401543907014435,13684410.5,12219724.2,0.8798968724301277,0.9853634830809029,False,False,-0.03249750749924707,0.014793720325480209,0.09967374894293379,0.2556736087819771,0.31353472794530823,0.3045809785933953,0.27407970875188137,0.7021897810218978
2025-05-07,875.0,899.75,872.2999877929688,898.6500244140625,887.68212890625,11635570,887.68212890625,0.021483355768748602,888.0327758789062,-0.00039485814283057863,865.1517810058593,0.02604207538496417,802.904789428711,0.1055882846805043,745.8246499633789,0.19020218619730067,920.92138671875,-0.03609348017308156,920.92138671875,-0.03609348017308156,0.7651006711409396,45.419506542201255,13567872.5,12279875.8,0.8575824986562927,0.947531570311159,False,False,-0.01171230724570238,0.04559844613021102,0.06654561761234401,0.3015425530820053,0.32300325106679173,0.31077297943933363,0.2557239104472702,0.35912408759124087
2025-05-08,897.7000122070312,907.4500122070312,877.5,883.25,872.4700317382812,12018090,872.4700317382812,-0.017136874420027093,888.5940887451172,-0.018145582117934822,865.8760314941406,0.007615409139761109,804.777944946289,0.08411275087379533,746.7005279541015,0.168433661254771,920.92138671875,-0.052611825156000935,920.92138671875,-0.052611825156000935,0.7046979865771812,43.62183373599624,13243948.0,12346442.2,0.907440137940741,0.9734051158478676,False,False,0.022931198604046577,0.01303493581925319,0.04213986680018911,0.28082433031920195,0.28212260187523186,0.31474644749787833,0.2582635509781909,0.42627737226277373
2025-05-09,865.0,878.0999755859375,860.5,864.0999755859375,854.7150268554688,12151340,854.7150268554688,-0.02035027477956808,889.0126953125,-0.038579503575002505,866.2974353027344,-0.013370013548773874,806.2968334960938,0.060050084966146056,747.4624914550782,0.14348885278725243,920.92138671875,-0.07189143483698979,920.92138671875,-0.07189143483698979,0.610738255033557,36.070622568816056,13152453.0,12410229.4,0.9238839325257425,0.9791390318699508,False,False,-0.024326941948862868,0.0098921269288057,0.016840810925342398,0.27644349769183485,0.2634857502882477,0.31725261691539514,0.26177846205699273,0.5051094890510949
2025-05-12,884.9000244140625,903.0,882.5499877929688,901.8499755859376,892.0549926757812,10638220,892.0549926757812,0.043687035616640335,890.0425689697265,0.002261042085194065,867.5446630859375,0.02825252765968056,808.1785522460938,0.10378454141919224,748.498920288086,0.19179195653674785,920.92138671875,-0.03134512289460445,920.92138671875,-0.03134512289460445,0.7838926174496644,44.21176060102588,12945582.5,12464979.8,0.821764489933149,0.8534486353519802,False,False,0.011057874463848982,0.023635659435941925,0.06153181189990531,0.36042432823399384,0.30939969078826945,0.33748987717452084,0.2763823008570931,0.7284671532846715
2025-05-13,900.4000244140625,916.3499755859376,899.0999755859375,904.2000122070312,894.3795166015625,13363000,894.3795166015625,0.002605807876046695,891.6156402587891,0.0030998517948510607,868.8438146972657,0.029390439883829167,810.0272119140625,0.1041351493466236,749.5707034301757,0.19318899806077594,920.92138671875,-0.028820994386672183,920.92138671875,-0.028820994386672183,0.7946308724832215,45.10749919951775,13089345.5,12610510.4,1.0209066603062773,1.059671621221612,False,False,0.029190247498473543,0.03645934198846379,0.06844875694470987,0.37896775749011646,0.3265239077789981,0.33490067441787463,0.27619781798467996,0.7255474452554744
2025-05-14,904.5,911.0499877929688,901.2000122070312,908.0999755859376,898.2371215820312,7594000,898.2371215820312,0.004313163381834517,892.4664001464844,0.006466037751785114,870.3025988769531,0.032097482807847744,811.88916015625,0.1063543715858497,750.7393905639649,0.19646995065393358,920.92138671875,-0.024632140662454338,920.92138671875,-0.024632140662454338,0.8187919463087249,44.48985425339148,12964184.5,12691338.4,0.585767658582767,0.5983608474264621,False,False,0.01189050937500169,0.019308640983408898,0.09733005969703656,0.3884786417649613,0.3297836514155912,0.327332814491541,0.2719230288055461,0.6744525547445256
2025-05-15,909.9500122070312,921.5,902.7999877929688,918.8499755859376,908.870361328125,10385000,908.870361328125,0.011837898357357934,892.7627410888672,0.018042442295040262,871.7096154785156,0.04262973034800166,813.9123626708985,0.116668578845045,752.020486755371,0.208571278755304,920.92138671875,-0.013085835082582764,920.92138671875,-0.013085835082582764,0.8711409395973154,47.69532799769417,12851754.0,12679330.2,0.8080609074839123,0.819049574085546,False,False,0.04172100847672766,0.00656388641018979,0.12327872458439204,0.4008937688494969,0.3599908962116989,0.318169692800234,0.27128428059398385,0.6642335766423357
2025-05-16,918.8499755859376,928.5999755859376,913.3499755859376,916.7000122070312,906.7437133789062,6251920,906.7437133789062,-0.002339880405068051,893.3700897216797,0.014969858305187822,872.6461853027344,0.03907371469726062,815.9916918945313,0.11121684495790785,753.2708975219726,0.20374186280368933,920.92138671875,-0.015395096198557057,920.92138671875,-0.015395096198557057,0.8536912751677852,51.6850700586067,12804439.0,12436712.0,0.48826192229116794,0.5026987840516046,False,False,0.060872553878984936,0.013578154383211416,0.11753289992333182,0.3918199961063751,0.3967211471772929,0.3162982616615072,0.271430872847363,0.6671532846715329
2025-05-19,916.7000122070312,928.9500122070312,916.7000122070312,925.5499877929688,915.4976196289062,7162740,915.4976196289062,0.009654223261586603,893.8916076660156,0.02417072917745,874.1037585449219,0.04735577519182699,818.3125579833984,0.11876276454195578,754.4949447631836,0.21339132353796897,920.92138671875,-0.0058895006328050226,920.92138671875,-0.0058895006328050226,0.912751677852349,54.22592280300303,12591819.5,12229050.8,0.5688407461685739,0.5857151235319097,False,False,0.02627935177270535,0.011524401930266936,0.10216335237835472,0.4334355883918528,0.39353834310529634,0.3154490059057386,0.26812880524438915,0.6262773722627737
2025-05-20,929.7999877929688,931.0,906.9000244140624,907.9000244140624,898.039306640625,8106160,898.039306640625,-0.019069752464630052,892.9919830322266,0.005652148848257044,875.0194494628906,0.026307823433941335,820.5282824707032,0.0944647805880956,755.6204888916016,0.18847929594647916,920.92138671875,-0.024846941778227105,920.92138671875,-0.024846941778227105,0.8120805369127517,49.9633394012945,12605920.0,12216174.8,0.643043903181997,0.6635595947759358,False,False,0.0040919877648459835,-0.019641777380663306,0.0832968147553903,0.36017643542135036,0.35992424673050616,0.3199527656619262,0.27141476258560754,0.6656934306569343
2025-05-21,910.0,928.0,902.8499755859376,919.75,909.7606201171876,7321500,909.7606201171876,0.01305211630480807,892.7426300048828,0.01906259378720576,876.25234375,0.03824044135937599,822.8429962158203,0.1056308728409836,756.7991326904297,0.20211636195059857,920.92138671875,-0.01211913064732728,920.92138671875,-0.01211913064732728,0.876510067114094,65.07730540263691,12407316.0,12209503.6,0.5900953921057543,0.599655828759492,False,False,0.012829016145381011,-0.005451842789319095,0.09296909824347166,0.3776308438100038,0.38655839514954926,0.3236827064832613,0.27240285845599765,0.6817518248175183
2025-05-22,919.75,919.9000244140624,907.0499877929688,913.9000244140624,903.97412109375,6159740,903.97412109375,-0.006360463286146922,891.8952667236329,0.013542906685096279,877.9369946289063,0.02965716973328969,825.1576306152343,0.09551688980898154,757.9570672607422,0.19264554701061587,920.92138671875,-0.018402510647931858,920.92138671875,-0.018402510647931858,0.836241610738255,58.162551174039315,12174367.5,12006680.0,0.5059597551987813,0.5130260821476045,False,False,-0.005387171199223828,-0.018402510647931858,0.0809757917584557,0.3828200385919891,0.3768524212519644,0.3233618235152701,0.27281467886432376,0.6832116788321168
2025-05-23,913.9000244140624,928.6500244140624,911.0999755859376,924.3499755859376,914.3106079101562,4251690,914.3106079101562,0.011434494168815146,891.6733856201172,0.025387347716222308,879.6068127441406,0.039453758955946494,827.5681719970703,0.10481606089775175,759.1841186523437,0.20433315904076532,920.92138671875,-0.0071784398798121485,920.92138671875,-0.0071784398798121485,0.9060402684563759,59.13266784422762,11462116.5,11915429.4,0.3709341115142217,0.35682222245385464,False,False,0.008345130404105783,-0.004830074143823748,0.09676275550416191,0.3804323185633245,0.37873642392297957,0.32613531951458213,0.2734043274507776,0.6934306569343066
2025-05-26,925.5,933.6500244140624,925.0,926.9500122070312,916.8823852539062,5476790,916.8823852539062,0.002812804884358089,892.5135559082031,0.027303595765451272,881.3406127929687,0.04032694277903026,829.9135534667969,0.10479263945481376,760.4470693969727,0.20571493027251098,920.92138671875,-0.004385826546210114,920.92138671875,-0.004385826546210114,0.9194630872483222,64.54589190458367,11191279.0,11930376.0,0.48938016825422725,0.45906264815124015,False,False,0.0015125824418433798,0.01866881256486952,0.10508551755592666,0.42595489858598645,0.386673582403235,0.31727395577720835,0.27308403042048424,0.6905109489051094
2025-05-27,927.0,929.0,914.2999877929688,917.0999755859376,907.139404296875,7150000,907.139404296875,-0.01062620584027596,892.9604187011719,0.01587862720312594,883.0018420410156,0.027335800568735635,832.1807678222656,0.09007494449886022,761.7246722412109,0.19090195887683747,920.92138671875,-0.014965427690826316,920.92138671875,-0.014965427690826316,0.8550335570469799,56.25151979617866,11051451.0,11870085.4,0.6469738679563435,0.6023545542477732,False,False,0.010133295490474259,0.009950160857355117,0.09370076300758057,0.39653525627202213,0.36879501402772097,0.3198549050123657,0.27424191636722456,0.7051094890510949
2025-05-28,924.5,929.4500122070312,914.0999755859376,926.75,916.6845703125,6507400,916.6845703125,0.010522270304224701,893.8845397949219,0.025506684031932014,884.8582214355469,0.035967738227396184,834.6078875732422,0.09834160922910651,763.0788198852539,0.20129735805056703,920.92138671875,-0.004600627661982992,920.92138671875,-0.004600627661982992,0.9181208053691275,64.742756641975,10788412.0,11837520.0,0.603184231377148,0.549726631929661,False,False,0.007610738519788329,0.020577129443691167,0.11073172041257306,0.39536854216441664,0.3828490172345118,0.3217296147156954,0.27448433526110116,0.708029197080292
2025-05-29,925.0,927.9500122070312,916.0,920.4000244140624,910.403564453125,7081750,910.403564453125,-0.0068518725664094005,896.759130859375,0.015215271441590295,886.3044958496093,0.027190507005624864,836.8612670898438,0.08787872047062484,764.3527655029297,0.19107773994131705,920.92138671875,-0.011420977313926994,920.92138671875,-0.011420977313926994,0.8818791946308725,70.10715134162855,9157971.0,11561510.4,0.7732881006065645,0.6125281001347367,False,False,0.007112419713515505,0.06740653033546473,0.08572732121810667,0.3806592856510791,0.35685732707679585,0.2602836526904755,0.27345892575445585,0.6948905109489051
2025-05-30,917.0,920.3499755859376,912.0999755859376,918.0499877929688,912.4410400390624,15041740,912.4410400390624,0.002237991661600436,898.5798797607422,0.015425629474377756,887.9179577636719,0.02761863532657327,838.6866619873047,0.08794032550487141,765.6640383911133,0.19169896232343753,920.92138671875,-0.00920854570432239,920.92138671875,-0.00920854570432239,0.8939597315436242,59.87916834028309,8963406.5,11618875.0,1.678127618110369,1.2945952168346764,True,False,-0.002044784184848436,0.04156837291315263,0.061082553857656485,0.37049680785915684,0.35785515796495293,0.24474722160072074,0.268856127825007,0.6306569343065693
2025-06-02,913.0,916.5,904.0,911.8499755859376,906.2788696289062,6619630,906.2788696289062,-0.006753499831498533,899.7788909912109,0.00722397324806634,889.0922790527344,0.019330491312423703,840.4326055908203,0.07834805979689019,766.9267199707032,0.18170204014214852,920.92138671875,-0.01589985562395846,920.92138671875,-0.01589985562395846,0.8496644295302014,55.559687382901195,8847857.5,11530850.6,0.7481619137740407,0.5740799382137516,False,False,-0.011564750065586216,0.027179260383930703,0.07555005918306734,0.3393035735031269,0.3372233272835392,0.2459500445838481,0.2657230882951619,0.5868613138686132
2025-06-03,910.5999755859376,912.7999877929688,897.0,897.9000244140625,892.4141845703125,9080270,892.4141845703125,-0.015298475472865114,900.9489593505859,-0.009473094665013448,889.989306640625,0.0027246146797430537,842.0970947265625,0.05975212378578321,768.1250415039062,0.16180847694154266,920.92138671875,-0.03095508754553833,920.92138671875,-0.03095508754553833,0.7865771812080536,47.512026132813986,8699827.5,11712456.0,1.0437298900466705,0.7752660927819067,False,False,-0.016232587468710036,0.026928678978495935,0.0471213839781337,0.31883342258561753,0.32106706604723656,0.2461653911612931,0.2670353664241754,0.6131386861313869
2025-06-04,897.5,903.9500122070312,896.4500122070312,898.7000122070312,893.2092895507812,5544930,893.2092895507812,0.0008909595950130633,901.2253173828125,-0.008894587932027909,890.6034289550781,0.002925949430444552,843.7649908447265,0.05859960918330365,769.3980154418946,0.16091966917509803,920.92138671875,-0.03009170768278835,920.92138671875,-0.03009170768278835,0.789261744966443,42.69427337359312,8395295.5,11565390.6,0.6604806227487764,0.47944165413661,False,False,-0.025608897020832355,0.006226508864543012,0.053168892933994405,0.3165396128488538,0.3351329016558948,0.23450665146659674,0.2667651748880603,0.6058394160583942
2025-06-05,898.7000122070312,898.7000122070312,886.9500122070312,893.4000244140625,887.941650390625,7853320,887.941650390625,-0.0058974298876868225,901.9988983154296,-0.01558455110206669,891.2148291015625,-0.0036727157179792247,845.378779296875,0.05034769281664575,770.6478863525391,0.15220149969298546,920.92138671875,-0.03581167383421513,920.92138671875,-0.03581167383421513,0.7691275167785235,41.47874728155184,8187057.0,11563970.4,0.9592360233964414,0.679119690586548,False,False,-0.024672480358743698,0.017733123304554788,0.08319704055932986,0.29597291754691146,0.365423137933206,0.2266113546976593,0.25737400035410796,0.40145985401459855
2025-06-06,894.5,943.4000244140624,887.5999755859375,937.1500244140624,931.4243774414062,19783860,931.4243774414062,0.048970252754392485,905.8343658447266,0.028250210592105196,892.2287561035156,0.04393001354166537,847.5043933105469,0.09902011693774071,772.0497787475585,0.20643047000465398,931.4243774414062,0.0,931.4243774414062,0.0,0.9718120805369127,55.489965723480296,8568683.0,11410687.4,2.3088565652387887,1.7338008926613833,True,True,0.020805001714446325,0.08974845202868886,0.12109086367693567,0.3252556815813388,0.41491305220984076,0.2696044262123858,0.27417444993079537,0.7036496350364964
2025-06-09,955.0,978.7999877929688,940.2999877929688,960.75,954.880126953125,23496010,954.880126953125,0.025182666547928445,908.9756225585937,0.05050135917321841,893.36814453125,0.0688540136543041,849.8540936279297,0.12358125249106133,773.5563800048828,0.23440275542307276,954.880126953125,0.0,954.880126953125,0.0,0.9718120805369127,68.81513615557682,9211572.5,11593964.2,2.550705647705644,2.0265725850697383,True,True,0.05362726524134831,0.07042742296514182,0.15019138542106547,0.3565890457866565,0.40485019860823823,0.2402851327516915,0.2781636831258126,0.7445255474452555
2025-06-10,970.0,970.0,948.5499877929688,949.75,943.9473266601562,9044040,943.9473266601562,-0.01144939556743485,911.4540130615235,0.035649975898937036,894.3339208984376,0.05547525885172466,852.2298931884766,0.10762053080364753,774.9560385131836,0.21806564469282197,954.880126953125,-0.01144939556743485,954.880126953125,-0.01144939556743485,0.8805369127516779,61.37567899875581,8995624.5,11425193.0,1.0053821166056898,0.7915875031607781,False,False,0.057745767582858765,0.05542145044526525,0.145458795426618,0.3304147988717099,0.47538258209717266,0.2461002925798574,0.2789063971660514,0.7532846715328467
2025-06-11,949.0,957.0,940.4000244140624,942.5,936.7416381835938,11860810,936.7416381835938,-0.007633570510822252,913.3792388916015,0.025577983708435115,895.5530712890625,0.04599232386668528,854.3518316650391,0.09643545371464346,776.313173828125,0.2066543113836008,954.880126953125,-0.018995566309886858,954.880126953125,-0.018995566309886858,0.8322147651006712,60.80142478378562,9208965.0,11485167.0,1.2879634139124212,1.0327067947727708,False,False,0.04873700838322681,0.04286676165614933,0.137007829332088,0.31557021493299264,0.39406928265664565,0.24877360314587993,0.2796172775389809,0.7591240875912408
2025-06-12,944.9000244140624,953.2999877929688,935.5,936.8499755859376,931.1261596679688,12388330,931.1261596679688,-0.005994692972668303,914.4920288085938,0.018189476053767306,896.38767578125,0.038753861554870594,856.5732922363281,0.08703618021640525,777.638157043457,0.1973771493004739,954.880126953125,-0.024876386694685393,954.880126953125,-0.024876386694685393,0.810738255033557,55.721114710524134,9309131.5,11314524.8,1.330771834085704,1.0949050197848345,False,False,0.048634399859884825,0.024487318859558238,0.11100995509226252,0.31784872250340945,0.3678751547488148,0.24767626467258572,0.2783585763139434,0.745985401459854
2025-06-13,915.0,936.5499877929688,914.7000122070312,933.0999755859376,927.3990478515624,10182020,927.3990478515624,-0.004002800026298714,915.5247955322266,0.012969886099516215,897.2628173828125,0.03358684867456452,858.6761370849609,0.08003356306127518,778.9483322143554,0.19057838562308582,954.880126953125,-0.028779611519668458,954.880126953125,-0.028779611519668458,0.7959731543624161,53.55014919259626,9505636.5,11322745.4,1.071156045152789,0.8992536386095902,False,False,-0.004321692332018734,0.02277968313194667,0.11497329774108378,0.32711037061078563,0.3120821784778194,0.24807256679308118,0.2779394550514599,0.7401459854014598
2025-06-16,956.0,956.0,925.0,938.0,932.2691650390624,7016290,932.2691650390624,0.005251371778720593,916.3633728027344,0.017357516361309333,898.72412109375,0.03732518484592129,860.904384765625,0.08289512928066456,780.2618673706055,0.19481574587350314,954.880126953125,-0.023679372180684832,954.880126953125,-0.023679372180684832,0.8201342281879195,58.77172873741097,9498314.0,11226386.4,0.738687939775417,0.6249820512146277,False,False,-0.023679372180684832,0.01831959477617695,0.09994110093789854,0.36414127133628393,0.33805325022158805,0.24657991826525613,0.27576292500985305,0.7211678832116788
2025-06-17,941.5,943.5,917.5,923.0,917.3607788085938,6110175,917.3607788085938,-0.015991504159470926,917.3294464111328,3.415610126067392e-05,899.9444506835938,0.019352670169553887,862.7286975097657,0.0633247525630265,781.4587561035156,0.1739081194543246,954.880126953125,-0.03929220756143459,954.880126953125,-0.03929220756143459,0.751006711409396,50.22751701089593,9398514.75,11219290.9,0.6501213396510337,0.5446132963715202,False,False,-0.028165287511995096,0.02151517425250149,0.082351388247077,0.3561060206890896,0.30757140165200725,0.2434759945299926,0.278130373944799,0.743065693430657
2025-06-18,927.0,932.5,915.0,919.0,913.38525390625,5002923,913.38525390625,-0.004333654756318306,917.5106781005859,-0.0044963228143308775,901.2327478027344,0.013484314826712973,864.6598931884765,0.05635205368216667,782.6177893066406,0.16708981879323592,954.880126953125,-0.0434555834555681,954.880126953125,-0.0434555834555681,0.7342281879194631,51.01902803098886,9282585.9,11040022.76,0.5389578996516476,0.4531623809804537,False,False,-0.024933645869135712,0.003984162106945854,0.058993498948288536,0.34660140909491344,0.287537818708522,0.240023937541151,0.2763169155376644,0.727007299270073
2025-06-19,919.0,922.5,894.0,900.5,894.9982299804688,6585940,894.9982299804688,-0.020130633647900464,917.0618835449219,-0.02405906728907503,901.9078369140625,-0.007661100891678041,866.3030065917969,0.03312377213322204,783.6041104125976,0.142156119509401,954.880126953125,-0.06271142867296875,954.880126953125,-0.06271142867296875,0.6550335570469799,44.63793796374373,9303895.9,10801809.96,0.707869055155701,0.6097070791273206,False,False,-0.038800252052184736,-0.009929367338990858,0.04388597082531254,0.33083124932215746,0.24826765116217908,0.24987106171980542,0.27937460086934895,0.7562043795620438
2025-06-20,897.0,907.5,886.0,905.0,899.4707641601562,14320241,899.4707641601562,0.00499725477645363,916.3198913574219,-0.018387822152704292,902.9703942871093,-0.00387568645560743,867.9453076171875,0.036321939028067574,784.5453277587891,0.14648667493779444,954.880126953125,-0.05802755888298927,954.880126953125,-0.05802755888298927,0.6805369127516778,47.885163610495766,9807323.45,10808589.98,1.460157919029376,1.324894461395787,False,False,-0.03011463485551935,-0.0162306371834835,0.021280958746065837,0.33600017913748204,0.24654266085908239,0.24685977419106803,0.2740744440241897,0.7007299270072993
2025-06-23,899.0,918.0,890.5,915.5,909.9066162109376,5870597,909.9066162109376,0.011602213731232824,915.9711029052735,-0.006620827529493667,903.7393762207031,0.006824135533437747,869.6965606689453,0.04623458038176431,785.4202383422852,0.15849652427010863,954.880126953125,-0.04709859329221866,954.880126953125,-0.04709859329221866,0.7167785234899329,55.55203409531193,9827013.8,10630489.32,0.5973937881312429,0.5522414654003904,False,False,-0.023987223504477684,-0.007608139446409923,0.01335980356416866,0.3335008418960086,0.2621831294168846,0.2504661690902626,0.27220425945866844,0.6802919708029197
2025-06-24,920.0,936.0,914.5,916.5,910.9005126953124,11555634,910.9005126953124,0.0010923060308249966,916.1591583251953,-0.005739882183239953,904.6990246582031,0.006854752650421236,871.5991558837891,0.045091090951863366,786.3427169799804,0.15840141076616998,954.880126953125,-0.04605773333889018,954.880126953125,-0.04605773333889018,0.723489932885906,55.60805291424186,10047295.5,10651847.2,1.1501238318311628,1.0848478938000539,False,False,-0.0070422305624091575,0.004146119527629333,0.017017651541599177,0.33873670968556757,0.2811597452547743,0.24747311845336192,0.27214191633296325,0.6788321167883211
2025-06-25,918.0,930.0,916.0,928.0,922.3302612304688,6623799,922.3302612304688,0.01254774629705313,916.4414428710937,0.006425744279881185,905.52119140625,0.0185628674223679,873.3086962890625,0.05613314644605372,787.3491629028321,0.1714374062836146,954.880126953125,-0.03408790779479076,954.880126953125,-0.03408790779479076,0.7758389261744967,60.49120052494827,10053115.45,10582378.78,0.6588802280192655,0.6259272265436714,False,False,0.009793246919592713,0.006158815257514494,0.05314796373534403,0.3684981671049332,0.3020682447083274,0.24868205028188844,0.26910689184855113,0.6335766423357664
2025-06-26,930.0,953.5,928.5,951.5,945.6866455078124,11677790,945.6866455078124,0.02532323318350649,918.2055969238281,0.029929079800919522,906.3760534667969,0.04337117236345378,875.1006176757812,0.08066047081477756,788.4993576049804,0.19934992512901828,954.880126953125,-0.009627890649109627,954.880126953125,-0.009627890649109627,0.8885906040268456,54.96022657078189,10282917.45,10563262.38,1.1356494941034463,1.105509792326109,False,False,0.05663521315394093,0.03875542938573817,0.06329094639443134,0.3804322211595299,0.34193670310726665,0.26206640638793244,0.2720937051398566,0.6773722627737226
2025-06-27,950.0,959.5,936.0,947.0,941.2141723632812,21637194,941.2141723632812,-0.004729339433708013,919.644253540039,0.023454633397873126,907.3084020996093,0.03736962005996003,876.7075482177735,0.07357826937459455,789.5915057373047,0.19202671954328365,954.880126953125,-0.01431169651990738,954.880126953125,-0.01431169651990738,0.8604026845637583,44.52411290105627,10612690.15,10852041.86,2.0388038936574437,1.993836208810938,True,True,0.04640885492493041,0.03153423734972183,0.06515331626327314,0.2895083891594634,0.34547259990170387,0.26315795072763165,0.2719084011903073,0.672992700729927
2025-06-30,956.0,956.0,934.0,936.5,930.7783203125,6086081,930.7783203125,-0.011087648653417603,920.8692260742188,0.010760587885562112,907.8226232910156,0.02528654434526656,878.2264672851562,0.05983861223153086,790.6165093994141,0.1772816646841322,954.880126953125,-0.02524066211067788,954.880126953125,-0.02524066211067788,0.8053691275167785,44.702139121731875,10586012.7,10745460.88,0.5749172207208858,0.5663862227936378,False,False,0.022938292490362278,0.027033015448793885,0.08330308346874138,0.2721033567210456,0.33194611800390517,0.26544045352508194,0.2664649411751449,0.5985401459854015
2025-07-01,932.5,941.7999877929688,928.0,936.6500244140624,930.9274291992188,5381327,930.9274291992188,0.00016019806592471042,922.794888305664,0.008812945321453602,908.1205358886718,0.02511439000575888,879.63328125,0.05831310506615606,791.6944143676758,0.17586711779790432,954.880126953125,-0.025084507550005908,954.880126953125,-0.025084507550005908,0.8080536912751678,47.5201594428663,10401065.55,10696604.42,0.5173822791646573,0.5030874087423717,False,False,0.021985843925641957,0.04315624437037591,0.08709479346373872,0.2823305279078947,0.31657355084948824,0.2580608912825174,0.26629234666818075,0.5956204379562043
2025-07-02,933.0,939.8499755859376,914.0,923.0,917.3607788085938,9394493,917.3607788085938,-0.014573263140710169,924.0024627685547,-0.007187950495349038,908.1727978515624,0.010116996433682024,880.4839245605468,0.041882484414979215,792.6532687377929,0.15732920684145135,954.880126953125,-0.03929220756143459,954.880126953125,-0.03929220756143459,0.751006711409396,44.50179428170222,10593543.7,10658622.68,0.8868130689827617,0.8813984022183249,False,False,-0.005387964193265482,0.027039003669519612,0.08055684983196065,0.26285232480175025,0.2958390225519376,0.26487985493342703,0.2675396385500145,0.6204379562043796
2025-07-03,922.0,924.5,905.2000122070312,910.1500244140624,904.5892944335938,7606558,904.5892944335938,-0.013921986496508776,924.8348449707031,-0.02189099020998786,907.8461560058594,-0.003587459781285496,881.1579083251953,0.026591585783908078,793.5073959350586,0.13998848538473618,954.880126953125,-0.052667168474855086,954.880126953125,-0.052667168474855086,0.7033557046979866,41.50316737019832,10581205.6,10594379.64,0.7188744163519515,0.7179805008384615,False,False,-0.04345768365180869,0.018748578845969366,0.050328979212675096,0.24502560272782148,0.2869926376140257,0.26933234483533774,0.2679594631871011,0.6248175182481752
2025-07-04,922.0,940.7000122070312,919.0,925.2999877929688,919.646728515625,10613046,919.646728515625,0.016645602788676994,924.245962524414,-0.00497620135253507,907.8641259765625,0.012978376611575415,881.9487823486328,0.04274391769848851,794.3527490234375,0.15773090688767888,954.880126953125,-0.03689824245261475,954.880126953125,-0.03689824245261475,0.763758389261745,45.62972411426294,10122664.9,10436706.36,1.0484438737076043,1.0168961005433519,False,False,-0.022914491176331153,-0.012644772040575236,0.08661245152159003,0.2793074050605666,0.27943048309384677,0.21125336052787197,0.267109029202159,0.6160583941605839
2025-07-07,925.0,929.2999877929688,918.0999755859376,924.6500244140624,919.000732421875,3383973,919.000732421875,-0.0007024393973462661,922.4519927978515,-0.0037413983631914283,908.2425610351562,0.011845042115684823,882.7353204345703,0.04108299639517221,795.319704284668,0.15551108248782675,954.880126953125,-0.03757476307076957,954.880126953125,-0.03757476307076957,0.7597315436241611,50.630024615722256,9117063.05,10286515.02,0.3711692001515773,0.32897176482225177,False,False,-0.012653483255466003,-0.03757476307076957,0.05455597298213477,0.27654930599023797,0.29836378604400005,0.18814862854890518,0.2606109785952179,0.48905109489051096
2025-07-08,918.7999877929688,929.5,918.7999877929688,927.6500244140624,921.982421875,3851432,921.982421875,0.0032444908343731704,921.3537475585938,0.0006823376125315583,908.7181665039062,0.014596665787066865,883.584321899414,0.043457199300506844,796.2918139648438,0.15784490774095228,954.880126953125,-0.03445218321078325,954.880126953125,-0.03445218321078325,0.774496644295302,53.32820753709429,8857432.65,10164612.46,0.4348248699356466,0.37890593617378304,False,False,-0.00960870530145752,-0.023269205987236363,0.0684472045296205,0.30524491962973177,0.28585179628842083,0.18541151594529065,0.2596678754905124,0.47153284671532847
2025-07-09,926.5,946.0,924.0,940.5999755859376,934.8532104492188,5341529,934.8532104492188,0.013959906684602341,921.259326171875,0.014755762998710287,909.4511877441406,0.02793115567652049,884.7471936035156,0.05663314583867152,797.1970980834961,0.17267512977236765,954.880126953125,-0.020973225788884164,954.880126953125,-0.020973225788884164,0.8241610738255034,66.11736294722462,8531468.6,10036079.44,0.6260972466100385,0.5322326344598962,False,False,0.019068213994654304,-0.002015953660431724,0.060860136556877276,0.29025748566400233,0.3316409142140948,0.1910940295391497,0.2577029423441329,0.4131386861313869
2025-07-10,943.0,951.7000122070312,942.25,947.6500244140624,941.8602294921876,5409906,941.8602294921876,0.007495314734600855,921.796029663086,0.021766420317990587,911.2301574707031,0.03361397970684399,886.0745684814453,0.06295820125652374,798.1575439453125,0.18004300859771272,954.880126953125,-0.013635111982570947,954.880126953125,-0.013635111982570947,0.8671140939597315,66.79796888703355,8182547.4,9350466.16,0.6611518070766079,0.5785707265743423,False,False,0.04120205190127857,0.011528050965775138,0.04309980101835742,0.32847202075081383,0.335804962602678,0.1915104535880671,0.2533731490203124,0.30802919708029197
2025-07-11,938.7000122070312,947.1500244140624,931.5499877929688,933.5,927.796630859375,4278038,927.796630859375,-0.014931725740660151,921.8159088134765,0.006487978769640135,912.2655688476563,0.01702471576488085,887.238735961914,0.0457124934400992,799.0515734863282,0.16112233758744954,954.880126953125,-0.0283632419706642,954.880126953125,-0.0283632419706642,0.8,56.891264215833296,7887348.3,9057366.32,0.5423924286442378,0.4723269269294609,False,False,0.008861992427140475,0.00042870758680813026,0.037111570638967306,0.2937913671605865,0.323227685915378,0.19881613301378914,0.2546040250560409,0.32992700729927005
2025-07-14,932.0,932.0,911.2999877929688,918.8499755859376,913.2361450195312,6657978,913.2361450195312,-0.01569361792827062,920.8642578125,-0.008283645204222867,912.8843188476562,0.0003854006083916506,888.0647277832031,0.028344124531509474,799.866552734375,0.14173563314730186,954.880126953125,-0.043611738016240076,954.880126953125,-0.043611738016240076,0.7328859060402685,50.814554399343066,7869432.7,9011913.68,0.8460556502376594,0.7387973560794249,False,False,-0.006272668996848529,-0.02041579914180003,0.0090257206637272,0.28725541975734226,0.3080266846007027,0.20540452725552136,0.2557505053211359,0.3605839416058394
2025-07-15,919.0,930.5999755859376,918.0,928.4000244140624,922.7278442382812,3892075,922.7278442382812,0.010393477383165761,921.1326110839843,0.0017318170425209,913.9586193847656,0.009594772309734045,889.0021331787109,0.03793659182681708,800.7491909790039,0.15233066062813627,954.880126953125,-0.033671538245786614,954.880126953125,-0.033671538245786614,0.7798657718120805,50.140557569480414,7758527.7,8848937.78,0.5016512346794869,0.4398352770427097,False,False,0.0008084995392485528,0.005850550354526751,0.0073098389454078205,0.25553245409363035,0.3240755605501151,0.20108753630596934,0.2554343734968804,0.345985401459854
2025-07-16,924.0,927.0,919.4000244140624,921.75,916.118408203125,3952491,916.118408203125,-0.007162931168087194,921.2692687988281,-0.005591047883773292,914.5273449707031,0.0017397656190072386,889.8395629882813,0.02953211602167194,801.5643572998047,0.14291310468096863,954.880126953125,-0.040593282503095574,954.880126953125,-0.040593282503095574,0.7476510067114094,38.14270287416702,7706006.1,8695276.2,0.5129104426740592,0.4545561186429018,False,False,-0.020040367874536447,0.002992334598337587,0.0014984761022487358,0.27191732990374495,0.3343849800384784,0.20221253344092857,0.2558658384360344,0.3635036496350365
2025-07-17,925.9500122070312,926.25,916.0,923.2999877929688,917.658935546875,4583882,917.658935546875,0.0016815810379484653,922.4023040771484,-0.005142407504086899,915.431123046875,0.0024336211036666278,890.6535772705079,0.030320832886707283,802.3158578491211,0.1437626797094227,954.880126953125,-0.03897996235927237,954.880126953125,-0.03897996235927237,0.7530201342281879,40.326532085477076,7605903.2,8546592.04,0.6026742491279669,0.536340330572278,False,False,-0.02569520740711284,0.025319274169850248,-0.003542594643717756,0.255885316333508,0.3263241430852952,0.18736623890420345,0.2555183286176291,0.35036496350364965
2025-07-18,920.5,944.9000244140624,920.0,942.0,936.2446899414062,7893820,936.2446899414062,0.020253444580099034,924.241000366211,0.012987618565329928,917.0617163085938,0.02091786549549668,891.6795758056641,0.04997884368437622,803.1664117431641,0.165692036236194,954.880126953125,-0.019515996286551207,954.880126953125,-0.019515996286551207,0.8308724832214766,52.10404128347904,7284582.15,8461441.64,1.0836338773391414,0.9329166749414582,False,False,0.009105507393582846,0.04088395893065644,0.019043802632751072,0.27338535368423345,0.3417980828897975,0.19881682731296613,0.25878249050936536,0.4364963503649635
2025-07-21,938.9000244140624,951.0,937.3499755859376,948.4500122070312,942.6553344726562,4660232,942.6553344726562,0.006847189201843351,925.8784362792969,0.01811997940116017,918.0737231445313,0.026775204113161477,892.8091931152344,0.05583067663483199,804.0751956176758,0.17234723768406468,954.880126953125,-0.012802436803744377,954.880126953125,-0.012802436803744377,0.8751677852348994,54.30656175226298,7224063.9,8341881.88,0.6450983912254707,0.5586547576480428,False,False,0.03221421930523327,0.03599129589593697,0.04730291002295117,0.2829059753093721,0.3518756052796137,0.1964991865919506,0.25543931259559666,0.34744525547445254
2025-07-22,955.0,962.0,940.0,952.5499877929688,946.730224609375,6237382,946.730224609375,0.004322778419323603,927.669921875,0.020546427436011427,919.1207373046875,0.030039021190678472,893.9822760009765,0.05900334942248997,805.0043539428711,0.17605602997342507,954.880126953125,-0.00853500048195066,954.880126953125,-0.00853500048195066,0.8993288590604027,61.592764715944256,6958151.3,8199369.52,0.8964136781561505,0.7607148311569205,False,False,0.026012415817914247,0.039334385495122914,0.05402801168566973,0.3137335180150185,0.3479996130999894,0.19667021522766992,0.2554573009347499,0.34890510948905107
2025-07-23,954.0,970.9500122070312,953.6500244140624,968.2999877929688,962.384033203125,9694991,962.384033203125,0.016534603191958652,929.6726104736329,0.0351859594022319,920.4036755371094,0.04561081054083971,895.3531372070313,0.07486531649980055,806.1447134399414,0.19381051213061595,962.384033203125,0.0,962.384033203125,0.0,0.9718120805369127,72.30530917375735,7111710.9,8241389.34,1.3632431262075064,1.176378229450327,False,False,0.05050179604047633,0.043426713462942246,0.07145594661210164,0.28082844078102775,0.40541367304204323,0.1999864099773869,0.2574195615305995,0.4043795620437956
2025-07-24,970.0,970.0,954.0,958.9500122070312,953.0911865234376,5189112,953.0911865234376,-0.00965606905255667,930.042837524414,0.024782029460463928,921.2880920410156,0.03452024915677088,896.4988537597657,0.06312593990090809,807.3485009765625,0.18052016616193112,962.384033203125,-0.00965606905255667,962.384033203125,-0.00965606905255667,0.887248322147651,63.50863491180688,6787277.0,8137471.58,0.7645351736786343,0.63768112109339,False,False,0.03861156863845805,0.00782980393219912,0.1174558143469071,0.24344163985957934,0.4015575109085452,0.18427871345494193,0.23503079014715,0.11386861313868613
2025-07-25,906.4000244140624,924.9000244140624,898.0,913.75,908.1672973632812,24415481,908.1672973632812,-0.04713493293755433,928.390493774414,-0.021783071398021825,921.3165637207031,-0.01427225654591413,896.9813745117187,0.01247063001464399,808.2989984130859,0.12355365916110794,962.384033203125,-0.05633586382287836,962.384033203125,-0.05633586382287836,0.6885906040268457,46.77705020789066,6926191.35,8500742.8,3.5250947838742572,2.8721585365457707,True,True,-0.029989374444283512,-0.03511089821036484,0.03668981637116242,0.1635396867921619,0.36669332497364104,0.24989382853686432,0.24988411019841178,0.2613138686131387
2025-07-28,909.25,913.75,879.0,880.5,875.1204223632812,14011284,875.1204223632812,-0.03638853226266381,925.6075988769531,-0.054544902802146855,920.5090197753906,-0.04930815063950644,897.3063891601563,-0.02472507391554435,809.1249835205078,0.08156396130005383,962.384033203125,-0.09067441668727838,962.384033203125,-0.09067441668727838,0.5261744966442953,38.1740614176765,7322451.5,8637713.68,1.913469006930261,1.6221056310817656,True,False,-0.07164327155391914,-0.05979715764171656,-0.008135819653322773,0.1235533283312209,0.340870170080789,0.2771924577691664,0.26079165955961847,0.4905109489051095
2025-07-29,875.0499877929688,894.0,873.5,886.5499877929688,881.1334838867188,11323854,881.1334838867188,0.006871124670132955,923.1179016113281,-0.04548110014043094,920.1709033203125,-0.04242409675499681,897.5951763916015,-0.0183397738065616,809.9249765014648,0.08791988079296531,962.384033203125,-0.08442632723859533,962.384033203125,-0.08442632723859533,0.5610738255033557,35.95742861318473,7619577.85,8702067.56,1.4861524119738472,1.3012831631015285,False,False,-0.06928767986648121,-0.05348853600256753,0.01394762684906059,0.11501158804889733,0.3418380753216246,0.27920147513210264,0.2592526175116246,0.4569343065693431
2025-07-30,890.9500122070312,892.5999755859375,875.0,884.8499755859375,879.44384765625,5054496,879.44384765625,-0.0019175712435937076,921.222055053711,-0.04535085451794263,919.5645678710938,-0.0436301284506081,897.9084558105469,-0.02056402079166164,810.7070138549805,0.08478628237644092,962.384033203125,-0.08618200498487416,962.384033203125,-0.08618200498487416,0.5449664429530201,33.21753674933254,7402578.0,8656727.48,0.6828021265024158,0.5838806883637742,False,False,-0.08618200498487416,-0.041332627280607825,-0.009280665884476846,0.05664736408473092,0.31125593856517075,0.27559140243265984,0.2555184103293465,0.3518248175182482
2025-07-31,872.0,887.8499755859375,868.0,881.2000122070312,875.816162109375,6999179,875.816162109375,-0.004124976889136156,919.7833984375,-0.04780172854045328,919.0014086914063,-0.0469914911703172,898.4692016601563,-0.025212928288386394,811.4796542358398,0.07928295865177315,962.384033203125,-0.0899514830951883,962.384033203125,-0.0899514830951883,0.5288590604026846,35.19254174577674,7372209.05,8673516.26,0.9494005056733978,0.8069598061720819,False,False,-0.08107831182023251,-0.03180795141096049,0.0038352381736561636,0.04613672139963043,0.3014957516321788,0.2721251663967401,0.2531779862743712,0.30656934306569344
2025-08-01,884.7999877929688,895.8499755859375,873.0,875.5999755859375,870.2503662109375,5300299,870.2503662109375,-0.006354981946248284,917.3135803222656,-0.051305480613068055,918.1202038574219,-0.05213896551384267,898.8635083007813,-0.031832577277427054,812.2704971313476,0.07138000122416654,962.384033203125,-0.09573482499032837,962.384033203125,-0.09573482499032837,0.4966442953020134,37.09341581478472,7106571.7,8694488.44,0.7458306513673816,0.6096159695394339,False,False,-0.041751042195011356,-0.05371232319220742,0.018176045661234985,0.035322955934928624,0.2911116186066205,0.2639378885104372,0.2499324992926383,0.26277372262773724
2025-08-04,874.0,886.75,873.7000122070312,885.2999877929688,879.89111328125,3969985,879.89111328125,0.011078130437667255,915.3580993652344,-0.03874656935747811,917.3803784179687,-0.04086556244136075,899.3604956054687,-0.021648029260070478,813.2043228149414,0.08200496307676941,962.384033203125,-0.08571725743133118,962.384033203125,-0.08571725743133118,0.5503355704697986,37.14966934755328,7135872.3,8664352.34,0.5563419345382624,0.4581975483236177,False,False,0.005451467930648324,-0.04255667896755433,-0.013635795432347608,0.047056981267908915,0.30860775469863455,0.26835067772569415,0.23426576673589042,0.10510948905109489
2025-08-05,889.0,893.5999755859375,882.4000244140625,891.9000244140625,886.4508056640625,4446791,886.4508056640625,0.007455118347940104,913.5815185546875,-0.029697090341261,916.9666064453126,-0.03327907534119123,899.984224243164,-0.015037395339326465,814.2008523559571,0.0887372607128134,962.384033203125,-0.07890117138200248,962.384033203125,-0.07890117138200248,0.5838926174496645,41.09753926559653,7165640.25,8610288.16,0.6205713439214312,0.5164508919292662,False,False,0.006034638195666853,-0.03853827943777732,-0.008865040835938753,0.05897691508328684,0.32523601267712987,0.2698611909629483,0.2347172736609582,0.10802919708029197
2025-08-06,888.0,895.5,874.5999755859375,876.6500244140625,871.2940063476562,4212648,871.2940063476562,-0.01709829718644329,910.4035583496094,-0.042958478845196324,916.0587951660157,-0.04886672018715432,900.4585083007812,-0.03238850172914698,815.1496762084961,0.06887609941808992,962.384033203125,-0.09465039289179777,962.384033203125,-0.09465039289179777,0.5073825503355704,37.13815407402491,7109196.2,8564393.12,0.5925631930090774,0.4918793358705608,False,False,-0.009267039993870463,-0.06798843218500672,-0.029995548599595967,0.06441504256159658,0.3116125083197321,0.2682829678922427,0.23711037771820498,0.12992700729927006
2025-08-07,871.0,882.0,867.25,879.0999755859375,873.72900390625,5998002,873.72900390625,0.002794691046712039,906.9969970703125,-0.03667927597502674,915.3253039550781,-0.04544428070445816,900.8148999023438,-0.03006821490078604,816.1106500244141,0.07060115424313151,962.384033203125,-0.09212022045066814,962.384033203125,-0.09212022045066814,0.5194630872483221,30.950952455166927,7138601.0,8542718.16,0.8402209340457605,0.7021186802210972,False,False,-0.0023831008074778337,-0.07233687489137441,-0.038664873360512275,0.07984729494977882,0.3408590365622426,0.266267805456375,0.23583808734347336,0.11970802919708029
2025-08-08,877.0,888.2999877929688,876.0,877.1500244140625,871.7909545898438,3736916,871.7909545898438,-0.002218135494806317,904.1967132568359,-0.035839279430987414,914.5123022460938,-0.04671489661902195,901.2151300048828,-0.03264944676958503,817.1205346679687,0.06690618776835655,962.384033203125,-0.09413402081470346,962.384033203125,-0.09413402081470346,0.5114093959731544,27.801990980401456,7111544.9,8316621.68,0.5254717579017183,0.4493310076838797,False,False,0.0017702817932889747,-0.06036417293050067,-0.03854756120537517,0.0744547320645168,0.3498244939914601,0.26290205208185935,0.2358342692370108,0.11824817518248175
2025-08-11,877.1500244140625,888.2999877929688,872.75,877.7999877929688,872.4369506835938,5367926,872.4369506835938,0.0007409988488054076,902.1567535400391,-0.03294305866450109,913.8354638671875,-0.045301933247811066,901.463871459961,-0.03219976051769757,818.1845208740234,0.06630830628721185,962.384033203125,-0.09346277516695523,962.384033203125,-0.09346277516695523,0.5140939597315436,26.217001463453713,7047042.3,8291587.6,0.7617275122642587,0.6473942336447124,False,False,-0.00847168755899641,-0.04467540466772146,-0.04703526041145467,0.050322812083276824,0.33071649468556186,0.2587980244771868,0.23489317062549717,0.10948905109489052
2025-08-12,877.2000122070312,884.9000244140625,851.5,853.0,847.7884521484375,8257312,847.7884521484375,-0.028252469723849982,898.4097839355469,-0.05634548141868967,912.94294921875,-0.0713675450651855,901.4661279296874,-0.0595448615518438,818.9682543945313,0.03519086069485455,962.384033203125,-0.1190746906650938,962.384033203125,-0.1190746906650938,0.3731543624161074,15.31286764923233,7265304.15,8275128.44,1.1365404433894208,0.9978469893090868,False,False,-0.0436147762161061,-0.0812150544256165,-0.055956186016139164,0.022679656678246563,0.30391587824819255,0.27005853418658154,0.23868455945134306,0.14452554744525548
2025-08-13,854.5499877929688,864.0,849.0,860.0,854.7456665039062,10117225,854.7456665039062,0.008206309413436808,895.3411468505859,-0.045340796063574884,912.1736767578125,-0.06295732020904798,901.3885528564454,-0.05174559428864567,819.764499206543,0.04267221541213595,962.384033203125,-0.11184554500656407,962.384033203125,-0.11184554500656407,0.4120805369127517,19.804678730355505,7573540.85,8366574.34,1.3358645843971384,1.2092434237547216,False,False,-0.01899283103428928,-0.06699214986804514,-0.060471900406279144,0.026875179787351655,0.30746524247501483,0.27322821780305456,0.2376837265957691,0.13576642335766423
2025-08-14,860.0,866.9000244140625,855.4500122070312,861.4500122070312,856.1868286132812,5379250,856.1868286132812,0.0016860712675732525,892.2675415039063,-0.04043710121945199,911.5385803222656,-0.06072343278044823,901.376704711914,-0.050134284436689325,820.6325268554688,0.043325484421207205,962.384033203125,-0.11034805329883246,962.384033203125,-0.11034805329883246,0.42416107382550333,28.226472826042496,7613309.25,8317092.94,0.706558714924131,0.6467704567937652,False,False,-0.020077364050571256,-0.0669879674815782,-0.05286356253500846,0.023831560392002293,0.3116614151332058,0.27322930800740386,0.23747027265345916,0.13284671532846715
2025-08-18,875.0,919.6500244140624,875.0,905.2000122070312,899.6695556640625,16277779,899.6695556640625,0.0507864937857172,890.4387847900391,0.010366541790068018,910.9034838867187,-0.012332731646521267,901.5661199951172,-0.002103633099106439,821.717375793457,0.09486495255784777,962.384033203125,-0.06516575023624249,962.384033203125,-0.06516575023624249,0.6429530201342282,59.45637254740612,8032507.2,8246971.32,2.026487943888802,1.9737887241737126,True,True,0.031978539037876175,-0.03906578554761442,-0.016013214895929995,0.0792000578104215,0.408783472521423,0.3247950768258886,0.2588572807709983,0.4408759124087591
2025-08-19,905.9500122070312,909.9000244140624,890.5,902.2999877929688,896.7872314453125,5764382,896.7872314453125,-0.003203758758539399,888.1453796386719,0.009730222106381303,909.7416259765625,-0.014239641411751491,901.5548852539063,-0.005288256862199803,822.7329162597656,0.09001015241034227,962.384033203125,-0.06816073365170572,962.384033203125,-0.06816073365170572,0.6268456375838927,56.1788836084713,8087714.7,7892338.76,0.7127331037035716,0.7303769104812222,False,False,0.027910648147856598,-0.048658402864715566,-0.02191682829966124,0.08086554801121104,0.40569429643302124,0.32320521843844413,0.25885793643819544,0.44233576642335765
2025-08-20,900.5499877929688,902.0,886.0499877929688,887.7999877929688,882.3758544921875,5561646,882.3758544921875,-0.0160700068508991,884.9276611328125,-0.002883633038838984,908.5101965332032,-0.02876615159713347,901.4220587158203,-0.0211290638380498,823.709737854004,0.0712218320873872,962.384033203125,-0.0831353970458596,962.384033203125,-0.0831353970458596,0.5637583892617449,51.051704690745666,8053927.9,7822690.88,0.6905507559857842,0.7109632842861355,False,False,0.04079720861507341,-0.06797540465526009,-0.02729850526544131,0.063844366969801,0.355320502916731,0.3257643059375674,0.26002871697783053,0.4802919708029197
2025-08-21,888.0,901.2999877929688,884.0,895.5999755859375,890.128173828125,6697533,890.128173828125,0.008785733762398884,881.3148681640625,0.010000178122969938,907.5779272460937,-0.0192267274182365,901.5654992675782,-0.012686072668868453,824.7575479125976,0.07926041547722207,962.384033203125,-0.075080068748137,962.384033203125,-0.075080068748137,0.5959731543624162,54.98614864203957,7904055.0,7719425.34,0.8473540480171254,0.8676206718776297,False,False,0.041395363218325265,-0.075080068748137,-0.028970048525330694,0.07855376857359664,0.3619688221574209,0.3206231931139228,0.25974337090111227,0.472992700729927
2025-08-22,895.0,903.9000244140624,892.0,894.5,889.034912109375,6424895,889.034912109375,-0.001228207072750287,878.1120544433594,0.012439024849669966,906.7361022949219,-0.01952187647623793,901.561889038086,-0.013894749856913857,825.7831735229493,0.0765960613081782,962.384033203125,-0.07621606194942832,962.384033203125,-0.07621606194942832,0.5906040268456376,56.75483601361827,7965844.15,7600156.64,0.8065554483638748,0.8453634976660166,False,False,0.038365555738921975,-0.06720896732632564,-0.02347162640623668,0.06024353515543113,0.3388764942231217,0.3199419077824169,0.25939837518229175,0.46277372262773725
2025-08-25,902.0999755859376,908.0,898.1500244140625,900.7999877929688,895.29638671875,5837876,895.29638671875,0.00704300193849372,877.4685089111329,0.02031739900243279,906.0940490722656,-0.011916712580301358,901.678433227539,-0.007077962911838376,826.8795687866211,0.08274097040821204,962.384033203125,-0.06970984988298867,962.384033203125,-0.06970984988298867,0.6228187919463087,55.677651557755034,7036963.9,7513273.76,0.8296015274428222,0.7770082904579269,False,False,-0.0048608613215599394,-0.01417240048380941,-0.018789875255477817,0.04114494503490729,0.3456737911625085,0.27626131581722885,0.2597830317503458,0.4744525547445255
2025-08-26,899.9500122070312,901.9000244140624,873.5,876.25,870.8964233398438,6712926,870.8964233398438,-0.027253503689802394,877.2573089599609,-0.00725087788400236,904.8665942382812,-0.03754163444063663,901.7953576660157,-0.034263798392290545,827.8111679077149,0.05204720243268324,962.384033203125,-0.09506351592178952,962.384033203125,-0.09506351592178952,0.5033557046979866,44.93362941816151,6672046.0,7507206.48,1.0061270560784503,0.8941975977194648,False,False,-0.028870625269431738,-0.004826763169382464,-0.039041455643283984,0.033559019255340106,0.3073980384219488,0.2620923169267388,0.2653348144765559,0.5795620437956205
2025-08-28,870.2000122070312,884.5,869.7000122070312,876.8499755859375,871.4927368164062,8349342,871.4927368164062,0.0006847122810260675,876.7752716064454,-0.006024958687943283,903.9492333984375,-0.03590522053988543,901.9468420410157,-0.033764855981639474,828.7082864379882,0.05162787808278968,962.384033203125,-0.09444389479759252,962.384033203125,-0.09444389479759252,0.508724832214765,50.07151372773652,6523320.4,7551989.82,1.2799221083790395,1.1055817339541911,False,False,-0.01233387974112754,-0.010941301456150243,-0.023443652191588282,0.022573034449775653,0.30979842448495254,0.260822497633076,0.26355004939245064,0.5489051094890511
2025-08-29,870.8499755859375,888.0,870.8499755859375,877.8499755859375,872.4866333007812,5672446,872.4866333007812,0.0011404529749792225,876.4274108886718,-0.004496410699768916,903.1312609863281,-0.03393153244643443,902.1820043945313,-0.03291505588573462,829.6606039428711,0.05161873319569965,962.384033203125,-0.09341115064340388,962.384033203125,-0.09341115064340388,0.5154362416107383,49.54824391055873,6554217.9,7565380.28,0.8654649702750956,0.7497899365344263,False,False,-0.01981910139016696,-0.007910925039739558,-0.023200224731677377,0.02873513793751381,0.30307045346690353,0.2608159698862861,0.26355519971271507,0.5503649635036496
2025-09-01,877.8499755859375,894.7999877929688,877.8499755859375,889.3499755859375,883.9163818359375,4101526,883.9163818359375,0.01310019901613324,876.832421875,0.008079035154504588,902.9096240234375,-0.021035596124077793,902.40873046875,-0.02049220935972862,830.6742932128906,0.06409502383553556,962.384033203125,-0.0815346562910253,962.384033203125,-0.0815346562910253,0.5704697986577181,54.12439944244841,6409335.25,7515692.0,0.6399300145830256,0.545728324151655,False,False,-0.005757400754142439,0.009248767123746005,-0.004533257960043557,0.07828662895291849,0.3037441054137737,0.2645791309203151,0.26469160420386034,0.5708029197080292
2025-09-02,895.0,899.5499877929688,886.1500244140625,890.0999755859375,884.6617431640625,6103185,884.6617431640625,0.0008432486866878364,877.5529907226562,0.008100653198791274,902.6134436035156,-0.019888580838973935,902.7919189453125,-0.02008234167894485,831.7495687866211,0.0636155116432835,962.384033203125,-0.0807601615961745,962.384033203125,-0.0807601615961745,0.5785234899328859,54.15538907434186,6449479.55,7351350.88,0.9463065899635266,0.8302127186724626,False,False,-0.011878349686703538,0.016560035494006087,-0.050205508262301746,0.0648059270578123,0.2979599505112571,0.2633033834344681,0.24429911283300354,0.19854014598540146
2025-09-03,892.7000122070312,898.8499755859375,880.0499877929688,896.2999877929688,890.8239135742188,5493809,890.8239135742188,0.006965566735277484,878.0996307373047,0.014490705144961868,902.2317895507813,-0.012644063431019759,902.9855828857421,-0.013468287359203912,832.9250973510742,0.06951263253716133,962.384033203125,-0.0743571351560468,962.384033203125,-0.0743571351560468,0.6013422818791946,66.73108272607118,6525670.75,7343815.12,0.8418765228080194,0.7480865068400578,False,False,0.022881584652689302,0.01242517412432842,-0.06708298934160428,0.07303310897205906,0.2767385598994514,0.26160466667784216,0.23883390645089753,0.15036496350364964
2025-09-04,915.0,948.0,912.25,934.75,929.0390014648438,21738706,929.0390014648438,0.04289858782225098,880.2290405273437,0.0554514321729922,902.5945593261719,0.029298251208619952,903.6467919921874,0.02809970632073666,834.3273611450195,0.11351855965725877,962.384033203125,-0.03464836342649846,962.384033203125,-0.03464836342649846,0.7718120805369127,73.23595483311342,7390266.5,7547476.56,2.94153208142088,2.8802614790763923,True,True,0.0660318350542497,0.04804349607294611,-0.015793598619597393,0.12736787897636237,0.30624767651372875,0.30095511902089384,0.25419851178886155,0.32554744525547447
2025-09-05,942.0,942.3499755859376,932.0,937.5999755859376,931.87158203125,5467260,931.87158203125,0.003048936117794776,883.2579193115234,0.05503903407695421,902.7853857421875,0.03221828437680174,904.1532885742188,0.030656630692281084,835.7521099853516,0.11500954756498682,962.384033203125,-0.031705067955377086,962.384033203125,-0.031705067955377086,0.7825503355704698,73.4668881604172,7452997.1,7524345.78,0.7335652928135448,0.7266093504809663,False,False,0.06806402122838762,0.06952598691402301,-0.005198932078846363,0.13109660285427394,0.26798274196925287,0.29189914359593766,0.25379576178774055,0.31532846715328466
2025-09-08,937.5999755859376,949.6500244140624,935.6500244140624,944.2999877929688,938.5306396484376,5657331,938.5306396484376,0.007145896221743886,886.4980010986328,0.058694592075019925,902.642265625,0.03975924393324082,904.5091595458985,0.03761319577970812,837.2008685302734,0.12103400142913268,962.384033203125,-0.024785732858945697,962.384033203125,-0.024785732858945697,0.8134228187919463,65.61502142007183,7435963.55,7403936.6,0.760806714820435,0.7640977098588337,False,False,0.06178667907371915,0.07416674443960747,0.00795217694572048,0.11984490284361304,0.29202155440999644,0.2921632738202105,0.2538902523730332,0.3182481751824818
2025-09-09,944.0,949.4000244140624,940.0,948.4000244140624,942.6056518554688,5417393,942.6056518554688,0.004341906417203001,890.0387359619141,0.059061379881115705,902.6700952148437,0.04424158599285377,904.9892486572265,0.041565580203361874,838.6564938354492,0.12394724035895344,962.384033203125,-0.020551443774298073,962.384033203125,-0.020551443774298073,0.825503355704698,68.2358062521043,7519987.4,7079540.58,0.7203992123710207,0.765218157701414,False,False,0.06549837736191155,0.08122898831743619,0.016397045089850293,0.13325556517812331,0.30728426211387827,0.2913149073687932,0.2538681080032224,0.3167883211678832
2025-09-10,951.0499877929688,969.6500244140624,947.7000122070312,967.9500122070312,962.0361938476562,6836239,962.0361938476562,0.020613648935734252,894.5186981201172,0.07547913293420372,903.2952526855469,0.06502961350396697,905.5589379882813,0.0623672888534903,840.273306274414,0.1449086703862008,962.384033203125,-0.0003614350856497861,962.384033203125,-0.0003614350856497861,0.9395973154362416,80.48691040528993,7593403.05,7094543.74,0.9002865981149256,0.9635910709037365,False,False,0.07993979414822316,0.102699963698073,0.031929650711279844,0.13506183609382627,0.34428740149824666,0.2967915940100356,0.2570550088829008,0.39124087591240875
2025-09-11,968.0,975.9000244140624,965.5999755859376,970.25,964.3220825195312,5982627,964.3220825195312,0.0023760942535151486,900.3453796386718,0.07105795656610647,903.9631457519531,0.06677145749937541,906.0418408203125,0.06432400698675567,841.7937298583985,0.14555626671363275,964.3220825195312,0.0,964.3220825195312,0.0,0.9718120805369127,79.63480427410644,7479668.8,7106569.74,0.7998518597507954,0.8418445493226103,False,False,0.037978040748618325,0.13745602464362205,0.0511917500679806,0.13775884999995314,0.33417639875082994,0.2698831426097202,0.2547207813091018,0.3357664233576642
2025-09-12,972.25,1004.5999755859376,970.8499755859376,1003.25,997.1204833984376,11412561,997.1204833984376,0.03401187370220993,907.4641204833985,0.0987987964386734,905.55833984375,0.10111125868542747,906.8655688476563,0.09952402831377438,843.4774295043945,0.18215431559836737,997.1204833984376,0.0,997.1204833984376,0.0,0.9718120805369127,84.44727926884875,7544435.6,7146931.1,1.5127123624728138,1.596847771486142,True,False,0.07001919859489769,0.16656980254357423,0.09167569668338671,0.15607746574755033,0.37386507937842817,0.2869323739063591,0.26329565380234154,0.5430656934306569
2025-09-15,999.0,1025.699951171875,998.0999755859376,1009.8499755859376,1003.6801147460938,9989753,1003.6801147460938,0.006578574462034137,914.8387847900391,0.09711145989120284,907.54015625,0.10593466066928503,907.6931561279297,0.10574824539564531,845.2272409057617,0.18746777928090785,1003.6801147460938,0.0,1003.6801147460938,0.0,0.9718120805369127,84.47678073635778,7774960.75,7194595.0,1.2848621776000606,1.3885080397159257,False,False,0.0694164605239318,0.17226764206557488,0.12143251363524676,0.17064766821119992,0.40306859008641127,0.2860545065704432,0.259544177462742,0.4686131386861314
2025-09-16,1005.8499755859376,1015.2999877929688,1000.0,1003.25,997.1204833984376,7602155,997.1204833984376,-0.006535579664558311,919.7113311767578,0.08416679190266785,909.0896313476562,0.09683407335785188,908.4768786621094,0.09757386986763095,846.9011611938477,0.1773752700879887,1003.6801147460938,-0.006535579664558311,1003.6801147460938,-0.006535579664558311,0.9087248322147651,95.29246811543236,7341179.55,7134377.18,1.0355495255527432,1.065566735287186,False,False,0.05783418700668652,0.10831857888360452,0.10856352772005629,0.13215482242085996,0.37422044714594027,0.24159507761389365,0.2600591919137619,0.4832116788321168
2025-09-17,1010.0,1011.7999877929688,1000.3499755859376,1007.5,1001.3445434570312,6995023,1001.3445434570312,0.0042362584350859045,924.9391967773438,0.08260580473386536,910.7365075683593,0.0994887490901104,909.4895343017578,0.10099622446540124,848.6929071044922,0.17986675165383992,1003.6801147460938,-0.0023270076339545476,1003.6801147460938,-0.0023270076339545476,0.9355704697986578,95.41191698563641,7402711.6,7206598.18,0.9449271264329682,0.9706414629044852,False,False,0.04085953299964906,0.11659099097921843,0.10049155112956809,0.11519390207668634,0.3646686691642571,0.23957128842220182,0.25931658729832824,0.45985401459854014
2025-09-18,1007.0,1009.7999877929688,990.0,996.5,990.4117431640624,9738376,990.4117431640624,-0.010918120405614462,930.3409912109375,0.064568531883064,912.1050939941406,0.08585266071370601,910.4116302490235,0.0878724636823418,850.3971444702148,0.16464612987508875,1003.6801147460938,-0.013219721490036584,1003.6801147460938,-0.013219721490036584,0.8697986577181208,88.56030690418663,7611548.1,7324337.06,1.2794211994797748,1.3295914592985705,False,False,0.027054923990089907,0.12243749431930029,0.0872885999739752,0.10579169849348546,0.31953539269436493,0.2340137279711133,0.26060735039243393,0.48759124087591244
2025-09-19,991.0,996.0,988.5999755859376,992.4500122070312,986.386474609375,6736440,986.386474609375,-0.004064237507753976,935.15390625,0.05478517281162776,913.1357592773437,0.08021886623956331,911.2934735107422,0.0824026543384957,852.0443368530273,0.15767036050322458,1003.6801147460938,-0.01723023090986875,1003.6801147460938,-0.01723023090986875,0.8416107382550335,85.2117609257195,7613493.45,7352235.28,0.8848027576617932,0.9162438011640999,False,False,-0.010765006804873134,0.10813982032191749,0.06945040846155215,0.1262895199872156,0.35938990556247785,0.23634141304940656,0.2598296774708761,0.47737226277372263
2025-09-22,989.9500122070312,1010.9000244140624,989.0,1006.5,1000.3506469726562,4250045,1000.3506469726562,0.01415689764887662,940.719692993164,0.0633886527768539,914.3055676269531,0.09410976197928012,912.7678625488281,0.09595296681377508,853.7491015625,0.17171502159340668,1003.6801147460938,-0.0033172598764495964,1003.6801147460938,-0.0033172598764495964,0.9288590604026845,86.44334885960185,7504750.95,7329038.06,0.5663139294449204,0.5798912442815176,False,False,-0.0033172598764495964,0.12520963276815222,0.05780350364944664,0.12475288849476551,0.3749381205301756,0.23705544002071663,0.2563961575443025,0.381021897810219
2025-09-23,999.0,1028.800048828125,999.0,1025.5,1019.2345581054688,10230040,1019.2345581054688,0.01887729186756726,946.9166015625,0.076372044194428,916.134326171875,0.1125383352509064,914.1999475097656,0.11489238309607441,855.5164047241211,0.19136763769496845,1019.2345581054688,0.0,1019.2345581054688,0.0,0.9718120805369127,87.44928749734784,7724359.15,7448078.1,1.3243868910471361,1.3735140612985786,False,False,0.022177936443207757,0.13843256068635612,0.08289333929841614,0.1534474315131178,0.3521351071237713,0.24141423227823983,0.25867169640881504,0.4321167883211679
2025-09-24,1021.5,1036.0,1020.4000244140624,1029.75,1023.4585571289062,6433184,1023.4585571289062,0.004144285522744706,954.5447082519531,0.0721955171729507,918.3387744140625,0.11446732474289179,915.6115466308594,0.1177868615734341,857.2503015136718,0.1938853276828898,1023.4585571289062,0.0,1023.4585571289062,0.0,0.9718120805369127,84.34563524450043,7710372.05,7443582.22,0.8343545497263002,0.8642591443021638,False,False,0.0220843203434542,0.17517827574029354,0.09957283575888365,0.19117064347606672,0.36502809410652626,0.2061463862615631,0.25739662638578253,0.4029197080291971
2025-09-25,1020.0,1031.0999755859375,1008.0,1012.75,1006.5624389648438,16731453,1006.5624389648438,-0.016508844492405195,961.298193359375,0.047086581373140035,920.0154663085938,0.09407121491501114,916.9870428466797,0.09768447309799222,858.8997668457031,0.17192072674723113,1023.4585571289062,-0.016508844492405195,1023.4585571289062,-0.016508844492405195,0.8469798657718121,74.6474391122745,8129477.6,7700369.78,2.058121545226965,2.1728116282748178,True,True,0.016307052003629252,0.15498660682113297,0.0812469451358695,0.17541792450577653,0.3438917312555372,0.22280181388536582,0.2600789279268613,0.4846715328467153
2025-09-26,1008.0499877929688,1010.5,981.0499877929688,985.0999755859376,979.0813598632812,9109737,979.0813598632812,-0.027301911970631698,966.6279296875,0.012883375074634218,921.2747253417969,0.06274635885624447,917.90103515625,0.06665241933910315,860.4029122924804,0.13793357260331773,1023.4585571289062,-0.04336003344396833,1023.4585571289062,-0.04336003344396833,0.7355704697986577,61.764709007244925,8301342.15,7803514.7,1.0973812228664734,1.1673889715361208,False,False,-0.007405935638955974,0.12217347807293288,0.06728059720936197,0.1532573600073217,0.30502369154674325,0.25396443366946736,0.2646924778355617,0.5722627737226277
2025-09-29,990.0,997.7999877929688,981.0999755859376,990.9500122070312,984.8956298828124,5804877,984.8956298828124,0.005938495264931953,971.6768920898437,0.013604046674958292,922.6194592285157,0.06749930324076558,919.0252911376953,0.07167413060371142,861.9016180419922,0.14270075524423476,1023.4585571289062,-0.037679031532330876,1023.4585571289062,-0.037679031532330876,0.7583892617449665,62.146723686180415,8386509.7,7827934.6,0.6921683999244644,0.7415592102672908,False,False,-0.015449599734468245,0.11424072471327662,0.08877657069720479,0.14357358409107235,0.3198812276782499,0.2525399773444132,0.26296275321954043,0.5357664233576642
2025-09-30,990.0,1002.2999877929688,989.4500122070312,998.9000244140624,992.797119140625,7182200,992.797119140625,0.008022666583212157,977.0836608886718,0.016081998789808427,923.7505078125,0.07474595222862912,920.4061120605469,0.07865115858261063,863.3514727783203,0.14993389186647277,1023.4585571289062,-0.029958651256280833,1023.4585571289062,-0.029958651256280833,0.7906040268456376,59.461946785690024,8440460.45,7813702.2,0.8509251411752069,0.919180155087047,False,False,-0.025938522938218522,0.12223358454476374,0.07954183748695542,0.1730436025518225,0.3183066044972718,0.2520534942415671,0.261438346549765,0.49635036496350365
2025-10-01,991.5,1000.0,977.75,987.7000122070312,981.66552734375,6932272,981.66552734375,-0.011212353039975143,981.6257415771485,4.0530484192169425e-05,924.5307116699219,0.06179872118107266,921.3022174072265,0.06551955351459027,864.7403848266601,0.13521415741503495,1023.4585571289062,-0.04083509732176904,1023.4585571289062,-0.04083509732176904,0.7463087248322148,55.0594535423386,8512383.6,7859143.0,0.8143749536851229,0.8820646220586646,False,False,-0.04083509732176904,0.10197482620897658,0.06818797059794757,0.12646400466173047,0.27927834343892943,0.25919363440455434,0.26268529777217337,0.5299270072992701
2025-10-03,975.0,992.2000122070312,972.0,989.75,983.7029418945312,7692197,983.7029418945312,0.0020754671464262575,984.3589385986328,-0.0006664202237401939,925.270166015625,0.06315212359059186,922.1954516601562,0.06669680502506048,866.1113317871094,0.1357696242869686,1023.4585571289062,-0.038844382078255135,1023.4585571289062,-0.038844382078255135,0.7557046979865771,45.229672624123765,7810058.15,7888239.3,0.9849090560228415,0.9751475211965236,False,False,-0.02271046105577057,0.05883923101559474,0.06694327197042726,0.13997255632848948,0.28398303168700534,0.21709811852244196,0.262658017374629,0.5284671532846715
2025-10-06,993.0,1023.0,992.0999755859376,1008.9000244140624,1002.7360229492188,9299635,1002.7360229492188,0.019348403104326728,987.9021606445312,0.01501551762475084,926.0772058105468,0.08277799805209174,923.2404406738282,0.0861049611489837,867.564800415039,0.15580533289215337,1023.4585571289062,-0.020247555736716993,1023.4585571289062,-0.020247555736716993,0.8268456375838926,49.69169268449805,8001676.9,7880332.18,1.1622107610968395,1.180106978688302,False,False,0.024160058658700967,0.07604528594326454,0.07261333837360495,0.13789273261975055,0.3178314117396601,0.2247693387115892,0.26400347544783903,0.5591240875912409
2025-10-07,1008.9000244140624,1029.5,1008.9000244140624,1016.5499877929688,1010.3392333984376,7991437,1010.3392333984376,0.007582464651919585,991.4925903320312,0.019008354928900628,927.2221667480469,0.089640940036948,924.2551293945312,0.0931388977633254,869.0837460327149,0.16253380414780594,1023.4585571289062,-0.01281861746045887,1023.4585571289062,-0.01281861746045887,0.8738255033557047,54.28755710447358,8118382.2,7936378.68,0.9843632392670549,1.006937461305715,False,False,0.025833806896526257,0.0765117202533725,0.0727061211016109,0.11893954147226427,0.3278238218363654,0.2248617225348787,0.26401226391704635,0.5605839416058395
2025-10-08,1012.0499877929688,1028.0,1012.0499877929688,1023.1500244140624,1016.89892578125,4448915,1016.89892578125,0.006492564245721422,995.2072540283203,0.021796135091588065,929.3967993164063,0.09414937358209508,925.3566815185546,0.0989264421935876,870.674186706543,0.16794426813987018,1023.4585571289062,-0.0064092789121407145,1023.4585571289062,-0.0064092789121407145,0.9100671140939597,54.9698291782717,8069958.3,7537047.36,0.551293431094929,0.590272926187371,False,False,0.024276668592156936,0.07881691965196569,0.09603645018557971,0.13671208432952464,0.3848319794663273,0.22506146687606088,0.26202762054615203,0.5094890510948905
2025-10-09,1023.0,1029.0,1014.9500122070312,1024.0999755859375,1017.8430786132812,4444154,1017.8430786132812,0.0009284628079491153,997.9975982666016,0.01988529870327227,932.2512524414062,0.09181197230652649,926.3801361083985,0.09873154544214069,872.3463470458985,0.16678780401854243,1023.4585571289062,-0.005486766881287353,1023.4585571289062,-0.005486766881287353,0.9154362416107382,59.36226563349526,7950354.05,7345704.76,0.5589881874505954,0.6050003566982456,False,False,0.036853235915722315,0.058009132216144454,0.11454532780402893,0.12460490259985035,0.4288852378249275,0.21634588533980756,0.25952715429218254,0.46715328467153283
2025-10-10,1018.0999755859376,1027.5,1017.0,1023.8499755859376,1017.5946044921876,3714548,1017.5946044921876,-0.0002441182990919888,1000.6612243652344,0.016922190762108213,934.9804748535156,0.08835920306422995,927.575689086914,0.09704751478974871,874.0519857788086,0.1642266376015129,1023.4585571289062,-0.005729545760180699,1023.4585571289062,-0.005729545760180699,0.9140939597315436,60.93313798341413,7836950.1,7193518.64,0.47397877396208,0.5163742788327578,False,False,0.034453147545115304,0.055243494822257544,0.1028112035919102,0.11087257587735833,0.41712884248237314,0.21663161449151735,0.258962317725195,0.4467153284671533
2025-10-13,1023.8499755859376,1040.0,1021.5,1036.75,1030.415771484375,7684523,1030.415771484375,0.012599484053461119,1002.3259887695312,0.028024597815055285,937.9999133300781,0.0985243781379499,928.782240600586,0.10942665184690537,875.8126184082031,0.1765253774913229,1030.415771484375,0.0,1030.415771484375,0.0,0.9718120805369127,60.617742141995265,7650548.2,7246119.18,1.0044408320961888,1.0605018781929558,False,False,0.02760422274822183,0.0333914392897221,0.12476265323107394,0.12644808318764267,0.45144640986434537,0.1869947322604564,0.25921982493131956,0.4554744525547445
2025-10-14,1040.0,1042.0999755859375,1011.3499755859376,1019.1500244140624,1012.92333984375,7668358,1012.92333984375,-0.016976090743861638,1002.7881500244141,0.010107009959271274,940.7420568847656,0.07672802808243762,929.871732788086,0.08931512178206114,877.5146817016602,0.15430927933821903,1030.415771484375,-0.016976090743861638,1030.415771484375,-0.016976090743861638,0.8429530201342282,47.74901897952972,7534478.45,7259502.76,1.017768920687536,1.0563200061377207,False,False,0.0025576621790883713,0.009209333692931088,0.10381243031225162,0.09990207030895837,0.40462395749700764,0.19727061282382072,0.26214971880649307,0.5153284671532846
2025-10-15,1026.0,1063.0,1018.4000244140624,1059.9000244140625,1053.4244384765625,10205158,1053.4244384765625,0.03998436706874586,1005.6033477783203,0.04755462559257917,944.4055383300781,0.11543653200007098,931.26287109375,0.13117839352849536,879.4155215454101,0.19786882613279766,1053.4244384765625,0.0,1053.4244384765625,0.0,0.9718120805369127,58.49058887862407,7664628.6,7357599.94,1.3314615139995172,1.3870226817469502,False,False,0.035918528153868534,0.056466551450459423,0.12515931977407502,0.1465866317902531,0.4569452824983615,0.2397121577300084,0.2710553168227624,0.6613138686131387
2025-10-16,1062.0,1081.0999755859375,1058.8499755859375,1065.75,1059.2386474609375,9901992,1059.2386474609375,0.0055193412759471094,1008.4980529785156,0.050313031673748565,947.9924890136718,0.11734919815979805,932.6864337158203,0.1356857022578677,881.2999935913086,0.20190474885234777,1059.2386474609375,0.0,1059.2386474609375,0.0,0.9718120805369127,65.9254860699259,7809977.05,7476240.08,1.267864417091981,1.3244614798405456,False,False,0.040669892754052084,0.057816367385428835,0.12367543971254435,0.17682855793226704,0.4685375623308452,0.2398532242586983,0.27096985314057936,0.6598540145985401
2025-10-17,1056.0999755859375,1076.449951171875,1056.0999755859375,1070.0999755859375,1063.56201171875,5761670,1063.56201171875,0.0040815771480542384,1012.15556640625,0.050789075334558786,951.5347131347656,0.11773327555746027,934.2506597900391,0.13841183902163046,883.2157138061524,0.20419280940486062,1063.56201171875,0.0,1063.56201171875,0.0,0.9718120805369127,79.69951399542967,7611141.75,7502537.66,0.757004689867982,0.7679628228617249,False,False,0.04517261296752029,0.0738584422686619,0.12340557433621635,0.18410094383420006,0.49359530179275324,0.2342169187202661,0.2709618085396597,0.6583941605839416
2025-10-20,1081.5,1086.5,1072.199951171875,1081.0,1074.3955078125,5700858,1074.3955078125,0.010186050248487843,1016.5560180664063,0.056897493810631694,955.5967431640624,0.12431893002804162,935.8277691650391,0.1480697017263053,885.2178283691406,0.21370748914070803,1074.3955078125,0.0,1074.3955078125,0.0,0.9718120805369127,80.39150908201593,7559362.65,7532301.86,0.7541453246723121,0.7568546914289491,False,False,0.04268154423215931,0.08922368206435305,0.11638958123251975,0.19616225554737698,0.550072489190023,0.2334348290312709,0.26982571000069455,0.6394160583941606
2025-10-21,1084.9000244140625,1089.0,1081.0,1086.5,1079.86181640625,911624,1079.86181640625,0.00508779918940605,1020.5315765380859,0.05813660373883578,959.7193994140625,0.1251849416251647,937.5223516845704,0.15182514258558166,887.1918093872071,0.2171683789012009,1079.86181640625,0.0,1079.86181640625,0.0,0.9718120805369127,80.06176445547055,7392441.6,7430574.3,0.12331839050307818,0.12268553724037186,False,False,0.06608444482365838,0.07948329885547345,0.13300996974405965,0.26608857840351297,0.5715198066615019,0.2306019552676571,0.26880024749219006,0.6291970802919709
2025-10-23,1090.0,1102.5,1083.9000244140625,1094.1500244140625,1087.465087890625,11143407,1087.465087890625,0.007040967065284676,1023.9431030273438,0.06203663531252368,964.0328820800781,0.12803733991336386,939.272592163086,0.15777368249004375,888.9796270751954,0.2232733515710148,1087.465087890625,0.0,1087.465087890625,0.0,0.9718120805369127,87.44285569870497,7438109.95,7578704.12,1.49815034664821,1.4703578373765567,False,False,0.03231427729481129,0.06694291244596506,0.19742815123150348,0.241361570217848,0.5956250013993154,0.2241647616381738,0.24847079682496878,0.24233576642335766
2025-10-24,1093.5,1098.5999755859375,1087.4000244140625,1089.75,1083.092041015625,6440277,1083.092041015625,-0.004021321625581997,1026.9247772216797,0.05469462324777519,968.2459838867187,0.11861247972120981,941.0407238769532,0.15095129629825244,890.7366647338868,0.21595089087211394,1087.465087890625,-0.004021321625581997,1087.465087890625,-0.004021321625581997,0.9234899328859061,84.60213487257451,7438464.6,7600151.14,0.8658073065239835,0.8473880165493657,False,False,0.022519376168784522,0.058266632753560366,0.2376491432924306,0.2275798530685138,0.5891968096381806,0.225644948952045,0.23497236161988735,0.11240875912408758
2025-10-27,1090.949951171875,1094.0,1075.75,1084.4000244140625,1077.774658203125,7366175,1077.774658203125,-0.004909446853209154,1030.4853881835938,0.04589028681220464,972.8457080078125,0.1078577510612504,942.8943286132812,0.1430492532373302,892.4957116699219,0.2075964557706762,1087.465087890625,-0.00891102601399063,1087.465087890625,-0.00891102601399063,0.8953020134228188,78.88294100980927,6970200.7,7582328.4,1.0568095980363952,0.9714924771657213,False,False,0.013363251345736682,0.07074794019883801,0.2231684278402557,0.24022872464532363,0.6090655264928311,0.2159385044020795,0.2355258156904917,0.11678832116788321
2025-10-28,1078.0,1092.4000244140625,1063.050048828125,1072.75,1066.1959228515625,12324341,1066.1959228515625,-0.010743187607386018,1034.841116333008,0.030299150298222832,977.0747131347656,0.09121227734045823,944.6241949462891,0.1286985115940058,894.1945928955079,0.192353354988531,1087.465087890625,-0.01955848079713407,1087.465087890625,-0.01955848079713407,0.8295302013422818,70.86122333979807,7130930.9,7626470.72,1.7282934265987628,1.6159953210965714,True,False,-0.007631812401777571,0.08897581606542482,0.21235247218229292,0.20110103395374956,0.6163307143894117,0.1911801824632411,0.23707752193182932,0.12846715328467154
2025-10-29,1072.0,1079.1500244140625,1061.25,1062.949951171875,1056.4556884765625,5386803,1056.4556884765625,-0.009135501427307569,1038.4191192626954,0.01736925763334707,981.0800903320312,0.07682919966199875,946.3093353271485,0.11639571653526515,895.8440573120117,0.17928525601483303,1087.465087890625,-0.02851530569520344,1087.465087890625,-0.02851530569520344,0.7986577181208053,64.4307313849448,7110027.2,7626621.78,0.7576346543371874,0.7063157391817062,False,False,-0.02167511395817512,0.07265750443248953,0.2062527893206756,0.2108790560653575,0.5287870688890719,0.19690953099822633,0.23797055971795325,0.13722627737226278
2025-10-30,1063.0,1066.800048828125,1045.0,1052.300048828125,1045.870849609375,4271927,1045.870849609375,-0.010019198138306318,1041.072805786133,0.004608749548134616,984.0041162109375,0.06287243353886063,947.4538000488282,0.10387530194662231,897.4790966796875,0.16534285141423077,1087.465087890625,-0.03824880333577518,1087.465087890625,-0.03824880333577518,0.7570469798657719,59.55287724032569,6964513.55,7386504.74,0.6133848357578399,0.5783421456248873,False,False,-0.03824880333577518,0.0534587877477839,0.20180454983671825,0.22364860421043065,0.5037754218554109,0.20186916541429484,0.23871887454011848,0.145985401459854
2025-10-31,1052.0,1069.449951171875,1041.4000244140625,1042.800048828125,1036.428955078125,5315632,1036.428955078125,-0.009027782478856272,1043.8109771728516,-0.007072182853183562,986.7969506835938,0.050296065832134085,948.2692883300781,0.09296902033313548,899.0616909790039,0.1527895866072766,1087.465087890625,-0.04693128393803947,1087.465087890625,-0.04693128393803947,0.7181208053691275,56.04085311374612,6883681.55,7377529.74,0.7722077149254529,0.7205165126179485,False,False,-0.043083213771697215,0.055786239008063454,0.17790592430593044,0.1618442400835447,0.5183963534563512,0.2000151458248248,0.23943219569441337,0.1562043795620438
2025-11-03,1037.0,1048.0,1031.0,1043.0999755859375,1036.72705078125,4135617,1036.72705078125,0.0002876180771140824,1046.4621826171874,-0.009302898850668484,989.883974609375,0.04732178454587088,949.1970855712891,0.09221474290271292,900.7134893798828,0.1510064665457702,1087.465087890625,-0.046657164146568064,1087.465087890625,-0.046657164146568064,0.7208053691275168,52.20107043663801,6705852.55,7349009.16,0.6167175566662288,0.5627448421903994,False,False,-0.03808551918478942,0.05390256207285371,0.16952575840304163,0.1591578647961165,0.5185695078197354,0.20020074746363997,0.23929309303340693,0.15328467153284672
2025-11-04,1040.0,1060.4000244140625,1035.0,1057.0,1050.5421142578125,6202540,1050.5421142578125,0.013325651593784293,1048.852487182617,0.0016109291781669643,993.0922534179688,0.05784947032072396,950.3350903320312,0.10544388494669876,902.3434609985352,0.16423752114885426,1087.465087890625,-0.033953249666554886,1087.465087890625,-0.033953249666554886,0.7771812080536913,63.46499188621653,6550997.8,7339109.3,0.9468084388610236,0.845135253674448,False,False,-0.014681925017949404,0.04767564963706783,0.20572631810189934,0.16955989572946195,0.5144496301397621,0.19462300063344956,0.23663705902859372,0.12554744525547445
2025-11-06,1037.0,1052.800048828125,1035.0,1041.9000244140625,1035.534423828125,5776277,1035.534423828125,-0.014285662826844514,1050.1122467041016,-0.013882156809170487,996.0222436523437,0.03966997768131453,951.3791729736328,0.08845605752694419,903.9762326049805,0.14553279884807857,1087.465087890625,-0.047753867816787365,1087.465087890625,-0.047753867816787365,0.7154362416107383,42.16708159318958,6440239.8,7326136.94,0.896904025219682,0.7884478610360237,False,False,-0.019803258079481356,0.024937357272506677,0.18518948003154145,0.13936427887791036,0.5073028182221442,0.20223383571673573,0.23934509134816848,0.15474452554744525
2025-11-07,1039.0,1076.9000244140625,1034.199951171875,1066.5999755859375,1060.0833740234375,6940923,1060.0833740234375,0.02370655154520196,1052.271469116211,0.0074238493929590366,999.3179833984375,0.0608068619143145,952.7060162353515,0.1127077565988206,905.6910766601562,0.17046904992441925,1087.465087890625,-0.025179395800466797,1087.465087890625,-0.025179395800466797,0.8067114093959732,50.31772793306041,6564840.2,7348197.88,1.0572874264327103,0.944574862210978,False,False,0.01358917730556386,0.04246680485871335,0.2159834515857999,0.16911025506107302,0.5576492529951402,0.2167932285064946,0.24282733603956402,0.18394160583941604
2025-11-10,1066.5999755859375,1088.0,1062.9000244140625,1085.0,1078.3709716796875,5692236,1078.3709716796875,0.017251093738826606,1055.2978637695312,0.021864071464845924,1003.4674743652344,0.07464466883875343,954.1670343017578,0.13017001522046923,907.5357095336914,0.18824081559696904,1087.465087890625,-0.008362674178881035,1087.465087890625,-0.008362674178881035,0.9006711409395973,55.04060655970656,6627244.3,7327784.08,0.8589144661529982,0.776801818647473,False,False,0.04046781633807295,0.05946682188856656,0.23604458847683518,0.17790690937765774,0.576773702300847,0.22320182125645505,0.24441355218770955,0.2029197080291971
2025-11-11,1043.699951171875,1043.699951171875,997.0,1005.2000122070312,999.05859375,23762890,999.05859375,-0.0735483242896916,1054.3710632324219,-0.0524601550737257,1006.0187915039063,-0.006918556405394183,954.9840124511719,0.046152166658477656,908.8563549804687,0.09924806959342836,1087.465087890625,-0.0812959377961352,1087.465087890625,-0.0812959377961352,0.5731543624161074,32.510332381900255,7629661.4,7636055.04,3.1145405745004617,3.1119327814588407,True,True,-0.036334015788306195,-0.018215515943539873,0.17842911308619347,0.11248871442750841,0.47785943277763865,0.3518593790840036,0.28407878332602277,0.7751824817518248
2025-11-12,1011.0,1018.4000244140624,1008.7999877929688,1013.2000122070312,1007.0097045898438,11131278,1007.0097045898438,0.00795860311856078,1053.2007598876953,-0.043857787666975234,1008.7092529296875,-0.0016848743430355473,955.9202569580078,0.05344530284818538,910.2900750732422,0.10625143804717352,1087.465087890625,-0.07398433678164507,1087.465087890625,-0.07398433678164507,0.6053691275167785,33.2800847644003,7801999.15,7745231.68,1.4267212525907542,1.4371781839326465,False,False,-0.04143804334652834,-0.022715167549127724,0.1781395847360423,0.10689524510318926,0.4709963879611305,0.34991662719201605,0.2840594691425622,0.7722627737226277
2025-11-13,1012.5,1019.4000244140624,1003.5,1005.4000244140624,999.2573852539062,8503994,999.2573852539062,-0.007698356133613471,1052.5174621582032,-0.05060255893055343,1011.0160729980469,-0.011630564595547566,956.9628485107422,0.04419663397485518,911.6329275512695,0.09611813598923424,1087.465087890625,-0.08111313514240426,1087.465087890625,-0.08111313514240426,0.574496644295302,29.76974213751079,7843780.95,7833281.04,1.0841702559274045,1.0856235026644723,False,False,-0.03503218989100443,-0.013491598082784662,0.16710202943947228,0.10540485832146351,0.44386952867127105,0.34579290194201057,0.28487988298156935,0.7795620437956204
2025-11-14,1004.9000244140624,1019.9000244140624,1002.5999755859376,1018.5,1012.27734375,4381122,1012.27734375,0.013029634494805764,1050.460107421875,-0.03634860895915992,1013.5683850097656,-0.0012737584151790715,958.0909143066406,0.056556667675502936,913.0181109619141,0.10871551352197262,1087.465087890625,-0.06914037515123173,1087.465087890625,-0.06914037515123173,0.6241610738255033,34.37839299255481,7552579.15,7798839.78,0.580082897906472,0.5617658682045652,False,False,-0.04509648150785972,-0.03906031911132468,0.12516572043256446,0.10714819995774394,0.48422728757062994,0.3159396307515118,0.26766922823562467,0.621897810218978
2025-11-17,1021.0,1033.0,1017.0,1026.800048828125,1020.5266723632812,6011603,1020.5266723632812,0.008149277136561661,1048.5245086669922,-0.02670212863150445,1016.1624401855469,0.004294817447629162,959.197114868164,0.06393842990608523,914.4468377685547,0.11600437577495915,1087.465087890625,-0.06155454209310329,1087.465087890625,-0.06155454209310329,0.6644295302013423,37.532463147731015,7358059.7,7809195.66,0.817009272159072,0.7698107797186375,False,False,-0.05364044548260327,-0.0365469813534951,0.1379808237440483,0.11303989342174292,0.4981779822263104,0.3168837550779742,0.2677179984351128,0.6233576642335766
2025-11-18,1021.2000122070312,1024.0999755859375,1011.7000122070312,1013.5999755859376,1007.4072265625,4562185,1007.4072265625,-0.01285556385351494,1045.7167694091797,-0.036634721721374164,1017.7298046875,-0.010142749163339682,960.1621820068359,0.04920527535974939,915.8806689453126,0.09993284138487746,1087.465087890625,-0.07361878760026641,1087.465087890625,-0.07361878760026641,0.6080536912751678,37.28227091044297,7298085.45,7465665.24,0.6251207979484538,0.6110888786650176,False,False,0.008356499673520812,-0.05279878797617277,0.14169854199180087,0.11053187833169109,0.504476186179083,0.3185096131859401,0.2668556793275488,0.6102189781021898
2025-11-19,1009.0,1016.0999755859376,1004.5999755859376,1005.5999755859376,999.4561157226562,5158832,999.4561157226562,-0.007892648206400787,1041.9697998046875,-0.04080126323238942,1019.0814953613282,-0.01925790991986709,960.9334405517578,0.04008880693004002,917.1210684204102,0.08977554887497519,1087.465087890625,-0.08093038861475665,1087.465087890625,-0.08093038861475665,0.5771812080536913,37.573117040758184,7270984.15,7459496.68,0.7095094547826789,0.6915790999453867,False,False,-0.00750100900990236,-0.06975028427140628,0.12282269577464411,0.09029446779271,0.5242159126904085,0.3154005540993053,0.26732674031973885,0.618978102189781
2025-11-20,1015.0,1031.699951171875,1007.2999877929688,1028.5999755859375,1022.3156127929688,5459073,1022.3156127929688,0.02287193675710708,1039.0924896240235,-0.016145701175383498,1020.7571948242188,0.0015267273908545764,961.6997302246094,0.06302994652416327,918.4001739501953,0.11314832225675175,1087.465087890625,-0.059909486587774397,1087.465087890625,-0.059909486587774397,0.6711409395973155,45.125449305324516,7498356.6,7455531.52,0.7280359272323752,0.7322178151022022,False,False,0.023075363644376345,-0.05329034024445223,0.14991616062339364,0.1229257581027472,0.5762215500830616,0.32783189624549497,0.2705979281498585,0.6496350364963503
2025-11-21,1020.0,1027.5999755859375,1001.5,1004.0999755859376,997.9652709960938,6304584,997.9652709960938,-0.023818810445777938,1034.617498779297,-0.035425872678983006,1021.8643872070312,-0.023387757230936224,962.2672412109375,0.037097833383824996,919.4873947143554,0.08534959449456947,1087.465087890625,-0.08230132432861414,1087.465087890625,-0.08230132432861414,0.5691275167785235,42.50287482056908,7256415.45,7473275.34,0.8688289753310637,0.8436172512278933,False,False,-0.014138489656290165,-0.08230132432861414,0.11467586131294905,0.09373124092858642,0.5426366053105871,0.3341283478752674,0.27571609392930874,0.7197080291970803
2025-11-24,1005.0,1009.2999877929688,990.0,994.0,987.927001953125,9574900,987.927001953125,-0.010058735844534206,1029.8592468261718,-0.04071648140488504,1022.3822033691406,-0.03370090099619549,962.8387280273438,0.026056569179744082,920.53259765625,0.07321240385019134,1087.465087890625,-0.09153221289207158,1087.465087890625,-0.09153221289207158,0.5208053691275167,40.83612113732316,7413146.6,7528048.56,1.2916107715986624,1.2718966839395627,False,False,-0.03194396706424507,-0.08786422156076679,0.134379445680205,0.09009162086902811,0.5227482818252513,0.3348035668086629,0.2701295693999098,0.6423357664233577
2025-11-25,995.0,996.9000244140624,984.5,986.2000122070312,980.1746826171876,6376983,980.1746826171876,-0.00784705683781406,1024.979248046875,-0.04371265614895492,1022.6992553710937,-0.04158072134165758,963.3312005615235,0.01748462215886515,921.4822409057617,0.06369351367394205,1087.465087890625,-0.09866101125283067,1087.465087890625,-0.09866101125283067,0.48322147651006714,36.47821948328011,7363687.0,7535935.68,0.8660040819225477,0.8462098498165526,False,False,-0.02703230950430635,-0.09055694049130536,0.12470780444803298,0.09834054586338836,0.5045339745010662,0.3350285756114412,0.2709051750203267,0.656934306569343
2025-11-26,986.2000122070312,1012.7999877929688,981.2999877929688,1010.7000122070312,1004.5249633789062,9772235,1004.5249633789062,0.02484279709888071,1021.8957000732422,-0.016998541723084792,1022.8473449707031,-0.0179131144856437,964.2028424072265,0.04181912684576994,922.3433834838867,0.08910085047133132,1087.465087890625,-0.07626922963807437,1087.465087890625,-0.07626922963807437,0.5892617449664429,44.247769174838666,7236081.7,7503129.16,1.350487101327228,1.302421268728366,False,False,0.005071606023026698,-0.0578420514943595,0.15133564806442834,0.1246244022877423,0.5728296841656608,0.3497477687038415,0.2748705096539993,0.7138686131386861
2025-11-27,1015.5999755859376,1044.9000244140625,1010.9000244140624,1033.800048828125,1027.48388671875,12076038,1027.48388671875,0.022855503025646318,1020.4471099853515,0.006895778002153907,1023.3234204101562,0.00406564163940093,965.4317883300781,0.06427393332055531,923.2948483276367,0.11284481721070017,1087.465087890625,-0.05515689822118486,1087.465087890625,-0.05515689822118486,0.6939597315436241,43.91693658972151,7570543.45,7544854.86,1.595134890877616,1.600565978283113,True,False,0.005055458276394198,-0.027423584418945768,0.16242204334375576,0.1571524843628378,0.5562340758980335,0.36026364882398815,0.2771945286904545,0.7343065693430657
2025-11-28,1038.0,1043.5,1031.0,1037.5,1031.1612548828125,4983147,1031.1612548828125,0.0035790032443292485,1019.7116302490234,0.01122829660282787,1024.0042358398437,0.006989247497691142,966.54693359375,0.0668506815792358,924.2478579711914,0.1156761100277861,1087.465087890625,-0.05177530169453626,1087.465087890625,-0.05177530169453626,0.7087248322147651,40.68263544608392,7606104.45,7492474.7,0.6551510083456716,0.6650869304904026,False,False,0.03326366643358747,-0.014064446611220083,0.16559946538976922,0.10707995179960861,0.5614652011266512,0.3590494125471071,0.2771745164418597,0.7328467153284671
2025-12-01,1041.9000244140625,1042.0,1018.7999877929688,1021.0999755859376,1014.8613891601562,6459837,1014.8613891601562,-0.015807290707900656,1018.633251953125,-0.003702866351296241,1024.2745727539063,-0.0091900978938112,967.5055401611328,0.048946333672814424,925.1204302978516,0.09700462331527104,1087.465087890625,-0.06676416515706207,1087.465087890625,-0.06676416515706207,0.6335570469798658,54.151416974706976,7663314.7,7481770.98,0.8429559861348249,0.863410149451006,False,False,0.027263539870640452,-0.020809497662425902,0.13923905016005533,0.06281548910062895,0.5524456204852186,0.3619897943495767,0.27959922823384226,0.7576642335766424
2025-12-02,1014.5,1036.0,1013.9000244140624,1025.5,1019.2345581054688,6706145,1019.2345581054688,0.004309129297875414,1017.7586273193359,0.0014501776221935714,1024.8510290527345,-0.005480280341287225,968.4780615234375,0.05240851455343254,926.0311917114258,0.10064819330954822,1087.465087890625,-0.06274273127931329,1087.465087890625,-0.06274273127931329,0.6536912751677852,53.27301464042138,7791841.1,7421126.36,0.8606624434371487,0.9036559512240941,False,False,0.03984991265433058,-0.016872804334177816,0.09708479030311001,0.07975787347339747,0.5388472057885754,0.3624309131251055,0.26656442265879865,0.6
2025-12-03,1021.0,1026.300048828125,1014.2000122070312,1021.4000244140624,1015.1596069335938,5895670,1015.1596069335938,-0.00399805043840884,1015.989501953125,-0.0008168342467474998,1025.4264916992188,-0.010012306926664216,969.2811254882813,0.04733248202083873,927.0141595458985,0.09508533012146625,1087.465087890625,-0.06648993311342388,1087.465087890625,-0.06648993311342388,0.636241610738255,54.34309341096411,7776497.6,7404310.96,0.7581394997151417,0.7962482980320427,False,False,0.010586738948642926,-0.03368023694053979,0.0893771486418724,0.08371355083783594,0.5787977145538858,0.3588032664754248,0.26680163776914784,0.6072992700729927
2025-12-04,1018.0,1032.300048828125,1016.0,1029.0999755859375,1022.8125,5404918,1022.8125,0.00753861069149786,1015.3534057617187,0.007346303460404879,1025.8757287597657,-0.0029859647459141714,970.0906481933594,0.054347345688598114,928.0826083374023,0.10207053856154014,1087.465087890625,-0.05945256414257194,1087.465087890625,-0.05945256414257194,0.6751677852348993,52.964180076412546,7757929.65,7427408.42,0.6966959284040427,0.7276990431071515,False,False,-0.004546433067352473,-0.012285370273925844,0.08980192738633797,0.09846822514870146,0.5746132403022195,0.3568161961497263,0.26683791382983835,0.6087591240875913
2025-12-05,1028.9000244140625,1061.0,1026.5,1048.0,1041.5970458984375,13123572,1041.5970458984375,0.01836558108004893,1014.4290893554687,0.026781523546638653,1026.322978515625,0.01488232038310544,971.22865234375,0.07245296294016446,929.2336941528321,0.12092044493505516,1087.465087890625,-0.042178863949700274,1087.465087890625,-0.042178863949700274,0.738255033557047,55.59658942607955,8067062.1,7485279.06,1.6268093436394893,1.7532508667752997,True,False,0.01012042584630568,-0.017438560567964667,0.10501888445938068,0.12313792893299746,0.5855091255246001,0.3525137123373233,0.2689979874767313,0.6321167883211679
2025-12-08,1048.0,1049.800048828125,1023.0,1026.4000244140625,1020.1290893554688,5189635,1020.1290893554688,-0.020610615811080146,1011.5169952392578,0.008514037981313338,1026.2563891601562,-0.005970535111310515,972.2975817871094,0.049194308886836735,930.1811547851562,0.09669937313564247,1087.465087890625,-0.061920147400565395,1087.465087890625,-0.061920147400565395,0.6604026845637584,53.235608693694886,8041932.05,7460408.08,0.645321916143273,0.695623475867556,False,False,0.005190561244695413,-0.05400913401211116,0.06038535335710238,0.09424308730915176,0.5470619347008563,0.35264835434628455,0.2699543809877336,0.6408759124087591
2025-12-09,1025.0,1026.0,1013.7000122070312,1016.7000122070312,1010.4883422851562,5968501,1010.4883422851562,-0.009450516773718998,1012.0884826660156,-0.0015810281494799128,1026.3349072265626,-0.015439955154821772,973.1751867675781,0.03834166347943424,931.0886599731446,0.08527617801112708,1087.465087890625,-0.07078548678264407,1087.465087890625,-0.07078548678264407,0.614765100671141,52.781965857691745,7152212.6,7245149.04,0.8344971456804849,0.8237927152427496,False,False,-0.008581160980814628,0.011440518710974068,0.04787431564877598,0.1015168357181242,0.5177649696920803,0.23533038667562556,0.27080636560707094,0.654014598540146
2025-12-10,1016.0,1021.7000122070312,1007.2999877929688,1010.2999877929688,1004.1273803710938,4990527,1004.1273803710938,-0.006294938444987519,1011.9443664550781,-0.007724719207013231,1026.8358276367187,-0.02211497364470505,974.0552764892578,0.030873097869992927,931.9474197387696,0.07745067919449444,1087.465087890625,-0.07663483494553636,1087.465087890625,-0.07663483494553636,0.5879194630872483,44.99725684831008,6845175.05,7162764.84,0.7290576155536008,0.6967319340334507,False,False,-0.010867479839770322,-0.002862260617363166,0.007027131715091173,0.09934704559414476,0.4839046058019727,0.23491626989114084,0.26223480730270804,0.5167883211678832
2025-12-11,1011.9000244140624,1020.5,1000.0999755859376,1006.4000244140624,1000.2512817382812,4670539,1000.2512817382812,-0.0038601662583686025,1011.9940612792968,-0.011603605189314137,1027.1429406738282,-0.02618102882341322,974.8811999511719,0.02602376760202163,932.7673886108398,0.07234804084214863,1087.465087890625,-0.08019917799983256,1087.465087890625,-0.08019917799983256,0.5798657718120805,50.70858413334564,6653502.3,7140078.08,0.7019669926318355,0.6541299615591879,False,False,-0.022058019687595465,0.0009946351150784682,-0.0034162607761536457,0.11760140772581118,0.47819795353848105,0.23364825604356326,0.2620318254310408,0.5109489051094891
2025-12-12,1000.0,1020.7999877929688,1000.0,1017.2999877929688,1011.0846557617188,4381711,1011.0846557617188,0.010830652478255987,1011.9344268798828,-0.0008397491928249234,1027.50869140625,-0.015984327706321633,975.629599609375,0.0363406934009991,933.6545877075196,0.08293224183080361,1087.465087890625,-0.07023713494753447,1087.465087890625,-0.07023713494753447,0.6201342281879194,57.14286252171108,6653531.75,7084068.3,0.6585541580980657,0.6185303154121199,False,False,-0.02929385241333904,-0.0011782225450812644,0.014004498549350597,0.12408840403587473,0.4902811881002851,0.2321665175602159,0.2625758935259087,0.5255474452554745
2025-12-15,1015.0,1016.5,1008.0,1012.7000122070312,1006.5127563476562,3958977,1006.5127563476562,-0.004521777071790467,1011.2337310791015,-0.004668529723991122,1028.0056359863281,-0.020907355841537134,976.268173828125,0.030979789498757127,934.5386834716796,0.07701561652707944,1087.465087890625,-0.07444131535293097,1087.465087890625,-0.07444131535293097,0.5973154362416108,58.28642423846728,6550900.45,7024602.4,0.6043408887399594,0.5635873426800639,False,False,-0.013347656830779653,-0.013732042870738814,0.0051612733343333606,0.10617148882707217,0.46903039497946253,0.23065003797067782,0.2626382898290531,0.527007299270073
2025-12-16,1007.5,1010.5999755859376,996.5,998.4000244140624,992.3001708984376,3861617,992.3001708984376,-0.01412062128332281,1010.4783782958984,-0.01798970446860737,1028.1775805664063,-0.03489417620660862,976.7238732910156,0.015947493486504705,935.3530746459961,0.060882994663800316,1087.465087890625,-0.08751077901432258,1087.465087890625,-0.08751077901432258,0.538255033557047,45.89180206415972,6515872.05,6947990.8,0.5926477638553385,0.5557890203308847,False,False,-0.017999387648141685,-0.01499597706442013,0.0019067097572391667,0.08936174375648043,0.4118713995114591,0.23158403556093274,0.26329966644451597,0.5445255474452555
2025-12-17,1000.0,1011.2000122070312,995.2999877929688,999.5999755859376,993.4927368164062,4695550,993.4927368164062,0.0012018197244578754,1010.180209350586,-0.016519302575634054,1027.99271484375,-0.033560527744194824,977.0349603271484,0.016844613711414436,936.1940487670898,0.06120385845730936,1087.465087890625,-0.08641413147018684,1087.465087890625,-0.08641413147018684,0.5436241610738255,36.619657398878154,6492707.95,6855909.1,0.7232036364734379,0.6848909359081206,False,False,-0.010590930754977745,-0.005966624059264625,0.007204338654223097,0.07715509137800658,0.41144561059642193,0.2300589679349337,0.26315918971521196,0.5416058394160584
2025-12-18,1002.0999755859376,1009.7000122070312,995.0,1000.2999877929688,994.1884765625,3103997,994.1884765625,0.0007002967614269107,1008.7738525390625,-0.014458519062376052,1027.6696997070312,-0.032579751211966324,977.4459332275391,0.01712886898989585,936.9723934936524,0.06106485470239775,1087.465087890625,-0.08577435024517,1087.465087890625,-0.08577435024517,0.548993288590604,35.09611126310628,6374954.15,6758160.3,0.4869049920931588,0.45929614898303023,False,False,-0.006061282086282427,-0.02751316313523311,-0.006160010421150552,0.051287423043436586,0.40122549715389777,0.21342892109045844,0.26156346866742186,0.5021897810218978
2025-12-19,1003.2000122070312,1014.0,1002.5,1008.2999877929688,1002.1396484375,5126009,1002.1396484375,0.00799765040778988,1008.9825714111328,-0.006782003146062698,1027.3745141601562,-0.02456247977232029,978.3856567382812,0.024278761177273678,937.683515625,0.06873975252677611,1087.465087890625,-0.0784626931045963,1087.465087890625,-0.0784626931045963,0.5852348993288591,44.501733895453455,6316025.4,6771702.18,0.8115877748053387,0.7569749619437635,False,False,-0.008846942017411874,0.004182888485928737,-0.016772301853406946,0.06473072533665936,0.407415896707906,0.19826349764421822,0.2591547472409633,0.454014598540146
2025-12-22,1008.2999877929688,1015.4000244140624,1005.0,1007.7999877929688,1001.6427001953124,3921237,1001.6427001953124,-0.0004958872178767448,1009.6683563232422,-0.007948804256038722,1027.0505065917969,-0.02473861434604485,979.6508795166015,0.022448630566801908,938.4786343383789,0.06730474572973488,1087.465087890625,-0.07891967167588232,1087.465087890625,-0.07891967167588232,0.5825503355704698,42.13331804894819,6033342.25,6761243.84,0.6499278240016966,0.5799579327107954,False,False,-0.004838543894879033,0.013883311434014445,-0.021315818585555202,0.07613454067024295,0.4176527414157958,0.19451841125980207,0.25900084883400426,0.4481751824817518
2025-12-23,1013.5,1018.0,1005.7000122070312,1011.4000244140624,1005.220703125,4712043,1005.220703125,0.003572134982853692,1010.9206573486329,-0.005638379414050432,1026.8030285644531,-0.021018953819825437,980.8917517089844,0.02480289121977819,939.2434640502929,0.07024508724308176,1087.465087890625,-0.07562944841305741,1087.465087890625,-0.07562944841305741,0.5932885906040268,45.535704984063436,5950095.25,6781193.74,0.7919273225079885,0.694869248788046,False,False,0.013020790084984135,0.025552609093040912,-0.0013329881862307325,0.07980565573160536,0.43847335508950924,0.19202358383233512,0.2568695565107397,0.3883211678832117
2025-12-24,1011.0,1037.4000244140625,1006.0,1011.7000122070312,1005.5188598632812,5984816,1005.5188598632812,0.0002966082347433119,1010.9703521728516,-0.005392336479357218,1026.3050903320313,-0.02025346133869932,982.1525018310547,0.023790967277142805,940.0304788208008,0.06966623159350194,1087.465087890625,-0.07535527249550267,1087.465087890625,-0.07535527249550267,0.5946308724832214,41.682611271225795,5760724.3,6747199.6,1.0388999174982216,0.8870074037827487,False,False,0.012104892769938091,0.0009894193978334798,0.02700235249468097,0.09609968410594272,0.4713237627987339,0.17075181928175476,0.2504373023575141,0.27153284671532846
2025-12-26,1011.7000122070312,1011.7000122070312,998.0,1000.0,993.8903198242188,5211460,993.8903198242188,-0.01156471599214326,1009.290673828125,-0.01525859140805741,1025.9244299316406,-0.031224629390642633,983.3332434082031,0.010736010896392756,940.9012225341797,0.05631738594973945,1087.465087890625,-0.08604852616272474,1087.465087890625,-0.08604852616272474,0.5476510067114094,25.359304788187515,5417495.4,6698061.64,0.9619685140849403,0.7780549478490616,False,False,-0.00029989961190468595,-0.03269498172064933,0.009132632604407664,0.09871996710566933,0.4692372703885228,0.15268041461614568,0.2514013406209811,0.28905109489051095
2025-12-29,1003.0,1003.9000244140624,989.5999755859376,998.0,991.902587890625,6715489,991.902587890625,-0.001999950994537647,1007.3277404785156,-0.015312943313328331,1024.6939929199218,-0.03200116840331613,984.549765625,0.007468207826911932,941.7066369628906,0.05330317208936952,1087.465087890625,-0.0878763843217848,1087.465087890625,-0.0878763843217848,0.5369127516778524,31.748027642603702,5504112.5,6628268.26,1.2200857086405847,1.0131589031370918,False,False,-0.01021520360244832,-0.03807228676047292,-0.0009010211983434546,0.07856914740688103,0.4623593021959418,0.15144167149116217,0.25092100106666576,0.28029197080291973
2025-12-30,994.0999755859376,997.5999755859376,987.0999755859376,989.2999877929688,983.2556762695312,7473887,983.2556762695312,-0.008717500817779111,1005.7474548339844,-0.022363246813451587,1023.1743334960937,-0.03901452168973396,985.5834112548828,-0.002361783851848487,942.4719534301757,0.04327314217778144,1087.465087890625,-0.09582782268737522,1087.465087890625,-0.09582782268737522,0.49395973154362416,32.16139107405873,5554815.0,6579706.16,1.3454790123523466,1.1358998134956226,False,False,-0.018356869093336226,-0.031142886337197417,0.0016198479843576585,0.06991827272903572,0.4620670032849552,0.14474669159781647,0.2504919099298325,0.272992700729927
2025-12-31,990.0,994.2000122070312,978.4000244140624,986.7999877929688,980.77099609375,9895270,980.77099609375,-0.0025269929640356903,1003.8242767333984,-0.022965454386765116,1021.5185131835938,-0.03988916163922751,986.5266131591796,-0.005834223819870643,943.2554187011718,0.039772448319709275,1087.465087890625,-0.09811265941772107,1087.465087890625,-0.09811265941772107,0.48456375838926175,33.88201261400749,5714271.25,6662378.16,1.7316766333064781,1.4852459230564,True,False,-0.024322725303250747,-0.03773769414099737,-0.002980519500261458,0.06376322674264645,0.4567568826959538,0.14310684438172633,0.2505184833488693,0.27445255474452557
2026-01-01,988.2000122070312,989.0,969.0,973.0999755859376,967.1546630859376,7118751,967.1546630859376,-0.013883294940454038,1001.4240295410157,-0.0342206352595561,1019.3736962890625,-0.05122658490524479,987.4852197265625,-0.020588213610178818,943.9718640136718,0.02455878184090654,1087.465087890625,-0.11063382737008653,1087.465087890625,-0.11063382737008653,0.4214765100671141,29.86692428845228,5775425.3,6690736.02,1.2325933814778975,1.0639712848811513,False,False,-0.038153632227803214,-0.0472880752147542,-0.03548427407507537,0.03455243269817432,0.4173999116957354,0.14921609951084044,0.24885003106821177,0.2510948905109489
2026-01-02,972.9000244140624,994.2000122070312,960.5999755859376,990.4500122070312,984.398681640625,6206869,984.398681640625,0.01782963905655599,999.5033386230468,-0.015112162609912438,1017.46443359375,-0.03249818948101668,988.5919165039063,-0.004241623660155347,944.703408203125,0.04201876810522198,1087.465087890625,-0.09477674952298443,1087.465087890625,-0.09477674952298443,0.5060402684563758,34.94109356627254,5815522.85,6796640.92,1.0672933732862901,0.9132259704548288,False,False,-0.009549985540932227,-0.03755704819737249,-0.025675090999443206,0.0451642938266672,0.4467558572109285,0.16219338453514676,0.25114348387491836,0.2846715328467153
2026-01-05,979.7000122070312,999.1500244140624,975.0,978.75,972.7702026367188,10564157,972.7702026367188,-0.011812773849438685,996.0619964599609,-0.023383879623981252,1015.1705358886719,-0.04176670988075537,989.601708984375,-0.01700836426902541,945.4084194946289,0.028941759537868483,1087.465087890625,-0.10546994706412316,1087.465087890625,-0.10546994706412316,0.4442953020134228,32.36363381151564,5687552.1,6785055.92,1.8574171830443542,1.5569741980844278,True,False,-0.019288572776680724,-0.0660781859287548,-0.04339538770839846,0.04847352348723977,0.44333791840100956,0.14693138592623395,0.2518271413326783,0.2934306569343066
2026-01-06,978.0,987.0,973.2999877929688,977.3499755859376,971.3787231445312,8380183,971.3787231445312,-0.0014304298059457654,993.624478149414,-0.02238849333333115,1012.93626953125,-0.04102681248243789,990.5911267089843,-0.019394887604416544,946.0274990844727,0.02679755512878068,1087.465087890625,-0.10674950951415696,1087.465087890625,-0.10674950951415696,0.4389261744966443,37.37249155101103,5847079.5,6823854.04,1.433225424761199,1.2280718419352357,False,False,-0.012079211350257468,-0.04778842866027733,-0.045649822104261384,0.06366653186263949,0.41793531160363195,0.13211066131022153,0.25181184455548977,0.291970802919708
2026-01-07,973.0499877929688,976.4500122070312,965.0499877929688,968.7999877929688,962.8809814453124,7048491,962.8809814453124,-0.008748124183439066,991.2441101074219,-0.028613666777839164,1010.6383959960938,-0.047254700335931044,991.7420520019531,-0.02910138830795883,946.6040899658203,0.01719503607900097,1087.465087890625,-0.11456377573184495,1087.465087890625,-0.11456377573184495,0.39731543624161075,33.02100069670554,5901079.0,6817500.36,1.1944410505265224,1.033882013612391,False,False,-0.018240766417125465,-0.04711322124922568,-0.053767603331760117,0.04351568824735952,0.3191929528836184,0.13163704753539676,0.2523553856490638,0.29781021897810217
2026-01-08,968.5,978.3499755859376,965.2999877929688,971.9500122070312,966.01171875,4410256,966.01171875,0.003251427087061387,989.3383270263672,-0.023577989085371343,1008.6347119140624,-0.042258106587644395,992.854712524414,-0.02703617501715183,947.1216326904297,0.01994473086409232,1087.465087890625,-0.11168484440839399,1087.465087890625,-0.11168484440839399,0.4134228187919463,34.782634492888576,5872065.45,6659218.66,0.7510570237257829,0.662278297976778,False,False,-0.0011817596291070487,-0.037958990429090234,-0.0625029764845283,0.054461639565496434,0.32025716890479483,0.1322291802003397,0.25095950984326043,0.28175182481751826
2026-01-09,970.0999755859376,983.0,953.7000122070312,959.5999755859376,953.7371215820312,7598970,953.7371215820312,-0.01270646818224097,987.0126190185547,-0.033713345498673775,1006.5803405761719,-0.05249776581558596,993.8302154541016,-0.04034199529116844,947.6034600830078,0.006472814586901299,1087.465087890625,-0.12297219266872117,1087.465087890625,-0.12297219266872117,0.3516778523489933,25.02561912626031,6018487.0,6703462.0,1.2626047044714062,1.1335888828787275,False,False,-0.031147502155826068,-0.04650247493351434,-0.05843109338446939,0.03931546311773837,0.3137503399761985,0.13758831236299096,0.24994548113535348,0.26423357664233577
2026-01-12,958.7999877929688,961.4000244140624,939.8499755859376,951.9000244140624,946.084228515625,5640136,946.084228515625,-0.008024111564108871,983.76259765625,-0.038300265969036906,1004.5846081542969,-0.05823340230759999,994.2943621826172,-0.04848678168220133,947.9302410888672,-0.0019474139480155639,1087.465087890625,-0.1300095616395731,1087.465087890625,-0.1300095616395731,0.32348993288590605,23.304675164406234,6081408.25,6730826.18,0.9274391338552218,0.8379559728877147,False,False,-0.02743296828866748,-0.06428781890387258,-0.10189644937055986,0.010509580112902484,0.3023934476367163,0.12969731880701987,0.23536035715430748,0.11532846715328467
2026-01-13,950.0,955.8499755859376,939.0,949.0,943.2019653320312,6765116,943.2019653320312,-0.0030465185833569164,980.5970581054687,-0.03813502443672989,1002.720068359375,-0.05935664888479364,994.7585095214844,-0.051828201212627656,948.1566973876953,-0.005225646846470644,1087.465087890625,-0.13266000367738096,1087.465087890625,-0.13266000367738096,0.3073825503355705,20.0,6221715.2,6759815.86,1.0873393883410156,1.0007840657363705,False,False,-0.02900697445923739,-0.06290113127364783,-0.10954725113840358,0.0005798841202981908,0.29816990164234647,0.12961644953902207,0.23489553116386735,0.11094890510948906
2026-01-14,947.0,953.9000244140624,943.1500244140624,945.9500122070312,940.1705932617188,4452202,940.1705932617188,-0.003213916193702371,977.9905792236328,-0.038671114799425865,1000.7889392089844,-0.06057055945799916,995.3364569091797,-0.055424337433361615,948.3792578125,-0.008655466136738399,1087.465087890625,-0.135447561737008,1087.465087890625,-0.135447561737008,0.2986577181208054,19.203753539365337,6251244.45,6766147.56,0.712210510340865,0.6580113662197459,False,False,-0.023585872627273963,-0.05253408108306612,-0.11601713590505813,-0.006928722858048353,0.30785785963840095,0.12305718793520513,0.23458798179709417,0.10656934306569343
2026-01-15,945.9500122070312,945.9500122070312,945.9500122070312,945.9500122070312,940.1705932617188,0,940.1705932617188,0.0,975.3244720458985,-0.03604326538678848,998.5815087890625,-0.05849388859420812,995.8368811035157,-0.05589900203345699,948.7011901855469,-0.008991869107025985,1087.465087890625,-0.135447561737008,1087.465087890625,-0.135447561737008,0.2986577181208054,21.56760891700651,6016466.95,6642096.76,0.0,0.0,False,False,-0.026750322989579467,-0.053671397463413206,-0.12493063641346291,-0.023081679636218322,0.30595556238330346,0.1226293737001174,0.23326344858417672,0.10072992700729927
2026-01-16,940.2000122070312,963.0,936.7999877929688,950.25,944.4442749023438,10710080,944.4442749023438,0.004545644876849941,972.8372619628906,-0.029185751996442244,996.7597058105468,-0.052485499366832,996.3909747314453,-0.05213485584120492,948.9764318847656,-0.004775837239098246,1087.465087890625,-0.1315176133752498,1087.465087890625,-0.1315176133752498,0.31543624161073824,25.475055149482387,6396771.1,6740772.82,1.6742947078409607,1.58885046062122,True,False,-0.009743614324535077,-0.05003498112566296,-0.12540265749424495,-0.00907249142931954,0.33704402865155747,0.12479496362864774,0.2331945951534905,0.09781021897810219
2026-01-19,950.5,972.9000244140624,948.8499755859376,969.4500122070312,963.5269775390624,7000442,963.5269775390624,0.020205218183668716,970.9066284179687,-0.007600783291521029,994.8285778808594,-0.03146431559945162,997.0732806396485,-0.03364477190589765,949.3758569335937,0.014905709369074982,1087.465087890625,-0.1139697372648234,1087.465087890625,-0.1139697372648234,0.4040268456375839,40.79740715412725,6490492.75,6741963.2,1.0785686495066187,1.038338803154547,False,False,0.018436782368526083,-0.03853022975255105,-0.1139697372648234,0.06095757944214597,0.3298321934537729,0.14443625965457818,0.23693470097534575,0.12700729927007298
2026-01-20,975.7000122070312,975.7000122070312,927.9000244140624,933.2000122070312,927.4984741210938,9001207,927.4984741210938,-0.03739231413114019,967.1994171142578,-0.041047318981659475,991.8111279296875,-0.06484365016436178,997.639301147461,-0.0703068002089462,949.7173294067383,-0.023395229925438965,1087.465087890625,-0.14710045917871373,1087.465087890625,-0.14710045917871373,0.25906040268456376,31.073437016843158,6744491.25,6808142.62,1.3346013311233815,1.3221237424664878,False,False,-0.016649129018099007,-0.07402262908696,-0.14365682786167444,0.05985239336132109,0.30821509771494826,0.19135713719761357,0.2478287048228758,0.23357664233576642
2026-01-21,925.0,947.2999877929688,921.0,936.25,930.5298461914062,5375254,930.5298461914062,0.0032683310591805625,963.4648742675781,-0.03418394272153302,990.4405529785156,-0.06048894767782087,998.2296722412109,-0.06781988948275397,950.0882571411133,-0.02058588852425125,1087.465087890625,-0.1443129011190868,1087.465087890625,-0.1443129011190868,0.27114093959731544,35.92974969224451,6777651.8,6440389.9,0.7930850032750281,0.834616239616176,False,False,-0.010254252940273378,-0.07430294332517928,-0.1366192931806418,0.056060021787843084,0.2976027739749201,0.19120554811637855,0.2480499813524608,0.23795620437956205
2026-01-22,947.0,947.0,934.25,942.8499755859376,937.0894775390624,5518756,937.0894775390624,0.007049350834370527,960.0434051513672,-0.023909260236713692,989.0421484375,-0.05252826786048814,998.8757006835938,-0.061855767541694306,950.5288525390625,-0.014138839619755594,1087.465087890625,-0.13828086255463046,1087.465087890625,-0.13828086255463046,0.28859060402684567,30.19962990248915,6754348.8,6328139.46,0.8170670724023018,0.872097720804655,False,False,-0.0032771879324230424,-0.068053802922725,-0.12109073252428348,0.06554782324811304,0.3208779737183267,0.19458923113294285,0.2481504302746613,0.24087591240875914
2026-01-23,942.8499755859376,951.4000244140624,926.2999877929688,927.8499755859376,922.18115234375,6535035,922.18115234375,-0.015909180022449787,956.4579467773438,-0.03583722060032524,987.5006237792969,-0.06614625840494215,999.2583483886718,-0.07713440289912077,950.833539428711,-0.030133967615589397,1087.465087890625,-0.15199010744103902,1087.465087890625,-0.15199010744103902,0.23355704697986576,29.392673213466097,6820527.55,6288760.28,0.9581421601324666,1.0391610920173284,False,False,-0.023572722234878052,-0.0721499807877708,-0.12709907059749947,0.05293918089237626,0.2547885842513362,0.19758143244242093,0.2493645704520893,0.25547445255474455
2026-01-27,930.0,931.9500122070312,907.7000122070312,914.7000122070312,909.1115112304688,15312488,909.1115112304688,-0.014172531156231516,952.318392944336,-0.045370206050816764,985.4373071289062,-0.07745373079167706,999.502846069336,-0.09043629559869881,951.1473825073242,-0.044194908223417984,1087.465087890625,-0.1640085540641234,1087.465087890625,-0.1640085540641234,0.17583892617449665,26.839157752881604,7250377.5,6507387.6,2.111957342910766,2.353092967752528,True,True,-0.05647529086064185,-0.08346694289428092,-0.13076121055480694,0.04465513204979432,0.26218911834444225,0.20091880494907685,0.25006940422169877,0.2656934306569343
2026-01-28,914.7000122070312,936.9000244140624,914.7000122070312,935.1500244140624,929.4365844726562,6046468,929.4365844726562,0.022357073902493863,949.6274383544921,-0.021261868672226347,983.6155053710937,-0.05508140183088828,999.8889727783203,-0.0704602113071644,951.4372778320312,-0.023123640277692648,1087.465087890625,-0.1453182315254823,1087.465087890625,-0.1453182315254823,0.2664429530201342,38.56608016199165,7179006.55,6508084.9,0.8422429980928211,0.9290702400025543,False,False,0.002089610285773258,-0.054735602443775844,-0.10323174596893014,0.056308639152682805,0.27200391527463297,0.22106711569538173,0.25464394980769295,0.33284671532846716
2026-01-29,935.1500244140624,939.7999877929688,923.7000122070312,935.1500244140624,929.4365844726562,6430445,929.4365844726562,0.0,947.0607177734375,-0.018609296077886195,982.0560925292968,-0.053580959842241205,999.8929486083985,-0.07046390739508657,951.769870300293,-0.02346500611601665,1087.465087890625,-0.1453182315254823,1087.465087890625,-0.1453182315254823,0.2664429530201342,37.222219142224354,7005765.3,6545450.1,0.9178790217251498,0.9824297644557707,False,False,-0.0011748808737566119,-0.05234087450133651,-0.10348959856670326,0.04849200715249169,0.2641256570649806,0.22127795377893492,0.25463511245261256,0.33138686131386863
2026-01-30,928.3499755859376,938.0,925.1500244140624,929.8499755859376,924.1688842773438,10151379,924.1688842773438,-0.005667627338234449,944.9114288330078,-0.02195184005900075,980.5503479003906,-0.057499815020997214,999.8159216308594,-0.0756609649005422,951.984605102539,-0.029218666642407798,1087.465087890625,-0.15016224928197897,1087.465087890625,-0.15016224928197897,0.24295302013422818,39.13836197657657,7157396.7,6645301.04,1.4183060441514999,1.527602577956348,False,False,-0.013788003783427483,-0.04444560983807644,-0.12029334975280737,0.06068546041230283,0.25774685664688346,0.21760880799525475,0.25281979137910177,0.29927007299270075
2026-02-02,887.0,909.4000244140624,887.0,903.7000122070312,898.1787109375,11874989,898.1787109375,-0.028122753083346663,940.6004302978515,-0.045100680367452295,978.0676098632813,-0.08168034409906333,999.41240234375,-0.10129321105966271,951.9607809448243,-0.05649609845685588,1087.465087890625,-0.17406202650632863,1087.465087890625,-0.17406202650632863,0.13691275167785236,34.49162147166818,7440802.7,6773619.36,1.5959284876616873,1.7531231633895648,True,False,-0.026027902809819037,-0.08758643455254178,-0.13264234363436567,0.027983169749362435,0.24636083971331546,0.22263934296232654,0.25724183509753346,0.3970802919708029
2026-02-03,960.0,972.7999877929688,941.9000244140624,964.4000244140624,958.5078735351562,15261370,958.5078735351562,0.06716832837719555,939.8873138427734,0.019811481034095246,977.2784619140625,-0.01920700098326411,999.5714245605469,-0.0410811574004768,952.2803366088867,0.00653960465932335,1087.465087890625,-0.11858515348351029,1087.465087890625,-0.11858515348351029,0.374496644295302,53.61163294568754,7675663.35,6952755.08,1.9882802702648497,2.195010441817548,True,False,0.05433476718145425,-0.01466156042085176,-0.09581840728504387,0.09946985396987817,0.27566969398925223,0.33585913023007613,0.28937699376507714,0.8058394160583942
2026-02-04,965.0,975.7000122070312,944.1500244140624,963.2999877929688,957.41455078125,17489015,957.41455078125,-0.0011406507803362054,939.1891052246094,0.019405512111729584,976.668212890625,-0.019713616001067913,999.5252081298828,-0.04213066064378912,952.542073059082,0.005115236229429776,1087.465087890625,-0.11959054001598923,1087.465087890625,-0.11959054001598923,0.3691275167785235,54.10650025450782,8131104.95,7111037.38,2.1508780304206994,2.459418234699253,True,True,0.030102071271993047,-0.014375620991652682,-0.11216587248267063,0.09740256878284725,0.24908207722638975,0.3358503947092837,0.2867257846898578,0.7868613138686131
2026-02-05,964.0,968.5,953.0,964.75,958.855712890625,6020258,958.855712890625,0.0015052644731574638,938.987841796875,0.02115881613092041,976.2418334960937,-0.01780923538505408,999.4705444335938,-0.04063634668291849,952.7561926269532,0.006401973884687218,1087.465087890625,-0.11826529093404359,1087.465087890625,-0.11826529093404359,0.37718120805369126,54.419366061465226,8079693.3,7103902.88,0.745109718459239,0.8474578132183024,False,False,0.03165264732360473,-0.004180442476540924,-0.04024076376588903,0.13100822553164582,0.22848144730028586,0.3344859508695952,0.24470941039461988,0.20437956204379562
2026-02-06,973.9500122070312,986.5,966.0999755859376,981.7000122070312,975.7021484375,13742927,975.7021484375,0.017569312379741353,939.47236328125,0.03856397119518462,975.6653771972656,3.7688372564792516e-05,999.2563610839844,-0.023571741510790112,953.0609649658203,0.023756280347177583,1087.465087890625,-0.10277381839440336,1087.465087890625,-0.10277381839440336,0.46174496644295304,56.978038613169865,8546326.85,7183316.72,1.6080507147933385,1.913172916591098,True,False,0.05576173904670334,0.010031379018920372,-0.031089627050908453,0.1415116644326866,0.25268862241429635,0.34014648564881655,0.24692250040246616,0.21897810218978103
2026-02-09,988.0,988.0,971.5999755859376,983.1500244140624,977.143310546875,4852548,977.143310546875,0.0014770512821795645,940.6426727294922,0.038803935729885275,974.6585656738281,0.0025493490341708114,998.9909930419922,-0.02186974922425433,953.342074584961,0.024966102510765475,1087.465087890625,-0.10144856931245771,1087.465087890625,-0.10144856931245771,0.47248322147651006,53.29962272277374,8409005.75,7038846.92,0.5770656061211518,0.6893953022635133,False,False,0.08791635634177242,0.024541551791565253,-0.02213050914946424,0.1412734672986038,0.23650517698893925,0.33643019112777245,0.24648113122341095,0.21605839416058395
2026-02-10,983.1500244140624,985.1500244140624,961.2999877929688,965.5999755859376,959.7005004882812,6166752,959.7005004882812,-0.01785082072437416,941.323486328125,0.01952252804382959,973.2293505859375,-0.013900988589700014,998.6167932128906,-0.03897019656499301,953.5468359375,0.006453447611444396,1087.465087890625,-0.11748844981329098,1087.465087890625,-0.11748844981329098,0.3825503355704698,58.575956671423896,8435336.55,7062519.02,0.7310617618451749,0.8731660732575274,False,False,0.0012442536843504381,0.014392240735288109,-0.05193916823915756,0.06672554878208459,0.15307532920294986,0.341854464011064,0.24749443328835843,0.23065693430656933
2026-02-11,965.2999877929688,974.5,961.4000244140624,968.9500122070312,963.0300903320312,3597342,963.0300903320312,0.003469405134264303,942.314892578125,0.021983307190689194,972.192724609375,-0.009424709777606344,998.2336486816406,-0.035265850230657314,953.8615914916992,0.009611980314663704,1087.465087890625,-0.11442665971002575,1087.465087890625,-0.11442665971002575,0.4,58.64165072984789,8276947.85,7005269.12,0.4346218032532367,0.5135194577649573,False,False,0.005865316697139189,0.021022141310975684,-0.05634010711165682,0.0738668622432972,0.1503112010204326,0.3416311870621294,0.24695929744637785,0.22189781021897811
2026-02-12,968.2999877929688,1002.0,965.0,999.0999755859376,992.995849609375,10346853,992.995849609375,0.031116119400809383,944.9561553955078,0.05083801395394927,971.6679504394531,0.02194978146626747,998.2594897460938,-0.0052728175296962165,954.3355599975586,0.04051016354448245,1087.465087890625,-0.0868710539153893,1087.465087890625,-0.0868710539153893,0.5409395973154363,63.21974181980039,8571680.4,7078083.28,1.2070973854788145,1.461815662615374,False,False,0.035605082453781245,0.05618688430191199,-0.014305413514155374,0.1253660722401,0.18135129632281322,0.3570573367580811,0.2541642794158603,0.32116788321167883
2026-02-13,995.0,1032.0,992.7999877929688,1024.75,1018.4891357421876,21613987,1018.4891357421876,0.025673104417144543,948.8720825195312,0.07336821738690302,971.734541015625,0.04811457528071017,998.5805163574219,0.01993691951590204,954.936994934082,0.06655113493900466,1087.465087890625,-0.06342819913624187,1087.465087890625,-0.06342819913624187,0.6523489932885906,71.68754085544501,9652379.75,7392449.62,2.239239188657077,2.92379226251663,True,True,0.043852509060482436,0.0833024804666136,0.01904337741309381,0.14420503213826796,0.21198651040757288,0.36574517983533,0.2590396102451909,0.4510948905109489
2026-02-16,1023.0499877929688,1029.300048828125,1003.2999877929688,1012.75,1006.5624389648438,4460636,1006.5624389648438,-0.011710185566832454,951.9779907226563,0.05733793089139794,971.4095397949219,0.03618751693270705,998.6426342773437,0.00793056937052472,955.7052484130859,0.05321430497133339,1087.465087890625,-0.07439562872101901,1087.465087890625,-0.07439562872101901,0.5986577181208054,72.0584675748114,9339907.55,7373563.98,0.47758888148737616,0.6049497925425202,False,False,0.03010728119450956,0.06577218552034014,-0.015409305728088518,0.13219675094267802,0.20246535920872377,0.3701011021695949,0.2559274198688628,0.36496350364963503
2026-02-17,1012.75,1016.3499755859376,1004.0,1014.1500244140624,1007.9539184570312,2913899,1007.9539184570312,0.0013824075271660075,954.1993377685546,0.056334749523285765,970.7366772460938,0.03833917279866239,998.5298278808593,0.009437966010662269,956.3648876953125,0.053942832307488864,1087.465087890625,-0.07311606627098521,1087.465087890625,-0.07311606627098521,0.6093959731543624,69.43895418768577,9135580.4,7169370.52,0.31896156263919473,0.40643721675023714,False,False,0.05027966323264321,0.046108663227509616,0.010009013090172658,0.1258326666001297,0.2313654233798057,0.36478818775335825,0.25113168803885555,0.2832116788321168
2026-02-18,1014.5499877929688,1025.699951171875,1007.0499877929688,1023.7999877929688,1017.544921875,4929647,1017.544921875,0.009515319343815332,958.70166015625,0.06137807428972186,970.6849938964843,0.04827511321712352,998.4706915283203,0.0191034454075798,957.0411190795899,0.06321964813131342,1087.465087890625,-0.06429646964690183,1087.465087890625,-0.06429646964690183,0.6469798657718121,70.82449637640285,8932002.4,7164170.76,0.5519083828280207,0.6880973618780689,False,False,0.05660760976240442,0.09708527859222094,0.02997986679513831,0.16838799035684016,0.25759031285918255,0.3333957396207418,0.2508910976517025,0.27883211678832115
2026-02-19,1024.0,1024.5,1007.0,1017.0499877929688,1010.836181640625,9866245,1010.836181640625,-0.006593065416721888,962.7169769287109,0.04998271129010878,970.6919506835937,0.04135630354074782,998.5134289550781,0.012341098605396228,957.7502359008789,0.05542775532684918,1087.465087890625,-0.07046562423317737,1087.465087890625,-0.07046562423317737,0.6187919463087248,70.34531632336963,9156551.95,7242125.64,1.0775065825952095,1.3623410432851868,False,False,0.01796616978637733,0.08630172989926876,0.031281668020201714,0.1598905406065061,0.24582356927158,0.3358444279575947,0.2507235821920359,0.2773722627737226
2026-02-20,1015.9000244140624,1036.5999755859375,1008.75,1030.199951171875,1023.90576171875,6922705,1023.90576171875,0.012929473949886194,967.0577911376953,0.058784460558635176,971.0875183105469,0.05439081690607428,998.9616729736329,0.024970015787358024,958.4313540649414,0.06831413368950812,1087.465087890625,-0.05844723373617644,1087.465087890625,-0.05844723373617644,0.6778523489932886,81.420735520676,9226749.4,7280769.2,0.7502864443245851,0.9508205534107578,False,False,0.005318295292973563,0.09264460466217184,0.019293495977096287,0.173548937758647,0.2326754135230722,0.337116108711708,0.24697123981203004,0.22335766423357664
2026-02-23,1032.449951171875,1046.0,1029.050048828125,1031.0,1024.700927734375,9452225,1024.700927734375,0.000776600782371073,972.1837799072266,0.05401977374294398,971.5765112304688,0.05467857228930528,999.3597259521484,0.025357437491372314,959.1925085449219,0.0682953824241479,1087.465087890625,-0.05771602312125235,1087.465087890625,-0.05771602312125235,0.6818791946308724,73.55018034392376,9372608.9,7376402.92,1.0084945505407785,1.2814138683194383,False,False,0.01802023209626724,0.11117097235187257,-0.0027085183722562745,0.15927360188304363,0.23608759982235483,0.3287181848170908,0.24251548564412273,0.17956204379562044
2026-02-24,1026.300048828125,1028.75,1010.2999877929688,1023.5499877929688,1017.2964477539062,6610984,1017.2964477539062,-0.007225991291761713,977.5930267333985,0.04061344540598433,971.7007470703124,0.04692360361054093,999.6047192382813,0.017698724480919248,960.0054156494141,0.05967782178159542,1087.465087890625,-0.06452495893254473,1087.465087890625,-0.06452495893254473,0.6456375838926175,70.3891648486022,8937533.7,7420988.38,0.7396877283942438,0.8908495285906916,False,False,0.009268805969995686,0.11900073333909367,-0.013445818549962851,0.1499270264762047,0.2221605953933814,0.32410122077266296,0.2428580774301127,0.1854014598540146
2026-02-25,1028.0,1034.0,1013.4000244140624,1021.0499877929688,1014.8117065429688,3182612,1014.8117065429688,-0.0024424947284772403,981.861782836914,0.033558617192382956,971.8667260742187,0.044188137443724296,999.9361810302735,0.01487647491399735,960.61919921875,0.05641414138744283,1087.465087890625,-0.06680985178897403,1087.465087890625,-0.06680985178897403,0.6322147651006711,68.91799368150403,8794340.9,7405461.08,0.3618931806475685,0.4297655427013601,False,False,-0.002686088125716246,0.09185685553657508,-4.8955076740742065e-05,0.13918327862492874,0.2135158102078767,0.31924845937902435,0.24070386717567657,0.17226277372262774
2026-02-26,1020.75,1031.199951171875,1006.0499877929688,1012.9500122070312,1006.76123046875,4336261,1006.76123046875,-0.00793297517392988,985.7280151367188,0.02133774733907101,972.155947265625,0.03559643213669483,1000.1667639160156,0.006593367017030838,961.1811077880859,0.04742095148494463,1087.465087890625,-0.07421282606728796,1087.465087890625,-0.07421282606728796,0.6040268456375839,61.16470346636054,8689631.7,7414953.96,0.49901551063435756,0.5847994503259195,False,False,-0.004031267623663015,0.08319518220811828,-0.012237936339113076,0.08365873648077127,0.20766204800739652,0.32199178851766014,0.24109905101477155,0.17518248175182483
2026-02-27,1008.9500122070312,1014.9000244140624,993.0999755859376,995.9000244140624,989.8154296875,8145772,989.8154296875,-0.01683199577854222,989.0103424072265,0.0008140332267041472,972.0824011230469,0.01824231005927701,1000.0375579833984,-0.010221744387792442,961.6389993286133,0.029300423941373666,1087.465087890625,-0.08979567187075199,1087.465087890625,-0.08979567187075199,0.5315436241610738,54.098367127787256,8589351.35,7483958.4,0.9483570607459201,1.0884309565376524,False,False,-0.033294403943996964,0.07103306173469437,-0.02496570694203326,0.062180077999531624,0.19298910524728363,0.3288920280908776,0.24341040754581605,0.18832116788321168
2026-03-02,971.0,990.4000244140624,968.0,978.25,972.2732543945312,8493269,972.2732543945312,-0.01772267310331488,992.7150695800781,-0.020591825199343217,971.6440966796876,0.0006475186922800802,999.6568981933593,-0.027393042401165246,961.9560137939453,0.010725272728318247,1087.465087890625,-0.10592692563540895,1087.465087890625,-0.10592692563540895,0.44161073825503355,54.063619018159955,8420265.35,7591743.84,1.008669993992529,1.1187507348772716,False,False,-0.05116387808466405,0.0824942102888333,-0.049412033589214754,0.03595259794473327,0.17222997385653915,0.31744475661767346,0.24542969290754274,0.20875912408759123
2026-03-04,967.0,967.0,941.2999877929688,945.0999755859376,939.3257446289062,8964293,939.3257446289062,-0.033887088446285185,991.7559631347656,-0.05286604815577478,970.3878186035156,-0.03200995867746026,998.8811663818359,-0.059622128995236,962.1189239501953,-0.0236906049282416,1087.465087890625,-0.13622445898384394,1087.465087890625,-0.13622445898384394,0.2953020134228188,43.5696763545715,8105411.5,7668509.52,1.105963960003758,1.1689746197250597,False,False,-0.07664501659978451,-0.02001248965801683,-0.09818701163972321,-0.003479617611146457,0.13816566150318144,0.24603617551353915,0.2513572025990461,0.2875912408759124
2026-03-05,958.0,968.25,945.9000244140624,962.4000244140624,956.5200805664062,6181254,956.5200805664062,0.018304976772773207,991.7112396240234,-0.035485288107613644,969.4853662109375,-0.013373369105305621,998.2679364013671,-0.04182029123910036,962.3240362548828,-0.006031186450526582,1087.465087890625,-0.12041306776865368,1087.465087890625,-0.12041306776865368,0.361744966442953,39.368483822499186,7540023.45,7713709.86,0.8197924105925691,0.8013334844305383,False,False,-0.05744082926983296,-0.0009342559230104408,-0.06235388192807201,-0.0057337897643833236,0.1407248667666694,0.2552884103224349,0.25143782603098375,0.2905109489051095
2026-03-06,960.0,961.5,946.5999755859376,950.2000122070312,944.3945922851562,6560051,944.3945922851562,-0.012676668820240433,990.98818359375,-0.04701730260761061,968.2688439941406,-0.02465663524863848,997.5359362792968,-0.053272611102465284,962.5558126831055,-0.018867706327932554,1087.465087890625,-0.13156330000716165,1087.465087890625,-0.13156330000716165,0.31342281879194633,26.578697267268666,7567013.1,7750670.02,0.8669274009846766,0.8463850200140504,False,False,-0.06194779486547741,-0.01508164410041779,-0.06540773132575994,-0.020664766052343686,0.0982415102551657,0.2591693018957728,0.2519899742049212,0.2948905109489051
2026-03-09,921.7999877929688,941.0999755859376,909.0499877929688,938.0499877929688,932.31884765625,9182152,932.31884765625,-0.012786757492635026,988.8190185546875,-0.05713904146081383,966.80484375,-0.03567006962851704,996.5549670410156,-0.06445817993913205,962.6686038208007,-0.03152669157807109,1087.465087890625,-0.14266778948767433,1087.465087890625,-0.14266778948767433,0.2778523489932886,26.55367623673635,7338974.35,7814616.74,1.2511492154213621,1.1749970990899805,False,False,-0.058088185238133305,-0.044463672495468454,-0.07151336983591228,-0.06498877199004816,0.10645368150839363,0.2532239568640754,0.25292162740939184,0.3021897810218978
2026-03-10,950.0,952.1500244140624,931.8499755859376,939.7999877929688,934.05810546875,8474956,934.05810546875,0.0018655182364619716,986.6647583007813,-0.05331765667056931,965.6081994628906,-0.032673804977722876,995.7663146972657,-0.06197057313319165,962.8190237426758,-0.029871572501887433,1087.465087890625,-0.14106842061425728,1087.465087890625,-0.14106842061425728,0.28053691275167786,26.714653830427324,7520094.75,7879886.66,1.1269746302066208,1.0755174998925683,False,False,-0.039304947197770224,-0.04409302567298101,-0.06617654731168932,-0.06936673174496077,0.09598461457149732,0.2533015148621224,0.2529281435980792,0.30364963503649633
2026-03-11,932.2000122070312,941.25,890.0,893.6500244140625,888.1901245117188,11172537,888.1901245117188,-0.049106132357807364,983.0892395019531,-0.0965315366876679,963.5339501953125,-0.07819529936472014,994.1139715576172,-0.10655100931730477,962.6884213256836,-0.07738567865122548,1087.465087890625,-0.1832472284378741,1087.465087890625,-0.1832472284378741,0.10067114093959731,16.823847831225535,7770384.0,7969027.62,1.437835890735902,1.4019950152964835,False,False,-0.05443864432501988,-0.07451322151043904,-0.12154722213385305,-0.1092449314805537,0.04725087511948978,0.299171061671546,0.2701754522308288,0.6452554744525547
2026-03-12,880.0999755859375,888.2000122070312,858.3499755859375,863.0999755859375,857.8267211914062,15508258,857.8267211914062,-0.034185702455321376,977.8290710449219,-0.12272323804535634,961.02537109375,-0.10738389745620613,992.0998522949219,-0.13534235570433306,962.3931430053711,-0.10865250087653766,1087.465087890625,-0.2111684956660561,1087.465087890625,-0.2111684956660561,0.024161073825503355,15.003393693899696,8365929.8,8129715.04,1.8537399154365364,1.907601671607914,True,False,-0.103179600073381,-0.10924203739506544,-0.14772394509513087,-0.14332511541945947,0.04645993945488547,0.31656535288164495,0.2780746955262173,0.7416058394160584
2026-03-13,861.0,868.3499755859375,848.7999877929688,855.0499877929688,849.825927734375,6668639,849.825927734375,-0.009326817711995727,970.6705749511718,-0.12449604462654673,958.4064697265625,-0.1132927890430101,989.9624914550782,-0.14155744781272073,962.1065756225586,-0.11670292120758985,1087.465087890625,-0.2185257833124582,1087.465087890625,-0.2185257833124582,0.016107382550335572,9.239020452775918,8182019.1,8065182.42,0.8150358632137635,0.8268429221716228,False,False,-0.10013681285695741,-0.1441797787285014,-0.14357978295525753,-0.14194683817112141,0.02287647432624529,0.28540885579213426,0.27739251716649216,0.7357664233576642
2026-03-16,850.0999755859375,881.9000244140625,850.0999755859375,878.1500244140625,872.7848510742188,8982957,872.7848510742188,0.027016030684133163,963.3853607177734,-0.09404389285721804,956.5190734863281,-0.08754056738974814,987.9463848876953,-0.11656658253430174,961.8870770263671,-0.0926327300576738,1087.465087890625,-0.1974134518955687,1087.465087890625,-0.1974134518955687,0.04563758389261745,17.77357643354904,7550467.6,8102466.54,1.1897219451680052,1.1086694348755681,False,False,-0.06385583293922825,-0.14305924290669247,-0.12149850851349897,-0.11516948626058998,0.05130433516798272,0.28751728449052727,0.2838068813707127,0.7708029197080292
2026-03-17,878.1500244140625,881.0499877929688,859.5499877929688,868.5999755859375,863.2931518554688,7941385,863.2931518554688,-0.010875187862240843,956.2218963623047,-0.09718324257200028,954.096962890625,-0.09517251869249033,985.7806982421876,-0.12425435657761874,961.651524963379,-0.10228068125993539,1087.465087890625,-0.20614173138191172,1087.465087890625,-0.20614173138191172,0.026845637583892617,17.61756646176876,7724505.05,8137156.86,1.0280768733525523,0.9759409996183851,False,False,-0.07576076177591584,-0.14233522090960815,-0.13166047262950997,-0.13700945316720914,0.047586773006911054,0.28737158443470545,0.28432741601293815,0.7781021897810219
2026-03-18,876.0999755859375,893.9500122070312,858.2000122070312,880.0999755859375,874.7228393554688,12375517,874.7228393554688,0.013239636472772043,949.5603424072266,-0.07881279336291314,952.136015625,-0.08130474532960064,983.6532757568359,-0.11074068382230984,961.462933959961,-0.09021678479817963,1087.465087890625,-0.19563133649450404,1087.465087890625,-0.19563133649450404,0.049664429530201344,21.611274074960946,8197585.95,8173384.06,1.5096538268073907,1.5141240041031427,True,False,-0.015162615283133896,-0.1321797322892615,-0.12714476398643138,-0.14178455547917768,0.0617300185046703,0.2952026202647731,0.28533107468746166,0.781021897810219
2026-03-19,868.2000122070312,869.9000244140625,826.7000122070312,832.2000122070312,827.1155395507812,11585591,827.1155395507812,-0.054425582210436474,940.0388732910156,-0.1201262383383116,949.250751953125,-0.12866485715291265,981.0935107421875,-0.1569452549685335,961.0671173095703,-0.13937796366790245,1087.465087890625,-0.23940956931762136,1087.465087890625,-0.23940956931762136,0.008053691275167786,18.625235232253942,8530383.15,8237492.22,1.358155993262741,1.4064463662704376,False,False,-0.03580114827615921,-0.18714592174792655,-0.1742409350265316,-0.1918426654508838,-0.013094424519112025,0.3328981860566723,0.3047745046460301,0.8364963503649635
2026-03-20,836.7000122070312,841.9500122070312,819.25,830.5499877929688,825.4755859375,14881843,825.4755859375,-0.001982738244975968,930.7708435058594,-0.11312694021629666,946.5026440429688,-0.12786763868773143,978.5705200195313,-0.15644752314731047,960.7324243164062,-0.1407851290905957,1087.465087890625,-0.24091762105329795,1087.465087890625,-0.24091762105329795,0.006711409395973154,19.67723364489349,8781163.05,8394159.26,1.6947462329605643,1.77288070657835,True,False,-0.028653328878530115,-0.18337352685800956,-0.1788115949350364,-0.17990622937765766,-0.007565040756002173,0.33394191963845693,0.30447498839201087,0.8335766423357664
2026-03-23,818.0999755859375,818.7999877929688,787.9000244140625,812.5999755859375,807.63525390625,15835828,807.63525390625,-0.02161218615689109,919.9573181152343,-0.12209486461731134,943.3351147460937,-0.1438511709344864,975.9849133300781,-0.17249207147005585,960.3045541381836,-0.15898008561351162,1087.465087890625,-0.2573230507355099,1087.465087890625,-0.2573230507355099,0.0026845637583892616,19.655607105195827,9226819.2,8622670.7,1.7162824649257244,1.836534010280597,True,False,-0.07464565532706369,-0.21122110637356284,-0.1967975080884481,-0.17510915127724624,-0.047108663836717635,0.3250629748177227,0.3067341527441636,0.8408759124087591
2026-03-24,830.0,854.0,817.5999755859375,849.0,843.8129272460938,18828248,843.8129272460938,0.04479456928714409,910.9129180908203,-0.07366235510784191,941.136630859375,-0.10341081243901074,973.8584857177734,-0.13353640223798102,960.0839105224609,-0.1211050221777954,1087.465087890625,-0.2240551566737169,1087.465087890625,-0.2240551566737169,0.013422818791946308,32.60319805123338,9695620.35,8847256.26,1.9419332977492256,2.128145432514012,True,False,-0.02256501695571933,-0.17652760487708996,-0.15099995400364497,-0.143246348502435,-0.004424306855832061,0.38015812434612006,0.3217541923935889,0.8963503649635036
2026-03-25,862.0499877929688,888.7999877929688,853.2999877929688,882.75,877.356689453125,15995501,877.356689453125,0.03975260525636437,903.9159301757812,-0.029382423559557558,939.762080078125,-0.06640552108658404,972.173344116211,-0.09753060525361601,959.8135720825195,-0.08590926928704157,1087.465087890625,-0.19320932761625564,1087.465087890625,-0.19320932761625564,0.05771812080536913,36.39158926807629,10164846.2,9054363.56,1.5736097413849706,1.766606884515249,True,False,0.003011068168286224,-0.13756045114455562,-0.11548099565007963,-0.11627796602333651,0.01722140401996941,0.4183598833673268,0.3332177597960651,0.9138686131386862
2026-03-27,875.0,875.1500244140625,841.25,843.7999877929688,838.6446533203125,11282824,838.6446533203125,-0.04412348660262966,895.1075775146485,-0.06307948408962272,937.6709338378906,-0.1056087769642845,970.1955010986328,-0.13559210244672792,959.2323947143555,-0.1257127491299458,1087.465087890625,-0.22880774504030643,1087.465087890625,-0.22880774504030643,0.009395973154362415,33.34376706978189,10569856.8,9144717.72,1.0674528722092052,1.2338077943427213,False,False,0.013938939867812028,-0.17359580312960954,-0.1470736721275513,-0.14569206113454147,-0.021842324617964204,0.4379847465579597,0.34406849285095814,0.9167883211678832
2026-03-30,831.0,834.9000244140625,799.0,801.5499877929688,796.6527709960938,20377282,796.6527709960938,-0.050071126260648025,884.6021545410156,-0.09942252920529593,934.8005773925781,-0.1477831847107085,967.7947583007813,-0.17683706781505237,958.4959219360352,-0.1688511627812037,1087.465087890625,-0.26742220980962705,1087.465087890625,-0.26742220980962705,0.0013422818791946308,30.47209712218269,11371907.85,9463219.32,1.7918965110150802,2.1533139316483685,True,False,-0.034916617077986545,-0.20869740819760152,-0.1877280484750966,-0.19014904086613205,-0.0954610887100128,0.46137938825938196,0.3576612560049262,0.927007299270073
2026-04-01,832.7999877929688,842.0499877929688,814.7999877929688,817.2999877929688,812.3065795898438,15094026,812.3065795898438,0.01964947485738011,875.7267120361328,-0.07242000452268071,932.2432971191406,-0.12865388026916424,965.4124029541016,-0.1585911087280043,957.8737466430664,-0.15196905392111715,1087.465087890625,-0.25302744094020624,1087.465087890625,-0.25302744094020624,0.004026845637583893,33.1499414025445,11719320.55,9765099.84,1.2879608451361968,1.545711385169002,False,False,0.005783954651558565,-0.17933530310160806,-0.16010684682221776,-0.18990984566335745,-0.0953370145225777,0.4735198703234869,0.3599816461735087,0.92992700729927
2026-04-02,809.0,830.0499877929688,792.4500122070312,826.8499755859375,821.7982177734375,9113618,821.7982177734375,0.011684797860909146,868.2029602050782,-0.05344918706644286,929.7903759765625,-0.11614677995532097,963.2750408935547,-0.1468706414202119,957.3271069335938,-0.14157009467147308,1087.465087890625,-0.24429921757994655,1087.465087890625,-0.24429921757994655,0.005369127516778523,39.78280770114417,11750338.0,9733170.6,0.7756047528164721,0.936346271378414,False,False,-0.02608956175215804,-0.15476619966760252,-0.1651774498480567,-0.18661159479159517,-0.08246478969699,0.4781542334496809,0.3587064631034685,0.9284671532846716
2026-04-06,828.9000244140625,853.0,814.25,850.8499755859375,845.6515502929688,12504591,845.6515502929688,0.029025777865713698,863.5192504882813,-0.020691721910321204,927.4328674316406,-0.08818030933619014,961.13072265625,-0.12014928837581496,956.9183694458007,-0.11627618687816832,1087.465087890625,-0.22236441453647604,1087.465087890625,-0.22236441453647604,0.01476510067114094,48.08802679473092,11927352.9,9843253.58,1.0483961617334219,1.2703717219484658,False,False,-0.03613711451829105,-0.09972493021890372,-0.13067695947017255,-0.1684015698578082,-0.03440638819272379,0.48497103772829625,0.3640254329964675,0.9343065693430657
2026-04-07,848.0,862.7999877929688,844.4500122070312,855.0999755859375,849.8756103515625,11569047,849.8756103515625,0.004995036143587095,858.1870269775391,-0.009684854658370545,925.88041015625,-0.08208921905136868,958.8457690429688,-0.1136472227438311,956.5064016723633,-0.11147943300156349,1087.465087890625,-0.21848009668054624,1087.465087890625,-0.21848009668054624,0.0174496644295302,50.0078957527834,12196742.55,9894610.38,0.9485358039306978,1.169227140402066,False,False,0.013391794709219251,-0.11149213945586367,-0.1250831523256355,-0.16502295077799145,-0.04443501836381525,0.47882603129663065,0.36431190402103153,0.9357664233576642
2026-04-08,890.0,926.0,881.0,915.0499877929688,909.4593505859376,13826150,909.4593505859376,0.07010877769480572,856.4402648925782,0.061906344046084305,925.4590002441406,-0.017288339790290208,957.9497766113282,-0.050618964803062605,956.46689453125,-0.049147068460064225,1087.465087890625,-0.1636886915146566,1087.465087890625,-0.1636886915146566,0.17718120805369128,55.22070449513628,12560047.5,10063628.3,1.1008039579468152,1.3738732778912353,False,False,0.14160068689498972,-0.03699220853720231,-0.05548103232778301,-0.10626555352090628,0.02921701747321226,0.5475164182957951,0.3927741070135517,0.981021897810219
2026-04-09,902.0,913.4000244140624,891.4000244140625,903.25,897.7314453125,9457820,897.7314453125,-0.012895469452132935,854.7108947753907,0.050333452867024286,924.6718395996094,-0.02913508677713683,956.8569940185547,-0.06179141614228323,956.3886254882813,-0.061331950854009776,1087.465087890625,-0.17447331844570257,1087.465087890625,-0.17447331844570257,0.1342281879194631,54.871361158302975,12573830.9,10142409.58,0.7521828530396413,0.9325022742771151,False,False,0.10516333102434006,-0.0370982549915182,-0.07068265540903929,-0.12876775554467235,0.044840883817930166,0.547546755523866,0.3934821965179426,0.9824817518248176
2026-04-10,915.75,927.2999877929688,912.2999877929688,924.5499877929688,918.9013061523438,9491544,918.9013061523438,0.02358150753255006,853.9530548095703,0.07605599743097913,924.6062426757812,-0.006170125465438714,956.053433227539,-0.03885988563397913,956.5081408691407,-0.039316795236708724,1087.465087890625,-0.15500615478630897,1087.465087890625,-0.15500615478630897,0.2214765100671141,56.08154796072964,12624660.3,10201539.76,0.7518256946683943,0.9304030786819185,False,False,0.11815928323864622,-0.01622682703320677,-0.03652559457044402,-0.0928224575276444,0.07305123288130111,0.5546048074219294,0.39586022857385655,0.9883211678832117
2026-04-13,896.1500244140625,905.9000244140624,881.0999755859375,898.9500122070312,893.457763671875,10723313,893.457763671875,-0.027689091646856845,854.2164367675781,0.04593838893195401,924.2931677246094,-0.033361064572882015,954.8652374267579,-0.0643100946059868,956.4780758666992,-0.06588787948716879,1087.465087890625,-0.17840326680746077,1087.465087890625,-0.17840326680746077,0.11812080536912752,59.726072112904106,12602199.1,10109756.26,0.8509080768292258,1.0606895679995356,False,False,0.05653181072315694,0.005930756281547378,-0.055625559815450254,-0.151853962146566,0.05240155113784928,0.5344185122432815,0.3995302864702259,0.9927007299270073
2026-04-15,925.0,925.0,911.0999755859376,913.1500244140624,907.5709838867188,5975197,907.5709838867188,0.01579618062396393,856.7036499023437,0.05937564756514502,923.8558557128906,-0.017627069986589694,953.7356805419922,-0.04840407840151151,956.4663977050782,-0.051120890326809,1087.465087890625,-0.16542517640989285,1087.465087890625,-0.16542517640989285,0.1704697986577181,61.61091595344967,12125546.05,10108330.84,0.4927775603144899,0.5911160897460297,False,False,0.06788684465399575,0.05798870735365336,-0.03777661917060304,-0.1431855455215647,0.05379105295033848,0.5202415203296377,0.40090997718927324,0.9941605839416059
2026-04-16,919.0,932.5999755859376,904.0,905.9000244140624,900.3652954101562,11805227,900.3652954101562,-0.007939531567772051,859.2306182861328,0.04787384928864946,923.2744299316406,-0.024812919949684487,952.6652612304688,-0.054898575552929874,956.4137216186523,-0.05860269979568955,1087.465087890625,-0.17205130956745418,1087.465087890625,-0.17205130956745418,0.14630872483221477,63.521750390934756,12382375.45,10215826.48,0.9533895210712579,1.1555821766463676,False,False,-0.00999940807681221,0.0594702585863891,-0.042338377882535805,-0.1534435364467961,0.06383039331821871,0.5198169338119956,0.4011720991384399,0.9956204379562044
2026-04-17,902.1500244140624,910.4500122070312,895.7999877929688,908.25,902.700927734375,6035241,902.700927734375,0.002594094126156632,860.7264221191406,0.048766372841084094,922.8450708007813,-0.021828304342490057,951.6977093505859,-0.0514835552663514,956.3155749511719,-0.05606376035393379,1087.465087890625,-0.1699035327328441,1087.465087890625,-0.1699035327328441,0.1563758389261745,59.52725765318969,12234989.65,10133503.72,0.4932771643170127,0.5955729791748672,False,False,0.005535600259769291,0.034276576436146566,-0.03985411349375523,-0.15980575014474896,0.0358519004115434,0.5122759170105895,0.4012185887415997,0.997080291970803
2026-04-20,908.25,920.9000244140624,898.0,917.75,912.1428833007812,6184179,912.1428833007812,0.010459671942626647,863.1689086914063,0.056737417342361374,923.1243542480469,-0.011895982265803018,950.5959820556641,-0.040451568785014214,956.1478561401367,-0.04602318831419927,1087.465087890625,-0.16122099600449635,1087.465087890625,-0.16122099600449635,0.18926174496644296,56.1039482345109,12147129.35,10019687.52,0.5091062111724364,0.6172027807909124,False,False,-0.007354895249699456,0.05658533412470623,-0.03420147960016218,-0.15531518066231165,0.057044571210315365,0.5106595902126726,0.4017104972274649,0.9985401459854014
2026-04-21,919.5,945.9500122070312,919.0,938.8499755859376,933.1139526367188,6713975,933.1139526367188,0.022990991564884267,866.0884643554688,0.07738873225973442,922.6164758300781,0.011377942061132185,949.9474688720703,-0.017720470643854624,956.1073550415039,-0.02404897555022678,1087.465087890625,-0.1419366349988337,1087.465087890625,-0.1419366349988337,0.2791946308724832,67.67715298914439,11864052.25,9848739.62,0.5659090889455582,0.6817090571026794,False,False,0.04438507400939384,0.06675384550868135,-0.03156426920190791,-0.1419366349988337,0.05888644778964314,0.5143501437271749,0.4023569023305068,1.0
2026-04-22,938.0,946.3499755859376,930.1500244140624,934.75,929.0390014648438,5759028,929.0390014648438,-0.004367045590048635,871.1846374511719,0.06640884323090979,922.04896484375,0.007580982016804461,949.3585888671874,-0.021403490357199795,956.0986584472656,-0.028302159764942658,1087.465087890625,-0.14568383683294428,1087.465087890625,-0.14568383683294428,0.2644295302013423,78.86868081350248,11572724.1,9614139.88,0.49763806258891113,0.5990164561658115,False,False,0.02365436749221206,0.12322759885447043,0.0016609486556944386,-0.1422344858210982,0.028900432592594116,0.4678681886404,0.39494931749787276,0.9854014598540146
2026-04-23,926.0999755859376,929.8499755859376,909.3499755859376,918.3499755859376,912.7391967773438,9143598,912.7391967773438,-0.017544801307372015,875.547817993164,0.042477838468521156,921.1266345214843,-0.009105629377982094,948.6842340087891,-0.03788935869583798,956.0077172851562,-0.04525959333328944,1087.465087890625,-0.16067264416938676,1087.465087890625,-0.16067264416938676,0.1919463087248322,71.83921653777605,11285811.85,9676606.68,0.8101852238481186,0.9449178107960465,False,False,0.013743201154316598,0.10571313352742906,-0.019118838032845864,-0.1531261290750051,0.02028003817679025,0.47470568687908854,0.3965880210475957,0.9912408759124087
2026-04-24,920.0,924.7000122070312,909.7999877929688,921.5499877929688,915.9196166992188,3982355,915.9196166992188,0.003484478296871929,880.9620361328125,0.03968114303751458,919.9309838867188,-0.004360508840078325,947.7981805419922,-0.03363433745414446,956.0005114746094,-0.04192559971915366,1087.465087890625,-0.15774802621402406,1087.465087890625,-0.15774802621402406,0.2040268456375839,71.04445430043326,10693138.2,9481395.24,0.3724215403855905,0.4200178242965009,False,False,0.014643486628534319,0.1340758247850562,-0.02259107731679888,-0.14094623974027842,0.011990662382519224,0.4639604103222628,0.39638399432150856,0.9897810218978103
2026-04-27,923.0499877929688,928.9500122070312,908.2999877929688,921.7999877929688,916.1680908203124,7813458,916.1680908203124,0.00027128376394980336,884.5797943115234,0.03570994579790776,918.7114794921876,-0.0027684302728872012,946.6850225830078,-0.03223557047457104,956.0584054565429,-0.04172372148873249,1087.465087890625,-0.15751953692838117,1087.465087890625,-0.15751953692838117,0.20536912751677852,67.62734377884567,10142398.7,9540613.44,0.7703757494763049,0.8189680935233448,False,False,0.00441291336392946,0.08574787282574614,-0.0065204775744497345,-0.13279080153238476,0.0001487846863044151,0.44188498720790187,0.395008036443735,0.9868613138686131
2026-04-28,921.7999877929688,929.9000244140624,914.3499755859376,923.6500244140624,918.0068359375,7119135,918.0068359375,0.0020069953708399257,886.6123016357421,0.03540954061187396,917.8776062011718,0.00014079190455795754,945.5534783935547,-0.029132823352154502,956.0502059936523,-0.039792230384608995,1087.465087890625,-0.15582868253897342,1087.465087890625,-0.15582868253897342,0.2174496644295302,67.23662868910071,9698580.4,9559661.1,0.734038870266003,0.7447057929700039,False,False,-0.016190001935487364,0.046332520140369704,0.009784635434867184,-0.12225602589424045,0.003562900833016247,0.42178834083498035,0.39388472800422186,0.983941605839416
2026-04-29,925.0,937.0,916.5999755859376,930.0,924.3179931640624,5438997,924.3179931640624,0.006874847745678592,890.8959686279297,0.0375150698993576,917.1033642578125,0.00786675655921143,944.6480444335938,-0.021521297153291874,956.0767922973632,-0.033217832907529776,1087.465087890625,-0.15002513326015998,1087.465087890625,-0.15002513326015998,0.24563758389261744,55.14629842121321,9406389.05,9596494.2,0.5782236914812703,0.5667691645142661,False,False,-0.005081603994383066,0.10215690221663842,-0.005507198010177405,-0.10817042631312035,0.003688269698475022,0.3840145516352544,0.39147977747905344,0.9766423357664233
2026-04-30,945.0,975.0,933.9000244140624,937.0,931.2752685546876,27364272,931.2752685546876,0.0075269284402974534,897.6270935058594,0.03748569455207584,915.8689526367187,0.016821528749954018,943.768451538086,-0.013237550972421075,956.1232565307618,-0.025988268569298922,1087.465087890625,-0.14362743326215788,1087.465087890625,-0.14362743326215788,0.2758389261744966,62.014969358201256,9755738.55,9936842.58,2.804941097975611,2.753819614197813,True,True,0.02030817986429212,0.16898516199255642,0.0019782781447910125,-0.10171605163297004,0.013634898185855837,0.32387722960361653,0.3917666889691137,0.9795620437956204
2026-05-01,937.0,937.0,937.0,937.0,931.2752685546876,0,931.2752685546876,0.0,903.5755279541015,0.03065570031904752,914.1246752929687,0.018761766009895986,942.9296081542968,-0.01235971327957508,956.1053668212891,-0.025970043813426824,1087.465087890625,-0.14362743326215788,1087.465087890625,-0.14362743326215788,0.2758389261744966,55.224522929041775,9001037.25,9504562.84,0.0,0.0,False,False,0.016765283301614753,0.1464578669606671,0.007689486627653341,-0.11352885722947392,0.0346595018584932,0.32203312573236453,0.39156815437458015,0.9781021897810219
2026-05-04,938.0999755859376,966.0,938.0999755859376,950.2000122070312,944.3945922851562,7503756,944.3945922851562,0.01408748215855593,909.7053466796875,0.03813239719001338,912.881318359375,0.03452066910780549,942.1454290771485,0.0023872781617280125,956.1180386352539,-0.012261505249740456,1087.465087890625,-0.13156330000716165,1087.465087890625,-0.13156330000716165,0.31342281879194633,74.0046769698068,8920544.15,9565425.24,0.8411769364988794,0.7844665356456227,False,False,0.030809304261590897,0.14918062835896473,0.05145510663397612,-0.08801236293627634,0.05142767018316752,0.32260436847540686,0.38796253452456114,0.9751824817518249
2026-05-05,950.2000122070312,961.0999755859376,933.1500244140624,958.5999755859376,952.7432861328124,7290077,952.7432861328124,0.008840260115694498,915.0599334716796,0.041181294560854065,911.7771057128906,0.044930038452645205,941.2568914794922,0.012203251585510833,956.242771911621,-0.0036596206335895998,1087.465087890625,-0.12388609368520953,1087.465087890625,-0.12388609368520953,0.34630872483221475,72.5111460289477,8659818.45,9652948.8,0.841827925387974,0.7552176180609182,False,False,0.037838988595154,0.12663813576968264,-0.006014126290984967,-0.10125626957361555,0.06072256428042544,0.3122563684773807,0.36317945536652935,0.9313868613138686
2026-05-06,965.0,984.0,965.0,980.75,974.7579345703124,7771237,974.7579345703124,0.023106589947075484,921.3040496826172,0.058019808885144464,910.9213659667969,0.07007912097413938,940.8031799316407,0.03609124135947206,956.550380859375,0.019034599823774645,1087.465087890625,-0.10364208890506332,1087.465087890625,-0.10364208890506332,0.4563758389261745,82.30469406394629,8469927.95,9709780.6,0.9175092215512884,0.8003514518134427,False,False,0.0545699010289602,0.14694188502137462,0.018114811159815947,-0.09608292492145432,0.1428590852252014,0.3179275522644002,0.36619644616177743,0.9445255474452555
2026-05-07,992.25,992.25,969.0,972.75,966.8068237304688,7873561,966.8068237304688,-0.008157010636028916,924.1714233398437,0.0461336493575466,910.0407788085937,0.062377473893194146,940.3663647460937,0.028117189188826552,956.770775756836,0.01048950096295953,1087.465087890625,-0.11095368991955334,1087.465087890625,-0.11095368991955334,0.42013422818791946,76.54320738056698,8172298.5,9669926.92,0.9634451066612411,0.8142316963859744,False,False,0.03815365485966904,0.06305666449807124,0.00829229125190678,-0.03228216064732814,0.103627923477847,0.21765492825347432,0.36662517437735903,0.9518248175182482
2026-05-08,971.0,971.9500122070312,951.0,955.3499755859376,949.5131225585938,5555386,949.5131225585938,-0.01788744219361882,926.7605072021485,0.024550695869782535,908.5529260253907,0.04508289540422261,939.8202221679687,0.010313568661318495,956.9377493286133,-0.007758735377749182,1087.465087890625,-0.12685645439856752,1087.465087890625,-0.12685645439856752,0.33557046979865773,64.5285828726765,7977176.8,9642580.54,0.696410038197975,0.5761306298614541,False,False,0.019583741370272634,0.05768058757044936,-0.026841209605662608,-0.0570963534603357,0.07618109573043097,0.22318728520765452,0.3667340727485961,0.9532846715328467
2026-05-11,946.0,956.0,933.5499877929688,936.0499877929688,930.3310546875,5581022,930.3310546875,-0.02020200396957661,927.3319946289063,0.0032340737470120118,906.6655285644531,0.0261017159883834,939.1210198974609,-0.009359779010079672,957.0011099243164,-0.027868363955111386,1087.465087890625,-0.14449570377281773,1087.465087890625,-0.14449570377281773,0.2697986577181208,48.90281905357766,7781650.7,9565156.48,0.717202842322388,0.5834741973818707,False,False,-0.01489159056240108,0.012438494165402103,-0.04790725715880484,-0.06897755431539032,0.0705607973532063,0.2234927452644025,0.3689971805281383,0.9605839416058394
2026-05-12,928.0,932.6500244140624,901.75,904.2000122070312,898.6756591796875,7174645,898.6756591796875,-0.03402594737466391,927.5928894042969,-0.031174484577151218,904.2931127929687,-0.006211983187543457,937.9969299316406,-0.041920468497502195,956.8132647705078,-0.06076170526833635,1087.465087890625,-0.17360504793504283,1087.465087890625,-0.17360504793504283,0.1395973154362416,40.16736352053975,7604217.3,9576429.7,0.9435086764288022,0.7491983155267146,False,False,-0.05674941795977961,0.005840114351201464,-0.06358738093555771,-0.1122238734984159,0.012384534863829177,0.2350087547945897,0.37369507095998,0.9708029197080292
2026-05-13,902.0,907.4000244140624,890.0499877929688,896.1500244140625,890.6748657226562,7422952,890.6748657226562,-0.00890287099167053,926.7480834960937,-0.03892451294569044,901.8103759765625,-0.012347950911351657,936.8385510253906,-0.04927603080830434,956.5533624267578,-0.06887069691226533,1087.465087890625,-0.18096233558144492,1087.465087890625,-0.18096233558144492,0.11140939597315436,42.44898760596423,7676605.05,9661236.5,0.9669576527191536,0.7683231851326691,False,False,-0.08626046104946172,-0.018616855831710244,-0.07513288041127408,-0.1272399929929524,0.020865855928718036,0.2298384590897533,0.37394837236579864,0.9737226277372263
2026-05-14,902.9000244140624,915.0,889.0,912.1500244140624,906.5770874023438,6815238,906.5770874023438,0.017854126451390506,927.0586730957032,-0.02209308459945236,899.8066931152343,0.007524276423938936,935.9813201904296,-0.0314154055789313,956.3525967407227,-0.052047236038272215,1087.465087890625,-0.16633913355246455,1087.465087890625,-0.16633913355246455,0.16375838926174496,47.05883483221285,7427105.6,9710816.04,0.9176169516157142,0.7018192880935268,False,False,-0.06229759125584755,0.006899190832713842,-0.08702832166018282,-0.10008875904554637,0.06067760471894079,0.23738260749803478,0.37004663802473003,0.962043795620438
2026-05-15,913.0,921.5999755859376,907.3499755859376,910.4500122070312,904.887451171875,5012279,904.887451171875,-0.0018637535119160331,927.1679992675781,-0.024030756144845178,898.1081335449219,0.007548442524615062,935.0952673339843,-0.032304533257059176,956.0651138305664,-0.053529474005847955,1087.465087890625,-0.1678928719200531,1087.465087890625,-0.1678928719200531,0.15838926174496645,46.48062402838324,7375957.5,9648146.18,0.6795428254568983,0.5195069505051798,False,False,-0.04699847777402877,0.002422201385111844,-0.11153941714609394,-0.09462012695014965,0.014385277366815608,0.23737611036442816,0.3657682225140513,0.9401459854014599
2026-05-18,900.0,925.0,890.7000122070312,921.0999755859376,915.4723510742188,6387223,915.4723510742188,0.01169747672888577,927.33447265625,-0.012791632287812438,896.9721154785157,0.020625207045409155,934.3081060791015,-0.02016011086955949,955.8770196533203,-0.04226973527803357,1087.465087890625,-0.158159318153398,1087.465087890625,-0.158159318153398,0.20134228187919462,49.25020087935502,7386109.7,9606025.26,0.8647614589314859,0.6649184055966141,False,False,-0.015971415270311873,0.003650160336053032,-0.09049621202267666,-0.10451103395247374,0.023583762911749462,0.23812325729571374,0.3661797856408382,0.9430656934306569
2026-05-19,927.5999755859376,930.0,920.0999755859376,923.5499877929688,917.9074096679688,8313548,917.9074096679688,0.0026598931042458585,926.5741455078125,-0.0093535265168595,896.5437487792968,0.0238289106557934,933.4657836914063,-0.01666732117583536,955.9257202148438,-0.039771197429786076,1087.465087890625,-0.15592011192888067,1087.465087890625,-0.15592011192888067,0.21476510067114093,48.05898500463307,7466088.35,9593010.36,1.1135078518056916,0.866625562572623,False,False,0.021400101685001616,-0.016296555126820822,-0.0893359380227472,-0.08022108950566709,0.02189876994984674,0.22286281543714445,0.36622937717792037,0.9474452554744526
2026-05-20,910.0,926.2999877929688,908.4500122070312,923.0999755859376,917.4601440429688,5864990,917.4601440429688,-0.0004872666025887984,925.9952026367188,-0.00921717366293795,895.7625500488281,0.024222483952871077,932.6239581298828,-0.016259301463068643,956.1374188232422,-0.04045158574368446,1087.465087890625,-0.15633140386825461,1087.465087890625,-0.15633140386825461,0.21208053691275167,45.64534579702479,7471386.45,9586685.08,0.7849935268707724,0.6117849862655549,False,False,0.030073014689350197,-0.012463263010076275,-0.09835907553605394,-0.07132800072357948,0.009451053835985546,0.22244747955981528,0.3655411686999745,0.9386861313868613
2026-05-21,933.0,934.9000244140624,903.25,907.6500244140624,902.1046142578124,9713326,902.1046142578124,-0.01673699929621919,925.4634735107422,-0.025240174163025708,894.9167504882812,0.008031879798438668,931.592797241211,-0.03165351113783188,956.2422744750977,-0.056615004023956805,1087.465087890625,-0.1704518845679539,1087.465087890625,-0.1704518845679539,0.15302013422818792,41.61668117877104,7499872.85,9649750.58,1.2951320901393681,1.0065882967101518,False,False,-0.004933362211200998,-0.011651282816690034,-0.10756596306865196,-0.07964913779543714,-0.0051162186763960005,0.2216451554518214,0.3667383794861417,0.9547445255474453
2026-05-22,908.0999755859376,924.0,908.0999755859376,916.5499877929688,910.9501953125,4811990,910.9501953125,0.009805493636638962,925.2150024414062,-0.01541782946803183,894.4893774414063,0.01840247440185161,930.6471105957031,-0.02116475198702894,956.399806213379,-0.04752156013166198,1087.465087890625,-0.1623177558007991,1087.465087890625,-0.1623177558007991,0.18389261744966443,40.14640674446398,7541354.6,9562347.34,0.6380803257812595,0.5032226741933011,False,False,0.0066999980304438544,-0.005425608640884372,-0.11031832286658916,-0.09315325300791943,-0.004967161267169118,0.22426963314793302,0.366264151991863,0.948905109489051
2026-05-25,926.0999755859376,944.0,924.4500122070312,941.9000244140624,936.1453247070312,7065528,936.1453247070312,0.02765807562716205,926.2138641357421,0.010722642961683793,894.5311218261719,0.046520687615546175,930.0696606445313,0.006532482801653305,956.7014520263672,-0.021486459831117077,1087.465087890625,-0.13914907693920675,1087.465087890625,-0.13914907693920675,0.2859060402684564,45.551409543969655,7503958.1,9534158.78,0.9415734877304286,0.7410751344755767,False,False,0.02258175641083504,0.02180520592987678,-0.08642092597997464,-0.08889537168646677,0.042432461234857,0.2450973235516485,0.37114623155021165,0.9635036496350365
2026-05-26,943.9500122070312,948.4000244140624,928.0999755859376,930.2000122070312,924.5167846679688,8489543,924.5167846679688,-0.012421725272944828,926.5393615722656,-0.0021829368380688052,895.2576550292969,0.0326823562739762,929.3958026123047,-0.005249666429116839,956.9727841186524,-0.03391527950355955,1087.465087890625,-0.14984233060642882,1087.465087890625,-0.14984233060642882,0.24697986577181208,35.74047082113937,7572478.5,9480498.9,1.1211049328169107,0.895474287750827,False,False,0.0072004811491725995,0.007091394612351198,-0.09120218918564604,-0.10342171964845936,0.016219832145383917,0.24976833112124935,0.3716567641796026,0.9664233576642336
2026-05-27,932.0,935.9500122070312,923.0,931.1500244140624,925.4609985351562,5349669,925.4609985351562,0.0010213052730314587,926.5965118408203,-0.0012254668468459906,896.6103405761719,0.03217747627184919,928.8178558349609,-0.0036141179658815137,957.2006335449219,-0.03315881111802044,1087.465087890625,-0.14897406009576908,1087.465087890625,-0.14897406009576908,0.2516778523489933,37.77907991216368,7568012.1,9277327.12,0.7068790230924711,0.5766390395426738,False,False,0.008720656198677013,0.001236593228247429,-0.08804658778739582,-0.08809123253667461,0.023769350183839855,0.24863959617284417,0.37167999043929667,0.9678832116788321
2026-05-28,931.1500244140624,931.1500244140624,931.1500244140624,931.1500244140624,925.4609985351562,0,925.4609985351562,0.0,926.3057983398437,-0.0009120096259804811,898.1230419921875,0.030438988050377258,928.264755859375,-0.003020428500081329,957.3956845092773,-0.03335578642229786,1087.465087890625,-0.14897406009576908,1087.465087890625,-0.14897406009576908,0.2516778523489933,42.08115335799932,6199798.5,9143954.34,0.0,0.0,False,False,0.02589099302696707,-0.006243342023411591,-0.08075423394655379,-0.09200390511151502,0.012195407696829141,0.2471200596795339,0.37142762432090043,0.964963503649635
2026-05-29,915.0999755859376,937.7999877929688,895.2999877929688,908.25,902.700927734375,46752428,902.700927734375,-0.024593225254015527,924.8770812988281,-0.023977406309290905,898.7213635253906,0.004428028942556672,927.6202185058594,-0.02686367790864075,957.5527191162109,-0.05728331222583993,1087.465087890625,-0.1699035327328441,1087.465087890625,-0.1699035327328441,0.1563758389261745,41.11253337521597,8537419.9,9899343.76,5.476177644723788,4.722780533080508,True,True,-0.00905567353799741,-0.030683023360707495,-0.08801085469098857,-0.11077930842708872,-0.015467041081396848,0.26183994587116677,0.37316525376819926,0.9693430656934306
2026-06-01,911.4500122070312,918.0,888.0,889.0499877929688,883.6182250976562,6887616,883.6182250976562,-0.02113956245133486,921.8382629394531,-0.04146067632289974,899.1278649902343,-0.017249648794664507,926.6124139404296,-0.04639932316462292,957.602165222168,-0.07725957898951397,1087.465087890625,-0.1874514088432706,1087.465087890625,-0.1874514088432706,0.08322147651006712,44.73043294006475,8506612.9,9878268.38,0.8096778448681966,0.6972493290367556,False,False,-0.05610998444692705,-0.06435484455754781,-0.09118324390408494,-0.13608972798273755,-0.025928957652820772,0.2640043512467738,0.37387403161285376,0.9722627737226277
2026-06-02,874.0,884.4000244140625,860.4500122070312,882.0,876.6112670898438,15697997,876.6112670898438,-0.00792984776546235,918.0316619873047,-0.04511869972741067,899.1656335449219,-0.02508366157874442,925.6508245849609,-0.05297846249648752,957.626266784668,-0.08459980945054979,1087.465087890625,-0.19389479547318444,1087.465087890625,-0.19389479547318444,0.056375838926174496,45.043763760869965,8927008.9,9944717.98,1.7584834042228858,1.5785261112050157,True,False,-0.05181681757711931,-0.07990821887812893,-0.06676541966156668,-0.1583969342638486,-0.043715476970442646,0.26055861441525174,0.3679540687392727,0.9576642335766423
2026-06-03,882.0,882.0,863.5,876.7999877929688,871.4430541992188,14747769,871.4430541992188,-0.005895672443022915,912.86591796875,-0.04537672286166916,900.0521838378907,-0.03178607879898743,924.6514678955078,-0.05754429159928831,957.6212973022461,-0.08999198675489317,1087.465087890625,-0.19864732771369054,1087.465087890625,-0.19864732771369054,0.04429530201342282,36.60476762261133,9275835.5,10007961.54,1.5899127361626886,1.4736036845321452,True,False,-0.05836868806080264,-0.10599029431510743,-0.08894431815462656,-0.14575217657031214,-0.04279476901796797,0.2400299250747232,0.36589958436550096,0.9416058394160584
2026-06-04,870.2000122070312,879.1500244140625,868.0,874.4000244140625,869.0577392578125,9676279,869.0577392578125,-0.0027372011629585025,907.9784637451172,-0.04286525070954805,900.9238269042969,-0.03537045718502174,923.7132354736328,-0.05916933320522988,957.727643737793,-0.09258363278929904,1087.465087890625,-0.20084079118021259,1087.465087890625,-0.20084079118021259,0.04161073825503356,36.411614873304345,9365971.4,9903850.26,1.0331313845352976,0.9770219405558743,False,False,-0.06094612238292085,-0.10110508332521573,-0.07977264338739043,-0.1399626270873222,-0.047546415469642445,0.23999840191332383,0.36514467708665077,0.9372262773722628
2026-06-05,874.0,913.0,874.0,889.4000244140625,883.9661254882812,13274646,883.9661254882812,0.017154655619545656,904.7011138916016,-0.02291915869775829,902.4504443359375,-0.020482364393158203,922.8927795410157,-0.04217895612109335,957.8737460327148,-0.07715799796219636,1087.465087890625,-0.18713149016772046,1087.465087890625,-0.18713149016772046,0.08456375838926175,38.4306919109559,9751934.4,9852626.62,1.3612320854004103,1.3473205178661283,False,False,-0.020754163057209785,-0.06903221821062056,-0.05186286031814369,-0.11966734224337627,-0.02462017474793532,0.2475557279461828,0.36621440287054446,0.945985401459854
2026-06-08,873.0,879.4000244140625,866.5,871.0999755859375,865.77783203125,6203084,865.77783203125,-0.02057578105380964,901.4734527587891,-0.039596973841325434,902.8897424316406,-0.04110347992263341,922.0131866455079,-0.06099192010350174,957.9217010498047,-0.09619144123947965,1087.465087890625,-0.20385689465156587,1087.465087890625,-0.20385689465156587,0.036241610738255034,32.84265336009115,9783037.5,9600123.34,0.6340652379181824,0.6461462816997516,False,False,-0.02019015968625426,-0.0693873673580998,-0.07310067011648491,-0.1344396674736945,-0.029847522596122333,0.24789443628825877,0.36844355747788887,0.9591240875912409
2026-06-09,886.0,888.75,872.0999755859375,886.9000244140625,881.4813842773438,9183355,881.4813842773438,0.01813808538993289,900.6137390136719,-0.0212436851754908,902.972236328125,-0.023800124949768464,921.367158203125,-0.043289771694888235,957.8307601928711,-0.07971071622313897,1087.465087890625,-0.18941638302414976,1087.465087890625,-0.18941638302414976,0.07785234899328859,39.23903066645151,9883473.0,9463880.42,0.9291627548332454,0.970358308901794,False,False,0.00555561783236902,-0.019132903764233156,-0.007553270464545125,-0.12818241355540705,-0.01313007534811439,0.2312153663295033,0.3565226714132573,0.9255474452554745
2026-06-10,890.0999755859375,894.7000122070312,880.0999755859375,884.0999755859375,878.6984252929688,6939714,878.6984252929688,-0.0031571386917677025,900.0149169921875,-0.023684598218058017,903.7733117675781,-0.02774466356565508,920.7221228027344,-0.045642106851785935,957.7403161621094,-0.08252956415772494,1087.465087890625,-0.19197550792421725,1087.465087890625,-0.19197550792421725,0.06308724832214765,42.43007700461716,9859311.1,9377018.22,0.7038741276761213,0.7400768386264264,False,False,0.008325697311819313,-0.013446478496920822,0.02433090924537118,-0.1269872937512374,-0.010409721284714957,0.22945892526175074,0.3493690145702714,0.9226277372262773
2026-06-11,880.0,886.9500122070312,868.5,870.5499877929688,865.231201171875,5191085,865.231201171875,-0.015326332372342155,897.947622680664,-0.03643466576716348,905.1448803710938,-0.044096453578630235,919.9727288818359,-0.059503424385737524,957.6545928955078,-0.0965101534616849,1087.465087890625,-0.20435955985476362,1087.465087890625,-0.20435955985476362,0.0348993288590604,35.64296354563179,9778103.45,9073294.28,0.5308887379382349,0.5721279217673518,False,False,-0.004403088440597114,-0.04560658636204784,0.018127563462990937,-0.12805497111979047,-0.07106661353588561,0.2242780089931786,0.3503150123118123,0.9240875912408759
2026-06-12,881.2000122070312,921.0,881.0999755859375,918.2999877929688,912.6895141601562,11729668,912.6895141601562,0.05485044104281411,898.3377258300782,0.015975938577907023,907.1525390625,0.006103686931614005,919.6979180908203,-0.007620332494839843,957.7673995971679,-0.047065587590443325,1087.465087890625,-0.1607183308012986,1087.465087890625,-0.1607183308012986,0.1906040268456376,43.537800921893314,10113972.9,9006007.12,1.159748806524882,1.3024271293269865,False,False,0.03249376626961675,0.008622136353175325,0.04572107666261971,-0.08133247447301883,-0.04418419820673458,0.30230655682327473,0.36368968237632193,0.9328467153284672
2026-06-15,942.0,959.0,939.0,942.2999877929688,936.5428466796876,11989428,936.5428466796876,0.026135210440629164,899.3912506103516,0.04130749108813769,909.447431640625,0.0297932723721952,919.6189038085937,0.01840321333217876,958.0049392700196,-0.022402903900146542,1087.465087890625,-0.13878352775782798,1087.465087890625,-0.13878352775782798,0.287248322147651,53.104148201316015,10394083.15,9063523.32,1.153485865658098,1.3228219950119795,False,False,0.08173576641759439,0.023015982493348464,0.08484915543090299,-0.057982597104854317,-0.007844166481902004,0.313474249136369,0.3664260242956243,0.9503649635036496
2026-06-16,946.0,963.9000244140624,946.0,959.6500244140624,953.786865234375,9335988,953.786865234375,0.018412418199361902,901.1852233886718,0.058369401184706904,911.6101379394531,0.046266189393478596,919.5215026855469,0.03726434069105822,958.2973916625976,-0.00470681279889229,1087.465087890625,-0.12292644991072588,1087.465087890625,-0.12292644991072588,0.3530201342281879,56.74395408267803,10445205.15,9000151.26,0.8938060924538184,1.0373145661998575,False,False,0.08202723534123035,0.03908831673925017,0.09038751741884754,-0.04824954613712262,0.018196294854398776,0.3192994041389863,0.36727903900711445,0.9562043795620438
2026-06-17,955.0999755859376,961.7999877929688,951.5499877929688,958.4000244140624,952.5445556640624,5682977,952.5445556640624,-0.0013025022838906164,902.9394439697265,0.054937362661054534,913.6635168457032,0.042555096161211114,919.7719635009765,0.03563121454402873,958.7056323242188,-0.006426452972034702,1087.465087890625,-0.12406884021285713,1087.465087890625,-0.12406884021285713,0.34496644295302015,56.41025937355446,10436104.5,8882429.86,0.544549644936959,0.6397998171189613,False,False,0.08404035815413291,0.03824080190174506,0.15164630588539474,-0.04901762327192749,0.023002678824673106,0.3194004114947321,0.34824479270887415,0.9211678832116789
2026-06-18,958.3499755859376,960.9500122070312,948.0,958.8499755859376,952.9917602539062,5750456,952.9917602539062,0.0004694841697270302,905.4838012695312,0.05246693416024306,914.5341650390625,0.042051567546633084,919.9965826416015,0.035864456710877235,959.1131274414063,-0.006382320304414768,1087.465087890625,-0.12365760439956652,1087.465087890625,-0.12365760439956652,0.3476510067114094,63.30876383790657,10237961.0,8720915.98,0.5616798110483132,0.6593866989646195,False,False,0.10143018301139373,0.05640936227552751,0.15447600933174166,-0.05195768721110294,0.027596224582753903,0.3117113407480517,0.3481434833994739,0.9197080291970803
2026-06-19,954.0499877929688,971.7000122070312,953.25,961.7999877929688,955.9237060546876,12941776,955.9237060546876,0.003076569938023521,907.7324768066406,0.05308968278581516,915.6980102539062,0.04392899771577263,920.1849249267578,0.03883869444044019,959.5303128051758,-0.0037587210141848404,1087.465087890625,-0.12096147572984661,1087.465087890625,-0.12096147572984661,0.3597315436241611,70.92317479695042,10644450.3,8790595.1,1.2158237988109164,1.4722297924972112,False,False,0.047370098180995246,0.04936988978498391,0.18360819618908186,-0.049322947373992565,0.02537308097563651,0.31065565316126353,0.3444573623668343,0.9182481751824818
2026-06-22,966.0499877929688,972.9500122070312,961.5499877929688,968.2999877929688,962.384033203125,5680845,962.384033203125,0.006758203722241118,909.0444122314453,0.05867658417342447,916.5676647949218,0.04998689149529878,920.5869537353516,0.045402641541006705,959.9226510620117,0.0025641463282382038,1087.465087890625,-0.11502075430313075,1087.465087890625,-0.11502075430313075,0.3932885906040268,74.8989990442958,10575216.15,8714381.12,0.5371847647766519,0.6518931088476425,False,False,0.027592102822686426,0.02802845648383201,0.1405182382592849,-0.03169996325818525,0.049079114165971216,0.29684010878469114,0.33340876255159335,0.9153284671532846
2026-06-23,968.2999877929688,977.7000122070312,960.5,962.4000244140624,956.5200805664062,8202516,956.5200805664062,-0.006093152457238515,910.6445770263672,0.05037695792341035,917.8289111328126,0.042155099893116166,921.061039428711,0.03849803609073388,960.2819427490234,-0.00391745592117243,1087.465087890625,-0.12041306776865368,1087.465087890625,-0.12041306776865368,0.361744966442953,74.5976744563602,10560864.8,8663965.18,0.7766898029032622,0.9467392619414937,False,False,0.0028656458079443503,0.034616241077690235,0.09022942671426537,-0.035671352969713466,0.047225227772927925,0.2937239022450885,0.32459863879692097,0.9021897810218978
2026-06-24,952.4000244140624,993.9000244140624,952.4000244140624,990.9500122070312,984.8956298828124,9873777,984.8956298828124,0.029665398451022007,913.61630859375,0.07801888015634972,919.3754040527343,0.07126601988834569,921.6156298828125,0.0686620299701799,960.7523013305664,0.02512960782795881,1087.465087890625,-0.09431977095169863,1087.465087890625,-0.09431977095169863,0.5100671140939598,79.1156243844397,10787070.2,8741936.78,0.9153344529082605,1.1294724782944496,False,False,0.03396279368390975,0.06422164893143067,0.17438968457435644,0.0016678811552892636,0.10044422088332561,0.30979358506269844,0.31525065154462956,0.8656934306569343
2026-06-25,996.2000122070312,1005.5999755859376,978.9000244140624,980.4000244140624,974.4100952148438,12807092,974.4100952148438,-0.010646340941949606,916.0637634277343,0.06369243508638389,920.8563000488281,0.05815651710606318,922.0653649902343,0.05676900164790788,960.9791567993165,0.013976305646691722,1087.465087890625,-0.10396195145452991,1087.465087890625,-0.10396195145452991,0.45436241610738254,73.24983792325878,11427424.8,8761974.08,1.1207329931412018,1.4616674145650976,False,False,0.02247483751090451,0.05289158241910297,0.2231302402883648,-0.006485612751845893,0.08331491588240669,0.3135775565095393,0.2967824670208189,0.8218978102189781
2026-06-26,980.4000244140624,980.4000244140624,980.4000244140624,980.4000244140624,974.4100952148438,0,974.4100952148438,0.0,919.6492218017578,0.05954539199826603,922.2904833984375,0.056511058885002186,922.5677770996094,0.05619350621394714,961.1918493652344,0.013751932934448652,1087.465087890625,-0.10396195145452991,1087.465087890625,-0.10396195145452991,0.45436241610738254,80.80608841494549,9089803.4,8641269.26,0.0,0.0,False,False,0.01933877049294397,0.07943845550313822,0.1995595255511171,0.007501832339572134,0.07089021868256506,0.2968253073253684,0.29495101931070666,0.8175182481751825
2026-06-29,975.2999877929688,992.2999877929688,975.2999877929688,982.0499877929688,976.0499877929688,19875760,976.0499877929688,0.0016829593475871096,924.2708099365234,0.05602165220386168,923.5686254882812,0.056824540003122426,923.3464898681641,0.057078787327528246,961.3794461059571,0.015259886974320347,1087.465087890625,-0.10245395584493666,1087.465087890625,-0.10245395584493666,0.46442953020134226,79.14240659417547,9739210.6,8915100.88,2.040797844539885,2.2294486924527095,True,True,0.014200105278512343,0.10460599393487735,0.1877002975711699,-0.008481008765414133,0.07152205338526163,0.28187425898163615,0.29443456532674844,0.8131386861313868
2026-06-30,986.9000244140624,1010.9500122070312,977.7000122070312,1004.75,1004.75,12445420,1004.75,0.02940424421491694,930.6777465820312,0.07958958263480942,925.0013464355469,0.08621463511567962,923.8089111328125,0.08761670069617988,961.6901678466797,0.04477516105809376,1087.465087890625,-0.07606229276846843,1087.465087890625,-0.07606229276846843,0.5919463087248322,83.49413601360506,9576581.75,9029729.78,1.2995680844054822,1.3782715876576321,False,False,0.05042227592862902,0.14617509233659365,0.18813712296975393,0.032874976306427994,0.08936033244705222,0.28996179211642176,0.2945782302464157,0.8145985401459854
2026-07-01,1000.4000244140624,1025.4000244140625,998.9000244140624,1014.9000244140624,1014.9000244140624,6834299,1014.9000244140624,0.01010203972536683,937.8505950927735,0.0821553344684578,926.7185668945312,0.09515451688318977,924.3837658691406,0.09792064928770672,961.9544869995117,0.05503954514490195,1087.465087890625,-0.06672863734625112,1087.465087890625,-0.06672863734625112,0.6348993288590604,90.48332872177511,9180908.25,9051235.2,0.7444033655384804,0.755068103853936,False,False,0.030464542252888416,0.16462001679119265,0.19417478517148568,0.044803638614447694,0.07318849138351102,0.2860591175798367,0.2949084322514031,0.8160583941605839
2026-07-02,994.7000122070312,1025.699951171875,993.4000244140624,1018.4000244140624,1018.4000244140624,8168339,1018.4000244140624,0.0034486155441968425,945.3177093505859,0.07730979155535178,928.8317834472656,0.09643106810403634,924.979208984375,0.10099774624368396,962.2248767089844,0.05838047743809027,1087.465087890625,-0.06351014321804971,1087.465087890625,-0.06351014321804971,0.6510067114093959,87.51417101562157,9105511.25,9031730.02,0.8970763722904631,0.9044046912288018,False,False,0.045145190321041806,0.1718439160139007,0.11978619358626363,0.057659299579699175,0.08200668276910483,0.2838711678453253,0.25979508994875616,0.4759124087591241
2026-07-03,1035.0,1040.0,1017.5999755859376,1031.4000244140625,1031.4000244140625,9399193,1031.4000244140625,0.01276512145360531,952.689404296875,0.08261939280754294,931.1413916015625,0.10767283434802022,925.5361877441406,0.11438108857520679,962.3962744140625,0.07169993466777669,1087.465087890625,-0.05155573645615863,1087.465087890625,-0.05155573645615863,0.7100671140939597,86.47209127245623,8911738.6,9140066.78,1.0546980136962276,1.0283505827951949,False,False,0.05848659561214142,0.1667868198505258,0.14889595301525005,0.06768893626743333,0.10810490737233724,0.2824401825290375,0.2588240937044009,0.4394160583941606
2026-07-06,1040.0,1040.199951171875,1024.800048828125,1029.0999755859375,1029.0999755859375,4819952,1029.0999755859375,-0.002230025958581572,960.8555114746093,0.07102468924447813,933.400029296875,0.1025283300678197,926.0557543945313,0.11127215688949321,962.5233737182617,0.06916881572495015,1087.465087890625,-0.05367079178412926,1087.465087890625,-0.05367079178412926,0.7006711409395974,82.71729066374793,8842582.0,9080196.66,0.5450842299228891,0.5308202212439747,False,False,0.05435171195783184,0.18864209444068147,0.1199243800131502,0.07901847615923407,0.10545671263673739,0.26487785030773103,0.25520166645854364,0.3386861313868613
2026-07-07,1024.0,1052.9000244140625,1024.0,1042.5,1042.5,9101171,1042.5,0.013021110418774295,968.9064422607422,0.07595527754727538,935.889892578125,0.11391308771183839,926.8837493896484,0.1247365170513397,962.7502713012695,0.08283532196873789,1087.465087890625,-0.04134853467143906,1087.465087890625,-0.04134853467143906,0.7436241610738255,85.34469610127503,8838472.8,9119837.38,1.0297221257500504,0.997953211310441,False,False,0.03757153520776302,0.18266819764397235,0.1668150889591029,0.10191034643463848,0.13641222088645288,0.26310402304072633,0.2485124066525848,0.24379562043795622
2026-07-08,1025.0,1034.699951171875,1004.0999755859376,1010.4000244140624,1010.4000244140624,8313859,1010.4000244140624,-0.030791343487709955,975.4915222167969,0.03578555159345331,937.611533203125,0.07763182153089887,927.3574487304687,0.0895475372492851,962.7955487060547,0.049444013084590566,1087.465087890625,-0.0708667012253672,1087.465087890625,-0.0708667012253672,0.6134228187919463,68.06344599673442,8907180.05,9177334.62,0.933388452162253,0.9059121568785078,False,False,-0.004433934271110163,0.14988259376609525,0.11330137515742633,0.07124461308599561,0.11697101726891623,0.29568355662809936,0.2562419815625517,0.3781021897810219
2026-07-09,1000.0,1013.5,994.0999755859376,1003.7999877929688,1003.7999877929688,11712515,1003.7999877929688,-0.006532102594634326,982.4199615478516,0.021762613833122613,939.0620275878906,0.06893896068970706,927.4654901123047,0.08230440754342339,962.8624899291992,0.04251645306774776,1087.465087890625,-0.07693589525705413,1087.465087890625,-0.07693589525705413,0.5865771812080537,64.72433347662123,9233251.55,8864299.48,1.2685146653456008,1.3213130971518123,False,False,-0.014336249284257252,0.1601523227935091,0.11488080772337339,0.06767856279199447,0.09150607148157097,0.2883665977909218,0.25602687309358046,0.3678832116788321
2026-07-10,1010.0999755859376,1023.9000244140624,1004.2000122070312,1020.5,1020.5,7039305,1020.5,0.0166367925982438,987.8104858398438,0.03309290053988789,940.8465222167969,0.08466149993893346,927.4855987548829,0.1002866258732058,963.0330575561524,0.059672865840845635,1087.465087890625,-0.061579069191562086,1087.465087890625,-0.061579069191562086,0.6630872483221476,66.81449684643864,8998733.4,9005085.58,0.7822550893662434,0.7817032872662605,False,False,-0.010568183203461534,0.11812394485440025,0.13049623485076123,0.08544130960275598,0.11044525210620937,0.23166480947325074,0.2577911900873617,0.41751824817518246
2026-07-13,1014.0,1028.0,1003.7000122070312,1022.5999755859376,1022.5999755859376,4874070,1022.5999755859376,0.002057790873040366,992.1133422851562,0.030728982265837423,942.4106298828125,0.08508960230329388,927.6459741210938,0.10236017199859981,963.1443041992187,0.06173080308682488,1087.465087890625,-0.059647995165074574,1087.465087890625,-0.059647995165074574,0.6738255033557047,69.54435680262327,8642965.5,8952491.86,0.563934913311872,0.5444372445371874,False,False,-0.006316198769997006,0.09188808521825464,0.12109626058303946,0.08275310969689054,0.1091317484191463,0.21890834428669156,0.25721236178686097,0.3956204379562044
2026-07-14,1007.0,1022.0,995.2000122070312,1006.5999755859376,1006.5999755859376,6458393,1006.5999755859376,-0.01564639192449835,994.7539978027344,0.011908449535633192,943.487763671875,0.06689245408805511,927.6324346923828,0.08512805065914031,963.0811312866211,0.045187100946706193,1087.465087890625,-0.07436111117970956,1087.465087890625,-0.07436111117970956,0.6,56.92652666254256,8499085.75,8935858.18,0.759892674338531,0.7227501679083274,False,False,-0.034436474258093375,0.05537202521507223,0.07875353566578647,0.044703468663521706,0.07674655692976962,0.22352488950230903,0.2559523983011961,0.36642335766423356
2026-07-15,1006.5999755859376,1037.300048828125,1006.5999755859376,1021.2999877929688,1021.2999877929688,5538356,1021.2999877929688,0.014603628614707986,998.1917694091796,0.02315007906493416,944.4186047363281,0.08140604459831158,927.6699853515624,0.10093029193557768,963.0703384399415,0.06046250936079334,1087.465087890625,-0.06084342461604708,1087.465087890625,-0.06084342461604708,0.6684563758389261,64.57203316209046,8491854.7,8891200.56,0.6521962746253772,0.6229030559625571,False,False,0.010787770304367728,0.07218080426796813,0.09930797973244854,0.10113387384357941,0.08434346818488314,0.226767513247662,0.257079714038236,0.3927007299270073
2026-07-16,1024.0,1042.4000244140625,1021.2000122070312,1037.5999755859375,1037.5999755859375,9079076,1037.5999755859375,0.01596003915381705,1002.4221801757812,0.035092794339394606,945.8344677734375,0.09702068484406423,927.9376232910156,0.1181785817736265,963.2255261230468,0.07721395192073599,1087.465087890625,-0.04585444890135437,1087.465087890625,-0.04585444890135437,0.7248322147651006,67.83110770936119,8658285.7,8915310.86,1.0485997245390044,1.0183689769848363,False,False,0.03367203447300682,0.08878168611813497,0.13679787090271378,0.1150636165328407,0.11834850556081111,0.23057688062784698,0.25552801563014277,0.3532846715328467
2026-07-17,1044.9000244140625,1058.5,1037.5999755859375,1056.300048828125,1056.300048828125,12882360,1056.300048828125,0.018022430302802928,1007.4409973144532,0.04849817671100931,947.9702062988281,0.11427557723807635,928.2615661621094,0.13793362488914607,963.6116195678711,0.09618857574778916,1087.465087890625,-0.028658427207949644,1087.465087890625,-0.028658427207949644,0.7973154362416107,70.65636689556791,8655314.9,9061850.34,1.4883756569041757,1.4216037030688813,False,False,0.03508089057141106,0.10500455437778933,0.15326719678175227,0.12721364837232785,0.15665598059035868,0.23552194725128622,0.25755305072781043,0.41021897810218977
2026-07-20,1057.0,1067.699951171875,1038.199951171875,1064.0,1064.0,9348760,1064.0,0.007289549196194178,1012.5217956542969,0.05084157651385435,950.6435852050781,0.11924176059155545,928.6545568847656,0.14574358367363183,964.0071414184571,0.10372626330797896,1087.465087890625,-0.02157778502677321,1087.465087890625,-0.02157778502677321,0.8228187919463087,67.09955505138223,8838710.65,9137205.1,1.057706306971368,1.0231531302717503,False,False,0.040485062979138675,0.10558775217691863,0.1613589369253441,0.15378632202123543,0.15310273407685004,0.2355788266049659,0.2576942722652745,0.4116788321167883
2026-07-21,1064.0,1074.4000244140625,1060.9000244140625,1069.199951171875,1069.199951171875,6970658,1069.199951171875,0.004887172154017794,1018.1557891845703,0.050133940728447346,954.0540710449219,0.12069114699216188,929.1735919189454,0.15069989124824867,964.3891555786133,0.1086810184322089,1087.465087890625,-0.016796067222883626,1087.465087890625,-0.016796067222883626,0.8442953020134228,66.1318808686936,8777117.75,9133125.36,0.7941853121430438,0.7632281092438657,False,False,0.06218952623111096,0.11780188716868856,0.16469715618181802,0.17609329324708356,0.16709798820548127,0.2318314933502891,0.2577323581453963,0.4145985401459854
2026-07-22,1064.0,1070.5999755859375,1056.0999755859375,1060.300048828125,1060.300048828125,6757716,1060.300048828125,-0.008323889590525546,1021.9260101318359,0.03755070163185148,957.4465747070312,0.10742476587016436,929.6284753417968,0.14056322170884883,964.7823281860351,0.09900442602600368,1087.465087890625,-0.024980148204290842,1087.465087890625,-0.024980148204290842,0.8093959731543624,62.06103517340738,8621314.7,9119820.64,0.7838382236528265,0.7409922044256344,False,False,0.03818668510849155,0.07656082193631475,0.14711609713295548,0.14079870164538244,0.1554402270340709,0.21855111980538497,0.258554952068185,0.4291970802919708
2026-07-23,1053.300048828125,1061.199951171875,1036.5,1039.800048828125,1039.800048828125,8016651,1039.800048828125,-0.01933414982170112,1025.1955078125,0.014245615499025588,960.1110339355469,0.08299979072829577,929.9588635253906,0.11811402591114217,965.0628137207032,0.07744287112180803,1087.465087890625,-0.04383132809804191,1087.465087890625,-0.04383132809804191,0.7315436241610739,52.317888156077586,8381792.65,9143848.9,0.9564363298822478,0.8767261016310101,False,False,0.0021203482015745845,0.06710722100930577,0.11653351478115037,0.11874232863136847,0.11060715216787997,0.22812612562822304,0.26212438247408465,0.5138686131386861
2026-07-24,1027.300048828125,1030.199951171875,1001.2999877929688,1012.7999877929688,1012.7999877929688,18416962,1012.7999877929688,-0.025966589504959003,1027.1150024414062,-0.01393710988001473,962.2692846679688,0.052512019171884416,930.1887091064453,0.08881131094988359,965.1131335449219,0.049410636525989426,1087.465087890625,-0.06865976749882197,1087.465087890625,-0.06865976749882197,0.625503355704698,46.0417701087754,9302640.75,9411942.56,1.9797563396178661,1.9567652355073446,True,False,-0.04118153841175698,0.03939808584357962,0.08754094733429918,0.09590357890585155,0.07441177146634725,0.2506901240388226,0.268288220849752,0.6277372262773723
2026-07-27,1026.699951171875,1050.0,1026.5999755859375,1048.300048828125,1048.300048828125,7610916,1048.300048828125,0.03505140349825231,1030.727505493164,0.01704867992879766,964.9258386230468,0.08640478559891562,930.9489770507812,0.1260553206139272,965.3029376220703,0.08598037773562561,1087.465087890625,-0.03601498521526714,1087.465087890625,-0.03601498521526714,0.7664429530201342,51.271940532483555,8689398.55,9436416.42,0.8758852475468512,0.8065472803710797,False,False,-0.014755593206649431,0.07402291064879485,0.11002334976479289,0.16713971959314367,0.10728486487336797,0.27667244381829237,0.27581068604825754,0.7226277372262774
2026-07-28,1049.0,1055.0,1042.4000244140625,1048.4000244140625,1048.4000244140625,4726447,1048.4000244140625,9.536924666675439e-05,1032.9100067138672,0.014996483333021171,967.5356909179687,0.08357762329095286,932.0397198486328,0.12484479157640105,965.4604431152344,0.08590676282003673,1087.465087890625,-0.03592305069060897,1087.465087890625,-0.03592305069060897,0.7677852348993288,59.69387755102045,8303449.9,9364674.4,0.5692148512872944,0.5047102331715879,False,False,-0.01945372961812719,0.04344366699583224,0.10040137744714106,0.0937834245924003,0.08937803230655073,0.2596223724589304,0.2754513309307588,0.7167883211678832
2026-07-29,1056.0,1065.9000244140625,1048.4000244140625,1054.4000244140625,1054.4000244140625,6444368,1054.4000244140625,0.005723006352802429,1034.8850067138671,0.018857184685825645,970.2744885253907,0.08670282160723874,933.0185192871094,0.13009549394549746,965.6432278442383,0.0919146885832467,1087.465087890625,-0.030405632185120934,1087.465087890625,-0.030405632185120934,0.7879194630872484,62.94781118330448,8283953.35,9376261.96,0.7779338834639865,0.6873067356151384,False,False,-0.005564485657228224,0.0389200897130777,0.08170447966536165,0.10129935204522678,0.10629501072207592,0.25832920878039767,0.27197465451139097,0.6759124087591241
2026-07-30,1046.0,1068.0,1035.0999755859375,1053.5,1053.5,9866564,1053.5,-0.0008535891438001819,1036.6400054931642,0.016264078578382746,973.3023962402344,0.08239741735925077,934.1095733642578,0.12781201482150495,965.8227548217774,0.09077985038196945,1087.465087890625,-0.03123326741137744,1087.465087890625,-0.03123326741137744,0.785234899328859,59.18708365419841,8368864.6,9379326.72,1.1789608831764347,1.0519480016578417,False,False,0.013175563116500255,0.034465803951774676,0.0896695949404056,0.09870545258999863,0.16002855757817858,0.2584687275714242,0.27128336332176073,0.6627737226277373
2026-07-31,1095.0,1151.5,1083.5999755859375,1141.199951171875,1141.199951171875,40814590,1141.199951171875,0.08324627543604657,1042.1300018310546,0.09506486634752997,977.9073913574218,0.16698161938196288,936.1983843994141,0.21897235691554062,966.3766757202148,0.18090593434632418,1141.199951171875,0.0,1141.199951171875,0.0,0.9718120805369127,72.36048216861724,9939634.45,10099378.72,4.106246583343918,4.041297106640239,True,True,0.12677721655458107,0.10645716905057245,0.20187907261013383,0.16961918450154578,0.30404904514745557,0.3871143378184536,0.3158136761083129,0.8686131386861314
2026-08-03,1176.300048828125,1176.4000244140625,1140.199951171875,1153.0,1153.0,13758012,1153.0,0.010340036218900783,1048.325003051758,0.0998497571302075,982.2444848632813,0.17384217246125466,938.3878033447265,0.22870309683301948,967.0770590209961,0.1922524572832074,1153.0,0.0,1153.0,0.0,0.9718120805369127,78.04598168851771,10386537.45,10233228.4,1.3246004326494776,1.3444449260997633,False,False,0.09987593846715659,0.12039648950872595,0.23934377358530168,0.17997021271598723,0.30854180562298694,0.3864224629550164,0.3123054029408834,0.8598540145985402
2026-08-04,1164.0,1164.0,1139.5,1149.0,1149.0,9437990,1149.0,-0.003469210754553309,1053.6500030517577,0.0904949429811357,986.7341491699219,0.16444738531303726,940.9959020996093,0.22104676272901802,967.5549368286133,0.18752946862750264,1153.0,-0.003469210754553309,1153.0,-0.003469210754553309,0.9248322147651007,75.50939241608275,10403378.4,10252197.34,0.9072043366220343,0.9205821627307849,False,False,0.09595571656168311,0.1021582733812949,0.278548037062458,0.19724851598535786,0.306507519567198,0.38686714793916666,0.30263936049021395,0.8321167883211679
2026-08-05,1152.0,1166.0,1145.0999755859375,1158.800048828125,1158.800048828125,5154683,1158.800048828125,0.008529198283833805,1061.070004272461,0.09210518077237917,991.4009301757812,0.16885108088678402,944.0056353759766,0.2275350966168761,968.0527438354492,0.1970422646982335,1158.800048828125,0.0,1158.800048828125,0.0,0.9718120805369127,74.85644974739762,10245419.6,10248297.62,0.5031207311411628,0.5029794402087242,False,False,0.09901367791799731,0.14687254634630542,0.3010359822918358,0.2032854014235388,0.3231087743770249,0.3628490630509299,0.3015028075322428,0.8233576642335766
2026-08-06,1155.5,1160.199951171875,1144.5999755859375,1144.800048828125,1144.800048828125,6472397,1144.800048828125,-0.012081463073942755,1068.1200073242187,0.07178972491677205,995.7877111816406,0.14964267581657587,946.9553765869141,0.20892713335056734,968.4589340209961,0.18208424602473205,1158.800048828125,-0.012081463073942755,1158.800048828125,-0.012081463073942755,0.8778523489932886,68.50690276799949,9983413.7,10377745.56,0.6483150147328864,0.6236804479912494,False,False,0.08666354895882766,0.14046629084462303,0.2627718753717594,0.15287495841847343,0.3154835588436169,0.36613726570395977,0.30211019621310525,0.8291970802919708
2026-08-07,1113.0,1113.0,1074.5,1078.0,1078.0,15614001,1078.0,-0.058350843797137286,1070.9950073242187,0.006540639898296563,999.2936926269531,0.07876193751022575,949.0075280761719,0.13592354971653564,968.4769564819336,0.11308791890714387,1158.800048828125,-0.0697273433064114,1158.800048828125,-0.0697273433064114,0.6214765100671141,52.34741726381631,10412148.5,9754977.02,1.4995945361324803,1.6006189423088975,False,False,-0.05538026101996962,0.05634492895639398,0.191308376090237,0.058430534179872096,0.22515159401936824,0.4306014891415434,0.32792591587719266,0.9051094890510949
2026-08-10,1078.0,1106.0999755859375,1070.800048828125,1102.199951171875,1102.199951171875,7303098,1102.199951171875,0.022448934296730005,1074.9750061035156,0.025326119131869218,1003.6653271484375,0.09817478133212898,951.3965960693359,0.15850735195561794,968.5886471557617,0.13794432178041705,1158.800048828125,-0.048843713558252566,1158.800048828125,-0.048843713558252566,0.7127516778523489,55.20176424656811,10533599.9,9763286.66,0.6933145429227856,0.7480163447336493,False,False,-0.044059018931591476,0.07784077594987959,0.20396858504634174,0.09501398870534605,0.2433853566709654,0.43600335966390363,0.3298603397712446,0.9094890510948905
2026-08-11,1098.0,1101.5,1086.300048828125,1093.300048828125,1093.300048828125,6523358,1093.300048828125,-0.008074671328271665,1079.310009765625,0.012962021046703631,1007.9991027832032,0.08462402973315752,953.5823681640625,0.1465187332826443,968.6178219604492,0.12872179722578636,1158.800048828125,-0.056523987953089105,1158.800048828125,-0.056523987953089105,0.6859060402684564,55.20176424656811,10536848.15,9579793.88,0.6190995549271534,0.6809497241500148,False,False,-0.048476893970300305,0.08613160674052245,0.19107879216663082,0.08467265100942423,0.2548003783603279,0.43226557038641944,0.33068303915403624,0.9124087591240876
2026-08-12,1093.0,1094.699951171875,1080.0,1094.199951171875,1094.199951171875,7054842,1094.199951171875,0.0008231064699160129,1082.9550079345704,0.010383573791076683,1012.4542407226562,0.08074015314595484,956.2532122802735,0.1442575430022921,968.6733615112305,0.12958608613414335,1158.800048828125,-0.05574740674336265,1158.800048828125,-0.05574740674336265,0.6912751677852349,59.13976928873117,10612672.45,9425935.34,0.6647564063847086,0.7484500737090777,False,False,-0.05574740674336265,0.07137957921300209,0.19264031061890874,0.07533331221940065,0.25233332793114105,0.43075311801044985,0.33063272711327674,0.910948905109489
2026-08-13,1095.0,1095.300048828125,1083.0,1090.800048828125,1090.800048828125,2405186,1090.800048828125,-0.0031072038891143405,1085.6150115966798,0.004776128900262133,1016.8890869140625,0.0726834055603438,958.9064569091797,0.13754583772860873,968.7384884643554,0.1260005273015028,1158.800048828125,-0.058681392073436034,1158.800048828125,-0.058681392073436034,0.676510067114094,64.23359729199751,10278977.95,9280513.48,0.23399077337256086,0.25916518576082065,False,False,-0.047169809308863275,0.05127223833264383,0.2091724524938361,0.07910665312525289,0.2512174427656453,0.42892632675270137,0.32830265954502463,0.9065693430656935
2026-08-14,1090.800048828125,1098.5,1085.199951171875,1087.0,1087.0,4225781,1087.0,-0.0034837263091502813,1087.1500091552734,-0.00013798386056218526,1020.9497644042968,0.06469489283269692,961.7001043701172,0.13028998859467755,968.8425088500976,0.12195737704587462,1158.800048828125,-0.061960688473162495,1158.800048828125,-0.061960688473162495,0.6590604026845638,57.98596416984059,9846149.0,9099536.18,0.4291810940500697,0.4643952083280799,False,False,0.008348794063079756,0.029063665391224847,0.19325952790109047,0.06162113803846436,0.24593530701363164,0.42561358859182774,0.3283211197399144,0.908029197080292
2026-08-17,1080.0,1100.4000244140625,1078.800048828125,1089.300048828125,1089.300048828125,2295675,1089.300048828125,0.0021159602834637248,1088.4150115966797,0.0008131431687503632,1025.4202087402343,0.062296256250273574,964.1549755859374,0.12979767403692977,969.0067306518555,0.12414084894472066,1158.800048828125,-0.05997583454564415,1158.800048828125,-0.05997583454564415,0.6697986577181209,58.36401734847173,9493494.75,9021388.0,0.24181558640457457,0.25447026555115465,False,False,-0.011703776914555819,0.023778241379816656,0.163601441014539,0.06304192701042965,0.28487247740595767,0.42511953493104904,0.3243284162794003,0.8992700729927007
2026-08-18,1088.5999755859375,1100.0,1087.5999755859375,1094.300048828125,1094.300048828125,3374018,1094.300048828125,0.004590103530591971,1089.6700164794922,0.004249022436711103,1029.67658203125,0.06276093671023553,966.3244091796874,0.13243548277650974,969.2488766479493,0.12901864030284238,1158.800048828125,-0.05566102630495029,1158.800048828125,-0.05566102630495029,0.6926174496644295,58.19302760093866,9313662.75,8905201.26,0.36226542559746433,0.37888172333120296,False,False,0.0009146619915290088,0.02347558810561079,0.18364541020326874,0.07569435757318854,0.28026393313469233,0.42508954857789477,0.3228039112924145,0.8978102189781022
2026-08-19,1093.9000244140625,1093.9000244140625,1076.4000244140625,1080.199951171875,1080.199951171875,2877930,1080.199951171875,-0.01288503794854956,1090.6650115966797,-0.00959511886191744,1033.7066125488282,0.04497730599633809,968.7399621582031,0.11505666470634313,969.4677316284179,0.11421960311918777,1158.800048828125,-0.0678288698173054,1158.800048828125,-0.0678288698173054,0.6295302013422819,55.20061477417226,9119673.45,8823965.58,0.315573799410548,0.3261492776584471,False,False,-0.012794736451053779,0.018768180163477366,0.16720202459276368,0.06443386906883064,0.26164046802894125,0.4267919362693468,0.32442471387798427,0.9007299270072993
2026-08-20,1089.699951171875,1102.300048828125,1086.300048828125,1095.0,1095.0,6741475,1095.0,0.013701212272847263,1093.4250091552735,0.0014404196278108294,1038.3019885253907,0.05460647489959314,971.7234344482422,0.1268638392175403,969.7590963745117,0.12914640769414487,1158.800048828125,-0.05505699528805241,1158.800048828125,-0.05505699528805241,0.6959731543624161,37.43200791663623,9055914.65,8854973.38,0.7444278419739744,0.7613207528355098,False,False,0.0038503401025578032,0.05308708268872109,0.18319410729700603,0.08764617355215987,0.2171135425292463,0.4217209011889872,0.325137064892707,0.9036496350364963
2026-08-21,1105.4000244140625,1105.5,1090.5999755859375,1095.0,1095.0,3042594,1095.0,0.0,1097.535009765625,-0.002309730207300076,1041.9481982421876,0.05091596861275183,974.5503686523438,0.12359508058492641,969.9813858032227,0.12888764261517438,1158.800048828125,-0.05505699528805241,1158.800048828125,-0.05505699528805241,0.6959731543624161,33.13953488372093,8287196.25,8681231.9,0.3671439541449257,0.3504795212301609,False,False,0.007359705611775569,0.08116115047172978,0.21302633724799946,0.10626685254412371,0.22102541339179949,0.4079797599125132,0.32008607409360496,0.8948905109489051
2026-08-24,1086.0,1094.9000244140625,1076.9000244140625,1077.0,1077.0,4342556,1077.0,-0.016438356164383605,1098.9700073242188,-0.019991453067688014,1044.7573413085938,0.030861385143291953,977.1023864746094,0.10223863426004076,970.188713684082,0.11009330948648666,1158.800048828125,-0.07059030495455021,1158.800048828125,-0.07059030495455021,0.6161073825503356,30.645161290322577,8123778.25,8528294.46,0.5345488104626687,0.509193956701162,False,False,-0.01129169951048603,0.027377611213467157,0.21885218005883877,0.10771328444150785,0.22056830376418213,0.3971639066809436,0.31868726526250896,0.891970802919708
2026-08-25,1077.0,1087.4000244140625,1066.300048828125,1087.4000244140625,1087.4000244140625,2770499,1087.4000244140625,0.009656475779073803,1100.9200073242187,-0.012280622406905306,1047.4296044921875,0.03816048329209987,979.5198712158203,0.1101357474905913,970.3252969360351,0.1206551327144727,1158.800048828125,-0.06161548274550743,1158.800048828125,-0.06161548274550743,0.661744966442953,30.868158157614644,8025980.85,8396984.68,0.34519132948093195,0.32993974689495326,False,False,-0.006305422741643585,0.037199541293216454,0.24045864482667545,0.1576389028320042,0.22162184771384252,0.39811853482643733,0.3180306827260412,0.8905109489051095
2026-08-26,1083.300048828125,1095.0,1082.4000244140625,1085.0,1085.0,3234877,1085.0,-0.002207121905625997,1102.4500061035155,-0.015828387688245904,1050.0787133789063,0.033255875179799776,981.8711151123047,0.10503301635052131,970.3584420776367,0.11814351578876758,1158.800048828125,-0.06368661176944013,1158.800048828125,-0.06368661176944013,0.6496644295302013,32.91427176339286,7865506.3,8348022.68,0.41127384260057104,0.3875021815345619,False,False,0.004443666955286973,0.029021220483129273,0.2450612748265253,0.13432014867634967,0.2204245133924685,0.3981622068104358,0.31764034387906187,0.8875912408759125
2026-08-27,1090.0,1107.0,1083.0,1083.0,1083.0,5220239,1083.0,-0.0018433179723502668,1103.9250061035157,-0.018955097482005523,1052.678878173828,0.028803771458559613,983.6065216064453,0.1010500400416452,970.7781491088867,0.11559989374928326,1158.800048828125,-0.06541253506571765,1158.800048828125,-0.06541253506571765,0.6416107382550336,52.268603546022305,7633190.05,8337418.34,0.6838869418690814,0.6261217546149903,False,False,-0.010958904109588996,0.028001898433792194,0.246177268871568,0.14676641400440427,0.2096552784817789,0.3982627065739279,0.3175663917981279,0.8861313868613139
2026-08-28,1065.699951171875,1081.5,1065.699951171875,1079.9000244140625,1079.9000244140625,4554220,1079.9000244140625,-0.002862396662915545,1100.860009765625,-0.019039646427001067,1055.1584045410157,0.02344825171895315,985.4282073974609,0.0958687972471417,971.1426007080078,0.11198913900673868,1158.800048828125,-0.06808769510654822,1158.800048828125,-0.06808769510654822,0.6281879194630873,37.48600849149275,5820171.55,8169667.22,0.7824889628897622,0.5574547747613152,False,False,-0.013789932041952002,-0.05371532542992563,0.22165317570008947,0.15829474769153906,0.2399867486798264,0.2563570555003287,0.31663785513027726,0.8788321167883212
