Date,Open,High,Low,Close,Adj Close,Volume,Price,daily_return,sma20,price_vs_sma20,sma50,price_vs_sma50,sma100,price_vs_sma100,sma200,price_vs_sma200,ath,current_drawdown,high_252d,drawdown_from_252d_high,drawdown_percentile,rsi14,volume_sma20,volume_sma50,volume_ratio_20,volume_ratio_50,abnormal_volume_1_5x,abnormal_volume_2_0x,return_5d,return_20d,return_60d,return_120d,return_252d,volatility_20d,volatility_60d,volatility_60d_percentile
2023-08-28,18270.0,18594.0,18270.0,18530.80078125,17945.01953125,22053,17945.01953125,,,,,,,,,,17945.01953125,0.0,,,0.9401881720430108,,,,,,False,False,,,,,,,,
2023-08-29,18569.94921875,18670.44921875,18472.05078125,18628.75,18039.869140625,26259,18039.869140625,0.005285567352536269,,,,,,,,,18039.869140625,0.0,,,0.9401881720430108,,,,,,False,False,,,,,,,,
2023-08-30,18630.0,18745.0,18531.0,18626.44921875,18037.640625,22726,18037.640625,-0.00012353280434729275,,,,,,,,,18039.869140625,-0.00012353280434729275,,,0.8776881720430108,,,,,,False,False,,,,,,,,
2023-08-31,18579.0,18685.25,18505.099609375,18573.849609375,17986.705078125,21914,17986.705078125,-0.0028238475271762375,,,,,,,,,18039.869140625,-0.002947031493719443,,,0.8629032258064516,,,,,,False,False,,,,,,,,
2023-09-01,18599.0,19048.94921875,18507.150390625,18986.80078125,18386.6015625,24442,18386.6015625,0.02223289271926432,,,,,,,,,18386.6015625,0.0,,,0.9401881720430108,,,,,,False,False,,,,,,,,
2023-09-04,18986.80078125,19190.0,18844.69921875,19066.80078125,18464.07421875,20109,18464.07421875,0.004213538645880366,,,,,,,,,18464.07421875,0.0,,,0.9401881720430108,,,,,,False,False,0.028924721235109363,,,,,,,
2023-09-05,19066.80078125,19255.0,18999.44921875,19150.80078125,18545.41796875,20402,18545.41796875,0.004405514678737399,,,,,,,,,18545.41796875,0.0,,,0.9401881720430108,,,,,,False,False,0.02802397424194858,,,,,,,
2023-09-06,19160.0,19329.05078125,19091.05078125,19275.150390625,18665.8359375,14855,18665.8359375,0.00649313857217515,,,,,,,,,18665.8359375,0.0,,,0.9401881720430108,,,,,,False,False,0.03482691143260319,,,,,,,
2023-09-07,19275.150390625,19395.0,19171.0,19293.0,18683.123046875,11157,18683.123046875,0.0009261363612582674,,,,,,,,,18683.123046875,0.0,,,0.9401881720430108,,,,,,False,False,0.03871848488787233,,,,,,,
2023-09-08,19336.0,19425.0,19210.0,19403.25,18789.88671875,13230,18789.88671875,0.00571444461437931,,,,,,,,,18789.88671875,0.0,,,0.9401881720430108,,,,,,False,False,0.021933643086741617,,,,,,,
2023-09-11,19455.0,19499.900390625,19280.0,19444.5,18829.833984375,29532,18829.833984375,0.00212599821504722,,,,,,,,,18829.833984375,0.0,,,0.9401881720430108,,,,,,False,False,0.019809266432301076,,,,,,,
2023-09-12,19494.0,19497.94921875,18901.05078125,19160.349609375,18554.666015625,36608,18554.666015625,-0.01461340386635035,,,,,,,,,18829.833984375,-0.01461340386635035,,,0.7594086021505376,,,,,,False,False,0.0004986701777540681,,,,,,,
2023-09-13,19102.25,19435.0,19102.25,19362.099609375,18750.037109375,16344,18750.037109375,0.010529485876246802,,,,,,,,,18829.833984375,-0.004237789619718102,,,0.8454301075268817,,,,,,False,False,0.004510977818348749,,,,,,,
2023-09-14,19400.0,19749.94921875,19393.599609375,19489.75,18873.65234375,21565,18873.65234375,0.0065927994517511745,,,,,,,,,18873.65234375,0.0,,,0.9401881720430108,,,,,,False,False,0.010197936201403301,,,,,,,
2023-09-15,19550.75,19693.30078125,19456.150390625,19664.599609375,19042.9765625,25736,19042.9765625,0.008971460089762129,,,,,,,,,19042.9765625,0.0,,,0.9401881720430108,81.28758212131804,,,,,False,False,0.01346947150551192,,,,,,,
2023-09-18,19700.0,19718.0,19537.900390625,19586.69921875,18967.537109375,16545,18967.537109375,-0.003961536836292634,,,,,,,,,19042.9765625,-0.003961536836292634,,,0.8508064516129032,76.73069736658458,,,,,False,False,0.00731302915969767,,,,,,,
2023-09-20,19586.69921875,19625.0,19290.0,19315.400390625,18704.814453125,14856,18704.814453125,-0.013851173968187247,,,,,,,,,19042.9765625,-0.017757838868578957,,,0.7446236559139785,66.71524103029846,,,,,False,False,0.008092219896254527,,,,,,,
2023-09-21,19390.0,19390.0,19080.0,19187.849609375,18581.296875,9683,18581.296875,-0.00660351795707681,,,,,,,,,19042.9765625,-0.024244092617808133,,,0.6922043010752689,64.37401495614105,,,,,False,False,-0.008999461355232774,,,,,,,
2023-09-22,19187.849609375,19271.94921875,18995.05078125,19119.25,18514.8671875,13390,18514.8671875,-0.003575083480280461,,,,,,,,,19042.9765625,-0.027732501443076374,,,0.6666666666666666,53.6967985697366,,,,,False,False,-0.019009842383199915,,,,,,,
2023-09-25,19119.0,19198.94921875,19001.150390625,19105.55078125,18501.599609375,6836,18501.599609375,-0.0007165905102445302,18543.27275390625,-0.002247345713149329,,,,,,,19042.9765625,-0.028429219105961412,,,0.6599462365591398,51.12310093469962,19412.1,,0.35215149314087607,,False,False,-0.028429219105961412,,,,,,,
2023-09-26,19170.0,19199.94921875,19038.55078125,19143.599609375,18538.447265625,15216,18538.447265625,0.001991592998873859,18572.944140625,-0.0018573724628043742,,,,,,,19042.9765625,-0.02649424554082236,,,0.678763440860215,49.78566444023527,19070.25,,0.7978920045620796,,False,False,-0.022622327889787797,0.03306921641080329,,,,0.13177381391563103,,
2023-09-27,19200.0,19340.0,19015.55078125,19218.55078125,18611.025390625,23854,18611.025390625,0.003915005607539657,18601.501953125,0.0005119714270385156,,,,,,,19042.9765625,-0.02268296505314249,,,0.7029569892473119,48.2635979898005,18950.0,,1.2587862796833773,,False,False,-0.005014166953381971,0.03166077567124814,,,,0.1313629348358535,,
2023-09-28,19199.94921875,19700.0,18840.0,19319.75,18709.02734375,78557,18709.02734375,0.005265800839451051,18635.0712890625,0.003968648873959868,,,,,,,19042.9765625,-0.017536608190109493,,,0.7459677419354839,50.7807229766719,21741.55,,3.6132198486308473,,True,True,0.006874141757126306,0.037221426721378625,,,,0.1318215146618948,,
2023-09-29,19500.0,19500.05078125,18960.0,19019.69921875,18418.4609375,33903,18418.4609375,-0.01553081306212678,18656.65908203125,-0.012767459783872281,,,,,,,19042.9765625,-0.032795063468691876,,,0.6303763440860215,39.92222674433394,22341.0,,1.5175238351013831,,True,False,-0.0052069641668878175,0.024004166271681004,,,,0.14488176434975042,,
2023-10-03,19060.0,19060.0,18625.099609375,18762.849609375,18169.728515625,28949,18169.728515625,-0.013504517164546592,18645.8154296875,-0.025533177449803768,,,,,,,19042.9765625,-0.04585669913571322,,,0.5766129032258065,33.91228187088852,22566.35,,1.2828392717475356,,False,False,-0.017937427074242618,-0.011795167591890365,,,,0.1310308740772975,,
2023-10-04,18762.849609375,18900.0,18600.0,18742.349609375,18149.876953125,15586,18149.876953125,-0.0010925624168203196,18630.10556640625,-0.02577702050959918,,,,,,,19042.9765625,-0.04689916024649832,,,0.5698924731182796,38.732483189951374,22340.2,,0.6976660907243444,,False,False,-0.020960240463100077,-0.017016681253693045,,,,0.12981477178134826,,
2023-10-05,18742.349609375,18950.650390625,18742.349609375,18930.44921875,18332.03125,8247,18332.03125,0.010036117453878335,18619.43623046875,-0.015435750949238769,,,,,,,19042.9765625,-0.03733372827334225,,,0.6196236559139785,38.278339527735696,21732.45,,0.37947861377801395,,False,False,-0.014990798989804155,-0.011506169292574975,,,,0.134285888098894,,
2023-10-06,18970.0,19342.0,18900.0,19303.94921875,18693.7265625,18284,18693.7265625,0.019730236522480293,18620.83076171875,0.0039147448206828805,,,,,,,19042.9765625,-0.018340095039961035,,,0.739247311827957,45.548879126571045,21903.9,,0.8347371929199823,,False,False,-0.000817828792960329,0.001494207122219926,,,,0.150703578897556,,
2023-10-09,19200.0,19300.0,19051.30078125,19256.650390625,18647.921875,20739,18647.921875,-0.00245027054112823,18619.070703125,0.0015495495094799416,,,,,,,19042.9765625,-0.020745427386491322,,,0.7231182795698925,39.59072681910628,22383.0,,0.9265514006165393,,False,False,0.012458203662001788,-0.001884116043483819,,,,0.15093967435412553,,
2023-10-10,19289.849609375,19772.69921875,19205.150390625,19717.75,19094.4453125,26329,19094.4453125,0.023944943597099977,18634.2986328125,0.02469353361533244,,,,,,,19094.4453125,0.0,,,0.9401881720430108,52.79694482730716,23037.95,,1.1428534222880073,,False,False,0.05089326436989916,0.01620864448565773,,,,0.172507004463234,,
2023-10-11,19717.75,19950.0,19613.349609375,19698.099609375,19075.4140625,26535,19075.4140625,-0.0009966903823879214,18646.57763671875,0.02299813049536703,,,,,,,19094.4453125,-0.0009966903823879214,,,0.8736559139784946,59.150598813079846,22888.1,,1.1593360742044994,,False,False,0.05099412584258012,0.013042073463249038,,,,0.17255921009165667,,
2023-10-12,19601.25,20564.75,19601.25,20455.69921875,19809.06640625,81609,19809.06640625,0.03846062483080104,18709.29765625,0.05878193667161047,,,,,,,19809.06640625,0.0,,,0.9401881720430108,73.29612582364233,25138.15,,3.2464202815242964,,True,True,0.08057127636906025,0.06760565722760314,,,,0.20905548571993152,,
2023-10-13,20250.0,20932.099609375,20215.05078125,20529.44921875,19880.486328125,60488,19880.486328125,0.003605415843952464,18765.8201171875,0.05939874750885954,,,,,,,19880.486328125,0.0,,,0.9401881720430108,75.86275517941624,27345.35,,2.2120031376449747,,True,True,0.06348438668219658,0.060290505675040906,,,,0.20734281840648838,,
2023-10-16,20552.44921875,20760.0,20500.05078125,20674.05078125,20020.515625,25227,20020.515625,0.007043554899202942,18823.16328125,0.06361058053099389,,,,,,,20020.515625,0.0,,,0.9401881720430108,77.44808692638321,27528.45,,0.9163973997809539,,False,False,0.07360572181719305,0.06076530712561223,,,,0.20745222305252475,,
2023-10-17,20700.0,20775.69921875,20275.0,20335.30078125,19692.4765625,30590,19692.4765625,-0.016385145549916325,18855.63828125,0.04438132874463063,,,,,,,20020.515625,-0.016385145549916325,,,0.75,68.86852645112174,27771.15,,1.1015028185725113,,False,False,0.031319645070208235,0.03410706293043564,,,,0.21712696126802364,,
2023-10-18,20453.75,20499.94921875,20058.30078125,20121.099609375,19485.044921875,18121,19485.044921875,-0.010533547670688037,18881.513671875,0.031964134893432306,,,,,,,20020.515625,-0.026746099508863197,,,0.6733870967741935,63.68677903231134,27849.95,,0.6506654410510612,,False,False,0.02147428401988316,0.02728386977791719,,,,0.22065099949837785,,
2023-10-19,20000.0,20285.94921875,19947.849609375,20232.25,19592.68359375,12124,19592.68359375,0.005524168525480766,18925.90712890625,0.035230885383843,,,,,,,20020.515625,-0.021369680944468672,,,0.7137096774193549,63.79604760824436,27713.35,,0.4374786880691075,,False,False,-0.010923423045910319,0.047467412352580896,,,,0.21344590221219562,,
2023-10-20,20100.0,20230.0,19933.25,20088.69921875,19453.66796875,12024,19453.66796875,-0.007095282498429389,18969.52568359375,0.025522108102838503,,,,,,,20020.515625,-0.028313339519695835,,,0.6612903225806451,66.9649361573552,27830.4,,0.4320455329423939,,False,False,-0.02146921118177969,0.046948880889133404,,,,0.21372817413851106,,
2023-10-23,20099.900390625,20135.94921875,19720.349609375,19825.599609375,19198.884765625,21454,19198.884765625,-0.013096923599923649,19003.7265625,0.010269470173818629,,,,,,,20020.515625,-0.04103944547507132,,,0.5913978494623656,66.83239416823194,28233.6,,0.7598747591522158,,False,False,-0.04103944547507132,0.03694423358255583,,,,0.21983337948847867,,
2023-10-25,19825.55078125,20136.0,19608.0,19696.0,19073.384765625,22214,19073.384765625,-0.006536838026378722,19032.3158203125,0.002157853290174483,,,,,,,20020.515625,-0.047308015293687,,,0.5685483870967742,64.59990415682711,29002.5,,0.7659339712093785,,False,False,-0.03143798571551559,0.030904633562617523,,,,0.22171695157359078,,
2023-10-26,19503.05078125,19816.19921875,19480.0,19648.349609375,19027.240234375,23748,19027.240234375,-0.0024193152823700492,19056.75546875,-0.0015488069007025818,,,,,,,20020.515625,-0.049612877571678426,,,0.5618279569892473,61.48456934518528,29429.1,,0.8069563799096813,,False,False,-0.023495182553366467,0.02636644599984095,,,,0.22216989061339684,,
2023-10-27,19739.0,19964.80078125,19709.69921875,19742.650390625,19118.55859375,23336,19118.55859375,0.0047993486312336575,19082.13212890625,0.001908930542859455,,,,,,,20020.515625,-0.045051638436510055,,,0.5779569892473119,57.706474155389365,29403.2,,0.7936551123687218,,False,False,-0.02419908420055561,0.02727056636979608,,,,0.22232509597353553,,
2023-10-30,19742.650390625,19927.19921875,19400.0,19478.099609375,18862.37109375,17238,18862.37109375,-0.013399938010167256,19089.79931640625,-0.011913599451032097,,,,,,,20020.515625,-0.057847887284371624,,,0.5389784946236559,53.61425398200609,26337.25,,0.6545102468936582,,False,False,-0.030395135557461317,0.008196243833660688,,,,0.22786694773754487,,
2023-10-31,19566.599609375,19608.849609375,19362.5,19450.94921875,18836.080078125,8370,18836.080078125,-0.0013938340781404213,19110.6802734375,-0.0143689388019419,,,,,,,20020.515625,-0.05916109100586664,,,0.5255376344086021,44.927017124572124,25060.6,,0.3339904072528192,,False,False,-0.018897175118712695,0.02267394338984796,,,,0.22006362463794443,,
2023-11-01,19460.0,19585.0,19300.0,19358.400390625,18746.45703125,10874,18746.45703125,-0.0047580519143727296,19139.51669921875,-0.020536551374089607,,,,,,,20020.515625,-0.06363765137792254,,,0.5040322580645161,43.71517573148689,24156.85,,0.45014147125970483,,False,False,-0.017140520069841236,0.03174117407032484,,,,0.21442367220023384,,
2023-11-02,19500.0,19551.0,19380.05078125,19454.05078125,18839.083984375,12097,18839.083984375,0.004941037816937444,19173.97705078125,-0.01746601998736641,,,,,,,20020.515625,-0.05901104960302439,,,0.5282258064516129,25.45651686159546,23982.4,,0.5044115684835546,,False,False,-0.009888783012266478,0.03797309662373949,,,,0.21446998123741812,,
2023-11-03,19510.0,19608.0,19432.30078125,19519.5,18902.462890625,6856,18902.462890625,0.0033642244125333676,19202.4986328125,-0.015624828202034702,,,,,,,20020.515625,-0.05584535160417481,,,0.543010752688172,25.1519422004327,23912.85,,0.28670777427199184,,False,False,-0.011302928621179764,0.031116663115278165,,,,0.21243196015910562,,
2023-11-06,19608.0,19673.849609375,19524.099609375,19565.099609375,18946.623046875,8576,18946.623046875,0.002336211768038998,19215.14345703125,-0.01397441610346084,,,,,,,20020.515625,-0.053639606403743656,,,0.5524193548387096,21.319096329294183,23427.45,,0.36606630256387274,,False,False,0.004466668199148982,0.013528414654481846,,,,0.20145033089765238,,
2023-11-07,19524.0,19824.94921875,19511.0,19757.69921875,19133.134765625,14641,19133.134765625,0.009844061302563434,19239.4041015625,-0.005523525332516432,,,,,,,20020.515625,-0.044323576674863974,,,0.5793010752688172,33.83976263806706,23122.55,,0.6331914083870508,,False,False,0.01577051521696271,0.026019676287656113,,,,0.20357751725807283,,
2023-11-08,19755.0,19895.55078125,19319.099609375,19646.94921875,19025.8828125,31879,19025.8828125,-0.005605560951658095,19235.9759765625,-0.010921887421697751,18818.9933203125,0.010993653521529811,,,,,20020.515625,-0.0496806791158757,,,0.5604838709677419,35.919001510575825,23400.05,22518.14,1.362347516351461,1.4157030731667892,False,False,0.014905524856467567,-0.0035907039391773754,,,,0.1863996921970844,,
2023-11-09,19710.0,19710.0,19358.69921875,19535.0,18917.47265625,32754,18917.47265625,-0.005698035529724477,19228.07890625,-0.01615378486402197,18838.4423828125,0.00419515965447359,,,,,20020.515625,-0.05509563237085713,,,0.5470430107526881,29.303284577143017,23711.0,22732.16,1.3813841676858842,1.4408661561417833,False,False,0.004160959839661693,-0.008279841566348645,,,,0.18743873179862536,,
2023-11-10,19325.099609375,19800.0,19315.19921875,19572.44921875,18953.73828125,35887,18953.73828125,0.0019170438704463333,19185.3125,-0.012070390761161676,18856.719765625,0.00514503672064226,,,,,20020.515625,-0.05328420924473565,,,0.553763440860215,33.645894030934045,21424.9,22924.72,1.6750136523391006,1.5654280619348895,True,False,0.0027126301435793643,-0.043178618692001236,,,,0.11974067923136937,,
2023-11-13,19555.0,19700.0,19455.0,19476.400390625,18860.724609375,7171,18860.724609375,-0.00490740509839227,19134.3244140625,-0.014298900696301575,18873.1814453125,-0.00066002840981505,,,,,20020.515625,-0.057930127143016596,,,0.5362903225806451,37.62844019652958,18759.05,22613.62,0.3822688249138416,0.31710977720506495,False,False,-0.004533706998206655,-0.051294606274663423,,,,0.11808935515541116,,
2023-11-15,19550.0,19785.0,19500.0,19722.400390625,19098.94921875,27938,19098.94921875,0.012630724126929227,19088.24609375,0.0005607180957030167,18895.426328125,0.010771013423606535,,,,,20020.515625,-0.04603110247066877,,,0.5739247311827957,50.86400944212015,18894.6,22734.1,1.4786235220645054,1.2289028375875888,False,False,-0.0017867195989450524,-0.04603110247066877,,,,0.12557114313553283,,
2023-11-16,19749.900390625,20700.0,19670.650390625,20589.150390625,19938.30078125,72642,19938.30078125,0.04394752574534233,19100.5373046875,0.04386072827160237,18926.4603125,0.05346168549444652,,,,,20020.515625,-0.0041065297862427075,,,0.8467741935483871,70.04432015359507,20997.2,23698.1,3.4596041376945497,3.0653090332136332,True,True,0.047956669224859416,0.012483154059866663,,,,0.19780910869638,,
2023-11-17,20580.0,20899.94921875,20531.400390625,20651.900390625,19999.06640625,32860,19999.06640625,0.0030476832337258397,19126.23837890625,0.04563511183183633,18957.16015625,0.05496109340282662,,,,,20020.515625,-0.001071361954495087,,,0.8723118279569892,69.63611211774872,21734.15,23953.12,1.5119063777511428,1.371846339850508,True,False,0.057174326066365966,0.026380307894385835,,,,0.19341158717342546,,
2023-11-20,20660.0,20900.900390625,20485.0,20579.19921875,19928.666015625,21881,19928.666015625,-0.003520183852332215,19143.0375,0.04103990892902987,18984.8251171875,0.04971554347282403,,,,,20020.515625,-0.00458777441577507,,,0.8413978494623656,75.92782383956126,22222.0,23982.7,0.9846548465484655,0.9123659971562834,False,False,0.05143722678388185,0.017148361543600776,,,,0.19350084092411046,,
2023-11-21,20650.0,20832.599609375,20580.05078125,20718.150390625,20063.22265625,19085,20063.22265625,0.006751914077916865,19173.515234375,0.046402937124429666,19012.7728515625,0.05524968992627355,,,,,20063.22265625,0.0,,,0.9401881720430108,78.3464847574318,22575.05,24067.3,0.8454023357644834,0.7929846721485169,False,False,0.06375672577697689,0.03133366357846645,,,,0.19213144106641353,,
2023-11-22,20715.0,21217.650390625,20615.05078125,20821.30078125,20163.111328125,59486,20163.111328125,0.004978695276747214,19221.7265625,0.04897503679308213,19042.3726171875,0.05885499320215648,,,,,20163.111328125,0.0,,,0.9401881720430108,82.56966091633505,24476.65,25033.88,2.4303162401717553,2.376219746998867,True,True,0.055718359014760965,0.05022305067565269,,,,0.1843327061566306,,
2023-11-23,20821.0,21250.0,20821.0,21207.30078125,20536.91015625,42759,20536.91015625,0.018538747420572932,19294.90283203125,0.06436971126679669,19077.3130859375,0.07650957258694957,,,,,20536.91015625,0.0,,,0.9401881720430108,84.56516742865186,25503.9,25624.46,1.67656711326503,1.6686790667978955,True,False,0.03002308880619009,0.07673128857876543,,,,0.18941923985897377,,
2023-11-24,21250.0,21333.0,20999.80078125,21036.25,20371.267578125,26207,20371.267578125,-0.008065603679655253,19362.10419921875,0.05212054271182831,19108.1417578125,0.06610406371912436,,,,,20536.91015625,-0.008065603679655253,,,0.8172043010752689,78.70730329358233,25626.85,25557.96,1.0226383656204334,1.02539482806922,False,False,0.018610927346022654,0.07063700921386662,0.1352045364258232,,,0.19289456061057095,0.18355235823100816,0.07894736842105263
2023-11-28,21150.0,21350.55078125,21000.0,21273.599609375,20601.11328125,24561,20601.11328125,0.011282837567349713,19436.23193359375,0.059933496967735866,19149.070703125,0.07582835745068506,,,,,20601.11328125,0.0,,,0.9401881720430108,80.14821078645959,25688.1,25317.02,0.956123652586217,0.9701378756267522,False,False,0.03374271339073931,0.07754531703999157,0.1419768691590555,,,0.19484247020815043,0.18439520619998323,0.08187134502923976
2023-11-29,21300.0,21850.0,21255.0,21663.900390625,20979.078125,55002,20979.078125,0.018346816436080715,19542.06728515625,0.07353422843525226,19193.6515234375,0.0930217264485762,,,,,20979.078125,0.0,,,0.9401881720430108,81.44299577820436,27576.3,26090.18,1.9945387887425072,2.10814950299308,True,False,0.04564847255307192,0.11221850215593343,0.16307218672065105,,,0.1901797003478101,0.18723005152257774,0.0891812865497076
2023-11-30,21670.0,21800.0,21498.5,21599.55078125,20916.759765625,14343,20916.759765625,-0.0029705003720224,19646.10126953125,0.06467738706327397,19234.513671875,0.08745976750167617,,,,,20979.078125,-0.0029705003720224,,,0.8615591397849462,82.7090719767229,27874.95,25945.74,0.5145480081578622,0.5528075129096337,False,False,0.037377586486305514,0.11046245709670588,0.16290113585414057,,,0.19100716155549388,0.18724839918675407,0.09064327485380116
2023-12-01,21700.0,22125.349609375,21490.0,22083.55078125,21385.458984375,49102,21385.458984375,0.022407831040841764,19778.0513671875,0.08127229459289631,19281.3633203125,0.1091258760653031,,,,,21385.458984375,0.0,,,0.9401881720430108,87.96042002503039,29786.35,26413.06,1.6484732100441981,1.8590045984827201,True,False,0.041318232473581684,0.1407733711349206,0.16310014722847188,,,0.19626491710622115,0.18732712413240887,0.09210526315789473
2023-12-04,22200.0,22200.0,21708.05078125,21944.44921875,21250.755859375,32269,21250.755859375,-0.006298818514880566,19898.6349609375,0.06795043484599894,19327.0276953125,0.09953564481770116,,,,,21385.458984375,-0.006298818514880566,,,0.8266129032258065,84.29230156457662,30794.95,26727.54,1.0478666144936102,1.207331464100325,False,False,0.043172977718598515,0.12801428546102467,0.15092452551968005,,,0.20156817627960807,0.18817468256986342,0.0935672514619883
2023-12-05,21944.44921875,22127.94921875,21600.0,21652.94921875,20968.470703125,115959,20968.470703125,-0.013283534859559687,20001.9353515625,0.04832209156635425,19372.3008203125,0.08239444026900844,,,,,21385.458984375,-0.019498682799123812,,,0.7325268817204301,79.78350529120972,36250.1,28749.6,3.198860141075473,4.03341263878454,True,True,0.017831920870477802,0.10929833982240855,0.1306550619920226,,,0.21292526544008195,0.1908479646988762,0.10964912280701754
2023-12-06,21694.099609375,21799.30078125,21560.05078125,21592.55078125,20909.978515625,15706,20909.978515625,-0.002789530449222588,20100.103125,0.04029210126875893,19418.874453125,0.07678632796660567,,,,,21385.458984375,-0.02223382107895855,,,0.7083333333333334,76.96016831224293,36606.6,28870.06,0.4290483136920665,0.5440238087485789,False,False,-0.0032937390748669637,0.10362561517651714,0.12022727434437996,,,0.21463694123857743,0.19088740258852985,0.1111111111111111
2023-12-07,21679.94921875,21830.0,21515.05078125,21665.94921875,20981.060546875,19313,20981.060546875,0.003399431099218253,20192.4994140625,0.03905218054696746,19468.1983203125,0.07770941109553164,,,,,21385.458984375,-0.018909972322570634,,,0.7365591397849462,70.12705203244799,36840.2,28988.52,0.5242371105477169,0.6662292521315334,False,False,0.003074127253479997,0.09658248916795498,0.1229953629398357,,,0.21393684493220075,0.19089724574742642,0.11257309941520467
2023-12-08,21666.05078125,21746.69921875,21459.94921875,21626.25,20942.6171875,14151,20942.6171875,-0.001832288662868664,20288.3361328125,0.03224912335858465,19517.018671875,0.07304386697540832,,,,,21385.458984375,-0.020707612457537494,,,0.7244623655913979,68.37044957783155,35953.8,29134.82,0.39358843849606995,0.4857074799157846,False,False,-0.020707612457537494,0.10074351838962792,0.11456857090052797,,,0.21193471226593283,0.19089750895442475,0.11403508771929824
2023-12-11,21626.25,21960.0,21585.94921875,21889.75,21197.787109375,25624,21197.787109375,0.012184242284068558,20402.35185546875,0.03898742946603173,19570.20546875,0.08316630314505113,,,,,21385.458984375,-0.008775676740776062,,,0.8118279569892473,73.05069954876976,35597.3,29342.98,0.7198298747376907,0.8732582716547536,False,False,-0.0024925583988878453,0.12054012153529525,0.12575539045989093,,,0.20957355885584483,0.1920622916240816,0.11988304093567251
2023-12-12,21901.0,22110.0,21623.75,21734.650390625,21047.587890625,23219,21047.587890625,-0.007085608416341316,20507.0443359375,0.026358920663190233,19618.93671875,0.07282001019502893,,,,,21385.458984375,-0.015799104148143894,,,0.7526881720430108,67.77773936870057,34963.9,29330.28,0.6640849561976782,0.7916392206279654,False,False,0.0037731501080910945,0.11047159026387643,0.13435552399060668,,,0.21416525761300229,0.18988036308229964,0.10526315789473684
2023-12-13,21785.0,22050.0,21611.25,21949.599609375,21255.7421875,19356,21255.7421875,0.00988969842799503,20626.79521484375,0.030491744650843255,19669.871015625,0.08062438084191004,,,,,21385.458984375,-0.006065654095606554,,,0.8306451612903226,68.99039391793586,35573.15,28146.26,0.5441182464864652,0.6876934981770225,False,False,0.016535821479521262,0.12698438833757852,0.1336373396760986,,,0.211196761382453,0.18976459075416616,0.10087719298245613
2023-12-14,22000.0,22244.0,21850.0,22061.849609375,21364.443359375,28367,21364.443359375,0.005113967365436123,20740.069921875,0.030104692985700066,19728.7906640625,0.08290689090700143,,,,,21385.458984375,-0.000982706287265378,,,0.875,65.84280031798001,35594.6,28035.54,0.7969467278744529,1.0118228505675295,False,False,0.01827280425808131,0.11861878445128782,0.1319718605736544,,,0.20978425461915617,0.18964127791666135,0.097953216374269
2023-12-15,22080.0,22163.900390625,21663.0,21708.150390625,21021.927734375,34392,21021.927734375,-0.016032040677984694,20794.25126953125,0.010949009988032277,19785.8346484375,0.06247363873705036,,,,,21385.458984375,-0.0169989921780781,,,0.7486559139784946,61.66653825949921,33682.1,28144.4,1.021076476823001,1.2219837694177171,False,False,0.0037870408538211997,0.05434901223598976,0.10392026505835283,,,0.16878614843589845,0.19269119672351973,0.12280701754385964
2023-12-18,21752.150390625,22043.05078125,21715.0,21970.44921875,21275.935546875,9700,21275.935546875,0.012082993325329028,20858.0947265625,0.02003254975059554,19848.3558203125,0.07192433164169376,,,,,21385.458984375,-0.00512139756177421,,,0.8400537634408602,61.995832294647464,32524.1,28026.68,0.29824038174768863,0.3460987887256,False,False,0.003686631868542456,0.06384643736299411,0.12170259239187353,,,0.17204637275981619,0.1934742282035172,0.12426900584795321
2023-12-19,22020.0,22130.0,21820.05078125,21888.599609375,21196.673828125,12777,21196.673828125,-0.0037254163783008165,20921.4951171875,0.013152918058491725,19905.648671875,0.0648572260834741,,,,,21385.458984375,-0.008827734601718595,,,0.8104838709677419,54.32762190361137,32068.9,28117.28,0.3984233946284406,0.45441806604337265,False,False,0.007083279009202137,0.06362733017382216,0.13322021350410607,,,0.17215349244851239,0.1910309688460643,0.11695906432748537
2023-12-20,21970.0,22077.650390625,21365.599609375,21494.150390625,20814.693359375,30828,20814.693359375,-0.01802077400668245,20959.06865234375,-0.006888440291100695,19948.0680078125,0.043444074444858094,,,,,21385.458984375,-0.026689425998152383,,,0.6760752688172043,48.19905820855608,32656.05,28368.16,0.9440210925693708,1.0867112988646426,False,False,-0.020749631992825424,0.037455134501580556,0.12019594215621732,,,0.18707982813118096,0.1946656942848352,0.1286549707602339
2023-12-21,21494.150390625,21700.0,21331.0,21624.25,20940.677734375,18909,20940.677734375,0.00605266543325067,20997.94697265625,-0.0027273732215737923,19993.923125,0.047352118113888064,,,,,21385.458984375,-0.02079830273107408,,,0.7217741935483871,41.07216504545305,30627.2,28331.56,0.6173923832410406,0.6674182431182751,False,False,-0.019835088509996046,0.038563810594320014,0.13101960291201786,,,0.18735242150960685,0.19449490552412765,0.12719298245614036
2023-12-22,21695.0,21895.94921875,21506.849609375,21633.94921875,20950.0703125,20236,20950.0703125,0.0004485326713938864,21018.60498046875,-0.003260666825054992,20031.035625,0.045880537816676226,,,,,21385.458984375,-0.0203590987779646,,,0.7271505376344086,43.644811896735774,29501.05,28209.7,0.6859416868213165,0.7173419072163121,False,False,-0.0034182127720617794,0.02011793171935672,0.13233832505403087,,,0.17682942897506543,0.19443679236069075,0.12573099415204678
2023-12-26,21644.400390625,21998.0,21562.94921875,21905.900390625,21213.42578125,10747,21213.42578125,0.01257062457651359,21060.712890625,0.007251078888833806,20073.795859375,0.05677201909686458,,,,,21385.458984375,-0.008044400788904893,,,0.8185483870967742,55.219049695763154,28728.05,27893.94,0.37409430852424724,0.3852808172671197,False,False,-0.002938050150005367,0.04134049095841852,0.1442935579931277,,,0.1778809304049772,0.1956059995709136,0.13157894736842105
2023-12-27,21995.900390625,22063.650390625,21781.150390625,22008.44921875,21312.732421875,15391,21312.732421875,0.004681310866478494,21096.29384765625,0.010259554392905823,20103.8691796875,0.060130874877006635,,,,,21385.458984375,-0.003400748263253872,,,0.8548387096774194,58.434443582771344,28269.55,26569.58,0.5444373893464877,0.5792714826504596,False,False,0.005475321019282164,0.034542751690641804,0.14516701656916453,,,0.17487259263368812,0.19563894159507475,0.13450292397660818
2023-12-28,22050.0,22240.0,21860.0,22102.69921875,21404.00390625,21913,21404.00390625,0.0042824862888684034,21117.54013671875,0.013565205401605995,20134.33953125,0.06305964856852575,,,,,21404.00390625,0.0,,,0.9401881720430108,58.78297972444058,26615.1,25798.08,0.8233296136403772,0.8494042967538669,False,False,0.0283122377399605,0.02025474039984787,0.14404685572284937,,,0.16396194846012163,0.19558641011839265,0.1301169590643275
2023-12-29,22199.94921875,22300.0,21981.849609375,22203.80078125,21501.91015625,25019,21501.91015625,0.004574202585125198,21146.79765625,0.0167927317304728,20163.967421875,0.06635314898017164,,,,,21501.91015625,0.0,,,0.9401881720430108,61.33453661703121,27148.9,25793.92,0.9215474660115143,0.9699572612460612,False,False,0.026801062935690734,0.027975192964000417,0.1674107966573959,,,0.16369287055997783,0.19205748376361584,0.11842105263157894
2024-01-01,22301.0,22635.94921875,22209.25,22433.44921875,21724.298828125,19391,21724.298828125,0.010342740261630068,21163.7396484375,0.026486773557001575,20204.6038671875,0.07521528117685605,,,,,21724.298828125,0.0,,,0.9401881720430108,60.813879042959634,25663.35,25569.94,0.7555911445699802,0.7583514079422948,False,False,0.03695589103407704,0.01584440362012196,0.19563144872766025,,,0.14804059163690594,0.18969138609499553,0.09941520467836257
2024-01-02,22400.0,22469.5,22101.0,22334.349609375,21628.330078125,10969,21628.330078125,-0.004417576408761059,21182.618359375,0.021041389274368827,20247.4695703125,0.06819916449397523,,,,,21724.298828125,-0.004417576408761059,,,0.8440860215053764,62.199464986132305,24598.35,25426.9,0.44592421849432995,0.4313935241810838,False,False,0.01955857112158288,0.01776756653968281,0.19165160920835267,,,0.14698631343869234,0.19012356735739025,0.10818713450292397
2024-01-03,22265.0,22382.400390625,22133.0,22289.150390625,21584.560546875,6363,21584.560546875,-0.0020237129307670854,21213.4228515625,0.017495417779086253,20287.307109375,0.06394409225956488,,,,,21724.298828125,-0.0064323494330270625,,,0.8252688172043011,57.41982115390548,19118.55,25311.68,0.33281812689769885,0.2513859214402205,False,False,0.01275425973635369,0.029381725185050334,0.17742329000639256,,,0.1376937749689259,0.189822517249904,0.10380116959064327
2024-01-04,22289.150390625,22550.0,22202.55078125,22488.80078125,21777.8984375,14386,21777.8984375,0.008957230804172767,21256.81884765625,0.024513526392553553,20333.79171875,0.07102004086224478,,,,,21777.8984375,0.0,,,0.9401881720430108,58.986406345912684,19052.55,25358.92,0.7550695313750653,0.5672954526454597,False,False,0.01746843875041626,0.04150745163255176,0.16498432587469813,,,0.13916296573086995,0.18698012629162106,0.08625730994152046
2024-01-05,22400.05078125,22819.849609375,22400.05078125,22691.650390625,21974.3359375,28782,21974.3359375,0.00902003931020956,21306.4826171875,0.03134507615882853,20389.3007421875,0.07773857550852159,,,,,21974.3359375,0.0,,,0.9401881720430108,72.10410892834963,19526.0,25505.48,1.474034620505992,1.1284633733613325,False,False,0.021971340118946525,0.047341524438474725,0.17837987979558712,,,0.1412879063180809,0.18713031831736396,0.08771929824561403
2024-01-08,22800.0,22810.0,22400.0,22466.69921875,21756.498046875,10072,21756.498046875,-0.009913286628755458,21347.17666015625,0.019174497556987635,20442.9630078125,0.06425365239669589,,,,,21974.3359375,-0.009913286628755458,,,0.8010752688172043,61.34365681344155,19322.05,25262.64,0.5212697410471456,0.3986915065092168,False,False,0.0014821752823761525,0.03886242354946834,0.13941503357692775,,,0.14724902241458793,0.18362689966012258,0.0804093567251462
2024-01-09,22567.80078125,22935.44921875,22517.150390625,22754.599609375,22035.296875,13943,22035.296875,0.012814508452799744,21389.0521484375,0.030213808544560017,20503.124140625,0.07472874493985748,,,,,22035.296875,0.0,,,0.9401881720430108,68.09142473840906,18738.0,25066.54,0.7441028925178781,0.5562395129124322,False,False,0.018816376271536983,0.03950930166925781,0.15516742141491857,,,0.14784585606460487,0.18476416869178106,0.08333333333333333
2024-01-10,22799.5,22824.80078125,22530.05078125,22615.19921875,21900.3046875,9397,21900.3046875,-0.006126179659197373,21431.68798828125,0.021865599176088546,20558.7590625,0.06525421213029503,,,,,22035.296875,-0.006126179659197373,,,0.8293010752688172,76.21302310928927,18046.9,24787.76,0.5206988457851487,0.3790983937233538,False,False,0.014628240400785586,0.040513753942076125,0.10556975469526364,,,0.14710288492265353,0.16964795618854575,0.043859649122807015
2024-01-11,22615.19921875,23265.55078125,22615.19921875,23081.30078125,22351.671875,35821,22351.671875,0.020610087117081344,21486.48447265625,0.04026658727930976,20628.545078125,0.08353118411158555,,,,,22351.671875,0.0,,,0.9401881720430108,79.4431778444905,18870.15,25159.42,1.8982890968010322,1.423760961103237,True,False,0.026346593503806748,0.05155922939940871,0.12430206716719017,,,0.15913143923323425,0.17397514079046175,0.06432748538011696
2024-01-12,23050.05078125,23282.69921875,22982.0,23229.650390625,22495.330078125,13938,22495.330078125,0.006427179314746345,21543.02880859375,0.044204613844798235,20701.730078125,0.08664010173213743,,,,,22495.330078125,0.0,,,0.9401881720430108,80.53394547389821,18148.7,25270.78,0.7679888917663524,0.5515460939472387,False,False,0.023709209784851915,0.052933123495293444,0.12361392181301523,,,0.15947836736614668,0.1739035908662143,0.06286549707602339
2024-01-15,23353.80078125,23477.0,23105.400390625,23400.150390625,22660.439453125,19671,22660.439453125,0.007339717818168667,21624.95439453125,0.047883803114776136,20780.0097265625,0.09049224477305229,,,,,22660.439453125,0.0,,,0.9401881720430108,79.74761917381176,17412.65,25446.72,1.129695939446322,0.7730269362809824,False,False,0.04154811147926618,0.07794298122672694,0.15071557308727912,,,0.14403452866688227,0.16994075366301054,0.04532163742690058
2024-01-16,23400.19921875,23568.94921875,23061.900390625,23098.349609375,22368.1796875,22573,22368.1796875,-0.012897356480202626,21679.5666015625,0.031763231184145146,20850.591640625,0.07278393213160217,,,,,22660.439453125,-0.012897356480202626,,,0.7809139784946236,70.1029646896365,18056.3,25656.24,1.2501453786213124,0.8798249470694068,False,False,0.015106799531150017,0.05133706756248513,0.1479665444542153,,,0.15205001178139146,0.170776038623571,0.04824561403508772
2024-01-17,23000.0,23181.150390625,22700.0,22919.5,22194.984375,27741,22194.984375,-0.007742932814366998,21729.48212890625,0.021422611147943638,20916.4420703125,0.06112618486402055,,,,,22660.439453125,-0.020540425929860384,,,0.7258064516129032,64.60976134164696,18804.5,26073.94,1.4752319923422585,1.0639358685338696,False,False,0.013455506291115471,0.04709750949464442,0.1328200278842928,,,0.15489134998179083,0.17188659090938468,0.05116959064327485
2024-01-18,22711.0,23033.25,22555.0,22813.900390625,22092.72265625,21477,22092.72265625,-0.004607424678576777,21793.38359375,0.01373531839203923,20979.3640625,0.053069225093438144,,,,,22660.439453125,-0.025053212143099413,,,0.6868279569892473,60.89504029597444,18336.95,26331.96,1.1712416732335529,0.8156248148637626,False,False,-0.011585228174346596,0.06140034228750113,0.13565846254492087,,,0.13787894051888902,0.17139069904398976,0.049707602339181284
2024-01-19,22990.0,23262.69921875,22771.0,23184.30078125,22451.4140625,19057,22451.4140625,0.016235726661264493,21868.92041015625,0.026635683948679656,21045.7296484375,0.0667919068402012,,,,,22660.439453125,-0.009224242586176934,,,0.8091397849462365,62.76677537611067,18344.35,26420.28,1.0388484737807555,0.7213019695476354,False,False,-0.0019522281056771895,0.07214362148580622,0.1694124078862409,,,0.14538374479509644,0.17076504726773398,0.04678362573099415
2024-01-23,23022.400390625,23121.0,22381.0,22774.80078125,22054.859375,56122,22054.859375,-0.01766279337221588,21924.15986328125,0.005961437634727673,21106.3091796875,0.04494154744143386,19962.65125,0.104806125138313,,,22660.439453125,-0.026724110067578022,,,0.6747311827956989,56.77402344416424,20138.65,26905.14,2.7867806431910775,2.0859211288251984,True,True,-0.026724110067578022,0.05273438446842915,0.15631596835126826,,,0.1635522171827896,0.17480122829229292,0.07017543859649122
2024-01-24,22821.19921875,22893.69921875,22315.19921875,22444.150390625,21734.662109375,35408,21734.662109375,-0.01451821841983525,21950.2216796875,-0.009820382384200577,21162.65296875,0.027029179256006453,20000.54767578125,0.08670334741351082,,,22660.439453125,-0.04085434202037641,,,0.592741935483871,52.191456138369816,21371.7,26958.22,1.6567704019801888,1.3134398339356232,True,False,-0.0283222679259425,0.02457105860693698,0.14229188477416277,,,0.1698452358699027,0.17798012164482763,0.07456140350877193
2024-01-25,22508.80078125,22836.400390625,22381.75,22779.30078125,22059.216796875,10866,22059.216796875,0.014932584912834113,21987.5458984375,0.0032596133633355784,21224.7625390625,0.039315128085732454,20040.74115234375,0.10071861260955361,,,22660.439453125,-0.026531818038819543,,,0.6774193548387096,53.9556384084841,21145.45,26457.8,0.5138694139874063,0.41069174307765577,False,False,-0.006117038689061882,0.035025277858498516,0.15381171068441968,,,0.1763504557743758,0.17979481415962675,0.07602339181286549
2024-01-29,22800.94921875,23348.69921875,22775.05078125,23248.80078125,22513.875,64222,22513.875,0.02061080442300245,22043.039453125,0.021359828705848072,21297.825546875,0.05709735251838555,20085.50349609375,0.12090169929663563,,,22660.439453125,-0.006467855728401917,,,0.8239247311827957,57.07288571811896,23260.9,27598.82,2.7609421819448086,2.3269835449486607,True,True,0.019062944404946602,0.0518534335263281,0.19358668579370253,,,0.18852622178940467,0.1804980019582847,0.07748538011695906
2024-01-30,23248.0,24172.05078125,23199.75,23875.400390625,23120.66796875,37640,23120.66796875,0.0269519560160123,22123.97734375,0.04505024614308617,21378.259921875,0.08150373572229364,20136.843125,0.14817738933693958,,,23120.66796875,0.0,,,0.9401881720430108,66.22817187682244,23891.95,27792.86,1.5754260326176808,1.3543046667381478,True,False,0.02980898683650568,0.07528437244583475,0.22746706707840136,,,0.207424616845823,0.18677837817180057,0.0847953216374269
2024-01-31,23870.0,24050.0,23500.0,23568.150390625,22823.130859375,31087,22823.130859375,-0.0128688803358602,22178.9189453125,0.029046136813564383,21435.9565234375,0.06471249997268846,20181.20841796875,0.13091002216963177,,,23120.66796875,-0.0128688803358602,,,0.782258064516129,59.33047955265993,24476.75,26961.76,1.2700624061609487,1.153003364765505,False,False,0.03483456735370827,0.05058078237385577,0.2174636957441749,,,0.21385459061555787,0.18903407723505003,0.09649122807017543
2024-02-01,23600.0,23850.0,23589.25,23679.69921875,22931.15234375,18754,22931.15234375,0.004732982737582159,22244.06005859375,0.030888798328468692,21494.5982421875,0.06683326133274603,20225.87919921875,0.13375305557227612,,,23120.66796875,-0.008196805786759742,,,0.8158602150537635,62.28703472628329,24866.0,26679.64,0.7542025255368776,0.7029330230842695,False,False,0.0550498658941152,0.060236840334829234,0.21721164164716988,,,0.21235842329577634,0.1890270977269703,0.09502923976608187
2024-02-02,23848.0,24272.69921875,23705.349609375,23956.75,23199.447265625,24154,23199.447265625,0.011700019164022635,22324.80439453125,0.03917807545529972,21560.0138671875,0.07604046122310604,20272.4194921875,0.14438472795837254,,,23199.447265625,0.0,,,0.9401881720430108,60.566056566708944,25755.55,26725.1,0.9378172859830212,0.9037945601700275,False,False,0.05168952638932911,0.07481675224487261,0.2273240476578935,,,0.21362446036105817,0.1898000326453583,0.1023391812865497
2024-02-05,24180.0,24360.0,23751.0,24163.099609375,23399.2734375,14936,23399.2734375,0.008613402275798432,22405.87314453125,0.044336602575616,21626.7348828125,0.08196052544650168,20319.7538671875,0.1515529956927939,,,23399.2734375,0.0,,,0.9401881720430108,61.11053762903947,25783.05,26642.12,0.5792953122303218,0.5606160470713292,False,False,0.03932679014607654,0.07445048036444635,0.23501023795158082,,,0.2135156881479419,0.19007288556995805,0.1067251461988304
2024-02-06,24100.0,24955.599609375,24011.900390625,24891.44921875,24104.59765625,19634,24104.59765625,0.030142996560723834,22512.38623046875,0.07072601764562458,21705.564609375,0.11052617566275225,20373.96861328125,0.1831076268831029,,,24104.59765625,0.0,,,0.9401881720430108,65.66954157082594,25325.65,25845.08,0.775261444424921,0.7596803724345214,False,False,0.042556282925297895,0.09694316701123284,0.25983525185621104,,,0.23281205633369143,0.19733737251685082,0.14327485380116958
2024-02-07,24890.0,25300.0,24789.69921875,25223.150390625,24425.814453125,20225,24425.814453125,0.013325955548223467,22645.85205078125,0.07859993072251581,21783.3426953125,0.12130699106988407,20430.327890625,0.19556644337232765,,,24425.814453125,0.0,,,0.9401881720430108,72.18652612301614,25833.3,25394.4,0.7829042360054659,0.7964354345840027,False,False,0.07022189916120425,0.12269053597223611,0.283820293325745,,,0.22797801035111448,0.19724309120262926,0.14181286549707603
2024-02-08,25222.94921875,25386.25,24910.05078125,25299.05078125,24499.3125,21046,24499.3125,0.0030090315725621597,22769.05283203125,0.07599172792706765,21865.90359375,0.12043448810424251,20487.02267578125,0.19584543287306855,,,24499.3125,0.0,,,0.9401881720430108,75.39243893242147,26188.45,25291.18,0.8036367177133431,0.8321478080500792,False,False,0.06838558013755502,0.11182130374633314,0.2950626621842034,,,0.22668729204046512,0.196172056191283,0.13742690058479531
2024-02-09,25299.0,25519.0,24750.0,25457.150390625,24652.416015625,23943,24652.416015625,0.006249298449701346,22906.6583984375,0.07621179775861942,21946.9296484375,0.12327402559383138,20548.00017578125,0.19974770316974144,,,24652.416015625,0.0,,,0.9401881720430108,77.89387428459536,26915.75,25278.82,0.8895535142063662,0.9471565524023668,False,False,0.06262945549366106,0.1256654355907576,0.30066246825896203,,,0.22255259639023733,0.19613941284691508,0.13596491228070176
2024-02-12,25388.05078125,25659.94921875,25107.19921875,25237.900390625,24440.095703125,36672,24440.095703125,-0.008612555960658352,23011.07958984375,0.06210121987983408,22016.15,0.11009852781367302,20604.90076171875,0.18613023114052307,,,24652.416015625,-0.008612555960658352,,,0.8131720430107527,72.3854821781042,26958.3,24912.22,1.3603231657782575,1.4720486572453197,False,False,0.044480965120778704,0.09343479269937172,0.2958195514384794,,,0.22132994161090583,0.197040557994466,0.14035087719298245
2024-02-13,25290.0,27300.0,25118.30078125,26300.75,25469.34765625,85754,25469.34765625,0.042113253795213135,23159.78046875,0.09972318997653495,22107.2017578125,0.15208373883181947,20670.85771484375,0.23213792129972677,,,25469.34765625,0.0,,,0.9401881720430108,83.6429458308348,30549.1,26340.44,2.8070876065088664,3.25560241210853,True,True,0.05661782948889571,0.13220599865822846,0.33354706400528,,,0.2584431413911708,0.21106330712285254,0.17251461988304093
2024-02-14,26650.0,27502.0,25608.69921875,27399.55078125,26533.4140625,152203,26533.4140625,0.04177831409784405,23353.42919921875,0.13616779086934394,22210.160859375,0.19465204374240885,20745.76208984375,0.27897996456296204,,,26533.4140625,0.0,,,0.9401881720430108,91.23725476703183,37175.7,28402.46,4.094152900954118,5.358796385946851,True,True,0.08628574549354928,0.17091348194665734,0.33077609539585495,,,0.28746936136101,0.20938918276170465,0.1652046783625731
2024-02-15,27399.599609375,28400.0,27350.30078125,27955.099609375,27071.400390625,89838,27071.400390625,0.020275804947594178,23588.590234375,0.14764808416463127,22326.57375,0.212519246963498,20826.80072265625,0.2998348018558423,,,27071.400390625,0.0,,,0.9401881720430108,91.54731421362729,40538.95,29553.84,2.216090944634728,3.039808024947012,True,True,0.10498612524841255,0.21026390027407094,0.3536332067063286,,,0.27937456880329803,0.21171652185482154,0.1783625730994152
2024-02-16,27920.05078125,28635.849609375,27800.0,28329.05078125,27433.529296875,48546,27433.529296875,0.013376807295695237,23850.51748046875,0.15022784387552135,22455.874921875,0.2216637914272983,20914.08787109375,0.31172487492471745,,,27433.529296875,0.0,,,0.9401881720430108,91.41563001384104,41579.2,28205.58,1.1675549313118099,1.7211487939620458,False,False,0.11281301108529473,0.2360238166139732,0.37658633424664956,,,0.2718083758226618,0.21159430787901523,0.17690058479532164
2024-02-19,28400.0,29100.0,28075.0,28993.80078125,28077.26953125,54538,28077.26953125,0.02346545453225124,24149.74482421875,0.1626321410689402,22599.2207421875,0.24239989739275636,21009.04759765625,0.3364370469788587,,,28077.26953125,0.0,,,0.9401881720430108,91.46870099879929,43232.25,28982.22,1.2615119499910368,1.8817744120360689,False,False,0.14881995031058493,0.27088317579123644,0.39943966192806535,,,0.2689692584194142,0.21478937262223344,0.19444444444444445
2024-02-20,28900.0,29200.0,28810.150390625,29148.400390625,28226.98046875,44221,28226.98046875,0.005332104581372121,24438.52314453125,0.15501989632571211,22744.139140625,0.2410661179227349,21106.16873046875,0.33738059375985574,,,28226.98046875,0.0,,,0.9401881720430108,96.35719879484765,44490.45,29480.38,0.9939436440854161,1.500014585972094,False,False,0.1082726126212068,0.2572473337390706,0.3999317867861454,,,0.26957940743990483,0.21478548173689463,0.19298245614035087
2024-02-21,29170.0,29199.94921875,27925.19921875,28054.25,27167.41796875,66555,27167.41796875,-0.03753722440035834,24694.15107421875,0.10015597973373525,22868.63515625,0.18797723533252242,21192.8269140625,0.2819157198289133,,,28226.98046875,-0.03753722440035834,,,0.614247311827957,81.24075294638207,45012.1,30528.46,1.4786024202381138,2.1800968669890324,False,False,0.023894546881776613,0.23181098128176125,0.3228581009535232,,,0.30512649415958076,0.23064142510877414,0.2777777777777778
2024-02-22,28250.0,28551.0,27922.0,28444.099609375,27544.94140625,45835,27544.94140625,0.013896183948517216,24984.6650390625,0.10247391202502065,22995.5782421875,0.1978364325588593,21282.89185546875,0.2942292613854627,,,28226.98046875,-0.02416266462702532,,,0.6935483870967742,81.53817890789587,45533.45,30932.68,1.0066226038220254,1.4817662097173605,False,False,0.017492298469679035,0.2673277950048647,0.35214665953473645,0.534963021816856,,0.2903486393848293,0.2298081627849773,0.2733918128654971
2024-02-23,28460.0,28710.900390625,28065.05078125,28279.900390625,27584.7421875,42212,27584.7421875,0.001444939768177056,25260.94130859375,0.09199185614336924,23126.321328125,0.19278556222225052,21372.6290234375,0.29065741782399424,,,28226.98046875,-0.022752638453872875,,,0.7016129032258065,81.09914528723782,47100.75,31312.54,0.896206535989342,1.3480861022452986,False,False,0.005511973650514701,0.25048601867894815,0.3389927918413087,0.5290987962534806,,0.29252673741982815,0.2295698912311399,0.2719298245614035
2024-02-26,28420.0,28958.94921875,28158.05078125,28772.75,28065.474609375,32625,28065.474609375,0.017427475617040278,25538.5212890625,0.09894673586268787,23262.5159765625,0.20646771989975576,21466.19349609375,0.30742670396976224,,,28226.98046875,-0.005721683888710749,,,0.8346774193548387,80.44653803458287,45520.9,31577.92,0.7167037558571996,1.0331586120935135,False,False,-0.0004200879242147737,0.24658569923547136,0.3377839789790573,0.5559393377910256,,0.29141345091131393,0.22934887431198814,0.27046783625730997
2024-02-27,28837.05078125,29300.0,28650.150390625,28865.44921875,28155.8984375,32611,28155.8984375,0.00322188843707627,25790.2828125,0.09172507499039262,23398.345078125,0.20332862616949843,21563.56787109375,0.30571613221962934,,,28226.98046875,-0.0025182300787962575,,,0.8655913978494624,79.72723460569682,45269.45,31662.8,0.7203754408326145,1.0299468145584092,False,False,-0.0025182300787962575,0.21778049300113822,0.3460927386933008,0.5653727747914503,,0.2865787546265165,0.22878425259058302,0.2675438596491228
2024-02-28,29065.0,29150.0,28211.150390625,28327.55078125,27631.220703125,28212,27631.220703125,-0.018634736005305297,26030.6873046875,0.06148640562976149,23530.5309375,0.17427102586494714,21658.18279296875,0.27578666073939395,,,28226.98046875,-0.02110603953138257,,,0.717741935483871,73.28546140743462,45125.7,31539.2,0.6251869777089331,0.8945058847402597,False,False,0.017072021158157202,0.21066740901478864,0.2920564727328687,0.5027910736630996,,0.29334674004866884,0.23094914916549417,0.28362573099415206
2024-02-29,28400.0,28750.0,28208.05078125,28590.849609375,27888.046875,28396,27888.046875,0.009294781965458077,26278.53203125,0.06124827832224389,23662.7731640625,0.17856206800623764,21755.5644921875,0.2818810969034933,,,28226.98046875,-0.012007433601522899,,,0.7916666666666666,73.69123144013379,45607.8,31913.12,0.6226127986879437,0.8897907819730568,False,False,0.012456206157408944,0.21616421438153433,0.3123319970144445,0.5103950809881437,,0.2927549719823224,0.23007793812260172,0.27485380116959063
2024-03-01,28590.849609375,29350.0,28590.849609375,28939.69921875,28228.322265625,47200,28228.322265625,0.01220147800777105,26529.97578125,0.06401613399041639,23803.4061328125,0.18589424169479862,21854.52740234375,0.29164642849232725,,,28228.322265625,0.0,,,0.9401881720430108,77.22715320253555,46760.1,32601.58,1.0094075932258486,1.4477825921320377,False,False,0.0233310166087628,0.21676701786991992,0.346227040840801,0.522118418317193,,0.292799134430928,0.22751045243612406,0.2646198830409357
2024-03-04,29038.94921875,29500.0,28550.099609375,29313.400390625,28592.833984375,38585,28592.833984375,0.012912978508605288,26789.65380859375,0.06730882708170038,23958.9689453125,0.1934083661796766,21953.5184765625,0.30242603320741535,,,28592.833984375,0.0,,,0.9401881720430108,74.8212238633898,47942.55,32756.72,0.8048174325312274,1.177926239257166,False,False,0.018790324494417865,0.22195392351592114,0.367425316243581,0.5318271348850485,,0.29292306762308074,0.22747004175991314,0.2631578947368421
2024-03-05,29320.0,30250.0,29280.099609375,30047.900390625,29309.283203125,67247,29309.283203125,0.025056950253392607,27049.8880859375,0.08352696728390896,24126.3410546875,0.21482503860362656,22060.13208984375,0.3286086902724703,,,29309.283203125,0.0,,,0.9401881720430108,73.34880452057446,50323.2,33723.48,1.3363021429479842,1.9940706000685573,False,False,0.040964232350293006,0.21592086377452957,0.39694002300996356,0.5687571681452563,,0.2888665495490198,0.23098813650989838,0.28654970760233917
2024-03-06,30200.0,30263.44921875,29553.150390625,30110.55078125,29370.392578125,59027,29370.392578125,0.0020849836066099137,27297.1169921875,0.07595218156301553,24294.7475,0.2089194414605462,22162.8915625,0.3252058060790324,,,29370.392578125,0.0,,,0.9401881720430108,71.02426781112445,52263.3,34499.3,1.1294158616084327,1.7109622514079994,False,False,0.062942274381794,0.20243247710282186,0.4024222624694338,0.5630957768796421,,0.289893572154773,0.23058237391204978,0.27631578947368424
2024-03-07,30135.25,30468.05078125,29450.0,29501.0,28775.82421875,50513,28775.82421875,-0.020243800207758622,27510.942578125,0.045977401066249035,24445.99546875,0.17711811963374302,22259.8956640625,0.2927205344096533,,,29370.392578125,-0.020243800207758622,,,0.7298387096774194,61.774698417430365,53736.65,35294.62,0.9400102164909796,1.4311812961862176,False,False,0.0318336148719629,0.17455639699073178,0.3574918962188989,0.5282038196740442,,0.3079026994608076,0.23622896995702328,0.3304093567251462
2024-03-11,29819.94921875,30020.0,29257.05078125,29431.19921875,28707.73828125,46917,28707.73828125,-0.0023660812278536447,27713.70869140625,0.035867793838505246,24593.8955859375,0.16727088561214964,22348.8823828125,0.28452679599440756,,,29370.392578125,-0.02256198295996026,,,0.7043010752688172,56.15180552061655,54885.35,35925.14,0.8548182711780102,1.305965683084325,False,False,0.016983510784443823,0.16449999314690644,0.3639443355899694,0.5471977914921797,,0.3101575825707202,0.23537576067617438,0.3260233918128655
2024-03-12,29477.400390625,29800.0,29302.400390625,29473.0,28748.51171875,26775,28748.51171875,0.001420294315788384,27929.1294921875,0.029337907820997433,24740.7857421875,0.1619886295578965,22437.56263671875,0.28126714047378165,,,29370.392578125,-0.021173733300322795,,,0.7150537634408602,55.199381270824865,54390.5,36022.38,0.4922734668738107,0.7432879226747373,False,False,0.005444641635035996,0.17628474405172279,0.3525056648295406,0.5332509237742133,,0.3051090995205094,0.23530943671667703,0.32456140350877194
2024-03-13,29550.0,29850.0,28116.0,28300.30078125,27604.640625,58216,27604.640625,-0.03978888037546513,28035.894140625,-0.015382192323236787,24862.8403515625,0.1102770333022387,22513.40388671875,0.22614246889981415,,,29370.392578125,-0.06012013453439935,,,0.5161290322580645,54.28680855301206,53013.6,36686.32,1.0981333091885856,1.5868585347344732,False,False,-0.05816050042272092,0.08383775656798242,0.2920833068597932,0.46260194488224005,,0.32281133042411764,0.2526930785088946,0.5321637426900585
2024-03-14,28429.94921875,29629.5,28238.099609375,29401.0,28678.28515625,54457,28678.28515625,0.03889362465663315,28143.1376953125,0.019015202452945967,25001.920078125,0.14704330973930158,22603.26197265625,0.26876754297423355,,,29370.392578125,-0.023564799824653315,,,0.696236559139785,59.777369192943105,48126.3,37387.64,1.131543459605247,1.4565508815212729,False,False,-0.023564799824653315,0.08083660431702122,0.36420815058532163,0.5059770231889136,,0.3184947043191061,0.2587193781556058,0.6038011695906432
2024-03-15,29400.0,29763.80078125,28955.0,29571.55078125,28844.640625,53434,28844.640625,0.005800746726787542,28231.79970703125,0.02170746903592269,25146.2462890625,0.14707540415470044,22696.8579296875,0.27086492387438343,,,29370.392578125,-0.01790074653331597,,,0.7432795698924731,60.63689310142404,46306.1,38236.94,1.1539300437739304,1.3974444607753653,False,False,0.0023914660350601302,0.06550234597354199,0.35574017703943883,0.5207372711949558,,0.3128303221632647,0.2583380288410062,0.5994152046783626
2024-03-18,29500.05078125,29960.0,29392.44921875,29814.30078125,29081.423828125,34319,29081.423828125,0.008208915000999406,28314.19443359375,0.027096988273166644,25296.1835546875,0.1496368124169496,22791.74533203125,0.2759630034675016,,,29370.392578125,-0.009838777239063012,,,0.803763440860215,58.94580503405544,45594.75,38796.06,0.7526963082372422,0.8846001372304302,False,False,0.013016892630621113,0.060068630376249654,0.3719805316595497,0.5547560710107118,,0.3111696894782908,0.25773097399480593,0.5877192982456141
2024-03-19,29800.05078125,29950.0,29380.400390625,29746.900390625,29015.6796875,28685,29015.6796875,-0.002260691945950022,28361.11494140625,0.02307965492351327,25440.9391796875,0.14051134207602822,22887.36544921875,0.26775970575898844,,,29370.392578125,-0.012077226740550562,,,0.7903225806451613,57.60373678352234,44302.1,39082.04,0.6474862365440917,0.7339688511653947,False,False,0.00929327999180396,0.03342241506801602,0.39399986281475785,0.5615529896914151,,0.30211097696277667,0.25360094524108745,0.5482456140350878
2024-03-20,29731.0,30197.349609375,29550.05078125,29870.400390625,29136.14453125,44864,29136.14453125,0.0041517153844889965,28406.57314453125,0.025683188993150585,25584.1753515625,0.1388346167456429,22986.738046875,0.26751975299126873,,,29370.392578125,-0.007975652564122249,,,0.821236559139785,64.3340743565655,44334.25,39403.68,1.0119490010544894,1.1385738590913337,False,False,0.05547994364625053,0.032209044233637796,0.3913658813163339,0.5736620865917297,,0.3019579044342011,0.2536188356483997,0.5497076023391813
2024-03-21,29932.80078125,30200.0,29907.94921875,30066.25,29327.1796875,35457,29327.1796875,0.0065566381318951095,28514.56123046875,0.028498367920279932,25735.588984375,0.13955735403240954,23089.27599609375,0.270164542728043,,,29370.392578125,-0.0014713078999558649,,,0.8696236559139785,63.88140344531356,42779.35,39911.38,0.8288344727070421,0.8883932352126136,False,False,0.02262668523290645,0.07949823281823543,0.399860680658515,0.5851158984458587,,0.2640327600381787,0.2533930999461236,0.543859649122807
2024-03-22,30066.0,30450.0,29899.25,30178.69921875,29436.865234375,38966,29436.865234375,0.003740064610500138,28609.157421875,0.028931569018076697,25883.6203515625,0.13727773914741426,23193.37224609375,0.26919297987522217,,,29436.865234375,0.0,,,0.9401881720430108,62.199908674286604,42435.9,40411.84,0.91823196868689,0.9642223665143681,False,False,0.02053153017485365,0.06868498285117863,0.38765259029465615,0.5878819198066518,,0.2614137815531465,0.2530233951633477,0.5394736842105263
2024-03-26,30245.0,30852.099609375,30180.099609375,30680.349609375,29926.185546875,39017,29926.185546875,0.016622704510281805,28726.22958984375,0.04177213557659143,26044.13796875,0.14905648183798648,23301.448515625,0.2843058029979433,,,29926.185546875,0.0,,,0.9401881720430108,63.12899056879548,42276.15,41004.24,0.9229080699164895,0.9515357436206597,False,False,0.029048155404723275,0.08488182863771776,0.40414588587239564,0.6079815549523577,,0.2653865463167656,0.25401978950150605,0.554093567251462
2024-03-27,30700.0,31150.0,30231.599609375,30341.599609375,29595.759765625,51920,29595.759765625,-0.011041359772779424,28802.74384765625,0.027532651825228127,26189.0197265625,0.1300827627239205,23408.78240234375,0.2643015453320543,,,29926.185546875,-0.011041359772779424,,,0.7970430107526881,53.05290570951397,43240.9,41326.22,1.2007150637475168,1.2563452452220405,False,False,0.019991952088404874,0.054525539922236854,0.3827207234335719,0.5818972959870017,,0.26582763095487244,0.2563411567108435,0.5716374269005848
2024-03-28,30499.94921875,30595.75,29730.94921875,30031.30078125,29293.08984375,36810,29293.08984375,-0.010226800199484853,28859.60341796875,0.015020526079417618,26324.974921875,0.11274901232322221,23513.3525,0.24580660472597438,,,29926.185546875,-0.02115524219193754,,,0.7163978494623656,49.21654133254682,43450.85,41783.66,0.8471640946034428,0.880966387338974,False,False,0.005386619095456124,0.04038910030785625,0.36234825794001946,0.5904200651265734,,0.26979576973512204,0.25836684051383557,0.6008771929824561
2024-04-01,30050.099609375,30431.75,30050.099609375,30282.30078125,29537.91796875,17643,29537.91796875,0.00835787983807501,28954.93828125,0.020134033159984854,26462.5244921875,0.11621693453587345,23621.267109375,0.25047982531922486,,,29926.185546875,-0.012974175326048054,,,0.7795698924731183,58.31310762350182,42922.4,41743.1,0.4110441168247814,0.42265667858879674,False,False,0.007185767042571234,0.06900517664821648,0.3596718680056652,0.6256664453378575,,0.2590560336724396,0.2582332544480313,0.5935672514619883
2024-04-02,30329.94921875,30999.94921875,30300.0,30915.849609375,30155.89453125,23277,30155.89453125,0.020921466541879985,29068.3306640625,0.0374140462263306,26618.2787890625,0.13290174658630116,23734.43521484375,0.2705545448324047,,,30155.89453125,0.0,,,0.9401881720430108,64.1047454108824,42666.45,41757.18,0.5455574579089659,0.5574370683077736,False,False,0.024426150378110023,0.08131970182117665,0.3942775250017947,0.6614930563514281,,0.265725612240063,0.25939456480597584,0.6125730994152047
2024-04-03,30800.0,30900.0,30592.349609375,30815.650390625,30058.158203125,18469,30058.158203125,-0.0032410356132436258,29159.8224609375,0.030807311786308356,26775.542265625,0.1225975520844742,23845.99216796875,0.2605119548559096,,,30155.89453125,-0.0032410356132436258,,,0.8575268817204301,62.61570306864538,41229.9,41571.74,0.44795160793501804,0.4442681494688459,False,False,0.004409939116473138,0.06482269545747243,0.39257679756082875,0.6396523545706372,,0.26509579780809567,0.2595610443357251,0.6154970760233918
2024-04-04,30815.650390625,31145.099609375,30629.25,30790.900390625,30034.017578125,25484,30034.017578125,-0.0008031305456862592,29231.881640625,0.027440448321507604,26934.3681640625,0.1150815714399509,23956.86611328125,0.2536705525717611,,,30155.89453125,-0.004041563184229213,,,0.8481182795698925,79.83898323381736,40574.85,41651.88,0.628073794481064,0.6118331273402305,False,False,0.014808128460652936,0.050403663887866434,0.379105411126748,0.6066361876916428,,0.262946147896877,0.2598030190764504,0.6213450292397661
2024-04-05,30790.0,30982.30078125,30639.849609375,30792.849609375,30035.91796875,19278,30035.91796875,6.327460587174372e-05,29268.21337890625,0.02622997789120385,27086.0582421875,0.10890694024898706,24065.8939453125,0.24806990494530656,,,30155.89453125,-0.0039785443066751025,,,0.8494623655913979,72.63425727537606,38176.4,41656.3,0.5049716578828805,0.4627871414407904,False,False,0.02535847631513999,0.024791966442479385,0.3668635108782796,0.6106844596457213,,0.24923441144907144,0.25993355431898824,0.6242690058479532
2024-04-08,30980.0,31400.150390625,30805.0,31087.349609375,30323.1796875,34117,30323.1796875,0.009563940048340491,29315.852734375,0.03436116841806336,27251.4246484375,0.11271906253307096,24178.8669140625,0.25411913615620874,,,30323.1796875,0.0,,,0.9401881720430108,73.69474391928014,36930.9,41216.2,0.9238063518625325,0.8277570469863792,False,False,0.026584870320947473,0.0324403940751079,0.3937527823718614,0.5880628733241711,,0.2509379717359032,0.25810583570046214,0.5921052631578947
2024-04-09,31137.94921875,31292.80078125,29918.05078125,30067.900390625,29328.7890625,153880,29328.7890625,-0.032793085528887156,29343.5009765625,-0.0005013687383196297,27403.3071875,0.07026458017732651,24282.980078125,0.20779199950505456,,,30323.1796875,-0.032793085528887156,,,0.6317204301075269,53.189685698181805,42099.25,43585.64,3.6551720042518574,3.5305206026572056,True,True,-0.02742765491147625,0.01921629905529154,0.3309913285431967,0.5375178209188611,,0.26882047124683406,0.2693967630181205,0.7646198830409356
2024-04-10,30275.0,30345.30078125,29375.05078125,29795.75,29063.328125,86951,29063.328125,-0.00905120688529959,29361.28046875,-0.010147798018111609,27543.3894140625,0.05518343033561002,24384.0759765625,0.1918978661703279,,,30323.1796875,-0.041547475412657464,,,0.5860215053763441,50.584314056111005,44100.95,45107.34,1.9716355316608827,1.9276463653143814,True,False,-0.033096840844412445,0.012386550283630227,0.3270741453012034,0.467173037283078,,0.27099861355048244,0.26997502299341947,0.7660818713450293
2024-04-12,29951.349609375,30225.0,29800.0,29849.400390625,29115.66015625,39244,29115.66015625,0.0018006207350005354,29379.637890625,-0.008985057452298717,27675.4251171875,0.05204021376235546,24486.62533203125,0.18904339660734926,,,30323.1796875,-0.039821665923371885,,,0.5981182795698925,49.74453059689423,44724.4,44607.78,0.8774628614358158,0.8797568495899146,False,False,-0.030577241938616884,0.012771041544406003,0.30261665968778906,0.46453460321340145,,0.27101436405805046,0.2680359933980587,0.7441520467836257
2024-04-15,29730.0,30161.0,29500.0,29800.400390625,29067.865234375,28572,29067.865234375,-0.0016415537761640397,29452.79912109375,-0.013069517947551068,27794.3690625,0.0458184954301839,24586.3144921875,0.18227826474812026,,,30323.1796875,-0.04139785029346621,,,0.5887096774193549,46.64615154547977,43242.2,44426.42,0.6607434404355006,0.6431308217047423,False,False,-0.032229836803462475,0.05300647196434927,0.2921733147912904,0.4519039258947657,,0.22525289622056566,0.2683053444832168,0.7514619883040936
2024-04-16,29800.400390625,30130.900390625,29570.05078125,29986.5,29249.390625,25386,29249.390625,0.0062448820772134095,29481.35439453125,-0.00786815172827604,27922.8942578125,0.04750569031060814,24679.425390625,0.18517308089802587,,,30323.1796875,-0.03541149290958567,,,0.6223118279569892,47.61952944619284,41788.65,44312.4,0.6074855253759095,0.5728870474178785,False,False,-0.03541149290958567,0.0199142126399261,0.2907689052326099,0.4853078805079827,,0.18112940039167377,0.2682638620023684,0.7485380116959064
2024-04-18,30000.0,30449.80078125,29802.650390625,29924.099609375,29188.521484375,51782,29188.521484375,-0.0020810396156757394,29498.5484375,-0.010509905386763996,28048.041640625,0.04066165682306022,24771.31994140625,0.1783191833708151,,,30323.1796875,-0.037418839805666404,,,0.6169354838709677,39.48990632068247,41706.05,44972.96,1.2415944449306515,1.1514029763662432,False,False,-0.004782590165113509,0.011921828524254607,0.3049126881203663,0.49799610939599814,,0.18054658879441407,0.26619230722717274,0.7134502923976608
2024-04-19,29801.0,29895.25,29421.150390625,29787.0,29054.794921875,22176,29054.794921875,-0.004581477776172571,29497.2169921875,-0.014998773288669165,28165.14859375,0.031586779141737464,24862.58123046875,0.1686153844021936,,,30323.1796875,-0.0418288839988592,,,0.5846774193548387,41.834772159914344,41098.9,44933.4,0.539576485015414,0.493530425029043,False,False,-0.0002936072251704669,-0.0009156672110478548,0.30907030304566274,0.4829410571986872,,0.1791516599098469,0.26564530905188005,0.7002923976608187
2024-04-22,29985.94921875,30127.150390625,29000.0,29142.05078125,28425.69921875,32663,28425.69921875,-0.021652044174345964,29467.71796875,-0.03536136565122017,28265.677109375,0.005661357722151594,24946.20599609375,0.13947985610321223,,,30323.1796875,-0.06257524732909825,,,0.5067204301075269,38.08214737321194,41297.8,45287.94,0.7909138017037226,0.7212295370467281,False,False,-0.02369724518686178,-0.020333160384458093,0.28665441833663774,0.46119997855481554,,0.19494575114009646,0.2704320582397371,0.7733918128654971
2024-04-23,29335.0,29567.19921875,29053.599609375,29277.400390625,28557.72265625,51227,28557.72265625,0.0046445097615370745,29438.796875,-0.029929015866073883,28354.739609375,0.007158699027794535,25030.152109375,0.14093284497275405,,,30323.1796875,-0.058221368914611826,,,0.5349462365591398,36.10138736878486,41615.95,45919.8,1.2309463078459102,1.1155754162692346,False,False,-0.01755005309167723,-0.019852382128994872,0.27197879727091245,0.48746778809682234,,0.19512471396773737,0.26929746263749754,0.7616959064327485
2024-04-24,29439.94921875,29550.0,28800.5,28858.0,28148.62890625,30991,28148.62890625,-0.014325153126678591,29379.8693359375,-0.041907621017954755,28429.1958984375,-0.009868973895351019,25106.269296875,0.12117927890440039,,,30323.1796875,-0.07171249201634378,,,0.4650537634408602,19.745961692897907,41392.65,46135.12,0.7487078019890004,0.6717442156864445,False,False,-0.03763366330815654,-0.040186297960056794,0.27630053892601625,0.4758066935754819,,0.1985471930632662,0.26822703615171223,0.7470760233918129
2024-04-25,28950.400390625,29171.650390625,28538.900390625,28901.05078125,28190.625,36654,28190.625,0.001491941006784625,29317.55732421875,-0.038438820525058204,28503.0221484375,-0.010960141237325804,25184.46287109375,0.11936574324786031,,,30323.1796875,-0.07032754181709688,,,0.47580645161290325,21.371003236633555,41277.05,46447.28,0.8879995057786348,0.7891527770840403,False,False,-0.0341879764245403,-0.042336037633507906,0.2970353464956925,0.4815929505672736,,0.19784822046843106,0.2654436331269728,0.6915204678362573
2024-04-26,28901.05078125,29189.94921875,28810.05078125,28877.19921875,28167.357421875,14760,28167.357421875,-0.0008253658131027741,29229.61591796875,-0.03634185611863383,28573.3209765625,-0.014207783373185623,25260.1253125,0.1150917532438509,,,30323.1796875,-0.07109486168146428,,,0.47043010752688175,21.37672521919764,40064.2,46263.62,0.36840870403003184,0.3190411818184569,False,False,-0.030543581614883797,-0.05877221212322736,0.2768974384378553,0.47329921781253526,,0.18525830819878297,0.26475725111371,0.6827485380116959
2024-04-29,29100.0,29700.0,29008.80078125,29287.150390625,28567.23046875,29397,28567.23046875,0.014196328071743647,29178.189453125,-0.020938892913712537,28655.863671875,-0.0030930215239678427,25336.0068359375,0.12753484216104716,,,30323.1796875,-0.05790781959036595,,,0.5376344086021505,29.92889401364465,38938.05,46118.12,0.7549684691452191,0.6374284120861822,False,False,0.004978989220664198,-0.034752589729749706,0.2688722162999484,0.5145089833491656,,0.19218501497944504,0.2633837785298055,0.6637426900584795
2024-04-30,29304.05078125,29650.0,29251.0,29356.05078125,28634.4375,23608,28634.4375,0.0023525917685132125,29145.2568359375,-0.017526671280097772,28719.16546875,-0.002950223913790073,25413.18361328125,0.12675522814210827,,,30323.1796875,-0.05569146128155367,,,0.5443548387096774,25.44473677035907,38277.95,44875.2,0.6167519420449633,0.5260812208079296,False,False,0.0026863081721681947,-0.02248490504973244,0.23847795135946925,0.5201908985964747,,0.1899542127187667,0.25906178912971783,0.6081871345029239
2024-05-02,29365.05078125,30899.94921875,29356.05078125,30670.44921875,29916.52734375,87649,29916.52734375,0.0447744029806767,29164.1873046875,0.02579670851796978,28786.827734375,0.03924362975313178,25498.494296875,0.17326642881091447,,,30323.1796875,-0.013410610230879971,,,0.7728494623655914,57.88623476985618,41778.25,43584.12,2.09795766936145,2.011030623080149,True,True,0.06280584547787571,0.012817740756154716,0.31079857220646234,0.5958496740946675,,0.24879210127476997,0.2700165457298027,0.7675438596491229
2024-05-03,30688.0,30769.94921875,29932.80078125,30093.44921875,29353.7109375,46475,29353.7109375,-0.01881289227800631,29124.078125,0.007884637979421072,28832.4739453125,0.018078122369108662,25579.52384765625,0.14754719877983824,,,30323.1796875,-0.031971210143230455,,,0.6397849462365591,53.60839554593377,42938.15,42716.86,1.0823708054492334,1.087977908488592,False,False,0.041257898237445856,-0.026601220299358408,0.28008006302834154,0.5581283549585403,,0.2460343164572218,0.27426865345770407,0.7923976608187134
2024-05-06,30250.0,30310.650390625,29494.650390625,30034.55078125,29296.259765625,36056,29296.259765625,-0.0019572030261293394,29085.983203125,0.007229480985102343,28869.7285546875,0.014774340885454817,25662.80173828125,0.14158461980882286,,,30323.1796875,-0.033865839020118416,,,0.6263440860215054,52.24134061095784,43817.5,42467.06,0.8228675757402865,0.8490345222862143,False,False,0.040078390274314035,-0.0253474757951333,0.26279990338535986,0.5498646888049166,,0.24593758263739862,0.27411653314468615,0.7909356725146199
2024-05-07,30186.0,30186.0,29160.05078125,29607.849609375,28880.046875,26812,28880.046875,-0.014207031680998683,29028.28466796875,-0.0051066673303064025,28885.7841015625,-0.00019861765020223743,25742.502421875,0.12188187464085987,,,30323.1796875,-0.04759173765325464,,,0.5672043010752689,47.86436474161973,43883.9,41912.54,0.6109757792721249,0.6397130787110492,False,False,0.01095018316851526,-0.038422122519016,0.23422835978814782,0.5242846603085498,,0.2502374345365195,0.27647074539918265,0.8099415204678363
2024-05-08,29607.849609375,30547.900390625,29607.849609375,30047.599609375,29308.98828125,35553,29308.98828125,0.014852517660603803,28991.93818359375,0.010935802071889933,28907.4242578125,0.013891380285428578,25825.78169921875,0.13487322949595826,,,30323.1796875,-0.03344607711664471,,,0.6290322580645161,50.64157122504486,44697.65,41739.18,0.7954109444232527,0.851789613499834,False,False,0.023557326078083474,-0.024202013344699957,0.21590862868646843,0.5318445534553573,,0.2571405114765865,0.2719543862833301,0.7807017543859649
2024-05-09,29900.05078125,30439.650390625,29763.349609375,29881.69921875,29147.166015625,25858,29147.166015625,-0.005521250480301387,28933.1375,0.007397348995593633,28947.01921875,0.006914245482842585,25907.8271875,0.1250332111867689,,,30323.1796875,-0.038782663427601616,,,0.6075268817204301,49.56427723606814,44284.7,40925.24,0.5839036958588407,0.6318350240585028,False,False,-0.025716932960995198,-0.038782663427601616,0.19329351623302604,0.5319744320339932,,0.2544035883631511,0.2717613106605208,0.7777777777777778
2024-05-10,30200.0,30584.0,29753.5,30431.94921875,29683.888671875,30547,29683.888671875,0.01841423128280395,28950.89248046875,0.025318604319392035,28989.7981640625,0.02394257814022782,25992.688203125,0.14200918504097704,,,30323.1796875,-0.021082585078916805,,,0.7190860215053764,56.109351349915976,38118.05,40619.48,0.8013788743128255,0.7520283371426714,False,False,0.011248245071228569,0.01210754418187121,0.21162129230667182,0.5691254963737435,,0.23608411662492293,0.2735687690872692,0.7880116959064327
2024-05-13,30431.94921875,31031.0,29979.80078125,30797.80078125,30040.748046875,31139,30040.748046875,0.012021988727444644,28999.7634765625,0.03589631243557623,29038.91828125,0.03449955524933812,26082.6198046875,0.15175347690634045,,,30323.1796875,-0.009314050951636399,,,0.8077956989247311,66.55992598244487,35327.45,40398.02,0.8814392207759123,0.770805103814494,False,False,0.02541240032707348,0.033630694931811034,0.21857216866025664,0.5849510846413255,,0.23638317936263034,0.2740853941397102,0.7894736842105263
2024-05-14,31000.0,32100.0,30170.349609375,31882.0,31098.296875,82044,31098.296875,0.0352038113856159,29098.8953125,0.06871056584890756,29099.5747265625,0.06868561369775072,26181.0453515625,0.18781723408702744,,,31098.296875,0.0,,,0.9401881720430108,71.89432076090345,37467.45,41386.4,2.1897406949231937,1.982390350453289,True,True,0.07680908585782897,0.06809520059343055,0.2724294230576052,0.648838924223629,,0.26452264346680393,0.2804865887604295,0.8581871345029239
2024-05-15,31900.0,31900.0,30573.599609375,30935.400390625,30174.96484375,101787,30174.96484375,-0.029690758788538996,29154.25029296875,0.0350108317149016,29139.9560546875,0.035518543237336386,26269.15056640625,0.14868445279454967,,,31098.296875,-0.029690758788538996,,,0.6545698924731183,66.04093431263652,41128.2,42769.92,2.4748712562183615,2.379873518585024,True,True,0.029546450194392948,0.03808671880265124,0.18475609391374714,0.5799280106010414,,0.2892378560988636,0.277592561113218,0.8201754385964912
2024-05-16,31101.05078125,31277.0,30600.05078125,31041.55078125,30278.505859375,66955,30278.505859375,0.0034313549712865488,29205.7060546875,0.03673254132869408,29192.9017578125,0.037187262525965714,26361.71634765625,0.14857869874876273,,,31098.296875,-0.026361283350022635,,,0.6814516129032258,66.36864066148604,43206.65,43544.78,1.5496457142592632,1.5376125450628066,True,False,0.03881474593940015,0.035184159819568794,0.14114624631618677,0.5186101459482917,,0.28886588273599545,0.26556408932748965,0.6973684210526315
2024-05-17,31043.55078125,31154.0,30542.19921875,31027.75,30265.04296875,56789,30265.04296875,-0.0004446352368748796,29259.53212890625,0.0343652398614529,29240.4416796875,0.03504055445832277,26451.607421875,0.14416649567093454,,,31098.296875,-0.026794197431430855,,,0.6720430107526881,66.47082909683148,43457.0,44112.64,1.3067860183629796,1.2873634405014074,False,False,0.01957810525767245,0.03688167230228756,0.11797108875206108,0.513322789872418,,0.2886260865168212,0.26296947444945423,0.6608187134502924
2024-05-21,30813.400390625,30999.400390625,30580.0,30883.05078125,30123.904296875,52316,30123.904296875,-0.0046634221540915455,29312.98759765625,0.027664075404022936,29278.3533203125,0.02887973129198773,26540.8797265625,0.13500021880309254,,,31098.296875,-0.03133266693161951,,,0.6451612903225806,62.74051810761464,44964.0,44214.96,1.1635085846454942,1.1832194352318763,False,False,0.002768115157127493,0.036796314614324865,0.09806886204417253,0.5115865895517773,,0.2886508956297324,0.2622324757316737,0.6491228070175439
2024-05-22,31000.0,31344.94921875,30587.55078125,30935.44921875,30175.013671875,85634,30175.013671875,0.0016966384734300455,29400.4533203125,0.0263451839712745,29309.9969140625,0.029512686758335294,26634.4829296875,0.1329303351423854,,,31098.296875,-0.029689188666380928,,,0.6559139784946236,62.642079649549416,47612.55,45155.94,1.7985594134319627,1.8964060985110707,True,False,-0.029689188666380928,0.0615398917600285,0.07471325294969344,0.5039963513775303,,0.27488459864548875,0.25827839304511746,0.597953216374269
2024-05-23,30865.150390625,30999.94921875,30647.900390625,30861.30078125,30102.685546875,51535,30102.685546875,-0.002396954174950894,29477.70146484375,0.02120192725259229,29325.8649609375,0.02648926423729492,26726.1030078125,0.12634025013207006,,,31098.296875,-0.03201497921660701,,,0.6384408602150538,51.906074729536286,47627.95,44841.7,1.0820327139841208,1.149265081386299,False,False,-0.0023953398868655773,0.054099653155882166,0.06645078740184718,0.4929583563269597,,0.2755062551516119,0.25825280705118614,0.5964912280701754
2024-05-24,30960.0,31318.349609375,30739.94921875,30840.150390625,30082.056640625,74133,30082.056640625,-0.000685284580934753,29574.3728515625,0.017166341670561414,29340.0982421875,0.025288204296829875,26817.42287109375,0.1217355517427503,,,31098.296875,-0.032678324425925664,,,0.6344086021505376,58.388954051550336,49785.05,45143.82,1.4890614752822382,1.6421516832204275,False,False,-0.006488075060981702,0.06868639111390995,0.10728434609529836,0.46478006729119015,,0.26843831291781955,0.2453626874463383,0.43128654970760233
2024-05-27,30901.0,32229.5,30901.0,31566.44921875,30790.501953125,121384,30790.501953125,0.02355042811611696,29704.36669921875,0.03656483455460502,29380.391796875,0.04799494050314146,26913.1936328125,0.14406719519103417,,,31098.296875,-0.009897484840156512,,,0.8024193548387096,64.96608700006885,54021.55,46561.24,2.2469551503057574,2.606975243786463,True,True,0.017361911064113222,0.09222487806229918,0.11782782540748404,0.511467160059708,,0.27755633278942277,0.24817425902141915,0.4605263157894737
2024-05-28,31550.0,31566.44921875,30821.55078125,31065.94921875,30302.306640625,76953,30302.306640625,-0.01585538661380781,29811.11416015625,0.016476823973430976,29412.2831640625,0.030260264787943303,27003.089375,0.1221792521517735,,,31098.296875,-0.02559594300531931,,,0.6827956989247311,64.04263795955502,57131.2,47161.96,1.346952278264766,1.6316751890718706,False,False,0.005922284906757724,0.07579515489415356,0.09851694225209995,0.47090626739111685,,0.28641361426994755,0.2508511950948297,0.5
2024-05-29,30962.5,31317.05078125,30822.05078125,31127.05078125,30361.904296875,52833,30361.904296875,0.0019667696243987898,29900.8478515625,0.015419510764421718,29444.551015625,0.031155281694164705,27092.66837890625,0.12066865737426236,,,31098.296875,-0.02367951470413121,,,0.6948924731182796,61.21380220434887,58303.0,47683.12,0.9061797849167281,1.1080021609324222,False,False,0.006193555603064782,0.06282281476631812,0.08182401044210019,0.44724682924431414,,0.2838112532754651,0.24870015126038345,0.4692982456140351
2024-05-30,31140.0,31300.0,30470.55078125,30610.349609375,29857.904296875,68887,29857.904296875,-0.016599749313216616,29962.02119140625,-0.0034749623153298437,29489.6162890625,0.012488735160284037,27176.2283203125,0.0986772684183741,,,31098.296875,-0.039886190009400635,,,0.5967741935483871,57.05530036472943,60566.95,47896.54,1.137369472955135,1.4382458524143915,False,False,-0.0081315419389687,0.04272711125807871,0.06044935355741132,0.4274631745756361,,0.2924062438605577,0.2513938694193862,0.5146198830409356
2024-05-31,31099.900390625,31150.900390625,29502.69921875,30393.75,29646.62890625,868375,29646.62890625,-0.00707602879707514,29948.52626953125,-0.01008054154532434,29508.9831640625,0.004664536945316655,27255.45162109375,0.08773207350949375,,,31098.296875,-0.04667998297736364,,,0.571236559139785,49.604583900054266,99603.25,64174.9,8.718340014005568,13.531380648820644,True,True,-0.014474666395879576,-0.009021716805523106,0.07293952825244032,0.38629846232951626,,0.24676574045660882,0.2486187021300388,0.46637426900584794
2024-06-03,30555.0,30694.349609375,29865.75,29989.349609375,29252.169921875,44990,29252.169921875,-0.013305357098858606,29943.44921875,-0.023086161244314285,29517.13375,-0.008976611020878655,27331.69001953125,0.07026568430167957,,,31098.296875,-0.0593642462333398,,,0.5228494623655914,41.69753898795815,99529.0,64006.02,0.45202905685780026,0.7029026332210627,False,False,-0.04996125212872249,-0.0034592224417961948,0.04891425537934868,0.37652373945889983,,0.24202590223332293,0.249823792367404,0.48391812865497075
2024-06-04,30300.0,30351.30078125,27500.0,29548.25,28821.9140625,72953,28821.9140625,-0.014708510873692515,29919.73193359375,-0.03669210250714594,29511.9435546875,-0.02338136391826684,27404.0635546875,0.05173869579535317,,,31098.296875,-0.07319959744580062,,,0.46102150537634407,22.3858552104726,101373.85,64778.7,0.7196431821421402,1.126188083428658,False,False,-0.048854121756536584,-0.016191340018140377,0.021028235092733327,0.374535819543796,,0.24751941378324743,0.2507179421452002,0.49853801169590645
2024-06-05,29748.0,31143.94921875,29315.80078125,30867.05078125,30108.294921875,49866,30108.294921875,0.04463204132055543,29981.1443359375,0.004241018438548627,29533.795859375,0.01945225954819607,27487.36751953125,0.09535025136479303,,,31098.296875,-0.03183460358309409,,,0.6411290322580645,49.25671547281693,102526.55,65202.32,0.48637157887395993,0.7647887375786628,False,False,-0.008352881048574456,0.042529295474871054,0.053001424704111066,0.4399008061809604,,0.289494838206776,0.2654370343570351,0.6900584795321637
2024-06-06,30849.94921875,31168.75,30494.75,30651.69921875,29898.23828125,20538,29898.23828125,-0.006976703302862375,30010.6068359375,-0.0037442946522806553,29549.037734375,0.01181766222013958,27566.60654296875,0.08458174692800413,,,31098.296875,-0.03858920630199303,,,0.6088709677419355,45.85885518871958,101775.8,64715.8,0.201796497792206,0.3173568124012992,False,False,0.0013508645474231695,0.020104754021037508,0.020094489313959185,0.4250108193745792,,0.28724333830731125,0.26111885437285964,0.6418128654970761
2024-06-07,30510.0,31000.0,30510.0,30596.599609375,29844.4921875,19067,29844.4921875,-0.0017976341363131754,30045.47314453125,-0.006689225896508555,29559.383984375,0.009645268767295878,27647.486484375,0.07946493452005621,,,31098.296875,-0.040317471163764496,,,0.5940860215053764,45.460000640974826,101436.25,64388.0,0.18797027689805174,0.29612660744238056,False,False,0.006674056665116668,0.02392432154471491,0.016142093031746185,0.42506029310000737,,0.2863992440196861,0.26113713969309355,0.6432748538011696
2024-06-10,30599.94921875,30929.94921875,30563.80078125,30764.75,30008.51171875,12586,30008.51171875,0.005495805732580017,30061.704296875,-0.001769446522382645,29570.8169140625,0.014801579745311377,27727.2186328125,0.08227630459976276,,,31098.296875,-0.03504324242032952,,,0.625,48.76041866423734,100538.2,63860.4,0.12518624761533428,0.1970861441519314,False,False,0.025855921078504318,0.010936001359639125,0.042837608772880786,0.41564360298148006,,0.2797765084910541,0.2577523670967895,0.5891812865497076
2024-06-11,30765.099609375,31598.94921875,30650.0,31174.0,30407.69921875,39791,30407.69921875,0.013302475768919297,30080.05185546875,0.010892513246172575,29580.4471875,0.02796617731998241,27812.292578125,0.09331868753122285,,,31098.296875,-0.02220692853457107,,,0.7096774193548387,52.325657210210835,100970.8,63875.88,0.39408423029232215,0.6229424940994942,False,False,0.05502011951084307,0.01221511432746003,0.05921612217742367,0.4447118300094699,,0.2805003852414869,0.25892054560161165,0.6067251461988304
2024-06-12,31255.0,31550.0,31160.0,31411.30078125,30639.16796875,18859,30639.16796875,0.007612175730062232,30057.09541015625,0.019365562462068997,29601.3153515625,0.03506103039210773,27895.1675390625,0.09836830791014206,,,31098.296875,-0.014763795846938987,,,0.7567204301075269,55.196744058099,97811.55,63214.66,0.19280954038659032,0.29833269687759134,False,False,0.01763211926322983,-0.014763795846938987,0.06576536095142971,0.44145368806590857,,0.25111514343260105,0.2592650717127671,0.6111111111111112
2024-06-13,31550.69921875,32683.25,31450.80078125,32433.150390625,31635.8984375,56576,31635.8984375,0.03253125116734901,30130.14208984375,0.04997508286440544,29648.1715234375,0.06704382806511888,27986.57322265625,0.13039557168397709,,,31635.8984375,0.0,,,0.9401881720430108,62.657932394672756,95551.0,63609.98,0.5921026467540894,0.8894201821789599,False,False,0.05811914869043422,0.04841541991233167,0.14603551146574656,0.4807733534334162,,0.25272142674695164,0.25272014080970073,0.533625730994152
2024-06-14,32680.0,32927.94921875,31980.0,32327.80078125,31533.138671875,57427,31533.138671875,-0.0032482012745114197,30192.87373046875,0.04439010851934033,29688.0759375,0.0621482759023948,28075.30021484375,0.12316300914221556,,,31635.8984375,-0.0032482012745114197,,,0.8561827956989247,56.71202901231866,95074.6,64405.66,0.6040204218582039,0.8916452373906268,False,False,0.056581511716331745,0.04143641758041161,0.09954756709024593,0.5000117529807742,,0.2535008683789243,0.24122242182154632,0.38596491228070173
2024-06-18,32355.599609375,34350.0,32355.599609375,33379.19921875,32558.689453125,156530,32558.689453125,0.032522952818671014,30307.5560546875,0.07427630899619597,29736.1318359375,0.09492013395556409,28177.2053125,0.15549747010152504,,,32558.689453125,0.0,,,0.9401881720430108,68.58791637732021,100061.65,67070.72,1.5643355871105464,2.333805273001393,True,False,0.08498181310276687,0.07578533712122248,0.12876044726679625,0.5303058886126024,,0.2751123758055916,0.24924781680835062,0.4722222222222222
2024-06-19,33400.0,33592.5,32606.400390625,32892.55078125,32084.0078125,42616,32084.0078125,-0.014579261284714873,30405.56123046875,0.05520196023710677,29776.648828125,0.07748887383847003,28276.095546875,0.13466895594946604,,,32558.689453125,-0.014579261284714873,,,0.760752688172043,63.278466528578505,99576.65,67553.66,0.42797181869444295,0.6308466484273391,False,False,0.05512776819090459,0.06506804351480877,0.10324748891665902,0.513634076395941,,0.28133930455830214,0.2512455213411545,0.5087719298245614
2024-06-20,33050.0,33301.25,32201.55078125,32254.69921875,31461.833984375,45408,31461.833984375,-0.01939202333327572,30469.90224609375,0.032554477210651855,29805.20515625,0.055581862947774896,28369.78666015625,0.10899085570359102,,,32558.689453125,-0.03368856324297542,,,0.6276881720430108,62.14592886600805,97565.35,67952.14,0.46541113212836316,0.6682350254164181,False,False,0.026850142159998258,0.04264522715691088,0.08430456646958384,0.5115204169080154,,0.29266812173708184,0.2548440688569586,0.5628654970760234
2024-06-21,32254.69921875,32800.0,32064.94921875,32606.349609375,31804.83984375,45227,31804.83984375,0.01090228432154805,30555.0099609375,0.040904253816651526,29840.58359375,0.06582499446865397,28463.32091796875,0.11739736678694324,,,32558.689453125,-0.023153561216286755,,,0.6989247311827957,66.02359825199852,97249.95,68471.12,0.4650593650690823,0.6605266570781959,False,False,0.005340180446708809,0.056544931654833874,0.09159397564209937,0.5188066139588703,,0.2936732258850322,0.2555214567611467,0.5657894736842105
2024-06-24,32600.0,33095.0,32200.0,33015.5,32203.935546875,27730,32203.935546875,0.012548269542801194,30661.10390625,0.05031885496824873,29878.1987109375,0.07784059736794369,28564.8116796875,0.12739883980314448,24263.73146484375,0.3272457945529106,32558.689453125,-0.010895828800503216,,,0.7983870967741935,71.90025231667046,94929.8,68343.38,0.2921105911947565,0.4057452236046856,False,False,0.02127275949216867,0.07053636430510735,0.09809180050822097,0.5371755352849725,,0.2952742254367562,0.2563128878125366,0.5701754385964912
2024-06-25,33075.0,33919.94921875,33075.0,33817.94921875,32986.65625,54500,32986.65625,0.024305125750413215,30770.91162109375,0.0720077668218102,29951.3560546875,0.1013409940361436,28677.33162109375,0.15026937254289408,24338.9396484375,0.35530375301775585,32986.65625,0.0,,,0.9401881720430108,79.36400131317738,91585.6,66355.78,0.5950717143306371,0.8213301086958815,False,False,0.013144472460758783,0.07132570622649781,0.12058998087472039,0.5549895896190447,,0.29596269053735424,0.2604478233761874,0.631578947368421
2024-06-26,33817.94921875,34426.8984375,33450.05078125,34149.3984375,33309.9609375,35727,33309.9609375,0.00980107486644699,30921.2943359375,0.0772498904997756,30036.2887109375,0.10899056997579115,28789.8390625,0.1570040688726062,24415.290107421875,0.3643073988039274,33309.9609375,0.0,,,0.9401881720430108,76.12111442660493,89524.3,65331.3,0.39907600506231267,0.5468588563215487,False,False,0.03821072268042425,0.09925496209066687,0.11307072146982478,0.5629136742368737,,0.2874675582274585,0.2591875706187189,0.6096491228070176
2024-06-27,34300.0,36678.0,33980.0,34749.6484375,33895.453125,107957,33895.453125,0.017577090186283062,31097.97177734375,0.08995703538757271,30131.8845703125,0.124903191697328,28903.65484375,0.1727047429896018,24494.579169921875,0.38379405867163996,33895.453125,0.0,,,0.9401881720430108,80.72919169157146,92280.5,66705.56,1.1698787934612405,1.6184108191281208,False,False,0.07735147105008622,0.11638100145413777,0.14528072242189993,0.5836033890417334,,0.2906797143951112,0.2597116346441012,0.6169590643274854
2024-06-28,34785.0,34785.0,33965.80078125,34084.3984375,33246.5546875,58629,33246.5546875,-0.01914411455445031,31267.404296875,0.06329755971533602,30215.458359375,0.10031607967265987,29004.9137109375,0.14623870351191615,24570.87841796875,0.3530877538015371,33895.453125,-0.01914411455445031,,,0.7352150537634409,73.9612582378793,91767.6,67306.7,0.6388856197612228,0.8710722706654761,False,False,0.04533004570476762,0.11349257325403328,0.13496237047159831,0.5462140082394569,,0.2933936035193087,0.2621936317687218,0.6476608187134503
2024-07-01,34000.05078125,34479.8515625,33702.1484375,34249.94921875,33408.0390625,30255,33408.0390625,0.00485717622526205,31455.4748046875,0.0620739082762638,30298.631328125,0.10262535296400199,29110.76279296875,0.14761812667338248,24645.98560546875,0.3555164559978894,33895.453125,-0.014379924667255795,,,0.7647849462365591,73.95195621995268,49861.6,67404.08,0.6067795658382402,0.4488600690047249,False,False,0.037389949246182885,0.12687480145363272,0.13102213561038534,0.5378189798811293,,0.28961582804356834,0.2619430873660395,0.6461988304093568
2024-07-02,34460.0,35099.0,34300.05078125,34644.80078125,33793.18359375,35059,33793.18359375,0.0115284985906976,31682.52548828125,0.06661899810510508,30390.7245703125,0.11195715375477522,29219.38310546875,0.15653309557467043,24722.63115234375,0.36689268166937583,33895.453125,-0.0030172050178189913,,,0.8602150537634409,73.9003090248152,49365.05,67069.62,0.710198814748491,0.5227254903188657,False,False,0.024450109087670757,0.15523681436293013,0.12061618861051349,0.562449965932811,,0.28077372631737696,0.259772053977052,0.6198830409356725
2024-07-03,34775.0,35080.5,34419.69921875,34546.44921875,33697.25,23302,33697.25,-0.0028388445108717963,31926.29228515625,0.05547019675902476,30483.573671875,0.10542321457178838,29324.3611328125,0.1491213686593995,24798.3903125,0.35884827907617844,33895.453125,-0.005847484152787796,,,0.831989247311828,72.01016516852543,46882.5,67092.14,0.4970298085639631,0.34731341107915176,False,False,0.011626824277178649,0.16915378787570767,0.12106835596123333,0.5611737809912776,,0.2713883895832845,0.2597384997104134,0.618421052631579
2024-07-04,34750.0,35331.44921875,34571.0,35276.3984375,34409.25390625,27710,34409.25390625,0.021129436563814608,32141.340234375,0.07056064418401187,30603.244765625,0.12436619612636912,29434.4609375,0.16901253871485133,24877.10740234375,0.3831694075095,34409.25390625,0.0,,,0.9401881720430108,70.81395526098541,45774.7,66993.08,0.6053562339021338,0.4136248102042778,False,False,0.015158398365562542,0.14284963647178062,0.1456760260842247,0.5800080069709435,,0.24033834992700903,0.2625876900159089,0.6535087719298246
2024-07-05,35000.0,35680.0,34944.0,35074.0,34211.83203125,33743,34211.83203125,-0.005737464565139572,32357.019921875,0.0573233293379114,30716.326953125,0.11379957907920946,29535.53328125,0.15832789289667737,24954.750947265624,0.3709546572332634,34409.25390625,-0.005737464565139572,,,0.8333333333333334,69.82187511110584,46434.95,66643.4,0.7266724740739465,0.5063217062754902,False,False,0.029033906003888,0.14427585028329815,0.13903067876416197,0.5568994725736522,,0.23943427844347565,0.26307706811268444,0.6622807017543859
2024-07-08,35172.1015625,35484.0,34342.5,34412.30078125,33566.3984375,28099,33566.3984375,-0.018865800380419406,32543.115234375,0.031443922800731494,30824.68234375,0.08894547762650062,29626.93912109375,0.13296882611816763,25028.633505859376,0.3411198989206452,34409.25390625,-0.02449502308438334,,,0.6908602150537635,57.90137519491295,46886.55,66585.56,0.5992976663883353,0.42199840325740295,False,False,0.004740157741786044,0.12470998757884288,0.1069551011280303,0.5428217521579177,,0.2548003387640361,0.26616078155837186,0.7105263157894737
2024-07-09,34700.0,35753.0,34556.0,35612.44921875,34737.04296875,30550,34737.04296875,0.03487548815908026,32779.541796875,0.059717160904964706,30955.610703125,0.12215660359248748,29729.31642578125,0.1684440527070461,25108.16955078125,0.38349563469747805,34737.04296875,0.0,,,0.9401881720430108,68.75530893735095,47784.75,66463.48,0.639325307760321,0.45965092408643066,False,False,0.027930466284169952,0.15757300109773542,0.18440085933056927,0.5764272732880982,,0.27457998233931374,0.2646853745996079,0.6798245614035088
2024-07-10,35649.94921875,35675.0,34867.5,35389.94921875,34520.01953125,30144,34520.01953125,-0.006247608286498063,32985.1578125,0.046531889508448776,31082.6639453125,0.11058754783648084,29827.9924609375,0.15730281132587587,25187.996318359375,0.370494861716673,34737.04296875,-0.006247608286498063,,,0.8279569892473119,72.93315542875052,47302.4,66771.16,0.6372615342984711,0.4514523935183992,False,False,0.024416518595731018,0.13523944323825265,0.18775177373978047,0.5762346699657075,,0.2778358204989987,0.2642038956644827,0.6710526315789473
2024-07-11,35450.0,35777.80078125,35300.6484375,35611.25,34735.87890625,23755,34735.87890625,0.0062531649150601165,33189.993359375,0.04657685616674989,31206.0369140625,0.1131140747512489,29930.95029296875,0.16053378079378922,25267.92552734375,0.37470244119013585,34737.04296875,-3.3510696378136196e-05,,,0.8790322580645161,72.40697628583612,47547.2,66658.32,0.4996088097721843,0.35636961747610796,False,False,0.009492359261549455,0.133708295919732,0.19303078548928454,0.5540617766987508,,0.27780599100755116,0.264274645727639,0.6739766081871345
2024-07-12,35650.0,35698.5,34902.1484375,35139.05078125,34275.28125,21287,34275.28125,-0.01325999717736015,33321.9625,0.028609321854917713,31318.8537890625,0.0943976903129824,30019.00962890625,0.14178587747262839,25344.933671875,0.3523523751823787,34737.04296875,-0.013293063521998882,,,0.7755376344086021,65.68734736502668,45782.75,66611.9,0.4649567795730925,0.3195675247215588,False,False,0.0018545986865610153,0.08342999386328076,0.17914683357850536,0.5236620725707914,,0.2681467609514652,0.26622686686214253,0.716374269005848
2024-07-15,35239.05078125,35364.75,35000.0,35085.19921875,34222.75390625,14038,34222.75390625,-0.0015325138652217962,33456.44326171875,0.02290472536296395,31404.9783203125,0.08972385069646682,30095.90302734375,0.13712334450163488,25420.83255859375,0.3462483507323477,34737.04296875,-0.014805205583061976,,,0.7553763440860215,60.52576782579251,43613.3,65139.68,0.32187429064069906,0.2155061246846776,False,False,0.01955394380401354,0.08529487858352391,0.17003305624422738,0.5102422870943262,,0.26758756516735116,0.2662850471967516,0.7207602339181286
2024-07-16,35389.94921875,35399.0,35000.05078125,35108.8515625,34245.828125,14283,34245.828125,0.0006742361767031468,33540.8001953125,0.021020009230013237,31502.8206640625,0.08707180509923806,30167.6473046875,0.13518392001615664,25497.224013671876,0.3431198669563804,34737.04296875,-0.014140951611566477,,,0.7674731182795699,58.398641533351004,36500.95,64495.84,0.391304883845489,0.2214561435280167,False,False,-0.014140951611566477,0.05181838397715577,0.1732635427708198,0.5310064834706949,,0.24593787079471377,0.2661310266727472,0.7090643274853801
2024-07-18,35170.05078125,35385.05078125,34784.69921875,35149.8515625,34285.8203125,48057,34285.8203125,0.001167797354878486,33650.8908203125,0.01886813325620018,31602.611875,0.08490464168319645,30236.17021484375,0.13393396282933234,25575.12904296875,0.34059227051783103,34737.04296875,-0.012989668022575396,,,0.7782258064516129,53.88344760800394,36773.0,64735.86,1.3068555733826448,0.7423551645100567,False,False,-0.006784446298994329,0.0686264793621627,0.18004000388543862,0.5447553254923163,,0.23752061281244383,0.2657100871898035,0.7017543859649122
2024-07-19,35200.0,35200.0,33948.0,34073.30078125,33397.25390625,24779,33397.25390625,-0.025916440037050625,33747.66181640625,-0.010383175938603939,31692.956015625,0.05377528968218548,30289.37005859375,0.10260642072265469,25649.208828125,0.30207735178283834,34737.04296875,-0.03856946210721779,,,0.6102150537634409,51.43094951784875,35741.55,64695.2,0.6932827479502147,0.38301141352063217,False,False,-0.03853724282068305,0.061516436798827234,0.17489647833256083,0.511685744934745,,0.2467836872510693,0.26753054185568786,0.7368421052631579
2024-07-22,34073.30078125,34650.0,33715.0,34135.6015625,33458.3203125,20371,33458.3203125,0.0018284858516037783,33830.33583984375,-0.01099650707296873,31775.94265625,0.05294501171687793,30341.68345703125,0.10271799387408453,25723.92609375,0.30066927538830024,34737.04296875,-0.036811499971381,,,0.6209677419354839,50.4867225182521,34498.75,64391.56,0.5904851625058879,0.31636133679631306,False,False,-0.02383528034507376,0.05198832872208059,0.17160323724824322,0.490254476593728,,0.2450766265982525,0.267511137368119,0.7353801169590644
2024-07-23,34197.94921875,34422.44921875,33100.0,34065.1015625,33389.21875,36942,33389.21875,-0.0020653027962729276,33889.6,-0.014765038536896258,31860.7837109375,0.04797229889036925,30403.90146484375,0.09818862518707316,25798.364189453125,0.29423782472418014,34737.04296875,-0.03880077587382791,,,0.6021505376344086,45.83476651895792,34959.35,64613.24,1.0567130109684535,0.5717404049077248,False,False,-0.024356168370710085,0.03680553891929583,0.1861756699128745,0.5139166467707301,,0.24272704209549065,0.26533364367456713,0.6885964912280702
2024-07-24,34130.6484375,34574.94921875,33836.05078125,34116.3984375,33439.5,18849,33439.5,0.001505912743166471,33912.2421875,-0.01394016310942281,31935.8959375,0.04708194394929821,30462.84705078125,0.09771420721959112,25872.869453125,0.29245424673841414,34737.04296875,-0.037353293713494606,,,0.6182795698924731,47.31711283869499,33176.8,64379.28,0.5681379759349907,0.29278053435825935,False,False,-0.023545294978904785,0.013728088914741088,0.1861922181576321,0.5385332346885785,,0.22787622561015725,0.2653333092443519,0.6871345029239766
2024-07-25,34090.0,34920.0,33800.05078125,34751.05078125,34061.55859375,20428,34061.55859375,0.018602508821902175,33949.8220703125,0.003291225597768621,32016.3121484375,0.06388138758237072,30527.61521484375,0.1157621829951494,25950.122119140626,0.31257796928155623,34737.04296875,-0.019445649867424697,,,0.7338709677419355,46.31182387581276,32411.85,64165.06,0.6302633141891006,0.31836641312265584,False,False,-0.006540946569338457,0.022563750754923895,0.20925644829207557,0.5440964612386103,,0.23454188672164025,0.26712260796280773,0.7280701754385965
2024-07-26,34751.05078125,35000.0,34563.1484375,34917.05078125,34224.265625,18411,34224.265625,0.004776852204286808,33966.2626953125,0.007595858631897823,32078.8315234375,0.06688005764782923,30589.203125,0.11883482172273818,26027.698310546875,0.31491710164520126,34737.04296875,-0.014761686658570916,,,0.7580645161290323,50.13286781593362,27934.55,62892.4,0.6590763051490001,0.2927380732807144,False,False,0.02476286586530496,0.009700784904317361,0.19802532704170583,0.5201410519068796,,0.22698078912956898,0.26617880845024333,0.7119883040935673
2024-07-29,34902.0,35156.1484375,34820.0,34936.05078125,34242.88671875,19618,34242.88671875,0.0005440903817786058,34016.079296875,0.006667653255848061,32160.1899609375,0.06476008880364792,30650.0730078125,0.11722039650677885,26106.820439453124,0.3116452383838171,34737.04296875,-0.014225627968522003,,,0.7661290322580645,58.34733545220819,25984.0,61249.02,0.755003078817734,0.32029900233505776,False,False,0.023449067344749164,0.02996797835490006,0.19586378180992736,0.48105092660094595,,0.21471738034767174,0.2662278298070957,0.7178362573099415
2024-07-30,34945.0,35050.0,34810.0,34924.55078125,34231.61328125,10838,34231.61328125,-0.00032921983454825554,34057.2580078125,0.0051194747797225215,32239.252109375,0.061799236691834736,30716.07693359375,0.11445264820949053,26187.12986328125,0.30719225283441487,34737.04296875,-0.01455016444418411,,,0.7620967741935484,41.263854679802954,25013.15,60126.68,0.43329208836152183,0.18025275967340953,False,False,0.025229537041803418,0.024651977244436685,0.14423752756856945,0.4998649174019334,,0.2144514232249644,0.25174072445531376,0.5190058479532164
2024-07-31,34904.05078125,35029.8984375,34420.44921875,34978.44921875,34284.44140625,32525,34284.44140625,0.001543255486265327,34081.8208984375,0.005945119787358122,32319.640078125,0.06079279730144149,30780.04087890625,0.11385301732153774,26267.802685546874,0.30518878250574266,34737.04296875,-0.01302936357902329,,,0.7768817204301075,45.68309687763955,24886.45,59641.4,1.306936103783384,0.5453426646591126,False,False,0.025267764358019695,0.014537186504998578,0.16797639246528395,0.4951032940825757,,0.21103955165809418,0.2478509746232606,0.4546783625730994
2024-08-01,34853.0,35182.80078125,34266.1015625,34370.69921875,33688.75390625,23238,33688.75390625,-0.01737486380313047,34081.39609375,-0.01152071899930196,32390.9370703125,0.040067282805689386,30834.6451953125,0.09256174970910269,26344.586298828126,0.27877331320054033,34737.04296875,-0.03017784396452683,,,0.6518817204301075,33.15643433960082,24883.25,59059.84,0.9338812253222549,0.39346533956068963,False,False,-0.010945027265088392,-0.0002521301812462573,0.14993361527258742,0.45213605826580094,,0.22046585750356562,0.2510840048360777,0.5058479532163743
2024-08-02,34370.69921875,34580.0,33810.0,33909.75,33236.94921875,28189,33236.94921875,-0.013411142743875115,34022.780859375,-0.023097219591574514,32452.17578125,0.024182459838437698,30881.08634765625,0.07628821229187577,26417.302412109377,0.2581507642322547,34737.04296875,-0.04318426733529124,,,0.5833333333333334,33.25049307178999,24907.2,57910.94,1.1317610971927796,0.4867646769332357,False,False,-0.02884843219334965,-0.03406945964867514,0.15086202465694587,0.42042654903480914,,0.21059474528079505,0.25086364494990426,0.5014619883040936
2024-08-05,33500.05078125,33789.8984375,32147.69921875,32355.19921875,31713.2421875,35807,31713.2421875,-0.04584376927080991,33897.8513671875,-0.06444683340024782,32484.3869140625,-0.023738934294883385,30905.1259375,0.02614829176345279,26482.629013671874,0.19751109948818812,34737.04296875,-0.08704830701825306,,,0.4166666666666667,22.548257994713353,25010.4,57596.38,1.4316844192815787,0.6216883769431343,False,False,-0.0738735770738882,-0.0730329156727918,0.08203128279893868,0.315651173263918,,0.262616941125801,0.2682974267243881,0.75
2024-08-06,32355.19921875,33220.0,32355.19921875,32699.400390625,32050.61328125,29693,32050.61328125,0.010638177318967879,33822.062109375,-0.052375541810443904,32523.758046875,-0.014547665892209571,30931.92814453125,0.03616603308696531,26547.409853515626,0.2072971886184065,34737.04296875,-0.07733616502466134,,,0.44623655913978494,27.53137151890688,25090.1,56707.58,1.1834548287970157,0.5236160668467954,False,False,-0.06371303572755127,-0.045157813373167266,0.09961336426562162,0.31216149794135095,,0.26082623512213354,0.26854656062935245,0.7543859649122807
2024-08-07,32900.0,33254.6484375,31800.0,32430.849609375,31787.392578125,60281,31787.392578125,-0.008212657299727422,33674.57958984375,-0.056041887818784386,32543.695859375,-0.023239624796091762,30962.043828125,0.026656791605284003,26610.96974609375,0.19452214186185768,34737.04296875,-0.08491368690416601,,,0.4274193548387097,25.545384785086455,26576.65,55485.52,2.2681940726163754,1.086427594082204,True,True,-0.07283329480379963,-0.08491368690416601,0.07086348859147407,0.2974810039312328,,0.22152132802846036,0.26701828401813676,0.7266081871345029
2024-08-08,32430.0,32519.75,31619.0,31835.650390625,31204.001953125,44900,31204.001953125,-0.018352893322916675,33508.7787109375,-0.06878128199462563,32561.729765625,-0.04169704196529933,30987.00646484375,0.00700278965402612,26667.944423828125,0.17009400714229228,34737.04296875,-0.101708168389675,,,0.3602150537634409,27.168461900368285,27314.45,54844.46,1.6438185648987989,0.8186788601802261,True,False,-0.0737561252648179,-0.09606070978966574,0.03872253461980635,0.26575837164793614,,0.22700856671278155,0.2690477262681914,0.7602339181286549
2024-08-09,31930.05078125,32500.0,31849.0,32018.69921875,31383.41796875,32494,31383.41796875,0.005749775810632185,33341.1556640625,-0.058718351428432625,32582.1600390625,-0.03679136278489015,31013.35552734375,0.011932357370358693,26725.45908203125,0.17428920013765103,34737.04296875,-0.09654319174539339,,,0.38844086021505375,28.91988703829523,27751.4,54437.68,1.1708958827302405,0.5969027335477927,False,False,-0.05576718963587568,-0.09651291526401518,0.009168382914860107,0.28409554324033204,,0.22668622156364723,0.2595527014287826,0.6140350877192983
2024-08-12,31989.94921875,31989.94921875,31076.94921875,31598.0,30971.068359375,36237,30971.068359375,-0.013139091789989066,33175.94501953125,-0.06646010110211487,32604.4233203125,-0.05009611563716643,31047.0198046875,-0.0024463360989331884,26780.211845703125,0.15649079020800571,34737.04296875,-0.10841379367734127,,,0.33602150537634407,27.034373510267898,28498.9,53784.68,1.2715227605275992,0.673742039554758,False,False,-0.023402647504061624,-0.09640221086807277,0.02638291443742613,0.21601341256869278,,0.22662792977347251,0.25353536135437976,0.5467836257309941
2024-08-13,31786.0,31880.0,31369.599609375,31593.849609375,30966.998046875,16810,30966.998046875,-0.00013142305757007922,33013.1572265625,-0.06198011191856423,32630.830703125,-0.050989589305510896,31069.90693359375,-0.0033121723518096946,26836.584453125,0.15390980923688424,34737.04296875,-0.10853096866266343,,,0.3346774193548387,26.310250292397654,28637.5,36753.38,0.5869925796595373,0.4573729001251042,False,False,-0.033809500768864464,-0.09513424513684188,0.022738644723673707,0.1670943653889243,,0.22696307933686638,0.25346809996674946,0.5453216374269005
2024-08-14,31648.900390625,31648.94921875,30900.0,30993.150390625,30378.21875,26467,30378.21875,-0.019013121516776033,32819.7767578125,-0.07439288895319207,32653.3516796875,-0.06967532619638495,31085.24271484375,-0.022744682141604522,26891.050322265626,0.1296776580291108,34737.04296875,-0.12548057768392284,,,0.25806451612903225,14.482363505693016,29246.7,36382.92,0.904956798544793,0.7274567296962421,False,False,-0.04433121793999373,-0.11293665788670426,0.003739488536885993,0.12215172882301917,,0.23128227056644968,0.25660084309598485,0.5745614035087719
2024-08-16,31445.94921875,32048.400390625,31085.0,31940.599609375,31306.869140625,25740,31306.869140625,0.03056961299368477,32670.82919921875,-0.0417485595568039,32703.05078125,-0.0426927031965314,31107.49716796875,0.006409129335597674,26949.62125,0.16168122921671868,34737.04296875,-0.0987468573882595,,,0.3763440860215054,25.48888266783152,28130.85,35438.66,0.9150096779869787,0.7263254310405641,False,False,0.003296602392684367,-0.08688580715652083,0.039269970854100666,0.1411899942524426,,0.264336889932846,0.26381222106457425,0.6681286549707602
2024-08-19,31940.599609375,32082.44921875,31525.099609375,31605.75,30978.6640625,25158,30978.6640625,-0.010483484523819975,32549.89970703125,-0.04827159710700557,32720.4581640625,-0.05323257066967191,31127.12701171875,-0.004769568009371894,27007.24623046875,0.14705008419373078,34737.04296875,-0.10819513076087384,,,0.3387096774193548,23.931073596493036,28149.8,34944.5,0.8937186054607849,0.7199416217144329,False,False,-0.012897062603347886,-0.07241882373141406,0.02663297519477359,0.10333606435699694,,0.2531151156153931,0.26481002528078196,0.6842105263157895
2024-08-20,31750.0,32345.19921875,31732.19921875,32054.5,31418.509765625,29425,31418.509765625,0.014198343164108174,32447.9091796875,-0.03172467626070985,32750.86359375,-0.04068148689609696,31149.9506640625,0.008621493640833755,27068.34435546875,0.16071043551939157,34737.04296875,-0.0955329791919941,,,0.3911290322580645,28.973192191968607,28602.5,35122.24,1.0287562276024822,0.8377882504077189,False,False,0.014447076899578803,-0.06096571877557544,0.04371119037539151,0.11306662079595564,,0.260357979465567,0.26619504072906797,0.7149122807017544
2024-08-21,32279.849609375,32279.849609375,31751.900390625,32213.69921875,31574.548828125,22620,31574.548828125,0.004966469245804905,32357.17568359375,-0.024187118898191362,32785.4647265625,-0.03693453512209721,31172.42435546875,0.012900006366867833,27130.85017578125,0.16378766693829916,34737.04296875,-0.09104097154930635,,,0.40053763440860213,30.052427138124642,27886.4,35193.3,0.8111480865224625,0.6427359753134829,False,False,0.019619298594276025,-0.05434897819749074,0.049614034217475345,0.1622211895309451,,0.2618888534677368,0.26630768148127104,0.7222222222222222
2024-08-22,32213.69921875,32559.75,32102.099609375,32503.150390625,31858.2578125,32048,31858.2578125,0.008985369384669983,32278.11357421875,-0.013007444216135977,32822.4596484375,-0.029376282163649514,31196.63828125,0.021208039317737848,27195.005263671876,0.17147459629498485,34737.04296875,-0.08287363892314614,,,0.43413978494623656,35.87701918538802,28546.35,35582.54,1.1226654195720294,0.9006664504557572,False,False,0.048720403084858255,-0.04728665762047879,0.03467809199734817,0.15659196157416044,,0.264796409257949,0.2626751611665353,0.6549707602339181
2024-08-23,32500.0,32826.1015625,32157.69921875,32600.150390625,31953.333984375,39122,31953.333984375,0.002984349377626483,32172.70234375,-0.0068184623421170265,32853.37234375,-0.027395615584231647,31216.909765625,0.023590554743535996,27259.179140625,0.17220455610690744,34737.04296875,-0.0801366134382615,,,0.4422043010752688,39.51950643633781,29481.05,35569.16,1.3270219344290655,1.0998854063463965,False,False,0.020649297150928447,-0.06189454318634269,0.05448520349723274,0.1583698613958633,,0.25404080027946835,0.26043079725482765,0.6301169590643275
2024-08-26,32660.0,32903.8984375,32427.05078125,32814.3984375,32163.33203125,32218,32163.33203125,0.0065720230313897066,32069.6556640625,0.002921028157233163,32883.855625,-0.021911165222432638,31242.58548828125,0.02947088176534285,27325.6839453125,0.17703666980922383,34737.04296875,-0.07409125007604567,,,0.45564516129032256,54.678570819504124,30171.4,35836.34,1.0678324505989114,0.8990315417255222,False,False,0.03824141565175032,-0.06021848989637746,0.0593318428502001,0.1460106226212241,,0.25485454857993467,0.2606734674767612,0.6330409356725146
2024-08-27,32900.0,32921.05078125,32244.400390625,32299.94921875,31659.087890625,45779,31659.087890625,-0.015677608903675644,31940.46572265625,-0.008809446752420347,32884.3194140625,-0.03725883780685901,31266.24546875,0.01256442582041517,27389.798984375,0.15587149466432715,34737.04296875,-0.08860728533784457,,,0.4099462365591398,46.066648065454295,31479.45,35620.4,1.4542503125054598,1.2851905088095585,False,False,0.007657209931172915,-0.07545505287993781,0.06032518477656579,0.12442115675695176,,0.25836275488702465,0.26041285521927965,0.6286549707602339
2024-08-28,32519.94921875,32519.94921875,31814.80078125,31940.150390625,31306.4296875,26366,31306.4296875,-0.011139240787458982,31794.20654296875,-0.01534168983929629,32879.785234375,-0.047851758631017316,31283.9305859375,0.000719190368380751,27452.59884765625,0.1403812754205882,34737.04296875,-0.0987595082384023,,,0.375,45.253435507069554,32255.85,34999.18,0.8174021146551711,0.7533319352053391,False,False,-0.008491622226638906,-0.08545269455215065,0.05598615567721721,0.13300928771342146,,0.2592910972658291,0.26109056399753733,0.6388888888888888
2024-08-29,31940.150390625,32199.94921875,31500.0,31731.849609375,31102.26171875,17160,31102.26171875,-0.006521598623286051,31635.09755859375,-0.016843186238223007,32850.6566796875,-0.05322252696453955,31293.3942578125,-0.006107759915330413,27513.914736328126,0.13041935387275094,34737.04296875,-0.10463703698872429,,,0.34946236559139787,48.91470345450614,31487.6,32211.78,0.5449764351681297,0.5327243635713395,False,False,-0.02372998856997688,-0.09281702011104942,0.06324630965210853,0.11525421117358192,,0.2584477324613168,0.25986574211426994,0.6228070175438597
2024-08-30,31839.94921875,32500.0,31839.94921875,32389.599609375,31746.958984375,50047,31746.958984375,0.020728308167902387,31538.0078125,0.006625376374983949,32843.915703125,-0.03339908458739671,31310.282265625,0.013946751263543167,27578.137216796877,0.1511640084609862,34737.04296875,-0.08607767756930051,,,0.42338709677419356,53.52781857983568,32828.05,32360.4,1.5245194277454797,1.546550722487979,True,False,-0.0064586374649017175,-0.05763926226771943,0.10148683795018165,0.12464916213014954,,0.2689048004329144,0.260773105418,0.6345029239766082
2024-09-02,32389.599609375,32632.25,31922.349609375,32327.599609375,31686.189453125,26466,31686.189453125,-0.001914184324864232,31460.46982421875,0.007174706231897643,32848.4028125,-0.03538112236412094,31326.803984375,0.011472139607003884,27641.835048828125,0.146312804383381,34737.04296875,-0.08782709335304095,,,0.4153225806451613,57.44776584518072,32741.9,31981.56,0.8083220582800631,0.8275393695617099,False,False,-0.014834985929362277,-0.0466577048157647,0.05240730288262152,0.10818638930441149,,0.2659836389223312,0.24504987304195,0.42251461988304095
2024-09-03,32397.400390625,32784.6015625,32220.0,32399.25,31756.419921875,29277,31756.419921875,0.0022164378223483716,31462.6287109375,0.009337783363135399,32847.4344140625,-0.03321460295603551,31344.00900390625,0.013157567620573074,27704.951474609374,0.1462362585611694,34737.04296875,-0.0858053188222272,,,0.42473118279569894,58.10982607927959,32415.4,31662.56,0.9031818209863213,0.9246567554866062,False,False,0.003074378882495399,0.0013615048918593775,0.06215020507714386,0.08349357102288613,,0.21042086749024744,0.24450035470324238,0.4152046783625731
2024-09-04,32380.0,32520.349609375,31965.0,32451.849609375,31807.9765625,16544,31807.9765625,0.00162350292482083,31450.496875,0.011366424159236832,32839.515234375,-0.031411507280571294,31358.85697265625,0.014321937506694304,27768.861943359374,0.14545481292604934,34737.04296875,-0.08432112108347956,,,0.43010752688172044,66.51048634974708,31757.95,31438.84,0.5209404259405912,0.5262280669388565,False,False,0.016020570854180072,-0.0075704235866196345,0.06579051044542084,0.08299460001738312,,0.20686506984557104,0.24442637634854164,0.41228070175438597
2024-09-05,32495.0,34142.94921875,32423.650390625,33720.75,33051.69921875,92016,33051.69921875,0.03910096745092195,31513.71220703125,0.048803739832833815,32840.81609375,0.006421372854986229,31396.08607421875,0.05273310630559047,27839.533076171876,0.18722175146821218,34737.04296875,-0.048517191043467967,,,0.5658602150537635,68.7821330342835,33344.7,32189.16,2.7595389972019544,2.8586020884049166,True,True,0.06267831959065484,0.039773839188529614,0.10141081065671598,0.1485926160618498,,0.2471191345672853,0.25637185916135985,0.5730994152046783
2024-09-06,33720.75,33930.0,32009.849609375,32357.30078125,31715.302734375,65916,31715.302734375,-0.04043351827481445,31539.27724609375,0.005581151619542979,32808.9229296875,-0.03333301119504062,31422.6058203125,0.009314851726055506,27903.3408984375,0.1366130976864839,34737.04296875,-0.08698898858758375,34737.04296875,-0.08698898858758375,0.41935483870967744,56.515338449201614,34395.5,32792.94,1.916413484322077,2.010066800963866,True,False,-0.0009971427504467112,0.016385743790751084,0.04300238259456024,0.10476493911362361,,0.281373108948626,0.2693442753947419,0.7631578947368421
2024-09-09,32274.0,33174.05078125,32154.75,33105.69921875,32448.853515625,65068,32448.853515625,0.023129237875914477,31592.5490234375,0.02710463443618427,32779.9909375,-0.010101815540655923,31455.93775390625,0.03156528886491228,27971.28154296875,0.1600774696639451,34737.04296875,-0.06587173972129667,34737.04296875,-0.06587173972129667,0.4946236559139785,58.66298603835429,36024.2,31935.16,1.806230256327691,2.0375034914495496,True,False,0.024069289354854417,0.03394899650305483,0.05906444811819833,0.12871420381951837,0.8082372916405907,0.29186261517117057,0.27286407841680266,0.783625730994152
2024-09-10,33105.69921875,33950.0,33100.0,33534.0,32868.65625,90744,32868.65625,0.012937367237731534,31687.42841796875,0.037277491137823526,32772.43296875,0.0029361042966127293,31493.9456640625,0.04364999548170845,28040.130078125,0.17220056249460436,34737.04296875,-0.05378657937092779,34737.04296875,-0.05378657937092779,0.5510752688172043,60.418571257402554,38749.55,32577.46,2.3418078403491136,2.7854841967421646,True,True,0.03502398352400071,0.06126969430328333,0.03896705557249902,0.19069314092908973,0.8220008135192742,0.28878454104677537,0.2660953417388423,0.7076023391812866
2024-09-11,33534.0,33792.6484375,32983.8984375,33209.6015625,32550.69140625,51904,32550.69140625,-0.009673801123220582,31766.6130859375,0.02468246514638972,32755.286015625,-0.006246155483954685,31526.958671875,0.03247166163503956,28103.19203125,0.15825602195133204,34737.04296875,-0.06294005982221562,34737.04296875,-0.06294005982221562,0.5053763440860215,55.54404952091666,40504.25,33010.44,1.2814457742088794,1.5723510501526183,False,False,0.02334995570342646,0.05114132654956571,0.032269313402746524,0.1350292121339085,0.8045980670628867,0.29218249752241204,0.26683517362721426,0.7251461988304093
2024-09-12,33440.0,34280.0,33437.8984375,34113.8984375,33437.046875,38720,33437.046875,0.027230004354986237,31919.5544921875,0.047541151715758234,32748.16328125,0.021035793300335115,31569.44392578125,0.05915856337569414,28170.38193359375,0.18695752701619006,34737.04296875,-0.0374239135702914,34737.04296875,-0.0374239135702914,0.6155913978494624,60.5435516702193,41116.9,33083.66,0.9417052355600738,1.1703662774916679,False,False,0.011658936313670543,0.10069149051077919,0.02697766515263389,0.15921176865069708,0.8589867754970495,0.29280023171849884,0.2643452252574868,0.6754385964912281
2024-09-13,34419.94921875,35044.44921875,34199.0,34343.1484375,33661.74609375,50320,33661.74609375,0.006720067701851962,32037.29833984375,0.0507048920503379,32747.453203125,0.027919511326693236,31615.5134375,0.06472242370174208,28239.047333984374,0.1920283887636558,34737.04296875,-0.03095533710130005,34737.04296875,-0.03095533710130005,0.6478494623655914,60.625819594251325,42345.9,33624.02,1.1883086674270709,1.4965491931065948,False,False,0.06137237205890922,0.07521917770018138,0.04917522431955357,0.15749993166412013,0.8307758494318,0.276953906804682,0.26272711521780545,0.6578947368421053
2024-09-16,34350.0,34553.94921875,33850.0,34037.0,33361.67578125,28975,33361.67578125,-0.00891428245178627,32156.44892578125,0.03748009795019591,32726.501640625,0.019408556025937385,31664.873203125,0.053586274204866946,28305.539599609376,0.17862709042686475,34737.04296875,-0.03959367493477506,34737.04296875,-0.03959367493477506,0.5994623655913979,62.43374304410721,42536.75,33649.32,0.6811756892569366,0.8610872374241144,False,False,0.02813110993845913,0.07692428937355822,0.06038560237202084,0.14978095087058274,0.8068425953017293,0.2759363678739916,0.2601292601096036,0.6271929824561403
2024-09-17,34100.0,34794.94921875,33910.05078125,34720.30078125,34031.41796875,57197,34031.41796875,0.020075196218902525,32287.0943359375,0.054025413828303614,32722.893359375,0.03998804735890227,31719.61015625,0.07288260483379494,28374.8811328125,0.19935015091204455,34737.04296875,-0.020313329509215605,34737.04296875,-0.020313329509215605,0.728494623655914,69.01934878080434,43925.35,34118.4,1.302141018796663,1.676426796098293,False,False,0.035376004114862525,0.08316461291820354,0.07000752514204356,0.16801376833676707,0.8350310586741545,0.2796217895880852,0.26227455453084353,0.652046783625731
2024-09-18,34701.0,34867.3984375,34051.0,34363.8984375,33682.0859375,18444,33682.0859375,-0.010264986065840143,32392.47119140625,0.039812175442665465,32725.207109375,0.029239809695532193,31774.9447265625,0.06002028413736982,28440.60701171875,0.18429560675767354,34737.04296875,-0.030369799530692854,34737.04296875,-0.030369799530692854,0.6505376344086021,67.64853485374191,43716.55,33925.3,0.4218997153252029,0.5436650523355725,False,False,0.034757926248926374,0.06674797226232143,0.04589968168559566,0.14849386461311087,0.8044777662398759,0.28422091583176096,0.26224894674981986,0.6505847953216374
2024-09-19,34509.1484375,34789.30078125,34050.0,34436.8515625,33753.59375,22135,33753.59375,0.002123022090516846,32487.23798828125,0.038980099267766244,32705.538125,0.03204520350634055,31830.5744140625,0.06041422033175525,28507.518642578125,0.18402426297413577,34737.04296875,-0.028311253195464126,34737.04296875,-0.028311253195464126,0.6626344086021505,64.89551506533371,43220.9,33757.0,0.5121364895224301,0.6557158515270907,False,False,0.00946695072036019,0.05949276789254743,0.02324993155376265,0.14664362122988983,0.8066355215514001,0.28347136345596513,0.25768744745125727,0.5862573099415205
2024-09-20,34500.0,36000.0,34423.05078125,35686.75,34978.69140625,73949,34978.69140625,0.03629532503483435,32638.505859375,0.07170014328958052,32714.7115625,0.06920372320644685,31898.68775390625,0.09655581057457696,28579.406533203124,0.22391244778341646,34978.69140625,0.0,34978.69140625,0.0,0.9401881720430108,70.83854267747722,44962.25,34633.1,1.6446908239689961,2.1352116905503697,True,False,0.03912290553295206,0.09468049322660299,0.05009704069845844,0.16883227070356122,0.8615701057604335,0.30705633354437956,0.26730717211739696,0.7309941520467836
2024-09-23,35560.1015625,36576.94921875,35501.19921875,36461.8984375,35738.4609375,70172,35738.4609375,0.02172092496045308,32817.2623046875,0.08901408672335376,32734.763203125,0.09175865167365127,31970.40005859375,0.11786092360434464,28653.203447265623,0.24727627761671878,35738.4609375,0.0,35738.4609375,0.0,0.9401881720430108,73.17951757889463,46859.95,35561.44,1.4974834586891366,1.97326092531686,False,False,0.07124297867512408,0.11115542701783476,0.05437330504782856,0.20755342050754333,0.8979700493990432,0.3129267552743833,0.26853985609999403,0.7529239766081871
2024-09-24,36461.8984375,36950.0,36370.1015625,36703.30078125,35975.07421875,40922,35975.07421875,0.006620690288364539,33033.06162109375,0.08906266792350803,32768.7590625,0.09784670667981588,32043.80642578125,0.12268416993699582,28728.49501953125,0.25224360671494006,35975.07421875,0.0,35975.07421875,0.0,0.9401881720430108,73.74516093992621,46617.1,35954.14,0.8778323833957925,1.1381721270485123,False,False,0.0571135840353405,0.13632693219197467,0.08206924166719354,0.22810787153700263,0.938869402901414,0.30278798846302585,0.26544861848147777,0.6929824561403509
2024-09-25,36718.30078125,37347.0,36484.1015625,36961.25,36227.90234375,41395,36227.90234375,0.007027869448236634,33279.13525390625,0.08860708270650242,32808.86203125,0.10421087781842031,32106.92017578125,0.12835183647035908,28802.707236328126,0.2577950415041772,36227.90234375,0.0,36227.90234375,0.0,0.9401881720430108,70.40283343412115,47368.55,36501.28,0.8738920655160438,1.1340698189214187,False,False,0.07558369190595804,0.15720325522188316,0.08440672845163344,0.2264880138836376,0.9321509676178765,0.2954634823846178,0.26560474983018884,0.6988304093567251
2024-09-26,36965.0,37200.0,36752.55078125,37141.8984375,36404.96875,37856,36404.96875,0.004887569933525127,33544.27060546875,0.08528127435463939,32852.04484375,0.10814924681700377,32177.43275390625,0.13138201634748303,28878.47830078125,0.26062628268800214,36404.96875,0.0,36404.96875,0.0,0.9401881720430108,85.39690944905686,48403.35,36972.74,0.7820946277478729,1.0238894926370077,False,False,0.07855089504358337,0.17049265031594985,0.07728733663119702,0.2072256292140231,0.9288777861829953,0.29102900800151127,0.26488032225093255,0.685672514619883
2024-09-27,37020.05078125,38179.8984375,36900.0,37976.1015625,37222.62109375,67836,37222.62109375,0.02245991060629593,33818.0537109375,0.10067307278867399,32910.780859375,0.1310160416065218,32256.6963671875,0.15395019595416448,28959.749052734376,0.28532263957016046,37222.62109375,0.0,37222.62109375,0.0,0.9401881720430108,85.57998202490835,49292.8,37368.32,1.3761847572059205,1.8153344865383299,False,False,0.06415133320565136,0.1724783186972325,0.10461895536727783,0.23835335625720888,0.9546640185993769,0.29209155365109546,0.26821314883533853,0.7456140350877193
2024-09-30,37976.0,38124.6015625,37511.05078125,37678.8984375,36931.3125,32053,36931.3125,-0.007826117161827573,34080.30986328125,0.08365542004036985,32981.46203125,0.11975971426031728,32337.2090234375,0.14206864523257923,29039.85572265625,0.27174572947988196,37222.62109375,-0.007826117161827573,37222.62109375,-0.007826117161827573,0.8225806451612904,80.87121144660495,49572.15,37513.8,0.6465928954059891,0.8544322356039643,False,False,0.033377250480541854,0.16553341179236392,0.07329593953479763,0.22964942681856138,0.9470800181930907,0.29552645384808474,0.2658544312013728,0.7046783625730995
2024-10-01,37700.0,38079.94921875,37650.0,37841.19921875,37090.39453125,21533,37090.39453125,0.004307510902841649,34347.00859375,0.07987263082931784,33054.103515625,0.12211164685549569,32415.0230859375,0.14423470971830965,29120.402392578126,0.27369100300286964,37222.62109375,-0.003552317343987421,37222.62109375,-0.003552317343987421,0.853494623655914,85.34974887578112,49184.95,37537.04,0.4377965210902929,0.5736467233431298,False,False,0.031002585448974607,0.16796523734404833,0.08413938480028316,0.23486801934402757,0.982933037063799,0.29509039437602064,0.2655126981630294,0.6944444444444444
2024-10-03,37388.0,38100.0,37045.44921875,37122.80078125,36386.25,49118,36386.25,-0.018984552204122096,34575.922265625,0.052358046170609684,33114.044140625,0.09881625589067178,32487.41392578125,0.12001066268696525,29197.620556640624,0.24620600262319714,37222.62109375,-0.02246943039404692,37222.62109375,-0.02246943039404692,0.7056451612903226,73.63554855424809,50813.65,37780.56,0.966630029529467,1.300086605386474,False,False,0.004370875651245498,0.14393475889621832,0.08400816571818126,0.19994836870618005,0.9582190761375475,0.30966413845384555,0.2655516829908022,0.695906432748538
2024-10-04,37150.0,37150.0,36420.55078125,36734.5,36005.65625,35351,36005.65625,-0.010459823422309222,34723.6201171875,0.03692115420240749,33165.367265625,0.08564020900558167,32550.6316015625,0.10614309088465279,29271.65990234375,0.23005174185960908,37222.62109375,-0.03269422754203466,37222.62109375,-0.03269422754203466,0.6330645161290323,68.32666390156567,47980.4,38110.6,0.7367800185075573,0.9275896994536953,False,False,-0.010968626363674572,0.08937383254335796,0.03652047419209703,0.22765574034684888,0.9446888754518645,0.2907624563169656,0.25732847940391124,0.5833333333333334
2024-10-07,36734.5,37125.0,36220.30078125,36784.30078125,36054.46875,68090,36054.46875,0.0013556897744364527,34940.57841796875,0.03187956188665786,33205.22546875,0.08580707527288034,32610.76880859375,0.1056000844880034,29346.694306640624,0.22857001791310894,37222.62109375,-0.031382860997559936,37222.62109375,-0.031382860997559936,0.6438172043010753,71.91560763987133,48089.1,39063.84,1.415913377459757,1.7430442066115366,False,False,-0.031382860997559936,0.13681616259402585,0.04445099509172956,0.24054852200448051,0.9487217057562274,0.23831472486148933,0.2569196835941748,0.5789473684210527
2024-10-08,36700.19921875,38149.94921875,36571.0,37967.6484375,37214.3359375,35793,37214.3359375,0.03216985931875649,35178.8525390625,0.05786099464663619,33265.026875,0.11872255739760318,32671.92919921875,0.13903086991232416,29426.487275390624,0.26465437716795903,37222.62109375,-0.00022258390211515877,37222.62109375,-0.00022258390211515877,0.8763440860215054,73.99060546301101,46625.35,39411.48,0.7676725214931363,0.908187157650512,False,False,0.007663508777274064,0.14686134964923458,0.07135149906352467,0.27815532046287905,1.007413857497378,0.24860104064368216,0.26462060445025615,0.6783625730994152
2024-10-09,37967.6484375,39088.80078125,37862.8984375,38606.1484375,37840.1640625,42324,37840.1640625,0.016816855903355465,35427.4279296875,0.0681036212281918,33336.972421875,0.1350810020669455,32748.58119140625,0.15547491481645803,29508.86587890625,0.282332035998347,37840.1640625,0.0,37840.1640625,0.0,0.9401881720430108,80.08664762770462,44204.35,39865.6,0.9574623311959117,1.0616672017980415,False,False,0.020214655053568897,0.1512537590428571,0.10400739782405144,0.30178682739147544,1.0332122098743342,0.25020813223011545,0.26473794951697954,0.6812865497076024
2024-10-10,38606.1484375,39039.75,37975.3984375,38222.25,37463.8828125,26527,37463.8828125,-0.00994396454990265,35673.0875,0.050200177164367865,33401.6178125,0.12161880968770822,32820.4349609375,0.1414803873589452,29591.075654296874,0.26605342942509513,37840.1640625,-0.00994396454990265,37840.1640625,-0.00994396454990265,0.7997311827956989,75.71252380854412,42935.5,40179.38,0.6178337273351888,0.6602142691101754,False,False,0.029616484592394077,0.15093969418132325,0.09470684080915182,0.2808431906433948,1.0024495193768215,0.2504512766937971,0.26574778159641155,0.7032163742690059
2024-10-11,38222.25,38639.69921875,38002.30078125,38486.80078125,37723.1875,16882,37723.1875,0.006921457895802563,35887.39453125,0.051154256048079105,33470.392734375,0.12706139421116713,32895.01640625,0.14677515384466133,29673.3119140625,0.2712833541888049,37840.1640625,-0.0030913333860496106,37840.1640625,-0.0030913333860496106,0.8588709677419355,71.95894693217767,41843.6,39866.52,0.40345476966608995,0.42346309635252843,False,False,0.0477017065895029,0.12818538195143758,0.10154110925007753,0.2923980243464446,1.0481183323626984,0.23899049633593986,0.2659584210270127,0.706140350877193
2024-10-14,38486.80078125,38899.0,38317.19921875,38795.6015625,38025.86328125,11537,38025.86328125,0.008023600371787287,36105.600390625,0.05318462703430371,33557.134921875,0.1331677561203819,32974.03599609375,0.1532062161196983,29757.457861328126,0.2778599387909153,38025.86328125,0.0,38025.86328125,0.0,0.9401881720430108,69.74602213294469,39904.45,39632.5,0.28911562494909715,0.29109947643979056,False,False,0.05467822990041982,0.12964619171405034,0.10908424925118232,0.3087637817956441,1.0928140587543607,0.2390761215030652,0.26626513425095777,0.7192982456140351
2024-10-15,38800.0,38936.05078125,38212.80078125,38703.1484375,37935.2421875,17392,37935.2421875,-0.0023831436272659934,36334.2787109375,0.0440620684753148,33651.10078125,0.12731058737421952,33051.63828125,0.1477567878691337,29843.06060546875,0.27115789794523804,38025.86328125,-0.0023831436272659934,38025.86328125,-0.0023831436272659934,0.8669354838709677,67.3587045184251,39325.3,39416.56,0.44225981747119536,0.4412358663465305,False,False,0.019371734892992043,0.1370904278381737,0.1358790843698905,0.3345403360377981,1.0901101580729122,0.2346759105334986,0.26007333954813255,0.6257309941520468
2024-10-16,38500.0,38789.94921875,38080.80078125,38261.55078125,37502.40625,18602,37502.40625,-0.011409863560660871,36507.828125,0.02724287299684436,33766.8840625,0.11062679578565282,33125.63548828125,0.13212639387000147,29925.869248046874,0.2531768397152778,38025.86328125,-0.01376581584429426,38025.86328125,-0.01376581584429426,0.771505376344086,60.93793057208468,37395.55,39072.46,0.4974388663891826,0.47608980852498156,False,False,-0.00892590771916657,0.10199364259336186,0.12086936522002079,0.31321417682415964,1.0457310888557427,0.2372021976340365,0.2615774232154204,0.6447368421052632
2024-10-17,38261.55078125,38413.44921875,36386.25,36484.8984375,35761.00390625,53057,35761.00390625,-0.04643441629162126,36611.7740234375,-0.023237609754798272,33841.091875,0.05673315856183492,33182.4249609375,0.07770917732347837,29999.923916015625,0.19203648670451434,38025.86328125,-0.059561024512407856,38025.86328125,-0.059561024512407856,0.521505376344086,45.64324015761557,39126.2,39539.74,1.3560478656245687,1.3418651715969807,False,False,-0.045453881936706964,0.06172177021956449,0.07103446097402322,0.2704350192456366,0.9129949176633037,0.29558147309245736,0.2797245389523155,0.847953216374269
2024-10-18,36486.8984375,36926.94921875,36060.1484375,36800.75,36070.5859375,21112,36070.5859375,0.00865697260797238,36727.6236328125,-0.01788946929649715,33926.7557421875,0.0631899557860367,33235.22580078125,0.08531189629083546,30074.209716796875,0.1993859947499821,38025.86328125,-0.0514196700621421,38025.86328125,-0.0514196700621421,0.5551075268817204,41.630497894577324,39075.05,38756.36,0.5402936144675439,0.5447363993935447,False,False,-0.043808640574182656,0.06864431102243751,0.0786819760313402,0.2795241658352732,0.9342952088327536,0.29618547570040865,0.28013090104639904,0.8538011695906432
2024-10-21,36810.0,37265.5,36510.0,36839.1484375,36108.2265625,18769,36108.2265625,0.00104352685218978,36784.100390625,-0.018374075237606036,34024.840234375,0.061231333160535195,33293.285,0.0845498292673732,30148.1871875,0.19769146774672874,38025.86328125,-0.05042980101639294,38025.86328125,-0.05042980101639294,0.5577956989247311,43.79147170789774,36316.05,38233.74,0.516823828582679,0.4909014917190942,False,False,-0.05042980101639294,0.032292093009751,0.06008732580797238,0.28191743448599316,0.8910330188466951,0.26964512949063624,0.2778317403094819,0.8260233918128655
2024-10-22,36750.0,37055.3984375,35910.0,36065.30078125,35349.734375,16532,35349.734375,-0.021006076999852685,36764.6640625,-0.03848613127797429,34104.1665625,0.0365224527688528,33343.16330078125,0.06017938538458156,30217.91583984375,0.16982701793052524,38025.86328125,-0.070376545733008,38025.86328125,-0.070376545733008,0.47446236559139787,37.95904536829824,33634.05,37914.5,0.491525700889426,0.4360337074206438,False,False,-0.06815582723106872,-0.010876981053543733,0.03288511029957264,0.23742252206315384,0.8531568572602248,0.2702810248561023,0.28138578791246865,0.8654970760233918
2024-10-23,36065.30078125,36886.6484375,35802.8515625,36255.80078125,35536.453125,18922,35536.453125,0.005282041104446078,36742.7330078125,-0.0328304343216933,34195.4742578125,0.039215097795613385,33399.9487890625,0.06396729376534682,30288.0885546875,0.17328147204919087,38025.86328125,-0.06546623643591265,38025.86328125,-0.06546623643591265,0.4986559139784946,43.66830274609879,32534.05,37568.2,0.5816060404407075,0.5036706576306558,False,False,-0.05242205291827107,-0.012192361052069556,0.03777620785521263,0.2410389805980997,0.7939489118875294,0.26986076574212514,0.28154246591825427,0.8669590643274854
2024-10-24,36599.75,36599.75,35950.0,36049.1015625,35333.85546875,10745,35333.85546875,-0.005701122043254014,36698.0306640625,-0.037172980964572666,34282.81140625,0.030658047557569512,33456.8210546875,0.05610319076622239,30356.136337890624,0.16397736113229167,38025.86328125,-0.07079412747553293,38025.86328125,-0.07079412747553293,0.4731182795698925,44.858137686779344,31001.55,37446.9,0.3465955734471341,0.2869396398633799,False,False,-0.011944531496369648,-0.024678405791116464,0.03219953960229338,0.18108144915194369,0.7773134361790264,0.26894811863520063,0.28184740130018365,0.8698830409356725
2024-10-25,36196.44921875,36575.0,35370.30078125,35931.94921875,35219.02734375,16693,35219.02734375,-0.003249804570620851,36638.73359375,-0.03874878061402709,34379.627578125,0.024415615431479853,33516.48962890625,0.05079701763801059,30424.08982421875,0.1576033185293284,38025.86328125,-0.07381386496711073,38025.86328125,-0.07381386496711073,0.4596774193548387,43.66962831676099,29943.4,37251.42,0.5574851219300413,0.44811714560142946,False,False,-0.023608116464354234,-0.03257636105648354,0.02725976854707124,0.1998151585923309,0.7591468673150121,0.2680905820973656,0.28195612797624225,0.8713450292397661
2024-10-28,35800.0,36318.3984375,35629.19921875,36123.30078125,35406.58203125,9154,35406.58203125,0.0053253795361638545,36547.931640625,-0.031228842731727324,34461.6218359375,0.027420653613204893,33582.33630859375,0.05432158459414338,30493.199931640625,0.16113041958942165,38025.86328125,-0.06888157227692793,38025.86328125,-0.06888157227692793,0.4825268817204301,33.934969927427304,27009.3,36919.7,0.3389202978233423,0.24794350983350355,False,False,-0.019431708451134178,-0.04878858632566663,0.05099114469417354,0.2085700466376461,0.7979750753480173,0.2543097414884554,0.2796018209162109,0.8464912280701754
2024-10-29,36346.3515625,36590.0,35325.1015625,36416.55078125,35694.015625,43179,35694.015625,0.008118083623443573,36486.066796875,-0.02170831885729152,34555.9288671875,0.03293463076008263,33638.193515625,0.06111571087847123,30562.780517578125,0.1678916322574333,38025.86328125,-0.06132267501734279,38025.86328125,-0.06132267501734279,0.5120967741935484,29.70725113021895,27565.6,37280.12,1.5664088574164903,1.1582312503285932,True,False,0.009739288175344418,-0.03350265103629879,0.07392575022691594,0.235940363237378,0.8318672483494203,0.2560683509948251,0.27834655221007365,0.8362573099415205
2024-10-30,36540.0,36691.0,35912.3984375,36173.3515625,35455.63671875,14672,35455.63671875,-0.006678399784277533,36404.32890625,-0.02605987298771828,34636.67140625,0.023644457716344602,33693.7675,0.05229065638771324,30630.187021484377,0.1575390216808339,38025.86328125,-0.06759153746201318,38025.86328125,-0.06759153746201318,0.4879032258064516,30.50271651533619,27222.55,36985.06,0.5389649389935918,0.3967007218590426,False,False,-0.002274183244054373,-0.044074964236971326,0.11800731407793719,0.20971888823034646,0.8096365691354415,0.25568865142571845,0.261022744112984,0.6374269005847953
2024-10-31,36173.3515625,36535.05078125,34822.3515625,35121.6015625,34424.7578125,36099,34424.7578125,-0.02907517680270122,36306.254296875,-0.051822930258518696,34693.6755859375,-0.007751204474469087,33739.57015625,0.020308132352512276,30693.5283203125,0.12156404611581362,38025.86328125,-0.09470147836263987,38025.86328125,-0.09470147836263987,0.3951612903225806,22.14935947333008,26571.6,37254.64,1.3585557512532178,0.9689799713539039,False,False,-0.02572879874527212,-0.0539075114225841,0.07407485499314626,0.1810670647721233,0.7695767126178608,0.26678056554008106,0.26800066535793393,0.7426900584795322
2024-11-01,35339.0,35549.75,34962.6015625,35182.1484375,34484.1015625,3850,34484.1015625,0.0017238683369458219,36230.1765625,-0.048193941229843995,34746.1924609375,-0.007543010611368306,33784.3260546875,0.02071302256199381,30755.77234375,0.12122372272363524,38025.86328125,-0.09314086290570533,38025.86328125,-0.09314086290570533,0.3978494623655914,18.813233198981607,24996.55,36690.68,0.15402125493318078,0.10493127955110126,False,False,-0.02086729352508432,-0.0422587683705945,0.0848358033062071,0.16171105287741905,0.7961512860498388,0.2655413204572644,0.2672618159560157,0.72953216374269
2024-11-04,35249.94921875,35527.3515625,34755.1484375,35341.1015625,34639.90234375,29676,34639.90234375,0.004518046699509393,36159.4482421875,-0.04202348133909395,34799.923828125,-0.004598328581560618,33826.6480859375,0.024041822167730098,30819.47033203125,0.12396163758038714,38025.86328125,-0.08904363097443646,38025.86328125,-0.08904363097443646,0.40860215053763443,21.312382977189515,23075.85,36501.76,1.2860197999206964,0.8130018936073219,False,False,-0.021653592171741565,-0.039234149199605106,0.11011088884645148,0.1530971961716323,0.8161381825725946,0.2663110182039491,0.26409767692454417,0.6695906432748538
2024-11-05,35150.19921875,35836.44921875,35110.94921875,35612.55078125,34905.96484375,32121,34905.96484375,0.007680809759788687,36044.0296875,-0.031574295482968084,34854.776484375,0.0014686182078358367,33869.3160546875,0.03060731392947713,30882.241796875,0.1302924532921106,38025.86328125,-0.08204674840448334,38025.86328125,-0.08204674840448334,0.43548387096774194,26.72069059475119,22892.25,36499.82,1.4031386167807882,0.8800317371428134,False,False,-0.02207795249291178,-0.062029081954513954,0.11224229554943865,0.12243975880913904,0.8345258909743607,0.23742227177719644,0.26424817662398714,0.672514619883041
2024-11-06,35700.0,36380.0,35699.80078125,36272.69921875,35553.015625,16879,35553.015625,0.018536968800215048,35929.672265625,-0.010483163827390563,34932.6550390625,0.017758758538215957,33908.4872265625,0.04849901994888306,30947.530224609374,0.14881592705347324,38025.86328125,-0.06503067761960124,38025.86328125,-0.06503067761960124,0.5013440860215054,47.679926099251844,21620.0,35921.82,0.7807123034227567,0.4698815371826929,False,False,0.002746500000055052,-0.060442349925395544,0.14794282239340428,0.17822889965566713,0.8596075352993686,0.23940523303840097,0.2645163340778098,0.6769005847953217
2024-11-07,36272.69921875,36772.69921875,35225.05078125,35369.6484375,34667.8828125,18762,34667.8828125,-0.024896138820854286,35789.872265625,-0.03134935617534007,34999.8841015625,-0.009485782527139275,33939.83466796875,0.021451139985026346,31007.56744140625,0.11804587309244763,38025.86328125,-0.08830780366282365,38025.86328125,-0.08830780366282365,0.41263440860215056,36.1335808826823,21231.75,35769.74,0.8836765692889187,0.524521564875786,False,False,0.007062504297756345,-0.07463187982926056,0.11951060803578506,0.14496676201629466,0.8379387533090745,0.25076873457506976,0.2703487794462346,0.7719298245614035
2024-11-08,35460.0,35642.6484375,35001.0,35119.3984375,34422.59765625,14426,34422.59765625,-0.007075285144368837,35624.8427734375,-0.0337473802995677,35066.2908203125,-0.018356465682695777,33958.47375,0.01366739593972488,31067.83953125,0.10798169990628326,38025.86328125,-0.09475828591580504,38025.86328125,-0.09475828591580504,0.3924731182795699,33.99382633163772,21108.95,35715.06,0.6834068013804571,0.4039192430308111,False,False,-0.001783543820578548,-0.08749498816212176,0.13313416891008467,0.13737151114547763,0.8274820192671706,0.24777252861581908,0.2674723943651605,0.7339181286549707
2024-11-11,35100.0,35600.0,34926.80078125,34990.8515625,34296.6015625,32585,34296.6015625,-0.003660272679250398,35438.3796875,-0.032218688751244784,35117.283671875,-0.023369749125336514,33980.5996875,0.009299479052932824,31128.3476171875,0.10178034453596085,38025.86328125,-0.09807171742998522,38025.86328125,-0.09807171742998522,0.3803763440860215,38.63459307423546,22161.35,35365.82,1.4703526635335844,0.9213698424071604,False,False,-0.009910558576154305,-0.09807171742998522,0.09549764968338548,0.13851781045718803,0.829497782185092,0.24340366070037298,0.26110247140875037,0.6403508771929824
2024-11-12,35270.0,35347.1484375,33111.0,33278.5,32618.224609375,56027,32618.224609375,-0.048937121366571246,35172.52880859375,-0.07262213681362184,35135.924375,-0.07165599910661247,33992.16359375,-0.04041928606826384,31180.975126953126,0.046093795225137235,38025.86328125,-0.14220949125805715,38025.86328125,-0.14220949125805715,0.21370967741935484,26.176640070003188,24093.1,35957.04,2.325437573413135,1.5581649657480148,True,True,-0.06554009449719089,-0.14016036992316883,0.05292547617828691,0.08096801426728839,0.7314124527725616,0.2885813153141336,0.2799502676170505,0.8523391812865497
2024-11-13,34000.0,34480.0,32830.5,33212.0,32553.04296875,124257,32553.04296875,-0.001998319694146211,34925.06064453125,-0.06791735309850278,35151.8568359375,-0.07393105517346676,33999.645625,-0.04254758041320017,31231.483271484376,0.04231498343443274,38025.86328125,-0.14392363092512794,38025.86328125,-0.14392363092512794,0.20833333333333334,26.777426194748003,29375.85,37856.64,4.229903134717804,3.2823039762641377,True,True,-0.08438025870695742,-0.1319745524662167,0.036110344239378644,0.0813999607463387,0.7221588084638029,0.288764019373461,0.278657045283268,0.8406432748538012
2024-11-14,33500.0,33950.0,33139.6015625,33862.1015625,33190.24609375,25998,33190.24609375,0.019574302949548983,34796.52275390625,-0.04616198783759007,35179.5022265625,-0.05654588629484647,34009.50873046875,-0.02408922290561577,31287.160205078126,0.06082641812800227,38025.86328125,-0.12716653272890643,38025.86328125,-0.12716653272890643,0.2540322580645161,34.41719602659022,28022.9,38045.72,0.9277412401999793,0.6833357339537798,False,False,-0.042622640867391426,-0.07188718245269132,0.05117087418794153,0.10332370190831552,0.7517763461929592,0.26276617645269695,0.281199063330356,0.8640350877192983
2024-11-18,33862.1015625,34421.30078125,33610.0,33794.30078125,33123.79296875,19760,33123.79296875,-0.0020021883782450622,34649.18310546875,-0.044023841256967344,35180.9441015625,-0.05847344877595628,34010.88009765625,-0.026082451449628286,31344.105859375,0.05677900391734081,38025.86328125,-0.12891410975321993,38025.86328125,-0.12891410975321993,0.24596774193548387,32.13382525943517,27955.3,36600.6,0.7068427096114154,0.5398818598602209,False,False,-0.037731164291262664,-0.0816951788323026,0.03972392852422235,0.07577957056942974,0.731226658595481,0.2588717556373404,0.28076549129006845,0.8611111111111112
2024-11-19,34000.0,34829.3984375,33894.0,34302.0,33621.4140625,23271,33621.4140625,0.015023071005771271,34524.84248046875,-0.026167488482527812,35219.066328125,-0.045363277116439615,34013.99462890625,-0.011541736590756746,31401.916845703126,0.07068030998561725,38025.86328125,-0.11582772457191703,38025.86328125,-0.11582772457191703,0.30376344086021506,34.29553586016324,28180.4,35747.7,0.8257867170089849,0.6509789440999002,False,False,-0.01968671732006977,-0.06887107833156958,0.05220363167551412,0.10953316066788177,0.767140815164211,0.2671950013298147,0.2822449015929117,0.8742690058479532
2024-11-21,34302.0,34399.8984375,33817.5,34108.69921875,33431.953125,13115,33431.953125,-0.0056351269803168735,34428.95341796875,-0.028958193438677227,35238.7283203125,-0.05127242898464712,34009.35962890625,-0.01697787050996047,31456.507236328125,0.06279927627789816,38025.86328125,-0.12081014761643005,38025.86328125,-0.12081014761643005,0.2768817204301075,34.55167432925741,28009.55,34708.64,0.46823315619137046,0.37785980666485347,False,False,0.0249470510847829,-0.05425164527845194,0.03944308669628516,0.10111516056787595,0.7672526205002692,0.259232815454045,0.28232517064366136,0.8757309941520468
2024-11-22,34207.94921875,34511.1484375,34025.0,34317.55078125,33636.66015625,11065,33636.66015625,0.006123095186350902,34333.96376953125,-0.020309441052653865,35254.0883984375,-0.04587916793954572,34013.26068359375,-0.01107216773031705,31509.087197265624,0.06752251963582778,38025.86328125,-0.11542678446341159,38025.86328125,-0.11542678446341159,0.3077956989247312,43.115458611127984,27616.7,33115.06,0.4006633667309997,0.33413800246775943,False,False,0.03328773867746371,-0.05346039915878631,0.06246460013178723,0.12655797345329733,0.7746715532906292,0.25959135355252383,0.2804189276170563,0.8567251461988304
2024-11-25,34450.0,35200.0,34450.0,35042.6015625,34347.328125,52738,34347.328125,0.02112778038749341,34284.63740234375,0.0018285368435007054,35290.0211328125,-0.02671273571258903,34022.65357421875,0.009542893239440797,31566.70818359375,0.08808710509927131,38025.86328125,-0.09673771582889568,38025.86328125,-0.09673771582889568,0.3870967741935484,48.92726715686275,29716.35,33131.74,1.7747132470845175,1.5917666865670201,True,False,0.034862110632794874,-0.02792017261242563,0.09713335145061808,0.15855763006359935,0.8211033158252656,0.27250724110752567,0.28216350401567675,0.8728070175438597
2024-11-26,35224.94921875,35350.0,34870.05078125,34988.25,34294.05078125,19667,34294.05078125,-0.0015511350273333946,34238.38857421875,0.0016257250807991674,35307.1612109375,-0.028694191063246888,34027.66224609375,0.007828587612915827,31623.52267578125,0.08444752132291589,38025.86328125,-0.0981387975967426,38025.86328125,-0.0981387975967426,0.3790322580645161,47.24310199445245,29865.05,32750.68,0.6585289493906757,0.6005066154351604,False,False,0.03532982510801386,-0.026263546504902147,0.10262241027236385,0.172359208661804,0.7955988252789594,0.27241048386126016,0.2817282686955929,0.868421052631579
2024-11-27,35001.0,35254.8515625,34743.0,34889.25,34197.015625,21638,34197.015625,-0.0028295040696403317,34177.91025390625,0.0005589976377085026,35317.8666015625,-0.031736089532455214,34032.65990234375,0.0048293528371823324,31678.510517578125,0.0795020051850095,38025.86328125,-0.1006906175391934,38025.86328125,-0.1006906175391934,0.364247311827957,44.19222481140594,30489.25,32177.04,0.7096927605631493,0.672467075902569,False,False,0.017120087853235377,-0.03416219066789428,0.07717453006541053,0.18649356704222186,0.7151419270973638,0.27136037826952975,0.27908709184260383,0.8421052631578947
2024-11-28,35139.80078125,35139.80078125,34564.0,34675.69921875,33987.69921875,22971,33987.69921875,-0.006120896880164484,34092.59443359375,-0.003076774196462795,35330.3870703125,-0.03800376850925402,34028.44435546875,-0.001197384643656374,31731.452646484377,0.07110442113703863,38025.86328125,-0.10619519753260043,38025.86328125,-0.10619519753260043,0.3467741935483871,36.18606434123012,29478.85,32056.96,0.7792366391497634,0.7165682584998703,False,False,0.016623201512400376,-0.047803991127714385,0.07263447594510342,0.12884835580830067,0.6994642913995399,0.2692993532551038,0.27943292891661276,0.8435672514619883
2024-11-29,34875.0,35050.0,34400.0,34966.19921875,34272.4375,34200,34272.4375,0.008377686274595453,34033.43447265625,0.007022595017137423,35335.2074609375,-0.03007679980688871,34029.05041015625,0.007152332695452124,31782.291845703126,0.07835009716687669,38025.86328125,-0.09870718130680178,38025.86328125,-0.09870718130680178,0.37768817204301075,46.096541895641465,30455.25,31597.02,1.1229590957224125,1.0823805536091695,False,False,0.018901321974199137,-0.03337125851484957,0.07922862792199936,0.14630290847247607,0.7197557264058125,0.2713535578814614,0.27980215439858475,0.8494152046783626
2024-12-02,34720.1015625,35139.80078125,34589.1015625,34928.1484375,34235.14453125,13448,34235.14453125,-0.0010881329566944098,34023.95380859375,0.00620711878003144,35346.2686328125,-0.03143540024281444,34035.73787109375,0.0058587435627657225,31831.33849609375,0.07551696374474592,38025.86328125,-0.09968790772645386,38025.86328125,-0.09968790772645386,0.3696236559139785,48.07040907906546,29322.7,31497.1,0.4586207954929116,0.42695994234389834,False,False,-0.0032661519796163274,-0.005508049825150851,0.07630689629001774,0.14711767639286455,0.7063631859054922,0.2511395166777781,0.27984912917389876,0.8508771929824561
2024-12-03,34928.1484375,35166.0,34625.05078125,34923.69921875,34230.78125,19833,34230.78125,-0.00012745035283889816,34011.28779296875,0.006453547374252189,35355.8123828125,-0.03182025972508595,34030.67525390625,0.0058801653097018125,31879.99583984375,0.0737385733036462,38025.86328125,-0.09980265282027934,38025.86328125,-0.09980265282027934,0.3682795698924731,49.30506178969891,30121.85,31451.06,0.6584256943049647,0.630598777910824,False,False,-0.0018449127416756417,-0.00734600297011867,0.03567387030380309,0.14070239706729049,0.69769341114793,0.2510417341183541,0.26858584156853854,0.7558479532163743
2024-12-04,34850.0,35293.94921875,34759.05078125,35180.6484375,34482.6328125,19108,34482.6328125,0.007357458793027183,34003.42431640625,0.014092948158239915,35345.8912109375,-0.02442316118967669,34030.30138671875,0.013292019387103782,31929.146923828124,0.07997350805405512,38025.86328125,-0.09317948793281217,38025.86328125,-0.09317948793281217,0.396505376344086,78.17033043242175,29593.45,30354.24,0.6456834198108027,0.6295001950304142,False,False,0.008352108576726192,-0.004540126288155588,0.08725535749421032,0.1340099283551619,0.6790565158121362,0.25195735868386454,0.2548090752804955,0.5614035087719298
2024-12-05,35240.0,36308.0,34966.8515625,36169.5,35451.86328125,35438,35451.86328125,0.028107786143251046,34030.71923828125,0.04176062318924201,35340.1592578125,0.0031608239969322938,34037.46123046875,0.041554275778804106,31984.20576171875,0.10841780925764377,38025.86328125,-0.0676907709093143,38025.86328125,-0.0676907709093143,0.48655913978494625,84.40149306869006,29759.3,29659.56,1.190821020655728,1.1948255469737243,False,False,0.043079234433505365,0.015639116120800933,0.09254594354709544,0.15707656674648085,0.7402875469231374,0.2701098227743306,0.2568086066086073,0.577485380116959
2024-12-06,36249.94921875,36997.3515625,36105.3984375,36253.6484375,35534.34375,35941,35534.34375,0.002326548201307732,34029.78564453125,0.04421297627863674,35331.3446484375,0.005745580972998043,34050.05185546875,0.04359147236637351,32034.5307421875,0.10925126501707916,38025.86328125,-0.06552170854931072,38025.86328125,-0.06552170854931072,0.49731182795698925,82.03635587112618,30712.4,29559.94,1.170243940558211,1.2158685031160417,False,False,0.03681985706444135,-0.0005251840011812892,0.08110120108728203,0.12322853166954562,0.7248749261692282,0.2620934231288049,0.25572723194696373,0.5672514619883041
2024-12-09,36367.80078125,36477.0,35750.0,35895.1484375,35182.95703125,14815,35182.95703125,-0.009888650856257897,34055.53935546875,0.033105265607846324,35310.4457421875,-0.0036105098153768056,34059.65388671875,0.032980462698397384,32077.77845703125,0.09680154685207376,38025.86328125,-0.07476243810621908,38025.86328125,-0.07476243810621908,0.4543010752688172,76.10879647514953,30515.05,29028.34,0.48549813944266845,0.5103633208099395,False,False,0.027685365812749385,0.014857388942259853,0.08086665785828995,0.11574548278729835,0.6770497169426981,0.248149315182081,0.255767449160407,0.5687134502923976
2024-12-10,36000.0,36041.5,35460.0,35927.55078125,35214.71484375,26238,35214.71484375,0.0009026476220230784,34095.14521484375,0.032836628847054294,35286.6406640625,-0.0020383300580310015,34069.34275390625,0.033618849007952534,32118.495029296875,0.09639990328403969,38025.86328125,-0.0739272746211691,38025.86328125,-0.0739272746211691,0.45698924731182794,72.90827255500378,31105.65,28795.98,0.8435123522575481,0.9111688506520702,False,False,0.028744117365127275,0.02301154594462096,0.053164622324321176,0.08157654485598687,0.6835645309472134,0.24637725858786258,0.25004939565352824,0.4853801169590643
2024-12-11,36100.0,36332.94921875,35860.69921875,36217.55078125,35498.9609375,13857,35498.9609375,0.008071798820783238,34155.26318359375,0.039340869566236725,35252.1674609375,0.0070008029105153025,34081.47416015625,0.04159112281008359,32158.8221875,0.1038638396184266,38025.86328125,-0.06645220188849676,38025.86328125,-0.06645220188849676,0.4905913978494624,78.93063261463365,30169.25,27716.4,0.45930873323002724,0.49995670433389616,False,False,0.02947362315767199,0.035057682692231085,0.05457871491969679,0.10643785978849962,0.6599578696644688,0.24679272242434885,0.2501970821761821,0.48830409356725146
2024-12-12,36350.0,36527.6015625,35948.05078125,36270.75,35551.10546875,10448,35551.10546875,0.0014689030290719884,34301.9072265625,0.03641774884226123,35224.5633203125,0.009270296567429614,34103.01267578125,0.04246231283833568,32196.1913671875,0.10420220402161084,38025.86328125,-0.06508091070006727,38025.86328125,-0.06508091070006727,0.5,77.99069295666536,27890.3,27284.3,0.37461052767449615,0.3829308430122818,False,False,0.002799350395568334,0.08991540448624069,0.06562708965388686,0.1299756233665803,0.6729336925239884,0.15819614106182187,0.2493415655798301,0.47514619883040937
2024-12-13,36050.0,36530.94921875,35789.55078125,36469.6015625,35746.01171875,9544,35746.01171875,0.005482424454320345,34461.5556640625,0.03727214369567666,35197.6756640625,0.015578757527087372,34125.88958984375,0.04747486873978568,32233.7865234375,0.10896098703013779,38025.86328125,-0.05995528742207834,38025.86328125,-0.05995528742207834,0.5188172043010753,74.08179104718528,22154.65,27044.52,0.4307899244628103,0.352899589269841,False,False,0.005956715290401204,0.09808510845100282,0.05038267143539121,0.12391736271467124,0.7047505383128705,0.156426391454789,0.2463948951927369,0.44005847953216376
2024-12-16,36473.6015625,36680.0,36308.05078125,36499.0,35774.828125,11736,35774.828125,0.0008061432552735059,34590.784765625,0.034230023036414536,35185.4472265625,0.016750700783833006,34149.74568359375,0.04758695588725792,32276.82357421875,0.10837511760529295,38025.86328125,-0.05919747671737807,38025.86328125,-0.05919747671737807,0.5241935483870968,75.71181099585034,21441.55,26296.88,0.5473484892650019,0.4462886851976356,False,False,0.016822664826731115,0.07787173448336371,0.062132202601206554,0.1108837326086225,0.7108974118872111,0.14669611286119963,0.24528686938194472,0.4298245614035088
2024-12-17,36310.0,36575.8515625,35666.6484375,35768.44921875,35058.76953125,10906,35058.76953125,-0.020015710243192153,34687.53359375,0.010702286932469995,35166.5094921875,-0.0030637092646750297,34165.93837890625,0.02613220051040588,32314.39271484375,0.0849273833063744,38025.86328125,-0.07802830741946709,38025.86328125,-0.07802830741946709,0.4435483870967742,62.315732119749136,20998.85,25807.98,0.5193617745733695,0.422582472553063,False,False,-0.00442841332641597,0.05841651541312065,0.03866775759988528,0.06281671187118265,0.6709722300702186,0.16846109431363984,0.2490685000195543,0.47076023391812866
2024-12-18,35768.0,35973.19921875,35621.0,35771.75,35062.0078125,10725,35062.0078125,9.236722489980309e-05,34759.56328125,0.008701045200218305,35146.6602734375,-0.002408549212895572,34175.94287109375,0.025926569012253653,32351.77904296875,0.0837737166148298,38025.86328125,-0.0779431474527873,38025.86328125,-0.0779431474527873,0.44489247311827956,66.31442323549058,20371.55,24660.68,0.5264695126291323,0.4349028493942584,False,False,-0.012308899006066909,0.04284750627448419,0.0023819189026355048,0.05259828668929978,0.674194180153731,0.1624345275162396,0.2377993049805985,0.35233918128654973
2024-12-19,35650.0,35836.44921875,35362.0,35534.30078125,34829.26953125,19139,34829.26953125,-0.0066379051221084895,34829.4291015625,-4.581479415954881e-06,35098.9589453125,-0.00768368698577937,34181.99291015625,0.01893618733100344,32385.598017578126,0.07545550069341034,38025.86328125,-0.08406367335718568,38025.86328125,-0.08406367335718568,0.4314516129032258,58.59172994234369,20672.75,24327.6,0.9258081290587851,0.7867196106479883,False,False,-0.020304176986409184,0.041795835290433736,-0.02544013878605489,0.02754990183510042,0.6430615776797899,0.16310951649515365,0.23388223773741842,0.3157894736842105
2024-12-20,35534.5,35934.44921875,34465.94921875,34576.94921875,33890.91015625,19486,33890.91015625,-0.026941689780719424,34842.1416015625,-0.02730117615014349,35019.9738671875,-0.0322405640626533,34178.47314453125,-0.008413570350706556,32414.273076171874,0.04555515024532886,38025.86328125,-0.10874054572848801,38025.86328125,-0.10874054572848801,0.3333333333333333,45.84416417352987,21093.8,23870.84,0.9237785510434346,0.8163097737658164,False,False,-0.05189674241411768,0.007558717150244698,-0.05793355838064529,0.019381120083166614,0.6102039973590352,0.19196559992810655,0.23966965317678615,0.37719298245614036
2024-12-23,34775.0,34956.05078125,34350.8515625,34525.05078125,33840.04296875,8983,33840.04296875,-0.0015009094552339564,34816.77734375,-0.02805355490993866,34947.4970703125,-0.03168908203452625,34174.55744140625,-0.009788406864662091,32445.3171875,0.042986967061839465,38025.86328125,-0.11007824547047085,38025.86328125,-0.11007824547047085,0.3293010752688172,45.33511666755273,18906.05,23519.96,0.4751389105603762,0.38193092165122733,False,False,-0.054082304728053865,-0.014769275630518885,-0.06591216218766116,0.012931136288538259,0.5920424076582247,0.17575088441585643,0.23910424992616316,0.3654970760233918
2024-12-24,34480.0,34845.0,34292.75,34405.25,33722.6171875,10858,33722.6171875,-0.0034700245906436056,34788.2056640625,-0.030630739821780884,34867.4856640625,-0.032834844691497334,34168.93919921875,-0.013062214460815236,32474.4900390625,0.03843408000976045,38025.86328125,-0.11316629584243698,38025.86328125,-0.11316629584243698,0.3172043010752688,40.625554090828494,18465.6,23399.48,0.5880123039597955,0.4640274057372215,False,False,-0.038111786626139454,-0.016662761637433188,-0.07368091924265141,-0.002088184620257283,0.5784458607343996,0.176008052595713,0.23883513554849836,0.3611111111111111
2024-12-26,34570.0,34632.69921875,34080.05078125,34190.1015625,33511.73828125,15783,33511.73828125,-0.006253337487938659,34753.941796875,-0.03574280934477181,34777.2031640625,-0.036387770369072814,34167.16904296875,-0.01918305730552272,32500.907119140626,0.03110162920696058,38025.86328125,-0.11871196629021308,38025.86328125,-0.11871196629021308,0.2862903225806452,20.56228203480805,18172.85,23484.4,0.8684933843618365,0.6720631568189946,False,False,-0.044215081450564075,-0.02003909789277114,-0.0996942908226065,-0.00550524801727148,0.5941325031981579,0.17695354217426684,0.23390348842712577,0.3172514619883041
2024-12-27,34190.1015625,34729.94921875,34000.0,34089.6484375,33413.27734375,13919,33413.27734375,-0.0029381029618236187,34725.220703125,-0.037780706149894594,34686.7638671875,-0.03671390413685083,34168.93232421875,-0.022115264629827158,32525.0093359375,0.0273103075432799,38025.86328125,-0.12130128127227557,38025.86328125,-0.12130128127227557,0.27419354838709675,17.972157241629887,17720.25,23414.94,0.7854855320889942,0.5944495266697246,False,False,-0.040655236430655606,-0.016900875558034545,-0.09525887162147295,-0.028945020581195857,0.5704727658219348,0.1760790843457015,0.23356568630690017,0.3128654970760234
2024-12-30,34000.0,34600.0,33539.30078125,33797.80078125,33127.22265625,78500,33127.22265625,-0.008561108344958823,34667.9599609375,-0.04444268732349821,34599.2601953125,-0.04254534723438763,34183.07212890625,-0.030888080178240962,32544.099033203125,0.01791795257419615,38025.86328125,-0.12882391620588007,38025.86328125,-0.12882391620588007,0.24731182795698925,18.33388690725471,19935.25,24612.9,3.9377484606413264,3.1893844284907504,True,True,-0.022533696984799456,-0.03341503923524547,-0.10685170446652659,-0.03170275634491859,0.562850045477175,0.1746375673102272,0.23367391961754386,0.31432748538011696
2024-12-31,33725.0,34300.0,33642.6015625,34100.19921875,33423.62109375,9597,33423.62109375,0.008947277004644372,34627.3837890625,-0.034763316300341573,34552.5125390625,-0.032671761396114496,34196.80220703125,-0.022609748964254828,32564.36517578125,0.026386386263958173,38025.86328125,-0.12102926246435275,38025.86328125,-0.12102926246435275,0.27553763440860213,24.49015925012685,19742.7,23743.7,0.4861037244145937,0.40419142762080046,False,False,-0.01230559533817821,-0.02370439642102984,-0.08142166082654845,-0.004253579484133518,0.6057705254973598,0.17864551441230175,0.23189173950942146,0.29678362573099415
2025-01-01,34121.0,34286.19921875,33760.1015625,34032.55078125,33357.3125,7620,33357.3125,-0.001983884198663355,34583.7103515625,-0.03546171995704006,34498.2470703125,-0.033072247641658614,34212.50140625,-0.02499638644059421,32587.2726171875,0.023630080733002323,38025.86328125,-0.12277303862163713,38025.86328125,-0.12277303862163713,0.271505376344086,17.478408389882787,19132.05,23473.86,0.39828455392913986,0.3246164030968916,False,False,-0.010832631567973539,-0.025517055647101272,-0.07355354757629229,-0.03971928382019241,0.592943309816691,0.17862768969375584,0.23111233878504267,0.2880116959064328
2025-01-02,34050.0,34597.3515625,33903.75,34428.6484375,33745.55078125,35540,33745.55078125,0.011638775793163747,34546.85625,-0.023194743479734048,34450.9935546875,-0.020476703300811305,34237.91689453125,-0.014380726339104255,32612.4616796875,0.03474405313807494,38025.86328125,-0.11256319069843601,38025.86328125,-0.11256319069843601,0.31989247311827956,25.1215337581812,19953.65,23809.28,1.7811277635921245,1.4926952851997206,True,False,0.006977032884349699,-0.021375456893268474,-0.0640397168173501,-0.022435350863544423,0.6107607410327158,0.18197313276646787,0.23254815655506988,0.3026315789473684
2025-01-03,34600.75,34919.25,34180.0,34253.55078125,33573.92578125,18369,33573.92578125,-0.0050858556469423055,34452.959375,-0.025514022879202902,34415.4773828125,-0.024452707489764025,34259.82197265625,-0.02002042485666411,32636.58875,0.028720435166496916,38025.86328125,-0.11707656620632689,38025.86328125,-0.11707656620632689,0.29838709677419356,19.877898158179846,19100.2,23846.02,0.9617176783489177,0.7703172269418544,False,False,0.004807922187556768,-0.05297147529600266,-0.09782278964654711,-0.03345109326687945,0.5826734506467657,0.14612430550827737,0.22215567645792195,0.2222222222222222
2025-01-06,34264.8515625,34402.0,33110.05078125,33471.1015625,32807.00390625,11515,32807.00390625,-0.02284278222323055,34316.5923828125,-0.04399004597317124,34360.8883984375,-0.04522247720050676,34278.181328125,-0.042918771208783735,32662.60056640625,0.0044210607036681004,38025.86328125,-0.1372449939242627,38025.86328125,-0.1372449939242627,0.22446236559139784,15.836612093115278,17878.9,23697.88,0.6440552830431402,0.48590844413086737,False,False,-0.009666332530281818,-0.07675222210203336,-0.13301105534153623,-0.042837791265389,0.5393147747014122,0.16122569684745044,0.22296680375787947,0.22953216374269006
2025-01-07,33471.1015625,33675.8984375,32872.75,32959.69921875,32305.75,11801,32305.75,-0.015278868734322493,34172.73203125,-0.05463367779733552,34300.3262890625,-0.05815035904479182,34291.56884765625,-0.05790982782031495,32680.737890625,-0.011474278575961172,38025.86328125,-0.15042691441197353,38025.86328125,-0.15042691441197353,0.19623655913978494,16.66053275179405,17728.2,23719.0,0.6656626166221049,0.4975336228340149,False,False,-0.03344554112238407,-0.0817784312073151,-0.13768281409365724,-0.05601547764102943,0.5093320923272058,0.16495760420454522,0.2240158549773406,0.24269005847953215
2025-01-08,33049.8984375,33161.6484375,32590.05078125,33014.75,32359.70703125,16497,32359.70703125,0.0016701989970826503,34029.981640625,-0.04908244227146541,34243.1398828125,-0.05500175679006136,34311.38373046875,-0.05688131713223932,32698.31322265625,-0.010355463570874135,38025.86328125,-0.14900795829647606,38025.86328125,-0.14900795829647606,0.20026881720430106,17.67187034148357,17241.15,23715.08,0.9568387259550551,0.6956333269801325,False,False,-0.029906649966180532,-0.08107428457586141,-0.14217993823427566,-0.055075937625614024,0.5049689444378942,0.1652949709332775,0.22334339694582553,0.23538011695906433
2025-01-09,33020.0,33225.0,32754.099609375,32829.6484375,32178.27734375,23782,32178.27734375,-0.005606654205020822,33863.9474609375,-0.0497777206609461,34178.5737890625,-0.058524865831371176,34320.0978125,-0.062407178454191525,32713.797490234374,-0.016369855766339425,38025.86328125,-0.1537791764055324,38025.86328125,-0.1537791764055324,0.19086021505376344,17.89151165673431,17737.4,24007.64,1.340782752827359,0.990601325244797,False,False,-0.04644385411456442,-0.09354312087039518,-0.1537791764055324,-0.0614698131630127,0.4812113200215664,0.15886886154420943,0.22235689242838153,0.2236842105263158
2025-01-10,32900.0,33199.94921875,31624.75,31713.849609375,31084.6171875,31884,31084.6171875,-0.03398752967931706,33640.623046875,-0.07597974198674773,34086.3858203125,-0.08806356439888996,34321.15734375,-0.0943016030559174,32724.142177734375,-0.0501013894063177,38025.86328125,-0.18254013176270545,38025.86328125,-0.18254013176270545,0.16532258064516128,17.24284154879163,18809.2,23781.74,1.695127916126151,1.3406924808697764,True,False,-0.07414410247907921,-0.12563570731087714,-0.1805873537366618,-0.06924631364129041,0.43721762499542827,0.1874457254441721,0.23142427441505656,0.2909356725146199
2025-01-13,31500.0,31697.19921875,30815.75,30979.75,30365.08203125,19575,30365.08203125,-0.02314762803446535,33371.5765625,-0.09009147427060515,33984.5747265625,-0.10650398671852412,34310.62306640625,-0.11499473581461583,32730.286865234375,-0.07226349233427165,38025.86328125,-0.2014623887257655,38025.86328125,-0.2014623887257655,0.12096774193548387,14.914612502465005,19310.75,23879.8,1.0136840878785132,0.819730483504887,False,False,-0.07443294370854736,-0.15053230916604665,-0.19031643386216046,-0.09245049519399717,0.40679639806918555,0.19044718943956784,0.234431713987292,0.31871345029239767
2025-01-14,31000.0,31729.900390625,30980.349609375,31621.69921875,30994.294921875,12720,30994.294921875,0.020721593637634594,33132.54990234375,-0.06453638451526167,33915.96546875,-0.08614440150810432,34304.82052734375,-0.09650321892312452,32738.62244140625,-0.05328041895022151,38025.86328125,-0.18491541684057344,38025.86328125,-0.18491541684057344,0.1586021505376344,25.033359725615583,19359.95,23412.22,0.6570264902543653,0.5433060171141395,False,False,-0.040595097718672424,-0.13362840448656943,-0.13329348909978211,-0.07172745927530877,0.42319953464862414,0.21435655302560058,0.22184328217232144,0.22076023391812866
2025-01-15,31625.0,31766.900390625,31289.849609375,31463.94921875,30839.67578125,13843,30839.67578125,-0.004988632295547801,32921.59521484375,-0.06323871671488901,33843.076953125,-0.08874492044665194,34294.63470703125,-0.10074342401649483,32745.636494140625,-0.05820502872899325,38025.86328125,-0.1889815741157257,38025.86328125,-0.1889815741157257,0.14650537634408603,25.29379896197895,19506.8,23612.08,0.7096499682162118,0.5862677070380923,False,False,-0.04697296080375801,-0.12034346345895763,-0.1450187187231632,-0.07774710204249469,0.40344062587215546,0.20887627589201546,0.22072855693614424,0.21783625730994152
2025-01-16,31621.25,31797.349609375,31300.0,31354.349609375,30732.25,16830,30732.25,-0.0034833628606210087,32705.10732421875,-0.060322606639416576,33764.92390625,-0.08981728833953151,34282.4238671875,-0.10355667618314035,32749.66681640625,-0.06160114018001572,38025.86328125,-0.19180664557973037,38025.86328125,-0.19180664557973037,0.13709677419354838,25.25193630738609,19812.05,23355.16,0.8494830166489586,0.7206116335747647,False,False,-0.044937997404353336,-0.1234885872952316,-0.1488850900277443,-0.09774387113221816,0.4125549954678591,0.20780602623189126,0.22061204942996798,0.2149122807017544
2025-01-17,31385.0,31509.94921875,31050.05078125,31399.80078125,30776.80078125,14832,30776.80078125,0.0014496426799208706,32502.48388671875,-0.05309388388540681,33682.340625,-0.08626300280311938,34268.5585546875,-0.10189392027870614,32755.572021484375,-0.06041021780772138,38025.86328125,-0.1906350539995343,38025.86328125,-0.1906350539995343,0.13978494623655913,27.291209848773633,19596.7,23009.38,0.7568621247454929,0.6446066777983587,False,False,-0.009902531673247728,-0.11635238994501418,-0.12936260129253097,-0.10073159440510271,0.3967046124151663,0.2097022031165973,0.21738074164944618,0.2046783625730994
2025-01-20,31500.0,31549.650390625,30941.599609375,31136.75,30518.96875,11609,30518.96875,-0.008377479942849653,32333.88681640625,-0.05613052574568178,33581.6596875,-0.09120129755349815,34257.15736328125,-0.10912138954319806,32761.701416015625,-0.06845592777789189,38025.86328125,-0.1974154926010987,38025.86328125,-0.1974154926010987,0.12634408602150538,21.725760896512597,19202.85,22903.98,0.6045456794173782,0.5068551404603043,False,False,0.005067884176687798,-0.09949397613413347,-0.14119260460099725,-0.10875011792481082,0.39354082901957343,0.19505197761390383,0.217171519336694,0.20321637426900585
2025-01-21,31282.0,31550.0,30529.80078125,30611.0,30003.650390625,12806,30003.650390625,-0.016885182576000357,32142.0671875,-0.06653015764047143,33488.3750390625,-0.10405774076445162,34244.1295703125,-0.12383083561755148,32764.030078125,-0.08425030989527071,38025.86328125,-0.21096727854119846,38025.86328125,-0.21096727854119846,0.1196236559139785,19.97928538784126,19394.0,22784.86,0.6603073115396514,0.5620398808682607,False,False,-0.03196215735015251,-0.11336843105275496,-0.15085263148934158,-0.12351047716879948,0.3423447945378806,0.19883821100089907,0.21908973368452017,0.20760233918128654
2025-01-22,30867.599609375,30867.599609375,30204.099609375,30582.69921875,29975.91015625,21434,29975.91015625,-0.0009245619787540127,31954.7318359375,-0.06192577956364009,33399.4412890625,-0.10250264677132859,34232.8660546875,-0.12435289209021982,32763.13015625,-0.08507184712533644,38025.86328125,-0.21169678819545212,38025.86328125,-0.21169678819545212,0.11827956989247312,13.927450301692332,19922.8,22925.02,1.0758527917762564,0.9349610163916978,False,False,-0.02800825894301895,-0.11110368481835375,-0.14887172028702966,-0.12567016037818723,0.3325392449075151,0.19945905210339718,0.21911333017510357,0.20906432748538012
2025-01-23,30562.0,31362.44921875,30454.349609375,30990.5,30375.62109375,17809,30375.62109375,0.013334405374732627,31797.9259765625,-0.044729485937568536,33321.0216796875,-0.08839466611352498,34219.15267578125,-0.11232106237252126,32764.717470703126,-0.07291673975487079,38025.86328125,-0.20118523361104657,38025.86328125,-0.20118523361104657,0.12231182795698925,20.674801273055877,20024.1,22629.5,0.8893782991495249,0.7869815948209196,False,False,-0.011604386475119743,-0.09358264740491462,-0.14209112116667044,-0.09834536539166383,0.3404691977216281,0.21066699703758335,0.22095584688833994,0.21929824561403508
2025-01-24,30900.0,31113.5,30240.0,30356.5,29754.19921875,15495,29754.19921875,-0.020457915019484574,31614.9720703125,-0.05885733023657569,33263.741171875,-0.10550653142083644,34199.8327734375,-0.129989920832021,32763.31837890625,-0.09184415099093224,38025.86328125,-0.2175273182181412,38025.86328125,-0.2175273182181412,0.11424731182795698,21.24156309820036,20102.9,21818.86,0.770784314700864,0.7101654256913514,False,False,-0.033226376249054224,-0.10950970440151797,-0.1664093070573367,-0.10478548969937562,0.3302020832467438,0.2176582708945965,0.22286816679675103,0.22807017543859648
2025-01-27,30350.0,30350.05078125,29294.349609375,29704.05078125,29114.6953125,32267,29114.6953125,-0.021492895895077857,31414.345703125,-0.07320382898811217,33194.97421875,-0.1229185743408494,34173.41552734375,-0.14803086366348228,32758.712265625,-0.11123810128973866,38025.86328125,-0.23434492210842106,38025.86328125,-0.23434492210842106,0.10483870967741936,20.702325064286256,17791.25,19979.06,1.813644347642802,1.6150409478724224,True,False,-0.046013135273451855,-0.12112477358535734,-0.17884156069595336,-0.08193885884125196,0.31176912858268224,0.2246469879746795,0.2259783355654107,0.25584795321637427
2025-01-28,29650.400390625,30144.0,29357.44921875,29797.05078125,29205.849609375,29454,29205.849609375,0.003130868995763203,31203.45712890625,-0.06401878840792641,33115.2862890625,-0.11805534898783976,34147.3942578125,-0.14471220296134113,32753.125615234374,-0.10830343483949634,38025.86328125,-0.23194775636360165,38025.86328125,-0.23194775636360165,0.10618279569892473,21.240277770356784,18784.1,20048.18,1.5680282792361626,1.4691607916529081,True,False,-0.026590123897033635,-0.12619133853105147,-0.15160333825877947,-0.08875847856362928,0.3219669691147238,0.22030441950213073,0.21976774112549816,0.2134502923976608
2025-01-29,29000.05078125,29205.0,28029.75,28155.69921875,27597.064453125,183316,27597.064453125,-0.05508434706633514,30915.4447265625,-0.10733729703025596,33004.75171875,-0.1638457186924661,34092.84791015625,-0.1905321454561194,32744.4669921875,-0.15719915490731973,38025.86328125,-0.2742554127171464,38025.86328125,-0.2742554127171464,0.06720430107526881,16.853105327880783,27568.9,23319.3,6.649376652677473,7.861127906926881,True,True,-0.07935858129828988,-0.17268321741672088,-0.1997162981582319,-0.1318235874396203,0.2291904811118175,0.278419773028507,0.24440473452995132,0.4108187134502924
2025-01-30,28100.0,28949.94921875,27980.05078125,28583.55078125,28016.42578125,27625,28016.42578125,0.015195867257450812,30628.9884765625,-0.08529706089744526,32892.651953125,-0.14824667159169969,34055.859140625,-0.1773390397944946,32739.23248046875,-0.14425526627834773,38025.86328125,-0.2632270943059828,38025.86328125,-0.2632270943059828,0.08736559139784947,25.400041341467997,27173.15,23406.38,1.0166285469295977,1.1802337653238133,False,False,-0.07766739337505835,-0.16977423296890648,-0.19120944674646456,-0.10215280003710459,0.2703062533696159,0.28222558887661825,0.24688445532108513,0.4444444444444444
2025-01-31,28583.0,28900.0,28435.30078125,28729.150390625,28159.138671875,26318,28159.138671875,0.005093900690233966,30358.24912109375,-0.07243864560327196,32787.1956640625,-0.14115440184657924,34012.9619921875,-0.17210566141393613,32734.449873046877,-0.1397705236812038,38025.86328125,-0.2594740462931222,38025.86328125,-0.2594740462931222,0.09408602150537634,30.510628326259067,27570.6,23670.44,0.9545675465894831,1.111850899265075,False,False,-0.05360791379893204,-0.16127953414369522,-0.1932857665466604,-0.10273830913145188,0.29558667763824475,0.2864312120306393,0.24644461766934078,0.4415204678362573
2025-02-01,28899.0,29119.94921875,28449.55078125,28689.25,28120.02734375,9383,28120.02734375,-0.0013889390787390488,30123.90029296875,-0.06652103246027785,32676.8630078125,-0.13945144192614312,33965.475703125,-0.17209970531451102,32729.71068359375,-0.14084094370422962,38025.86328125,-0.2605025917290462,38025.86328125,-0.2605025917290462,0.09274193548387097,21.6499611821434,27464.0,23636.8,0.3416472473055637,0.3969657483246463,False,False,-0.03416377736650922,-0.1428651203838548,-0.20906773027780257,-0.09205497797307938,0.2747518464814036,0.28237504094420524,0.24219717187542641,0.3961988304093567
2025-02-03,28710.0,29051.5,28256.849609375,28477.44921875,27912.431640625,24413,27912.431640625,-0.007382485820062401,29904.234375,-0.06660604345851939,32548.165078125,-0.14242687495202566,33919.09310546875,-0.17708791464932483,32723.025888671877,-0.1470094564119212,38025.86328125,-0.2659619208595795,38025.86328125,-0.2659619208595795,0.08602150537634409,21.426046651025587,28094.6,23070.3,0.8689570237696924,1.0582003701729064,False,False,-0.044286264089191785,-0.13599183920432123,-0.19486194782680022,-0.09863940965883355,0.23978798143922364,0.2808865396177094,0.23830522791425254,0.35526315789473684
2025-02-04,28499.94921875,28860.0,28356.099609375,28621.19921875,28053.328125,17251,28053.328125,0.005047804010379853,29688.9154296875,-0.05509084050446611,32423.350625,-0.13478010186370115,33865.25591796875,-0.17161919009402704,32717.349921875,-0.14255499935086768,38025.86328125,-0.2622566404999229,38025.86328125,-0.2622566404999229,0.08870967741935484,24.01978091582579,28132.3,23021.98,0.6132097268975519,0.7493273819193658,False,False,0.016533050921049508,-0.13307842688721805,-0.1850316351733423,-0.0765314992341346,0.2133441889705352,0.282541145757989,0.23882152035948975,0.35964912280701755
2025-02-05,28645.0,28889.849609375,28296.55078125,28363.05078125,27800.302734375,14484,27800.302734375,-0.009019442880273232,29470.01669921875,-0.05665805967758464,32295.4163671875,-0.1391873565494447,33806.641484375,-0.17766741936716945,32711.0774609375,-0.15012574050569827,38025.86328125,-0.26891067459123474,38025.86328125,-0.26891067459123474,0.07795698924731183,22.255744223007483,27667.4,22878.9,0.5235041962743155,0.6330723942147568,False,False,-0.007714154851959698,-0.1360537285015767,-0.18941523451781506,-0.11200629454510813,0.21807577171015247,0.2825837653014383,0.23910924776037368,0.3669590643274854
2025-02-06,28414.0,28581.349609375,27933.099609375,28155.849609375,27597.212890625,14983,27597.212890625,-0.007305310510121843,29295.646484375,-0.05797563111146464,32167.606640625,-0.14208062791429354,33748.99685546875,-0.18228049832677928,32706.935029296874,-0.15622748307338785,38025.86328125,-0.27425150912398133,38025.86328125,-0.27425150912398133,0.06854838709677419,22.485209277276894,26822.35,22719.14,0.5586013156938151,0.6594879911827649,False,False,-0.019955361127975246,-0.11219067861892096,-0.1539327102832838,-0.10915419609615384,0.20348129378446855,0.2642279877807382,0.21966174003714398,0.21052631578947367
2025-02-07,28300.0,28400.0,27840.0,28045.150390625,27488.7109375,17579,27488.7109375,-0.0039316272101469485,29151.8279296875,-0.05705017867829221,32031.932109375,-0.14183412840542653,33683.56978515625,-0.18391337044051115,32701.589970703124,-0.15940751008967047,38025.86328125,-0.2771048816384326,38025.86328125,-0.2771048816384326,0.06317204301075269,24.351021478110553,26722.55,22386.72,0.6578339267771975,0.7852423222338958,False,False,-0.022450774977298082,-0.09472627443554427,-0.1555716937464684,-0.12507909692217778,0.18488645969727346,0.25617478861299897,0.21967158900521871,0.21198830409356725
2025-02-10,28220.0,28499.0,27590.0,27696.650390625,27147.123046875,33234,27147.123046875,-0.012426479051769856,28959.4693359375,-0.06258216502653435,31890.1716796875,-0.14873073373366608,33618.22015625,-0.19248779618013034,32696.58244140625,-0.16972597685021462,38025.86328125,-0.28608792268337924,38025.86328125,-0.28608792268337924,0.053763440860215055,22.885945064955536,27748.25,22782.44,1.1976971520726531,1.458755076278046,False,False,-0.027418198586329434,-0.12412516189502865,-0.18207527084329067,-0.14022134743240655,0.16016948643237128,0.23873919725884038,0.21555147717224382,0.20029239766081872
2025-02-11,27810.0,27810.0,27012.19921875,27223.44921875,26683.310546875,41878,26683.310546875,-0.01708514376271597,28751.65107421875,-0.07193814789990982,31739.222265625,-0.15929538778351793,33547.51732421875,-0.20461146829450527,32689.045869140624,-0.1837231758402348,38025.86328125,-0.29828521315827294,38025.86328125,-0.29828521315827294,0.033602150537634407,15.038649646200113,29150.0,23223.34,1.43663807890223,1.8032720530294093,False,False,-0.04883618699430159,-0.13477331162158324,-0.194436743036981,-0.16243660579564212,0.10698012584152683,0.2415715444065734,0.2173863712447986,0.20614035087719298
2025-02-12,27224.0,27424.900390625,26640.30078125,27390.5,26847.046875,17532,26847.046875,0.00613628237161068,28557.39091796875,-0.05989146725209327,31586.510546875,-0.15004707990271804,33466.20087890625,-0.19778623895365144,32682.44431640625,-0.17854837860083006,38025.86328125,-0.29397929308187754,38025.86328125,-0.29397929308187754,0.043010752688172046,19.860795233652127,29185.1,23191.82,0.6007174894038396,0.7559561948997534,False,False,-0.034289405711985355,-0.12642104385458275,-0.20148965700570765,-0.15980451717094513,0.09912596472561974,0.2458567916921799,0.21490015097581242,0.19736842105263158
2025-02-13,27390.5,27635.19921875,27177.400390625,27350.400390625,26807.744140625,12420,26807.744140625,-0.0014639500038120534,28358.9380859375,-0.05469859063875526,31413.6281640625,-0.14662056860743888,33376.8937109375,-0.1968172840530037,32673.646884765625,-0.17953008933556336,38025.86328125,-0.2950128720984617,38025.86328125,-0.2950128720984617,0.04032258064516129,22.683763111069382,29064.5,22731.46,0.4273254313681639,0.5463793350713065,False,False,-0.028606828998597456,-0.12896261274313636,-0.19814005360702358,-0.16651222222316686,0.09422434366780696,0.24480390189939744,0.21490575727502997,0.19883040935672514
2025-02-14,27350.900390625,27562.900390625,26899.0,27004.55078125,26468.755859375,15110,26468.755859375,-0.012645162512435748,28156.42744140625,-0.05993912351072617,31232.31640625,-0.15252024489357918,33281.83052734375,-0.20470853195323047,32662.8184765625,-0.18963650126005216,38025.86328125,-0.303927548899952,38025.86328125,-0.303927548899952,0.025537634408602152,19.38721656690987,29239.55,22314.84,0.5167658188994017,0.6771278664780926,False,False,-0.03710450739010762,-0.13271132861017787,-0.213097978918788,-0.16394445882905484,0.07367796497506696,0.2456441603830377,0.21472746765067516,0.1915204678362573
2025-02-17,26820.0,27136.19921875,26501.05078125,26911.25,26377.306640625,13329,26377.306640625,-0.003454987428795575,27975.11025390625,-0.05711518556242834,31056.2033984375,-0.15065900676216937,33183.3245703125,-0.20510355782062029,32645.122373046874,-0.19199853689618374,38025.86328125,-0.3063324704680336,38025.86328125,-0.3063324704680336,0.020161290322580645,29.348343677084486,29265.7,22285.12,0.4554478450882774,0.5981121035022473,False,False,-0.028357200316245557,-0.12086341837702175,-0.23204196423575518,-0.1574476264485406,0.07926363959582616,0.2430723073694185,0.2083057630971598,0.16228070175438597
2025-02-18,26980.0,27279.94921875,26633.0,26977.599609375,26442.33984375,36286,26442.33984375,0.0024654982410083903,27798.43173828125,-0.04878303593881439,30880.7558984375,-0.14372757160753546,33083.69828125,-0.20074413631271548,32630.565517578125,-0.189645063628901,38025.86328125,-0.30462223439412794,38025.86328125,-0.30462223439412794,0.021505376344086023,19.715648786118834,30008.3,22486.08,1.2091987883352273,1.6137094593633037,False,False,-0.009030764855870621,-0.1178803343778787,-0.22895256636736716,-0.14982582029366587,0.03820247776394203,0.24436223296339138,0.20869484358622062,0.16374269005847952
2025-02-19,26911.0,27589.900390625,26778.849609375,27295.400390625,26753.833984375,15846,26753.833984375,0.011780127721890077,27617.3423828125,-0.03126688971256342,30705.853359375,-0.128705733357949,32979.01041015625,-0.1887617714527946,32617.853388671876,-0.1797794396345358,38025.86328125,-0.29643059550032813,38025.86328125,-0.29643059550032813,0.03763440860215054,24.61172146696174,29910.15,22525.86,0.5297867112000441,0.7034581587562029,False,False,-0.003471997909453517,-0.11923335158141701,-0.21765588325735663,-0.15727884369830447,0.008307258212448598,0.2427767705719606,0.21124812463372455,0.17543859649122806
2025-02-20,27300.0,27548.650390625,27150.80078125,27417.94921875,26873.953125,17645,26873.953125,0.004489791657343423,27473.330078125,-0.021816683722743924,30532.3103125,-0.1198192062787421,32878.43681640625,-0.18262679959316153,32607.822919921877,-0.17584337994606647,38025.86328125,-0.2932717154576434,38025.86328125,-0.2932717154576434,0.04435483870967742,28.128556736372985,30017.65,22669.8,0.5878208320771279,0.7783482871485412,False,False,0.002469770825463291,-0.09680133121966106,-0.20930354973323873,-0.15187172743645894,-0.007293574132699043,0.23949262950534894,0.21191011132662976,0.18128654970760233
2025-02-21,27390.0,27594.5,27166.0,27334.099609375,26791.767578125,20941,26791.767578125,-0.003058185987477424,27357.18369140625,-0.020667921071819473,30353.2254296875,-0.11733375287619863,32775.450546875,-0.18256600195906436,32595.23681640625,-0.1780465431489111,38025.86328125,-0.2954330219943848,38025.86328125,-0.2954330219943848,0.038978494623655914,29.423936196917424,29451.35,22897.74,0.7110370152811332,0.9145444048189908,False,False,0.012203509695208892,-0.07978540422429503,-0.2182707291208862,-0.15633539158266907,-0.023393334186247228,0.23142483832811292,0.21038966890171173,0.16666666666666666
2025-02-24,27234.099609375,27234.099609375,26794.75,26998.400390625,26462.7265625,26865,26462.7265625,-0.012281422443126022,27220.0275390625,-0.027821462541715802,30166.9833984375,-0.12279175504599382,32676.2153125,-0.19015325644592274,32581.814619140627,-0.18780685263140273,38025.86328125,-0.3040861066907484,38025.86328125,-0.3040861066907484,0.024193548387096774,22.68291046678563,29321.9,23200.32,0.9162093861584686,1.1579581660942608,False,False,0.0032383868087366707,-0.09392375443837331,-0.22703038281772991,-0.16804747040406776,-0.057503560556449895,0.2315525919067099,0.21097586910124694,0.16812865497076024
2025-02-25,27051.0,27314.5,26915.75,27164.55078125,26625.58203125,25766,26625.58203125,0.006154145468168837,27171.45341796875,-0.02008988545153645,29998.3196484375,-0.11243088468667528,32582.4145703125,-0.1828235450815875,32566.5230859375,-0.18242478753443747,38025.86328125,-0.2998033513580035,38025.86328125,-0.2998033513580035,0.03225806451612903,29.180457931133787,21444.4,23497.52,1.201525806271101,1.0965412520129785,False,False,0.006929877937534856,-0.035202382613017114,-0.22217428118880578,-0.1944262273769728,-0.056732899194545605,0.13860336918770105,0.21188391931311953,0.17982456140350878
2025-02-27,27288.0,27341.099609375,26695.0,26822.150390625,26289.974609375,19778,26289.974609375,-0.012604698048707563,27085.130859375,-0.02935766691061681,29822.878984375,-0.11846288806828409,32484.76962890625,-0.19069844392613067,32547.76921875,-0.19226493119442523,38025.86328125,-0.3086291186888529,38025.86328125,-0.3086291186888529,0.01747311827956989,27.871284968214013,21052.05,23678.58,0.9394809531613311,0.8352696825569776,False,False,-0.017338052380489022,-0.0616228203181588,-0.23758795471542848,-0.17106341914623113,-0.03229763536543295,0.12825545910423827,0.21122584656499105,0.1739766081871345
2025-02-28,26486.0,26821.75,26310.75,26544.0,26017.34375,30508,26017.34375,-0.010370145404316244,26978.04111328125,-0.03561034543787911,29646.64046875,-0.12241848187067195,32372.79970703125,-0.19632086240754976,32522.364453125,-0.20001684417812826,38025.86328125,-0.3157987352563597,38025.86328125,-0.3157987352563597,0.010752688172043012,26.404090366940295,21261.55,23905.96,1.4348906829464456,1.2761671148115366,False,False,-0.031875078854815886,-0.0760603847593605,-0.2661219653365804,-0.19820453017016626,-0.0554583737797818,0.1268201814765241,0.20035494091484118,0.14473684210526316
2025-03-03,26544.0,27029.900390625,26264.0,26691.55078125,26161.966796875,17747,26161.966796875,0.005558716841530087,26880.1380859375,-0.026717544633381718,29492.0616015625,-0.11291495486741654,32256.017734375,-0.18892756656087817,32502.299462890624,-0.19507335698677797,38025.86328125,-0.3119954541630332,38025.86328125,-0.3119954541630332,0.013440860215053764,33.13596212612589,21679.75,23871.18,0.818598000438197,0.7434487947390954,False,False,-0.023507250106343136,-0.06963224192277329,-0.26375545357088526,-0.2040451365615228,-0.05157834649872961,0.1309866793149329,0.2009727296413633,0.14912280701754385
2025-03-04,26504.349609375,26647.75,26066.599609375,26259.69921875,25738.68359375,31707,25738.68359375,-0.016179334161358305,26771.45068359375,-0.03857718067092486,29330.0344140625,-0.12244618501335947,32138.7657421875,-0.19913901485134888,32479.6003515625,-0.207543094276042,38025.86328125,-0.32312690961466295,38025.86328125,-0.32312690961466295,0.002688172043010753,33.602217070274804,22044.45,24325.66,1.4383212101005014,1.3034384267477224,False,False,-0.027360860455552305,-0.07787741587197405,-0.2684331913634054,-0.20927382854890875,-0.08290581392298135,0.13792110071314972,0.20203563259512655,0.15058479532163743
2025-03-05,26005.0,27121.55078125,26005.0,27073.44921875,26536.287109375,37194,26536.287109375,0.030988512396907364,26695.5986328125,-0.005967707472260386,29186.3078125,-0.09079670920177307,32026.89673828125,-0.17143745376814512,32460.956572265626,-0.1825167859641147,38025.86328125,-0.3021516194621239,38025.86328125,-0.3021516194621239,0.02956989247311828,45.57853451299104,23041.6,24852.38,1.6142108186931463,1.4965971065950223,True,False,-0.003353726569064186,-0.05407704244093137,-0.24644322047989753,-0.20638065889677948,-0.05752298516490906,0.18366704117048754,0.2148642561765489,0.195906432748538
2025-03-06,27299.0,27311.94921875,26850.0,27070.05078125,26532.95703125,31682,26532.95703125,-0.0001254914868562551,26632.23134765625,-0.0037276004068275137,29046.7321875,-0.08654244271001965,31911.96767578125,-0.1685577868209458,32443.0018359375,-0.182167015079994,38025.86328125,-0.3022391934929979,38025.86328125,-0.3022391934929979,0.028225806451612902,46.0499163045291,23901.5,25170.36,1.325523502709035,1.2587026963460197,False,False,0.009242398499249793,-0.045587478497416845,-0.25257088290656393,-0.21177716220204057,-0.039747200591495724,0.18232484031401583,0.2134492459283902,0.19005847953216373
2025-03-07,27070.05078125,27391.900390625,26850.0,27033.400390625,26497.033203125,18774,26497.033203125,-0.0013539323220811417,26577.22236328125,-0.003017213727610546,28908.4073046875,-0.08341428416125485,31797.5855859375,-0.16669669363691164,32424.61193359375,-0.1828110924691574,38025.86328125,-0.3031839144020091,38025.86328125,-0.3031839144020091,0.026881720430107527,50.44528729919321,24091.05,25267.46,0.7792935550754326,0.7430109714233247,False,False,0.018437295433935352,-0.03986560859824151,-0.2546776575930578,-0.2057643214068725,-0.04987849016855905,0.1813653378292652,0.21317617274549772,0.1871345029239766
2025-03-10,27005.0,27250.0,26610.150390625,26799.349609375,26267.626953125,17291,26267.626953125,-0.00865780890416612,26516.1681640625,-0.009373194852276945,28771.215390625,-0.08701712470289957,31685.23779296875,-0.1709821739461892,32405.436640625,-0.1894067886067411,38025.86328125,-0.30921681491246555,38025.86328125,-0.30921681491246555,0.01478494623655914,48.34477570938605,24076.65,24043.28,0.7181646948391907,0.7191614455265671,False,False,0.004038693155998585,-0.04442128942136758,-0.26515922504029354,-0.22813598371817034,-0.06945844297971737,0.18281331486532418,0.21223136769112785,0.18567251461988304
2025-03-11,26650.0,27030.150390625,26400.0,26982.55078125,26447.193359375,18143,26447.193359375,0.0068360345824325375,26481.1716796875,-0.001283112421289312,28631.6868359375,-0.07629635966193227,31592.0996875,-0.1628542065585048,32387.26232421875,-0.1834075663876613,38025.86328125,-0.3044945971702442,38025.86328125,-0.3044945971702442,0.0228494623655914,50.07079905206194,23322.1,24214.2,0.7779316613855528,0.7492710888652113,False,False,0.027527039719974056,-0.025782831068007828,-0.260731784176112,-0.21479942161390964,-0.07504120179806306,0.18131167955613697,0.21329705732374393,0.18859649122807018
2025-03-12,26900.0,27125.0,26540.0,26807.099609375,26275.22265625,17579,26275.22265625,-0.0065024178856407655,26460.76728515625,-0.0070120653307863545,28490.0450390625,-0.07774022047967188,31494.1460546875,-0.16571090352394957,32364.685927734376,-0.18815147117698772,38025.86328125,-0.30901706394116424,38025.86328125,-0.30901706394116424,0.016129032258064516,42.72217143610661,22107.15,24413.38,0.795172602529046,0.7200559693086331,False,False,-0.009838017355215056,-0.015293750372844639,-0.25053779674642296,-0.22155777394073783,-0.103518756356058,0.17273676229313925,0.2110010708027243,0.1695906432748538
2025-03-13,26750.0,26807.099609375,26282.44921875,26378.349609375,25854.978515625,8806,25854.978515625,-0.015993932615639972,26411.1638671875,-0.02105872177232937,28332.23359375,-0.08743592593672089,31391.61357421875,-0.17637306363699856,32342.449287109375,-0.2005868731181737,38025.86328125,-0.32006859845904634,38025.86328125,-0.32006859845904634,0.008064516129032258,35.8013166811362,21670.85,23878.7,0.4063523119766876,0.36878054500454377,False,False,-0.025552316495537575,-0.03695260651922261,-0.2625927569838882,-0.2608363127328077,-0.11969244378157451,0.178849669349525,0.21201117841908218,0.1827485380116959
2025-03-17,26379.05078125,26759.650390625,26210.94921875,26345.849609375,25823.123046875,16075,25823.123046875,-0.0012320825844333028,26361.9328125,-0.02043893251140949,28177.2175390625,-0.0835460239792657,31296.3474609375,-0.174883807795587,32319.755380859377,-0.20101118518464578,38025.86328125,-0.32090633009749425,38025.86328125,-0.32090633009749425,0.004704301075268817,36.31061936838712,21853.6,23832.82,0.7355767470805726,0.6744900519535666,False,False,-0.025433419322225093,-0.036728979827059915,-0.258579826840594,-0.2774416589445501,-0.10261048126472272,0.17885770121513575,0.21211954764991028,0.18421052631578946
2025-03-18,26345.849609375,26345.849609375,26345.849609375,26345.849609375,25823.123046875,0,25823.123046875,0.0,26329.651171875,-0.019237935272802487,28037.539921875,-0.07898042699788732,31199.21416015625,-0.17231495273194808,32299.581474609375,-0.20051214697086717,38025.86328125,-0.32090633009749425,38025.86328125,-0.32090633009749425,0.004704301075268817,40.03391446032976,21098.1,23602.52,0.0,0.0,False,False,-0.016922118889659332,-0.024392261424381334,-0.2380516507871706,-0.2821940299593284,-0.10048214896326546,0.17427037394153927,0.20728506085203127,0.15789473684210525
2025-03-19,27337.0,27671.849609375,27310.0,27557.30078125,27010.5390625,20377,27010.5390625,0.04598266497315451,26361.31279296875,0.024627994615822546,27931.635703125,-0.03297682421520154,31115.98099609375,-0.13193998074845015,32286.401025390624,-0.1634081779118579,38025.86328125,-0.2896797933889773,38025.86328125,-0.2896797933889773,0.04973118279569892,54.54659954270572,21450.5,23774.04,0.9499545465140673,0.8571113702172621,False,False,0.021300774546094026,0.024006712683080744,-0.20181723505956506,-0.2544271869177148,-0.06045435232448859,0.24120187728880063,0.2315759723022128,0.29239766081871343
2025-03-20,27560.05078125,27875.0,27503.05078125,27623.849609375,27075.767578125,17337,27075.767578125,0.002414928316464504,26392.9841796875,0.02586988245773969,27825.9569140625,-0.026960055255399795,31034.5483984375,-0.1275604455230872,32275.519013671874,-0.16110512222419304,38025.86328125,-0.28796442100827546,38025.86328125,-0.28796442100827546,0.051075268817204304,59.913912487223385,20503.05,23790.84,0.8455815110434789,0.7287258457456736,False,False,0.03046767414108209,0.02395505610010229,-0.1971036106841314,-0.25626175470553036,-0.019158845574538286,0.24119868867460442,0.2319087685163084,0.2982456140350877
2025-03-21,27675.0,27839.94921875,27358.94921875,27432.25,26887.970703125,76189,26887.970703125,-0.006935976033112468,26399.691015625,0.0184956591806702,27720.15078125,-0.030020763043175358,30949.36228515625,-0.13122698763906848,32265.849296875,-0.16667401326612086,38025.86328125,-0.29290308271888554,38025.86328125,-0.29290308271888554,0.0456989247311828,61.22448774036682,23520.2,24838.98,3.2393006862186544,3.067315968691146,True,True,0.0399533183474019,0.0050137381740629205,-0.19765514765406944,-0.2776443487038659,-0.06242752812348085,0.23954873408794958,0.2319470134711962,0.2997076023391813
2025-03-24,27528.349609375,28356.94921875,27528.349609375,28276.80078125,27715.763671875,18555,27715.763671875,0.030786740207723984,26441.78154296875,0.04818064648314202,27652.7737109375,0.0022778894296808794,30869.579765625,-0.10216582531071416,32253.886640625,-0.14070003467532688,38025.86328125,-0.2711338736248694,38025.86328125,-0.2711338736248694,0.07258064516129033,67.03195021422033,23565.7,24572.4,0.7873731737228259,0.7551154954339014,False,False,0.07329247595515143,0.03132440333431585,-0.17051645707363472,-0.24953212340138198,-0.039136454074820026,0.2626406548335305,0.24239426216917964,0.39766081871345027
2025-03-25,28500.0,28500.0,27366.55078125,27448.099609375,26903.50390625,31106,26903.50390625,-0.029306779175969577,26447.368359375,0.017246916240470034,27583.5421484375,-0.02465376776223871,30784.0584375,-0.12605727536310973,32238.91296875,-0.16549593553826547,38025.86328125,-0.2924945922393897,38025.86328125,-0.2924945922393897,0.04704301075268817,61.76492403935608,24073.95,24803.02,1.292102043910534,1.254121473917289,False,False,0.041837730371104165,0.0041705470831356894,-0.18787324293924146,-0.27465037117405633,-0.07489041577698496,0.2845249035325406,0.24809032255082425,0.45760233918128657
2025-03-26,27629.0,28180.0,27390.30078125,28072.05078125,27515.076171875,35123,27515.076171875,0.022732067456942895,26499.98583984375,0.038305316016623125,27513.9577734375,4.064840277462345e-05,30714.96162109375,-0.10418002433775475,32227.265888671875,-0.14621748345252106,38025.86328125,-0.27641153158402365,38025.86328125,-0.27641153158402365,0.06451612903225806,60.271981844373556,24486.85,25251.08,1.4343617084271763,1.3909504068736862,False,False,0.018679268422135076,0.039767240419823935,-0.17677752225894694,-0.2438056636263699,-0.051716986532335585,0.29096609663367345,0.2525747317049464,0.5307017543859649
2025-03-27,27999.0,28459.900390625,27600.0,28355.5,27792.90234375,45542,27792.90234375,0.010097234335807004,26558.35185546875,0.046484454118226326,27453.0223046875,0.012380423375260463,30648.04962890625,-0.09315918369119869,32216.187841796876,-0.13730009024556789,38025.86328125,-0.26910528925573995,38025.86328125,-0.26910528925573995,0.07526881720430108,62.502286913891105,25475.65,25885.06,1.7876678318315724,1.7593932561871597,True,False,0.026486221066707172,0.043842058030128195,-0.16681230408624792,-0.22809621491762144,-0.046102262640113745,0.2920277716653542,0.25401462713702305,0.5526315789473685
2025-03-28,28170.0,28560.0,28116.0,28358.44921875,27795.791015625,21915,27795.791015625,0.00010393559619181758,26633.64267578125,0.04363459981764062,27394.293125,0.014656260294542589,30579.608515625,-0.09103509283245326,32203.12830078125,-0.13686053242999152,38025.86328125,-0.26902932327822526,38025.86328125,-0.26902932327822526,0.07661290322580645,62.97246722762782,25582.5,25986.76,0.8566402814423922,0.8433140568504885,False,False,0.03376306536939544,0.057277210367218334,-0.17631242127868474,-0.2290611405659666,-0.05221738633557449,0.2868595524990866,0.25228677641486136,0.5233918128654971
2025-04-01,28100.150390625,28349.94921875,27650.599609375,27884.099609375,27330.853515625,46358,27330.853515625,-0.016726902995444215,26699.3181640625,0.0236536134624048,27325.3741796875,0.000200521899589301,30503.85740234375,-0.10401975871008873,32186.586728515624,-0.15086201136663857,38025.86328125,-0.28125619888026454,38025.86328125,-0.28125619888026454,0.056451612903225805,60.14266794953297,26375.0,26617.28,1.7576492890995261,1.7416505367941428,True,False,-0.013887770180425973,0.050485928857552986,-0.1859500228332417,-0.26558266251140195,-0.07154334206383828,0.29162010403211597,0.2538010210441129,0.5511695906432749
2025-04-02,27884.099609375,28205.94921875,27738.0,28024.099609375,27468.076171875,18267,27468.076171875,0.005020796594279453,26764.6236328125,0.0262829228878112,27264.356328125,0.007472021026216247,30423.0080078125,-0.09712819439743381,32165.7476171875,-0.1460457720809305,38025.86328125,-0.27764753245144314,38025.86328125,-0.27764753245144314,0.06182795698924731,59.81804684934862,26401.0,26750.44,0.6919056096359987,0.6828672724635557,False,False,0.020985083117513348,0.04992397494962075,-0.1627374370921415,-0.27410261418247517,-0.08213908087783961,0.2915545571530347,0.2510446973636894,0.5029239766081871
2025-04-03,27588.0,28098.849609375,27588.0,28013.900390625,27458.080078125,15941,27458.080078125,-0.00036391677696867575,26850.59345703125,0.02262469997417016,27213.444921875,0.00898949607270616,30350.90998046875,-0.09531278977155311,32145.37232421875,-0.1458154598060849,38025.86328125,-0.2779104086332689,38025.86328125,-0.2779104086332689,0.05913978494623656,61.74159923969441,25612.7,26813.14,0.6223865504222514,0.5945219396161733,False,False,-0.0020714496079883293,0.06680203663533568,-0.15005594737391947,-0.26707863636164586,-0.07222925528618729,0.28333435228727255,0.24974384197855753,0.4824561403508772
2025-04-04,27750.0,27780.55078125,27124.599609375,27289.099609375,26747.658203125,21549,26747.658203125,-0.02587296245690429,26861.16201171875,-0.004225573284738382,27148.8798828125,-0.014778572133338996,30274.1605859375,-0.1164855544979364,32116.31716796875,-0.167162970049324,38025.86328125,-0.2965930055212216,38025.86328125,-0.2965930055212216,0.036290322580645164,58.37848400789871,24830.45,26815.44,0.8678457297390905,0.8036041922116512,False,False,-0.03760831192428715,0.00796536052232133,-0.17342705923466506,-0.29094914889880397,-0.08689529353859182,0.2817565288490024,0.25408121947814094,0.5570175438596491
2025-04-07,26409.5,26800.0,25921.599609375,26588.25,26060.71484375,40276,26060.71484375,-0.025682373916933843,26837.54990234375,-0.028945826329918045,27062.5817578125,-0.03702037459058305,30191.80171875,-0.13682810033938697,32086.200703125,-0.18779056813629402,38025.86328125,-0.3146581669692122,38025.86328125,-0.3146581669692122,0.012096774193548387,51.98578881264041,25260.15,27264.78,1.59444817231885,1.4772171277376895,True,False,-0.06242226281308749,-0.01779832481331811,-0.19011466756433493,-0.3146581669692122,-0.11771998042240994,0.2967677639993641,0.25824339540443336,0.5950292397660819
2025-04-08,26800.0,27089.94921875,26350.0,26516.30078125,25990.193359375,11659,25990.193359375,-0.002706045662899892,26812.20791015625,-0.030658219328139502,26987.301640625,-0.03694731301883902,30125.52140625,-0.13726992443082042,32058.8425,-0.18929720062803268,38025.86328125,-0.316512733264089,38025.86328125,-0.316512733264089,0.009408602150537635,51.38010213465692,24904.4,27188.06,0.4681502063892324,0.4288279487392627,False,False,-0.04905299263645557,-0.019128173326598108,-0.16388890354981145,-0.3148799938876099,-0.1381388692535106,0.296844102952299,0.2502398298403237,0.489766081871345
2025-04-09,26500.0,26596.44921875,26077.349609375,26182.69921875,25663.2109375,10681,25663.2109375,-0.01258099227480558,26781.987109375,-0.04177345643943553,26918.271953125,-0.0466248731646125,30056.6230859375,-0.146171182833012,32028.13435546875,-0.1987291344330816,38025.86328125,-0.32511168128682155,38025.86328125,-0.32511168128682155,0.0013440860215053765,37.02593639129375,24573.9,26756.34,0.4346481429484127,0.39919510665509556,False,False,-0.06570774098198517,-0.023009920793514826,-0.15484466957510945,-0.3156916181211705,-0.14621478920714703,0.29854323078229306,0.24750220121877228,0.4502923976608187
2025-04-11,26684.19921875,26849.80078125,26300.0,26359.25,25836.2578125,21080,25836.2578125,0.006742993907560502,26751.44033203125,-0.03421058859531545,26850.8801171875,-0.03778730158040622,29983.083203125,-0.1383055025572819,31996.295966796875,-0.19252347711401518,38025.86328125,-0.3205609134654549,38025.86328125,-0.3205609134654549,0.006720430107526882,38.3069727129716,24720.75,26588.86,0.852724937552461,0.7928132308041789,False,False,-0.05906539208169381,-0.023100203434571087,-0.16641892071997377,-0.2775298512247705,-0.13976684120616611,0.29851103634468923,0.24348225306951934,0.40350877192982454
2025-04-15,27090.0,27165.0,26580.0,27090.0,26552.509765625,18573,26552.509765625,0.02772274368536709,26765.3046875,-0.007950401624771342,26829.9890234375,-0.010342130873408406,29917.37037109375,-0.11247180362883391,31964.125234375,-0.16930278645417818,38025.86328125,-0.3017249978196378,38025.86328125,-0.3017249978196378,0.030913978494623656,47.1223171047182,24770.45,23294.0,0.7498047068180029,0.797329784493861,False,False,-0.0072959074031087034,0.010553178292821874,-0.1390146266787774,-0.26387362235720546,-0.11597475418428072,0.3144416877340144,0.25139172493042616,0.5131578947368421
2025-04-16,27090.0,27485.0,27030.0,27370.0,26826.953125,13059,26826.953125,0.01033587264621949,26813.90341796875,0.0004866768865328108,26806.1995703125,0.0007742072736967032,29849.42576171875,-0.10125731264803783,31931.7101953125,-0.15986481898679716,38025.86328125,-0.2945077163250629,38025.86328125,-0.2945077163250629,0.041666666666666664,41.575757665512384,24983.1,23002.68,0.5227133542274578,0.5677164573867045,False,False,0.029402043875007555,0.03759332496786283,-0.12707487655475924,-0.25704041214638373,-0.11529881096015915,0.3097450337268037,0.2527216040101526,0.5350877192982456
2025-04-17,27485.0,27580.0,27025.0,27505.0,26959.275390625,10197,26959.275390625,0.004932437351660601,26870.71103515625,0.003295943875577967,26782.2023046875,0.006611595414112381,29784.698984375,-0.09486157960609953,31897.029306640627,-0.15480294006525674,38025.86328125,-0.2910279198337562,38025.86328125,-0.2910279198337562,0.04838709677419355,50.606821648625306,24689.2,22680.26,0.41301459747581937,0.4495980204812467,False,False,0.03728644946384896,0.04399748015325722,-0.12403905843750762,-0.2373556444686863,-0.08079139124447099,0.30965777322002613,0.25303336071757476,0.5423976608187134
2025-04-21,27600.0,27930.0,27515.0,27800.0,27248.421875,13857,27248.421875,0.01072530623265755,26941.9759765625,0.011374291874659992,26764.7701953125,0.018070458896456643,29720.8166015625,-0.0831873080644937,31867.038642578125,-0.1449339808251623,38025.86328125,-0.28342397716356904,38025.86328125,-0.28342397716356904,0.05510752688172043,46.879740884588784,25382.05,22769.74,0.5459369909049899,0.6085708488546641,False,False,0.06176978170660763,0.05519467283402357,-0.10716439673276967,-0.23322618103857262,-0.06244660770418908,0.31092294584642827,0.2540291824332006,0.5555555555555556
2025-04-22,27900.0,28350.0,27655.0,28020.0,27464.05859375,20011,27464.05859375,0.007913732389318362,26964.651953125,0.01852078942065183,26755.802734375,0.026471112319312207,29651.98390625,-0.07378681033341694,31837.318740234376,-0.1373627026247557,38025.86328125,-0.27775318628223944,38025.86328125,-0.27775318628223944,0.06048387096774194,46.09519877916982,25363.75,22681.7,0.7889606229362772,0.8822530939038961,False,False,0.06300451067888191,0.016790465758591333,-0.08464276059117548,-0.2227268089088159,-0.05672554060724144,0.26720450647686406,0.2528040481518744,0.5380116959064327
2025-04-23,28200.0,28600.0,27915.0,28415.0,27851.220703125,18101,27851.220703125,0.014097046438107608,27003.424609375,0.03139587315364678,26751.7605859375,0.041098607833887746,29587.55560546875,-0.058684635036995725,31807.60892578125,-0.12438496184632886,38025.86328125,-0.2675716394094849,38025.86328125,-0.2675716394094849,0.08333333333333333,50.60314758881232,25401.95,22698.7,0.7125830890935538,0.7974465498024116,False,False,0.04891104264581858,0.02864011602856653,-0.07087989795972882,-0.20919960590372455,-0.041855310716496064,0.27123105326337477,0.2547782110913093,0.5599415204678363
2025-04-24,28415.0,28600.0,28200.0,28430.0,27865.923828125,19139,27865.923828125,0.0005279167170704202,27052.322265625,0.03007510980060424,26753.0730078125,0.04159712119753567,29524.2446875,-0.05616810444864995,31778.452294921874,-0.12311891184902313,38025.86328125,-0.26718497823387266,38025.86328125,-0.26718497823387266,0.0846774193548387,56.45471689400029,22549.45,22791.8,0.8487568432932954,0.8397318333786713,False,False,0.03872861365522673,0.03637139953021218,-0.08262208887446876,-0.21297334479983365,-0.04729899554531314,0.2694211304853356,0.2530255665825533,0.5409356725146199
2025-04-25,28355.0,28625.0,27850.0,27995.0,27439.552734375,29555,27439.552734375,-0.015300805972908949,27038.51171875,0.014832214871756344,26749.9198046875,0.025780747558228345,29458.76322265625,-0.06854362734170416,31743.6037890625,-0.13558797807861045,38025.86328125,-0.27839763869594925,38025.86328125,-0.27839763869594925,0.05779569892473118,49.678351779725155,23099.45,23083.24,1.2794676929537283,1.2803661877622032,False,False,0.017814920348972585,-0.009965842571398764,-0.07779226277803486,-0.2312562132920566,-0.05991974451108273,0.25311347493727393,0.25157532167288854,0.5175438596491229
2025-04-28,27860.0,28395.0,27860.0,28315.0,27753.203125,12875,27753.203125,0.011430594137639583,27080.9966796875,0.024822071848511262,26755.2096484375,0.03730090287746202,29393.57087890625,-0.055807025307137104,31711.31064453125,-0.12481690094426434,38025.86328125,-0.2701492949751202,38025.86328125,-0.2701492949751202,0.0739247311827957,53.11468705540323,22187.9,22989.16,0.5802712289130562,0.5600465610748718,False,False,0.01852515541324351,0.03158321762514382,-0.046763058066950136,-0.2172414404752947,-0.04479783114542124,0.23176994301209108,0.2492840422813714,0.47368421052631576
2025-04-29,28465.0,29250.0,28395.0,29165.0,28586.33984375,34323,28586.33984375,0.03001947973347674,27134.55986328125,0.053502986146950926,26783.993984375,0.06729190054427425,29337.08283203125,-0.025590239921931213,31686.4103515625,-0.09783596416940399,38025.86328125,-0.24823955652716223,38025.86328125,-0.24823955652716223,0.0967741935483871,68.91523872174332,22147.9,23010.94,1.549718031957883,1.4915948674847703,True,False,0.04086363441765295,0.03893369820905712,-0.021211838515601267,-0.1695993912448095,0.005651246210824468,0.24178574464334301,0.25700896268515666,0.5818713450292398
2025-04-30,29195.0,29685.0,29065.0,29455.0,28870.5859375,30652,28870.5859375,0.009943423862714074,27188.44404296875,0.06186973744701185,26827.7394921875,0.07614679745594666,29283.48087890625,-0.014099926955871922,31657.07806640625,-0.08802114089813018,38025.86328125,-0.24076448379448978,38025.86328125,-0.24076448379448978,0.10080645161290322,81.51760809919108,21403.4,22786.42,1.4321089172748254,1.3451871772748858,False,False,0.0366003790369096,0.03877549672290148,0.04614699097935371,-0.16278561338841613,0.010955470259864208,0.24171821702580787,0.23095809441642143,0.2850877192982456
2025-05-02,29595.0,29940.0,29340.0,29445.0,28860.78515625,10630,28860.78515625,-0.0003394728902009758,27241.69375,0.059434314955177925,26868.0142578125,0.07416889388682879,29227.26240234375,-0.012538883767107878,31628.78189453125,-0.08751512301394848,38025.86328125,-0.2410222236695193,38025.86328125,-0.2410222236695193,0.09946236559139784,82.64335715900717,20839.15,22648.38,0.5100975807554531,0.46934924263898786,False,False,0.03570171705991987,0.038314942720152345,0.03013801195029986,-0.16683410738721993,0.025299855718438735,0.24176981045490567,0.2290245009608979,0.26900584795321636
2025-05-05,29750.0,30570.0,29595.0,30365.0,29762.529296875,21026,29762.529296875,0.03124461568675385,27363.2775390625,0.08768144658063881,26927.1099609375,0.10529980157732388,29170.3690625,0.020300059732060394,31603.915146484374,-0.05826448530425854,38025.86328125,-0.21730825473328652,38025.86328125,-0.21730825473328652,0.11559139784946236,91.22683992989957,19572.55,22820.5,1.0742596135914841,0.921364562564361,False,False,0.08465796017111771,0.08897182006627835,0.05694032916573,-0.1473511925511477,0.055759824298858174,0.25224734882489197,0.23733744176374652,0.347953216374269
2025-05-06,30475.0,30600.0,29800.0,29915.0,29321.4609375,15039,29321.4609375,-0.01481958589525223,27455.94677734375,0.0679457232083378,26984.1640625,0.08661735340722121,29108.240234375,0.007325097683960946,31579.146044921876,-0.07149291194290941,38025.86328125,-0.2289074222817714,38025.86328125,-0.2289074222817714,0.10752688172043011,83.2577632088054,19411.15,22819.08,0.7747608977314584,0.6590537392392681,False,False,0.0565072725276643,0.06747413812412217,0.04272519294036292,-0.1752749964511625,0.040973084494206446,0.2612601937105931,0.23950883450921637,0.3757309941520468
2025-05-07,29585.0,30850.0,29425.0,30475.0,29870.34765625,26296,29870.34765625,0.01871962382501935,27576.56015625,0.08317888405962526,27054.0248828125,0.10409995502098912,29055.114140625,0.028058176322396156,31557.384013671875,-0.05345932212540139,38025.86328125,-0.2144728592926216,38025.86328125,-0.2144728592926216,0.11693548387096774,82.70533960563367,19928.9,23078.42,1.319490789757588,1.1394194229934287,False,False,0.04491683158873272,0.08785274029580736,0.07014494619577905,-0.13838558247693689,0.04561580405652177,0.26634748009902587,0.2416601059085564,0.39035087719298245
2025-05-08,30510.0,30755.0,29780.0,30010.0,29414.57421875,17004,29414.57421875,-0.015258390787582066,27709.90595703125,0.061518370519269006,27113.4695703125,0.08486942781225837,28997.112734375,0.014396656943024277,31533.227744140626,-0.06718796891270684,38025.86328125,-0.2264587393797869,38025.86328125,-0.2264587393797869,0.11155913978494623,74.62689618970151,19701.65,22692.78,0.8630749201209035,0.749313217684215,False,False,0.018842301379945692,0.09970652366544064,0.048523515202351764,-0.14548650533324026,0.02724470207420704,0.25268580178651107,0.24386794493622935,0.40497076023391815
2025-05-09,29865.0,30235.0,29560.0,30000.0,29404.7734375,19095,29404.7734375,-0.0003331947345935893,27877.10888671875,0.0547999635467602,27166.488359375,0.0823914025440311,28936.170859375,0.016194353440969422,31508.822509765625,-0.06677650590127604,38025.86328125,-0.22671647925481642,38025.86328125,-0.22671647925481642,0.11021505376344086,73.83002865857395,18642.6,22757.76,1.0242670013839272,0.8390544587868051,False,False,0.018848700002612295,0.12831799180489423,0.05771414500249583,-0.1426330278259622,-0.017106059816695662,0.22670152563510063,0.24300625804859619,0.402046783625731
2025-05-12,30680.0,31085.0,30420.0,31005.0,30389.83203125,14375,30389.83203125,0.03349995523154581,28097.0908203125,0.08160066199024363,27236.8059375,0.11576343059407224,28884.558125,0.052113447598395535,31493.785400390625,-0.03505305428057348,38025.86328125,-0.2008115159285605,38025.86328125,-0.2008115159285605,0.12365591397849462,76.9554581885901,18778.4,22692.36,0.7655071784603587,0.6334731160619698,False,False,0.021076929588805582,0.16928072104119196,0.10119207152160192,-0.06831740859018198,0.035297788956091924,0.24373001227365862,0.2512625522253167,0.5116959064327485
2025-05-13,31115.0,31325.0,31005.0,31145.0,30527.056640625,18815,30527.056640625,0.004515477717477623,28340.28310546875,0.07716131582095165,27311.51171875,0.11773588203348884,28832.36857421875,0.05877727534052135,31479.12908203125,-0.03024456105266604,38025.86328125,-0.1972027981366712,38025.86328125,-0.1972027981366712,0.12768817204301075,76.64112728005362,19185.1,22649.84,0.9807089877039995,0.8306901947210223,False,False,0.04111649503736459,0.18952599949282933,0.11053067239250214,-0.06223646526900384,0.04201208225372732,0.23188610327878412,0.2510458341438859,0.5043859649122807
2025-05-14,31045.0,31755.0,31045.0,31420.0,30796.59765625,19016,30796.59765625,0.008829577603832961,28588.30009765625,0.07724480123163358,27398.189140625,0.12403770549149051,28782.58626953125,0.06997325979878144,31466.1659765625,-0.021278992833484334,38025.86328125,-0.19011443794267902,38025.86328125,-0.19011443794267902,0.14381720430107528,76.15320447785784,19081.9,22492.86,0.9965464654987186,0.8454238367197413,False,False,0.031009013040602884,0.19199142072928632,0.13443319953548838,-0.07211903252355645,0.06636245396502671,0.23175695072982805,0.2496508976039887,0.48099415204678364
2025-05-15,31590.0,31820.0,31305.0,31730.0,31100.44921875,24393,31100.44921875,0.009866400369663353,28815.6970703125,0.07928845666521722,27487.686484375,0.13143204090415628,28743.00306640625,0.08201808791159482,31454.47072265625,-0.011255045650831796,38025.86328125,-0.18212378273381158,38025.86328125,-0.18212378273381158,0.16666666666666666,77.31791460513428,19372.9,22465.4,1.2591300218346246,1.085803057145655,False,False,0.05731427514342058,0.17128096339174625,0.16553937953520959,-0.061084301302960164,0.061123260902392174,0.22095874731351473,0.2468411775146134,0.44298245614035087
2025-05-16,31730.0,31885.0,31470.0,31655.0,31026.935546875,18391,31026.935546875,-0.002363749518790814,29025.69619140625,0.06894716124195033,27582.425703125,0.1248805990025652,28702.65234375,0.08097799378568982,31439.297607421875,-0.013116134644481692,38025.86328125,-0.18405703724880507,38025.86328125,-0.18405703724880507,0.16196236559139784,82.21835383531618,19639.5,22437.66,0.9364291351612821,0.8196487512512446,False,False,0.0551666249979077,0.15655830918648173,0.15569267976983037,-0.07716744188099989,0.06449236026042149,0.2237795122344883,0.24694665425884144,0.44590643274853803
2025-05-19,31635.0,32080.0,31450.0,31560.0,30933.8203125,19249,30933.8203125,-0.003001109607950858,29224.4234375,0.058492064989947634,27680.755234375,0.11752082089455507,28663.6978515625,0.07919852046632392,31422.845380859377,-0.015562723949157586,38025.86328125,-0.1865057715138576,38025.86328125,-0.1865057715138576,0.1532258064516129,79.74339754422033,20092.1,22212.48,0.9580382339327398,0.8665849108249056,False,False,0.017900338530683957,0.14742773551165755,0.15391359117092818,-0.0747229096415527,0.042108082752961185,0.226689319521948,0.24707297384283738,0.4473684210526316
2025-05-20,31800.0,32000.0,31455.0,31515.0,30889.71484375,25442,30889.71484375,-0.0014258008970259306,29406.4880859375,0.050438758735076306,27775.3101953125,0.11212852805377849,28633.6858984375,0.07878933062668003,31406.079521484375,-0.016441551623186168,38025.86328125,-0.18766565231455856,38025.86328125,-0.18766565231455856,0.14919354838709678,75.26888125343359,20671.35,22366.38,1.2307856042300092,1.1375108533432767,False,False,0.011879894199900765,0.13363316912275303,0.16702556810236824,-0.0816652218067968,0.028260507879174224,0.2281366561291851,0.24519692550900052,0.42543859649122806
2025-05-21,31515.0,31850.0,31250.0,31655.0,31026.935546875,14371,31026.935546875,0.004442278079260564,29584.63193359375,0.04875178493072596,27881.075234375,0.11283138422945127,28605.55482421875,0.08464722105673683,31390.0561328125,-0.01156801327149981,38025.86328125,-0.18405703724880507,38025.86328125,-0.18405703724880507,0.16196236559139784,74.44450004228881,20389.35,22019.66,0.7048287463798503,0.6526440462750106,False,False,0.007479329151746539,0.12972871219899762,0.17627383150214726,-0.09667105883872884,-0.002294702131497406,0.22816157849409802,0.24488496688213446,0.4195906432748538
2025-05-22,31655.0,31895.0,31305.0,31740.0,31110.25,10408,31110.25,0.002685229838413461,29747.5833984375,0.04580764034883167,27972.5544921875,0.11217050300818365,28579.43115234375,0.08855385658887416,31374.18517578125,-0.008412494995566955,38025.86328125,-0.18186604285878205,38025.86328125,-0.18186604285878205,0.16801075268817203,75.0820150527893,20004.7,21483.94,0.5202777347323378,0.48445489979957124,False,False,0.00031513310888420243,0.1170156716509494,0.1765316603535494,-0.09283828269685535,0.03099540168789039,0.22652264846206316,0.24488400038320357,0.41812865497076024
2025-05-23,31845.0,32195.0,31610.0,32130.0,31492.51171875,10400,31492.51171875,0.012287323912536952,29928.91279296875,0.0522437596245926,28071.7455859375,0.1218579771728241,28559.23888671875,0.10270836851311693,31363.20396484375,0.004122912762713815,38025.86328125,-0.17181336592354235,38025.86328125,-0.17181336592354235,0.17204301075268819,71.81711819778369,19567.75,21058.3,0.5314867575474952,0.49386702630316787,False,False,0.015005548039754624,0.13014418301698982,0.17712144499149263,-0.07908596281930669,0.040094642219576704,0.22684568963864615,0.2449653743209515,0.42105263157894735
2025-05-26,32130.0,32705.0,31870.0,32485.0,31840.466796875,22230,31840.466796875,0.011048819517238906,30148.95849609375,0.0561050326498147,28178.6142578125,0.12995147687389408,28543.51078125,0.11550632439338004,31356.221552734376,0.015443354465595638,38025.86328125,-0.16266288127704198,38025.86328125,-0.16266288127704198,0.18615591397849462,82.53165182762599,19201.5,21127.42,1.1577220529646122,1.0521871577315167,False,False,0.029309230971663602,0.16038577979395185,0.18480770762582033,-0.0631767513315652,0.05205424058877739,0.21250077390097774,0.24552246487194215,0.4342105263157895
2025-05-27,32510.0,32610.0,32315.0,32485.0,31840.466796875,21918,31840.466796875,0.0,30353.3216796875,0.048994476877392446,28290.0710546875,0.12549971102314417,28530.64322265625,0.11600942707069462,31356.85767578125,0.015422754604242916,38025.86328125,-0.16266288127704198,38025.86328125,-0.16266288127704198,0.18615591397849462,79.64603486513668,19653.65,21219.96,1.1152126958605653,1.0328954437237394,False,False,0.030778916475409535,0.1472717816918656,0.18844218486249376,-0.07095995734546168,0.05698340039468497,0.2136026822996918,0.24528285065413297,0.4283625730994152
2025-05-28,32440.0,32440.0,31200.0,31630.0,31002.431640625,79649,31002.431640625,-0.02631981376391912,30474.12626953125,0.01733619420032273,28381.1758203125,0.09235895781444192,28506.431328125,0.08755919966865156,31351.616767578125,-0.011137707172863553,38025.86328125,-0.18470143829944685,38025.86328125,-0.18470143829944685,0.15994623655913978,71.42858649027207,21919.95,22450.08,3.633630551164578,3.5478270010619113,True,True,-0.0007897623731799586,0.08451910283307029,0.17155091964552738,-0.09442673413206026,0.02742063277078821,0.22624134203902216,0.2506466410955542,0.49707602339181284
2025-05-29,31640.0,31885.0,31165.0,31255.0,30634.87109375,17502,30634.87109375,-0.011855861860634032,30562.34052734375,0.002373200650040541,28468.3687890625,0.07610208792573547,28479.2069140625,0.07569256356724852,31345.85416015625,-0.02268188522710546,38025.86328125,-0.19436750542214232,38025.86328125,-0.19436750542214232,0.13306451612903225,65.13870273617252,21262.45,22448.54,0.8231412654703479,0.7796498124154176,False,False,-0.015280459213603215,0.06111012641272273,0.15058033502495327,-0.10504902385919102,0.01767900561716651,0.2320110104008789,0.25231826587246453,0.5248538011695907
2025-05-30,31450.0,32015.0,31010.0,31415.0,30791.697265625,51998,30791.697265625,0.005119204562509028,30658.8861328125,0.0043318968679153524,28567.1031640625,0.07787258262717534,28449.66837890625,0.08232183431899776,31343.79263671875,-0.0176141852867856,38025.86328125,-0.19024330788019383,38025.86328125,-0.19024330788019383,0.14180107526881722,56.21212057168839,23330.85,23312.38,2.2287229140815703,2.230488693132147,True,True,-0.022253368019158337,0.06690435131688877,0.17123343491722842,-0.10703752137908196,0.023590163181916646,0.23175570034232573,0.25040451345216896,0.4926900584795322
2025-06-02,31450.0,31520.0,31080.0,31230.0,30610.369140625,14075,30610.369140625,-0.00588886424271351,30701.278125,-0.0029610814248470785,28662.8480859375,0.0679458317906303,28420.0328125,0.07707015479453005,31339.927392578124,-0.023278874989541176,38025.86328125,-0.19501185510971608,38025.86328125,-0.19501185510971608,0.13172043010752688,51.27053872796008,22983.3,23272.38,0.6124011782468141,0.6047941809131683,False,False,-0.0386331539703032,0.028486820971866278,0.17653706061461394,-0.13656529424747044,-0.005850272034351067,0.2088117008153404,0.2495679383466984,0.4780701754385965
2025-06-03,31360.0,31560.0,31195.0,31355.0,30732.888671875,10737,30732.888671875,0.004002549942705436,30771.84951171875,-0.0012661195365885058,28761.0433984375,0.06855958756853098,28399.29166015625,0.0821709583338921,31338.736494140627,-0.01933223511990989,38025.86328125,-0.19178984985650704,38025.86328125,-0.19178984985650704,0.13844086021505375,48.982806977496956,22768.2,23487.12,0.4715787809312989,0.4571441709328347,False,False,-0.034785235155808225,0.04813633731905509,0.17471629371328423,-0.1351215351521723,0.01420954636742855,0.19981089167739174,0.2495157451390752,0.4766081871345029
2025-06-04,31550.0,31840.0,31300.0,31415.0,30791.697265625,55704,30791.697265625,0.001913539413033405,30817.9169921875,-0.0008507948986021807,28836.6665625,0.06779669553301892,28384.1511328125,0.08482008574247413,31337.859990234374,-0.017428207439166954,38025.86328125,-0.19024330788019383,38025.86328125,-0.19024330788019383,0.14180107526881722,44.6519130589524,24238.6,24193.66,2.2981525335621695,2.302421378162709,True,True,-0.0067973498802544885,0.030844957681040563,0.19631981773543372,-0.12481212883057613,0.014155665749668866,0.1903169594453878,0.2463703667042935,0.43859649122807015
2025-06-05,31680.0,31680.0,31250.0,31455.0,30830.904296875,62802,30830.904296875,0.0012732988023291814,30888.73349609375,-0.0018721777383998717,28911.769296875,0.06637902303016197,28368.86310546875,0.08678674158541222,31340.12341796875,-0.016248153024240763,38025.86328125,-0.18921224565393968,38025.86328125,-0.18921224565393968,0.14516129032258066,46.5635776481899,26528.5,25102.96,2.3673407844393766,2.501776682909107,True,True,0.006399021641876335,0.048150623143209614,0.16183941520525513,-0.12448803195840874,0.03258768567028447,0.17965646517599837,0.2394372837234777,0.3742690058479532
2025-06-06,31625.0,31730.0,31320.0,31595.0,30968.125,29686,30968.125,0.004450751810705311,30966.90107421875,3.952367653181632e-05,28993.3723828125,0.0681104837034463,28356.76158203125,0.09208962068586435,31338.429697265627,-0.01181631309682174,38025.86328125,-0.18560363058818619,38025.86328125,-0.18560363058818619,0.15725806451612903,50.59220277584093,27058.05,24172.9,1.097122667745828,1.228069449672981,False,False,0.005729717749984431,0.05316659098982379,0.1671569423463184,-0.1276329170726168,0.04457491939231595,0.1794884223336838,0.23939728579476968,0.37280701754385964
2025-06-09,31605.0,31880.0,31605.0,31690.0,31061.2421875,18145,31061.2421875,0.00300687198530758,31000.47158203125,0.0019603122909903625,29060.281953125,0.06885549966798687,28356.52783203125,0.09538242381048967,31338.842587890624,-0.008858029763290864,38025.86328125,-0.18315484496006573,38025.86328125,-0.18315484496006573,0.1639784946236559,52.91180823749099,27246.55,24164.7,0.665955873312401,0.7508886930108795,False,False,0.01472942207275163,0.022093249990970287,0.17225358587831296,-0.12629321147823835,0.06184403654349624,0.13777356169115926,0.23924937041568783,0.36988304093567254
2025-06-10,31690.0,31970.0,31450.0,31545.0,30919.119140625,21674,30919.119140625,-0.0045755751176040915,31020.07470703125,-0.0032545236386347653,29140.5942578125,0.061032553663029177,28362.068203125,0.0901574214964429,31336.345634765625,-0.013314459158815906,38025.86328125,-0.18689238132640196,38025.86328125,-0.18689238132640196,0.15188172043010753,48.17277507014038,27389.5,23976.06,0.7913251428467113,0.9039850584291164,False,False,0.006059647393979795,0.012843115031216268,0.17708079210202965,-0.13503303854155935,0.07276425408726261,0.1385868934622188,0.23856230532844608,0.3567251461988304
2025-06-11,31550.0,31945.0,31520.0,31895.0,31262.173828125,9731,31262.173828125,0.011095228358211973,31043.353515625,0.0070488619211150905,29215.5362109375,0.07005305678494778,28364.7469921875,0.10214886939536383,31334.783759765625,-0.0023172309787520273,38025.86328125,-0.1778707666174163,38025.86328125,-0.1778707666174163,0.17069892473118278,52.366401809764234,26925.25,23468.22,0.3614079720708257,0.4146458487264905,False,False,0.015279331906956184,0.015117779472646253,0.1820601680988272,-0.12614048853309479,0.03832428602297422,0.14057419674620888,0.23902691727830586,0.36403508771929827
2025-06-12,31800.0,31940.0,31440.0,31520.0,30894.61328125,9072,30894.61328125,-0.011757357274506774,31033.06171875,-0.004461320599132179,29277.5704296875,0.05523145629334114,28365.2963671875,0.08916941608226492,31329.965537109376,-0.013895714482791699,38025.86328125,-0.18753683374011176,38025.86328125,-0.18753683374011176,0.15053763440860216,40.644143466817276,26159.2,22738.82,0.3467995963179302,0.39896529371357004,False,False,0.0020664001211749827,-0.006618423291966602,0.17580785843126634,-0.11877645181723318,0.03332554214824279,0.14298728055275958,0.2401500086459004,0.3815789473684211
2025-06-13,31100.0,31730.0,30945.0,31585.0,30958.32421875,12905,30958.32421875,0.0020622021360166,31029.63115234375,-0.0022980271097539084,29340.82109375,0.05512807974363576,28367.557109375,0.09132852361540844,31324.99048828125,-0.011705231631863433,38025.86328125,-0.18586137046321582,38025.86328125,-0.18586137046321582,0.15591397849462366,34.84849399752696,25884.9,22558.62,0.4985532105590518,0.5720651351900072,False,False,-0.00031647964641057236,-0.0022113472347710106,0.1973834826449723,-0.11704074722974056,0.0373211922740142,0.14300030613625025,0.23693928257143632,0.3435672514619883
2025-06-16,31695.0,32375.0,31405.0,32280.0,31639.53515625,21513,31639.53515625,0.022004128281834623,31064.91689453125,0.018497337806170355,29426.9947265625,0.07518744099581243,28376.184453125,0.11500315373674619,31322.37150390625,0.010125786685857951,38025.86328125,-0.16794695961969142,38025.86328125,-0.16794695961969142,0.1774193548387097,47.20328786368785,25998.1,22061.72,0.8274835468745794,0.9751279591981041,False,False,0.01861783135584716,0.022813698295933715,0.22524045983194418,-0.09158200610948963,0.054352026944438636,0.1624328228497297,0.2398851422155101,0.3786549707602339
2025-06-17,32370.0,32395.0,32000.0,32215.0,31575.82421875,10902,31575.82421875,-0.0020136496059555142,31099.22236328125,0.015325201701231972,29509.1496875,0.07003504177978526,28386.7530078125,0.11234364177050526,31321.955185546874,0.008105146428415422,38025.86328125,-0.16962242289658735,38025.86328125,-0.16962242289658735,0.17405913978494625,60.17389857880018,25271.1,21914.42,0.4314018780345929,0.4974806542906452,False,False,0.021239449776631725,0.02221158008322699,0.22277325486280275,-0.06830993699568921,0.0384154352355508,0.16257116809358022,0.24004617948312285,0.38011695906432746
2025-06-18,32105.0,32585.0,32105.0,32390.0,31747.353515625,15987,31747.353515625,0.005432298320597662,31135.24326171875,0.019659722866493423,29594.93515625,0.07272928114256882,28404.1900390625,0.11769965881670474,31324.1598046875,0.013510137656562726,38025.86328125,-0.16511156417902662,38025.86328125,-0.16511156417902662,0.1827956989247312,71.21497109340024,25351.9,21915.34,0.6306036233970629,0.7294890245827809,False,False,0.015519704105269483,0.02321911449042724,0.17536911951903034,-0.06184062635669585,0.036168917772352094,0.1628748623248139,0.2231634955705055,0.2309941520467836
2025-06-19,32480.0,32795.0,32205.0,32375.0,31732.650390625,20928,31732.650390625,-0.00046312915477386696,31166.36328125,0.018169816743286216,29694.635,0.06863244456869055,28421.75744140625,0.11649149268986703,31327.311748046875,0.012938826217777644,38025.86328125,-0.16549822535463887,38025.86328125,-0.16549822535463887,0.1814516129032258,68.97232329915096,25877.9,21902.92,0.8087209549461123,0.9554890398175221,False,False,0.02712567080046946,0.020006280586783998,0.17199448913361115,-0.05900985637652767,0.0030582963627900916,0.1628771073758413,0.22326227997342474,0.23391812865497075
2025-06-20,32375.0,32620.0,32150.0,32290.0,31649.3359375,23579,31649.3359375,-0.002625511960060334,31174.2044921875,0.015241173048427648,29806.407421875,0.06182994446598311,28434.49458984375,0.11306131492854199,31326.8236328125,0.010295084764026186,38025.86328125,-0.1676892197446619,38025.86328125,-0.1676892197446619,0.17876344086021506,71.81062045450632,26536.85,21568.98,0.8885380141199879,1.093190313125609,False,False,0.022320708119320187,0.004979730424506945,0.17708161344513895,-0.05557462666125035,0.0036849254631490247,0.15774120799635227,0.22263779770356562,0.22660818713450293
2025-06-23,32250.0,32290.0,31480.0,31575.0,30948.5234375,13460,30948.5234375,-0.0221430396322988,31129.60732421875,-0.00581709511567996,29905.5740234375,0.03487474987924055,28446.43783203125,0.08795778298298407,31323.135302734376,-0.01195959030326299,38025.86328125,-0.18611911033824535,38025.86328125,-0.18611911033824535,0.15456989247311828,53.64237580357927,26098.35,21605.0,0.5157414166029654,0.6230039342744735,False,False,-0.02184013498736559,-0.028012885774103657,0.11663975071722432,-0.07376570340266353,-0.049454263751714245,0.17116021999473954,0.22065350393794728,0.21637426900584794
2025-06-24,32000.0,32000.0,31435.0,31500.0,30875.01171875,15696,30875.01171875,-0.002375290016612741,31081.3345703125,-0.006638159345949468,30009.8100390625,0.028830628336577346,28464.04099609375,0.084702334534549,31318.72826171875,-0.014167770136155555,38025.86328125,-0.18805231349017082,38025.86328125,-0.18805231349017082,0.1478494623655914,51.40034311804087,25787.25,21705.3,0.6086728906727161,0.7231413525728739,False,False,-0.02219459087259079,-0.030321637062800666,0.14762046707147958,-0.06798671174068627,-0.03768220294719449,0.17111679944252667,0.21106095414497708,0.17105263157894737
2025-06-25,31705.0,32085.0,31470.0,31755.0,31124.951171875,28913,31124.951171875,0.008095201886942682,31087.460546875,0.0012059725799560272,30115.58390625,0.03351644347216265,28483.23201171875,0.09274646778390094,31315.313134765624,-0.006078877834348906,38025.86328125,-0.1814794330462377,38025.86328125,-0.1814794330462377,0.1693548387096774,54.61536763650945,23250.45,21861.96,1.2435458238442696,1.322525519212367,False,False,-0.019604857565329814,0.00395193295384777,0.13119625682482727,-0.068773814645261,-0.010707666077804268,0.1467331189917471,0.2071288438873716,0.15350877192982457
2025-06-26,31895.0,32400.0,31525.0,32215.0,31575.82421875,40409,31575.82421875,0.01448590374922154,31134.508203125,0.01417449772277779,30216.0501953125,0.04500171315072965,28523.019609375,0.10702950287814539,31307.933759765627,0.008556631716419627,38025.86328125,-0.16962242289658735,38025.86328125,-0.16962242289658735,0.17405913978494625,58.68347198221008,24395.8,22298.68,1.6563916739766682,1.8121700477337672,True,False,-0.0049421075751470145,0.030715099865132656,0.13611107714523007,-0.05340622933127481,-0.007200653300727278,0.14772651692575547,0.2080421988072309,0.1608187134502924
2025-06-27,32490.0,32495.0,32020.0,32260.0,31619.931640625,83020,31619.931640625,0.0013968731764351094,31175.919921875,0.014242136875597167,30311.909765625,0.04315207735552673,28559.05466796875,0.10717711101583727,31307.456904296876,0.009980840580035677,38025.86328125,-0.1684624907328185,38025.86328125,-0.1684624907328185,0.1760752688172043,58.096568152651344,25946.9,23697.9,3.1996115142849435,3.5032640022955617,True,True,-0.000929065207973645,0.02689797732990251,0.13757984519491862,-0.06298961170922879,-0.018134550834631447,0.14712502006843434,0.20800307491057454,0.15935672514619884
2025-06-30,32660.0,32895.0,32440.0,32680.0,32031.59765625,32831,32031.59765625,0.013019193725773093,31246.98134765625,0.0251101474367732,30413.3562109375,0.05320824949699343,28597.7792578125,0.12007290382519575,31305.370625,0.023198161106262383,38025.86328125,-0.1576365428094222,38025.86328125,-0.1576365428094222,0.1881720430107527,64.95385376339794,26884.7,24150.58,1.2211778446476993,1.3594290489089702,False,False,0.03499599006515597,0.046429643141375765,0.17199404833579712,-0.04593827171266762,-0.02895287677877323,0.1500342734532284,0.20533708812131898,0.15204678362573099
2025-07-01,32660.0,32670.0,32120.0,32315.0,31673.841796875,13798,31673.841796875,-0.011168842191834782,31294.02900390625,0.01213690934207734,30501.864609375,0.03842313256940311,28633.31740234375,0.10618833828462959,31299.396552734375,0.011963337488304138,38025.86328125,-0.16704476733095208,38025.86328125,-0.16704476733095208,0.18010752688172044,55.51182626086811,27037.75,24149.4,0.5103235291398138,0.5713599509718668,False,False,0.025873029147382764,0.03061713902152996,0.1531146775144867,-0.03454024977755199,-0.049118014388995435,0.15726089128743087,0.20723764993358249,0.1564327485380117
2025-07-02,32400.0,32545.0,32215.0,32445.0,31801.26171875,18343,31801.26171875,0.0040228754911433295,31344.5072265625,0.014572074427140258,30588.608671875,0.03964394261547377,28672.205703125,0.1091320300929608,31295.649404296873,0.016155993694884296,38025.86328125,-0.16369389214022811,38025.86328125,-0.16369389214022811,0.18413978494623656,62.97337602232229,25169.7,24116.04,0.7287730882767772,0.7606140975052289,False,False,0.021728886999383468,0.032786905002864186,0.1581749935999741,-0.015616052289453064,-0.06178384453298258,0.15750261514457595,0.20717724972319296,0.15497076023391812
2025-07-03,32545.0,34875.0,32450.0,34405.0,33722.37109375,120903,33722.37109375,0.06040984763404267,31489.08056640625,0.07092269723893785,30706.0316796875,0.09823279821787767,28728.8961328125,0.17381367309947704,31297.076025390626,0.07749270463450908,38025.86328125,-0.11317276758900008,38025.86328125,-0.11317276758900008,0.31586021505376344,75.8241814388924,28074.75,26172.08,4.306467555365587,4.619541129325602,True,True,0.0679807076492831,0.09378468983694632,0.2607597583929844,0.04210990109348223,0.014311750818165159,0.2612710500930176,0.2307652969781591,0.2807017543859649
2025-07-04,34380.0,36020.0,34330.0,35930.0,35217.11328125,173114,35217.11328125,0.0443249433245525,31701.52998046875,0.11089632907141067,30853.05546875,0.1414465357222141,28803.06423828125,0.22268634301915835,31304.852861328123,0.12497296943870384,38025.86328125,-0.0738642007737127,38025.86328125,-0.0738642007737127,0.4583333333333333,79.01431295896191,35246.15,29251.58,4.911571902179387,5.918107671448858,True,True,0.11376310617962804,0.1372052160487598,0.35134870598900436,0.09443749598641071,0.05415086516648193,0.2968486128763339,0.2368601645581363,0.3406432748538012
2025-07-07,35760.0,36340.0,35375.0,36045.0,35329.83203125,90278,35329.83203125,0.003200681131920291,31914.95947265625,0.10699911937909579,31010.8610546875,0.13927284924291583,28880.3904296875,0.22331559600152828,31314.693642578124,0.12821898992530945,38025.86328125,-0.07089993539553308,38025.86328125,-0.07089993539553308,0.4717741935483871,80.2050619925624,38852.8,30466.04,2.3235905777704566,2.9632338170631956,True,True,0.10296815071153498,0.13742495609102878,0.3593524119937366,0.13656963565429137,0.04547214183703607,0.2968181933198974,0.23633332542174307,0.3362573099415205
2025-07-08,35990.0,36335.0,35380.0,35490.0,34785.84765625,83073,34785.84765625,-0.015397309970758832,32108.2958984375,0.08339127577128114,31151.5139453125,0.11666635905136724,28953.361796875,0.20144416735760595,31318.465791015624,0.11071365654920018,38025.86328125,-0.08520557708410015,38025.86328125,-0.08520557708410015,0.4260752688172043,73.06552159624289,41922.75,31870.0,1.9815732508005797,2.606620646375902,True,False,0.09825160709371339,0.12505946557010605,0.3554752653893234,0.1455871458028799,0.03230523725971701,0.304615860931993,0.23730871473967854,0.34649122807017546
2025-07-09,35500.0,36095.0,35265.0,35800.0,35089.6953125,40693,35089.6953125,0.008734806730961164,32299.67197265625,0.08637930881173284,31281.5810546875,0.1217366299726037,29032.78751953125,0.20862301936712346,31325.503837890625,0.12016379669706367,38025.86328125,-0.07721502460136864,38025.86328125,-0.07721502460136864,0.4475806451612903,74.41202177813898,43470.85,31997.4,0.936098557999211,1.2717595804659128,False,False,0.10340575864042334,0.12243299219747716,0.358157035246917,0.13213400727288582,0.01977495379887917,0.3042154191547003,0.23739946719582197,0.34941520467836257
2025-07-10,35725.0,36300.0,35620.0,36195.0,35476.859375,40853,35476.859375,0.011033554411117308,32528.78427734375,0.09062973496090909,31413.7065234375,0.1293433122427312,29120.7230078125,0.21826849441486318,31334.120166015626,0.13221176107818433,38025.86328125,-0.06703342636554621,38025.86328125,-0.06703342636554621,0.489247311827957,76.65535358987069,45059.9,32201.42,0.9066376090492877,1.2686707604819913,False,False,0.05202742939909033,0.14831860985070078,0.33610192362789393,0.15036421350996587,0.03697631107841559,0.2972864664442572,0.23306806425306437,0.30994152046783624
2025-07-11,36200.0,37410.0,36155.0,36525.0,35800.3125,81825,35800.3125,0.009117298732140178,32770.88369140625,0.09244269508021175,31552.4970703125,0.13462691780690283,29210.2556640625,0.22560763971830866,31338.228271484375,0.1423846999217826,38025.86328125,-0.05852729140661972,38025.86328125,-0.05852729140661972,0.5309139784946236,85.66289400345816,48505.9,33625.32,1.6869081905500156,2.4334340907387646,True,False,0.016560108549853902,0.1564034360205271,0.3344904407589149,0.1649102327359695,0.06655209276203711,0.296754551277833,0.23296104144531263,0.30701754385964913
2025-07-14,36785.0,37985.0,36525.0,37845.0,37094.12109375,75464,37094.12109375,0.036139589389059035,33043.61298828125,0.12258066655438804,31699.12890625,0.17019370480039564,29313.11943359375,0.26544434064014966,31345.006572265625,0.1834140474091095,38025.86328125,-0.02450285429704968,38025.86328125,-0.02450285429704968,0.6895161290322581,88.75998584076312,51203.45,34714.08,1.4738069407432508,2.1738729645146866,False,False,0.04993765781109416,0.17239778999795186,0.3759316805172501,0.2052624103915528,0.06785488698967446,0.3098974401023572,0.2415846306017057,0.3888888888888889
2025-07-15,37990.0,38850.0,37885.0,38320.0,37559.6953125,69592,37559.6953125,0.012551159187013106,33342.80654296875,0.12647072057647457,31863.89359375,0.17875410304116812,29424.028828125,0.2764973665536419,31352.929677734373,0.19796445495086945,38025.86328125,-0.012259234334854985,38025.86328125,-0.012259234334854985,0.7869623655913979,89.05419216964745,54137.95,35805.14,1.2854568745214772,1.94363155681,False,False,0.07974069465435663,0.18950799359329862,0.37841727072496734,0.23070001546169538,0.08805544789736475,0.3078606870889571,0.24178397396232437,0.3932748538011696
2025-07-16,38570.0,38570.0,37845.0,38475.0,37711.62109375,42632,37711.62109375,0.0040449151673347394,33641.019921875,0.12100112247869466,32020.7190625,0.17772561634678308,29537.37197265625,0.2767426001426576,31360.348271484374,0.20252558317538738,38025.86328125,-0.008263906730421211,38025.86328125,-0.008263906730421211,0.8145161290322581,88.64203635504845,55470.2,36131.86,0.7685568106839349,1.179900508858387,False,False,0.07472067676563698,0.1878666067453334,0.3731262975943417,0.2569010971256167,0.08566768083028342,0.3081066212719748,0.24174734266823442,0.391812865497076
2025-07-17,38600.0,38855.0,38275.0,38645.0,37878.24609375,40326,37878.24609375,0.004418399293569797,33948.29970703125,0.11576268681004942,32189.9925,0.17670875797035368,29651.73103515625,0.2774379360462995,31367.714658203124,0.2075551727783993,38025.86328125,-0.003882020676511222,38025.86328125,-0.003882020676511222,0.8521505376344086,88.81464682352308,56440.1,36598.3,0.7144920012544272,1.1018544577207137,False,False,0.06768881916425284,0.19366789812617213,0.36002103812634445,0.2636228857208647,0.10511846182881435,0.30663961359496444,0.24107484101822188,0.3845029239766082
2025-07-18,38645.0,39055.0,38150.0,38250.0,37491.08203125,32786,37491.08203125,-0.010221277446208932,34240.38701171875,0.09493744969701146,32351.718671875,0.15885905201824446,29759.103515625,0.2598189327701128,31369.056962890623,0.1951612723200984,38025.86328125,-0.014063618912333653,38025.86328125,-0.014063618912333653,0.7688172043010753,83.9634525967086,56900.45,36872.12,0.5761993094957949,0.8891813109742537,False,False,0.04722778694320051,0.18457720899061125,0.34540962153245935,0.2342490682096392,0.0955016108275002,0.3116250364059157,0.24297315019118182,0.40058479532163743
2025-07-21,38495.0,38565.0,38010.0,38320.0,37559.6953125,24276,37559.6953125,0.0018301227260608677,34570.94560546875,0.08645264555790644,32495.1159375,0.1558566334935083,29865.9609375,0.2576088005706747,31372.198876953124,0.19722865011200663,38025.86328125,-0.012259234334854985,38025.86328125,-0.012259234334854985,0.7869623655913979,87.98231331923219,57441.25,37070.14,0.4226231149217679,0.6548666932469098,False,False,0.012551159187013106,0.21361832942857983,0.36881587233187485,0.2623325882966887,0.09676703321070579,0.2911146138699209,0.23934782781988836,0.3713450292397661
2025-07-22,38500.0,38515.0,37425.0,37755.0,37005.90625,26390,37005.90625,-0.01474423735050101,34877.49033203125,0.061025489440506675,32624.6929296875,0.13429132742352112,29968.10232421875,0.23484316256133586,31371.776435546875,0.1795923104969337,38025.86328125,-0.026822718624587405,38025.86328125,-0.026822718624587405,0.6706989247311828,81.83455927503384,57975.95,37221.64,0.45518874636810613,0.7089961645967239,False,False,-0.01474423735050101,0.19857140742482016,0.33339226046543047,0.2710387607632636,0.079335594502556,0.3011601293228518,0.2425009007663489,0.3991228070175439
2025-07-23,37800.0,38060.0,37515.0,37980.0,37226.44140625,20844,37226.44140625,0.005959458329709122,35182.56484375,0.05809344974071973,32753.2898046875,0.1365710628836534,30075.73947265625,0.23775647944067702,31375.977392578126,0.1864631638552805,38025.86328125,-0.021023109168811005,38025.86328125,-0.021023109168811005,0.7204301075268817,77.06286617631974,57572.5,37258.2,0.3620478527074558,0.5594473162954733,False,False,-0.012865521911504585,0.1960321222893484,0.3022458142499498,0.274622786330462,0.11465575914561654,0.3013654796774004,0.2368106896016094,0.3391812865497076
2025-07-24,37980.0,38350.0,37825.0,37910.0,37157.83203125,19341,37157.83203125,-0.0018430280308362468,35461.665234375,0.04783099681485936,32874.4374609375,0.13029560050729905,30181.06197265625,0.23116383594833856,31381.738271484373,0.18405907632638008,38025.86328125,-0.022827391020153742,38025.86328125,-0.022827391020153742,0.7002688172043011,69.22336408097567,56519.1,37157.16,0.34220290132008474,0.5205187909947907,False,False,-0.01901920328404194,0.1767810643303922,0.28704807417800615,0.346441470047093,0.11057075442510689,0.30310548376536095,0.23688944399872505,0.34210526315789475
2025-07-25,38115.0,38115.0,37610.0,37830.0,37079.41796875,17581,37079.41796875,-0.0021102970279335276,35734.63955078125,0.037632348748270816,32995.487109375,0.1237724069912165,30288.95640625,0.22418935375068982,31386.863017578125,0.18136743859951143,38025.86328125,-0.02488951547266194,38025.86328125,-0.02488951547266194,0.6881720430107527,67.44872056584633,53247.15,37140.96,0.3301772958740515,0.4733587930952781,False,False,-0.010980319590585985,0.17265964993772154,0.2847681644142728,0.32348852270675477,0.11052068173203367,0.3044240257311147,0.2370660266509841,0.34502923976608185
2025-07-28,38140.0,38530.0,37810.0,38235.0,37476.3828125,37336,37476.3828125,0.010705800292889034,36006.87880859375,0.04081175743440246,33126.338359375,0.131316791066161,30403.546796875,0.23263193807217175,31388.173251953125,0.19396508078621744,38025.86328125,-0.01445017736180998,38025.86328125,-0.01445017736180998,0.7634408602150538,77.64349774164988,53472.4,37502.7,0.6982293669257411,0.9955549867076238,False,False,-0.002218135671943844,0.16998169166212707,0.2591800393938608,0.3308781653158641,0.12072198485324237,0.30404540044819856,0.23074525421667308,0.27923976608187134
2025-07-29,37700.0,40120.0,37615.0,39915.0,39654.0546875,89125,39654.0546875,0.058107845837076066,36405.889453125,0.08922087286336544,33301.62515625,0.1907543401093681,30538.46767578125,0.29849523258653643,31397.242705078126,0.2629788883049413,39654.0546875,0.0,39654.0546875,0.0,0.9401881720430108,83.8586628958227,57238.75,38776.36,1.5570745342971326,2.2984364700554667,True,False,0.07156015636017554,0.2519496353426991,0.3523901408604566,0.4101712705593641,0.16418790932180571,0.34292257244795327,0.2527594197571579,0.5365497076023392
2025-07-30,40000.0,40415.0,39125.0,40060.0,39798.10546875,100405,39798.10546875,0.0036326873099161716,36805.731640625,0.08130184334719504,33477.0485546875,0.1888176284040255,30679.06189453125,0.2972399744675467,31408.913818359375,0.26709588554720765,39798.10546875,0.0,39798.10546875,0.0,0.9401881720430108,83.25468365876402,61341.85,40497.04,1.6368107580713658,2.479317006872601,True,False,0.0690816517871149,0.25146309667597455,0.3323616426145861,0.42582007834910596,0.16286221901218667,0.3430384041423651,0.25119028611876704,0.5073099415204678
2025-07-31,39500.0,40490.0,39325.0,40385.0,40120.98046875,46071,40120.98046875,0.008112823366768662,37125.662109375,0.08068053710531986,33657.2631640625,0.19204524364265985,30814.908828125,0.30199899965731114,31420.902783203124,0.27688821500691363,40120.98046875,0.0,40120.98046875,0.0,0.9401881720430108,83.25319351706266,57600.25,41210.3,0.7998402784710136,1.1179486681727626,False,False,0.07974492255113197,0.18974375666561305,0.36398304358848477,0.4301682955398005,0.17165882649669828,0.29030800035698445,0.24771594879232323,0.45321637426900585
2025-08-01,40375.0,40730.0,40105.0,40390.0,40125.94921875,59925,40125.94921875,0.00012384418182076473,37371.10390625,0.07371592017754858,33829.9319140625,0.18610789169428843,30950.83875,0.296441416107019,31431.403212890626,0.2766197215876627,40125.94921875,0.0,40125.94921875,0.0,0.9401881720430108,79.10863551536463,51940.8,42200.8,1.1537173089363275,1.4199967773122784,False,False,0.0821623266192466,0.13938779985449634,0.3646066447013412,0.44336375046500387,0.1721898377698885,0.25949331146998955,0.2476732910327626,0.4517543859649123
2025-08-04,40150.0,41280.0,40035.0,41115.0,40846.20703125,66056,40846.20703125,0.017949925834114255,37646.92265625,0.08498129858348125,34010.04671875,0.20100414354124263,31094.33048828125,0.31362233532071104,31445.958037109376,0.29893345857192166,40846.20703125,0.0,40846.20703125,0.0,0.9401881720430108,80.08268073807683,50729.7,43077.32,1.3021169058756508,1.5334287276924377,False,False,0.08991860915739225,0.15613929313676467,0.3440747875555108,0.48008449958820987,0.1913919362794052,0.26214595210087355,0.24210181019456628,0.39473684210526316
2025-08-05,41145.0,41290.0,39445.0,40595.0,40329.609375,114355,40329.609375,-0.012647383779227472,37924.1107421875,0.06342926928901149,34179.8295703125,0.17992423841776573,31234.9503125,0.29116931423004,31460.094052734374,0.2819290783873143,40846.20703125,-0.012647383779227472,40846.20703125,-0.012647383779227472,0.7836021505376344,72.46376228676847,52293.8,44926.06,2.1867793122702883,2.54540460481066,True,True,0.017036207087114175,0.15936830901845078,0.3211103137054456,0.46713352498397787,0.19712380835546361,0.2591375902023331,0.24480443346856104,0.4166666666666667
2025-08-06,40500.0,40555.0,38150.0,38255.0,38004.90625,103119,38004.90625,-0.05764258967608704,38069.8712890625,-0.0017064685764033305,34319.8790625,0.10737296541136399,31350.52744140625,0.212257315958422,31471.313564453125,0.20760470236382433,40846.20703125,-0.0695609455016526,40846.20703125,-0.0695609455016526,0.478494623655914,50.79309172469628,55415.1,45395.46,1.8608465923547914,2.271570769411743,True,False,-0.045057401542845876,0.08307883301743901,0.23406184911102068,0.39996073191169623,0.1434535101242158,0.34723489150081277,0.2760073167321367,0.7967836257309941
2025-08-07,38225.0,38750.0,37900.0,38570.0,38317.84765625,54977,38317.84765625,0.008234237026962798,38211.920703125,0.002772091828305845,34473.53859375,0.11151477972142265,31470.95369140625,0.21756232848810764,31482.549873046875,0.21711385547760287,40846.20703125,-0.061899489787770046,40846.20703125,-0.061899489787770046,0.5094086021505376,55.225423091090626,56121.3,46144.96,0.9796102371113997,1.1913977171071337,False,False,-0.04494239152267099,0.0800800389690639,0.23206733725083106,0.4360229998049314,0.20826017818365017,0.34664867182470543,0.27587076113953085,0.7953216374269005
2025-08-08,38570.0,39150.0,38220.0,38325.0,38074.44921875,32516,38074.44921875,-0.00635209053711816,38325.6275390625,-0.006553795369860338,34619.1936328125,0.09980751205777838,31593.1483984375,0.20514893731303596,31492.380986328124,0.20900509984555837,40846.20703125,-0.06785838916155484,40846.20703125,-0.06785838916155484,0.4852150537634409,53.18308237023052,53655.85,45755.32,0.6060103418359788,0.7106496031499725,False,False,-0.051126516380112896,0.06352281753825473,0.22714178979189636,0.41819878350214257,0.18794760289420154,0.34801712544622965,0.2763616187933223,0.804093567251462
2025-08-11,38540.0,39080.0,38320.0,38710.0,38456.9296875,31256,38456.9296875,0.010045594265921665,38393.76796875,0.0016451034136948373,34776.12484375,0.10584286950567212,31719.48646484375,0.21240707128482939,31507.916962890624,0.2205481477177238,40846.20703125,-0.058494472740689196,40846.20703125,-0.058494472740689196,0.532258064516129,59.16690357454503,51445.45,46098.94,0.607556158999484,0.6780199284408709,False,False,-0.058494472740689196,0.03673920701088185,0.24320013819825537,0.434545536012543,0.20981705539336204,0.32706733059935933,0.27633106071423064,0.8026315789473685
2025-08-12,39000.0,39010.0,38540.0,38610.0,38357.5859375,20383,38357.5859375,-0.002583247045649939,38433.6625,-0.0019794252629449227,34928.6187890625,0.098170705493549,31844.83109375,0.2045152892969253,31522.022626953127,0.21685040301640024,40846.20703125,-0.06092661411244482,40846.20703125,-0.06092661411244482,0.5147849462365591,57.257181294575304,48985.0,46291.86,0.41610697152189446,0.4403149927438647,False,False,-0.0488976577770287,0.02124326670814236,0.24175914641895746,0.4491646732958958,0.2292521323105028,0.32500205030585255,0.2764344010087916,0.8084795321637427
2025-08-13,38795.0,38910.0,38510.0,38660.0,38407.2578125,13806,38407.2578125,0.0012949687470149573,38468.4443359375,-0.0015905640192561687,35080.93,0.09481868959859385,31958.79828125,0.20177415541413724,31537.389638671873,0.2178324919258421,40846.20703125,-0.05971054342656701,40846.20703125,-0.05971054342656701,0.5201612903225806,58.03557476493935,47543.7,45453.9,0.2903854769401624,0.30373631305564536,False,False,0.010586832127759793,0.018446216274306204,0.23786823079820207,0.4560720067357853,0.22380735746323044,0.3248350615047119,0.2764766255183591,0.8114035087719298
2025-08-14,38880.0,38950.0,38430.0,38585.0,38332.75,23267,38332.75,-0.001939940957611186,38491.16953125,-0.0041157370165483265,35230.9669140625,0.0880413839763059,32071.36810546875,0.19523276568496528,31552.958251953125,0.21487024113269015,40846.20703125,-0.06153464945538378,40846.20703125,-0.06153464945538378,0.510752688172043,58.0647496444606,46690.75,44663.2,0.49832140199075836,0.5209434165039675,False,False,0.00038891390465578546,0.011999074749265981,0.23215821152192606,0.44967314642015155,0.23769543740639487,0.3247611644471458,0.276712288033163,0.8128654970760234
2025-08-18,39000.0,39895.0,38870.0,39335.0,39077.84375,28210,39077.84375,0.01943752404927901,38570.5076171875,0.013153473058944876,35393.1612890625,0.10410718700270993,32193.2668359375,0.2138514537573184,31571.314560546874,0.23776422660694863,40846.20703125,-0.043293206634757775,40846.20703125,-0.043293206634757775,0.581989247311828,59.862958728839,46461.95,44633.68,0.6071634961511517,0.6320339259500897,False,False,0.02635348775461388,0.04232371094084142,0.2408614498263042,0.4606446228537775,0.26191901749234936,0.3284598646030338,0.2780521156337391,0.8304093567251462
2025-08-19,39495.0,40245.0,39365.0,39860.0,39599.4140625,25516,39599.4140625,0.013346957315166552,38672.4935546875,0.02396847016088377,35563.9247265625,0.11347142833545054,32312.10333984375,0.22552882571622423,31590.841552734375,0.25350931207061933,40846.20703125,-0.030524081900581868,40846.20703125,-0.030524081900581868,0.6491935483870968,49.577245993991745,46523.95,44781.1,0.5484487022275624,0.5697939532525998,False,False,0.0297081536223458,0.05430605155418222,0.24368195714977725,0.4735239686662214,0.3035462805896083,0.3307870994720301,0.2783494069621654,0.8377192982456141
2025-08-20,39920.0,40280.0,39830.0,39935.0,39673.921875,18625,39673.921875,0.001881538256662152,38805.8943359375,0.022368445668281778,35739.02078125,0.11010097668412877,32439.80751953125,0.22300114916259162,31611.932978515626,0.2550299249958403,40846.20703125,-0.028699975871765204,40846.20703125,-0.028699975871765204,0.6586021505376344,49.02874091019909,46135.7,44720.12,0.4037003882026284,0.4164792044386285,False,False,0.03431748649784283,0.07209702167474963,0.24602199233127497,0.48082509895289816,0.26725932563846166,0.3242554117721911,0.27826664693982445,0.8347953216374269
2025-08-21,40075.0,40105.0,39360.0,39475.0,39216.9296875,21473,39216.9296875,-0.011518704627685561,38905.41875,0.008006877897953624,35898.1158984375,0.09245091855104737,32556.8260546875,0.20456857869453104,31635.893837890624,0.2396340020754999,40846.20703125,-0.039888093954562276,40846.20703125,-0.039888093954562276,0.5954301075268817,43.074567858085445,46167.15,44954.96,0.46511426414669305,0.4776558582189819,False,False,0.021081220610769114,0.05346974371060398,0.26496302425874485,0.48196859438791995,0.26593353439577494,0.32853694925601207,0.27302260085489666,0.7865497076023392
2025-08-22,39725.0,39780.0,39165.0,39325.0,39067.91015625,14967,39067.91015625,-0.003799877564038323,39000.92265625,0.0017175875706947341,36061.5818359375,0.0833665127056773,32669.5761328125,0.19584992463404416,31658.812880859376,0.23402953557586148,40846.20703125,-0.04353640164531036,40846.20703125,-0.04353640164531036,0.5806451612903226,42.06996377791753,45948.45,45072.86,0.3257346004054544,0.3320623541528095,False,False,0.01917838287756557,0.05140445555041029,0.2752758135228608,0.46730727277235284,0.24346795719108894,0.3289778104428636,0.27151058550471485,0.7763157894736842
2025-08-25,39325.0,39535.0,38950.0,39085.0,38829.48046875,33832,38829.48046875,-0.006102954740768385,39088.42578125,-0.006624603250822481,36219.0049609375,0.07207474392595614,32779.91302734375,0.18455105223616464,31679.760771484376,0.2256873007608453,40846.20703125,-0.04937365569726149,40846.20703125,-0.04937365569726149,0.5645161290322581,33.70784814920003,46761.0,45491.4,0.7235089069951455,0.7437010072233433,False,False,-0.006355603518937714,0.04719767989548607,0.2610373547708966,0.47696911258725283,0.22977150616203512,0.3300578767584223,0.27232176871426567,0.7821637426900585
2025-08-26,39200.0,39655.0,38800.0,39510.0,39251.69921875,32640,39251.69921875,0.010873664671867012,39177.1916015625,0.0019018110829700507,36371.2482421875,0.07919582405812031,32899.121484375,0.19309262520557202,31701.489443359376,0.23816577416277185,40846.20703125,-0.039036863601070615,40846.20703125,-0.039036863601070615,0.6008064516129032,41.15724715100856,46526.2,45713.94,0.701540207453005,0.714005399665835,False,False,-0.008780807796832546,0.047371605075446466,0.28230074712351416,0.5086743518446228,0.23207299814583982,0.3301136655014077,0.2718840127457344,0.7792397660818714
2025-08-28,39700.0,39960.0,39070.0,39225.0,38968.5625,33810,38968.5625,-0.007213362080761843,39142.9169921875,-0.004454305033585015,36519.1030078125,0.06707337504055055,33014.12634765625,0.18036025214298812,31718.567177734374,0.2285725985553011,40846.20703125,-0.04596863865018064,40846.20703125,-0.04596863865018064,0.5752688172043011,61.88726812946201,43760.45,46172.1,0.7726154552798247,0.7322603910153535,False,False,-0.017778917275241057,-0.017286811976785943,0.26797591062963844,0.4895119622525752,0.21954605798116122,0.2577274475293597,0.2729054021494784,0.7850877192982456
2025-08-29,39455.0,40350.0,39060.0,39960.0,39698.7578125,46252,39698.7578125,0.01873806128978961,39137.949609375,0.014329013367390786,36678.13109375,0.08235497907538458,33136.533125,0.19803594608843067,31743.721552734376,0.25060187875420636,40846.20703125,-0.028091940528826242,40846.20703125,-0.028091940528826242,0.6639784946236559,65.44446531785593,41052.8,46777.4,1.1266466599111387,0.9887680803122876,False,False,0.01228622762769671,-0.0024962910942584182,0.2892682553364343,0.5423771642361639,0.23428622923547082,0.2665554918214369,0.27450084615644527,0.793859649122807
2025-09-01,40220.0,40950.0,40010.0,40785.0,40518.3671875,45616,40518.3671875,0.02064571840940399,39157.8189453125,0.03474525085494751,36853.8454296875,0.0994339047957411,33274.24021484375,0.2177097636454708,31774.200400390626,0.2751970679646709,40846.20703125,-0.008026200413154161,40846.20703125,-0.008026200413154161,0.8198924731182796,74.21265891367867,41030.05,47271.16,1.1117705194119918,0.9649858391458978,False,False,0.03712655797172082,0.00990471105409596,0.3142127391834859,0.5269041603482378,0.27983368717007284,0.2751801296440729,0.27642591011255463,0.8070175438596491
2025-09-02,40900.0,41575.0,40675.0,41315.0,41044.90234375,38339,41044.90234375,0.012994974694154005,39203.7666015625,0.0469632359793235,37041.7567578125,0.10807115904655884,33424.08208984375,0.2280038755715572,31807.941904296877,0.2903979285187679,41044.90234375,0.0,41044.90234375,0.0,0.9401881720430108,74.9283028295831,39950.75,47566.36,0.959656577160629,0.8060108025924203,False,False,0.057055151092813894,0.02290171679155173,0.3253919100284566,0.5469403691193602,0.31106941141034583,0.2786319212403223,0.2769455196201262,0.8172514619883041
2025-09-03,41500.0,41835.0,41000.0,41100.0,40831.3046875,31045,40831.3046875,-0.005203999621222755,39203.021484375,0.04153463537941793,37239.4123828125,0.09645405431653109,33572.493203125,0.21621305991356454,31849.0073046875,0.2820275463182331,41044.90234375,-0.005203999621222755,41044.90234375,-0.005203999621222755,0.8387096774193549,73.31459639997585,38200.2,47918.06,0.8126920801461773,0.6478768130429321,False,False,0.04024298311130048,-0.00036484033238626257,0.3145419117826451,0.5409764698745385,0.3128082149371423,0.27231141755761384,0.27768970981505037,0.8230994152046783
2025-09-04,41660.0,41660.0,40540.0,40740.0,40473.66015625,27591,40473.66015625,-0.008759076742396843,39210.2240234375,0.032222109520651854,37431.3853515625,0.08127604084417106,33720.5976953125,0.2002652065054067,31888.610390625,0.26921993967316116,41044.90234375,-0.01391749413156984,41044.90234375,-0.01391749413156984,0.7701612903225806,68.40709756754444,33862.0,48155.96,0.8148071584667178,0.5729508870760753,False,False,0.03862338150785005,0.003571836759204805,0.30901724503112304,0.5408190556564509,0.2748830581275532,0.2702345053044162,0.27841910165651773,0.8391812865497076
2025-09-05,41075.0,41095.0,40755.0,40910.0,40642.546875,16404,40642.546875,0.004172756259206878,39342.1060546875,0.033054682393078405,37621.737265625,0.08029426148098473,33868.6605859375,0.2000045520511391,31925.87189453125,0.27302856470967285,41044.90234375,-0.009802812183113074,41044.90234375,-0.009802812183113074,0.8051075268817204,70.23497300671272,29526.25,47905.78,0.5555734304220821,0.34242214613768945,False,False,0.023773768110266325,0.06940263469272479,0.30005504730563404,0.5367432877558265,0.2826580783758994,0.16165294239204278,0.2780956829218867,0.8318713450292398
2025-09-08,41100.0,41760.0,41000.0,41355.0,41084.640625,16171,41084.640625,0.010877609401785282,39480.445703125,0.04063264467523542,37811.91359375,0.08655280096141316,34013.98189453125,0.20787506597707583,31965.6761328125,0.28527363082512625,41084.640625,0.0,41084.640625,0.0,0.9401881720430108,68.56619560315019,27585.95,47421.02,0.5862042090266966,0.3410091136799673,False,False,0.013975722044265781,0.07220637739287827,0.32983184644471164,0.5636267354418529,0.2937428314045998,0.1629662880298695,0.2762956337245442,0.8011695906432749
2025-09-09,41450.0,41640.0,41095.0,41495.0,41223.72265625,25999,41223.72265625,0.0033852561233156386,39637.909375,0.040007490461900774,38003.9894140625,0.08472092777175955,34157.94958984375,0.20685589010023975,32003.68767578125,0.28809289335259947,41223.72265625,0.0,41223.72265625,0.0,0.9401881720430108,66.1720929762239,27260.1,46280.6,0.9537382474752477,0.5617688621150115,False,False,0.004356699670092556,0.08271356518925344,0.3315876649189795,0.5944210756677741,0.29601839259560725,0.15873606546388275,0.2762506922983442,0.7997076023391813
2025-09-10,41700.0,41945.0,40955.0,41005.0,40736.92578125,29476,40736.92578125,-0.011808658792395454,39751.9091796875,0.024779101730938446,38178.0959765625,0.06702350495054454,34295.72609375,0.1878134806037488,32040.2125390625,0.27143119701795726,41223.72265625,-0.011808658792395454,41223.72265625,-0.011808658792395454,0.793010752688172,59.78061552727391,27171.1,46213.5,1.0848291015085882,0.6378222813679986,False,False,-0.002311434987745886,0.059287002687868906,0.2875323730286512,0.5775367567781389,0.2325213754256914,0.16651401636582686,0.27601659048167493,0.7982456140350878
2025-09-11,41190.0,41200.0,40400.0,40655.0,40389.21484375,24790,40389.21484375,-0.008535522276942209,39853.490625,0.013442341193921514,38352.4034375,0.05310779048226366,34427.1340234375,0.17317970227360768,32073.9753125,0.2592519153062187,41223.72265625,-0.020243387999154372,41223.72265625,-0.020243387999154372,0.7311827956989247,61.007461181098144,27391.45,46433.34,0.9050269335869404,0.5338836275831117,False,False,-0.002086426386296525,0.0529655049084774,0.27911830785295955,0.564071656647964,0.27349296275118573,0.17042525834317757,0.27698259969547223,0.8187134502923976
2025-09-12,40780.0,40890.0,39790.0,39885.0,39624.25,24810,39624.25,-0.01893982952402884,39914.340234375,-0.007267819853005286,38508.863203125,0.028964417645662488,34548.7359375,0.1469088209676268,32100.359921875,0.23438647094414033,41223.72265625,-0.038799811205490475,41223.72265625,-0.038799811205490475,0.6048387096774194,54.682284033294074,27941.65,46562.68,0.8879217941674883,0.532830154965307,False,False,-0.025054947420787066,0.03168651595594829,0.24811190893433843,0.4669921954653695,0.22112943007123054,0.1868819572714452,0.28101605742135544,0.8625730994152047
2025-09-15,40040.0,40040.0,39260.0,39445.0,39187.125,21503,39187.125,-0.011031754544250094,39957.058984375,-0.019269035408138402,38618.15828125,0.014733139643954729,34662.09498046875,0.1305469280515501,32124.82529296875,0.2198393187394856,41223.72265625,-0.0494035357561583,41223.72265625,-0.0494035357561583,0.5631720430107527,52.912605607681186,27853.45,44574.68,0.7720049042398697,0.48240391181720205,False,False,-0.04618552325477476,0.02228838264930122,0.234914969837418,0.4473135391980534,0.1922338626179767,0.19190244409883575,0.28254000312862737,0.8771929824561403
2025-09-16,39605.0,40050.0,39595.0,39920.0,39659.01953125,34458,39659.01953125,0.012042080944953293,39986.1177734375,-0.008180295072426125,38706.99640625,0.024595634210622386,34780.0259375,0.14028148232314686,32152.1353125,0.23348011402003221,41223.72265625,-0.03795637618774761,41223.72265625,-0.03795637618774761,0.6129032258064516,53.290534152458825,28165.85,41801.56,1.2233964180026522,0.8243233027666911,False,False,-0.03795637618774761,0.014872258176988007,0.2530758815782814,0.47497258045735347,0.21837717780812316,0.1842076527681453,0.28274142795465385,0.8786549707602339
2025-09-17,39995.0,40190.0,39725.0,39775.0,39514.96875,29814,39514.96875,-0.003632232540103364,39981.8955078125,-0.011678454757635515,38790.699140625,0.018671218240984944,34900.78009765625,0.1322087540574377,32179.77166015625,0.2279443486209043,41223.72265625,-0.041450742343157376,41223.72265625,-0.041450742343157376,0.5873655913978495,54.51561418551078,28380.75,40592.28,1.0505007795777068,0.7344746340929852,False,False,-0.029996299617985223,-0.0021324889395262225,0.27679657576555416,0.425721810079454,0.1817720894348569,0.17864733160429042,0.27795739744341647,0.8289473684210527
2025-09-18,40000.0,40060.0,39780.0,39885.0,39624.25,19976,39624.25,0.0027655658971006414,39979.4119140625,-0.008883620270001336,38887.4671875,0.018946536398154246,35019.49056640625,0.1314913312305872,32206.53072265625,0.2303172403516789,41223.72265625,-0.038799811205490475,41223.72265625,-0.038799811205490475,0.6048387096774194,49.313832565648895,28448.3,39330.34,0.7021860708724247,0.5079030590633085,False,False,-0.01893982952402884,-0.0012520031459581915,0.2833760311072757,0.47282860024767337,0.17712996496509903,0.17880138030164613,0.27763506527075626,0.8216374269005848
2025-09-19,39985.0,40130.0,39400.0,39790.0,39529.87109375,31662,39529.87109375,-0.0023818471327533564,39995.058984375,-0.011631134005996469,38976.270703125,0.014203523852799327,35128.92587890625,0.1252798115722169,32233.00435546875,0.22637873459795066,41223.72265625,-0.041089243119172614,41223.72265625,-0.041089243119172614,0.5900537634408602,39.49312218960585,28957.75,39149.72,1.0933860538197893,0.8087414162859913,False,False,-0.0023818471327533564,0.007979752845102217,0.27003801148031426,0.4366622446117785,0.18488865346406436,0.17386967084724142,0.2778561142453346,0.827485380116959
2025-09-22,39790.0,40050.0,39400.0,39570.0,39311.30859375,32201,39311.30859375,-0.005529046615954103,40007.22890625,-0.017394864166442647,39052.9596875,0.0066153476795944854,35233.33310546875,0.11574197297979416,32258.4069921875,0.21863762842568768,41223.72265625,-0.04639110539450653,41223.72265625,-0.04639110539450653,0.5725806451612904,30.28246107585433,29819.45,38976.68,1.0798656581526487,0.8261606683791436,False,False,0.0031689896554034647,0.006230137126008062,0.24498123378855774,0.41443697054511586,0.1551475354288312,0.17453787770070514,0.27770104604327867,0.8245614035087719
2025-09-23,39570.0,40055.0,39300.0,39390.0,39132.484375,30113,39132.484375,-0.004548925618274358,40022.3791015625,-0.02223492822114015,39119.603125,0.00032927864730214473,35336.05009765625,0.1074379922728137,32281.65625,0.21222046576374165,41223.72265625,-0.05072900132499181,41223.72265625,-0.05072900132499181,0.5564516129032258,30.52390881439365,29633.5,37942.44,1.0161810113553917,0.7936495386169155,False,False,-0.013276555055404371,0.007803449919806527,0.23758915167049066,0.4078564755722276,0.1618189101356038,0.17385958464482634,0.2781884322783786,0.8333333333333334
2025-09-24,39520.0,39595.0,38665.0,38760.0,38506.60546875,22613,38506.60546875,-0.015993845426533815,39985.1244140625,-0.0369767248940337,39147.8528125,-0.01638014086803885,35423.490859375,0.08703587745246288,32296.9299609375,0.1922682903707249,41223.72265625,-0.06591149494569126,41223.72265625,-0.06591149494569126,0.4932795698924731,28.75535792635594,29132.15,36885.42,0.7762214597961359,0.6130606619092314,False,False,-0.02551851394922333,-0.01898245846243718,0.20214439135965478,0.4089060719137747,0.14081498266388293,0.17857930845454698,0.2803866242014292,0.8552631578947368
2025-09-25,38890.0,39000.0,38365.0,38525.0,38273.140625,34109,38273.140625,-0.00606298168607633,39950.3533203125,-0.04198242458245616,39162.12171875,-0.022700023766188737,35513.00765625,0.0777217462251254,32310.6239453125,0.18453734257126642,41223.72265625,-0.07157485644501005,41223.72265625,-0.07157485644501005,0.46639784946236557,24.761919027504547,29147.1,36175.76,1.1702364900796307,0.9428689265961516,False,False,-0.0340980428651646,-0.017845715376337057,0.20835170139594816,0.39336808247927024,0.09418446163372907,0.178085716559094,0.27946080729934863,0.8450292397660819
2025-09-26,38430.0,38720.0,38050.0,38150.0,37900.59375,28075,37900.59375,-0.009733898732017132,39860.4451171875,-0.049167824429096174,39165.901171875,-0.03230635282263372,35593.3101171875,0.06482351951015497,32324.21212890625,0.17251407702856336,41223.72265625,-0.08061205277263273,41223.72265625,-0.08061205277263273,0.44086021505376344,15.574615166299523,28238.25,35884.62,0.9942188343824423,0.7823686024820661,False,False,-0.041216358633853534,-0.045295222359169385,0.19179528426238002,0.38030749572306144,0.06049876675666521,0.1647485255089218,0.2807301900462803,0.8596491228070176
2025-09-29,38165.0,38600.0,37635.0,38345.0,38094.31640625,67770,38094.31640625,0.005111335656845739,39739.242578125,-0.0413929925473836,39170.222578125,-0.027467451065132598,35680.1075390625,0.06766260063943008,32338.61013671875,0.17798248734864308,41223.72265625,-0.07591275237549522,41223.72265625,-0.07591275237549522,0.45026881720430106,16.56047871399042,29345.95,36433.5,2.309347627185353,1.8601012804150028,True,True,-0.030957814202437595,-0.059825973984406366,0.12964525241554803,0.4242112755052081,0.0589086258617213,0.1440219197612594,0.254109556997647,0.5584795321637427
2025-09-30,38000.0,38470.0,37905.0,38145.0,37895.625,16286,37895.625,-0.005215775606289719,39581.7787109375,-0.04259924050536845,39178.3134375,-0.032739756384517094,35765.0160546875,0.0595724308372918,32350.59345703125,0.17140432215977053,41223.72265625,-0.08073258409973849,41223.72265625,-0.08073258409973849,0.4388440860215054,17.64703265929559,28243.3,36103.5,0.5766323340402857,0.4510919993906408,False,False,-0.031606972947267664,-0.07672761205215894,0.07605710602566829,0.4541283777980596,0.046034204255762434,0.13105211827013058,0.23882075175350795,0.358187134502924
2025-10-01,38145.0,38465.0,37895.0,38320.0,38069.48046875,31571,38069.48046875,0.0045877451222930965,39443.6875,-0.03483972007561409,39188.509140625,-0.028555020244823592,35841.8125390625,0.062152769959936016,32363.18533203125,0.17632056542564678,41223.72265625,-0.07651521949635909,41223.72265625,-0.07651521949635909,0.4489247311827957,22.497022083818848,28269.6,36249.4,1.1167826923621134,0.8709385534657125,False,False,-0.011351948443098947,-0.06763987190435039,0.07754490412172688,0.46476326444942906,0.04572210266627419,0.13437748072067351,0.23888397714888396,0.36257309941520466
2025-10-03,38320.0,38705.0,38010.0,38630.0,38377.453125,22284,38377.453125,0.00808975201284401,39338.8771484375,-0.024439539029285418,39215.940078125,-0.02138127892521735,35920.31650390625,0.0684052051942956,32376.3425390625,0.18535480277604166,41223.72265625,-0.0690444566344488,41223.72265625,-0.0690444566344488,0.48118279569892475,33.42135662522439,28004.25,36167.28,0.7957363614451378,0.6161370166625746,False,False,0.0027254753149748012,-0.05179188200813856,0.10324904266361012,0.49542678889497394,0.031025005690529017,0.13880407759389937,0.2366875563756768,0.33771929824561403
2025-10-06,38700.0,38900.0,38385.0,38800.0,38546.34375,11383,38546.34375,0.004400777311873716,39234.0669921875,-0.017528726816020468,39242.338125,-0.01773580291732435,35997.81396484375,0.0707967930398552,32390.2001171875,0.19006192028884095,41223.72265625,-0.06494752860084263,41223.72265625,-0.06494752860084263,0.5026881720430108,40.825051792258236,27753.2,35978.06,0.4101509015176628,0.316387264905334,False,False,0.01703799165415454,-0.05157656904344776,0.0985089327996711,0.4919476353634564,0.04373067569694422,0.13895433811606944,0.23630748281954586,0.3333333333333333
2025-10-07,38800.0,39125.0,38690.0,38770.0,38516.5390625,15407,38516.5390625,-0.000773216979885416,39105.6619140625,-0.01506489911504727,39269.512265625,-0.01917449847687891,36071.97486328125,0.06776907026809753,32407.48896484375,0.18850735718165224,41223.72265625,-0.06567052704881227,41223.72265625,-0.06567052704881227,0.4959677419354839,31.27035622024613,27715.0,35899.38,0.5559083528775032,0.42917175728383056,False,False,0.011083612887216043,-0.0625075824793101,0.08568063072804066,0.4505799791612801,0.038450508528520055,0.12981128265017383,0.23554812304007358,0.32748538011695905
2025-10-08,38750.0,38945.0,38255.0,38350.0,38099.28515625,14990,38099.28515625,-0.010833110045867067,38949.4400390625,-0.02182714005541231,39289.909609375,-0.030303568141599957,36142.698359375,0.054135050388884,32422.6753515625,0.1750814744044229,41223.72265625,-0.07579222104838945,41223.72265625,-0.07579222104838945,0.45161290322580644,28.69953839155258,27164.55,35847.56,0.5518221358351234,0.41815956232446505,False,False,0.005374239275641957,-0.07579222104838945,0.06421655275355498,0.4201868165470244,0.047079189425950796,0.13006992528667224,0.23633213627355465,0.3347953216374269
2025-10-09,38450.0,38555.0,38105.0,38465.0,38213.53125,17549,38213.53125,0.0029986413992142413,38823.2703125,-0.01570550490960776,39304.652578125,-0.027760615004959077,36215.49546875,0.05517074267212729,32439.59666015625,0.17799033231925332,41223.72265625,-0.07302085334094932,41223.72265625,-0.07302085334094932,0.46236559139784944,28.805904280791367,26568.2,35451.82,0.6605264940793881,0.49500984716722585,False,False,0.0037838914394496825,-0.06194366616666602,0.03017756246120107,0.4174539447484049,0.061320226596342176,0.1287434831924528,0.2248538516410888,0.25
2025-10-10,38480.0,38890.0,38315.0,38625.0,38372.48828125,11241,38372.48828125,0.004159705372687839,38722.433984375,-0.009037285808691786,39279.02125,-0.023079316640304492,36290.323203125,0.05737521450196681,32462.00455078125,0.18207389877057056,41223.72265625,-0.06916489320422203,41223.72265625,-0.06916489320422203,0.4798387096774194,32.942900829453194,25890.75,33894.14,0.43417050491005477,0.33165024986620106,False,False,-0.00012936876592173352,-0.049932304212942036,0.021640030942410293,0.40824626311500833,0.06429215605208438,0.1295979715394784,0.22360210742129083,0.23976608187134502
2025-10-13,38655.0,38810.0,38370.0,38535.0,38283.07421875,14360,38283.07421875,-0.002330160656891511,38655.3751953125,-0.009631286067756206,39248.720625,-0.024603258166711273,36362.88458984375,0.052806306500847944,32484.21970703125,0.17851296918988568,41223.72265625,-0.07133388854813094,41223.72265625,-0.07133388854813094,0.46774193548387094,34.24656058564004,25368.25,32173.24,0.5660619080937787,0.4463336611419925,False,False,-0.006829948203582847,-0.03384734805706102,0.015153236812052828,0.39393360555464607,0.028718456324060337,0.11419251892432002,0.22354656586625538,0.23830409356725146
2025-10-14,38535.0,38640.0,37340.0,38010.0,37761.5078125,32330,37761.5078125,-0.01362394261416322,38584.0943359375,-0.02131931661465325,39201.531171875,-0.03673385493697612,36429.39716796875,0.03656691430794612,32504.41416015625,0.16173476089865568,41223.72265625,-0.08398598235826937,41223.72265625,-0.08398598235826937,0.4327956989247312,30.991741803545054,25909.6,31898.42,1.247800043227221,1.0135298237342163,False,False,-0.019602780217994775,-0.03637973409633899,-0.0030819347062973623,0.3558295420876483,-0.002078644528868412,0.11733100302792249,0.22519538392783056,0.2543859649122807
2025-10-15,38070.0,38595.0,37985.0,38380.0,38129.08984375,22583,38129.08984375,0.009734304919051029,38507.5978515625,-0.009829437018417986,39161.593984375,-0.026365222545255862,36495.76294921875,0.04475387723237656,32527.50091796875,0.1722108605855679,41223.72265625,-0.07506922260041982,41223.72265625,-0.07506922260041982,0.4529569892473118,44.362019881457975,25315.85,31151.58,0.8920498422924769,0.7249391523640213,False,False,0.000782289940028269,-0.03857709306944579,0.01701758866197034,0.3683052490535561,0.017755955371183463,0.11395069603200854,0.2250222398024689,0.25146198830409355
2025-10-16,38480.0,38665.0,38270.0,38510.0,38258.23828125,16716,38258.23828125,0.0033871366463045227,38444.761328125,-0.004851715563611747,39109.834609375,-0.021774480424953335,36559.9406640625,0.04645241721786708,32551.72572265625,0.17530599167656336,41223.72265625,-0.07193635566899481,41223.72265625,-0.07193635566899481,0.4637096774193548,49.77028451001054,24660.95,30164.78,0.6778327679996107,0.5541562046863926,False,False,0.0011699267193476803,-0.0318039089617147,0.01859820648005961,0.3942733925586861,0.014183604745754863,0.11528484773774134,0.22508770880345258,0.25292397660818716
2025-10-17,38490.0,38850.0,38345.0,38755.0,38501.63671875,19212,38501.63671875,0.006361987598871854,38388.6306640625,0.00294373757887878,39073.27515625,-0.01462990842753964,36626.55236328125,0.05119467256624888,32578.59779296875,0.18180766905380996,41223.72265625,-0.06603202627279703,41223.72265625,-0.06603202627279703,0.49193548387096775,59.649096402542035,24622.75,28261.92,0.7802540333634546,0.67978396372221,False,False,0.0033656518845848193,-0.02833147078493603,0.04041869583318203,0.38728623666750184,0.012511837903088407,0.11776692520361451,0.22316789155633002,0.2324561403508772
2025-10-20,38585.0,39515.0,38585.0,39215.0,38958.62890625,19865,38958.62890625,0.011869422353087966,38360.0685546875,0.0156037351890852,39092.349609375,-0.0034206361209082603,36706.1143359375,0.061366195007657165,32606.27283203125,0.19482006137108754,41223.72265625,-0.05494636592837121,41223.72265625,-0.05494636592837121,0.5483870967741935,62.794115946386654,24032.9,26596.84,0.8265752364467043,0.746893239948806,False,False,0.017646301956835364,-0.014450899324847999,0.04653110623969492,0.3628407525830122,0.02697720272067272,0.12673047586816769,0.22408304166002457,0.24561403508771928
2025-10-21,39510.0,39510.0,39020.0,39200.0,38943.7265625,1943,38943.7265625,-0.0003825171513571757,38341.689453125,0.01570189310804948,39104.8671875,-0.00412073065553098,36789.202890625,0.05856402157666851,32634.20490234375,0.19334075026608377,41223.72265625,-0.055307865152356084,41223.72265625,-0.055307865152356084,0.5456989247311828,66.40743096152434,22520.0,25536.16,0.08627886323268207,0.07608818240487215,False,False,0.031307509114046894,-0.009350541724485906,0.048062398520668514,0.34890669163440835,0.03843274223237336,0.1254380768544868,0.22402787977615723,0.24415204678362573
2025-10-23,39490.0,39520.0,38825.0,38920.0,38665.55859375,11758,38665.55859375,-0.007142818453790611,38318.3431640625,0.009061337234777422,39116.689375,-0.011532948939649401,36867.94150390625,0.04875827118401199,32658.80494140625,0.1839244780426159,41223.72265625,-0.06205562956629662,41223.72265625,-0.06205562956629662,0.5080645161290323,59.03615028589565,21602.25,25121.0,0.544295154439931,0.4680546156602046,False,False,0.014069802143151344,-0.011931922767170366,0.04277684796284498,0.3397264968509255,0.08122128492573899,0.12689450851240444,0.22455164533429706,0.24853801169590642
2025-10-24,39190.0,39190.0,38400.0,38585.0,38332.75,11903,38332.75,-0.008607365465652328,38309.650390625,0.0006029710305226477,39114.20578125,-0.01997882267175166,36945.1653125,0.03755795043175847,32682.5990625,0.17287948631915806,41223.72265625,-0.07012885954907067,41223.72265625,-0.07012885954907067,0.4771505376344086,49.32739484814075,21066.75,24733.94,0.5650135877627066,0.4812415652338447,False,False,0.0019475993170996464,-0.004514951827968683,0.022850849607992663,0.28795337310343627,0.06271492418835889,0.11733499725942055,0.2243997374431163,0.24707602339181287
2025-10-27,38775.0,39090.0,38435.0,39005.0,38750.00390625,9671,38750.00390625,0.01088505015293717,38333.4935546875,0.010865442017913063,39122.054140625,-0.009509987206644532,37025.33646484375,0.046580736492262576,32712.3140625,0.18456932860862163,41223.72265625,-0.06000716554949348,41223.72265625,-0.06000716554949348,0.5174731182795699,52.851188282221536,19844.85,24519.7,0.48733046609069863,0.3944175499700241,False,False,0.006450821540764373,0.01245947610942899,-0.022798444909972404,0.3215577487372596,0.07316275528451466,0.12145357330345417,0.19097743903217107,0.1154970760233918
2025-10-28,38855.0,39370.0,38445.0,38540.0,38288.04296875,16377,38288.04296875,-0.011921571378873841,38352.866015625,-0.0016901747798609978,39119.66984375,-0.02125853511345177,37100.299921875,0.03201437857311462,32742.22552734375,0.1693781455623662,41223.72265625,-0.07121335722102518,41223.72265625,-0.07121335722102518,0.46908602150537637,47.146404406133065,19259.95,24571.12,0.8503137339401192,0.6665141841316147,False,False,-0.01721277047797798,0.010222774379359256,-0.037943074983449177,0.28180774490378924,0.08312109399690493,0.12415190156281335,0.19226116968598017,0.12134502923976608
2025-10-29,37915.0,38095.0,36800.0,37380.0,37135.625,49599,37135.625,-0.03009863861912665,38304.9314453125,-0.030526263882808435,39095.72734375,-0.05013597333835884,37163.34712890625,-0.0007459535011766771,32766.1051171875,0.13335487593612294,41223.72265625,-0.09916857073630148,41223.72265625,-0.09916857073630148,0.37163978494623656,39.83226956230005,18351.4,25097.76,2.7027365759560578,1.9762321418325781,True,True,-0.046428570712107264,-0.02516625829496999,-0.07440883632131767,0.2624906525530566,0.045000885974041616,0.16359333080403538,0.2006543630742089,0.14619883040935672
2025-10-30,37500.0,37570.0,36970.0,37210.0,36966.73828125,24286,36966.73828125,-0.004547835636265707,38258.487109375,-0.03376371952273205,39053.505234375,-0.053433537927044306,37223.33326171875,-0.006893390730610238,32790.047421875,0.12737678618264603,41223.72265625,-0.103265404012575,41223.72265625,-0.103265404012575,0.3521505376344086,36.9948456758684,18751.4,25019.28,1.2951566283050864,0.9706914027901683,False,False,-0.04393626716606136,-0.024511713918163425,-0.0787323664364249,0.2571679343091351,0.046212981596196245,0.16339415706139113,0.20075028439248171,0.1476608187134503
2025-10-31,37410.0,37550.0,37010.0,37245.0,37001.5078125,19072,37001.5078125,0.0009405625940126505,38205.0884765625,-0.03150315081198818,39001.547109375,-0.051281024603104575,37282.73591796875,-0.0075431187798964405,32819.631875,0.12741995258897165,41223.72265625,-0.10242196899483225,41223.72265625,-0.10242196899483225,0.3575268817204301,35.31911191274733,18126.45,24890.4,1.0521641027338502,0.766239192620448,False,False,-0.03472858554369307,-0.02805325008642201,-0.09412622366156431,0.21756210348419125,0.050611291769996125,0.1621923056641116,0.19677604606846152,0.1388888888888889
2025-11-03,37200.0,37250.0,36520.0,37025.0,36782.9453125,36510,36782.9453125,-0.0059068538803211945,38125.3630859375,-0.0352106226611294,38943.727578125,-0.05548473143178845,37341.3741796875,-0.014954695145934505,32851.72119140625,0.11966569721534492,41223.72265625,-0.10772383127016616,41223.72265625,-0.10772383127016616,0.34139784946236557,34.3685052446485,18837.75,25248.1,1.9381295536887366,1.4460494056978546,True,False,-0.0507627973021374,-0.0415480362208116,-0.0879419393706935,0.2049293105955634,0.03887309088562163,0.15893997956126352,0.1956368521359353,0.13304093567251463
2025-11-04,37025.0,37925.0,36805.0,37850.0,37602.5546875,29198,37602.5546875,0.02228232046228973,38078.1736328125,-0.012490592377115695,38911.440078125,-0.03363754690129861,37404.77798828125,0.005287471543895084,32884.762490234374,0.14346438411001583,41223.72265625,-0.0878418477376639,41223.72265625,-0.0878418477376639,0.41397849462365593,48.440553877001044,19728.5,25402.6,1.47999087614365,1.149409902923323,False,False,-0.01790345570311558,-0.024484528769346592,-0.010586832127759793,0.22099704347920945,0.053469440999607265,0.17989101457382775,0.16353254813129553,0.023391812865497075
2025-11-06,37950.0,37950.0,36845.0,37020.0,36777.98046875,28881,36777.98046875,-0.02192867547438493,37991.245703125,-0.03193538963833453,38865.641484375,-0.053714822035403564,37463.61166015625,-0.01830125716724329,32914.45401367187,0.11738084591873577,41223.72265625,-0.10784426783993928,41223.72265625,-0.10784426783993928,0.3400537634408602,37.83541208876234,20402.2,25680.88,1.4155826332454342,1.124610994638813,False,False,-0.009630766447313088,-0.04513797542735798,-0.040186682751969016,0.18255463803966854,0.03729572706561224,0.19435304749717722,0.16855310869970735,0.039473684210526314
2025-11-07,36985.0,37100.0,36610.0,36810.0,36569.3515625,13122,36569.3515625,-0.005672658030455802,37914.7490234375,-0.035484804610095844,38820.43890625,-0.057987168800082256,37519.72193359375,-0.0253298884457569,32943.63952148437,0.1100580292183897,41223.72265625,-0.1129051622183942,41223.72265625,-0.1129051622183942,0.3185483870967742,35.00881742486811,20308.8,25266.68,0.6461238477901206,0.519340095335042,False,False,-0.010749845326536667,-0.04015649079702022,-0.03953038552449517,0.17863240174820372,0.0622980054552853,0.19217622652929056,0.16846028082317543,0.038011695906432746
2025-11-10,37000.0,37495.0,36715.0,37280.0,37036.28125,17223,37036.28125,0.012768333797277709,37855.8865234375,-0.02165066912196234,38776.130546875,-0.04486907982661559,37573.68939453125,-0.014302778172469388,32974.93692382812,0.1231645821052989,41223.72265625,-0.10157843921975673,41223.72265625,-0.10157843921975673,0.36155913978494625,37.48941974514009,20292.5,24958.34,0.8487372181840581,0.6900699325355772,False,False,0.0009397843373359915,-0.030807150281354834,-0.0369412859800341,0.19727472636265575,0.0740103285821252,0.19855437684289373,0.16928670825574002,0.04239766081871345
2025-11-11,37280.0,37365.0,36500.0,36680.0,36440.203125,36836,36440.203125,-0.016094437802121386,37759.272265625,-0.03493364838564017,38725.563359375,-0.05901425405143246,37622.33318359375,-0.0314209661805146,33004.54309570313,0.10409657904775416,41223.72265625,-0.1160380291498192,41223.72265625,-0.1160380291498192,0.3024193548387097,28.997544403043662,21572.25,25018.86,1.7075641159359827,1.4723292747950945,True,False,-0.009317964741217377,-0.05035600355357139,-0.04998705642279444,0.17968726190339201,0.051971878078196365,0.20385786835745753,0.17221189445437432,0.05701754385964912
2025-11-12,36610.0,37345.0,35750.0,37255.0,37011.44140625,53670,37011.44140625,0.015676045473470346,37695.690625,-0.01815192154341916,38671.81703125,-0.04293503001574195,37674.9740625,-0.01761202688950092,33039.58205078125,0.12021518157717814,41223.72265625,-0.10218100109795325,41223.72265625,-0.10218100109795325,0.3588709677419355,35.253979203271015,23537.75,25167.22,2.2801669658314836,2.132535893912796,True,True,-0.01572002982676335,-0.03321658039356701,-0.03634251664266741,0.19288098401898912,0.0603185321455737,0.21383415317708765,0.17544936358134056,0.07163742690058479
2025-11-13,37150.0,37650.0,36945.0,37385.0,37140.59375,24679,37140.59375,0.003489524829157098,37664.644921875,-0.013913609778135383,38604.2615625,-0.03791466934629317,37729.05349609375,-0.015596992014514144,33075.40546875,0.12290668016423356,41223.72265625,-0.0990480394091956,41223.72265625,-0.0990480394091956,0.3736559139784946,38.09155438691749,23155.2,24748.48,1.0658081122166942,0.9971925548558942,False,False,0.009859521284974138,-0.01644304209416292,-0.03110020152480586,0.19383784283314975,0.04465382463600798,0.20966011467895423,0.17561929093208978,0.07309941520467836
2025-11-14,37235.0,37285.0,36655.0,36955.0,36713.40625,23119,36713.40625,-0.011501902820280074,37593.8607421875,-0.023420166878456827,38517.631640625,-0.04684154538520635,37779.69419921875,-0.028223837482538428,33107.09439453125,0.10892867288482,41223.72265625,-0.10941070130565178,41223.72265625,-0.10941070130565178,0.33198924731182794,37.53823733117858,23182.0,24444.08,0.9972823742558882,0.945791373616843,False,False,0.003939219082236045,-0.03712870145999703,-0.060505833308676316,0.16578209378395137,0.05900341386761743,0.2091321077163221,0.17205261284166865,0.054093567251461985
2025-11-17,37000.0,37585.0,36915.0,37450.0,37205.16796875,24671,37205.16796875,0.013394608917553175,37541.2072265625,-0.008951210753146421,38445.10890625,-0.0322522415146137,37842.26064453125,-0.016835481414964493,33144.34923828125,0.12251918724590816,41223.72265625,-0.0974816059434831,41223.72265625,-0.0974816059434831,0.38306451612903225,38.246402396619054,23579.75,24316.6,1.046279116614892,1.0145744059613597,False,False,0.004560034459453188,-0.027525321598932617,-0.06046165455809893,0.16848688827644698,0.08083557029272526,0.21535326730371768,0.17206958992159355,0.05555555555555555
2025-11-18,37450.0,37470.0,36720.0,37045.0,36802.81640625,17257,36802.81640625,-0.010814399839236044,37456.2662109375,-0.01744567386956175,38371.69203125,-0.04088627688667745,37901.53869140625,-0.0289888569987099,33182.78984375,0.10909349634391385,41223.72265625,-0.10724180071907552,41223.72265625,-0.10724180071907552,0.34274193548387094,38.596493332773484,23482.0,24109.92,0.7349033302103739,0.7157634699741849,False,False,0.009950912732460182,-0.04412332714345846,-0.07236757378804004,0.15585040385972082,0.0730747283862172,0.21587091669222092,0.17313136644836472,0.06140350877192982
2025-11-19,37065.0,37185.0,36600.0,36870.0,36628.9609375,18670,36628.9609375,-0.004723971851254172,37339.7828125,-0.019036583007709496,38291.4203125,-0.04341597573118228,37956.5787890625,-0.034977279141529594,33219.90540039063,0.10262086830233064,41223.72265625,-0.11145916532245492,41223.72265625,-0.11145916532245492,0.32526881720430106,45.421919274204825,23422.25,24155.24,0.7971053165259528,0.7729171807028206,False,False,-0.010334114377004822,-0.059798510218522116,-0.0659911107427894,0.18148670923935217,0.12295998252989682,0.20950376617112532,0.17195645116636546,0.05263157894736842
2025-11-20,36970.0,37195.0,36805.0,37050.0,36807.78515625,18123,36807.78515625,0.004882044539978203,37232.9857421875,-0.011419997012372729,38205.883203125,-0.03659378948110914,38008.8983984375,-0.03160084329718105,33265.95900390625,0.1064699848853854,41223.72265625,-0.10712126939196964,41223.72265625,-0.10712126939196964,0.34408602150537637,48.566316830873866,24231.25,24194.28,0.747918493680681,0.7490613483848249,False,False,-0.00896077741756618,-0.05484686738497069,-0.057851187610516,0.20149959317959643,0.13070182691014276,0.21120115228958092,0.17228998272284898,0.05847953216374269
2025-11-21,37140.0,37140.0,36420.0,36500.0,36261.37890625,12455,36261.37890625,-0.014844855447848637,37112.7767578125,-0.02294082862940927,38106.636328125,-0.04842351883241636,38055.31287109375,-0.04714017122708769,33307.18376953125,0.08869543450927209,41223.72265625,-0.12037592508030448,41223.72265625,-0.12037592508030448,0.28091397849462363,43.888444837532035,24266.1,23923.4,0.5132674801472012,0.5206199787655601,False,False,-0.01231232375094593,-0.06217884274633545,-0.06613793260939482,0.17763495118312944,0.09253118533153382,0.21506861392724907,0.17432943581635504,0.06725146198830409
2025-11-24,36500.0,36685.0,36080.0,36200.0,35963.33984375,30421,35963.33984375,-0.008219187231421898,36994.30625,-0.02786824543439037,38011.164609375,-0.0538742968459307,38094.63029296875,-0.055947266919981864,33346.20477539062,0.07848374608107767,41223.72265625,-0.12760572004533566,41223.72265625,-0.12760572004533566,0.25268817204301075,43.31985326657612,25192.0,23942.3,1.2075658939345824,1.2705963921594834,False,False,-0.03337783949915396,-0.06181164034017905,-0.08377622983081445,0.17487442502026962,0.08572529352779479,0.21494156356117697,0.17312457510506515,0.059941520467836254
2025-11-25,36400.0,36400.0,35680.0,35770.0,35536.15234375,14140,35536.15234375,-0.011878415682636922,36833.613671875,-0.03522492633177887,37914.103359375,-0.0627194316870745,38133.2533984375,-0.06810593965197609,33383.285400390625,0.06448936698525731,41223.72265625,-0.13796838194179195,41223.72265625,-0.13796838194179195,0.22311827956989247,32.0069224160157,25415.45,23729.3,0.5563545009039776,0.5958877843004219,False,False,-0.03441758501626224,-0.08293809647801442,-0.0880815184355338,0.15629066708170125,0.05694996283293219,0.21044142587443332,0.17405528672096357,0.06578947368421052
2025-11-26,35925.0,36590.0,35805.0,36485.0,36246.4765625,14212,36246.4765625,0.019988776834330757,36731.5353515625,-0.013205513584442885,37846.547890625,-0.04227786726411986,38177.705546875,-0.05058525536595726,33424.955625,0.08441360309210566,41223.72265625,-0.12073742430428924,41223.72265625,-0.12073742430428924,0.2782258064516129,45.278009715712344,25307.2,23517.34,0.5615793133969779,0.6043200463998054,False,False,-0.010442130085334234,-0.05332125248387043,-0.08696194642425248,0.17715097838937788,0.08418662909033969,0.22496719526021217,0.17469340426940544,0.06871345029239766
2025-11-27,36700.0,36700.0,36050.0,36320.0,36082.5546875,12118,36082.5546875,-0.00452242233027389,36678.8818359375,-0.016258051461460532,37784.456484375,-0.045042378671737326,38201.3073828125,-0.05546283204605096,33465.1017578125,0.07821440223400633,41223.72265625,-0.12471382101078976,41223.72265625,-0.12471382101078976,0.26344086021505375,45.64056603377564,23433.15,23329.64,0.5171306461145855,0.5194250747118259,False,False,-0.0197031814240215,-0.0283574145446589,-0.1094765857536445,0.17033721554373304,0.07271514234434262,0.20055834434398556,0.16860172403740956,0.04093567251461988
2025-11-28,36205.0,36455.0,36070.0,36110.0,35873.9296875,14473,35873.9296875,-0.005781879964066761,36624.24140625,-0.020486751122767544,37708.7546875,-0.04865779883757926,38207.875546875,-0.061085465390809834,33505.46989257813,0.0706887503000373,41223.72265625,-0.12977462063191203,41223.72265625,-0.12977462063191203,0.24327956989247312,39.08580474593379,22942.5,22929.94,0.6308379644764084,0.6311835094204347,False,False,-0.01068490031092606,-0.029561942561329158,-0.12598331000871288,0.15841465014430156,0.04444600630780515,0.2008659642843366,0.16589818836485773,0.029239766081871343
2025-12-01,36280.0,36485.0,36160.0,36335.0,36097.45703125,16521,36097.45703125,0.006230913248065129,36579.0388671875,-0.013165513661691386,37640.404453125,-0.04099178646702606,38215.551796875,-0.055424942622395945,33547.97111328125,0.07599523408911724,41223.72265625,-0.12435232178680489,41223.72265625,-0.12435232178680489,0.2647849462365591,46.53959765423188,22814.95,22664.08,0.7241304495517193,0.7289508332127312,False,False,0.003729275091876927,-0.024432809220401253,-0.11593672287672963,0.16213823044645426,0.05258656265202699,0.20256238860837075,0.16666366574343106,0.033625730994152045
2025-12-02,36360.0,36900.0,36345.0,36660.0,36420.33203125,26398,36420.33203125,0.008944535891281191,36560.908203125,-0.003844985772617826,37576.32609375,-0.03076389265985946,38231.896640625,-0.047383592459549595,33592.62921875,0.08417628742562644,41223.72265625,-0.11652005970090984,41223.72265625,-0.11652005970090984,0.3010752688172043,43.71700184515635,22309.35,22792.52,1.1832706914365503,1.1581869841509407,False,False,0.024881131725998706,-0.009858190478476248,-0.10014730838159891,0.17792269131616023,0.06501492500487749,0.20479291483342124,0.16754269116724632,0.03654970760233918
2025-12-03,36850.0,36850.0,36160.0,36580.0,36340.85546875,22910,36340.85546875,-0.002182203128510918,36497.8232421875,-0.004300743427790521,37512.54578125,-0.031234625325953003,38244.4082421875,-0.04977336193524062,33638.59788085937,0.08033205181326042,41223.72265625,-0.11844799239060722,41223.72265625,-0.11844799239060722,0.2903225806451613,41.40872517974985,21994.95,22617.48,1.0416027315361025,1.012933359507779,False,False,0.0026038091202398306,-0.0335535505296245,-0.1058420728277748,0.1624545263085948,0.06923552650194797,0.18641635416184474,0.16709648807368677,0.03508771929824561
2025-12-04,36580.0,37250.0,36570.0,36845.0,36604.125,38002,36604.125,0.007244450573718364,36489.13046875,0.0031514735970066265,37458.402109375,-0.022806021113249586,38255.6808984375,-0.04317152014159964,33688.201953125,0.08655620893428284,41223.72265625,-0.11206163244331879,41223.72265625,-0.11206163244331879,0.3239247311827957,48.78318025947455,22451.0,22733.5,1.692664023874215,1.671629973387292,True,False,0.014454916427541376,-0.00472716191955469,-0.10905573364742072,0.18480605880297962,0.06803389750145428,0.17255049373463874,0.1660811872936289,0.03216374269005848
2025-12-05,36985.0,37035.0,36595.0,36920.0,36678.6328125,9244,36678.6328125,0.0020355031707492977,36494.59453125,0.0050428915189730805,37409.325078125,-0.019532356280126284,38264.4641015625,-0.04144396965428154,33737.3598828125,0.08718147892733974,41223.72265625,-0.1102542310807273,41223.72265625,-0.1102542310807273,0.3279569892473118,43.536577296096716,22257.1,22316.12,0.4153281424803771,0.41422971376744705,False,False,0.02243141835895357,0.0029883288964867027,-0.1102542310807273,0.18477449080675612,0.0713736808974057,0.17146255335833846,0.16592176773350142,0.03070175438596491
2025-12-08,37000.0,37080.0,36395.0,36595.0,36355.7578125,17000,36355.7578125,-0.008802809026457581,36460.568359375,-0.002874627346505676,37366.308125,-0.027044424863153504,38257.08046875,-0.049698582143587244,33785.09995117188,0.07608850839699688,41223.72265625,-0.11808649316662234,41223.72265625,-0.11808649316662234,0.2916666666666667,44.40297303086587,22245.95,22203.86,0.7641840424886327,0.765632642252293,False,False,0.007155650355823884,-0.018374507767299098,-0.10754783000258994,0.14906106025133448,0.06207794519735077,0.1675509886601674,0.16526745263354845,0.027777777777777776
2025-12-09,36660.0,36885.0,36285.0,36780.0,36539.546875,15770,36539.546875,0.005055294499646257,36465.535546875,0.00202962405501661,37331.63625,-0.021217644190455354,38246.878984375,-0.04463977596897506,33835.45390625,0.07991892103006526,41223.72265625,-0.11362816066636383,41223.72265625,-0.11362816066636383,0.31451612903225806,48.883342732312514,21192.65,21837.08,0.7441259115778347,0.7221661504193784,False,False,0.003273304692766432,0.002726212849561316,-0.09531425613602174,0.1572000978299879,0.05965072544444361,0.15865187910335665,0.16526316825256138,0.02631578947368421
2025-12-10,36850.0,36950.0,36315.0,36400.0,36162.03125,8636,36162.03125,-0.010331699686683682,36423.0650390625,-0.007166716715975241,37296.865,-0.030427054659955988,38231.3830859375,-0.054127046130817646,33884.37752929688,0.0672184023074891,41223.72265625,-0.12278588832109238,41223.72265625,-0.12278588832109238,0.26948924731182794,42.31673388802184,18940.95,21448.3,0.4559433396952106,0.40264263368192355,False,False,-0.004920748739769554,-0.022949934506105496,-0.08737625948756123,0.1390565589097763,0.020031894039419962,0.15167377865418769,0.16232420588300867,0.014619883040935672
2025-12-11,36590.0,36970.0,36215.0,36880.0,36638.89453125,7160,36638.89453125,0.013186849985093119,36397.980078125,0.006618896230172533,37267.7565625,-0.01687415850201135,38218.9895703125,-0.041343192397997774,33935.36030273438,0.07966717324930772,41223.72265625,-0.11121819742557593,41223.72265625,-0.11121819742557593,0.32661290322580644,54.56731405411741,18065.0,20236.1,0.3963465264323277,0.35382311809093653,False,False,0.000949880136460024,-0.013508109809095337,-0.06502723710274738,0.15461186129206794,0.031084034899335977,0.15929452943438496,0.16381296694247724,0.024853801169590642
2025-12-12,36880.0,36950.0,36285.0,36715.0,36474.97265625,11065,36474.97265625,-0.0044739852852325734,36386.0583984375,0.002443635329742788,37239.343515625,-0.020525895120956705,38208.8284765625,-0.045378408327176434,33983.96599609375,0.07329946894493067,41223.72265625,-0.11519459413207633,41223.72265625,-0.11519459413207633,0.31048387096774194,56.397521838263025,17462.3,20131.68,0.6336507791069905,0.5496312279948817,False,False,-0.0055525558242889295,-0.0064944557888849674,-0.0802855671328706,0.15247197376524735,0.03672276960269172,0.1548246418672543,0.16165016489278677,0.01023391812865497
2025-12-15,36870.0,36870.0,36340.0,36400.0,36162.03125,4956,36162.03125,-0.00857962003698387,36333.9015625,-0.0047303015946239535,37201.19453125,-0.02793359983043231,38194.8518359375,-0.05322237129415497,34030.40638671875,0.06263883066977338,41223.72265625,-0.12278588832109238,41223.72265625,-0.12278588832109238,0.26948924731182794,58.05624412342935,16476.55,19599.38,0.30079112435552346,0.25286514165244,False,False,-0.005328634971635604,-0.028037414577086972,-0.0848523383939156,0.16845740065850268,0.026901152272659434,0.14860535084802157,0.16226624435600454,0.013157894736842105
2025-12-16,36400.0,36410.0,35950.0,36230.0,35993.14453125,11179,35993.14453125,-0.00467027744051296,36293.41796875,-0.008273495699924083,37153.508359375,-0.031231608517320653,38184.72421875,-0.0573941473282622,34076.41327148437,0.0562480342193048,41223.72265625,-0.12688272159736602,41223.72265625,-0.12688272159736602,0.2553763440860215,46.21100318179216,16172.65,19377.28,0.6912287101990089,0.5769127555570235,False,False,-0.014953725223227798,-0.02200026938325561,-0.09163846555455313,0.16576942088711255,0.013921072073632468,0.14498782975364322,0.16216151994341227,0.011695906432748537
2025-12-17,36380.0,36380.0,35850.0,35975.0,35739.8125,9258,35739.8125,-0.007038341177166396,36248.960546875,-0.014045866121225825,37097.377734375,-0.03659464138127089,38169.8579296875,-0.06366398937517337,34122.79870117187,0.04738807660500011,41223.72265625,-0.1330280188904428,41223.72265625,-0.1330280188904428,0.23387096774193547,45.00726075912489,15702.05,19334.78,0.5896045420820849,0.47882623955379894,False,False,-0.011675747611661014,-0.024274465197556494,-0.0958783443730794,0.14826886964870356,0.005308049602448461,0.1459902458147507,0.1625439861311908,0.017543859649122806
2025-12-18,36090.0,36090.0,35550.0,35720.0,35486.4765625,10780,35486.4765625,-0.007088339859085746,36182.8951171875,-0.01924717611545379,37036.776484375,-0.04185839236114497,38153.144375,-0.0698937887344181,34167.10317382812,0.03861531315544808,41223.72265625,-0.13917341094085223,41223.72265625,-0.13917341094085223,0.2217741935483871,44.428529380705555,15334.9,19242.24,0.7029716528963346,0.5602258364930486,False,False,-0.03145340446249223,-0.03589753059416667,-0.09729597329807793,0.12384957290925813,-0.0072605346378786795,0.14557206860095068,0.16273517544052435,0.02046783625730994
2025-12-19,35745.0,36295.0,35615.0,35940.0,35705.0390625,40192,35705.0390625,0.006159036375873006,36155.078125,-0.012447464805471209,36988.8915625,-0.03470913687236832,38139.4005859375,-0.06382799640367409,34214.17849609375,0.04357434934690785,41223.72265625,-0.13387154866551831,41223.72265625,-0.13387154866551831,0.2325268817204301,44.349067524983944,16721.75,19746.28,2.4035761807227116,2.0354213553135074,True,True,-0.021108544782365235,-0.015342490013641186,-0.08758568149303703,0.1291940624130412,-0.001950786800600457,0.1395502913265788,0.16339950554407576,0.021929824561403508
2025-12-22,35800.0,36230.0,35800.0,36160.0,35923.6015625,16457,35923.6015625,0.006121334851851401,36153.0912109375,-0.006347718569859717,36943.09296875,-0.02759626561621098,38123.8727734375,-0.05771373816121117,34263.70978515625,0.048444601817835053,41223.72265625,-0.1285696863901844,41223.72265625,-0.1285696863901844,0.24865591397849462,42.6253846412586,16023.55,19724.44,1.0270508095896353,0.8343456138678715,False,False,-0.006593370982167945,-0.001104966374720795,-0.0670795016804645,0.12150514463928386,0.02466806573114666,0.1386323921964564,0.1612779261687771,0.008771929824561403
2025-12-23,36165.0,36500.0,35840.0,36305.0,36067.65234375,11103,36067.65234375,0.0040099203583299214,36179.6662109375,-0.0030960447930733492,36896.99625,-0.02247727431877322,38088.00875,-0.05304442192058678,34313.238212890625,0.05112936645543087,41223.72265625,-0.12507532023477452,41223.72265625,-0.12507532023477452,0.2594086021505376,46.02024813986147,15871.7,19721.68,0.6995469924456738,0.5629844921933629,False,False,0.0020700556583854723,0.014956599545687066,-0.0576249621858671,0.13872048029577844,0.028681886577284876,0.13191469275994155,0.16127666562806042,0.007309941520467836
2025-12-24,36210.0,36470.0,36010.0,36195.0,35958.375,16626,35958.375,-0.0030297880967830038,36165.2611328125,-0.005720576219613971,36850.502265625,-0.024209365158563867,38049.6114453125,-0.054960783195333374,34364.336669921875,0.046386413489929,41223.72265625,-0.1277261566151089,41223.72265625,-0.1277261566151089,0.2513440860215054,40.15151154089954,15992.4,19767.0,1.039618818938996,0.8410988010320231,False,False,0.006115379032836321,-0.007948401881303524,-0.05124507449174198,0.13072164614144755,0.03241829311800326,0.11111217833515431,0.16029719928352132,0.0014619883040935672
2025-12-26,36045.0,36340.0,35755.0,35855.0,35620.59765625,14945,35620.59765625,-0.009393565302937112,36142.16328125,-0.014430946508135034,36807.6840625,-0.03225104856459604,38004.6076171875,-0.06272949809010364,34409.75822265625,0.035188838752040486,41223.72265625,-0.1359199179249888,41223.72265625,-0.1359199179249888,0.22849462365591397,35.063137426613565,16133.75,19419.3,0.9263190516773844,0.7695951965312859,False,False,0.0037794987483128484,-0.012802780602728103,-0.06493668828755106,0.056289830783927686,0.05103691497293772,0.11480725092879156,0.1607580479374151,0.0043859649122807015
2025-12-29,36000.0,36030.0,35540.0,35630.0,35397.06640625,13152,35397.06640625,-0.006275336875510851,36118.3201171875,-0.019969193157305165,36753.04359375,-0.03689428289227703,37957.3187890625,-0.06745082277914327,34454.07876953125,0.027369405028256466,41223.72265625,-0.1413423115274285,41223.72265625,-0.1413423115274285,0.2157258064516129,36.07503509255697,16067.7,19230.68,0.8185365671502455,0.6839071733292842,False,False,-0.008625467562461075,-0.013292752854342615,-0.06593263981660147,0.00510982043198327,0.046011272472019416,0.11511450780754946,0.16088942945207924,0.005847953216374269
2025-12-30,35630.0,35750.0,34990.0,35525.0,35292.75390625,88747,35292.75390625,-0.002946925002281553,36078.0849609375,-0.02176753714998436,36693.73390625,-0.038180360809816016,37901.7842578125,-0.06883661027184262,34498.057373046875,0.02303597923238465,41223.72265625,-0.14387271133798962,41223.72265625,-0.14387271133798962,0.20967741935483872,31.46237346017807,19679.0,20671.3,4.50973118552772,4.293247159104652,True,True,-0.017560813192754376,-0.022292515627994502,-0.07293838865963309,-0.0010494848933106926,0.04656034583614721,0.11242321008507543,0.16049514901702225,0.0029239766081871343
2025-12-31,35700.0,36310.0,35700.0,36040.0,35804.38671875,13573,35804.38671875,0.01449682316826495,36047.2876953125,-0.006738398145669344,36639.78890625,-0.022800409402945587,37856.53203125,-0.05420848668351297,34545.741171875,0.036434174059629454,41223.72265625,-0.1314615854247303,41223.72265625,-0.1314615854247303,0.24059139784946237,44.88639219685689,19037.75,20558.52,0.712951898202256,0.660212894702537,False,False,-0.007299217107087919,-0.01691212787328511,-0.06704630445040771,0.029280271464565022,0.06841329501498139,0.12044583156967698,0.16260429408899527,0.019005847953216373
2026-01-01,36040.0,36270.0,35755.0,36140.0,35903.734375,6055,35903.734375,0.002774734197527051,36025.431640625,-0.003378093199243315,36578.691015625,-0.018452181362550335,37835.5203125,-0.05105746984697279,34593.02387695313,0.03788944564976604,41223.72265625,-0.1290516221839424,41223.72265625,-0.1290516221839424,0.2446236559139785,38.21659560347364,18195.0,20282.32,0.33278373179444903,0.29853586769166446,False,False,-0.0015195521210288332,-0.012028365543730435,-0.06855668055417063,0.02319880680782127,0.07453495224753359,0.12098910001577817,0.16240318319141198,0.01608187134502924
2026-01-02,36170.0,39600.0,36150.0,39420.0,39162.2890625,185984,39162.2890625,0.09075809924019906,36153.33984375,0.08322742053028254,36583.062265625,0.07050330500348934,37843.9647265625,0.03483578809627663,34657.45920898437,0.12998153806808288,41223.72265625,-0.05000600287702217,41223.72265625,-0.05000600287702217,0.5591397849462365,71.6227131947164,25594.1,23963.14,7.266674741444318,7.761253324898156,True,True,0.09942818591727298,0.06988731632022338,0.016765525037235385,0.103882636524953,0.18217845995946735,0.3461865305483491,0.2486813289642107,0.4678362573099415
2026-01-05,39010.0,39550.0,38760.0,39170.0,38913.92578125,47881,38913.92578125,-0.006341898984853267,36265.1044921875,0.07304049791537559,36588.029609375,0.0635698668856175,37852.3594921875,0.028044917233801536,34722.7539453125,0.12070390046073243,41223.72265625,-0.05603076884299307,41223.72265625,-0.05603076884299307,0.5416666666666666,72.37484588182907,27525.95,24685.6,1.7394858306434473,1.9396328223741777,True,False,0.09935454352734263,0.06094264691316997,0.021382044877195305,0.08697167884358548,0.16426420919804685,0.3479607595414806,0.24798464304185613,0.45614035087719296
2026-01-06,38710.0,39375.0,38695.0,38960.0,38705.296875,31988,38705.296875,-0.005361291672877799,36382.5814453125,0.06384141359454731,36595.480546875,0.057652373916023514,37854.8431640625,0.02246617975014842,34787.16481445313,0.11263154331332559,41223.72265625,-0.06109166322144799,41223.72265625,-0.06109166322144799,0.5134408602150538,71.91011661437733,28275.35,25087.3,1.1313034144581766,1.2750674644142654,False,False,0.09669245357885403,0.06462632616867547,0.012868887247890815,0.043434801357821184,0.16032419803004205,0.3466007112956953,0.24821212675023685,0.46345029239766083
2026-01-07,38700.0,39265.0,38105.0,39145.0,38889.0859375,39290,38889.0859375,0.004748421465246899,36500.0583984375,0.06545270456785834,36598.2621875,0.06259378487054024,37860.1581640625,0.027177059561630967,34852.49462890625,0.11581929361365861,41223.72265625,-0.05663333072118948,41223.72265625,-0.05663333072118948,0.5403225806451613,75.73050777135927,29451.35,25679.68,1.3340644826128514,1.5300034891400516,False,False,0.08615422582101107,0.06430126434073347,0.013462709336533374,0.0353940737255547,0.15242113514733013,0.3465824155893462,0.24825385635005873,0.4649122807017544
2026-01-08,39025.0,39200.0,38405.0,38660.0,38407.2578125,27794,38407.2578125,-0.012389803292737755,36612.3197265625,0.049025521992130505,36600.646484375,0.0493600933769367,37860.1581640625,0.014450537846849576,34909.47822265625,0.10019569950414464,41223.72265625,-0.06832145818647917,41223.72265625,-0.06832145818647917,0.4838709677419355,73.00473065771402,30409.25,25908.02,0.9139982077821716,1.072795219395384,False,False,0.06972877560177193,0.062087954821398395,0.003243825013644841,0.018446216274306204,0.143960883893693,0.3477339876956394,0.24956844376256535,0.47953216374269003
2026-01-09,38500.0,38895.0,37665.0,37995.0,37746.60546875,33463,37746.60546875,-0.017201236989509483,36667.7052734375,0.029423717335648636,36612.86609375,0.03096560023727646,37854.29671875,-0.0028448884098978278,34962.832412109376,0.07962092498193774,41223.72265625,-0.08434748158225414,41223.72265625,-0.08434748158225414,0.42876344086021506,65.03294274526138,31724.4,25585.3,1.0548032429297323,1.3078994578918364,False,False,-0.036149153372793896,0.030233197580653348,-0.0003946437685696802,-0.003475362208540056,0.1505654578094211,0.35288924924876425,0.2505189272048808,0.49415204678362573
2026-01-12,38200.0,38205.0,36870.0,37660.0,37413.796875,30844,37413.796875,-0.008816914517665086,36714.646484375,0.019042819625746388,36621.807265625,0.02162617490804175,37837.65625,-0.011202051527702594,35015.46154296875,0.06849360900435841,41223.72265625,-0.09242071156502818,41223.72265625,-0.09242071156502818,0.39919354838709675,60.791393362397784,32713.35,25716.46,0.9428566624940583,1.1993874740146973,False,False,-0.03854992463836204,0.02573886011095161,-0.01875977034021048,-0.0020614277332827724,0.15811571856403273,0.3542334361026085,0.2503603711026812,0.49122807017543857
2026-01-13,37745.0,38015.0,37300.0,37905.0,37657.1953125,28392,37657.1953125,0.006505579701338471,36789.4046875,0.023588058365479725,36634.921015625,0.0279043674323467,37818.2340625,-0.004258230295308363,35065.168701171875,0.07392026638792415,41223.72265625,-0.08651638216883051,41223.72265625,-0.08651638216883051,0.4220430107526882,61.347552341077716,33885.15,25902.86,0.8378891638372561,1.096095180223342,False,False,-0.027079021403320525,0.041346241093688674,-0.0157101580143737,0.002595867703100163,0.16370631156005766,0.35258547340224916,0.2506324755063723,0.4956140350877193
2026-01-14,37900.0,38255.0,36930.0,37455.0,37210.13671875,22519,37210.13671875,-0.011871797409235163,36850.254296875,0.009766077025566755,36643.46484375,0.015464473062695383,37793.5962109375,-0.015438051698786204,35116.701865234376,0.05961365226009829,41223.72265625,-0.09736107461637733,41223.72265625,-0.09736107461637733,0.3850806451612903,58.52503177755868,34452.15,25623.04,0.6536311957308905,0.8788574657807973,False,False,-0.04317276115587543,0.03381177730785323,-0.03354402851583316,0.005518861431747846,0.15637441747568692,0.35537606596465776,0.2513950626326629,0.5160818713450293
2026-01-15,37455.0,37455.0,37455.0,37455.0,37210.13671875,0,37210.13671875,0.0,36923.7705078125,0.0077556058603740485,36635.616484375,0.015682013556944874,37773.52828125,-0.014914983803079318,35165.17716796875,0.05815297164616484,41223.72265625,-0.09736107461637733,41223.72265625,-0.09736107461637733,0.3850806451612903,61.34751812604573,33989.25,25039.08,0.0,0.0,False,False,-0.03116913734362947,0.04113967354333492,-0.044880742382068184,-0.0004379867342695354,0.19705951320877912,0.3539056695679275,0.25008436177111965,0.4868421052631579
2026-01-16,37420.0,37520.0,36730.0,36835.0,36594.1875,34171,36594.1875,-0.016553264058275396,36979.1560546875,-0.010410420241018459,36631.940625,-0.001030606742527751,37748.7910546875,-0.03058650416154518,35209.18359375,0.039336439101526066,41223.72265625,-0.11230269509753044,41223.72265625,-0.11230269509753044,0.3225806451612903,58.092675891054405,35158.8,25144.88,0.9719046156296574,1.358964528762913,False,False,-0.030530373643904873,0.03121501610758859,-0.06033164439795646,-0.015168929413749699,0.20514041300265085,0.35877676870336384,0.2521982413102687,0.5219298245614035
2026-01-19,36540.0,36875.0,36325.0,36510.0,36271.3125,19572,36271.3125,-0.008823122524581284,37007.4697265625,-0.01989212534663276,36625.97984375,-0.009683490933568017,37723.209375,-0.03848815885644663,35251.56120117188,0.028927833664122105,41223.72265625,-0.12013495718342548,41223.72265625,-0.12013495718342548,0.28293010752688175,56.42529974438433,34127.8,25273.88,0.5734914058333674,0.7743963332895464,False,False,-0.03053644565444813,0.015859762441619685,-0.06192193209739405,-0.021793909209445017,0.1702577068272204,0.36028402139144927,0.2523988616029796,0.5263157894736842
2026-01-20,36350.0,36380.0,35425.0,35575.0,35342.42578125,40077,35342.42578125,-0.025609404643132216,36978.4109375,-0.04424162950147048,36592.102734375,-0.0341515480046749,37684.116640625,-0.062139996054745295,35291.6190625,0.0014396256136626207,41223.72265625,-0.142667777096262,41223.72265625,-0.142667777096262,0.21169354838709678,47.124297500082676,35308.8,25730.96,1.1350428221859705,1.5575400218258473,False,False,-0.061469514976906225,-0.016178104532165838,-0.07800964498372798,-0.056941382041231337,0.14600510173772951,0.37174908990025973,0.25696739428243787,0.5804093567251462
2026-01-21,35510.0,35655.0,34610.0,35130.0,34900.3359375,34584,34900.3359375,-0.012508757788338931,36920.0451171875,-0.05470494885032684,36561.305390625,-0.045429708687340864,37643.434375,-0.07287056781731271,35328.78036132813,-0.012127348282227057,41223.72265625,-0.15339193821670305,41223.72265625,-0.15339193821670305,0.1922043010752688,44.00947774455799,36482.85,25685.92,0.9479522570193941,1.3464185826320414,False,False,-0.06207450401777492,-0.032364635078675374,-0.09934626014654635,-0.11987976481755591,0.13562579822499177,0.3736715328035546,0.2567297920877849,0.5760233918128655
2026-01-22,35305.0,36010.0,35305.0,35710.0,35476.54296875,21264,35476.54296875,0.016510071200514398,36895.953515625,-0.03847062920528388,36530.607421875,-0.02885428213530916,37601.2122265625,-0.056505339376042185,35368.87267578125,0.0030442104829222494,41223.72265625,-0.13941437883773122,41223.72265625,-0.13941437883773122,0.22043010752688172,17.62649687193138,36714.75,25037.8,0.5791677731701836,0.8492758948469914,False,False,-0.04658928729833045,-0.013399716512495385,-0.07343023518581748,-0.10858714124955893,0.15270405201970183,0.3789356910158121,0.25846222325206614,0.6023391812865497
2026-01-23,35865.0,35865.0,35140.0,35265.0,35034.453125,26686,35034.453125,-0.01246146909351964,36866.6462890625,-0.049697852896537165,36488.484609375,-0.03984905100721603,37546.3730859375,-0.06690180047985261,35410.30665039062,-0.010614240907356742,41223.72265625,-0.15013853995817217,41223.72265625,-0.15013853995817217,0.1975806451612903,17.046379845017825,37301.8,25077.94,0.71540783554681,1.0641224917198144,False,False,-0.04262246224212518,-0.016455213270324065,-0.05658102899843476,-0.12677973679411614,0.14795664991137691,0.38005463886265445,0.25248122632408043,0.5292397660818714
2026-01-27,35395.0,35840.0,34930.0,35310.0,35079.16015625,18829,35079.16015625,0.001276087601267406,36850.7509765625,-0.0480747548791951,36455.7996875,-0.03776187994916003,37486.7156640625,-0.06422423157546875,35455.39887695313,-0.010611605922382972,41223.72265625,-0.14905404228621777,41223.72265625,-0.14905404228621777,0.1989247311827957,18.315961496847265,37585.65,24992.14,0.5009624683888665,0.7533968679752915,False,False,-0.0328676373028961,-0.008981146808930696,-0.051061527545085084,-0.1257736990840267,0.1691630751440465,0.3794955349959099,0.2523989814514095,0.5277777777777778
2026-01-28,35500.0,36285.0,35035.0,36185.0,35948.4375,15229,35948.4375,0.02478044912928512,36883.53515625,-0.02535271232241265,36430.665078125,-0.013236859033203707,37437.8869921875,-0.03978455014029825,35505.19009765625,0.012484017157058158,41223.72265625,-0.12796721926932053,41223.72265625,-0.12796721926932053,0.25,27.05425005059729,33909.75,24803.3,0.4491038713054505,0.6139908802457738,False,False,0.017146862597968715,0.018578419680473912,-0.028460199996072744,-0.11990757250735395,0.19924423687614778,0.3894569185009082,0.2577539621120383,0.5906432748538012
2026-01-29,35960.0,36335.0,35750.0,36015.0,35779.55078125,16931,35779.55078125,-0.004698026687529833,36882.293359375,-0.029898969876413495,36410.199765625,-0.017320668066490574,37390.9458984375,-0.043095863944293544,35555.771796875,0.0062937456583256335,41223.72265625,-0.13206405254559417,41223.72265625,-0.13206405254559417,0.23655913978494625,28.44334806776429,34077.65,24796.78,0.4968359027104275,0.68279026551028,False,False,0.02519215990712831,-0.0006936562744417341,-0.027278797897378082,-0.11282178687727495,0.17790351251819825,0.3867124000185202,0.25765464518968634,0.5847953216374269
2026-01-30,35900.0,36750.0,35555.0,36530.0,36291.18359375,24729,36291.18359375,0.014299587371234379,36901.6658203125,-0.01654348693999763,36403.44421875,-0.003083791311762285,37347.432265625,-0.02828169455834806,35608.04642578125,0.019184910056569082,41223.72265625,-0.11965292663233484,41223.72265625,-0.11965292663233484,0.2849462365591398,37.761063028285136,35011.35,24917.96,0.7063138096645802,0.9924167146909297,False,False,0.02296279616978425,0.010791334815015263,-0.03487452128314916,-0.04509214270854833,0.21969955658832285,0.3898669208738631,0.2551690298548652,0.564327485380117
2026-02-02,36000.0,36720.0,35670.0,36605.0,36365.69140625,11666,36365.69140625,0.0020530554565001413,36761.8359375,-0.010775972449349358,36394.60234375,-0.0007943743203162601,37300.2427734375,-0.025054833365669715,35657.112333984376,0.01987202624903217,41223.72265625,-0.11784552526974335,41223.72265625,-0.11784552526974335,0.29301075268817206,40.78599357013002,26295.45,24788.82,0.44365089777889327,0.47061538225700134,False,False,0.03799797520744086,-0.07141047480107321,-0.011210214841739896,-0.0509463962462825,0.24904935517689863,0.1987353703121102,0.2512575423441456,0.5102339181286549
2026-02-03,37995.0,37995.0,37235.0,37740.0,37493.2734375,28817,37493.2734375,0.03100675355387872,36690.8033203125,0.021871151475804318,36419.240234375,0.029490818485313985,37262.93828125,0.006181347120602698,35710.44393554688,0.04992459643377489,41223.72265625,-0.09049277887533091,41223.72265625,-0.09049277887533091,0.4025537634408602,48.752829345303766,25342.25,25116.06,1.1371129240694886,1.1473535259909395,False,False,0.06881901591990891,-0.036507556491113924,0.02526492364571853,-0.015264194050738755,0.2837590393352145,0.2331914970152352,0.25889190691561936,0.6052631578947368
2026-02-04,37700.0,38620.0,36320.0,36710.0,36470.0078125,33811,36470.0078125,-0.02729197883203638,36579.0388671875,-0.0029806976362438675,36429.37359375,0.0011154245802615925,37220.2691015625,-0.020157331130929546,35757.99759765625,0.01991191517084334,41223.72265625,-0.11531503070184956,41223.72265625,-0.11531503070184956,0.30913978494623656,44.8227941003685,25433.4,25183.86,1.329393631995722,1.3425662309113853,False,False,0.014508845134089565,-0.05775150284259378,-0.015289694817834931,-0.05166615980905587,0.32151765179394864,0.25007157849046985,0.2637832139253415,0.6666666666666666
2026-02-05,36710.0,36745.0,36070.0,36275.0,36037.8515625,16466,36037.8515625,-0.01184963414929352,36436.4771484375,-0.010940288884503047,36439.407578125,-0.01101982832086601,37176.75546875,-0.030634838675132392,35801.94474609375,0.006589217934368952,41223.72265625,-0.12579822392541162,41223.72265625,-0.12579822392541162,0.2567204301075269,42.26736387205626,24292.2,25230.38,0.677830744024831,0.6526259216072052,False,False,0.007219229297461105,-0.07331708386209734,-0.011041419311517586,-0.06047654768419952,0.2863115318092553,0.2503209069055802,0.26282731023271044,0.6593567251461988
2026-02-06,36275.0,36460.0,35775.0,36340.0,36102.42578125,18833,36102.42578125,0.0017918442956570413,36321.235546875,-0.006024293015655102,36436.5265625,-0.009169391617966594,37141.5372265625,-0.027977071572830803,35845.13658203125,0.007177799382349859,41223.72265625,-0.12423179045969912,41223.72265625,-0.12423179045969912,0.2661290322580645,46.5017781351894,23844.15,25322.8,0.7898373395570821,0.7437171244886032,False,False,-0.005201202986736098,-0.06001032519691818,-0.024560395122749767,-0.06001032519691818,0.2820855851428672,0.2488352230217589,0.2608105957973777,0.6359649122807017
2026-02-09,36630.0,36680.0,35525.0,35630.0,35397.06640625,31240,35397.06640625,-0.01953772799849729,36203.75859375,-0.02228200106381384,36422.816796875,-0.028162302667184336,37103.636640625,-0.04599468917034588,35882.86581054688,-0.013538478416461608,41223.72265625,-0.1413423115274285,41223.72265625,-0.1413423115274285,0.2157258064516129,44.10187674625633,23733.0,25705.24,1.3163106223402015,1.215316410194964,False,False,-0.026635682219794843,-0.06224504252296692,-0.046943981442138405,-0.07658421568371687,0.25878492127844277,0.2507380944836494,0.26364113136295647,0.6652046783625731
2026-02-10,35650.0,35925.0,35200.0,35575.0,35342.42578125,19847,35342.42578125,-0.0015436484021837948,36100.1900390625,-0.020990589162897977,36412.18671875,-0.029379200589157217,37060.470703125,-0.04635788184228684,35920.2483203125,-0.016086262375189397,41223.72265625,-0.142667777096262,41223.72265625,-0.142667777096262,0.21169354838709678,50.0,23183.15,25812.72,0.8560959144896185,0.768884487957875,False,False,-0.05736622756706988,-0.05536383010445256,-0.03734277499108385,-0.0955891525808662,0.26618942542472923,0.2498623895170426,0.2626816579406075,0.6564327485380117
2026-02-11,35580.0,36645.0,35440.0,36570.0,36330.921875,24918,36330.921875,0.027969107153771544,36033.8763671875,0.008243506881846052,36416.856015625,-0.002359735299173882,37028.630234375,-0.01884240262085879,35964.70516601563,0.010182669572679437,41223.72265625,-0.11868896028748621,41223.72265625,-0.11868896028748621,0.28830645161290325,60.09818313769132,23009.45,25980.66,1.0829463546499374,0.9590980367704285,False,False,-0.0038137073678478073,-0.03521965527421411,-0.023497974649229203,-0.0825389027812714,0.29506637191554264,0.27109400163540226,0.2676268151969058,0.7383040935672515
2026-02-12,36570.0,36750.0,36310.0,36495.0,36256.41015625,9373,36256.41015625,-0.0020509173702325523,35986.1900390625,0.007508994892045484,36413.577578125,-0.0043161763366369454,36994.9518359375,-0.01996330966891724,36007.22120117187,0.006920527237742391,41223.72265625,-0.12049645640741025,41223.72265625,-0.12049645640741025,0.27956989247311825,55.92452306114504,22352.15,25640.16,0.4193332632431332,0.3655593412833617,False,False,0.006064695431994727,-0.025630826613421753,-0.014846859652491329,-0.08614000222910911,0.3041732136038593,0.26841224121187396,0.2667519260260968,0.7236842105263158
2026-02-13,36415.0,36420.0,35600.0,35695.0,35461.640625,13848,35461.640625,-0.02192080042742439,35898.765234375,-0.012176591771920653,36395.99328125,-0.0256718548393442,36954.26953125,-0.04039124369615188,36041.59770507812,-0.016091325496272568,41223.72265625,-0.13977587806171599,41223.72265625,-0.13977587806171599,0.21841397849462366,53.08021978393396,23044.55,25458.92,0.600922994807883,0.5439350922977094,False,False,-0.017749088666025203,-0.046989778805863414,-0.031868780402802055,-0.0957568349287925,0.2849718109413364,0.2782516766343374,0.2703253796276454,0.7690058479532164
2026-02-16,35695.0,35805.0,35275.0,35485.0,35253.015625,9980,35253.015625,-0.005883117541181204,35831.706640625,-0.016150249873080225,36368.97109375,-0.030684273851832367,36913.6866015625,-0.044987947004247575,36073.50985351563,-0.022745062286631534,41223.72265625,-0.14483667768283826,41223.72265625,-0.14483667768283826,0.20698924731182797,51.22463006855198,21835.0,24898.48,0.457064346233112,0.40082768104719646,False,False,-0.00406956835339789,-0.03664986071900078,-0.0422402359894779,-0.09764777578305406,0.282454302973806,0.27351860923585675,0.27032704520382755,0.77046783625731
2026-02-17,35485.0,35655.0,35220.0,35370.0,35138.765625,12706,35138.765625,-0.003240857497563421,35775.079296875,-0.017786506260255464,36338.17375,-0.03300683554577377,36873.7494140625,-0.047052003569803214,36104.89975585938,-0.02675908636756663,41223.72265625,-0.14760814014761103,41223.72265625,-0.14760814014761103,0.2049731182795699,43.617854587240146,21491.7,24967.72,0.5912049768049992,0.5088970879199222,False,False,-0.005762483806588281,-0.031224314670168063,-0.030958924208381533,-0.09504929757482306,0.2943826704703041,0.27231220468688905,0.2687532037592616,0.7573099415204678
2026-02-18,35430.0,35775.0,35205.0,35695.0,35461.640625,10776,35461.640625,0.009188569782038192,35781.0400390625,-0.008926498886388079,36320.29140625,-0.02364107632413548,36843.299765625,-0.03750096081008725,36133.3953125,-0.018590964997623916,41223.72265625,-0.13977587806171599,41223.72265625,-0.13977587806171599,0.21841397849462366,47.5535007319808,20026.65,24843.24,0.5380830043966415,0.43375984774932735,False,False,-0.023926760047290996,0.0033731369908753805,-0.013950295521209521,-0.09655782218823128,0.3289820452639851,0.25904913156743553,0.2689541680539904,0.7587719298245614
2026-02-19,35800.0,35960.0,34890.0,35015.0,34786.0859375,10448,34786.0859375,-0.019050294221969577,35775.3275390625,-0.027651503692939228,36285.2221875,-0.04131533885209182,36808.42921875,-0.05494239564615355,36160.7184375,-0.03801452403043115,41223.72265625,-0.15616340068147583,41223.72265625,-0.15616340068147583,0.18951612903225806,38.70244930535478,18819.85,24736.8,0.555158516141202,0.42236667636881087,False,False,-0.04055349695167054,-0.0032736074576645846,-0.021107136163601048,-0.1073295059960192,0.2957136812649901,0.2643241828902716,0.2706920140230867,0.7748538011695907
2026-02-20,35055.0,35665.0,34730.0,35215.0,34984.78125,25449,34984.78125,0.005711919209795413,35750.739453125,-0.021424961129245967,36261.6771875,-0.03521337225792098,36779.27109375,-0.04879079411812881,36186.29060546875,-0.03320344073308157,41223.72265625,-0.1513434741998999,41223.72265625,-0.1513434741998999,0.19489247311827956,39.82433446110679,19029.1,25073.06,1.3373727606665582,1.0149937821709836,False,False,-0.013447188753692885,-0.013861601993835015,-0.03480877128358817,-0.11874367920438311,0.30502518475560025,0.258065917991387,0.2677051590521864,0.7412280701754386
2026-02-23,35165.0,35630.0,35140.0,35340.0,35108.9609375,9208,35108.9609375,0.003549534485084216,35754.46484375,-0.01805379856951872,36231.078515625,-0.030971133736498513,36749.4175390625,-0.04463898236805497,36214.7625390625,-0.030534553426099342,41223.72265625,-0.14833113859558078,41223.72265625,-0.14833113859558078,0.20295698924731181,29.3814265832534,18155.2,25114.02,0.5071825152022561,0.36664779274684023,False,False,-0.004086308219199308,0.002126701171391465,-0.026982395188810737,-0.13350504044172873,0.3264303439129994,0.25451656242011367,0.2676923693849164,0.7397660818713451
2026-02-24,35320.0,35490.0,34855.0,35330.0,35099.02734375,11570,35099.02734375,-0.00028293613609597923,35755.458203125,-0.018358899378266957,36203.559609375,-0.030508941041780258,36721.4515625,-0.04418191955153594,36243.23380859375,-0.031570208963319524,41223.72265625,-0.14857210649245978,41223.72265625,-0.14857210649245978,0.20161290322580644,35.62498003304479,17792.25,25124.12,0.6502831288903876,0.46051364187083965,False,False,-0.0011308957654940777,0.0005663529973780612,-0.021600709777273353,-0.1448626908697077,0.3306524362761225,0.25449157454908045,0.2674502444758883,0.7324561403508771
2026-02-25,35430.0,37455.0,35430.0,36570.0,36330.921875,62472,36330.921875,0.03509768288406323,35774.582421875,0.015551249391657862,36206.937421875,0.0034243286495170278,36704.0659765625,-0.01016628789302998,36272.9392578125,0.0015985089263206298,41223.72265625,-0.11868896028748621,41223.72265625,-0.11868896028748621,0.28830645161290325,52.63156787092249,20154.4,26274.44,3.0996705434049137,2.3776719884419992,True,True,0.02451328349955606,0.010639805276654979,0.00646762578172444,-0.11021893243293146,0.37396773847104536,0.26990364464596184,0.2768071813242644,0.814327485380117
2026-02-26,36590.0,36825.0,36200.0,36740.0,36499.80859375,16218,36499.80859375,0.004648566841520596,35810.5953125,0.019246071595169,36217.070703125,0.007806757563101563,36685.28953125,-0.005056003097426709,36302.803017578124,0.00542673181672737,41223.72265625,-0.11459212701121257,41223.72265625,-0.11459212701121257,0.3118279569892473,53.50260707173372,20118.75,26375.22,0.8061136999068034,0.6148953449487814,False,False,0.04926460135035127,0.020130431958286232,0.0021822031285108068,-0.09818364702275029,0.364283287960407,0.26947878382009194,0.27637070054317747,0.8055555555555556
2026-02-27,36795.0,36835.0,35960.0,36425.0,36186.87109375,32321,36186.87109375,-0.00857367509739726,35805.3796875,0.010654583461467526,36226.011875,-0.0010804606751925183,36661.6948046875,-0.012951493744822407,36329.75438476563,-0.0039329550511781886,41223.72265625,-0.12218332644289598,41223.72265625,-0.12218332644289598,0.2728494623655914,57.47885694332654,20498.35,26836.48,1.5767610563777086,1.204368084040828,True,False,0.03436036473002102,-0.002874320693634358,-0.004237224826267871,-0.10963082099539312,0.34654067920087583,0.26687518302443575,0.27691403147698396,0.8157894736842105
2026-03-02,35855.0,36175.0,35000.0,35370.0,35138.765625,20579,35138.765625,-0.0289636942092798,35744.0333984375,-0.016933393237707817,36219.05765625,-0.02982661894472516,36627.9170703125,-0.040656186985840836,36349.94596679688,-0.0333200039115108,41223.72265625,-0.14760814014761103,41223.72265625,-0.14760814014761103,0.2049731182795699,48.37687748549099,20944.0,27032.46,0.9825725744843392,0.761269969510729,False,False,0.000848919669057091,-0.03373855229490108,-0.04003262951921405,-0.14472257538458144,0.31155085316917175,0.285738167011247,0.28278984723958384,0.8801169590643275
2026-03-04,34900.0,34900.0,33300.0,33390.0,33171.7109375,50693,33171.7109375,-0.05597961830794962,35527.9552734375,-0.06632085403741628,36168.39109375,-0.08285356538206179,36578.641328125,-0.09313988346542112,36360.66984375,-0.08770352471375464,41223.72265625,-0.19532471111095107,41223.72265625,-0.19532471111095107,0.1303763440860215,28.21916834268565,22037.8,27242.48,2.300274982076251,1.8608070924526696,True,True,-0.054910820957356,-0.1152623418492359,-0.09561212090230498,-0.19532471111095107,0.2535258171207202,0.3191198313392002,0.3046891522791118,0.8888888888888888
2026-03-05,33450.0,33715.0,33005.0,33230.0,33012.7578125,22632,33012.7578125,-0.0047918277504434,35355.0927734375,-0.0662516988980244,36110.17421875,-0.08577683362828203,36526.63359375,-0.09620037313953977,36371.06453125,-0.09233457315676152,41223.72265625,-0.1991805764903457,41223.72265625,-0.1991805764903457,0.125,27.89438179873379,21478.85,27365.98,1.0536876974325908,0.8270122246672694,False,False,-0.0913316781202651,-0.09479707319434783,-0.09195242242621038,-0.18961096893338003,0.2398886820109125,0.3089577639265314,0.30438902843444354,0.8874269005847953
2026-03-06,33305.0,33610.0,32920.0,33335.0,33117.0703125,17779,33117.0703125,0.0031597632828028743,35209.0537109375,-0.05941606427745705,36051.162578125,-0.08138689728151338,36474.0794140625,-0.09203821331452744,36382.20130859375,-0.08974528419539318,41223.72265625,-0.19665017667978457,41223.72265625,-0.19665017667978457,0.12903225806451613,32.36172611232119,21544.5,27499.5,0.8252222144862958,0.6465208458335606,False,False,-0.09267824713549977,-0.08104759643994108,-0.09366499738511058,-0.1800516439693881,0.2596843779640037,0.30899990427151064,0.3042413174323842,0.8859649122807017
2026-03-09,32850.0,32850.0,31470.0,31600.0,31393.4140625,23866,31393.4140625,-0.05204736511216723,34973.603125,-0.10236832189420009,35959.863359375,-0.12698739289520944,36405.1828125,-0.13766635305232344,36384.03370117187,-0.1371651004850276,41223.72265625,-0.23846241824692682,41223.72265625,-0.23846241824692682,0.10215053763440861,26.354216025539785,21796.15,27644.3,1.094964018874893,0.8633244466309511,False,False,-0.132463981725071,-0.13043477320007824,-0.13186806776790228,-0.20772218874805204,0.20663409624589368,0.3516849001355584,0.32098740328016,0.8918128654970761
2026-03-10,31940.0,32270.0,31650.0,32080.0,31870.275390625,17509,31870.275390625,0.015189852469554177,34797.26357421875,-0.08411547009582532,35884.8569140625,-0.11187397327657367,36346.27048828125,-0.12314867626100445,36387.833828125,-0.12415024370063699,41223.72265625,-0.22689477473007658,41223.72265625,-0.22689477473007658,0.10887096774193548,30.827496306914597,21109.6,27695.58,0.8294330541554554,0.6321947400993226,False,False,-0.0930166491690756,-0.09963512159872889,-0.13015182913222878,-0.18671565238263843,0.21819111070930064,0.35647835278745893,0.3214222757193528,0.8932748538011696
2026-03-11,32175.0,32430.0,31620.0,31715.0,31507.662109375,18909,31507.662109375,-0.011377789391699644,34605.525390625,-0.08951932520259454,35807.068828125,-0.12007145123738772,36280.0562109375,-0.13154318377609753,36387.90958007812,-0.13411728035553294,41223.72265625,-0.23569100316082037,41223.72265625,-0.23569100316082037,0.10349462365591398,26.914144400961277,21062.7,27810.72,0.8977481519463316,0.6799176720343809,False,False,-0.050164696999208,-0.10850312583550603,-0.13618407870208094,-0.20553602984188757,0.2241365023433386,0.35692598572899964,0.32194899546491534,0.8947368421052632
2026-03-12,31620.0,31620.0,30815.0,31305.0,31100.341796875,27041,31100.341796875,-0.012927659027383132,34343.99638671875,-0.0944460438825957,35723.2205859375,-0.12940823120752742,36208.47724609375,-0.14107567723715386,36384.208955078124,-0.1452241868093619,41223.72265625,-0.24557172926351856,41223.72265625,-0.24557172926351856,0.09811827956989247,27.784421296901257,21168.85,26576.6,1.2773957961816538,1.0174740184974753,False,False,-0.0579296048663005,-0.14397047496128257,-0.1399724871131237,-0.21294783266467854,0.17199296452771518,0.33493385477908705,0.3224377900353916,0.8961988304093568
2026-03-13,31000.0,31325.0,30100.0,30185.0,29987.6640625,20427,29987.6640625,-0.03577702591316223,34030.55908203125,-0.11880189831103805,35606.8861328125,-0.1578127907437058,36123.33751953125,-0.16985344872172448,36374.94494140625,-0.17559561641110533,41223.72265625,-0.2725629290552798,41223.72265625,-0.2725629290552798,0.07123655913978495,22.869435608963855,21721.55,26713.68,0.9404025035045842,0.7646643966686731,False,False,-0.0944952624272084,-0.17290035242690382,-0.16685067523166575,-0.24319920093124792,0.13020437289296916,0.34873096929904357,0.3296322496545703,0.8976608187134503
2026-03-16,30260.0,30580.0,29815.0,30355.0,30156.552734375,16874,30156.552734375,0.0056319382371032845,33765.3046875,-0.10687751781078902,35491.9425,-0.15032678940086186,36035.3167578125,-0.16313895789921085,36370.715546875,-0.17085621547618757,41223.72265625,-0.26846604840033983,41223.72265625,-0.26846604840033983,0.0793010752688172,23.242073769279102,21872.85,26930.06,0.7714586805103131,0.6265860529089055,False,False,-0.03939875177840102,-0.14960074596449946,-0.15621961546734475,-0.237119881750816,0.13811053876093582,0.34912924797614225,0.3299636215696578,0.8991228070175439
2026-03-17,30595.0,30910.0,30390.0,30645.0,30444.65625,11579,30444.65625,0.009553595802632708,33524.88671875,-0.0918789225028841,35317.58984375,-0.13797469236458504,35950.3260546875,-0.15314658888802002,36369.76447265625,-0.1629130215322374,41223.72265625,-0.26147726871085397,41223.72265625,-0.26147726871085397,0.0913978494623656,25.58622851663347,21952.8,23441.96,0.5274498013920775,0.4939433392088375,False,False,-0.04473193667615316,-0.1363956895531544,-0.14207723056472432,-0.225549661431512,0.15901814443797968,0.35453256103486913,0.33076207781196315,0.9005847953216374
2026-03-18,30780.0,31275.0,30635.0,31005.0,30802.302734375,14836,30802.302734375,0.011747430532246472,33308.06357421875,-0.07522985640580049,35155.3573828125,-0.12382336498634816,35871.69349609375,-0.1413200846586956,36369.8175,-0.15308063521696247,41223.72265625,-0.25280152422854973,41223.72265625,-0.25280152422854973,0.09543010752688172,18.07225735719578,22059.3,22781.06,0.6725508062359187,0.6512427428750023,False,False,-0.022386915682649833,-0.12340965351212452,-0.1373121681660392,-0.21287126983296722,0.16467189224281897,0.3606160814426746,0.33157266435572075,0.902046783625731
2026-03-19,30520.0,30600.0,29945.0,30135.0,29937.990234375,12551,29937.990234375,-0.02805999627539002,33031.8810546875,-0.09366377940118709,34980.01125,-0.14414006272296442,35787.7458984375,-0.1634569464269584,36366.45560546875,-0.17676909294748655,41223.72265625,-0.27376791067567374,41223.72265625,-0.27376791067567374,0.06989247311827956,14.922980194250826,22148.05,22392.32,0.5666864577242692,0.5605046730307534,False,False,-0.037374237559562595,-0.15576409588706108,-0.16662058000257052,-0.22252325620675273,0.13940005860440352,0.36360373313909106,0.33526739286240914,0.9049707602339181
2026-03-20,30300.0,30825.0,30280.0,30390.0,30191.32421875,30424,30191.32421875,0.008461956944729065,32802.14296875,-0.0795929324644209,34806.056015625,-0.13258416279061813,35702.1591015625,-0.15435578747872758,36363.74778320312,-0.16974112792918017,41223.72265625,-0.26762256600393075,41223.72265625,-0.26762256600393075,0.08131720430107527,17.744511548518147,23146.85,22215.0,1.3143905110198582,1.3695250956560883,False,False,0.006791464511058054,-0.13208619466430882,-0.1629251626636099,-0.2111615685118603,0.16771801610681702,0.36580002654701044,0.3357783143334609,0.9064327485380117
2026-03-23,30220.0,30300.0,29000.0,29135.0,28944.52734375,25264,28944.52734375,-0.04129652829953345,32500.1302734375,-0.10940272853593791,34616.80140625,-0.16385898847014446,35608.7239453125,-0.18715067161062282,36354.51193359375,-0.20382572054272252,41223.72265625,-0.2978672114328891,41223.72265625,-0.2978672114328891,0.03494623655913978,17.37309513071132,23137.6,22164.4,1.091902358066524,1.1398458789770984,False,False,-0.04019111207108994,-0.17265375658880244,-0.1950546334824641,-0.23630411875143775,0.12087632821208039,0.38216405053414854,0.34495127754803456,0.9093567251461988
2026-03-24,29650.0,30250.0,29400.0,30080.0,29883.349609375,27727,29883.349609375,0.032435225300983195,32238.84970703125,-0.07306402427697412,34459.5362890625,-0.13279884677786524,35536.20119140625,-0.15907304080094775,36349.77416015625,-0.17789449041114636,41223.72265625,-0.27509337624450725,41223.72265625,-0.27509337624450725,0.06586021505376344,30.57511085739023,24063.55,22049.68,1.1522406294998038,1.2574785665823722,False,False,-0.01843695116856514,-0.14883981720300665,-0.16106546280444967,-0.215543093339978,0.15723220445217811,0.4077926107842528,0.35240755647100186,0.9166666666666666
2026-03-25,30340.0,30705.0,30180.0,30390.0,30191.32421875,17887,30191.32421875,0.010305893194730187,31993.46455078125,-0.0563283894800084,34315.0868359375,-0.12017345714156169,35468.44705078125,-0.14878358853647677,36345.89015625,-0.16933320138925445,41223.72265625,-0.26762256600393075,41223.72265625,-0.26762256600393075,0.08131720430107527,33.6216842554002,24379.4,21790.54,0.7336931999967184,0.8208607955562368,False,False,-0.01983548181101258,-0.13982447652851848,-0.14706705148257238,-0.20330317236488382,0.11776089136503143,0.41205949526858837,0.35332272013778343,0.9181286549707602
2026-03-27,30395.0,30480.0,29515.0,29615.0,29421.390625,31803,29421.390625,-0.025501815957838625,31647.98798828125,-0.07035510011270618,34150.3707421875,-0.13847522045626215,35392.64587890625,-0.16871457630877706,36337.6908984375,-0.19033406092776506,41223.72265625,-0.2862995205373726,41223.72265625,-0.2862995205373726,0.05241935483870968,30.08566103774129,22845.95,21858.76,1.3920629258139845,1.454931569768825,False,False,-0.017255654281757238,-0.19018320740037653,-0.1663617210730115,-0.2271659538629358,0.08663182087476895,0.38484589052586976,0.3564796538141485,0.9195906432748538
2026-03-30,29220.0,29470.0,28610.0,28745.0,28557.078125,39061,28557.078125,-0.029377010455296948,31250.85146484375,-0.086198398238018,33977.3095703125,-0.15952503343726776,35310.38720703125,-0.1912555940674161,36325.88069335937,-0.21386412166958324,41223.72265625,-0.30726590698449663,41223.72265625,-0.30726590698449663,0.01881720430107527,33.156345152701306,23988.1,22189.6,1.6283490564071352,1.7603291632115947,True,False,-0.054129659299113064,-0.21761019508770973,-0.202413984930923,-0.2558891797226317,0.06207636270895711,0.3863736766359828,0.3587289000698964,0.9210526315789473
2026-04-01,29445.0,31085.0,29120.0,30635.0,30434.72265625,70699,30434.72265625,0.06575058285133983,30963.24404296875,-0.017069315669420826,33841.8012890625,-0.10067663372025215,35238.70888671875,-0.13632696492689445,36321.7434375,-0.16207979640019177,41223.72265625,-0.26171823660773297,41223.72265625,-0.26171823660773297,0.09005376344086022,42.69095183307196,25907.0,23603.58,2.7289535646736405,2.9952659723652086,True,True,0.05148452744804555,-0.15895677807008524,-0.152324314279634,-0.21043814547910267,0.09810153588277659,0.47483133610698414,0.3856504356990871,0.9444444444444444
2026-04-02,30035.0,32325.0,29900.0,32135.0,31924.916015625,85448,31924.916015625,0.04896359254546967,30802.5515625,0.03643738574214095,33748.415859375,-0.05403216113456333,35190.1782421875,-0.09278902209844353,36326.894951171875,-0.12117685647132004,41223.72265625,-0.22556930916124318,41223.72265625,-0.22556930916124318,0.11290322580645161,51.90562383548877,29150.45,24629.12,2.931275503465641,3.469389080892862,True,True,0.06831785703198134,-0.09146165359572156,-0.18480464804610142,-0.17113746996268042,0.18664528333829655,0.5089647978576403,0.35040011182015274,0.9137426900584795
2026-04-06,32155.0,33535.0,32155.0,33460.0,33241.25390625,65114,33241.25390625,0.041232305512745704,30806.0287109375,0.07905028000080683,33687.8146875,-0.013255854836309755,35156.897265625,-0.054488407918978576,36338.309599609376,-0.08522839195009413,41223.72265625,-0.1936377463181328,41223.72265625,-0.1936377463181328,0.135752688172043,59.02806776006944,29871.5,25539.96,2.1798034916224496,2.5494949874627837,True,True,0.10102007005064961,0.0020964540804371268,-0.1457748546596982,-0.1275097742668031,0.208110553596363,0.4948172512573469,0.36192980151845305,0.9239766081871345
2026-04-07,33360.0,33800.0,32555.0,33445.0,33226.3515625,57128,33226.3515625,-0.00044830871278289663,30816.7083984375,0.07819274962489753,33645.493203125,-0.012457586461715797,35118.79796875,-0.05388699259963181,36346.243681640626,-0.08583808952770988,41223.72265625,-0.19399924554211756,41223.72265625,-0.19399924554211756,0.13440860215053763,65.05077774986239,31596.3,25880.98,1.8080598044707767,2.207335270920962,True,False,0.12932634578689295,0.006470036560202841,-0.14155543956152639,-0.13050821330467854,0.19549772641761765,0.4944337857158424,0.36189627577282424,0.922514619883041
2026-04-08,34250.0,36300.0,34250.0,35935.0,35700.07421875,107352,35700.07421875,0.07445062548010539,30945.85859375,0.15363010887538242,33661.48796875,0.060561382547692055,35111.3966796875,0.016765996079075363,36366.86493164062,-0.01833511670978516,41223.72265625,-0.13399198523529143,41223.72265625,-0.13399198523529143,0.23118279569892472,71.21672434777786,36074.95,27336.34,2.975804540269633,3.9270802162981586,True,True,0.2501304952307686,0.0779961476627069,-0.08200274297717292,-0.06964401273413967,0.28436978816978886,0.5594652937407276,0.3944140234234629,0.9590643274853801
2026-04-09,36180.0,37570.0,35825.0,36770.0,36529.61328125,262676,36529.61328125,0.023236339997980027,31202.6685546875,0.17072080604984818,33682.549375,0.08452637817145625,35106.5783984375,0.04053470738908116,36390.77623046875,0.003815171457238753,41223.72265625,-0.11386912856324294,41223.72265625,-0.11386912856324294,0.3131720430107527,72.36216699334855,48015.45,32164.58,5.470655799331257,8.166623036893377,True,True,0.2002610864518053,0.16360753910117998,-0.04888775294545766,-0.04580251124767831,0.33657052679917543,0.5213416993759077,0.3968180873467744,0.9780701754385965
2026-04-10,36990.0,37670.0,36850.0,37330.0,37085.953125,83719,37085.953125,0.015229831191110987,31463.45244140625,0.17869941939983924,33723.579375,0.09970394045694331,35106.0319921875,0.05639831733911471,36417.54274414063,0.018354076922636908,41223.72265625,-0.1003735049780291,41223.72265625,-0.1003735049780291,0.36693548387096775,72.75997834100411,51325.95,33305.24,1.6311242168922349,2.51368853669873,True,False,0.1616617286275408,0.163653362590938,-0.017502298168161068,-0.017890034763823004,0.3501474545557326,0.5213489197332024,0.39656465153010056,0.9766081871345029
2026-04-13,36665.0,37385.0,36420.0,36615.0,36375.62890625,57408,36375.62890625,-0.01915345727682438,31706.85078125,0.14724824477872467,33749.50875,0.07781210019093976,35102.65421875,0.03626434284903857,36441.174208984376,-0.0017986605579305426,41223.72265625,-0.1176044626155317,41223.72265625,-0.1176044626155317,0.2956989247311828,73.58078699467484,53250.9,34076.82,1.0780662862036134,1.6846642380362957,False,False,0.09429171982620899,0.15450104739527948,-0.027748265491966295,-0.04598748474420833,0.32476956883920427,0.5259148172804959,0.3981101642720409,0.9839181286549707
2026-04-15,37100.0,37235.0,36415.0,37080.0,36837.5859375,92805,36837.5859375,0.012699630085863056,31993.71298828125,0.15140077523959095,33767.29171875,0.09092509533553006,35098.9783984375,0.04953442004283226,36470.619521484376,0.010061973742986341,41223.72265625,-0.10639836570133265,41223.72265625,-0.10639836570133265,0.34543010752688175,73.97848783475527,56539.1,35628.34,1.6414304437106357,2.6048084193650336,True,False,0.10868585340184378,0.18447527612707737,-0.021765013782849008,-0.03713323999150919,0.37722658401535014,0.520406919548945,0.39875510241569473,0.9883040935672515
2026-04-16,37375.0,37565.0,36950.0,37440.0,37195.234375,31261,37195.234375,0.009708791398730598,32354.09150390625,0.14963000492562917,33795.605390625,0.10059381819264779,35102.902578125,0.059605663441030465,36502.220634765625,0.018985522748562023,41223.72265625,-0.09772257384036209,41223.72265625,-0.09772257384036209,0.3817204301075269,81.8077416902619,57080.8,35914.94,0.5476622612156802,0.8704177147448944,False,False,0.04188114980065594,0.2403511756526968,-0.0004004915075329629,-0.033931085924817084,0.42725303576698814,0.492808754590907,0.3984770064254666,0.9853801169590644
2026-04-17,37445.0,37935.0,37200.0,37505.0,37259.80859375,28289,37259.80859375,0.0017360885026014294,32709.254296875,0.13912130969337788,33814.977890625,0.10187292489935529,35109.2110546875,0.06125451055316078,36532.894921875,0.019897510816744512,41223.72265625,-0.0961561403746497,41223.72265625,-0.0961561403746497,0.3897849462365591,80.49281695478672,57651.55,35986.14,0.49068932231657253,0.7861082072153335,False,False,0.01998913338824737,0.23554601621551075,0.0013349017063668533,-0.04360575205529027,0.4336102882555086,0.49359420598455445,0.3984872894105888,0.9868421052631579
2026-04-20,37700.0,38195.0,37225.0,37790.0,37542.9453125,36644,37542.9453125,0.0075989847891353435,33064.16875,0.13545710452799464,33838.52296875,0.10947352362782037,35116.56265625,0.06909510705821198,36562.73052734375,0.026809124237129556,41223.72265625,-0.08928784463360329,41223.72265625,-0.08928784463360329,0.40658602150537637,80.4526765618199,58904.8,36485.7,0.6220885224973177,1.0043386861153822,False,False,0.012322514294285103,0.23315385807648914,0.025926462023511343,-0.03596936846174481,0.4629091193589072,0.49372331759981186,0.3971886388575776,0.9809941520467836
2026-04-21,37790.0,38360.0,37790.0,38100.0,37850.91796875,24080,37850.91796875,0.008203209782463805,33416.59951171875,0.1326980758612557,33845.675859375,0.11833836990037772,35132.458046875,0.07737744732372365,36593.885458984376,0.03435088933572095,41223.72265625,-0.081817081771693,41223.72265625,-0.081817081771693,0.4368279569892473,86.30723503543135,59367.0,36390.96,0.4056125456903667,0.6617027965186959,False,False,0.040557073701797064,0.22883403540180236,0.043549719044492896,-0.02106889579843496,0.4650309748200885,0.49381110156351243,0.3969717428513902,0.97953216374269
2026-04-22,38110.0,38395.0,37765.0,37885.0,37637.32421875,26733,37637.32421875,-0.005643026945247209,33801.5662109375,0.11347870639708191,33869.0221875,0.1112610222517958,35149.197890625,0.0707875706258616,36621.914091796876,0.02772684476316245,41223.72265625,-0.08699841271992115,41223.72265625,-0.08699841271992115,0.41801075268817206,91.43246926532296,60076.1,36249.4,0.4449856099180872,0.7374742754362831,False,False,0.02170984501011719,0.25717604702584795,0.06493324628321062,-0.01814181819071159,0.4174676725842108,0.4765167767332196,0.3933441837403634,0.9488304093567251
2026-04-23,37885.0,37905.0,37210.0,37380.0,37135.625,20767,37135.625,-0.013329832265282726,34148.78125,0.08746560318312979,33890.97765625,0.0957377912393047,35165.1926171875,0.05603360130180035,36649.2230078125,0.013271822763713637,41223.72265625,-0.09916857073630148,41223.72265625,-0.09916857073630148,0.37163978494623656,84.96630828580945,59593.25,36335.42,0.34847906432356013,0.5715359833462775,False,False,-0.0016026078609701067,0.23000981112770513,0.06404778070053507,-0.04166138692929566,0.3842654746130436,0.4848260207982807,0.39347131486486525,0.9502923976608187
2026-04-24,37495.0,37690.0,36295.0,36690.0,36450.13671875,30157,36450.13671875,-0.01845904791557973,34524.06171875,0.05578935108188454,33897.931875,0.07529087181959526,35167.22921875,0.03648019842620975,36672.4673828125,-0.006062604453135445,41223.72265625,-0.1157970612529402,41223.72265625,-0.1157970612529402,0.30510752688172044,75.77816372919561,59837.9,36561.9,0.5039782478997424,0.8248203731206529,False,False,-0.02173043570427291,0.2593101378323488,0.02744330953716667,-0.04800209432224223,0.3520443776996105,0.4583053192077721,0.39423674159271194,0.9546783625730995
2026-04-27,36800.0,37460.0,36730.0,37225.0,36981.640625,30944,36981.640625,0.014581671129276996,34878.97626953125,0.06028457771295148,33929.623359375,0.08995140421391401,35176.220078125,0.05132502988852217,36688.76373046875,0.007982740892629847,41223.72265625,-0.10290390478859024,41223.72265625,-0.10290390478859024,0.3548387096774194,73.39963979462918,59998.75,36555.98,0.515744078001625,0.8464825727555382,False,False,-0.014951002986787865,0.23753331230974606,0.05557921777892738,-0.004146540552367184,0.35720302609268084,0.45207693155368267,0.3942608379864864,0.956140350877193
2026-04-28,37180.0,37565.0,37000.0,37320.0,37076.01953125,21761,37076.01953125,0.002552047574281957,35223.21103515625,0.05260191906537037,33964.295234375,0.09161751408065877,35188.2409765625,0.05364799439519796,36698.05826171875,0.010299217109410952,41223.72265625,-0.1006144728749081,41223.72265625,-0.1006144728749081,0.3655913978494624,73.8461702254306,60192.45,36594.26,0.3615237459183004,0.5946561018039441,False,False,-0.020472381624661362,0.2280355529494904,0.05692437806679429,0.00295620482306469,0.34998326648223044,0.4530918370920449,0.3942705170066606,0.9576023391812866
2026-04-29,37165.0,37470.0,36190.0,36345.0,36107.390625,34734,36107.390625,-0.026125482683856616,35557.51103515625,0.015464512949179055,33959.824609375,0.06323843071416047,35188.3403125,0.026118035245144222,36701.9460546875,-0.016199561429292686,41223.72265625,-0.12411135388992589,41223.72265625,-0.12411135388992589,0.2674731182795699,53.1013379953685,60339.0,36790.58,0.5756475911102272,0.9441003648216473,False,False,-0.04064937201321617,0.2272496254585179,0.004421697744164899,-0.024164344654029057,0.29643835040051325,0.45375769657844894,0.3950818779638853,0.9678362573099415
2026-04-30,36500.0,36500.0,35675.0,35995.0,35759.6796875,32877,35759.6796875,-0.009629910427790711,35917.64111328125,-0.004397878615776896,33949.89,0.053307674560948426,35181.7337890625,0.016427442203464482,36706.81521484375,-0.025802715975226875,41223.72265625,-0.1325460830966848,41223.72265625,-0.1325460830966848,0.23521505376344087,43.67346729158549,60029.8,37260.66,0.5476779865999887,0.8823515203434399,False,False,-0.0370518959220425,0.2522177349857988,-0.0005553757192617859,-0.027819023634637063,0.28327630219845257,0.4356969781766591,0.39548150350299094,0.9692982456140351
2026-05-04,36150.0,36490.0,35475.0,35850.0,35615.62890625,21982,35615.62890625,-0.004028301777556309,36176.68642578125,-0.01550881451462649,33952.969765625,0.04896947607535429,35174.4815234375,0.012541688283836061,36709.4448828125,-0.029796581780364373,41223.72265625,-0.13604044925209458,41223.72265625,-0.13604044925209458,0.2271505376344086,37.04027604956056,57593.95,37423.34,0.38167203326043797,0.5873874432372953,False,False,-0.02289450431802431,0.1702301121162364,-0.01861484307214334,-0.05284018061439055,0.29796681640631806,0.38866157088366343,0.3944916455799459,0.9619883040935673
2026-05-05,36100.0,36285.0,35810.0,35870.0,35635.49609375,14802,35635.49609375,0.0005578221727404742,36362.2154296875,-0.01998556268780527,33960.619375,0.0493182029531225,35164.795234375,0.013385570888093001,36710.23806640625,-0.029276355296637413,41223.72265625,-0.13555851345833658,41223.72265625,-0.13555851345833658,0.22983870967741934,42.572245316540254,54061.65,37519.78,0.2737985244623499,0.3945119081188643,False,False,-0.0364003464556949,0.11622834266216797,-0.02007923634237585,-0.031064358630859656,0.28401381034283757,0.3580495637908019,0.39447012150743255,0.9605263157894737
2026-05-06,36000.0,36750.0,35795.0,36645.0,36405.4296875,40352,36405.4296875,0.02160580539483603,36520.42421875,-0.003148773151188111,33985.95265625,0.07119050202069466,35162.063203125,0.035361021826059824,36713.26365234375,-0.008384816118740646,41223.72265625,-0.11688155892489471,41223.72265625,-0.11688155892489471,0.29973118279569894,45.91549212575169,52823.55,38072.7,0.7639017067198247,1.059867043839812,False,False,-0.018086888836186588,0.0951882197396614,-0.029014371119486237,-0.004482493344730054,0.27352539312442037,0.33849589254724316,0.3917714751000112,0.945906432748538
2026-05-07,36880.0,38380.0,36645.0,37895.0,37647.2578125,54499,37647.2578125,0.0341110690262334,36741.46953125,0.0246530226691013,34029.665,0.10630703571428035,35174.978203125,0.07028517814846458,36716.0293359375,0.02536299522048302,41223.72265625,-0.08675744482304215,41223.72265625,-0.08675744482304215,0.4206989247311828,53.660483931172095,52692.1,38947.16,1.0342916680109542,1.3993061368274349,False,False,0.04264686981932808,0.1330542187782522,0.03227994921340538,0.016496703823362324,0.3040004762632815,0.35333706539391546,0.39383529698946684,0.9517543859649122
2026-05-08,37750.0,38855.0,37650.0,38145.0,37895.625,30045,37895.625,0.006597218547416572,36851.2470703125,0.028340368717911124,34091.85578125,0.11157413204950895,35188.538984375,0.07693090118993129,36717.708984375,0.03208032440494191,41223.72265625,-0.08073258409973849,41223.72265625,-0.08073258409973849,0.4388440860215054,55.00000307183989,48826.75,39339.1,0.6153389279442109,0.7637439595720289,False,False,0.059730549355189844,0.06149989402814393,0.051550615726303484,0.039940004450784716,0.31304899692908883,0.2460597820965532,0.39311240419753485,0.9473684210526315
2026-05-11,38020.0,38020.0,37220.0,37315.0,37071.05078125,19312,37071.05078125,-0.021759087460623716,36878.3189453125,0.005226155677630073,34133.581171875,0.08605805510367559,35197.6291796875,0.053225789498448695,36714.5061328125,0.009711274534041747,41223.72265625,-0.10073500420201387,41223.72265625,-0.10073500420201387,0.3629032258064516,46.58027500471325,36658.55,39216.36,0.5268075251203335,0.49244753975126704,False,False,0.040864696755209984,0.014821878781780429,0.026829914584383996,0.0016105661583321051,0.2455611689273458,0.24904656943302358,0.3958980405353237,0.9707602339181286
2026-05-12,37315.0,37625.0,36345.0,36510.0,36271.3125,17005,36271.3125,-0.021573121462596823,36837.5869140625,-0.015372190783928041,34156.828203125,0.06190517117984484,35193.953359375,0.030612052292727343,36706.47146484375,-0.01185510204271556,41223.72265625,-0.12013495718342548,41223.72265625,-0.12013495718342548,0.28293010752688175,39.31451879278445,33322.85,39372.3,0.5103104926499384,0.4319026320534995,False,False,0.017842221266607172,-0.021966285246983297,0.024698264079749732,-0.023405152213001434,0.23702269055808367,0.25505828672996067,0.3963651317840356,0.9736842105263158
2026-05-13,36510.0,36880.0,36235.0,36315.0,36077.58984375,19079,36077.58984375,-0.005340933175495111,36822.6849609375,-0.020234676476685975,34176.399453125,0.055628750279344,35189.97953125,0.025223382460673793,36699.40400390625,-0.016943440282846778,41223.72265625,-0.12483425758056288,41223.72265625,-0.12483425758056288,0.2620967741935484,39.42049767315174,31406.4,39522.48,0.6074876458301492,0.4827379253528624,False,False,-0.009005245826354424,-0.008193372086242934,0.02080117723243613,-0.017318371439588254,0.20780615809810343,0.246582011979934,0.39653375722014716,0.9751461988304093
2026-05-14,36545.0,37180.0,36065.0,36945.0,36703.46875,20799,36703.46875,0.017348135198627324,36815.9791015625,-0.0030560195411922786,34183.850390625,0.07370785708990857,35195.39390625,0.04284864229015484,36695.12287109375,0.00022743836927774375,41223.72265625,-0.10965176395986342,41223.72265625,-0.10965176395986342,0.33064516129032256,47.11729477219145,27806.1,38689.02,0.7480013378359425,0.5375943872447532,False,False,-0.02506926446543567,-0.0036407702645756546,0.010254264295350923,-0.01348466479633681,0.2477987434747151,0.2503547874161053,0.39399745412836046,0.9532163742690059
2026-05-15,37390.0,37980.0,36780.0,37740.0,37493.2734375,25058,37493.2734375,0.02151852983922664,36830.8810546875,0.017984700985810287,34203.7196875,0.09617532186717659,35210.3951953125,0.06483534846809724,36697.55970703125,0.021683014805921497,41223.72265625,-0.09049277887533091,41223.72265625,-0.09049277887533091,0.4025537634408602,56.86275215268115,27495.95,38865.82,0.9113342146752521,0.6447310258731194,False,False,-0.010617361832665373,0.008012829264501642,0.034114333876951175,0.01876098349725064,0.2750743860411695,0.2598008381153844,0.3963072528898557,0.9722222222222222
2026-05-18,37735.0,37740.0,36930.0,37155.0,36912.09765625,21448,36912.09765625,-0.015500801289564659,36813.4955078125,0.002678423960489562,34218.22421875,0.0787262781457807,35222.118046875,0.04798063555195364,36695.98798828125,0.005889190612275108,41223.72265625,-0.10459086958140851,41223.72265625,-0.10459086958140851,0.35080645161290325,49.54545059957218,27153.9,38648.36,0.7898681220745454,0.554952396427688,False,False,-0.0042877965865589784,-0.009332064511955784,0.040902141178077445,0.007729859420066987,0.21461999586878688,0.2658699267753423,0.3949468314020943,0.9649122807017544
2026-05-19,37205.0,37650.0,36920.0,37130.0,36887.26171875,20017,36887.26171875,-0.0006728400464066642,36780.711328125,0.002896909460897934,34253.194140625,0.07689991091957604,35236.1258984375,0.046859175866031055,36694.63513671875,0.005249448081812158,41223.72265625,-0.10519333670227238,41223.72265625,-0.10519333670227238,0.3481182795698925,48.75491494504022,26322.55,38637.12,0.7604506402305248,0.5180769167060071,False,False,0.016981718506877908,-0.01746489489016434,0.04635762543363975,0.002159232405933187,0.20834648924721177,0.2642118478360224,0.3947049107968656,0.9634502923976608
2026-05-20,36995.0,37380.0,36370.0,36830.0,36589.22265625,38556,36589.22265625,-0.008079728573305966,36717.6265625,-0.003497064442099407,34321.544375,0.06607156882199594,35244.967734375,0.03814033628874425,36692.18416015625,-0.002806088170080989,41223.72265625,-0.11242313166730356,41223.72265625,-0.11242313166730356,0.32123655913978494,53.48672208154615,27046.35,38394.38,1.4255528010249072,1.0042094702401758,False,False,0.014181457650465301,-0.03333328173286754,0.041277973356527164,0.009041127499525237,0.18809301808780865,0.26321425877456783,0.39505440649561374,0.966374269005848
2026-05-21,37190.0,37600.0,34830.0,35210.0,34979.8125,115544,34979.8125,-0.04398590730855789,36584.7509765625,-0.04386905565082788,34360.88546875,0.01801254603327651,35235.52984375,-0.0072573718880903915,36679.70130859375,-0.046344128985463695,41223.72265625,-0.15146400552700567,41223.72265625,-0.15146400552700567,0.1935483870967742,45.22796741997692,31486.9,40252.62,3.669589575347208,2.870471537008026,True,True,-0.0469616717084812,-0.0706084126306219,-0.013587304944383094,-0.02734805354628167,0.12473656743553363,0.30324123548790693,0.40523270416026924,0.9941520467836257
2026-05-22,35425.0,36860.0,34825.0,36065.0,35829.22265625,93254,35829.22265625,0.024282867618286907,36519.430859375,-0.01889975245733655,34415.128515625,0.04108931744895217,35233.145546875,0.016918078137019288,36660.5771484375,-0.022677070489680817,41223.72265625,-0.13085911830386654,41223.72265625,-0.13085911830386654,0.24193548387096775,51.20313007446733,35111.25,41762.12,2.655957848268005,2.2329805096101443,True,True,-0.04438264863759933,-0.035179220593432814,0.029987182824310787,0.008247103109674248,0.15477800255586893,0.3161547950238624,0.4062201196145374,0.9956140350877193
2026-05-25,36400.0,36760.0,36200.0,36310.0,36072.62109375,21720,36072.62109375,0.006793293838250225,36500.555078125,-0.01172404045524944,34508.71265625,0.045319234393890184,35234.2880078125,0.023793104198717385,36641.9497265625,-0.015537618414442234,41223.72265625,-0.12495478890766876,41223.72265625,-0.12495478890766876,0.260752688172043,52.401754785094624,34689.4,41719.2,0.6261278661493136,0.5206235977679342,False,False,-0.0227425861926831,-0.010357042770865799,0.031094659016911885,-0.004796479140537158,0.16612241001391825,0.3109591159858647,0.4062818627457316,0.9970760233918129
2026-05-26,36430.0,36595.0,35735.0,35835.0,35600.7265625,21187,35600.7265625,-0.013081792144340798,36431.509375,-0.022803963567595176,34583.3216796875,0.02941894628386943,35234.089296875,0.010405753999650491,36619.34845703125,-0.02781649421552357,41223.72265625,-0.13640194847607945,41223.72265625,-0.13640194847607945,0.22580645161290322,45.42890262065244,34201.55,41792.76,0.6194748483621356,0.5069538360232729,False,False,-0.0348774914782044,-0.037340530034962405,0.014006840757133876,-0.01335349254433249,0.15251068980661664,0.308853025230766,0.4072351104650377,0.9985380116959064
2026-05-27,36000.0,36135.0,35850.0,36035.0,35799.41796875,14903,35799.41796875,0.0055811053715766334,36367.679296875,-0.015625449275610825,34669.156796875,0.03260134587342711,35238.1128125,0.015928922165516335,36597.71580078125,-0.02181277750711985,41223.72265625,-0.13158211675183618,41223.72265625,-0.13158211675183618,0.2385752688172043,38.092191015506806,33858.65,41712.64,0.4401534024540258,0.35727779397324166,False,False,-0.021585719240883927,-0.03443200156435344,0.019954701825226406,-0.0020770436748657195,0.15381739568397945,0.30959506002693876,0.40736095934320443,1.0
2026-05-28,36035.0,36035.0,36035.0,36035.0,35799.41796875,0,35799.41796875,0.0,36352.2806640625,-0.015208473449619175,34763.1383203125,0.029809726581330853,35243.179453125,0.015782869884507056,36572.48185546875,-0.021137856866641824,41223.72265625,-0.13158211675183618,41223.72265625,-0.13158211675183618,0.2385752688172043,36.04496160881507,32121.95,41171.82,0.0,0.0,False,False,0.023430813665739292,-0.008529352327021011,-0.014629518845645895,-0.008256511317181858,0.15072742805827666,0.2956877242745822,0.40098518819002194,0.9897660818713451
2026-05-29,36365.0,37950.0,36290.0,36625.0,36385.5625,168254,36385.5625,0.016373018459731936,36383.5748046875,5.4631666161597536e-05,34891.0962890625,0.0428323088089948,35248.9912109375,0.03224407990177691,36552.76162109375,-0.004574185743526971,41223.72265625,-0.1173634947186527,41223.72265625,-0.1173634947186527,0.2970430107526882,45.2868904192958,38890.8,44128.36,4.3263188209036585,3.812831476175412,True,True,0.01552754434801984,0.017502472560423366,-0.0031300463797381273,-0.0009546736482294316,0.15537188093945442,0.29914827991202325,0.40227525779873524,0.9926900584795322
2026-06-01,37155.0,37350.0,36515.0,36705.0,36465.0390625,45064,36465.0390625,0.0021842884110971905,36426.0453125,0.00107049089917588,35017.266015625,0.04134454832164769,35254.6042578125,0.03433409139514776,36545.06228515625,-0.0021897136754575053,41223.72265625,-0.11543556202895533,41223.72265625,-0.11543556202895533,0.3064516129032258,51.47840375083021,40044.9,44692.16,1.1253368094314131,1.0083200274947552,False,False,0.010878554339872837,0.023849365639053488,0.007686985924517886,0.0034171896106514055,0.1452419744700124,0.29856524735752576,0.40186999213964036,0.9912280701754386
2026-06-02,36550.0,37500.0,35755.0,37220.0,36976.671875,53220,36976.671875,0.01403077648218276,36493.1041015625,0.01325093563133728,35147.906328125,0.052030568472627436,35232.7480859375,0.04949724003386935,36538.35640625,0.011996036818859857,41223.72265625,-0.103024436115696,41223.72265625,-0.103024436115696,0.353494623655914,56.5437345444021,41965.8,45524.98,1.2681755143473972,1.169028520166291,False,False,0.038649360430451196,0.03763595089911553,0.05230423486169333,0.010177729285975268,0.1613106086318148,0.30190393199362653,0.3980748992819575,0.9824561403508771
2026-06-03,37220.0,38350.0,36735.0,37760.0,37513.140625,41647,37513.140625,0.01450830274324133,36548.4896484375,0.026393730242796565,35282.1230859375,0.06323365330448971,35218.740234375,0.06514714539350752,36535.54986328125,0.026757247814169105,41223.72265625,-0.09001084308157292,41223.72265625,-0.09001084308157292,0.40456989247311825,55.97069440907766,42030.55,46061.2,0.9908744948614757,0.9041666304829228,False,False,0.04787012620556963,0.030427080438507836,0.1308774725452011,0.022751878914516244,0.21000639755765116,0.2968056138272891,0.3806930049823934,0.9400584795321637
2026-06-04,37755.0,38100.0,36875.0,37000.0,36758.109375,30639,36758.109375,-0.02012711379054255,36504.0322265625,0.0069602488530737805,35418.52546875,0.03782156056812491,35199.268359375,0.04428617662474288,36527.05576171875,0.006325547144793386,41223.72265625,-0.10832629839102992,41223.72265625,-0.10832629839102992,0.33736559139784944,44.55079577225001,40837.55,46422.96,0.75026538075864,0.6599966912924122,False,False,0.026779524937719845,-0.023617880535372615,0.1134516414463822,0.01106706576094707,0.19987804951133725,0.28014469533902836,0.38320774234037264,0.9415204678362573
2026-06-05,37320.0,37475.0,36600.0,37240.0,36996.54296875,26904,36996.54296875,0.0064865576005974646,36459.078125,0.014741591707483792,35554.62984375,0.04055486251260931,35180.3429296875,0.05162542169337048,36520.250546875,0.013041871694271734,41223.72265625,-0.10254240556460537,41223.72265625,-0.10254240556460537,0.35618279569892475,50.65943357895084,40680.5,46352.56,0.6613488034807832,0.580421016660137,False,False,0.016791837937093934,-0.023725219764814565,0.11714419843429491,0.012506890009155391,0.20151035032589504,0.28010492836045403,0.38330853026495104,0.9429824561403509
2026-06-08,36895.0,37200.0,36335.0,36610.0,36370.66015625,32707,36370.66015625,-0.016917332330987467,36424.05859375,-0.0014660210740261581,35703.1525,0.018696042492326148,35159.976953125,0.0344335607710744,36510.06755859375,-0.0038183277015311212,41223.72265625,-0.11772499394263747,41223.72265625,-0.11772499394263747,0.29435483870967744,46.31205096257561,41350.25,46501.42,0.7909746615800388,0.7033548652922857,False,False,-0.002588202527035177,-0.01889319591000771,0.1585442756828226,0.005769280624964956,0.188181037254469,0.27585229916531334,0.3685779616271442,0.9283625730994152
2026-06-09,36855.0,37990.0,36745.0,37820.0,37572.75,46439,37572.75,0.03305108674370416,36489.13046875,0.02969704997980238,35856.9405078125,0.04785153077445803,35158.2383984375,0.06867555689791915,36506.26755859375,0.029213680628799255,41223.72265625,-0.08856484618563354,41223.72265625,-0.08856484618563354,0.4112903225806452,56.21858697644137,42821.95,46875.66,1.0844671949782765,0.9906847178258396,False,False,0.016120383332903776,0.03588062880272114,0.1789276854210191,0.025488090748848835,0.2225583608866697,0.28914203730996874,0.37295113495293547,0.9385964912280702
2026-06-10,37800.0,38250.0,37500.0,37790.0,37542.9453125,48524,37542.9453125,-0.0007932527563193625,36562.3982421875,0.026818456049228834,36003.9729296875,0.042744515607151756,35159.5298828125,0.06778860347767668,36498.59306640625,0.028613493243250243,41223.72265625,-0.08928784463360329,41223.72265625,-0.08928784463360329,0.40658602150537637,70.25116353715295,44294.2,47488.4,1.0954933151518709,1.0218074308673275,False,False,0.0007945132559799006,0.040616778312974056,0.19154969931359078,0.029279601284827983,0.21925546970130516,0.28807548138896255,0.37183555185829187,0.9371345029239766
2026-06-11,37800.0,38350.0,37470.0,37565.0,37319.41796875,34810,37319.41796875,-0.005953910698518805,36593.195703125,0.019845827937978733,36161.9334765625,0.032008368494391926,35156.152109375,0.06153306689096194,36487.1930859375,0.022808684703489845,41223.72265625,-0.09471014347871032,41223.72265625,-0.09471014347871032,0.39381720430107525,63.066211637761555,44994.75,47548.54,0.7736458142338828,0.7320939822757965,False,False,0.015270333629611388,0.016781771307378124,0.19996809721557152,0.032005578191905304,0.21045486079150355,0.2836103685544876,0.3708175434251765,0.935672514619883
2026-06-12,38320.0,39450.0,38310.0,39060.0,38804.64453125,78501,38804.64453125,0.039797688263618625,36658.7642578125,0.058536623284571876,36366.8848046875,0.0670324043330841,35172.0971875,0.10327923650344584,36482.84669921875,0.06364080772460579,41223.72265625,-0.058681699980659974,41223.72265625,-0.058681699980659974,0.5295698924731183,69.67096462816313,47666.9,48337.34,1.646866064291993,1.6240239947005775,True,False,0.04887217608486427,0.034976169683770264,0.29402024947237426,0.07811209708445999,0.2530511463399867,0.30757306499121984,0.3691356886881689,0.9312865497076024
2026-06-15,39400.0,39775.0,38960.0,39070.0,38814.578125,45458,38814.578125,0.0002559898143636996,36753.88828125,0.05606726091076619,36534.4819140625,0.062409430529241305,35188.1416015625,0.10305848386367944,36480.83494140625,0.06397175907136177,41223.72265625,-0.05844073208378098,41223.72265625,-0.05844073208378098,0.5336021505376344,74.7892713380095,48867.4,47832.52,0.9302316063469716,0.9503576228055725,False,False,0.06719476518300249,0.05154083862876502,0.2871026229982794,0.08603194616647758,0.24961448388629415,0.30076064019434096,0.36923389863464046,0.9342105263157895
2026-06-16,39300.0,39900.0,38960.0,39045.0,38789.7421875,22828,38789.7421875,-0.0006398610702406105,36849.0123046875,0.05266708010422372,36671.7784375,0.057754596047466356,35210.0971484375,0.1016652985639761,36479.4441015625,0.06333150471003335,41223.72265625,-0.05904319920464485,41223.72265625,-0.05904319920464485,0.5268817204301075,73.7007987130435,49007.95,46580.12,0.4658019770261764,0.4900803175260175,False,False,0.03239028784158737,0.05157554071797521,0.2741067551879486,0.09308519596703757,0.2545552158545712,0.3007557771212349,0.3692263992686318,0.9327485380116959
2026-06-17,39250.0,39470.0,38870.0,39230.0,38973.53125,26887,38973.53125,0.004738084146360455,36968.227734375,0.05424397214909926,36786.423984375,0.059454196106530466,35237.1193359375,0.10603624769780251,36480.16435546875,0.06834856527058042,41223.72265625,-0.05458486670438645,41223.72265625,-0.05458486670438645,0.5497311827956989,74.44529949344864,48424.5,45815.58,0.5552354696486282,0.5868527692981296,False,False,0.03810531980354992,0.06516423199667853,0.26527979372483745,0.09154148191180123,0.246667345152354,0.29809887531376045,0.3689025026734661,0.9298245614035088
2026-06-18,39430.0,40500.0,39245.0,40035.0,39773.26953125,53616,39773.26953125,0.020520036434984235,37207.9005859375,0.06894688775539404,36917.36234375,0.07735945924055154,35281.4277734375,0.12731462532234294,36482.77220703125,0.09019318229288986,41223.72265625,-0.03518491372297483,41223.72265625,-0.03518491372297483,0.6236559139784946,75.25926150300896,45328.1,45745.34,1.1828424310747638,1.17205380919674,False,False,0.0657526750431845,0.13703495498296347,0.3285216950061687,0.1071626396382428,0.2873852528650511,0.24562296722905083,0.3641663498323699,0.9269005847953217
2026-06-19,40000.0,40385.0,39840.0,40195.0,39932.22265625,41782,39932.22265625,0.003996481226546056,37413.0505859375,0.06733404603096949,37002.0053125,0.07919077139206077,35331.746640625,0.1302079985577418,36487.5905078125,0.09440558010263667,41223.72265625,-0.03132904834358019,41223.72265625,-0.03132904834358019,0.646505376344086,75.54904899055812,42754.5,44433.94,0.9772538563192179,0.9403172439806148,False,False,0.029057813532912036,0.11451546240242738,0.3226389928087525,0.10714781976015342,0.28987029059101754,0.23659240415901397,0.3641000767617715,0.9254385964912281
2026-06-22,40450.0,40790.0,40090.0,40300.0,40036.53515625,27709,40036.53515625,0.002612238765118402,37611.2462890625,0.06448307637954498,37072.14375,0.0799627727557568,35377.3465625,0.13169977532144084,36489.27939453125,0.09721364248838493,41223.72265625,-0.028798648533019056,41223.72265625,-0.028798648533019056,0.657258064516129,73.98753655586349,43053.95,39734.6,0.6435878705670444,0.6973519300559211,False,False,0.031481909382468753,0.10988705401246257,0.383216062945837,0.11341336076087982,0.2653958080778338,0.23676411872062994,0.3511818940068502,0.9152046783625731
2026-06-23,40225.0,40450.0,40070.0,40190.0,39927.25390625,35585,39927.25390625,-0.0027295381474323754,37827.57265625,0.055506634514469244,37128.969765625,0.07536659805777135,35426.2745703125,0.12705200844656028,36486.323828125,0.09430739293807955,41223.72265625,-0.03144957967068607,41223.72265625,-0.03144957967068607,0.6424731182795699,70.28380316591343,43773.85,38771.92,0.8129282665335583,0.9178033999863819,False,False,0.029325065200267453,0.12152918666293022,0.3361036974825615,0.12090353709279644,0.26448809790817274,0.2288039815931315,0.34710058972031793,0.9122807017543859
2026-06-24,40300.0,40480.0,40135.0,40365.0,40101.11328125,29152,40101.11328125,0.004354403521169337,38042.657421875,0.054109150066665945,37203.479453125,0.07788609750267872,35476.4941015625,0.13035727731291846,36481.6048828125,0.09921461542232635,41223.72265625,-0.027232120309974017,41223.72265625,-0.027232120309974017,0.6693548387096774,81.12859049856871,44486.3,38206.8,0.6553028685235679,0.7630055382811436,False,False,0.028931995512980313,0.12016104050225151,0.328233004643951,0.13289369296912734,0.263132476901218,0.2288644380157395,0.3469315757419293,0.9108187134502924
2026-06-25,40465.0,41385.0,40180.0,40440.0,40175.62109375,64902,40175.62109375,0.001857998604114508,38261.467578125,0.050028230404820295,37270.24015625,0.07795444637114257,35518.7659375,0.13110971153796158,36478.32646484375,0.10135592794997184,41223.72265625,-0.02542471894738252,41223.72265625,-0.02542471894738252,0.6848118279569892,80.5343408345652,47731.4,37648.74,1.3597338439685407,1.7238823928768932,False,False,0.0101161299345498,0.12224229815188825,0.36552420671822006,0.13835324952171812,0.2660657272302527,0.2283356988183058,0.341149375412611,0.9078947368421053
2026-06-26,40440.0,40440.0,40440.0,40440.0,40175.62109375,0,40175.62109375,0.0,38450.9705078125,0.04485323941529873,37329.847890625,0.0762331850765372,35562.726640625,0.1297114954019154,36476.83626953125,0.10140092185868399,41223.72265625,-0.02542471894738252,41223.72265625,-0.02542471894738252,0.6848118279569892,91.54015031848003,39318.7,37023.52,0.0,0.0,False,False,0.006095288999945048,0.1041638038095467,0.4068533523595561,0.12208655909503063,0.2693985483008998,0.22573832267663177,0.3335759519591741,0.9035087719298246
2026-06-29,40630.0,41030.0,39505.0,39885.0,39624.25,175135,39624.25,-0.013724021651423168,38608.9310546875,0.026297515045789588,37377.13671875,0.060119995230205836,35596.0573046875,0.11316401310495827,36471.74478515625,0.08643691804201259,41223.72265625,-0.038799811205490475,41223.72265625,-0.038799811205490475,0.6048387096774194,76.1062175650687,45822.25,39960.44,3.82205151427527,4.382709499695198,True,True,-0.010297723183112173,0.08663670789122713,0.3019422075089244,0.10362475351841449,0.2803276408330264,0.23528863081931814,0.31173895607647406,0.8903508771929824
2026-06-30,40200.0,40720.0,39750.0,39900.0,39639.15234375,32837,39639.15234375,0.00037609150330930596,38742.055078125,0.023155644784871754,37419.060859375,0.05933049716876515,35628.7919140625,0.11255954003045021,36464.51734375,0.08706093570560136,41223.72265625,-0.0384383119815056,41223.72265625,-0.0384383119815056,0.6115591397849462,76.77669166554395,44803.1,39884.3,0.732918034689564,0.823306413801922,False,False,-0.007215661842822185,0.0720043295878694,0.24163685581347893,0.012176593673800973,0.2838586979281257,0.23275139906081163,0.2977930955955211,0.8845029239766082
2026-07-01,39950.0,40850.0,39905.0,40785.0,40518.3671875,44664,40518.3671875,0.022180465316852915,38892.31640625,0.041809049485895144,37472.40984375,0.08128533383496905,35659.0428515625,0.13627186675103298,36460.99056640625,0.11127993392565849,41223.72265625,-0.01711042631039683,41223.72265625,-0.01711042631039683,0.7473118279569892,85.00001282159772,44953.95,40295.98,0.9935500662344466,1.108398405994841,False,False,0.010405045449077166,0.08011130266435806,0.21891813412856131,0.04123052028389984,0.3017969719455509,0.23903604173245968,0.2900183875105738,0.881578947368421
2026-07-02,40750.0,41675.0,40510.0,41515.0,41243.59375,43251,41243.59375,0.017898711444713333,39116.590625,0.05437598448676151,37544.535234375,0.09852455204288213,35706.7787109375,0.15506341481782826,36463.52390625,0.1310918235999312,41243.59375,0.0,41243.59375,0.0,0.9401881720430108,82.00783110727427,45584.55,40626.34,0.9488083133430076,1.064604884417351,False,False,0.026582604753212946,0.12202706970698207,0.2412916799612883,0.06558009058030256,0.3061763159141604,0.2259510789512202,0.2913945872504303,0.8830409356725146
2026-07-03,41400.0,42565.0,41390.0,41895.0,41621.109375,44049,41621.109375,0.009153315477024915,39347.8189453125,0.057774242400754794,37634.244921875,0.10593714478399496,35762.6112890625,0.16381628395601067,36469.68337890625,0.14125228186305794,41621.109375,0.0,41621.109375,0.0,0.9401881720430108,83.59097548067123,46441.8,41091.98,0.9484774491944756,1.0719610006624163,False,False,0.03597923919774493,0.12499996040592887,0.16585498170029633,0.07025167528727039,0.31629346476908826,0.22624593811898344,0.25178330699000756,0.52046783625731
2026-07-06,41895.0,42260.0,41510.0,42125.0,41849.60546875,44661,41849.60546875,0.005489908779011232,39621.7662109375,0.056227661481620395,37742.234296875,0.1088269215745683,35820.0830859375,0.16832798428598883,36480.81015625,0.1471676558032855,41849.60546875,0.0,41849.60546875,0.0,0.9401881720430108,84.92063421301576,47039.5,41382.06,0.9494361122035736,1.0792357847821012,False,False,0.05616145337135725,0.15064189896367575,0.14563505358077955,0.08962753011566615,0.30651008787831446,0.20950135690234556,0.24819744874841812,0.4619883040935672
2026-07-07,42180.0,42520.0,41660.0,41935.0,41660.84765625,33064,41660.84765625,-0.004510384515833743,39826.17109375,0.046067108941534984,37835.8184375,0.10109545337491421,35882.7208984375,0.16102811083270163,36493.17876953125,0.14160643333798362,41849.60546875,-0.004510384515833743,41849.60546875,-0.004510384515833743,0.842741935483871,80.63420703192142,46370.75,41424.46,0.713035695993703,0.7981757637878684,False,False,0.05100248600090884,0.10880485607920631,0.12335922757142304,0.1036978594205129,0.31530768902054485,0.1892958106833866,0.24713000392621806,0.44883040935672514
2026-07-08,42000.0,42055.0,41310.0,41610.0,41337.97265625,64656,41337.97265625,-0.007750082347437792,40015.9224609375,0.0330381036849281,37921.0575,0.09010600920741729,35942.6763671875,0.15010836238082503,36501.57353515625,0.13249837343137028,41849.60546875,-0.012225511011855206,41849.60546875,-0.012225511011855206,0.7889784946236559,70.01271016233436,47177.35,42282.36,1.3704881685808974,1.5291483256847536,False,False,0.02022799845209078,0.10108496582143323,0.13641946267896365,0.10488579371830986,0.2998846719303958,0.19379583381979684,0.24403479025570213,0.40789473684210525
2026-07-09,41610.0,42320.0,41610.0,42225.0,41948.953125,25168,41948.953125,0.01478012658798411,40247.39921875,0.04227736299187512,38037.88875,0.10282022750276854,35998.8566796875,0.16528570610604598,36513.74345703125,0.14885380553666905,41948.953125,0.0,41948.953125,0.0,0.9401881720430108,73.12074504721481,46695.25,42091.04,0.5389841579175612,0.5979419848024663,False,False,0.017102277247602826,0.12405164410995417,0.13875412998485115,0.11396913065045466,0.24395028476436798,0.1923695520001428,0.24445219819601124,0.4137426900584795
2026-07-10,42325.0,42485.0,41720.0,41815.0,41541.6328125,12016,41541.6328125,-0.009709904113369916,40384.2486328125,0.02865929709899606,38153.5278125,0.0888018800424002,36051.70890625,0.15227915881952137,36523.33037109375,0.13739991371044225,41948.953125,-0.009709904113369916,41948.953125,-0.009709904113369916,0.8064516129032258,66.13419894930166,43371.0,41673.82,0.2770514860160015,0.28833449873325745,False,False,-0.0019095253272546353,0.07053249203316003,0.11685363758377987,0.11640634718677023,0.17958654023517728,0.15302148055946838,0.24517152028740982,0.4239766081871345
2026-07-13,41700.0,42050.0,41310.0,41695.0,41422.41796875,18121,41422.41796875,-0.0028697678853424335,40514.640625,0.022406155645123604,38269.66359375,0.0823825996608678,36111.3166796875,0.14707581382791224,36532.79310546875,0.13384207578011065,41948.953125,-0.01255180682771806,41948.953125,-0.01255180682771806,0.7849462365591398,65.99365204586974,42004.15,41596.6,0.4314097535600649,0.4356365664501426,False,False,-0.010207682849459387,0.06718712323373999,0.11171848520172589,0.11320252010462117,0.17244876602048298,0.1542858807634149,0.24537117636311856,0.4327485380116959
2026-07-14,41600.0,41860.0,41400.0,41460.0,41188.953125,11517,41188.953125,-0.005636195451606207,40634.601171875,0.013642362349767234,38380.732734375,0.07316745123289081,36170.6760546875,0.13873882430964857,36542.181328125,0.1271618613883505,41948.953125,-0.018117257842772405,41948.953125,-0.018117257842772405,0.7419354838709677,61.490017452439005,41438.6,41530.9,0.27792927367237313,0.2773115920916715,False,False,-0.011327050643416436,0.06185168557972909,0.09711565733991723,0.12555998476534014,0.18407214140718375,0.15697451783032476,0.24555365463378018,0.43567251461988304
2026-07-15,41470.0,42040.0,41365.0,41445.0,41174.05078125,17566,41174.05078125,-0.00036180438247057634,40744.6271484375,0.010539392868857522,38476.10515625,0.07012002940640039,36231.02890625,0.1364306238111639,36552.38916015625,0.1264393854213932,41948.953125,-0.018472507321957155,41948.953125,-0.018472507321957155,0.7379032258064516,60.68012361629475,40972.55,41075.18,0.42872606171692995,0.4276548514212232,False,False,-0.003965406730589094,0.0564618976180149,0.0877953030159957,0.13516848284026106,0.1733943659118229,0.15729123929091407,0.24520648887331517,0.4269005847953216
2026-07-16,41500.0,41550.0,40985.0,41110.0,40841.2421875,21013,40841.2421875,-0.008082969429414444,40798.02578125,0.0010592768993704649,38539.98484375,0.05971090422271397,36284.824921875,0.1255736323775971,36564.06234375,0.11697769803417657,41948.953125,-0.026406164039403546,41948.953125,-0.026406164039403546,0.6801075268817204,56.646837857552434,39342.4,40405.46,0.5341056976696896,0.5200534779210533,False,False,-0.026406164039403546,0.0268515178368951,0.08512608255912846,0.15558684172627602,0.15120793968251323,0.14697449728917852,0.24556168067047462,0.4371345029239766
2026-07-17,41110.0,41550.0,40760.0,40855.0,40587.90625,13320,40587.90625,-0.006202943983362408,40830.8099609375,-0.0059490299401330216,38593.83046875,0.051668252594534,36342.843125,0.11680602726647571,36575.636171875,0.10969788903385513,41948.953125,-0.0324453120664141,41948.953125,-0.0324453120664141,0.635752688172043,60.23203495953573,37919.3,40070.96,0.35127230724195857,0.3324103041204903,False,False,-0.022958331147085342,0.016419912294748595,0.09296413484356325,0.16296606206557374,0.13373050165414058,0.14899880099670232,0.2441561690394115,0.4093567251461988
2026-07-20,40800.0,41120.0,40400.0,40960.0,40692.22265625,26595,40692.22265625,0.0025701351926721294,40863.5943359375,-0.004193749533598634,38666.25390625,0.05239630285654662,36399.9175390625,0.11792073739126518,36589.59431640625,0.11212554871110414,41948.953125,-0.029958565712121077,41948.953125,-0.029958565712121077,0.6532258064516129,60.973072245314626,37863.6,40216.62,0.7023896301461034,0.6612937636230991,False,False,-0.017628022416530054,0.01637722888459403,0.11638052197806603,0.14701769820397392,0.09699924021400386,0.1489922947339275,0.2405543781504175,0.3830409356725146
2026-07-21,41000.0,41325.0,40720.0,40870.0,40602.80859375,8634,40602.80859375,-0.002197325598439992,40897.3720703125,-0.0072025037710509165,38752.883828125,0.04773644134020327,36454.856015625,0.11378326597551602,36602.13677734375,0.10930159189183208,41948.953125,-0.03209006258722935,41948.953125,-0.03209006258722935,0.6370967741935484,51.05324548897934,36516.05,40049.2,0.23644397463581082,0.21558483065829032,False,False,-0.014230624640329426,0.01691963812703512,0.09791799140198365,0.1589394145495171,0.08102071265304533,0.14883440209079088,0.23924511851269484,0.3684210526315789
2026-07-22,40830.0,41635.0,40715.0,41560.0,41288.30078125,15755,41288.30078125,0.016882876117232826,40956.7314453125,0.00809560050904512,38857.098046875,0.0625677895822827,36516.74875,0.13066749353609963,36619.10015625,0.12750724635714672,41948.953125,-0.015748959021250952,41948.953125,-0.015748959021250952,0.7540322580645161,50.563217678096365,35846.2,39982.72,0.43951660148077065,0.3940452275382965,False,False,0.0027748059234440348,0.02960485140832958,0.11361201399868781,0.17700368530327326,0.09484290475364276,0.15900883523636414,0.2412650280135895,0.38742690058479534
2026-07-23,41540.0,42985.0,41125.0,42240.0,41963.85546875,39162,41963.85546875,0.016361891255325833,41046.1431640625,0.022358064216152496,38962.30578125,0.07703727044163933,36573.0780859375,0.14739742086092766,36638.57203125,0.1453463697481967,41963.85546875,0.0,41963.85546875,0.0,0.9401881720430108,54.01630452196441,34559.2,40349.98,1.1331859533785504,0.9705581018875349,False,False,0.027487246252112962,0.04451043509264352,0.1621957372819709,0.16733461555178852,0.10786163025838036,0.16753907685838407,0.2358300631696796,0.32894736842105265
2026-07-24,42200.0,42200.0,41500.0,41755.0,41482.0234375,20543,41482.0234375,-0.011482072509014674,41111.46328125,0.009013548209533262,39042.08078125,0.062495200241012405,36622.900234375,0.1326799126237448,36654.0948828125,0.13171593979125573,41963.85546875,-0.011482072509014674,41963.85546875,-0.011482072509014674,0.7943548387096774,45.93406954265898,35586.35,40259.68,0.577271903412404,0.5102623766507831,False,False,0.022029152772570004,0.032517290540487354,0.1600222317427602,0.1593779835614464,0.10645041940703193,0.17438589586387893,0.2362710091574325,0.33187134502923976
2026-07-27,41905.0,42165.0,41130.0,41250.0,40980.32421875,22295,40980.32421875,-0.012094376724556377,41179.2669921875,-0.004831139259356965,39123.4453125,0.04746204971004242,36670.834765625,0.1175181716115361,36666.26478515625,0.11765745594408705,41963.85546875,-0.02343758072306834,41963.85546875,-0.02343758072306834,0.6975806451612904,42.95992409290537,27944.35,40276.62,0.7978356984506707,0.5535469460942849,False,False,0.007080015386078831,0.034223340978062566,0.15062756091213036,0.129208809431268,0.09107179591820613,0.17256578051155488,0.23780870358890424,0.3538011695906433
2026-07-28,41705.0,41705.0,40925.0,41310.0,41039.93359375,25733,41039.93359375,0.001454585246368767,41249.3060546875,-0.005075781412174907,39206.49875,0.04676354436648089,36729.8464453125,0.11734563483282834,36678.8817578125,0.11889816774494788,41963.85546875,-0.022017087435829974,41963.85546875,-0.022017087435829974,0.7110215053763441,46.73913972575575,27589.15,40390.94,0.9327217402493371,0.6370983195736469,False,False,0.01076588086242114,0.03533832504420009,0.15165882595774693,0.1285343962055583,0.10901036489952198,0.17249519154717777,0.23778530643857712,0.3508771929824561
2026-07-29,41355.0,41630.0,39705.0,41065.0,40796.53515625,46738,40796.53515625,-0.005930770744158043,41263.214453125,-0.011309814396674,39290.645,0.038326939052540476,36806.0946875,0.10841792650458038,36692.3680078125,0.11185342814515664,41963.85546875,-0.02781727988195193,41963.85546875,-0.02781727988195193,0.6653225806451613,36.28845376253131,27692.85,40554.58,1.6877280597699407,1.1524715580829588,True,False,-0.01191053193507352,0.006865231450783105,0.12061677355391054,0.08810278260329607,0.0959020957990524,0.15655505623508434,0.2349987383418859,0.3230994152046784
2026-07-30,41065.0,41600.0,40905.0,41550.0,41278.36328125,27710,41278.36328125,0.01181051584784365,41264.9529296875,0.0003249816275170403,39416.616015625,0.04723254946307409,36888.7507421875,0.1189959662700737,36707.69216796875,0.12451534932696284,41963.85546875,-0.016335300458998003,41963.85546875,-0.016335300458998003,0.7513440860215054,46.92217130842769,26915.8,38797.9,1.0295068324181336,0.7142139136396557,False,False,-0.016335300458998003,0.0008430286521770025,0.09645072920940256,0.1318441030632833,0.11089267120144686,0.14882408509118275,0.22626837327737748,0.2573099415204678
2026-07-31,41590.0,41715.0,40920.0,41085.0,40816.40625,19054,40816.40625,-0.011191263280049601,41224.7177734375,-0.00990453168609895,39516.3596875,0.03289894546919103,36965.7441015625,0.10416839271131395,36719.9117578125,0.11156057561374544,41963.85546875,-0.027343751090852297,41963.85546875,-0.027343751090852297,0.668010752688172,43.44088258199372,25666.05,37313.9,0.7423814728016193,0.5106408067770991,False,False,-0.016045918987121488,-0.019334014327915816,0.07707436544455981,0.13259821216624457,0.10078335869240118,0.14989737432859507,0.22753558726917603,0.26608187134502925
2026-08-03,41325.0,41600.0,41105.0,41300.0,41030.0,14910,41030.0,0.005233036654225254,41183.7375,-0.003732966198126242,39615.507265625,0.035705531293357406,37062.1099609375,0.10706055438410145,36733.64638671875,0.11695962791307912,41963.85546875,-0.022253805288349415,41963.85546875,-0.022253805288349415,0.706989247311828,48.27215180198618,24178.5,37177.7,0.6166635647372666,0.4010468641147785,False,False,0.0012121861453520122,-0.01958454469450177,0.10679355279436487,0.1364887292783845,0.09482284363673199,0.1497540850904114,0.22250063969743009,0.22514619883040934
2026-08-04,41160.0,41555.0,41000.0,41200.0,41200.0,14478,41200.0,0.004143309773336545,41160.6951171875,0.0009549129989325778,39727.492734375,0.037065195014204466,37155.40720703125,0.10885610189742079,36750.83884765625,0.1210628462328962,41963.85546875,-0.018202699923957955,41963.85546875,-0.018202699923957955,0.7405913978494624,50.27287163819101,23249.2,37043.52,0.6227311047261841,0.39083758778863353,False,False,0.0039002598745523365,-0.011061888611881399,0.13588390273994078,0.16393826333374872,0.03898580673989249,0.1501723179670125,0.21714501188487711,0.20175438596491227
2026-08-05,41405.0,43650.0,41310.0,42920.0,42920.0,116771,42920.0,0.04174757281553387,41239.796484375,0.04074228436751848,39869.904375,0.07650120241854741,37269.5305859375,0.15161096276845853,36774.7933984375,0.16710376955710116,42920.0,0.0,42920.0,0.0,0.9401881720430108,66.92239690656083,25854.95,39080.88,4.516388544553364,2.987931694475662,True,True,0.05205012718891866,0.03827055953869585,0.189658183539535,0.2144044742613589,0.07844329508854009,0.20957238309606682,0.23113699350411343,0.2894736842105263
2026-08-06,42920.0,42920.0,41870.0,42000.0,42000.0,30753,42000.0,-0.02143522833178002,41242.348828125,0.018370708589669826,39993.916015625,0.050159728884544785,37378.52716796875,0.12363977882979804,36793.50220703125,0.1415059040499218,42920.0,-0.02143522833178002,42920.0,-0.02143522833178002,0.7123655913978495,60.3697822063469,26134.2,39695.94,1.1767339348439976,0.774713988382691,False,False,0.017482202814901537,0.0012168807847932062,0.14430601331107162,0.15604002960632268,0.046833838787004645,0.2193890159500418,0.23449730448914624,0.3201754385964912
2026-08-07,42350.0,42950.0,42000.0,42950.0,42950.0,28216,42950.0,0.02261904761904754,41312.7671875,0.03963018998629009,40125.204765625,0.07039952196817167,37508.15052734375,0.1450844522096364,36815.7440234375,0.1666204538106668,42950.0,0.0,42950.0,0.0,0.9401881720430108,64.74827266459508,26944.2,36895.18,1.0472012529598207,0.7647611422413443,False,False,0.052272944779404806,0.033902547688886564,0.14553881435815885,0.18461810794018008,0.07037966294216358,0.2298796066699016,0.2348919316100444,0.3216374269005848
2026-08-10,42950.0,43505.0,42620.0,43505.0,43505.0,40508,43505.0,0.012922002328288773,41416.8962890625,0.05041671148808269,40266.003984375,0.08043996660015917,37641.635,0.1557680743676515,36838.47587890625,0.1809663391886147,43505.0,0.0,43505.0,0.0,0.9401881720430108,67.87071411081195,28063.55,36804.06,1.4434381965218228,1.1006394403226167,False,False,0.0603217158176943,0.05027668913053662,0.17861088267449587,0.2268185913916667,0.06509277511901779,0.23247478971439273,0.2328672256566063,0.30409356725146197
2026-08-11,44105.0,45750.0,44000.0,45185.0,45185.0,150509,45185.0,0.0386162510056316,41616.6986328125,0.08574205750126684,40430.170546875,0.1176059707097259,37789.0384375,0.19571711449425533,36869.68224609375,0.22553266660678206,45185.0,0.0,45185.0,0.0,0.9401881720430108,71.37643814246316,35013.15,38749.84,4.298642081617906,3.884119263460185,True,True,0.0967233009708739,0.09701744210086671,0.22494861083798523,0.2817343197146698,0.12039270154721149,0.26287223285427136,0.24398501776792403,0.4064327485380117
2026-08-12,45040.0,46735.0,45040.0,46480.0,46480.0,96508,46480.0,0.02865995352439965,41881.99609375,0.10978473652396326,40609.507734375,0.14455955250734953,37945.81541015625,0.22490449862778727,36908.754453125,0.25932182455603336,46480.0,0.0,46480.0,0.0,0.9401881720430108,73.19797919886287,38960.25,39847.06,2.477088827715428,2.421960365457326,True,True,0.08294501397949672,0.12886633979589512,0.2703194171866481,0.3227556282435575,0.22299999095511525,0.27525319681188387,0.24811834743991795,0.4590643274853801
2026-08-13,46500.0,47285.0,46500.0,46750.0,46750.0,48750,46750.0,0.005808950086058529,42177.433984375,0.10841261745128805,40809.345546875,0.1455709316950784,38113.9355078125,0.22658548316054383,36950.840703125,0.26519448841785787,46750.0,0.0,46750.0,0.0,0.9401881720430108,77.66188310564173,40347.1,40209.28,1.2082652780497236,1.2124066882072995,False,False,0.11309523809523814,0.14467625116232274,0.3364851512568856,0.3183259199531183,0.22005808936334237,0.2700466551893633,0.22697161567349247,0.260233918128655
2026-08-14,46810.0,47315.0,46480.0,47100.0,47100.0,33575,47100.0,0.007486631016042855,42503.038671875,0.1081560629961944,41011.4146875,0.14846074827932632,38283.022265625,0.23031038858945907,36992.59068359375,0.2732279391529313,47100.0,0.0,47100.0,0.0,0.9401881720430108,82.65433948955716,41359.85,40342.7,0.8117776055764225,0.8322447431629515,False,False,0.09662398137369044,0.1604441901952014,0.3145694075443175,0.35398964070359495,0.23705006812824259,0.2655616517111245,0.22344222064299246,0.23684210526315788
2026-08-17,47105.0,47730.0,46870.0,46970.0,46970.0,29499,46970.0,-0.0027600849256900206,42816.9275390625,0.09699604104354753,41223.401484375,0.13940136691056781,38463.2769921875,0.2211648011567071,37036.00046875,0.2682254942628606,47100.0,-0.0027600849256900206,47100.0,-0.0027600849256900206,0.864247311827957,81.40666382824838,41505.05,40278.54,0.7107327903471987,0.7323751059497191,False,False,0.07964601769911495,0.154274623845984,0.302095566549726,0.34258378419902225,0.2213663540401427,0.2675669070530347,0.22391087689572345,0.2412280701754386
2026-08-18,47010.0,48940.0,46775.0,48730.0,48730.0,93891,48730.0,0.0374707259953162,43223.287109375,0.12740152956646855,41446.546484375,0.17573125226177289,38651.74349609375,0.26074519781817296,37093.97234375,0.3136905249300044,48730.0,0.0,48730.0,0.0,0.9401881720430108,86.20147168236016,45767.9,41227.58,2.0514596474821873,2.277383246845922,True,True,0.07845523957065392,0.2001632815002119,0.3687922889565325,0.3879647445775396,0.27041363028947796,0.28529074960713313,0.23081231585643147,0.2821637426900585
2026-08-19,48730.0,49130.0,48315.0,48460.0,48460.0,52957,48460.0,-0.005540734660373525,43581.8720703125,0.11193020625220984,41664.887578125,0.16308966174776351,38834.43025390625,0.24786174750498735,37151.43865234375,0.3043909403746019,48730.0,-0.005540734660373525,48730.0,-0.005540734660373525,0.8360215053763441,83.4167920516522,47628.0,41316.24,1.1118879650625682,1.2817478066735986,False,False,0.04259896729776247,0.1736980956602321,0.35365329241669974,0.38066504024161096,0.26174069069383665,0.2884883550246624,0.23188737064771084,0.2953216374269006
2026-08-20,48545.0,48750.0,47900.0,48750.0,48750.0,47793,48750.0,0.00598431696244317,43921.179296875,0.10994287449537055,41893.49921875,0.16366502939867278,39027.71634765625,0.24911228640021643,37210.18111328125,0.3101253082210851,48750.0,0.0,48750.0,0.0,0.9401881720430108,87.51607039943255,48059.55,41575.9,0.9944537558091991,1.1495361495481757,False,False,0.04278074866310155,0.16171403831813214,0.3617539827757761,0.3418321772216246,0.2717584832812674,0.286939546010267,0.23164243785028385,0.29385964912280704
2026-08-21,48635.0,48635.0,48060.0,48200.0,48200.0,30216,48200.0,-0.011282051282051286,44257.078125,0.08909132825858013,42081.406328125,0.14539898272804774,39224.14556640625,0.2288349256301243,37267.26638671875,0.2933602239518549,48750.0,-0.011282051282051286,48750.0,-0.011282051282051286,0.7956989247311828,82.85976168652613,48543.2,40610.2,0.6224558743552135,0.7440495245036962,False,False,0.023354564755838636,0.1619491048362629,0.32470124654524724,0.32055487020426376,0.2334355065330338,0.2867632423093717,0.2329071643919529,0.3055555555555556
2026-08-24,48200.0,48595.0,47785.0,48100.0,48100.0,28127,48100.0,-0.0020746887966804906,44613.0619140625,0.07815957785310368,42267.114765625,0.13800055354425966,39400.79833984375,0.22078744661778216,37319.75361328125,0.28886167091098636,48750.0,-0.013333333333333308,48750.0,-0.013333333333333308,0.7741935483870968,81.82656826568265,48834.8,40263.58,0.5759622236601767,0.698571761378397,False,False,0.02405790930381091,0.17373400325594512,0.3190716707462735,0.32921135611273034,0.21466443730918527,0.2797154914805092,0.23327487726030136,0.31140350877192985
2026-08-25,48110.0,48680.0,47790.0,48680.0,48680.0,27786,48680.0,0.012058212058212003,44995.065234375,0.0818964201169734,42464.919921875,0.14635798417986456,39568.3491796875,0.23027624374559408,37379.2637109375,0.30232634801085734,48750.0,-0.0014358974358974486,48750.0,-0.0014358974358974486,0.8709677419354839,79.69072164948454,48937.45,40362.74,0.567786020726458,0.6884071794927699,False,False,-0.001026061974143233,0.18616176336634016,0.31650571918866066,0.3853645435218671,0.22700246659191659,0.2788615623090765,0.23297383221938395,0.3084795321637427
2026-08-26,48670.0,49190.0,48310.0,48895.0,48895.0,28910,48895.0,0.004416598192276133,45399.9884765625,0.07698265221458755,42663.349296875,0.14606567008515325,39724.886640625,0.230840516735348,37440.891953125,0.3059250848301167,48895.0,0.0,48895.0,0.0,0.9401881720430108,88.32684824902724,48046.05,40403.2,0.6017143969171243,0.7155373831775701,False,False,0.008976475443664977,0.1985086432642631,0.30340993010365946,0.47399692744594346,0.2467829682134648,0.2740296797842092,0.23207507692780238,0.30116959064327486
2026-08-27,48945.0,48945.0,48460.0,48780.0,48780.0,28795,48780.0,-0.0023519787299315364,45775.0703125,0.06564555044887466,42843.48390625,0.13856287006771595,39880.423125,0.22315653088999166,37499.610546875,0.3008135094903015,48895.0,-0.0023519787299315364,48895.0,-0.0023519787299315364,0.8682795698924731,85.72303921568627,48100.3,39906.78,0.5986449148965807,0.7215565876274659,False,False,0.0006153846153846843,0.1817329012693072,0.32705410668309165,0.4776105733744507,0.2485950695828627,0.27686066775579504,0.22680801918376495,0.25877192982456143
2026-08-28,48780.0,48930.0,48020.0,48640.0,48640.0,26114,48640.0,-0.002870028700286964,46166.25,0.053583516096715744,43017.639453125,0.1306989555529079,40009.8223828125,0.21570147286869412,37560.60953125,0.2949736600928181,48895.0,-0.005215257183761146,48895.0,-0.005215257183761146,0.8373655913978495,83.15041962556488,48453.3,39593.42,0.5389519392899967,0.6595540370091798,False,False,0.009128630705394158,0.19167767250454593,0.31471743295272003,0.4687289528035603,0.25265647165033567,0.2705031399862416,0.22732545624281625,0.26169590643274854
