Date,Open,High,Low,Close,Adj Close,Volume,Price,daily_return,sma20,price_vs_sma20,sma50,price_vs_sma50,sma100,price_vs_sma100,sma200,price_vs_sma200,ath,current_drawdown,high_252d,drawdown_from_252d_high,drawdown_percentile,rsi14,volume_sma20,volume_sma50,volume_ratio_20,volume_ratio_50,abnormal_volume_1_5x,abnormal_volume_2_0x,return_5d,return_20d,return_60d,return_120d,return_252d,volatility_20d,volatility_60d,volatility_60d_percentile
2023-08-28,3533.0,3635.949951171875,3533.0,3592.89990234375,3592.89990234375,619104,3592.89990234375,,,,,,,,,,3592.89990234375,0.0,,,0.9778523489932885,,,,,,False,False,,,,,,,,
2023-08-29,3632.0,3675.0,3615.0,3664.35009765625,3664.35009765625,615528,3664.35009765625,0.019886497607654263,,,,,,,,,3664.35009765625,0.0,,,0.9778523489932885,,,,,,False,False,,,,,,,,
2023-08-30,3693.949951171875,3742.75,3684.550048828125,3736.300048828125,3736.300048828125,440057,3736.300048828125,0.019635119258363032,,,,,,,,,3736.300048828125,0.0,,,0.9778523489932885,,,,,,False,False,,,,,,,,
2023-08-31,3736.300048828125,3750.0,3680.10009765625,3720.39990234375,3720.39990234375,672799,3720.39990234375,-0.004255586081573393,,,,,,,,,3736.300048828125,-0.004255586081573393,,,0.9315436241610738,,,,,,False,False,,,,,,,,
2023-09-01,3730.0,3765.0,3716.0,3761.050048828125,3761.050048828125,361003,3761.050048828125,0.010926284149928689,,,,,,,,,3761.050048828125,0.0,,,0.9778523489932885,,,,,,False,False,,,,,,,,
2023-09-04,3771.949951171875,3781.949951171875,3739.10009765625,3755.75,3755.75,145378,3755.75,-0.0014091939110930651,,,,,,,,,3761.050048828125,-0.0014091939110930651,,,0.9516778523489933,,,,,,False,False,0.04532553148781515,,,,,,,
2023-09-05,3759.949951171875,3794.949951171875,3727.699951171875,3776.89990234375,3776.89990234375,232853,3776.89990234375,0.005631339238168165,,,,,,,,,3776.89990234375,0.0,,,0.9778523489932885,,,,,,False,False,0.030714806633647784,,,,,,,
2023-09-06,3777.0,3810.199951171875,3760.5,3796.800048828125,3796.800048828125,224923,3796.800048828125,0.005268910217087308,,,,,,,,,3796.800048828125,0.0,,,0.9778523489932885,,,,,,False,False,0.016192489684808686,,,,,,,
2023-09-07,3815.0,3856.800048828125,3770.0,3785.10009765625,3785.10009765625,443562,3785.10009765625,-0.0030815294514879854,,,,,,,,,3796.800048828125,-0.0030815294514879854,,,0.9395973154362416,,,,,,False,False,0.01739065611515067,,,,,,,
2023-09-08,3820.0,3825.0,3776.0,3782.39990234375,3782.39990234375,155200,3782.39990234375,-0.000713374875917272,,,,,,,,,3796.800048828125,-0.0037927060417152214,,,0.934228187919463,,,,,,False,False,0.005676567245436415,,,,,,,
2023-09-11,3791.699951171875,3815.0,3772.39990234375,3810.75,3810.75,170276,3810.75,0.007495267128862615,,,,,,,,,3810.75,0.0,,,0.9778523489932885,,,,,,False,False,0.01464421220794776,,,,,,,
2023-09-12,3836.0,3847.0,3740.050048828125,3753.25,3753.25,289753,3753.25,-0.015088893262481085,,,,,,,,,3810.75,-0.015088893262481085,,,0.8993288590604027,,,,,,False,False,-0.006261723359169302,,,,,,,
2023-09-13,3760.949951171875,3823.949951171875,3731.199951171875,3813.699951171875,3813.699951171875,282452,3813.699951171875,0.016106028421201568,,,,,,,,,3813.699951171875,0.0,,,0.9778523489932885,,,,,,False,False,0.004451090951962611,,,,,,,
2023-09-14,3845.0,3850.0,3775.0,3808.050048828125,3808.050048828125,281679,3808.050048828125,-0.0014814753169068995,,,,,,,,,3813.699951171875,-0.0014814753169068995,,,0.9489932885906041,,,,,,False,False,0.006063234942210727,,,,,,,
2023-09-15,3819.85009765625,3820.0,3770.0,3796.0,3796.0,252016,3796.0,-0.003164361989368647,,,,,,,,,3813.699951171875,-0.004641149382094478,,,0.9302013422818792,73.91096900735468,,,,,False,False,0.0035956265882470806,,,,,,,
2023-09-18,3795.800048828125,3810.0,3771.25,3797.89990234375,3797.89990234375,114208,3797.89990234375,0.0005005011442966723,,,,,,,,,3813.699951171875,-0.004142971138374363,,,0.9328859060402684,68.80186650681654,,,,,False,False,-0.003372065251262879,,,,,,,
2023-09-20,3789.949951171875,3789.949951171875,3715.5,3729.39990234375,3729.39990234375,182671,3729.39990234375,-0.01803628367291288,,,,,,,,,3813.699951171875,-0.022104531008586892,,,0.8738255033557047,49.019030727527046,,,,,False,False,-0.006354518792046848,,,,,,,
2023-09-21,3747.0,3775.0,3679.0,3686.949951171875,3686.949951171875,191005,3686.949951171875,-0.011382515225893952,,,,,,,,,3813.699951171875,-0.033235441073714345,,,0.8093959731543624,45.57833052456153,,,,,False,False,-0.033235441073714345,,,,,,,
2023-09-22,3687.0,3717.550048828125,3653.949951171875,3689.10009765625,3689.10009765625,148096,3689.10009765625,0.000583177562172077,,,,,,,,,3813.699951171875,-0.032671645675045324,,,0.8134228187919463,39.41134665644355,,,,,False,False,-0.03123644638244194,,,,,,,
2023-09-25,3700.0,3702.949951171875,3656.199951171875,3664.10009765625,3664.10009765625,112473,3664.10009765625,-0.006776720429972349,3746.0574951171875,-0.021878307411929754,,,,,,,3813.699951171875,-0.039226959496290736,,,0.7825503355704698,37.2513767499735,296751.8,,0.3790137077517306,,False,False,-0.03474707648676234,,,,,,,
2023-09-26,3664.10009765625,3680.949951171875,3625.0,3633.60009765625,3633.60009765625,170690,3633.60009765625,-0.008324008402365801,3748.0925048828126,-0.03054684671667207,,,,,,,3813.699951171875,-0.047224442358210106,,,0.7516778523489933,30.572167726064905,274331.1,,0.6222043362928957,,False,False,-0.04326069904741503,0.01132795135371012,,,,0.16722924130741598,,
2023-09-27,3650.0,3669.0,3625.0,3640.699951171875,3640.699951171875,427214,3640.699951171875,0.0019539446622660606,3746.9099975585937,-0.028346036188732326,,,,,,,3813.699951171875,-0.045362771643018385,,,0.7597315436241611,28.07582898086376,264915.4,,1.6126431305994289,,True,False,-0.023783974230312865,-0.0064541176072400175,,,,0.1511647604750683,,
2023-09-28,3692.0,3692.0,3651.0,3671.050048828125,3671.050048828125,451168,3671.050048828125,0.008336335886861779,3743.647497558594,-0.019392170010080534,,,,,,,3813.699951171875,-0.037404595057331735,,,0.7865771812080536,34.779126620082394,265470.95,,1.6995004538161331,,True,False,-0.004312481198367357,-0.017463800858409484,,,,0.13597893268271702,,
2023-09-29,3671.050048828125,3698.0,3651.300048828125,3675.60009765625,3675.60009765625,321455,3675.60009765625,0.0012394406961511173,3741.407507324219,-0.01758894467901284,,,,,,,3813.699951171875,-0.036211515138517836,,,0.7973154362416107,35.81675900564409,247903.75,,1.2966927688669494,,False,False,-0.0036594290321850798,-0.012041663762886734,,,,0.1355495596013725,,
2023-10-03,3675.39990234375,3740.25,3616.0,3725.699951171875,3725.699951171875,235045,3725.699951171875,0.013630387469945715,3739.640002441406,-0.0037276452440423435,,,,,,,3813.699951171875,-0.023074704650783873,,,0.8684563758389262,39.32202122200963,241605.85,,0.9728448214312692,,False,False,0.016811727811428367,-0.009398996875158439,,,,0.1388902632796799,,
2023-10-04,3760.0,3909.949951171875,3760.0,3872.949951171875,3872.949951171875,1737108,3872.949951171875,0.03952277476174215,3745.5,0.03402748662978916,,,,,,,3872.949951171875,0.0,,,0.9778523489932885,62.26434539512029,321192.35,,5.408310627572543,,True,True,0.06587127011307903,0.03120547192221923,,,,0.19835278144499982,,
2023-10-05,3880.0,3938.39990234375,3842.050048828125,3861.5,3861.5,607632,3861.5,-0.002956390171892198,3749.7300048828124,0.029807478130863707,,,,,,,3872.949951171875,-0.002956390171892198,,,0.9409395973154362,55.44419993293081,339931.3,,1.7875141241774442,,True,False,0.06064769186954111,0.022399348630804727,,,,0.19838653158975988,,
2023-10-06,3860.0,3890.800048828125,3786.75,3833.949951171875,3833.949951171875,345055,3833.949951171875,-0.007134545857341745,3751.5875,0.021954026441306507,,,,,,,3872.949951171875,-0.010069843527980349,,,0.9167785234899329,52.80971011406651,345937.9,,0.9974478078290929,,False,False,0.044374198165931134,0.009784529568581446,,,,0.19987711351271006,,
2023-10-09,3809.60009765625,3818.0,3771.0,3798.60009765625,3798.60009765625,278929,3798.60009765625,-0.009220217782138773,3752.2625,0.012349241998993898,,,,,,,3872.949951171875,-0.01919721515975914,,,0.8845637583892617,50.26849434422337,337706.25,,0.8259515481279959,,False,False,0.03346392336816817,0.003566616377822962,,,,0.2025311667247306,,
2023-10-10,3809.949951171875,3829.85009765625,3775.550048828125,3793.800048828125,3793.800048828125,284836,3793.800048828125,-0.0012636362619710129,3752.8325073242186,0.010916432167956458,,,,,,,3872.949951171875,-0.020436593124525393,,,0.8791946308724832,49.57915676980454,344188.05,,0.8275592368764692,,False,False,0.018278470770258792,0.0030139981965711105,,,,0.20257545615464298,,
2023-10-11,3812.5,3889.0,3804.300048828125,3852.050048828125,3852.050048828125,304828,3852.050048828125,0.0153539984317288,3754.897509765625,0.025873552822634593,,,,,,,3872.949951171875,-0.0053963781115803355,,,0.9261744966442953,62.86045760317677,350915.65,,0.8686645921890346,,False,False,-0.0053963781115803355,0.010837774408744894,,,,0.20815899133135413,,
2023-10-12,3874.800048828125,3890.0,3820.300048828125,3862.75,3862.75,226262,3862.75,0.0027777290108497166,3760.372509765625,0.02722535864957587,,,,,,,3872.949951171875,-0.002633638776764702,,,0.9436241610738255,69.74838313690364,347741.1,,0.6506622311829117,,False,False,0.0003237084034701798,0.029174715246786054,,,,0.19976822368860744,,
2023-10-13,3853.949951171875,3941.0,3836.050048828125,3935.85009765625,3935.85009765625,554574,3935.85009765625,0.018924366748106936,3766.480017089844,0.0449677364005423,,,,,,,3935.85009765625,0.0,,,0.9778523489932885,73.90757614465356,361347.2,,1.5347399952178957,,True,False,0.026578371596433614,0.032029301740647,,,,0.20272737003682664,,
2023-10-16,3825.050048828125,3873.89990234375,3772.75,3856.800048828125,3856.800048828125,1102582,3856.800048828125,-0.020084618790537356,3768.917517089844,0.02331771160811691,,,,,,,3935.85009765625,-0.020084618790537356,,,0.8805369127516779,66.90054382434548,402392.35,,2.740067001770784,,True,True,0.015321420964471866,0.012801827542944677,,,,0.2168093396928583,,
2023-10-17,3879.14990234375,3885.0,3834.300048828125,3842.85009765625,3842.85009765625,394330,3842.85009765625,-0.003616975470666084,3771.2600219726564,0.018983065412218947,,,,,,,3935.85009765625,-0.02362894868770038,,,0.8617449664429531,68.90073831009025,409508.05,,0.9629358934458065,,False,False,0.01292900210786696,0.012341964609128064,,,,0.21692292396905502,,
2023-10-18,3842.85009765625,3853.10009765625,3776.25,3795.949951171875,3795.949951171875,356321,3795.949951171875,-0.01220452145999118,3771.1625244140623,0.006572887431220975,,,,,,,3935.85009765625,-0.03554509013635554,,,0.8013422818791947,63.08249552947257,421613.7,,0.8451361993217962,,False,False,-0.014563699055082813,-0.0005134287953907357,,,,0.22171400937764307,,
2023-10-19,3790.0,3790.0,3746.85009765625,3766.85009765625,3766.85009765625,168075,3766.85009765625,-0.007666026657343394,3773.0350341796875,-0.0016392470431386696,,,,,,,3935.85009765625,-0.04293862718517594,,,0.763758389261745,58.08985581226773,420883.9,,0.39933815477379864,,False,False,-0.024826846765581556,0.01004188241892856,,,,0.21338333787006983,,
2023-10-20,3760.050048828125,3780.949951171875,3742.10009765625,3749.5,3749.5,200038,3749.5,-0.004605996311625282,3776.1625366210938,-0.007060749203065653,,,,,,,3935.85009765625,-0.047346848338360004,,,0.748993288590604,56.10844059136205,421335.55,,0.4747712363696821,,False,False,-0.047346848338360004,0.016965255741604013,,,,0.20966615027268073,,
2023-10-23,3750.050048828125,3768.0,3641.35009765625,3668.949951171875,3668.949951171875,297128,3668.949951171875,-0.02148287740448729,3775.155029296875,-0.028132640196442682,,,,,,,3935.85009765625,-0.06781257920450545,,,0.7100671140939597,45.53395834758303,428787.15,,0.6929498703494262,,False,False,-0.04870620599409281,-0.005462076373903946,,,,0.22426352305476493,,
2023-10-25,3685.0,3755.0,3620.10009765625,3740.550048828125,3740.550048828125,333022,3740.550048828125,0.01951514700640189,3778.9775268554686,-0.010168750079686095,,,,,,,3935.85009765625,-0.04962080465016283,,,0.7422818791946308,38.17224797734557,439814.6,,0.7571872329840802,,False,False,-0.026620879354757432,0.02086459134148,,,,0.2332449799056083,,
2023-10-26,3728.050048828125,3731.949951171875,3662.0,3684.64990234375,3684.64990234375,289964,3684.64990234375,-0.014944365335223364,3781.5300170898436,-0.025619290157228414,,,,,,,3935.85009765625,-0.06382361855246632,,,0.7167785234899329,35.36373555322072,445778.3,,0.650466835195881,,False,False,-0.029320736642948875,0.01404937343557111,,,,0.23794232271368848,,
2023-10-27,3700.0,3758.0,3651.0,3665.449951171875,3665.449951171875,365480,3665.449951171875,-0.0052107938829309974,3782.7675170898438,-0.03101368651072256,,,,,,,3935.85009765625,-0.06870184071425767,,,0.7060402684563758,35.85935572804108,442691.6,,0.8255860287387428,,False,False,-0.026919081953239,0.006798143305392079,,,,0.23884041029029524,,
2023-10-30,3686.699951171875,3688.0,3624.25,3646.64990234375,3646.64990234375,254298,3646.64990234375,-0.005128988003809565,3781.547509765625,-0.03567259358067287,,,,,,,3935.85009765625,-0.0734784578012041,,,0.6859060402684564,36.88389579408331,432848.1,,0.5874994022152344,,False,False,-0.027430350088345157,-0.006646639560842771,,,,0.23772001232737297,,
2023-10-31,3657.64990234375,3671.25,3620.0,3633.39990234375,3633.39990234375,820386,3633.39990234375,-0.0036334719139021754,3779.4375,-0.03864003509946912,,,,,,,3935.85009765625,-0.0768449478024088,,,0.6778523489932886,36.353579501009676,457794.65,,1.7920392909790448,,True,False,-0.009689434116366247,-0.011481171561457115,,,,0.23795028451770936,,
2023-11-01,3637.5,3660.60009765625,3621.0,3639.449951171875,3639.449951171875,242467,3639.449951171875,0.0016651205456967855,3775.125,-0.035939220245190584,,,,,,,3935.85009765625,-0.07530778335813082,,,0.6818791946308724,30.14940207257193,458165.75,,0.5292124083915046,,False,False,-0.027028136593954533,-0.023150012381665697,,,,0.23226795848864834,,
2023-11-02,3639.0,3677.949951171875,3624.14990234375,3647.449951171875,3647.449951171875,216100,3647.449951171875,0.0021981343629753347,3763.85,-0.03092579375589488,,,,,,,3935.85009765625,-0.07327518562155444,,,0.687248322147651,29.79543620618314,382115.35,,0.5655360351265659,,False,False,-0.010095925571711128,-0.0582243516810147,,,,0.1769514183989084,,
2023-11-03,3667.60009765625,3667.60009765625,3621.25,3649.699951171875,3649.699951171875,316179,3649.699951171875,0.0006168693279196003,3753.2599975585936,-0.027592025720062585,,,,,,,3935.85009765625,-0.07270351750814241,,,0.6926174496644295,19.02804694556295,367542.7,,0.8602510674269955,,False,False,-0.004296880385712187,-0.054849164528842365,,,,0.17739996003176806,,
2023-11-06,3654.550048828125,3692.89990234375,3635.300048828125,3649.550048828125,3649.550048828125,277254,3649.550048828125,-4.107251164631176e-05,3744.040002441406,-0.025237431638461705,,,,,,,3935.85009765625,-0.07274160390371909,,,0.6912751677852349,22.94741659198941,364152.65,,0.7613675199123224,,False,False,0.0007952906262020942,-0.048096585686358995,,,,0.17686464503062274,,
2023-11-07,3649.5,3667.949951171875,3636.0,3653.300048828125,3653.300048828125,287032,3653.300048828125,0.0010275239275603365,3736.775,-0.02233876836894788,,,,,,,3935.85009765625,-0.07178882371469886,,,0.6939597315436241,24.58094742321707,364557.8,,0.7873429124270555,,False,False,0.0054770041887044485,-0.03825094642570448,,,,0.17535975475888427,,
2023-11-08,3658.0,3727.949951171875,3658.0,3712.39990234375,3712.39990234375,246719,3712.39990234375,0.01617711458837956,3732.7049926757813,-0.005439779026704117,3741.6539990234373,-0.007818493288615835,,,,,3935.85009765625,-0.05677304515371706,,,0.723489932885906,39.15075467690444,362651.95,360944.14,0.6803189669874931,0.6835379014603201,False,False,0.020044224306034364,-0.021456098222551012,,,,0.18674472468879055,,
2023-11-09,3733.89990234375,3765.0,3725.0,3747.60009765625,3747.60009765625,248748,3747.60009765625,0.009481789742068703,3727.4824951171877,0.005397101814808014,3744.7480029296876,0.0007616252747397745,,,,,3935.85009765625,-0.047829565488812786,,,0.7476510067114094,47.539309628549596,359847.95,353537.02,0.6912586274286125,0.7035981691535443,False,False,0.02745757935683213,-0.02711541902308634,,,,0.18099119482447878,,
2023-11-10,3750.0,3800.0,3738.550048828125,3798.39990234375,3798.39990234375,205429,3798.39990234375,0.013555289615684973,3724.264990234375,0.019905917625026248,3747.4289990234374,0.013601566122692477,,,,,3935.85009765625,-0.034922619485521,,,0.8053691275167785,55.75834798598405,358806.3,345335.04,0.5725345402240708,0.5948686817300671,False,False,0.04074306193968891,-0.016659141196362692,,,,0.18812369827598371,,
2023-11-13,3809.949951171875,3819.800048828125,3740.199951171875,3798.449951171875,3798.449951171875,166502,3798.449951171875,1.3176292494643249e-05,3717.394982910156,0.02180423889157601,3748.6719970703125,0.013278823578180665,,,,,3935.85009765625,-0.034909903343675386,,,0.8067114093959732,68.81719896071756,339402.7,339863.94,0.4905735870692838,0.4899078142859169,False,False,0.04079952332522807,-0.034909903343675386,,,,0.17325032345884128,,
2023-11-15,3810.0,3814.949951171875,3750.10009765625,3791.949951171875,3791.949951171875,372291,3791.949951171875,-0.0017112243371785185,3714.152478027344,0.020946224907236743,3750.102998046875,0.011158881008546784,,,,,3935.85009765625,-0.036561389004643674,,,0.7946308724832215,59.21145203293012,302888.15,333853.78,1.229136894262783,1.1151318999593174,False,False,0.037951961374819154,-0.016814482689076482,,,,0.15911612467062589,,
2023-11-16,3795.0,3800.0,3765.0,3790.25,3790.25,148945,3790.25,-0.0004483052766426354,3711.5224731445314,0.021211653014394427,3750.6869970703124,0.010548201692274217,,,,,3935.85009765625,-0.03699330361767417,,,0.789261744966443,73.48758661135125,290618.9,329612.62,0.5125096819236463,0.4518789359460812,False,False,0.020970288682289118,-0.013687782848550545,,,,0.15876920111294068,,
2023-11-17,3794.949951171875,3843.0,3780.0,3810.89990234375,3810.89990234375,266479,3810.89990234375,0.005448163668293704,3712.269970703125,0.026568631166106638,3751.7899951171876,0.015755121502933678,,,,,3935.85009765625,-0.031746685522120455,,,0.8187919463087249,82.14367030351164,286126.8,332034.64,0.931331843084954,0.8025638529763038,False,False,0.0168907575616426,0.003938395227592428,,,,0.1540112642744215,,
2023-11-20,3810.89990234375,3833.0,3771.699951171875,3792.89990234375,3792.89990234375,252998,3792.89990234375,-0.004723293831183972,3713.5724609375,0.021361490112467907,3752.1099951171873,0.010871191750680298,,,,,3935.85009765625,-0.03632003042941734,,,0.7959731543624161,82.4351718895177,290372.95,332437.54,0.8712863922069876,0.7610392015294062,False,False,-0.001447978133267691,0.006915540574260692,,,,0.1523526820466439,,
2023-11-21,3796.0,3842.0,3796.0,3814.949951171875,3814.949951171875,196060,3814.949951171875,0.005813506656081158,3716.8449584960936,0.02639469597770816,3752.4729931640627,0.016649542347573876,,,,,3935.85009765625,-0.030717670511986594,,,0.8228187919463087,88.75138485461501,290174.05,331860.28,0.6756634509529712,0.5907907990676076,False,False,0.004343877163607068,0.017455647732197654,,,,0.1523117407207158,,
2023-11-22,3820.0,3873.85009765625,3812.35009765625,3838.25,3838.25,200608,3838.25,0.006107563434998076,3725.3099609375,0.030316950870331816,3753.5359912109375,0.022569121219944144,,,,,3935.85009765625,-0.024797717198215885,,,0.8590604026845637,89.52291089683665,285348.05,327001.2,0.7030291603534701,0.6134778710292195,False,False,0.012210089643671651,0.046144006072922794,,,,0.12807075284962183,,
2023-11-23,3848.0,3865.0,3798.949951171875,3844.39990234375,3844.39990234375,201012,3844.39990234375,0.001602267268612012,3730.5024536132814,0.03053139627884449,3754.7759912109377,0.02386930973847745,,,,,3935.85009765625,-0.02323518250020684,,,0.8671140939597315,89.44526753800491,278747.55,327917.44,0.7211256206556793,0.6129957589324923,False,False,0.014286630787876842,0.027763257317773293,,,,0.11072408385515906,,
2023-11-24,3820.0,3869.0,3799.0,3842.89990234375,3842.89990234375,96391,3842.89990234375,-0.0003901779310434561,3738.4149536132813,0.02794899710891663,3755.4189892578124,0.023294581333313857,,,,,3935.85009765625,-0.023616294575814933,,,0.8630872483221477,88.81081086383134,269068.9,326439.74,0.35823909786675456,0.29527961270891834,False,False,0.008396966810993778,0.042948449430525226,0.06958167686133354,,,0.09285129720676882,0.17357881305403117,0.059854014598540145
2023-11-28,3815.0,3934.0,3815.0,3912.14990234375,3912.14990234375,449705,3912.14990234375,0.018020245585310457,3750.749951171875,0.04303138126321837,3758.5969873046874,0.04085378548370944,,,,,3935.85009765625,-0.006021620418575679,,,0.9234899328859061,91.28931684333607,273280.15,329638.78,1.6455823813035815,1.3642357249350334,True,False,0.03144032351771586,0.06730413849819539,0.06762448949569388,,,0.10441873152227796,0.17275998573051593,0.05693430656934306
2023-11-29,3915.0,3937.0,3841.0,3861.5,3861.5,333845,3861.5,-0.012946820446068763,3761.4924560546874,0.026587197798133344,3759.55298828125,0.027116790755849163,,,,,3935.85009765625,-0.01889048002629079,,,0.887248322147651,78.52838396685732,277257.5,330666.64,1.2040972741945664,1.009611976581611,False,False,0.012202007739007259,0.05891711664400878,0.033509073022961244,,,0.11583491295122142,0.17076153263906366,0.04671532846715328
2023-11-30,3878.0,3962.0,3834.0,3949.75,3949.75,698850,3949.75,0.02285381328499292,3777.3099609375,0.045651545900591506,3762.3869873046874,0.049798974248934647,,,,,3949.75,0.0,,,0.9778523489932885,80.11676377361484,271180.7,339010.06,2.5770639282220302,2.061443250386139,True,True,0.029049697127597307,0.0870672389934799,0.061646625007103495,,,0.13293980881296594,0.17640948903793235,0.07591240875912408
2023-12-01,3969.64990234375,3995.0,3931.14990234375,3988.39990234375,3988.39990234375,380041,3988.39990234375,0.009785404732894465,3794.757458496094,0.051028938203707686,3766.2349853515625,0.058988596796609505,,,,,3988.39990234375,0.0,,,0.9778523489932885,80.2893208153017,278059.4,341570.56,1.3667619220929053,1.112628090664488,False,False,0.03745708138016801,0.09587985982868541,0.060448505221690096,,,0.1339938998990953,0.17615220413521937,0.07445255474452554
2023-12-04,4000.0,4049.0,3950.050048828125,3967.10009765625,3967.10009765625,389629,3967.10009765625,-0.0053404385741218086,3810.7399658203126,0.04103143568923073,3769.6189892578127,0.05238755135762907,,,,,3988.39990234375,-0.0053404385741218086,,,0.9275167785234899,72.92125260229042,286735.85,347078.98,1.3588429908572648,1.1225946324954625,False,False,0.032319393809022046,0.08763660934721695,0.05627373964088389,,,0.13840204372840637,0.17656930713004754,0.07737226277372262
2023-12-05,3950.0,4041.0,3949.0,4039.550048828125,4039.550048828125,443420,4039.550048828125,0.018262698038468583,3830.232470703125,0.05464879213625773,3775.8219921875,0.06984652803715341,,,,,4039.550048828125,0.0,,,0.9778523489932885,77.37289037605689,293097.9,352293.96,1.5128733436848232,1.2586647809687115,True,False,0.03256525175787628,0.10681702684382977,0.06954119867497366,,,0.14621959624730815,0.17985950056377145,0.09635036496350365
2023-12-06,4039.550048828125,4175.0,4039.0,4137.14990234375,4137.14990234375,861085,4137.14990234375,0.02416107049940841,3854.6124633789063,0.073298533030004,3784.8259912109374,0.09308853615753376,,,,,4137.14990234375,0.0,,,0.9778523489932885,82.47416997814904,322289.45,365695.56,2.6717753249447043,2.354649862306231,True,True,0.07138415184351943,0.13360547108326237,0.08964123713090277,,,0.15950686336182085,0.1857625787578874,0.15474452554744525
2023-12-07,4140.0498046875,4206.0,4095.0,4115.4501953125,4115.4501953125,414582,4115.4501953125,-0.005245085999653232,3877.719970703125,0.061306702496691345,3793.3529931640624,0.08491094889636774,,,,,4137.14990234375,-0.005245085999653232,,,0.9288590604026845,79.48329747580723,328666.95,371025.28,1.2614045920954327,1.1173955585991338,False,False,0.04195207172922344,0.1265021050303874,0.08727644953453262,,,0.16377335569893406,0.1860431349072543,0.1562043795620438
2023-12-08,4155.9501953125,4170.0,4027.64990234375,4070.64990234375,4070.64990234375,495575,4070.64990234375,-0.010885879027227041,3895.632470703125,0.04492657686699997,3801.4839892578125,0.07080548381804141,,,,,4137.14990234375,-0.01607386765520069,,,0.897986577181208,72.5614752360191,341109.75,378687.32,1.452831530028092,1.3086654182136332,False,False,0.02062230518852104,0.0965009183880825,0.07620822954796158,,,0.1695911943673236,0.1877119004001857,0.16642335766423358
2023-12-11,4070.64990234375,4075.0,4025.050048828125,4069.75,4069.75,239939,4069.75,-0.00022107092610246237,3911.7399658203126,0.040393798043922846,3810.2069873046876,0.06811782497908636,,,,,4137.14990234375,-0.01629138511649464,,,0.8953020134228188,74.78295913398705,340669.3,380072.3,0.7043164734832285,0.6312983082429316,False,False,0.025875299290883946,0.08596165384487597,0.06796562356491509,,,0.16943765736956254,0.18728858890233724,0.1635036496350365
2023-12-12,4080.89990234375,4100.0,4038.10009765625,4075.39990234375,4075.39990234375,349447,4075.39990234375,0.001388267668468668,3925.5899658203125,0.03816240051248765,3818.900986328125,0.06716563664098785,,,,,4137.14990234375,-0.01492573425125776,,,0.9006711409395973,74.02013741065088,347870.2,378516.96,1.0045327251371345,0.9232003765432333,False,False,0.008874714530650474,0.07292544416639246,0.08583225267268357,,,0.16598291664439857,0.18419979728496053,0.13576642335766423
2023-12-13,4075.0,4075.39990234375,3945.10009765625,4033.050048828125,4033.050048828125,388573,4033.050048828125,-0.010391582306136349,3937.319970703125,0.024313512449409824,3826.140986328125,0.054077741316732375,,,,,4137.14990234375,-0.02516221456144263,,,0.8550335570469799,67.35570249070005,358973.75,377265.06,1.0824551934507747,1.0299734621594696,False,False,-0.02516221456144263,0.0617620610175138,0.05751634907430203,,,0.17291055671101266,0.1831900704864521,0.12846715328467154
2023-12-14,4044.949951171875,4081.0,3996.050048828125,4070.050048828125,4070.050048828125,264682,4070.050048828125,0.009174198076403961,3951.2249755859375,0.030072970781565456,3834.0299853515626,0.061559263849868096,,,,,4137.14990234375,-0.01621885962546632,,,0.8966442953020134,69.0567097437437,353593.3,376129.6,0.7485492513574211,0.7036989378129241,False,False,-0.011031635502741777,0.0733396013231411,0.06880161674362095,,,0.17324621871054735,0.18387450305090952,0.1343065693430657
2023-12-15,4085.0,4097.89990234375,4017.0,4045.64990234375,4045.64990234375,300270,4045.64990234375,-0.005995048265168279,3963.994970703125,0.020599151170502372,3840.428984375,0.05343697769277944,,,,,4137.14990234375,-0.022116675044373868,,,0.87248322147651,66.48510103095403,361159.55,377434.1,0.8314053996357011,0.7955560984023436,False,False,-0.006141525456562991,0.06738339221522338,0.06576657069118808,,,0.17606173626971677,0.18425096700164442,0.13722627737226278
2023-12-18,4045.0,4079.800048828125,4000.0,4010.14990234375,4010.14990234375,221527,4010.14990234375,-0.008774857156926497,3973.957470703125,0.009107402861616709,3843.1729833984373,0.043447671928016796,,,,,4137.14990234375,-0.030697461536999815,,,0.8241610738255034,58.43084409256185,358911.95,347122.48,0.6172182341657891,0.638181082366086,False,False,-0.01464465818692795,0.05228423865907872,0.055886149044901634,,,0.18095631590321012,0.18536307475942732,0.14306569343065692
2023-12-19,4010.0,4048.949951171875,3990.25,4021.35009765625,4021.35009765625,185004,4021.35009765625,0.002792961755857082,3985.37998046875,0.009025517607801348,3846.3699853515627,0.045492272706754155,,,,,4137.14990234375,-0.027990236617217557,,,0.8402684563758389,64.75313721549199,355512.25,338669.92,0.5203871315264101,0.5462664059447618,False,False,-0.013262454233366472,0.06023101088729854,0.07828342440000147,,,0.17886969045367873,0.1811056657236512,0.10218978102189781
2023-12-20,4011.0,4046.449951171875,3905.0,3965.89990234375,3965.89990234375,244858,3965.89990234375,-0.013788949971010434,3992.9274780273436,-0.0067688621524741865,3849.008984375,0.030369094601562896,,,,,4137.14990234375,-0.04139323061583644,,,0.7677852348993288,51.58659118186293,357952.15,336665.98,0.6840523237533285,0.7273024735080154,False,False,-0.0166499660731676,0.03956800301548036,0.07565873007937429,,,0.1880613540914837,0.18189204486396923,0.10948905109489052
2023-12-21,3950.0,4009.89990234375,3920.050048828125,3954.5,3954.5,286850,3954.5,-0.0028744806032580117,3998.7399780273436,-0.01106347956367193,3852.126982421875,0.02657571207939835,,,,,4137.14990234375,-0.04414872718058305,,,0.7610738255033557,46.48122036935858,362264.25,336824.4,0.7918253043186017,0.8516307013387391,False,False,-0.028390326271637623,0.03028724027877283,0.07194163761302197,,,0.1881673260157591,0.18208657969498832,0.11532846715328467
2023-12-22,3977.949951171875,4015.0,3962.050048828125,4007.949951171875,4007.949951171875,224831,4007.949951171875,0.013516234965703644,4006.91748046875,0.0002576720654112741,3856.40998046875,0.03929560691695588,,,,,4137.14990234375,-0.03122921678488888,,,0.8214765100671141,53.97488227700573,363455.2,335624.3,0.6185934332484444,0.6698889204387167,False,False,-0.009318639052290356,0.04254241311587181,0.09384292032184627,,,0.1928963201040559,0.18302564288297057,0.12700729927007298
2023-12-26,4009.949951171875,4038.199951171875,3995.35009765625,4023.449951171875,4023.449951171875,299135,4023.449951171875,0.003867313761108271,4015.9449829101563,0.00186879259891648,3859.837978515625,0.042388300640321175,,,,,4137.14990234375,-0.027482676203601564,,,0.8456375838926175,48.2381154412967,373592.4,335510.44,0.800698836485967,0.89158179399723,False,False,0.00331659642457538,0.04698276130429768,0.1072902474235089,,,0.19274318902728593,0.18191528971297208,0.11094890510948906
2023-12-27,4020.0,4063.300048828125,4000.0,4027.449951171875,4027.449951171875,349033,4027.449951171875,0.0009941716806580736,4021.7099853515624,0.0014272450875920661,3863.1319775390625,0.042534910685989136,,,,,4137.14990234375,-0.026515827021333815,,,0.8469798657718121,34.90229336250745,368558.8,337965.86,0.9470212080134839,1.0327463253241023,False,False,0.0015168670639196247,0.029472298277489095,0.10622957266102429,,,0.18366628847009062,0.18192164724539103,0.11240875912408758
2023-12-28,4048.89990234375,4058.39990234375,4015.0,4044.64990234375,4044.64990234375,403866,4044.64990234375,0.004270680301531771,4030.86748046875,0.003419219793699968,3865.3079736328127,0.046397836843614426,,,,,4137.14990234375,-0.02235838733994089,,,0.8711409395973154,40.133746494053675,372059.85,334951.7,1.0854866495269513,1.2057439923427766,False,False,0.0198567795302802,0.0474297299867279,0.10176920732390604,,,0.17567809397940154,0.18148306054160895,0.10656934306569343
2023-12-29,4045.10009765625,4098.89990234375,3984.199951171875,4082.64990234375,4082.64990234375,224994,4082.64990234375,0.009395127122864277,4037.5124755859374,0.01117951387909022,3869.824970703125,0.05499600970375562,,,,,4137.14990234375,-0.013173320108397557,,,0.9114093959731544,51.704545454545446,348367.05,317399.94,0.6458532745849529,0.7088659185001737,False,False,0.032406094915602424,0.033647674496803504,0.11074376805764463,,,0.16073227254766712,0.1821667973282487,0.11678832116788321
2024-01-01,4075.0,4080.0,4042.10009765625,4064.75,4064.75,131614,4064.75,-0.004384383371563216,4041.32998046875,0.005795126763821878,3874.26296875,0.04916729524724528,,,,,4137.14990234375,-0.017499946594329185,,,0.8912751677852349,49.322493224932245,335945.7,312145.62,0.39177164642976525,0.4216429498514187,False,False,0.014171845836427499,0.01914303969654174,0.09100304728551234,,,0.15914569961167188,0.18091359325759765,0.09927007299270073
2024-01-02,4070.0,4155.0,4006.25,4103.35009765625,4103.35009765625,843252,4103.35009765625,0.009496303009102647,4048.14248046875,0.01363776533406691,3880.4109716796875,0.05745245222829065,,,,,4137.14990234375,-0.008169828380729438,,,0.9208053691275168,53.47682320327893,358626.85,321884.24,2.3513353782629496,2.619736834583762,True,True,0.019858615728798323,0.03434498667691699,0.05948957497234386,,,0.1600223875255469,0.1636086629349608,0.0072992700729927005
2024-01-03,4080.0,4080.0,3919.39990234375,3932.35009765625,3932.35009765625,964470,3932.35009765625,-0.04167326597300869,4042.7824829101564,-0.02731593542831734,3883.7209716796874,0.012521271824409874,,,,,4137.14990234375,-0.04950263092267415,,,0.7449664429530202,40.51075326950834,384679.35,337812.14,2.5072050267320045,2.8550483709673666,True,True,-0.023612920003625026,-0.026537596978894684,0.018347817598407312,,,0.21118219161727692,0.1854110968392123,0.14452554744525548
2024-01-04,3965.0,3965.0,3888.0,3897.85009765625,3897.85009765625,754490,3897.85009765625,-0.00877337956774571,4030.817492675781,-0.03298769921018263,3886.6879736328124,0.00287188580589981,,,,,4137.14990234375,-0.05784170511973319,,,0.7221476510067114,33.69628482099061,379349.6,348901.18,1.9889041664997145,2.162474772942872,True,False,-0.0362948112276501,-0.05784170511973319,0.01666692244243917,,,0.1898873603745001,0.18572458271972772,0.15328467153284672
2024-01-05,3902.0,3940.0,3810.0,3863.5,3863.5,513823,3863.5,-0.008812575341700435,4018.2199829101564,-0.03850460740531736,3890.578974609375,-0.006960140068122844,,,,,4137.14990234375,-0.06614454607717346,,,0.7127516778523489,33.07315275875807,384311.65,353235.08,1.3369956388259372,1.454620532026434,False,False,-0.05367834803026861,-0.06122056721752367,0.01708521578351818,,,0.1908899086024846,0.1856367876601843,0.14890510948905109
2024-01-08,3893.949951171875,3919.89990234375,3791.0,3804.39990234375,3804.39990234375,692896,3804.39990234375,-0.015297035759350375,4004.9074829101564,-0.050065471280427154,3891.8559716796876,-0.02247155855004379,,,,,4137.14990234375,-0.08042976634989529,,,0.6738255033557047,31.683445481891056,394177.7,360432.56,1.757826482827415,1.9224012392221168,True,False,-0.06405070364874843,-0.06540724611239634,0.0027939937211238774,,,0.19389956676794942,0.18836553277192422,0.17226277372262774
2024-01-09,3810.10009765625,3850.0,3787.0,3810.75,3810.75,440688,3810.75,0.0016691456784914127,3991.957482910156,-0.04539313950259183,3894.3779736328124,-0.021474025941760733,,,,,4137.14990234375,-0.07889486966832893,,,0.676510067114094,31.08836325019051,404215.15,363447.04,1.0902312790601738,1.2125232881247294,False,False,-0.07130761224185511,-0.06364027274402606,-0.010721576382604181,,,0.19441365391461132,0.18570618781385084,0.15036496350364964
2024-01-10,3818.89990234375,3837.949951171875,3792.35009765625,3822.0,3822.0,338253,3822.0,0.0029521747687462074,3979.287487792969,-0.03952654546208856,3897.508974609375,-0.019373649964960715,,,,,4137.14990234375,-0.07617560634320097,,,0.6805369127516778,35.96372659684418,403655.45,362902.5,0.8379745646937258,0.9320767974869283,False,False,-0.028062124408002376,-0.06217792325067795,-0.010549478998123085,,,0.19498268152923742,0.18571812613590924,0.15182481751824817
2024-01-11,3845.0,3845.0,3805.0,3821.35009765625,3821.35009765625,213492,3821.35009765625,-0.00017004247612506518,3968.702490234375,-0.037128606374680184,3901.002978515625,-0.020418564481507695,,,,,4137.14990234375,-0.0763326957306032,,,0.6791946308724832,36.734096200679325,394901.4,362086.38,0.54062102590672,0.5896162125733644,False,False,-0.019626203697776567,-0.052491277967995464,-0.029091555104749367,,,0.19330363052434685,0.1814329999101661,0.10510948905109489
2024-01-12,3827.949951171875,3848.0,3794.10009765625,3841.0,3841.0,456627,3841.0,0.005142136114616003,3957.2499877929686,-0.02937645793204069,3905.15498046875,-0.016428280257663297,,,,,4137.14990234375,-0.07158307272742936,,,0.6966442953020134,32.16537402465035,404498.65,354811.2,1.1288715055044065,1.2869576834102192,False,False,-0.005823734955351378,-0.05627696123640413,-0.004096673052295219,,,0.1905507729837127,0.17707263125936867,0.08467153284671533
2024-01-15,3924.949951171875,3933.0,3851.0,3858.25,3858.25,505101,3858.25,0.004491017964071808,3947.879992675781,-0.022703322502726775,3909.5309814453126,-0.013116913944074882,,,,,4137.14990234375,-0.06741353562889985,,,0.7114093959731543,32.41805725819401,414740.2,360063.88,1.2178732613814625,1.4028094125964536,False,False,0.014154689054395986,-0.0463213344869966,0.004007416878722969,,,0.19186601070042658,0.17714623854541353,0.08613138686131387
2024-01-16,3860.0,3865.0,3807.0,3828.300048828125,3828.300048828125,445672,3828.300048828125,-0.007762574009427814,3938.7875,-0.028051132784359334,3913.1479833984376,-0.021682781977650945,,,,,4137.14990234375,-0.0746528070787712,,,0.6845637583892618,29.91428115544629,425947.45,364655.32,1.0463074729054018,1.2221733114986502,False,False,0.004605405452502875,-0.045347395470015206,0.008522266645339505,,,0.19144597748217193,0.17605595541988808,0.07153284671532846
2024-01-17,3750.0,3811.89990234375,3750.0,3786.449951171875,3786.449951171875,516399,3786.449951171875,-0.010931770530645979,3927.0424926757814,-0.03580112559671089,3915.8829833984373,-0.03305334525451842,,,,,4137.14990234375,-0.08476849025296351,,,0.6684563758389261,25.19217155143255,442517.2,368659.72,1.1669580301059483,1.4007470086506875,False,False,-0.00930142564838432,-0.058413254449365404,0.0052032475430388025,,,0.19284695861692283,0.1768049592901115,0.08029197080291971
2024-01-18,3786.449951171875,3790.0,3740.0,3748.85009765625,3748.85009765625,489754,3748.85009765625,-0.00993010709252562,3916.1900024414062,-0.04273028241245558,3917.868984375,-0.04314051526297091,,,,,4137.14990234375,-0.09385683715920545,,,0.6630872483221476,17.903864933894226,454762.0,372909.72,1.0769457430480118,1.313331280289503,False,False,-0.018972352217732302,-0.05472901738120739,-0.00017333040238698416,,,0.19043744289607203,0.17775052826129514,0.0905109489051095
2024-01-19,3762.949951171875,3768.699951171875,3704.5,3731.699951171875,3731.699951171875,565533,3731.699951171875,-0.004574775207762283,3905.05,-0.04439124949184392,3919.436982421875,-0.04789897939218679,,,,,4137.14990234375,-0.0980022384352528,,,0.6590604026845638,17.92971668416517,468696.15,378479.74,1.206609015243671,1.4942226498041877,False,False,-0.028456143928176303,-0.05634088982883423,0.01710298609550609,,,0.19054888394461486,0.17229205792107335,0.05401459854014599
2024-01-23,3675.0,3714.0,3651.050048828125,3675.89990234375,3675.89990234375,299750,3675.89990234375,-0.014952983776362339,3888.4474975585936,-0.05466130000425462,3918.706982421875,-0.06196101958306244,3830.180490722656,-0.04028023973089512,,,4137.14990234375,-0.11148979633024558,,,0.6375838926174496,10.159377417739947,472442.1,379540.36,0.6344692820559388,0.7897710799452264,False,False,-0.047262385189205,-0.08284785311030085,-0.01728359349305575,,,0.18487810043752326,0.17037807440423366,0.04525547445255475
2024-01-24,3675.89990234375,3748.0,3646.050048828125,3727.75,3727.75,316651,3727.75,0.014105416097753398,3873.6625,-0.03766784019000102,3918.30998046875,-0.04863320702512497,3831.5289916992188,-0.027085529542918763,,,4137.14990234375,-0.09895699020038395,,,0.6550335570469799,25.485267910946362,473317.9,380898.42,0.6690027991757759,0.831326630338871,False,False,-0.02626493418636411,-0.07349412935675992,0.011697202936114648,,,0.19417753500823204,0.17006617210528552,0.042335766423357665
2024-01-25,3731.0,3750.0,3695.5,3734.25,3734.25,200269,3734.25,0.0017436791630340842,3859.0025024414062,-0.032327655232791686,3917.026982421875,-0.04666217088677416,3832.227990722656,-0.025566848047623658,,,4137.14990234375,-0.09738586027919893,,,0.6604026845637584,28.98793031869326,465879.7,380795.22,0.42987277616947034,0.5259230932573156,False,False,-0.013785987361517704,-0.07280039596434018,0.01876987811718145,,,0.19443781417528172,0.1697091371549297,0.040875912408759124
2024-01-29,3700.0,3764.199951171875,3689.0,3749.39990234375,3749.39990234375,216522,3749.39990234375,0.004057013414674904,3844.2400024414064,-0.024670702151120993,3916.0459814453125,-0.04255467884982744,3832.3589892578125,-0.021647003098247963,,,4137.14990234375,-0.0937239426060763,,,0.6644295302013423,34.585238104661826,456512.5,381795.62,0.47429588455956845,0.567114939663268,False,False,0.00014665955511095063,-0.07299766534278074,0.02817654635120337,,,0.19432309029351097,0.16948266150422583,0.03941605839416058
2024-01-30,3740.0,3772.85009765625,3680.0,3687.300048828125,3687.300048828125,263265,3687.300048828125,-0.016562611386639836,3824.472509765625,-0.03586702756713145,3913.9529833984375,-0.05790895688622011,3832.0279907226563,-0.03776797618517347,,,4137.14990234375,-0.10873424075370808,,,0.6416107382550336,34.30716972785933,458426.05,379615.1,0.5742801919742563,0.6935050792236663,False,False,-0.011898036531529543,-0.09683657991067618,0.014834630905782298,,,0.19294380986645635,0.1728731748650456,0.058394160583941604
2024-01-31,3680.0,3821.39990234375,3652.75,3792.699951171875,3792.699951171875,353880,3792.699951171875,0.028584574335697832,3810.870007324219,-0.004767954854776546,3914.001982421875,-0.030991816507701775,3832.3444897460936,-0.0103447220572922,,,4137.14990234375,-0.08325778840567022,,,0.6697986577181209,48.088524632547795,469539.35,383713.8,0.7536748517456524,0.9222498643520249,False,False,0.03177454553472825,-0.06692909744218589,0.04210801139074727,,,0.22686707294039662,0.18232302351627894,0.11970802919708029
2024-02-01,3810.0,3826.60009765625,3772.0,3808.199951171875,3808.199951171875,188297,3808.199951171875,0.004086798375708689,3796.1125,0.0031841656884179503,3913.9479833984374,-0.02701825182018447,3832.8689892578127,-0.006436180875233788,,,4137.14990234375,-0.07951124782438279,,,0.6751677852348993,48.55163111575523,436791.6,382150.16,0.4310911656726,0.49273039686807935,False,False,0.021581369773153947,-0.07192906758137907,0.044071886428038054,,,0.22359019761872265,0.18242803207293207,0.12262773722627737
2024-02-02,3808.199951171875,3815.0,3770.0,3784.300048828125,3784.300048828125,186318,3784.300048828125,-0.006275905322774666,3788.709997558594,-0.0011639710437881812,3913.775986328125,-0.03308210228492747,3832.9429907226563,-0.01269075538359632,,,4137.14990234375,-0.08528814808371599,,,0.6671140939597315,46.292397260775985,397884.0,380816.56,0.46827215972494496,0.4892591855774339,False,False,0.01340297217061659,-0.03764925430122956,0.036879770791303335,,,0.17337619131675103,0.18300104049170554,0.12554744525547445
2024-02-05,3785.0,3791.550048828125,3720.050048828125,3729.60009765625,3729.60009765625,216052,3729.60009765625,-0.014454443481249246,3780.297497558594,-0.01341095507300294,3912.0689892578125,-0.046642554643746226,3832.2709912109376,-0.026791136062704446,,,4137.14990234375,-0.09850979884886879,,,0.6563758389261745,39.582947130992224,370962.1,381216.4,0.5824099011731927,0.5667437182660556,False,False,-0.0052807929810643195,-0.043164820550992355,0.02193422415287305,,,0.17750409481562887,0.1856054238182933,0.145985401459854
2024-02-06,3730.0,3737.699951171875,3702.050048828125,3727.39990234375,3727.39990234375,148110,3727.39990234375,-0.0005899279426452297,3773.4924926757812,-0.012214835572482374,3909.8519873046876,-0.04666470381829302,3831.6939892578125,-0.02721879336044364,,,4137.14990234375,-0.09904161310854875,,,0.6536912751677852,37.40978329197373,352676.45,380166.44,0.4199599944935365,0.38959251637256564,False,False,0.01087512623996223,-0.035227150939886154,0.02028299141194112,,,0.1757988274941007,0.18561274827070198,0.14744525547445256
2024-02-07,3759.0,3785.0,3703.0,3717.699951171875,3717.699951171875,173087,3717.699951171875,-0.002602337132051713,3769.1574951171874,-0.01365226685591514,3907.31798828125,-0.048528949442577685,3831.046989746094,-0.02958643913206893,,,4137.14990234375,-0.10138621057318975,,,0.6496644295302013,38.92670011175522,326686.0,379607.94,0.5298268061686146,0.4559625386128646,False,False,-0.019774830850203817,-0.022789389495689538,0.0014276610730377115,,,0.16842908157840225,0.18276392725820423,0.12408759124087591
2024-02-08,3718.949951171875,3787.949951171875,3715.0,3731.050048828125,3731.050048828125,261689,3731.050048828125,0.0035909561910831833,3765.172497558594,-0.009062652176651809,3905.0809912109376,-0.044565258127680196,3830.249990234375,-0.02589907751691689,,,4137.14990234375,-0.09815932782265491,,,0.6577181208053692,44.117656208037516,317736.05,382913.9,0.8236050016987371,0.6834147310922899,False,False,-0.020258889589032547,-0.020914505326215305,-0.004416172589619571,,,0.16898519594759448,0.18186738524303456,0.10802919708029197
2024-02-09,3732.14990234375,3758.0,3699.0,3719.199951171875,3719.199951171875,306425,3719.199951171875,-0.0031760757698685582,3760.0324951171874,-0.010859625282052199,3901.2219921875,-0.0466576988902806,3829.9094897460936,-0.028906567862928334,,,4137.14990234375,-0.10102364212983939,,,0.6510067114093959,46.6696465542536,316144.65,380048.3,0.9692556872305129,0.8062790966306125,False,False,-0.017202678650285463,-0.026896925386741266,-0.020850872264135734,,,0.16848232381176517,0.17975759991249074,0.0948905109489051
2024-02-12,3719.199951171875,3734.949951171875,3644.300048828125,3675.60009765625,3675.60009765625,199148,3675.60009765625,-0.011722911940211023,3752.7449951171875,-0.020556925013906602,3897.503994140625,-0.05693487340050907,3828.5284912109373,-0.03994443136723713,,,4137.14990234375,-0.11156226280948289,,,0.636241610738255,44.05217653298462,315427.45,377354.36,0.6313591286998008,0.5277479767293533,False,False,-0.014478764099650987,-0.038140970148061726,-0.032342101408424306,,,0.17239179463072882,0.18127630460724473,0.10364963503649635
2024-02-13,3685.050048828125,3728.0,3660.89990234375,3703.199951171875,3703.199951171875,294135,3703.199951171875,0.00750893807332953,3745.8549926757814,-0.011387264479620574,3892.5729931640626,-0.048649837093550974,3827.479990234375,-0.0324704608200681,,,4137.14990234375,-0.10489103885891027,,,0.6456375838926175,53.0784923176033,307302.85,369260.06,0.9571502509657819,0.7965524351591126,False,False,-0.006492448303349052,-0.03587608665142539,-0.023404844774539413,,,0.1738700770523424,0.18199299499247423,0.11386861313868613
2024-02-14,3700.0,3739.0,3691.050048828125,3722.39990234375,3722.39990234375,257694,3722.39990234375,0.005184692002871527,3739.0624877929686,-0.004456353832977489,3887.2529931640624,-0.042408634351871366,3826.7439892578127,-0.02726706756630981,,,4137.14990234375,-0.10025017458638341,,,0.6523489932885906,49.34873962066772,294932.5,366813.12,0.8737389063599298,0.7025212184340626,False,False,0.0012642093858041825,-0.0352102890316206,-0.01790121961776925,,,0.1742183795877539,0.1823431359467327,0.12116788321167883
2024-02-15,3722.39990234375,3729.949951171875,3671.35009765625,3678.60009765625,3678.60009765625,507420,3678.60009765625,-0.011766550031317768,3731.577490234375,-0.01419705009925909,3881.4829931640625,-0.052269427913280264,3825.5509912109374,-0.03841300087028032,,,4137.14990234375,-0.11083712592278216,,,0.640268456375839,43.789757030530566,298019.9,369168.94,1.7026379782021266,1.3744926645237272,True,False,-0.014057691664669303,-0.039103505279764916,-0.03471615840818443,,,0.1766192911379338,0.18346061260251606,0.13138686131386862
2024-02-16,3698.60009765625,3724.64990234375,3665.10009765625,3693.300048828125,3693.300048828125,726598,3693.300048828125,0.00399607208765107,3726.9199951171877,-0.009020839280990622,3874.5579931640623,-0.04678157990039977,3825.1899926757815,-0.03447931843913388,,,4137.14990234375,-0.10728396698030651,,,0.6429530201342282,43.733251443928026,308529.85,374832.5,2.355033070544066,1.9384605123621885,True,True,-0.006963837030485309,-0.024600853977990833,-0.026259552342543846,,,0.1744683005909452,0.18347819349106234,0.13284671532846715
2024-02-19,3673.300048828125,3722.0,3673.300048828125,3707.25,3707.25,226669,3707.25,0.0037770966310470833,3724.839990234375,-0.004722347880846356,3865.9599951171876,-0.041053191268829115,3825.3929931640623,-0.030883883923869426,,,4137.14990234375,-0.10391209225950604,,,0.6483221476510067,52.497180873333356,295375.6,362144.18,0.7673924318731812,0.6259081672940319,False,False,0.008610812249115973,-0.01109676209306365,-0.02823102597683924,,,0.17212714027841045,0.1832320014260275,0.12992700729927006
2024-02-20,3701.0,3784.0,3691.39990234375,3756.199951171875,3756.199951171875,316518,3756.199951171875,0.013203844135646348,3726.064990234375,0.008087610123945987,3858.774990234375,-0.02658228047038047,3826.0639916992186,-0.01826002928307424,,,4137.14990234375,-0.09208028719386308,,,0.6657718120805369,44.67929271719649,282924.85,360182.9,1.1187352401176498,0.8787702025831875,False,False,0.014311946613422277,0.006565372436309058,-0.021376942311763125,,,0.17801601945768658,0.18488008600625183,0.14014598540145987
2024-02-21,3752.0,3889.0,3752.0,3835.75,3835.75,592509,3835.75,0.02117833178803674,3734.0574951171875,0.027233781219434983,3854.0769921875,-0.0047552221257255445,3827.7804907226564,0.0020820183646004242,,,4137.14990234375,-0.07285206227915575,,,0.6899328859060403,53.38411479809869,297562.8,362121.58,1.9912065621105866,1.6362156599449278,True,False,0.030450811473770267,0.043485976741186594,-0.0022500006668080275,,,0.18285667165232758,0.19001883115901166,0.1781021897810219
2024-02-22,3860.0,3869.0,3801.85009765625,3851.449951171875,3851.449951171875,237411,3851.449951171875,0.004093059029361967,3740.2424926757812,0.029732686774684325,3849.7109912109377,0.0004517118206814885,3829.9589892578124,0.005611277294179873,,,4137.14990234375,-0.06905719104111319,,,0.7033557046979866,58.41794761300812,293600.8,362071.02,0.8086183688872782,0.6557028507832524,False,False,0.04698794349126256,0.03318354266564949,0.002224895012985062,0.07196138380016248,,0.17758360487169159,0.1901982271105675,0.181021897810219
2024-02-23,3860.0,3872.0,3828.64990234375,3840.550048828125,3840.550048828125,226731,3840.550048828125,-0.0028300776284093665,3745.5574951171875,0.025361392485570455,3845.013994140625,-0.0011609698480428143,3831.957490234375,0.0022423418359018843,,,4137.14990234375,-0.07169183145807634,,,0.6953020134228188,65.62457238377951,294923.9,359616.7,0.7687779796754348,0.6304796189943348,False,False,0.0398694928798764,0.028466237886623835,-0.01830191973797579,0.04808491177864638,,0.178306859133764,0.18657663751368292,0.16204379562043797
2024-02-26,3840.550048828125,3859.0,3796.25,3850.35009765625,3850.35009765625,346646,3850.35009765625,0.002551730534305907,3750.6050048828124,0.026594400808291452,3841.3599951171873,0.002340343667474487,3833.750490722656,0.0043298610521897984,,,4137.14990234375,-0.06932303915916227,,,0.7006711409395974,66.9516605493964,301430.1,358778.16,1.1500045947634294,0.9661847867216891,False,False,0.038600066803223365,0.026924360682197612,-0.0028874536692347075,0.03052486345787364,,0.1780964601438683,0.18476297650457174,0.1386861313868613
2024-02-27,3859.0,3885.0,3818.050048828125,3852.199951171875,3852.199951171875,256237,3852.199951171875,0.0004804377442848562,3758.85,0.02483471039596563,3837.0029931640624,0.003960632304662592,3835.5164892578123,0.0043497302021222595,,,4137.14990234375,-0.068875906819438,,,0.7046979865771812,68.95437699293588,301078.7,358609.26,0.8510631937762452,0.7145297921197015,False,False,0.025557744861279152,0.04472104254064102,-0.02469777804370532,0.035426312301829244,,0.165113871444792,0.17853691669192331,0.09197080291970802
2024-02-28,3856.39990234375,3948.300048828125,3838.10009765625,3850.0,3850.0,505405,3850.0,-0.0005710895591506393,3761.7150024414063,0.02346934775794951,3833.0899951171873,0.004411585667008611,3836.7594897460935,0.0034509617528262204,,,4137.14990234375,-0.06940766206732707,,,0.6993288590604027,67.30688760268458,308654.95,362711.96,1.6374433651558156,1.3934059411771258,True,False,0.0037150492081079456,0.01510798364379462,-0.03470060819689125,0.023650297129013342,,0.13266224240709798,0.1772818594186593,0.08759124087591241
2024-02-29,3818.39990234375,3940.0,3797.050048828125,3918.89990234375,3918.89990234375,499782,3918.89990234375,0.017896078530844184,3767.25,0.040254801869732626,3831.2649951171875,0.022873621986015058,3837.2189892578126,0.021286487248864505,,,4137.14990234375,-0.05275370850748207,,,0.7315436241610739,74.91894961380352,324229.2,368277.06,1.5414466062896246,1.3570815407291457,True,False,0.01751287230185916,0.029068838976747946,-0.012149982134551207,0.04344003257505169,,0.1456441099291609,0.1809451057357539,0.10072992700729927
2024-03-01,3925.0,3936.75,3867.0,3884.14990234375,3884.14990234375,261674,3884.14990234375,-0.008867284407855669,3772.2424926757812,0.029666016934290163,3828.5209912109376,0.014530130894023774,3837.44548828125,0.012170704236744267,,,4137.14990234375,-0.06115321077843283,,,0.7181208053691275,76.6109828325485,327997.0,369810.46,0.7977938822611182,0.7075895040935294,False,False,0.01135250236588603,0.02638528980981447,-0.038469667315907285,0.02839630458129072,,0.14774815582493547,0.17767288623025762,0.08905109489051095
2024-03-04,3870.949951171875,3878.64990234375,3831.0,3846.35009765625,3846.35009765625,153055,3846.35009765625,-0.009731808925471985,3778.0799926757813,0.018070052807991788,3826.1299951171877,0.005284740080673256,3837.569489746094,0.0022880648633509804,,,4137.14990234375,-0.0702898883414299,,,0.697986577181208,67.80257142215203,324847.15,367974.4,0.4711600517351006,0.41593926099206896,False,False,-0.0010388665701944744,0.031303624233967486,-0.0702898883414299,0.01305047624075395,,0.1418851639451157,0.17095529121570058,0.049635036496350364
2024-03-05,3830.0,3884.35009765625,3811.300048828125,3834.5,3834.5,185829,3834.5,-0.0030808681881222544,3783.4349975585938,0.013496994787635552,3823.7299951171876,0.0028166227470467486,3837.928488769531,-0.0008933175226072398,,,4137.14990234375,-0.07315420264861439,,,0.6885906040268457,64.2006992072682,326733.1,365953.98,0.5687486208161953,0.5077933569679991,False,False,-0.004594764393393014,0.028733192161352727,-0.06826718389946806,0.013051148204598073,,0.14266383390690884,0.17079168476089507,0.04817518248175182
2024-03-06,3834.5,3895.0,3825.14990234375,3888.64990234375,3888.64990234375,308886,3888.64990234375,0.01412176355294048,3791.9824951171877,0.025492577392178806,3821.343994140625,0.01761315084596604,3838.8769873046876,0.012965488397691072,,,4137.14990234375,-0.06006550544838163,,,0.7208053691275168,75.92891731692586,333523.05,367635.08,0.9261308926024754,0.8401972956443655,False,False,0.010038935673701399,0.045982718728548644,-0.044710305323778954,0.028090631012908762,,0.1485830087887364,0.17236678539853592,0.05547445255474453
2024-03-07,3888.64990234375,3942.64990234375,3877.199951171875,3925.949951171875,3925.949951171875,330459,3925.949951171875,0.009592030592839862,3801.727490234375,0.032675267034945055,3819.393994140625,0.027898655439768216,3839.615986328125,0.022485051929975075,,,4137.14990234375,-0.051049625021377,,,0.7369127516778523,77.20100796276887,336961.55,368261.56,0.9807023976474467,0.8973486127631676,False,False,0.0017989867064245324,0.052237278994680114,-0.035333877714386674,0.030230256818703616,,0.15078951653789532,0.17365259956523552,0.061313868613138686
2024-03-11,3948.85009765625,4025.0,3936.050048828125,3979.64990234375,3979.64990234375,689781,3979.64990234375,0.013678205743770544,3814.7499877929686,0.043226925769304314,3818.4379931640624,0.042219334049235835,3840.7849853515627,0.036155347805671756,,,4137.14990234375,-0.038069686551791215,,,0.785234899328859,79.13994906156697,356129.35,375076.52,1.936883326240873,1.8390407376073554,True,False,0.024587104617763034,0.07002848854356714,-0.023494626857338496,0.06032102906647574,,0.15407133141963228,0.1760456598213867,0.07007299270072993
2024-03-12,3999.0,4042.0,3900.0,4031.699951171875,4031.699951171875,499999,4031.699951171875,0.013079052204434172,3832.55498046875,0.05196141261325571,3818.178994140625,0.055922196774671695,3841.743483886719,0.049445380224339086,,,4137.14990234375,-0.02548854976517434,,,0.851006711409396,79.27739488969814,371171.9,376999.18,1.3470820393461898,1.3262601791335462,False,False,0.04818850307686939,0.09688209926392499,-0.0003347584681331339,0.057162336521260126,,0.14668509836921798,0.17688846653792853,0.08321167883211679
2024-03-13,4055.0,4056.0,3932.050048828125,3967.800048828125,3967.800048828125,521699,3967.800048828125,-0.01584936952591831,3845.7849853515627,0.03172695924013236,3815.8819970703125,0.0398120413247709,3842.8534838867185,0.032514006965218334,,,4137.14990234375,-0.040933941847184685,,,0.7731543624161074,64.5158000561441,382550.1,382933.28,1.363740331005011,1.3623757120300433,False,False,0.03476334563257932,0.07145174474646376,-0.025122541190725767,0.04195060410226503,,0.163202568236997,0.17880243024532247,0.09343065693430656
2024-03-14,3966.949951171875,4040.0,3890.0,4019.25,4019.25,355226,4019.25,0.012966870945795295,3860.627490234375,0.04108723521418933,3814.9719970703127,0.05354639643136605,3844.6174829101565,0.04542259870223986,,,4137.14990234375,-0.028497856042624448,,,0.8375838926174497,67.10153546040175,387426.7,387405.52,0.9168856973461044,0.916935824765739,False,False,0.03358494617310126,0.0797469657865999,-0.00652550343727365,0.058811907270811314,,0.16656692835766024,0.180465760605592,0.09781021897810219
2024-03-15,4019.449951171875,4035.0,3904.0,3932.10009765625,3932.10009765625,348203,3932.10009765625,-0.021683125544255777,3873.302490234375,0.015180226065513613,3811.5469970703125,0.03162839148476948,3845.978984375,0.02239250750748578,,,4137.14990234375,-0.04956305899656588,,,0.7436241610738255,58.075341920006544,379465.85,377504.54,0.9176135349202044,0.9223809599746801,False,False,0.0015665371593795996,0.06891208429030171,-0.01946306412183829,0.0353353692206797,,0.18194397743684282,0.18501430271616123,0.1416058394160584
2024-03-18,3932.10009765625,4019.0,3918.699951171875,4010.550048828125,4010.550048828125,230448,4010.550048828125,0.019951158216606757,3889.164990234375,0.031211084872599937,3813.11099609375,0.05177899435307198,3848.4159838867185,0.04213007783468847,,,4137.14990234375,-0.030600741211698534,,,0.825503355704698,62.60425930799211,354658.35,362824.1,0.6497746352228843,0.6351507521137654,False,False,0.007764538902323315,0.08589878856462319,-0.002685677338667869,0.07538750304242936,,0.19121553900008895,0.18951076771385456,0.17518248175182483
2024-03-19,4008.0,4046.050048828125,3983.050048828125,4014.10009765625,4014.10009765625,451330,4014.10009765625,0.0008851775404628004,3904.5074951171873,0.028068226959767628,3815.43599609375,0.05206851897552278,3851.0619848632814,0.04233588382472031,,,4137.14990234375,-0.02974265076007776,,,0.8295302013422818,62.704039779782825,365891.4,356760.9,1.2335080846393218,1.2650769745227124,False,False,-0.004365367891653094,0.08277027382999536,0.012153659068403266,0.08873191955871063,,0.19157513341302607,0.18731536808608987,0.16496350364963502
2024-03-20,4015.0,4068.0,4009.25,4056.35009765625,4056.35009765625,346426,4056.35009765625,0.010525397716083074,3919.515002441406,0.03491123139715291,3819.292998046875,0.06206831990386763,3854.935986328125,0.052248367299083,,,4137.14990234375,-0.019530306272375064,,,0.8818791946308725,65.23442203247711,367386.8,353412.96,0.942946235411833,0.9802300402339518,False,False,0.022317165113770798,0.0799079256658668,0.025755493148628128,0.09955002311629335,,0.19010859660256105,0.1883646367896516,0.1708029197080292
2024-03-21,4117.0,4238.0,4091.5,4163.10009765625,4163.10009765625,1130832,4163.10009765625,0.02631676197320343,3935.8825073242188,0.057729769602930414,3826.467001953125,0.0879749114604409,3859.161486816406,0.07875768139741068,,,4163.10009765625,0.0,,,0.9778523489932885,67.07455801338864,394302.95,362171.68,2.8679268060256713,3.1223645095607697,True,True,0.03579028367388193,0.08534187516294067,0.03871059977657931,0.13618623582887013,,0.19704424108686178,0.1938902390799532,0.18394160583941604
2024-03-22,4159.7998046875,4330.5,4151.14990234375,4297.60009765625,4297.60009765625,921652,4297.60009765625,0.03230765459512286,3958.1900146484377,0.0857488098731305,3836.20400390625,0.12027412861260234,3865.2909887695314,0.11184387155916009,,,4297.60009765625,0.0,,,0.9778523489932885,75.36972409114988,428515.0,371790.96,2.1508045225954753,2.4789521509613897,True,True,0.09295287274549757,0.1158395285257765,0.06813807797075389,0.18273887663870725,,0.2208950042980824,0.20434885914446424,0.2
2024-03-26,4315.75,4509.4501953125,4297.25,4486.2001953125,4486.2001953125,1838678,4486.2001953125,0.043884980773130966,3990.472521972656,0.12422781277410855,3849.4880078125,0.16540178491472068,3873.4984912109376,0.15817786052887262,,,4486.2001953125,0.0,,,0.9778523489932885,83.13054224430903,509112.35,401799.46,3.6115368248285473,4.576108688647814,True,True,0.11859972838971533,0.1681139780176497,0.11390588330145279,0.23223562926916674,,0.2566346842943939,0.22229821977079658,0.2773722627737226
2024-03-27,4480.5,4533.0,4387.0498046875,4420.5498046875,4420.5498046875,814043,4420.5498046875,-0.014633852206059839,4018.9825073242187,0.09991765244846484,3861.472001953125,0.14478359611350133,3881.237490234375,0.13895370118682382,,,4486.2001953125,-0.014633852206059839,,,0.9020134228187919,78.74342500409514,532482.2,413810.48,1.528770351384516,1.9671879745529888,True,False,0.10125549865300254,0.1480903534923581,0.09293756231557326,0.20416495168695148,,0.2683862106851546,0.22479758093147925,0.2905109489051095
2024-03-28,4424.9501953125,4560.0,4397.0498046875,4525.60009765625,4525.60009765625,892567,4525.60009765625,0.023764078589807003,4052.6525146484373,0.11670074878078718,3875.16400390625,0.1678473719033171,3890.1594921875,0.16334564347422975,,,4525.60009765625,0.0,,,0.9778523489932885,79.75427881672094,564298.7,422529.28,1.5817279040338035,2.1124382196661022,True,False,0.11568281551218451,0.17480924017963306,0.10849575787975674,0.23125475498327552,,0.27348882049567785,0.22882376090181664,0.3197080291970803
2024-04-01,4570.0,4592.0,4456.2998046875,4483.2998046875,4483.2998046875,410983,4483.2998046875,-0.009346891474272478,4084.3175048828125,0.09768640643821236,3887.665,0.15321145332416752,3898.597990722656,0.14997745737217238,,,4525.60009765625,-0.009346891474272478,,,0.9194630872483222,75.91479161619903,559577.6,420646.92,0.7344522010888214,0.9770260531088639,False,False,0.07691376606858835,0.1644934557629869,0.10297061435205124,0.20334430132446135,,0.27895297490103327,0.22962308150340155,0.327007299270073
2024-04-02,4503.0,4563.0,4400.0498046875,4411.85009765625,4411.85009765625,442907,4411.85009765625,-0.01593685681170509,4108.965014648437,0.07371322995645602,3899.3360009765624,0.13143624877449178,3906.2419921875,0.12943594034367778,,,4525.60009765625,-0.025134788214917547,,,0.8577181208053691,69.76946133195156,556733.85,420591.62,0.795545304098179,1.053057119873192,False,False,0.026584604757038166,0.12578790160414277,0.07518247106826426,0.13914461928982957,,0.28838630960208317,0.23185727797529898,0.3357664233576642
2024-04-03,4455.0,4494.4501953125,4415.0,4460.89990234375,4460.89990234375,257333,4460.89990234375,0.011117740540087073,4137.802514648438,0.07808429390999194,3912.825,0.14007140680806063,3914.3539916992186,0.13962608180137437,,,4525.60009765625,-0.014296489728733985,,,0.9060402684563759,69.68625890275385,556516.8,415410.3,0.4623993381691262,0.6194670666567488,False,False,-0.005639581799132709,0.14848808992978912,0.13441066831829773,0.15522462834228934,,0.2833126101676518,0.21465655450882518,0.23065693430656933
2024-04-04,4562.0,4715.0,4540.0,4645.0498046875,4645.0498046875,1564457,4645.0498046875,0.04128088645230488,4177.7375,0.11185774709097918,3930.748994140625,0.18172129831023254,3924.3089892578123,0.1836605673515017,,,4645.0498046875,0.0,,,0.9778523489932885,77.97742655460965,627086.9,436904.36,2.494800959803179,3.5807768089107648,True,True,0.050785537980353235,0.20765132833798283,0.19169534187077542,0.21155723570875162,,0.300471911729582,0.22784005742624266,0.3124087591240876
2024-04-05,4645.0,4685.0,4557.0,4619.25,4619.25,418022,4619.25,-0.005554257924525241,4216.975,0.09539421030478001,3948.4999951171876,0.16987463738439357,3933.968488769531,0.1741959838231475,,,4645.0498046875,-0.005554257924525241,,,0.9248322147651007,75.3228623737051,638696.55,433954.14,0.6544923406898001,0.9632861205103378,False,False,0.020693366696772353,0.20465510496805317,0.1956127863336352,0.2160400887816789,,0.3019859751749963,0.22721383600096196,0.30656934306569344
2024-04-08,4648.14990234375,4748.0,4640.0,4672.7998046875,4672.7998046875,461322,4672.7998046875,0.011592748755209215,4256.1824951171875,0.09788520817616897,3968.4379931640624,0.17749094548957411,3943.572487792969,0.18491540833896147,,,4672.7998046875,0.0,,,0.9778523489932885,82.17355764886935,646318.35,437185.58,0.7137689963467694,1.0552086370277811,False,False,0.04226797409396288,0.2016509385098233,0.22826199259671975,0.23169374889192995,,0.30160840917239207,0.2245914296099544,0.28905109489051095
2024-04-09,4671.9501953125,4747.7998046875,4622.0,4716.14990234375,4716.14990234375,285672,4716.14990234375,0.009277114250168195,4295.692492675781,0.09787884267434288,3988.2059912109376,0.18252415064242644,3953.257985839844,0.19297802451459156,,,4716.14990234375,0.0,,,0.9778523489932885,81.61288974712419,644079.0,436566.0,0.44353565323508454,0.6543615398359011,False,False,0.06897328738552466,0.20127611431623182,0.2375909997621859,0.22432207332781218,,0.3016077787139415,0.22486323617183585,0.291970802919708
2024-04-10,4736.60009765625,4831.85009765625,4711.0,4754.0,4754.0,728446,4754.0,0.008025634986165375,4334.409997558594,0.09680440998376816,4008.6009912109375,0.18594991380369064,3962.813986816406,0.19965257410913861,,,4754.0,0.0,,,0.9778523489932885,82.16116290965122,646012.25,447129.54,1.127604004413229,1.6291609809541996,False,False,0.06570425341807273,0.19457744190015536,0.24385138670852946,0.23072940262766162,,0.3012068006281679,0.22503565394716946,0.29781021897810217
2024-04-12,4753.89990234375,4806.75,4725.0,4765.0498046875,4765.0498046875,676863,4765.0498046875,0.0023243173511779958,4371.077490234375,0.09013162437255273,4028.9139892578123,0.18271321189591716,3972.4799853515624,0.19951511958739188,,,4765.0498046875,0.0,,,0.9778523489932885,81.66382115931772,654855.45,456336.36,1.0336067295461924,1.483254588786219,False,False,0.025833953358024964,0.181895940272655,0.24695452730438117,0.21067868096018905,,0.30174050814845155,0.22490850225919132,0.2948905109489051
2024-04-15,4680.0,4736.5498046875,4620.60009765625,4686.7998046875,4686.7998046875,358707,4686.7998046875,-0.016421654170964528,4407.027478027344,0.0634832271990704,4048.903984375,0.15754777657711405,3981.428483886719,0.17716538766312073,,,4765.0498046875,-0.016421654170964528,,,0.8939597315436242,74.00970383904719,646705.85,458245.2,0.5546679375174973,0.7827839767879728,False,False,0.014623543797694483,0.18120866651829615,0.2202030212672481,0.2152042484316934,,0.3023607482900656,0.22866229615989164,0.3167883211678832
2024-04-16,4650.0,4689.2998046875,4611.35009765625,4644.2998046875,4644.2998046875,245231,4644.2998046875,-0.009068021202333743,4438.279968261719,0.046418846467333186,4065.9359814453123,0.14224617059430367,3989.9689819335936,0.16399396228809993,,,4765.0498046875,-0.025340763465098504,,,0.8536912751677852,67.35928665764035,641206.1,456072.22,0.38245269344755145,0.5377021209491778,False,False,-0.006099127116768521,0.1555140398550725,0.20373221141385334,0.2085560681953358,,0.308135835505042,0.23007598952386768,0.32992700729927005
2024-04-18,4644.2998046875,4694.2998046875,4605.0,4627.10009765625,4627.10009765625,417772,4627.10009765625,-0.0037034015361993022,4473.029968261719,0.03444424260238188,4082.313984375,0.13345032140261903,3998.1309838867187,0.1573157848765847,,,4765.0498046875,-0.028950317978952755,,,0.836241610738255,58.516679898825636,644684.55,460661.72,0.6480254567912322,0.9068954112358197,False,False,-0.018881885972972468,0.17675033258035788,0.20865659395549319,0.21895708773182965,,0.2917800434879891,0.2293994821831544,0.32262773722627736
2024-04-19,4766.9501953125,4836.7001953125,4651.10009765625,4696.0,4696.0,778084,4696.0,0.014890514769423158,4507.302465820312,0.04186484834568249,4100.547983398437,0.14521279082998717,4007.1619848632813,0.17190171441502655,,,4765.0498046875,-0.01449088834697465,,,0.9033557046979865,66.58440932289093,672066.35,472497.04,1.1577487847740033,1.6467489404801352,False,False,-0.012200252419015567,0.17091170608185324,0.24021182388707585,0.24666495301256375,,0.2896518229656076,0.22867668422359258,0.3182481751824818
2024-04-22,4743.0,4815.9501953125,4692.0498046875,4758.0,4758.0,257706,4758.0,0.01320272572402037,4544.4974609375,0.04698045073138957,4121.115981445312,0.15454163906625284,4016.5924853515626,0.18458619273733556,,,4765.0498046875,-0.0014794818472967375,,,0.9503355704697987,64.75744344667254,662385.15,473330.12,0.38905763512361347,0.5444529919203114,False,False,-0.0014794818472967375,0.18532171202658798,0.26918918496492084,0.2689691958927858,,0.2888948258309748,0.22770156990282403,0.3094890510948905
2024-04-23,4804.5,4890.0,4773.0,4800.5498046875,4800.5498046875,458148,4800.5498046875,0.008942792073875605,4581.707446289062,0.04776436753413593,4142.5789794921875,0.15883120839761733,4026.2154833984373,0.1923231194360875,,,4800.5498046875,0.0,,,0.9778523489932885,70.13906108967555,667971.25,479530.88,0.6858798189293327,0.9554087528210905,False,False,0.024270292041540298,0.18346535410275533,0.2864243823193693,0.3084260806430974,,0.28881624495279107,0.22719140697345985,0.3051094890510949
2024-04-24,4820.0,4835.7001953125,4778.0,4797.5498046875,4797.5498046875,199877,4797.5498046875,-0.0006249284190470439,4613.429931640625,0.039909541442065155,4164.1759765625,0.15210063928370432,4035.746982421875,0.1887637717586701,,,4800.5498046875,-0.0006249284190470439,,,0.9543624161073826,76.81454309435888,621423.5,480066.68,0.3216437743342503,0.4163525783543236,False,False,0.03299743910703712,0.15239837912819665,0.30513613867140044,0.28257869619750764,,0.28268084920111514,0.2238769818632836,0.2875912408759124
2024-04-25,4801.0,4817.64990234375,4615.14990234375,4657.10009765625,4657.10009765625,462020,4657.10009765625,-0.029275299423472845,4631.404931640625,0.005548028383370651,4182.696977539063,0.11342038944363297,4043.888984375,0.1516389583518758,,,4800.5498046875,-0.029881932875933992,,,0.8281879194630872,62.10217901748443,598441.9,484073.3,0.7720381878341072,0.954442230133329,False,False,0.006483542470843817,0.08365133838210248,0.24930590776104888,0.26391929249341683,,0.2945951489629758,0.23341391730968697,0.34744525547445254
2024-04-26,4657.0498046875,4719.9501953125,4531.5,4553.14990234375,4553.14990234375,254510,4553.14990234375,-0.022320799023584303,4634.752416992187,-0.017606661005075797,4199.3759765625,0.08424440387232024,4050.298984375,0.12415155520829901,,,4800.5498046875,-0.05153574328135835,,,0.7355704697986577,43.708924048221185,519233.5,483035.0,0.4901648295034893,0.5268976368172079,False,False,-0.030419526758145188,0.01492347735645061,0.2192943435345116,0.24218034975162328,,0.26888126221889,0.23946095236180323,0.3795620437956204
2024-04-29,4560.5,4562.4501953125,4450.0,4483.7998046875,4483.7998046875,385596,4483.7998046875,-0.015231235330194548,4637.9149169921875,-0.033229396196995165,4215.539970703125,0.0636359365226542,4056.521982421875,0.1053310752701817,,,4800.5498046875,-0.06598202557771804,,,0.7140939597315437,41.24941326697993,497811.15,486763.96,0.7745828915242255,0.7921621806183021,False,False,-0.05762929703919717,0.014308174954375641,0.1958713184701042,0.22956684210505185,,0.26934627262554495,0.24248572284630765,0.39124087591240875
2024-04-30,4455.14990234375,4650.0,4455.14990234375,4603.7998046875,4603.7998046875,637696,4603.7998046875,0.026763014681107755,4641.82490234375,-0.008191842315519171,4233.551967773437,0.08745560223010274,4063.06248046875,0.13308614544277586,,,4800.5498046875,-0.04098488881583595,,,0.7718120805369127,45.894809132097485,485067.6,493635.18,1.3146538750475192,1.2918366150483844,False,False,-0.04098488881583595,0.01727941164570601,0.24855578437416592,0.2670776486006363,,0.27291724653181065,0.2437336963850579,0.3956204379562044
2024-05-02,4609.9501953125,4642.4501953125,4578.0,4605.0498046875,4605.0498046875,256067,4605.0498046875,0.00027151484708931584,4647.91240234375,-0.009221903070857351,4251.204965820312,0.08323401052456902,4069.2289794921876,0.1316762531417388,,,4800.5498046875,-0.04072450197456634,,,0.7771812080536913,43.04145103390569,477321.8,493602.64,0.5364661743922025,0.5187715365541805,False,False,-0.040124648588726664,0.0271563369178891,0.2141877459261241,0.2653147773620872,,0.2702044072052019,0.23829351789039122,0.36642335766423356
2024-05-03,4626.9501953125,4627.0,4545.0498046875,4612.35009765625,4612.35009765625,436785,4612.35009765625,0.0015852799162603404,4657.93740234375,-0.009787015313808656,4269.8799658203125,0.0802060326232481,4075.6814794921875,0.13167579970722576,,,4800.5498046875,-0.039203781793385906,,,0.7838926174496644,40.774992352216515,477015.7,492189.94,0.9156616857684139,0.8874317910683018,False,False,-0.009608983930261883,0.04544578704215585,0.21116279523004522,0.264541024387289,,0.2622684260756957,0.23831562025625475,0.3678832116788321
2024-05-06,4620.0,4739.89990234375,4576.0,4600.60009765625,4600.60009765625,643041,4600.60009765625,-0.0025475082661159387,4664.922412109375,-0.01378850681120758,4288.025966796875,0.07289464506038557,4081.2919799804686,0.12724110899761376,,,4800.5498046875,-0.041651418101320226,,,0.7664429530201342,39.29990437067325,496301.1,490518.8,1.2956670859685784,1.310940579647508,False,False,0.010421399762848838,0.03131659494065353,0.21570701009316284,0.2605420059747794,,0.26069289553065267,0.23779712457476088,0.3635036496350365
2024-05-07,4619.9501953125,4698.0,4581.0,4660.4501953125,4660.4501953125,431030,4660.4501953125,0.013009193667308905,4665.692431640625,-0.0011235709179143738,4307.089970703125,0.08204152386250008,4086.5249829101563,0.14044333872972725,,,4800.5498046875,-0.029184075798609488,,,0.8335570469798658,48.2434760191706,439629.75,494606.02,0.9804386532076139,0.8714612895330307,False,False,0.039397474981002656,0.0033154414425133893,0.24958442548336834,0.27699309036985986,,0.21983228949432665,0.23565559732813754,0.3532846715328467
2024-05-08,4674.7998046875,4863.7998046875,4670.0,4806.75,4806.75,829723,4806.75,0.03139177516254743,4675.067431640625,0.028166988024205697,4328.100971679687,0.11059100317952031,4093.4379809570314,0.17425743894529422,,,4806.75,0.0,,,0.9778523489932885,59.51281077656112,460214.8,504870.12,1.802903774498343,1.6434385144440713,True,False,0.04408319299763219,0.04059100503328472,0.2895718532850651,0.3157282281103271,,0.24460209782051665,0.2421207542751485,0.38686131386861317
2024-05-09,4806.75,4895.60009765625,4730.0,4798.64990234375,4798.64990234375,618014,4798.64990234375,-0.0016851506020180151,4681.359936523438,0.025054678001840802,4347.3589697265625,0.10380806732543002,4100.717980957032,0.1701974933725714,,,4806.75,-0.0016851506020180151,,,0.9463087248322147,60.15388012355726,468049.4,505380.22,1.3204033591326043,1.2228693873298009,False,False,0.04204082602085735,0.02693248221976119,0.29075771723620236,0.29260048178382325,,0.2423006353967922,0.2420153610445397,0.3854014598540146
2024-05-10,4798.64990234375,4852.0,4735.85009765625,4796.7998046875,4796.7998046875,290601,4796.7998046875,-0.00038554545422164743,4685.392431640625,0.023777597004369877,4366.265966796875,0.09860458367964897,4107.988479003906,0.16767606072999874,,,4806.75,-0.002070046354085364,,,0.9449664429530201,56.48063388019313,468295.85,506444.02,0.6205500219572734,0.5738067555817916,False,False,0.0399903960293424,0.017100792810608167,0.28564338240225795,0.2799657593368672,,0.24057707557116353,0.24220761009028863,0.3897810218978102
2024-05-13,4799.9501953125,4809.0,4667.0,4693.7001953125,4693.7001953125,190782,4693.7001953125,-0.02149341510443059,4682.37744140625,0.002418163432559517,4383.328969726563,0.07080719419635506,4114.171481933594,0.1408615843855241,,,4806.75,-0.023518969092942266,,,0.8644295302013423,46.073533217802826,441412.65,505725.04,0.43220782186464296,0.3772445200656863,False,False,0.020236511689785797,-0.012684014448359315,0.2620187827851448,0.23570459035035185,,0.25163824606174146,0.24747750311472855,0.4218978102189781
2024-05-14,4739.0,4755.0,4550.35009765625,4597.0498046875,4597.0498046875,376741,4597.0498046875,-0.02059151343358545,4673.97744140625,-0.016458709457443432,4398.262963867188,0.045196670243092596,4119.811479492188,0.11583984548102122,,,4806.75,-0.04362619135850632,,,0.7624161073825504,38.343458074621026,426406.55,506326.94,0.8835253586043648,0.7440666696502461,False,False,-0.013603919786283392,-0.03525671438622402,0.25069367791637975,0.21024361615433307,,0.2611709474476099,0.25053336293802564,0.45985401459854014
2024-05-15,4614.9501953125,4680.0,4597.10009765625,4652.4501953125,4652.4501953125,298259,4652.4501953125,0.012051292237145184,4672.2599609375,-0.004239868027596905,4414.26796875,0.05395735561335813,4125.635480957031,0.12769298615622304,,,4806.75,-0.03210065110261606,,,0.8174496644295302,42.159327414649795,423384.15,507167.38,0.7044642554521703,0.588087901079127,False,False,-0.03210065110261606,-0.007329011437750221,0.25633243050790044,0.22692816498664325,,0.2593828011036958,0.25098870476670404,0.47153284671532847
2024-05-16,4674.2998046875,4699.0,4660.0498046875,4671.25,4671.25,519285,4671.25,0.004040839535787377,4673.607470703125,-0.0005044220589561776,4430.69296875,0.05429332001713205,4131.891481933594,0.13053549940135478,,,4806.75,-0.02818952514692885,,,0.8389261744966443,50.880351326374935,437086.85,507444.98,1.1880590779612794,1.0233326182475981,False,False,-0.0265491138000139,0.005802854347451758,0.2549027838354556,0.232438493503067,,0.25763386640914804,0.25097528059595947,0.47007299270072994
2024-05-17,4680.0,4710.0,4665.0498046875,4682.89990234375,4682.89990234375,203113,4682.89990234375,0.002493958221835735,4676.3974609375,0.001390480911976688,4445.97296875,0.05329023259004706,4138.618981933594,0.13151269125911758,,,4806.75,-0.025765870423102966,,,0.8496644295302014,59.119975618562286,426353.9,501511.6,0.47639531384607947,0.4050015991654032,False,False,-0.02374497727264857,0.012059346785206593,0.2730114114136437,0.22881734559958122,,0.25725898391984664,0.24886256715198177,0.4394160583941606
2024-05-21,4670.0,4737.4501953125,4605.4501953125,4705.89990234375,4705.89990234375,179171,4705.89990234375,0.004911486574481039,4676.8924560546875,0.006202290636704522,4462.40796875,0.054565144043061675,4145.464479980469,0.13519243140781212,,,4806.75,-0.020980932575284772,,,0.876510067114094,66.69924320133106,396408.25,499861.54,0.45198605225799415,0.35844125955359557,False,False,0.0025991662278372907,0.0021081563764373534,0.27417210628118904,0.24071291716288878,,0.25236289594716055,0.24886719975880625,0.4408759124087591
2024-05-22,4763.14990234375,4924.2001953125,4737.14990234375,4798.7998046875,4798.7998046875,716981,4798.7998046875,0.019741155628380858,4678.932446289063,0.025618527254759993,4481.456962890625,0.0708124264998371,4153.793479003906,0.15528126974629197,,,4806.75,-0.0016539648021012265,,,0.9476510067114094,65.2845179957441,419372.0,511140.06,1.7096539587764563,1.4027094647991394,True,False,0.043886842338379806,0.008574990476565736,0.2944365242936138,0.2578932531509113,,0.25783033923980153,0.2509026681535743,0.4686131386861314
2024-05-23,4794.5,4812.0,4755.7998046875,4793.5498046875,4793.5498046875,151025,4793.5498046875,-0.0010940235504035556,4678.582446289062,0.02457311797286521,4500.637958984375,0.06508229463745274,4162.183977050781,0.1516909947080447,,,4806.75,-0.0027461788760596573,,,0.9422818791946309,64.68296349036825,404015.85,510443.98,0.3738095918761603,0.29586988174490764,False,False,0.030328021462145305,-0.001458166311109843,0.27617003008372554,0.2488894169706246,,0.2559529411699451,0.2504784468779351,0.4583941605839416
2024-05-24,4797.89990234375,4841.39990234375,4674.10009765625,4684.5,4684.5,307316,4684.5,-0.022749279580002058,4672.929956054688,0.002475972046257713,4516.5549609375,0.0371843231212754,4168.949477539062,0.12366437282067233,,,4806.75,-0.025432984865033537,,,0.8523489932885906,54.8510664841316,409387.8,510412.58,0.7506721011227008,0.60209331047444,False,False,0.002836499866202935,-0.02356407109667591,0.22127354493906015,0.2185256786485923,,0.26846943898432185,0.25391087763065606,0.5080291970802919
2024-05-27,4651.5498046875,4669.0,4508.0,4537.35009765625,4537.35009765625,392853,4537.35009765625,-0.03141208289972253,4666.942456054688,-0.0277681500508562,4528.782963867187,0.0018917077407805127,4174.088479003906,0.08702777156727448,,,4806.75,-0.05604616473578816,,,0.7248322147651006,46.402365391430514,405929.45,511660.46,0.967786397365355,0.7678001931202579,False,False,-0.031081126593086816,-0.025713426271482986,0.17808881205263405,0.1807099359754234,,0.27153799639870074,0.26376879007126325,0.5956204379562043
2024-05-28,4551.89990234375,4588.85009765625,4440.2001953125,4474.4501953125,4474.4501953125,224693,4474.4501953125,-0.013862695403698444,4663.007470703125,-0.040436837507831225,4538.678969726562,-0.01415142486227261,4178.558481445312,0.07081191161523304,,,4806.75,-0.06913190922920898,,,0.702013422818792,39.45697299810688,404438.6,502358.7,0.555567643642323,0.4472760201027672,False,False,-0.04918287932898391,-0.0172846729668924,0.1650545204267806,0.14373178610356385,,0.26436181244913676,0.26574882153885127,0.6131386861313869
2024-05-29,4474.0,4564.85009765625,4435.10009765625,4476.85009765625,4476.85009765625,234524,4476.85009765625,0.0005363569240897093,4662.659985351563,-0.03985061923431299,4547.58197265625,-0.01555373282445438,4182.880483398438,0.07027922873353831,,,4806.75,-0.06863263168330991,,,0.7073825503355705,27.65510476355523,396885.0,497049.2,0.5909117250588961,0.47183256707786675,False,False,-0.0670896307690868,-0.0015499592608895219,0.16271247655670518,0.15935519815000654,,0.25876349424994693,0.26578528288269115,0.6145985401459854
2024-05-30,4475.89990234375,4497.25,4410.0,4444.9501953125,4444.9501953125,141706,4444.9501953125,-0.007125523894680019,4654.717504882812,-0.04506552961597898,4557.124975585937,-0.024615252132516807,4186.503486328125,0.06173330795695864,,,4806.75,-0.07526911212097576,,,0.6832214765100671,26.791342934495304,372085.5,489449.34,0.38084257516081654,0.2895212812014416,False,False,-0.07272264262991757,-0.03450402191973301,0.15387317679610701,0.12537507318501162,,0.23961284828343943,0.2665069323842399,0.6175182481751825
2024-05-31,4440.0,4450.0,4250.39990234375,4302.14990234375,4302.14990234375,866438,4302.14990234375,-0.03212641012701167,4639.572509765625,-0.07272708998763344,4562.782973632812,-0.057121513952163805,4188.877485351562,0.027041234170323447,,,4806.75,-0.10497739588209287,,,0.6442953020134228,22.609221837499817,402604.05,499673.58,2.1520846598537697,1.734008029802176,True,True,-0.08162025779832427,-0.0657755974833164,0.11744153307629879,0.0786656322540844,,0.26266319499314067,0.2757588494714685,0.6233576642335766
2024-06-03,4392.9501953125,4400.0,4301.0,4349.35009765625,4349.35009765625,279797,4349.35009765625,0.010971304204622445,4626.422509765625,-0.05988912848416261,4571.127973632812,-0.04851710064907877,4191.3374853515625,0.037699806531192204,,,4806.75,-0.09515783062230199,,,0.661744966442953,29.67357425440653,394754.65,498305.46,0.7087870909183717,0.5614969581107941,False,False,-0.0414338757102104,-0.05702082331816971,0.10983954835260357,0.09635501766790111,,0.2670388274055468,0.27441582201957687,0.621897810218978
2024-06-04,4399.0,4590.0,4355.64990234375,4548.75,4548.75,1093378,4548.75,0.045845907518735185,4623.830004882812,-0.0162376222316839,4581.89197265625,-0.007233250555454873,4197.501484375,0.08368037913327875,,,4806.75,-0.05367452020596042,,,0.7288590604026846,47.45736920300844,417271.5,515564.06,2.620303567341647,2.1207413100129595,True,True,0.016605348466128378,-0.011270290082953438,0.17110567675444788,0.12605363097793387,,0.3180209446479439,0.28783943112402305,0.6248175182481752
2024-06-05,4590.0,4900.0,4562.2001953125,4862.25,4862.25,1495770,4862.25,0.0689200329760924,4633.919995117188,0.04927361825914267,4598.854970703125,0.05727404559935567,4207.145483398437,0.1557123515663128,,,4862.25,0.0,,,0.9778523489932885,58.684489877426344,470508.5,536452.86,3.1790499002674766,2.7882599041414378,True,True,0.08608729216676636,0.04330049592429308,0.2641204977578049,0.17526560912029598,,0.4004719849504471,0.31688421009993517,0.8116788321167884
2024-06-06,4861.9501953125,4861.9501953125,4675.25,4687.0498046875,4687.0498046875,664303,4687.0498046875,-0.03603274107923282,4627.934985351562,0.012773476620360658,4611.46896484375,0.016389753551406816,4215.3809814453125,0.11189233554886613,,,4862.25,-0.03603274107923282,,,0.7986577181208053,50.579044453177175,462237.5,542810.4,1.437146488547554,1.2238214300978758,False,False,0.05446621418397668,-0.02490252151921779,0.22233662920524178,0.13889114975223182,,0.4072340773118335,0.32710783836773816,0.8802919708029197
2024-06-07,4700.0,4806.35009765625,4690.75,4747.25,4747.25,352969,4747.25,0.01284394188691862,4625.364990234375,0.026351436053795307,4623.151962890625,0.026842733724846468,4224.809482421875,0.12366013656990638,,,4862.25,-0.02365160162476221,,,0.8604026845637583,52.27731511513498,448985.25,527253.14,0.7861483200171944,0.6694488343872167,False,False,0.10345992300588258,-0.01071132576657563,0.22079645100958012,0.16621426894675606,,0.41014258820352023,0.32694202887964957,0.8788321167883212
2024-06-10,4769.0498046875,4812.0,4688.0,4778.39990234375,4778.39990234375,276907,4778.39990234375,0.0065616730409709945,4624.444995117187,0.033291542528696816,4632.767958984375,0.03143519050569976,4234.485981445312,0.12844862948697022,,,4862.25,-0.017245122660548118,,,0.8926174496644296,52.55102040816326,448300.55,514358.24,0.6176815977584681,0.5383543578498908,False,False,0.09864687713198883,-0.003835870391290741,0.217132149358507,0.17412615083082494,,0.410847462389374,0.3267612569963232,0.8759124087591241
2024-06-11,4800.0,4829.89990234375,4676.0,4701.4501953125,4701.4501953125,266806,4701.4501953125,-0.0161036557433184,4624.832495117187,0.016566589228086404,4637.072958984375,0.013883162265841298,4243.280483398437,0.10797535390522084,,,4862.25,-0.03307106888528977,,,0.8120805369127517,46.53572389212738,452101.75,482920.8,0.5901459129499056,0.5524839683857063,False,False,0.03356970493267375,0.001651149344336078,0.18137281185052423,0.15361689845669146,,0.40751854548205363,0.3284894647286108,0.8890510948905109
2024-06-12,4710.0498046875,4740.0,4645.0,4666.75,4666.75,555091,4666.75,-0.007380742934828377,4628.3175048828125,0.008303772391725861,4641.996962890625,0.005332411310747798,4251.734482421875,0.09761087370200117,,,4862.25,-0.04020772276209572,,,0.7798657718120805,45.58034839011851,461019.25,477741.76,1.2040516746318077,1.1619059635900366,False,False,-0.04020772276209572,0.015161940434369026,0.15751421398398913,0.15712672629887336,,0.40114511846480594,0.32848164304414396,0.8875912408759125
2024-06-13,4697.25,4739.9501953125,4640.0498046875,4656.64990234375,4656.64990234375,238268,4656.64990234375,-0.002164267992982305,4628.527490234375,0.006075887454208617,4644.617958984375,0.002590513033714714,4259.890981445313,0.09313828044581163,,,4862.25,-0.04228497046763324,,,0.7651006711409396,48.95735496435918,458019.7,464655.78,0.5202134318676686,0.5127838934877771,False,False,-0.006485935420047606,0.0009026871551427451,0.17361002193622999,0.14412595581828835,,0.3991438132554231,0.3263804912734977,0.8715328467153285
2024-06-14,4692.0,4759.9501953125,4671.0498046875,4739.9501953125,4739.9501953125,258982,4739.9501953125,0.017888459453828442,4631.9625,0.02331359446724801,4649.750966796875,0.019398722460562512,4268.707983398437,0.11039457694149735,,,4862.25,-0.025152923993521537,,,0.8563758389261745,57.96571474207729,445004.55,461615.76,0.5819760719300511,0.5610337047417965,False,False,-0.0015376912291326095,0.01470702602354823,0.1793121093021086,0.17161650407923923,,0.403845332513553,0.3271851801781498,0.8817518248175182
2024-06-18,4739.9501953125,5080.0,4734.7998046875,5039.2998046875,5039.2998046875,2054168,5039.2998046875,0.06315458961383968,4649.782495117188,0.08377108176121162,4662.2999609375,0.08086134459572447,4280.817980957031,0.17718151696814277,,,5039.2998046875,0.0,,,0.9778523489932885,68.72656775100916,537557.3,493840.98,3.821300538565842,4.159573796407095,True,True,0.054599846742793945,0.07610666676120381,0.28157973590021346,0.2566362673231388,,0.4602238902088928,0.3455728402696155,0.9211678832116789
2024-06-19,5079.0,5219.0,4901.35009765625,4933.89990234375,4933.89990234375,1438750,4933.89990234375,-0.020915584789320985,4661.1824951171875,0.05850820205221474,4671.7599609375,0.056111603249762165,4292.29248046875,0.14947896136959704,,,5039.2998046875,-0.020915584789320985,,,0.8778523489932886,64.1839584729952,600536.25,517469.32,2.395775442365053,2.7803580703103328,True,True,0.04944212899734857,0.048449819318606036,0.23023022834122875,0.22692622689562847,,0.4686486765981131,0.3478458921366201,0.927007299270073
2024-06-20,4947.4501953125,5022.5,4832.2001953125,4861.7001953125,4861.7001953125,577843,4861.7001953125,-0.014633395176289032,4664.3275146484375,0.0423153562961025,4676.09296875,0.03969280076399251,4303.4209814453125,0.1297291657670192,,,5039.2998046875,-0.035242913948044685,,,0.8026845637583893,62.61769810506273,593579.35,497737.04,0.9734890541593134,1.1609403230267934,False,False,0.041774295883109325,0.013107525461586889,0.21115569543249468,0.22587566883353616,,0.468027187680141,0.34982903049192254,0.9284671532846716
2024-06-21,4928.0,5082.9501953125,4763.0,4804.85009765625,4804.85009765625,726519,4804.85009765625,-0.011693460183139881,4664.892529296875,0.030002313553935123,4679.804970703125,0.02672015772792724,4314.152482910156,0.11374137022043507,,,5039.2998046875,-0.04652426252019526,,,0.7557046979865771,66.0555795372884,622354.05,503906.98,1.1673724948042035,1.4417720508654197,False,False,0.031825496530866415,0.0023573955480131747,0.18452549261773088,0.2150335308272222,,0.4701803583056421,0.3508671484292373,0.92992700729927
2024-06-24,4792.0,4875.0,4765.85009765625,4833.7001953125,4833.7001953125,356824,4833.7001953125,0.006004369974064838,4672.3525390625,0.034532423420766456,4683.022978515625,0.03217520338638935,4325.730485839844,0.11742981009461428,4077.95548828125,0.1853244129817062,5039.2998046875,-0.040799241431072164,,,0.7758389261744967,65.6529789686997,624829.45,501817.02,0.5710742347371751,0.711063965108238,False,False,0.019778688833632208,0.031849758845661214,0.1610819057734849,0.20602808273571016,,0.46231384590555735,0.3475712763104802,0.9255474452554745
2024-06-25,4850.0,4905.0,4755.0,4783.35009765625,4783.35009765625,376890,4783.35009765625,-0.010416470948090062,4684.6525390625,0.02106827726726168,4684.366982421875,0.02113052107271063,4336.286486816406,0.10309826442488279,4083.9077392578124,0.17126791373733408,5039.2998046875,-0.05079072826609132,,,0.738255033557047,58.3899607063017,624031.3,503641.38,0.6039600898224176,0.7483300915425178,False,False,-0.05079072826609132,0.054216667152722,0.11302819921865459,0.18886780144066306,,0.4479956803534285,0.34303865329909133,0.908029197080292
2024-06-26,4775.0,4823.9501953125,4690.0,4801.0,4801.0,546313,4801.0,0.003689862122448151,4700.980029296875,0.0212764083403445,4685.306982421875,0.024692729422464144,4346.9539868164065,0.1044515342376846,4089.590988769531,0.1739560296332998,5039.2998046875,-0.04728827692804394,,,0.7503355704697987,47.22159219777727,640112.3,499998.72,0.853464306185024,1.0926287971297206,False,False,-0.02693607591848768,0.07298098993918822,0.07017069925154584,0.19206943803312648,,0.44353626388660494,0.3317889136039503,0.8948905109489051
2024-06-27,4819.9501953125,4960.0,4738.0,4900.10009765625,4900.10009765625,503719,4900.10009765625,0.020641553354769915,4722.142529296875,0.03768576811379565,4688.00798828125,0.04524141381695013,4358.4609887695315,0.12427301983024797,4095.4099890136717,0.19648584898733867,5039.2998046875,-0.027622827064539446,,,0.8442953020134228,60.381051174011624,653572.05,496535.84,0.7707168628156604,1.0144665488799358,False,False,0.007898451323834044,0.09454191915462684,0.10848204729199984,0.21150166663789438,,0.44724531875820595,0.33240917019824934,0.8963503649635036
2024-06-28,4900.0,4921.9501953125,4680.0,4716.75,4716.75,685009,4716.75,-0.037417622906100956,4735.73251953125,-0.00400835973167013,4688.6069921875,0.006002424144184948,4368.75548828125,0.07965529603389587,4100.391739501953,0.15031692083471793,5039.2998046875,-0.06400686944393896,,,0.7154362416107383,48.67310514299213,680737.2,503061.88,1.0062752557080765,1.3616794021443246,False,False,-0.018335659982238406,0.0611479977827718,0.04223747088098739,0.15531581517490123,,0.4703726236233194,0.33883085157069653,0.9051094890510949
2024-07-01,4725.10009765625,4754.4501953125,4612.5,4735.89990234375,4735.89990234375,642169,4735.89990234375,0.0040599782358086145,4757.42001953125,-0.004523484808814482,4690.438994140625,0.009692250183813256,4378.187487792969,0.08170331114145668,4105.265988769531,0.15361584737734346,5039.2998046875,-0.060206757705015046,,,0.7194630872483222,48.131539290482955,669523.75,511000.64,0.9591429728967792,1.256689228412708,False,False,-0.020233007637418643,0.10082168447075701,0.056342450574495384,0.16511468167630228,,0.4512930738427896,0.33821069735115394,0.9036496350364963
2024-07-02,4759.10009765625,4825.25,4719.5498046875,4773.85009765625,4773.85009765625,360009,4773.85009765625,0.008013301821205854,4778.64501953125,-0.001003406165430154,4693.373994140625,0.01714674850461395,4387.843989257813,0.08797170303762991,4110.356489257812,0.16141996688911076,5039.2998046875,-0.05267591080497569,,,0.7328859060402685,53.29599758860349,673534.35,509845.38,0.5345072600974249,0.7061140771737502,False,False,-0.001986055757167926,0.09760078873134437,0.08205174518334357,0.16340306920995507,,0.45091257391707684,0.33660512167882345,0.9007299270072993
2024-07-03,4760.0,4810.89990234375,4700.7001953125,4792.89990234375,4792.89990234375,799111,4792.89990234375,0.003990448861570295,4790.852514648437,0.0004273535219572189,4695.3119921875,0.020784116224571436,4397.929987792969,0.089808140567738,4115.436489257812,0.1646152029934771,5039.2998046875,-0.04889566247170918,,,0.7463087248322148,55.8259785582882,658821.0,510265.92,1.2129409961127529,1.5660677475775768,False,False,-0.0016871688515412986,0.05367406481863157,0.07442444512721913,0.21883855285428488,,0.42437466750146263,0.3360548150264651,0.8992700729927007
2024-07-04,4785.10009765625,4825.0,4725.0,4768.10009765625,4768.10009765625,317759,4768.10009765625,-0.005174279703895501,4786.14501953125,-0.0037702413531898182,4695.513994140625,0.015458606577725575,4408.314987792969,0.0816151093693529,4120.292989501953,0.1572235541998681,5039.2998046875,-0.05381694234166878,,,0.72751677852349,55.07815350551667,599920.45,511466.98,0.5296685585563886,0.6212698227361618,False,False,-0.026938225213631095,-0.019363443332562125,0.02649062941038327,0.2232641015423542,,0.34584347566164575,0.32584724718780267,0.8613138686131386
2024-07-05,4768.85009765625,4871.0,4742.7998046875,4853.10009765625,4853.10009765625,359691,4853.10009765625,0.017826806958558095,4794.447534179688,0.012233435251596259,4696.565,0.03332969897281313,4419.571989746094,0.09809278113717568,4125.6329895019535,0.1763286046057424,5039.2998046875,-0.036949519625335436,,,0.7919463087248322,55.14762625546848,584689.85,509497.84,0.6151825621737748,0.7059715895949628,False,False,0.02890763717734668,0.03542746501278571,0.050625122618661145,0.2561408302462145,,0.3252016999132764,0.3274678232841192,0.8832116788321168
2024-07-08,4860.0,4935.2001953125,4820.0,4851.5498046875,4851.5498046875,706765,4851.5498046875,-0.00031944384775794976,4799.662524414062,0.010810610123004771,4697.645,0.03276211903783688,4430.91048828125,0.0949329302676607,4130.978739013672,0.17443107582922934,5039.2998046875,-0.037257160176371484,,,0.7879194630872484,38.28393135725429,602379.65,519635.6,1.1732883074652338,1.3601165893945681,False,False,0.024419836721319976,0.02197057342408759,0.038253297267451414,0.2752470637218343,,0.322694256687247,0.32673587316620367,0.8744525547445255
2024-07-09,4853.10009765625,4893.9501953125,4780.0,4806.35009765625,4806.35009765625,421547,4806.35009765625,-0.009316550143951718,4801.060034179687,0.0011018532238509238,4700.63,0.022490623098659013,4441.663488769531,0.08210586187107749,4135.956739501953,0.16208906436362414,5039.2998046875,-0.04622660211931884,,,0.7570469798657719,41.39397892822549,609611.65,518826.14,0.6915008924124071,0.8125014672545219,False,False,0.006807922187576976,0.005849279232320148,0.01912581177024797,0.2612609322721906,,0.3241665205880977,0.32690511089106833,0.8773722627737226
2024-07-10,4825.0,4894.35009765625,4731.10009765625,4834.4501953125,4834.4501953125,284146,4834.4501953125,0.005846452523288415,4807.710034179688,0.0055619330081695395,4706.256005859375,0.027239102440139273,4452.815991210938,0.08570625978141466,4141.362740478516,0.16735734063080443,5039.2998046875,-0.040650411230633954,,,0.7785234899328859,48.045053995014555,610478.65,519418.86,0.4654478907657131,0.5470459813492333,False,False,0.008669134306024562,0.028289143663077665,0.016922632585717245,0.26490062671703307,,0.31858261337906585,0.32672191484146346,0.872992700729927
2024-07-11,4853.89990234375,4969.0,4832.25,4898.89990234375,4898.89990234375,568246,4898.89990234375,0.013331341606071412,4819.317529296875,0.01651320390555089,4714.5580078125,0.03910056769389114,4465.0489892578125,0.09716599171245655,4146.788740234375,0.18137195049556976,5039.2998046875,-0.027860994143105278,,,0.8429530201342282,56.6744610573851,611136.4,523071.86,0.9298186133242922,1.0863631624151986,False,False,0.027432269039778356,0.049745519332244026,0.02808996823592036,0.2819814403679981,,0.31933475269780914,0.32776357110851784,0.8846715328467153
2024-07-12,4939.89990234375,5016.9501953125,4909.0,4943.64990234375,4943.64990234375,598090,4943.64990234375,0.009134703891090057,4833.667529296875,0.022753400472885543,4721.355009765625,0.04708285907717835,4477.453488769531,0.10412088361019167,4152.466739501953,0.1905332932146957,5039.2998046875,-0.018980792183623918,,,0.8859060402684564,57.63063028259937,629127.5,522279.74,0.9506658030367453,1.145152595810054,False,False,0.01865813662719007,0.06163229059920283,0.05480287367925585,0.2870736533048035,,0.31960820214256386,0.3262529958508317,0.8671532846715329
2024-07-15,5126.4501953125,5164.0,4943.64990234375,4988.85009765625,4988.85009765625,1405587,4988.85009765625,0.00914308177265366,4846.112524414062,0.029454036100708514,4729.031015625,0.054941293718056006,4490.117990722656,0.11107327423556779,4158.430989990235,0.19969529605394887,5039.2998046875,-0.010011253346014937,,,0.9181208053691275,64.36460618703642,686457.75,545270.14,2.0475943348297836,2.5777809876036857,True,True,0.028300295471787695,0.052511079671236915,0.07418778017323402,0.29303443210166535,,0.3157563406236556,0.3259646057343832,0.8627737226277372
2024-07-16,5000.0,5104.0,4979.0,5039.85009765625,5039.85009765625,1062769,5039.85009765625,0.010222796636836229,4846.1400390625,0.03997203073628541,4737.581015625,0.06380240908479196,4503.730490722656,0.11903900733801898,4164.640740966797,0.21015242637382392,5039.85009765625,0.0,,,0.9778523489932885,65.9520556209583,636887.8,557789.82,1.668691094412548,1.9053216137935254,True,False,0.04858156298557259,0.000109200283785027,0.08920273849469318,0.3164720720359917,,0.22402609168350615,0.3262829234023389,0.8700729927007299
2024-07-18,5039.85009765625,5096.9501953125,5028.0,5083.4501953125,5083.4501953125,837644,5083.4501953125,0.00865107033173973,4853.6175537109375,0.047352853630966196,4747.238017578125,0.0708226923717421,4517.6319921875,0.1252466345429395,4171.410992431641,0.21864045631936269,5083.4501953125,0.0,,,0.9778523489932885,63.22586189771417,606832.5,561681.88,1.3803545459414253,1.491313908862433,False,False,0.05150533978846883,0.030310767532537364,0.0825064300069207,0.3425372739283703,,0.21146947650484715,0.3254493810393132,0.8583941605839416
2024-07-19,5062.10009765625,5078.5,4955.0,5010.7001953125,5010.7001953125,444963,5010.7001953125,-0.014311146407430808,4861.067553710937,0.030781847803644125,4754.243017578125,0.05394279947115921,4530.666494140625,0.1059521158294674,4178.029743652343,0.19929739679934744,5083.4501953125,-0.014311146407430808,,,0.9046979865771813,75.22961924862244,600188.5,561960.54,0.7413720856031064,0.7918047057183054,False,False,0.02282150997109822,0.03064771458833704,0.053110591700819665,0.3365965735586889,,0.21114464534370997,0.3261172266260196,0.8656934306569343
2024-07-22,4955.0,5031.9501953125,4922.75,5012.85009765625,5012.85009765625,559762,5012.85009765625,0.00042906225875594117,4871.467553710938,0.02902257736225944,4758.36501953125,0.05348162175041993,4543.232995605469,0.10336628178766682,4184.648493652344,0.19791425857158562,5083.4501953125,-0.013888224521477754,,,0.9087248322147651,74.48504031095294,591850.65,556561.32,0.9457825213168221,1.0057508128664063,False,False,0.013997794479680525,0.04328959192742765,0.04422416214939573,0.34331542279599736,,0.205330165465976,0.3257056303503174,0.8598540145985402
2024-07-23,5013.0,5095.4501953125,4925.10009765625,5065.25,5065.25,431809,5065.25,0.010453115757091958,4883.0450439453125,0.03731379793037348,4763.697021484375,0.06330230011598448,4555.527995605469,0.1118908729978696,4191.654243164063,0.20841312430781622,5083.4501953125,-0.00358028398296939,,,0.9355704697986578,75.12070238475079,595599.9,552837.22,0.7249984427465485,0.7810780178657292,False,False,0.015314130681064686,0.047903220169104976,0.05579935721583151,0.3779618962884168,,0.20702324510313358,0.3262710881130815,0.8686131386861314
2024-07-24,5100.0,5205.0,5082.64990234375,5158.4501953125,5158.4501953125,630155,5158.4501953125,0.018399920105128142,4901.800048828125,0.05235834671504658,4770.930029296875,0.08122528807506679,4568.597998046875,0.1291101115742277,4199.278493652344,0.22841345319441086,5158.4501953125,0.0,,,0.9778523489932885,77.9408658213524,608263.15,559628.3,1.0359907549881988,1.1260241842665926,False,False,0.023532465323007123,0.07841786404888951,0.10765284987294166,0.3837972490946282,,0.20858182882522314,0.32190703918133956,0.8437956204379562
2024-07-25,5148.0,5184.89990234375,5058.10009765625,5171.35009765625,5171.35009765625,393012,5171.35009765625,0.0025007321686409956,4920.317553710937,0.05101958180645916,4780.48302734375,0.08176309131876214,4581.905998535156,0.12864604802227286,4206.931744384766,0.22924506787131715,5171.35009765625,0.0,,,0.9778523489932885,81.39353834176723,600598.1,563672.9,0.6543677044599375,0.6972341583212534,False,False,0.017291386551756327,0.07714019947016237,0.13577418019869691,0.38484303344881843,,0.20863775248509442,0.3179229969691598,0.8218978102189781
2024-07-26,5199.0,5199.0,5040.0,5071.60009765625,5071.60009765625,234445,5071.60009765625,-0.01928896673331182,4928.892553710937,0.02895326736994286,4789.974033203125,0.05879490421053446,4594.1184985351565,0.10393323534718135,4213.934494628907,0.20353083421693596,5171.35009765625,-0.01928896673331182,,,0.8832214765100671,66.62861491628615,587134.4,560826.98,0.3993038050572407,0.4180344533353228,False,False,0.012153970497121636,0.03499928503134653,0.13109423225235117,0.3526431508375494,,0.2139779896622012,0.31898671065559125,0.8291970802919708
2024-07-29,5144.0,5144.0,5041.7998046875,5112.85009765625,5112.85009765625,206613,5112.85009765625,0.008133527724132561,4948.69755859375,0.03317085700204858,4799.18203125,0.06535865161266896,4606.725,0.10986657498683972,4221.120744628906,0.21125416849589285,5171.35009765625,-0.011312326354874558,,,0.9154362416107382,68.75272016994185,563214.6,558994.06,0.3668459588938213,0.36961573437828654,False,False,0.019948731370753592,0.08397733559256904,0.1105717699649853,0.3866108073524379,,0.15663024246122473,0.31513389500746286,0.7766423357664234
2024-07-30,5140.0,5175.5498046875,5000.10009765625,5027.2001953125,5027.2001953125,299951,5027.2001953125,-0.016751889984611967,4963.2625732421875,0.012882176013618851,4806.30103515625,0.04596032552694007,4618.497001953125,0.08849268348264339,4227.62824584961,0.18913014649475257,5171.35009765625,-0.0278747134929197,,,0.8416107382550335,64.97999911239644,546103.7,554607.38,0.5492564873667767,0.5408348514944031,False,False,-0.0075119302477666405,0.06150896323306765,0.09167118891858483,0.32549378016554864,,0.1732196566518287,0.3174417546774731,0.8160583941605839
2024-07-31,5040.0,5068.89990234375,4910.2001953125,4935.9501953125,4935.9501953125,912329,4935.9501953125,-0.018151256455846698,4971.367578125,-0.007124273603976494,4811.362041015625,0.025894570650637494,4628.667504882813,0.06638685757953722,4232.943247070312,0.16607993710493285,5171.35009765625,-0.0455200088755231,,,0.7583892617449665,56.34137353311198,573719.7,568791.7,1.5901998833228144,1.603977343551251,True,False,-0.043133110057394064,0.03395584158284182,0.07015948286767881,0.29613735061195756,,0.1875714569506111,0.3200271955858042,0.8335766423357664
2024-08-01,4949.0,5008.0,4883.0,4993.7998046875,4993.7998046875,202176,4993.7998046875,0.01172005532591025,4981.412573242187,0.002486690524661883,4817.1200390625,0.03667746790453341,4639.76400390625,0.07630470008457002,4238.60474609375,0.17817067262280806,5171.35009765625,-0.034333450572069935,,,0.8080536912751678,55.97832539832433,543872.95,569251.8,0.37173387645037326,0.3551609322974473,False,False,-0.034333450572069935,0.04191614814352973,0.08546704749051393,0.3196098988593459,,0.19078209108656707,0.3206244069821633,0.8379562043795621
2024-08-02,4950.0,5029.75,4890.14990234375,4909.7001953125,4909.7001953125,486355,4909.7001953125,-0.01684080513120667,4988.492578125,-0.015794828112607018,4819.338046875,0.018749908713312502,4650.397504882812,0.055759252871915965,4243.983497314453,0.15686128337193228,5171.35009765625,-0.05059605275271051,,,0.7395973154362416,47.96232309644595,552302.75,564639.28,0.8805949273292591,0.8613552355054008,False,False,-0.031922844709023734,0.02969738360271701,0.05348195765522745,0.3164146468137017,,0.20092622904131222,0.3219074308646616,0.8452554744525548
2024-08-05,4861.5,5010.0,4801.0,4817.4501953125,4817.4501953125,715443,4817.4501953125,-0.018789334649817357,4986.7100830078125,-0.03394219533075815,4819.8160546875,-0.0004908609266734976,4660.227006835938,0.03373723817443586,4249.077747802734,0.13376372032817718,5171.35009765625,-0.06843472123539729,,,0.7087248322147651,40.26246599753779,570090.35,575927.64,1.2549642350550225,1.2422445986443713,False,False,-0.05777597557166059,-0.007345799927136576,0.0022260769360795685,0.29244253944508025,,0.2035830895943969,0.31812266062364897,0.8233576642335766
2024-08-06,4818.14990234375,5045.25,4818.14990234375,4909.89990234375,4909.89990234375,798720,4909.89990234375,0.019190589063319496,4989.627587890625,-0.015978684609722626,4824.324052734375,0.017738412402224846,4670.439506835937,0.05127149065036041,4254.658247070312,0.15400570791429047,5171.35009765625,-0.05055743478496921,,,0.7409395973154362,42.949359201242814,574688.1,585755.72,1.389832154171976,1.3635718316160874,False,False,-0.023333125479690242,0.012027104740813588,0.02318360419368437,0.32068213326255,,0.2150046724700474,0.3204535420519388,0.8350364963503649
2024-08-07,4960.0,5063.5498046875,4954.4501953125,5018.5,5018.5,322153,5018.5,0.022118597082683822,5000.235083007812,0.0036528116556473478,4833.94705078125,0.038178521047085745,4681.365007324219,0.07201638670522748,4260.490496826172,0.17791601782435684,5171.35009765625,-0.0295570972318282,,,0.8308724832214766,46.70821182586867,569718.4,584341.72,0.5654600588641686,0.551309257877394,False,False,0.016724197250996387,0.04413950254002552,0.0462183548072721,0.34506370440574674,,0.2243608299895451,0.3234685224506593,0.8525547445255475
2024-08-08,5049.9501953125,5063.89990234375,4942.0,4980.10009765625,4980.10009765625,348300,4980.10009765625,-0.007651669292368268,5007.517578125,-0.005475263948851894,4844.060048828125,0.028083889847945853,4691.369509277344,0.06154505370082908,4266.077247314453,0.16737222721207923,5171.35009765625,-0.03698260539093612,,,0.7906040268456376,48.39318743676616,572926.1,586813.86,0.6079318083082618,0.5935442629115816,False,False,-0.0027433432590531215,0.030127500844868038,0.06101793689971324,0.33902456523938174,,0.22660163193217708,0.32059668911111827,0.8364963503649635
2024-08-09,5033.0,5063.7998046875,4971.35009765625,4989.9501953125,4989.9501953125,102057,4989.9501953125,0.001977891500792417,5012.070092773438,-0.004413325642199428,4854.32205078125,0.027939667601868612,4700.95201171875,0.06147652281353255,4271.347747802734,0.16823787009133806,5171.35009765625,-0.03507786147102354,,,0.8040268456375839,48.807171165176996,549616.65,584164.52,0.18568760607961932,0.17470592017467956,False,False,0.016345193557158133,0.018585865150090086,0.08546794298908167,0.3575878938773418,,0.22233760428087412,0.31736893580329945,0.8145985401459854
2024-08-12,4999.0,5025.0,4960.5498046875,5013.7998046875,5013.7998046875,167412,5013.7998046875,0.004779528540666433,5015.577587890625,-0.00035445233813491406,4865.69904296875,0.03043771519999061,4711.412009277344,0.06418198935154007,4277.132746582031,0.17223385425532056,5171.35009765625,-0.03046598857040339,,,0.8268456375838926,47.237865955891834,528082.75,584678.64,0.31701849757448053,0.2863316504943639,False,False,0.04075799466822794,0.014189900929370447,0.07766866795029248,0.3539100968882025,,0.2207598266233806,0.31669157405728926,0.8029197080291971
2024-08-13,5039.9501953125,5048.0,4905.5,4929.5,4929.5,138438,4929.5,-0.016813556179224864,5012.610083007812,-0.016580201059233746,4878.246044921875,0.01050663591097023,4720.514509277344,0.04427176112093978,4282.56599609375,0.15106223803587304,5171.35009765625,-0.046767303139244265,,,0.7543624161073825,37.590079050420975,464725.3,570118.64,0.29789210959678764,0.2428231429163586,False,False,0.003991954631680672,-0.011896548602278623,0.055284987958255316,0.3242800691285799,,0.22688626551414537,0.3188368900967644,0.8262773722627738
2024-08-14,4950.0,5020.0,4913.2998046875,4960.2998046875,4960.2998046875,282580,4960.2998046875,0.006248058563241621,5008.632568359375,-0.00964989206379474,4890.4650390625,0.014279780157346211,4730.796506347656,0.04851261262916351,4288.387745361328,0.15668174130311963,5171.35009765625,-0.04081144942486137,,,0.774496644295302,38.77807681143692,425715.85,570174.3,0.663776084446938,0.495602835834586,False,False,-0.011597129682674123,-0.015784257751186748,0.059236778092334186,0.3484205059005627,,0.22482385275605188,0.3190001186061262,0.8306569343065694
2024-08-16,4995.0,5025.0,4902.7001953125,5021.2998046875,5021.2998046875,193826,5021.2998046875,0.01229764377192577,5005.525048828125,0.0031514687681100106,4899.91603515625,0.024772622359309437,4740.90400390625,0.05914395240870074,4294.659993896485,0.16919612072287604,5171.35009765625,-0.029015690319778464,,,0.8348993288590604,47.210492652749316,393524.95,552183.26,0.49253802077860626,0.3510175226970843,False,False,0.008272867256350791,-0.012226025285407394,0.06702222930552915,0.35956996136307584,,0.22719556931347346,0.31972985076996613,0.8321167883211679
2024-08-19,5040.0,5048.0,4982.0498046875,5002.7001953125,5002.7001953125,171799,5002.7001953125,-0.0037041423731832834,5005.125048828125,-0.00048447411242857896,4902.7250390625,0.02039175263826687,4750.790004882812,0.05302490536748139,4300.925994873047,0.16316816454782268,5171.35009765625,-0.032612354444961134,,,0.8147651006711409,43.733990339345084,379866.75,525703.84,0.45226122054641527,0.32679806942250983,False,False,0.0025551357229931515,-0.001596583249479533,0.042489872243853366,0.349436966838627,,0.2217078870286922,0.31755037330001507,0.8189781021897811
2024-08-20,5008.0,5095.9501953125,4987.7001953125,5079.2001953125,5079.2001953125,320092,5079.2001953125,0.015291741862060837,5008.442553710937,0.01412767359169087,4910.568046875,0.03434066014924997,4761.018505859375,0.06683059287871695,4307.97724609375,0.17902205725855547,5171.35009765625,-0.017819312288586686,,,0.8899328859060402,52.989200301345164,367883.25,518819.62,0.8700912585718431,0.6169620185142575,False,False,0.013044076982063668,0.013236002745677933,0.05959057530719081,0.35221773636620957,,0.22825820518886358,0.31888629263862023,0.8277372262773722
2024-08-21,5095.0,5164.0,5051.85009765625,5099.4501953125,5099.4501953125,796491,5099.4501953125,0.003986848169262647,5010.152563476562,0.017823335857456213,4917.61205078125,0.03697691941810688,4770.382006835937,0.06898151720449408,4314.771746826172,0.18185862301140632,5171.35009765625,-0.013903507011899352,,,0.9073825503355705,60.23412867724816,386117.35,527690.06,2.062821056862635,1.5093917061844977,True,True,0.03447615281722283,0.006751926422684074,0.08857939914878865,0.32945322174607305,,0.2257550339707525,0.3150076219482018,0.7722627737226277
2024-08-22,5145.0,5145.0,5021.14990234375,5057.85009765625,5057.85009765625,353198,5057.85009765625,-0.008157761339543934,5005.12255859375,0.010534714873658313,4923.2010546875,0.027349897246334853,4777.984506835937,0.05857398457862395,4321.637747802734,0.1703549424585229,5171.35009765625,-0.021947846859457498,,,0.8751677852348994,54.09241766339565,372269.5,529215.88,0.9487696413485391,0.667398718269754,False,False,0.019666209061912854,-0.01950200037749039,0.11471453354874739,0.31323272060624996,,0.2172434774528156,0.3081264428032852,0.6613138686131387
2024-08-23,5045.0,5088.7998046875,4880.0,4901.5,4901.5,802974,4901.5,-0.030912362888868672,4991.630053710937,-0.018056236688440475,4927.20205078125,-0.005216358192003723,4782.137504882812,0.024960071724268174,4327.817998046875,0.1325568686603793,5171.35009765625,-0.052181749941577316,,,0.7342281879194631,49.52034355671222,392767.6,539939.24,2.0443997926509216,1.4871562215037382,True,True,-0.02385832540324795,-0.052181749941577316,0.09544185007017925,0.27624947928893806,,0.24135429768627356,0.3138029689141176,0.7372262773722628
2024-08-26,4903.0,4978.75,4900.10009765625,4959.39990234375,4959.39990234375,475103,4959.39990234375,0.011812690471029175,4986.020043945313,-0.0053389559943483045,4933.055048828125,0.005340474260850492,4787.526005859375,0.03590035777853151,4334.381748046875,0.14420007065102558,5171.35009765625,-0.040985466330844544,,,0.7704697986577181,58.6507359789654,404800.5,538339.48,1.173671969278694,0.8825341957086261,False,False,-0.008655384348101092,-0.022123233920661733,0.10778779591930676,0.28803869169263097,,0.2379984755203029,0.3144730264689391,0.7605839416058394
2024-08-27,5010.0,5010.0,4925.64990234375,4958.5498046875,4958.5498046875,144910,4958.5498046875,-0.00017141139512633075,4978.305029296875,-0.003968263192616117,4939.093046875,0.003939338179670404,4791.855502929688,0.034787005087256295,4341.007497558594,0.14225783011805793,5171.35009765625,-0.04114985235000723,,,0.7691275167785235,53.33744673182451,401715.35,536472.32,0.360728062793717,0.270116452606539,False,False,-0.02375381673995569,-0.030178919784775604,0.11554676358727822,0.28719948796506856,,0.23557978649567937,0.3139432233006814,0.745985401459854
2024-08-28,4995.5,4995.5,4905.0,4964.85009765625,4964.85009765625,504521,4964.85009765625,0.0012705918498174817,4975.187524414063,-0.0020777964060822995,4943.591044921875,0.004300325925262749,4796.671005859375,0.035061627447751986,4347.634498291016,0.14196584363470555,5171.35009765625,-0.03993154516720687,,,0.7812080536912752,45.71862094978619,411943.85,541383.1,1.2247324483664461,0.9319112473219058,False,False,-0.026395021522119477,-0.01240254917924033,0.15403930833546053,0.28957145393668826,,0.22861234451190485,0.3057857744208286,0.656934306569343
2024-08-29,4991.5,5155.5498046875,4980.64990234375,5008.7998046875,5008.7998046875,939641,5008.7998046875,0.008852172002533854,4978.830004882812,0.006019446290653763,4942.981044921875,0.01331560027591916,4802.6405029296875,0.04292624060286254,4354.441247558594,0.15027382847243276,5171.35009765625,-0.03143285407082008,,,0.8201342281879195,52.270190392100965,413309.45,519092.56,2.2734563654424065,1.8101607929036778,True,True,-0.009697854230887426,0.014758983882005694,0.1516202863013052,0.27811373842233666,,0.22096505188985158,0.30556787943983277,0.6554744525547446
2024-08-30,5020.0,5042.0,4900.0,4927.4501953125,4927.4501953125,564035,4927.4501953125,-0.01624133775497849,4975.512524414063,-0.009659774518851694,4942.85205078125,-0.003115985530320664,4807.306005859375,0.024991999532937514,4360.829998779297,0.12993402556206357,5171.35009765625,-0.04716368022623141,,,0.7530201342281879,45.558547367398354,431402.4,501598.26,1.3074452066098843,1.1244755912829523,False,False,0.0052943375114760105,-0.01328639752693328,0.0832536840478153,0.2686045387535656,,0.22493538958783196,0.2942639470764834,0.6262773722627737
2024-09-02,4977.0,5023.9501953125,4951.0,4999.85009765625,4999.85009765625,290596,4999.85009765625,0.014693177906216937,4980.02001953125,0.003981927391301321,4945.615048828125,0.010966289994805978,4810.854008789062,0.03928535110853626,4367.581499023438,0.14476400698514347,5171.35009765625,-0.033163486664290365,,,0.810738255033557,49.07267653033204,421614.45,495853.32,0.6892458263705146,0.5860523430598388,False,False,0.008156268118927779,0.018361590068130873,0.02829967559386093,0.2998946977559007,,0.22252506294781815,0.26021362865672154,0.5620437956204379
2024-09-03,5029.0,5039.7998046875,4965.0,4980.60009765625,4980.60009765625,222027,4980.60009765625,-0.0038501154282652994,4988.177514648438,-0.0015190752474096847,4949.130048828125,0.006358703149369926,4814.467509765625,0.0345069496374506,4374.217999267578,0.1386264009910354,5171.35009765625,-0.03688591884089443,,,0.7932885906040269,53.71853900605395,396943.65,485763.48,0.5593413573941792,0.4570681188301764,False,False,0.0044469237654738425,0.03386644297900565,0.06263007759703587,0.2988916671420654,,0.21091648700798887,0.24898016522384012,0.44233576642335765
2024-09-04,4974.0,5109.0,4960.35009765625,5100.89990234375,5100.89990234375,319841,5100.89990234375,0.02415367673146651,4997.727514648437,0.020643860113003898,4954.47404296875,0.029554269152505475,4818.748510742187,0.05855283606782491,4381.160499267578,0.16428053781560714,5171.35009765625,-0.013623172669053885,,,0.9100671140939597,59.052295697826125,372999.7,485023.82,0.8574832633913646,0.6594335923542889,False,False,0.027402600685109357,0.038900996720691916,0.07449574013244509,0.3117405861786009,,0.21700717407328915,0.25230883371403395,0.48759124087591244
2024-09-05,5084.10009765625,5361.14990234375,5077.10009765625,5308.14990234375,5308.14990234375,1323435,5308.14990234375,0.04063008566483983,5012.210009765625,0.05904379345668387,4964.9700390625,0.06912022843667542,4824.668510742187,0.10021028191368697,4388.963248291016,0.20943138551243257,5308.14990234375,0.0,,,0.9778523489932885,65.54154905171707,423063.8,503954.72,3.128216122485545,2.626099027309438,True,True,0.059764835754885226,0.057716429678937864,0.11086347120929818,0.35206764435682514,,0.24756690770519857,0.2646875225577341,0.602919708029197
2024-09-06,5293.0,5354.5498046875,5202.0,5303.4501953125,5303.4501953125,721164,5303.4501953125,-0.0008853757180397048,5028.377514648438,0.054704063062634756,4975.01904296875,0.06601605933708443,4830.163012695312,0.09798575770077078,4396.488499755859,0.20629229340802446,5308.14990234375,-0.0008853757180397048,5308.14990234375,-0.0008853757180397048,0.9530201342281879,66.54382851077179,441707.0,507451.74,1.6326750538252732,1.4211479499508664,True,False,0.07630721470461332,0.06492843342816057,0.12804559763287804,0.33264239957115804,,0.2448835609230256,0.26209364663738244,0.5824817518248175
2024-09-09,5303.4501953125,5395.0,5216.0498046875,5361.39990234375,5361.39990234375,594876,5361.39990234375,0.010926793860055461,5046.95,0.062304937109293856,4984.2450390625,0.07566940636453734,4836.126513671875,0.10861448458532075,4404.303249511719,0.21730943547952553,5361.39990234375,0.0,5361.39990234375,0.0,0.9778523489932885,65.84681308906812,466347.95,509274.88,1.2756054786988984,1.168084316273365,False,False,0.0723121288890205,0.07443956201811108,0.14885089245058114,0.32981123775973886,0.4922207821170741,0.24631679746327675,0.26193767496690573,0.5795620437956205
2024-09-10,5361.39990234375,5422.4501953125,5315.0,5344.39990234375,5344.39990234375,400985,5344.39990234375,-0.0031708136512197393,5063.480004882813,0.05547961030556858,4996.798037109375,0.06956492190656172,4842.7025146484375,0.10359863860680152,4412.065499267578,0.21131472396113415,5361.39990234375,-0.0031708136512197393,5361.39990234375,-0.0031708136512197393,0.938255033557047,63.80544460534289,478026.6,503594.4,0.8388340732503171,0.7962459471352342,False,False,0.0730433677778497,0.0659380331355004,0.1476920134480899,0.34694284907884887,0.45848506826956137,0.24747303211702043,0.26202148808708897,0.581021897810219
2024-09-11,5357.89990234375,5449.0,5279.10009765625,5299.10009765625,5299.10009765625,461780,5299.10009765625,-0.008476125573543603,5081.960009765625,0.042727626245260275,5008.062041015625,0.05811390798617233,4849.250517578125,0.09276682622344579,4419.609749755859,0.1989972865701488,5361.39990234375,-0.011620063010085335,5361.39990234375,-0.011620063010085335,0.9140939597315436,63.540459687205725,494193.7,499986.62,0.9344109404875052,0.9235847151269768,False,False,0.038855927210300845,0.07497719802337954,0.11796535391800367,0.31843007965571934,0.41827477140608416,0.24014075901866427,0.2609472640040038,0.5678832116788322
2024-09-12,5330.0,5376.0498046875,5216.89990234375,5238.5498046875,5238.5498046875,380591,5238.5498046875,-0.011426523721552395,5095.872509765625,0.027998599778242372,5017.35603515625,0.044085723233783236,4855.365014648438,0.07891987294117109,4426.747999267578,0.18338559266401377,5361.39990234375,-0.0229138098060071,5361.39990234375,-0.0229138098060071,0.8697986577181208,71.19679903700883,499094.25,500398.26,0.7625633835693358,0.7605761858564416,False,False,-0.013111931451958214,0.05609539966456323,0.03953922324975778,0.33225240319033755,0.4080609456492452,0.245810900172804,0.22910405429853603,0.32116788321167883
2024-09-13,5250.89990234375,5255.85009765625,5155.0,5187.0498046875,5187.0498046875,395545,5187.0498046875,-0.009830965041874307,5104.160009765625,0.016239654470722842,5025.239033203125,0.032199616857078395,4860.2755126953125,0.06723369717182393,4433.718748779297,0.16990952710196416,5361.39990234375,-0.03251950998470243,5361.39990234375,-0.03251950998470243,0.8161073825503355,64.43290511796715,509180.2,492326.94,0.7768271429250391,0.8034193700633161,False,False,-0.021948050106679884,0.033009381324984544,0.05130827689136863,0.29335122153709214,0.37914936981593494,0.2470725944540531,0.2257284172870834,0.3021897810218978
2024-09-16,5188.0498046875,5260.0,5176.14990234375,5204.7998046875,5204.7998046875,198479,5204.7998046875,0.0034219837226083794,5114.264990234375,0.01770240975506754,5033.97302734375,0.03393478201330158,4864.743510742188,0.06990220413355996,4440.667998046875,0.1720758694360196,5361.39990234375,-0.0292088074959288,5361.39990234375,-0.0292088074959288,0.8322147651006712,65.28461040488216,510514.2,489941.34,0.388782525539936,0.4051076808501197,False,False,-0.0292088074959288,0.04039810532007615,0.07057193894963043,0.29662930122905373,0.3858216879950742,0.24628377336245305,0.223431180742665,0.2832116788321168
2024-09-17,5227.0,5254.0,5200.10009765625,5219.85009765625,5219.85009765625,155984,5219.85009765625,0.0028916180321085783,5121.2974853515625,0.019243680451404677,5041.30802734375,0.035415822509574646,4868.936513671875,0.07207191611536046,4447.575998535156,0.17363932609031263,5361.39990234375,-0.026401650178271785,5361.39990234375,-0.026401650178271785,0.8483221476510067,65.65764257497224,502308.8,485867.2,0.3105340778421561,0.321042457692143,False,False,-0.02330473148779144,0.02769134842795795,0.08637106081674273,0.2868342159795989,0.3820461840720426,0.24135573699283983,0.22182020449952852,0.27445255474452557
2024-09-18,5225.0,5289.0,5219.89990234375,5265.2001953125,5265.2001953125,201983,5265.2001953125,0.008688007664551911,5129.584985351563,0.02643785225280615,5049.58103515625,0.04270040596537883,4873.613017578125,0.08034843478995968,4454.68,0.18194801766064006,5361.39990234375,-0.017943020252825348,5361.39990234375,-0.017943020252825348,0.8885906040268456,65.71660145867952,472583.4,475771.56,0.42740180886590595,0.42453777607051585,False,False,-0.0063972942044902,0.03250350403507429,0.0892690863240646,0.2647306266492877,0.38674676769918226,0.2425782280249223,0.22212208781792248,0.2759124087591241
2024-09-19,5295.0,5443.9501953125,5180.0,5342.5,5342.5,392198,5342.5,0.014681266014598737,5143.81748046875,0.03862549950219951,5060.304033203125,0.055766603141876425,4880.467016601562,0.0946698301262503,4462.178000488281,0.197285271769837,5361.39990234375,-0.0035251804916637264,5361.39990234375,-0.0035251804916637264,0.9369127516778524,75.56829324930305,474533.4,475184.58,0.8264918760196859,0.8253592740740872,False,False,0.019843315266275585,0.05627883326863592,0.11689504028102027,0.24313567540023073,0.4114554072977088,0.24379877023418495,0.2223154106733379,0.27883211678832115
2024-09-20,5360.0,5417.9501953125,5225.10009765625,5320.5498046875,5320.5498046875,598428,5320.5498046875,-0.004108599964904092,5164.769970703125,0.03016200815680614,5070.026025390625,0.04941272057426427,4888.141015625,0.08846078451507422,4469.22,0.19048733440902432,5361.39990234375,-0.007619296900123418,5361.39990234375,-0.007619296900123418,0.9221476510067114,71.06541188001825,464306.1,481470.22,1.2888652550548012,1.2429179939727113,False,False,0.025737173350322662,0.08549419661073143,0.10821699743543012,0.1859813590679229,0.40665977740498604,0.21090985474905324,0.22262760473646598,0.28029197080291973
2024-09-23,5355.14990234375,5363.0,5260.25,5297.4501953125,5297.4501953125,179528,5297.4501953125,-0.004341583148916084,5181.6724853515625,0.022343695069157343,5077.99703125,0.043216481363022696,4896.27751953125,0.08193421924737154,4476.399750976562,0.1834175877962685,5361.39990234375,-0.011927800238011432,5361.39990234375,-0.011927800238011432,0.912751677852349,70.70782176138819,449527.35,473695.86,0.3993705833471534,0.3789942348240071,False,False,0.01780095183325936,0.06816354793429569,0.0810902001463818,0.19836907836557915,0.39013322713704657,0.21096432801366244,0.21946695200995053,0.24963503649635035
2024-09-24,5304.9501953125,5484.85009765625,5231.14990234375,5391.4501953125,5391.4501953125,672936,5391.4501953125,0.017744385795863904,5203.3175048828125,0.03615629648837371,5086.953037109375,0.05985845671894641,4904.1540234375,0.09936396156119032,4483.608251953125,0.20248021065709887,5391.4501953125,0.0,5391.4501953125,0.0,0.9778523489932885,69.66500744567433,475928.65,475192.78,1.413943035368852,1.4161326272676111,False,False,0.03287452598175178,0.08730383028839661,0.1430434505353262,0.19132271499301545,0.4364751069906081,0.21647156481423918,0.2065354736165167,0.20583941605839415
2024-09-25,5400.0,5417.5,5232.0,5265.5,5265.5,529354,5265.5,-0.023361097802963138,5218.35,0.009035423074343463,5092.48603515625,0.03397436215815586,4910.758525390625,0.07223761314575272,4489.993752441406,0.17271878098648075,5391.4501953125,-0.023361097802963138,5391.4501953125,-0.023361097802963138,0.8657718120805369,46.756413312864794,477170.3,457668.12,1.109360746048109,1.156632889352223,False,False,5.694079548335118e-05,0.06055568575689274,0.11182670845601206,0.17446974982459862,0.38068019703071165,0.23763764924549755,0.21308664644043437,0.22627737226277372
2024-09-26,5313.4501953125,5313.4501953125,5164.0,5198.0498046875,5198.0498046875,372440,5198.0498046875,-0.01280983673202929,5227.8125,-0.0056931451371868835,5095.650029296875,0.020095527518940504,4916.615522460937,0.057241466399165386,4496.148500976563,0.15611168171124334,5391.4501953125,-0.0358716826862554,5391.4501953125,-0.0358716826862554,0.8,42.68256303518037,448810.25,443861.54,0.8298384450889881,0.8390904965543985,False,False,-0.027037940161441232,0.03778350251149787,0.08885903376805104,0.17820181774736876,0.3650161468563493,0.2430017182091914,0.2147834617386875,0.2321167883211679
2024-09-27,5224.60009765625,5226.0,5090.0,5102.2998046875,5102.2998046875,566687,5102.2998046875,-0.018420369869033282,5236.55498046875,-0.025638072412491275,5096.027021484375,0.0012309163936297107,4921.63251953125,0.03670881245994706,4501.462249755859,0.1334760843466425,5391.4501953125,-0.05363128289238328,5391.4501953125,-0.05363128289238328,0.7302013422818792,32.90897554408217,448942.85,438442.4,1.262269796701295,1.2925004515986591,False,False,-0.041020196786376806,0.035484805009563525,0.06455380013099221,0.14378262601381375,0.344125343700606,0.2452796404364049,0.21855537044660137,0.24379562043795622
2024-09-30,5102.2998046875,5215.0,5080.0,5096.2998046875,5096.2998046875,437174,5096.2998046875,-0.0011759403072488794,5241.377465820313,-0.02767930035165045,5097.739013671875,-0.00028232300251451736,4925.991015625,0.03457350785299629,4506.257999267578,0.13093830968307274,5391.4501953125,-0.05474415601234961,5391.4501953125,-0.05474415601234961,0.7261744966442953,33.393578615517654,456271.75,438286.62,0.9581439131394832,0.9974614328860872,False,False,-0.03797117164083763,0.01929051974507434,0.06883238613060483,0.09714642877340651,0.3418731234971424,0.24069060801388265,0.21821562136009945,0.24087591240875914
2024-10-01,5095.0,5138.0,4936.10009765625,4954.35009765625,4954.35009765625,562718,4954.35009765625,-0.02785348438502122,5240.064965820313,-0.054525062194402674,5096.569013671875,-0.027904834729817973,4927.467016601562,0.005455760731449599,4510.452498779297,0.09841531398392722,5391.4501953125,-0.08107282490270962,5391.4501953125,-0.08107282490270962,0.6724832214765101,29.567958254330946,473306.3,438345.74,1.1889087468305408,1.2837309654246898,False,False,-0.08107282490270962,-0.0052704492401132175,0.020862953156251196,0.07254426533663483,0.32845772172157695,0.26138198421652814,0.22337229662236607,0.28175182481751826
2024-10-03,4924.5498046875,5015.0,4881.0,4942.60009765625,4942.60009765625,615247,4942.60009765625,-0.0023716531469099023,5232.149975585938,-0.05534051571166243,5094.116015625,-0.02974331905751859,4928.906518554688,0.0027782184648894592,4514.81224975586,0.0947520792085037,5391.4501953125,-0.08325220142931022,5391.4501953125,-0.08325220142931022,0.6711409395973155,31.38330058058068,488076.6,442014.5,1.2605541835031633,1.3919158760628894,False,False,-0.061323692402193486,-0.031033701448398343,0.018767259254100388,0.05773846606869415,0.34056609477035993,0.2451428732504996,0.22344174092238311,0.2846715328467153
2024-10-04,4875.0,4875.0,4696.10009765625,4737.5498046875,4737.5498046875,2983666,4737.5498046875,-0.04148632074563008,5203.619970703125,-0.08956652650263552,5085.6980078125,-0.06845632646495814,4928.314018554687,-0.038707804159592074,4518.151248779297,0.04855936506496539,5391.4501953125,-0.1212846946436642,5391.4501953125,-0.1212846946436642,0.6268456375838927,26.30220292803878,571088.15,489084.72,5.224527947217956,6.1005095395333555,True,True,-0.08859091722913659,-0.10749509869800555,-0.014314457243199907,0.004537578912221507,0.2842020219774868,0.23102021406002682,0.23863139670339004,0.36934306569343067
2024-10-07,4741.0,4752.89990234375,4518.0,4544.14990234375,4544.14990234375,1864971,4544.14990234375,-0.04082276921973327,5165.654956054687,-0.12031486016743498,5073.15400390625,-0.10427519076991854,4926.818515625,-0.07767053161541226,4520.494998779297,0.005232812683310328,5391.4501953125,-0.15715628676407323,5391.4501953125,-0.15715628676407323,0.5825503355704698,20.612974060133226,628278.5,518523.9,2.9683826519608743,3.596692457184712,True,True,-0.1093918279421715,-0.14317100472440825,-0.060048253935933826,-0.044141795888988256,0.24018170389243076,0.2617370847835878,0.2524093121801669,0.4905109489051095
2024-10-08,4544.14990234375,4619.89990234375,4435.0,4465.4501953125,4465.4501953125,1009173,4465.4501953125,-0.017318906445110582,5120.857470703125,-0.12798779875055444,5061.031005859375,-0.11767973953475985,4925.50251953125,-0.09340210920499792,4522.656999511719,-0.012648937163573293,5391.4501953125,-0.17175341818145595,5391.4501953125,-0.17175341818145595,0.5691275167785235,18.24113461181898,648993.35,534018.46,1.5549820348698489,1.889771750587049,True,False,-0.12378581197180627,-0.1671111506977092,-0.0884789882773227,-0.06287439201165879,0.22893275960467174,0.2543692101334358,0.25284030265871466,0.49635036496350365
2024-10-09,4510.0,4688.75,4481.64990234375,4645.39990234375,4645.39990234375,1059581,4645.39990234375,0.04029822283543716,5085.907470703125,-0.08661336662078023,5051.682001953125,-0.0804251137447477,4925.432016601562,-0.05685432532901513,4525.533748779297,0.026486633448880026,5391.4501953125,-0.138376552864643,5391.4501953125,-0.138376552864643,0.6067114093959731,26.563540293840376,681923.15,551077.82,1.55381291865513,1.9227429621464354,True,False,-0.062359378974581325,-0.13079111083986406,-0.06032991936961429,-0.008833298640651077,0.2759634039186558,0.30855715757117363,0.26611317297436543,0.6160583941605839
2024-10-10,4664.7998046875,4698.89990234375,4572.0,4607.5,4607.5,316729,4607.5,-0.00815858766532207,5051.327465820313,-0.08786353069038999,5043.287998046875,-0.08640950074944043,4924.7945166015625,-0.06442797065582284,4528.342999267578,0.017480345624265814,5391.4501953125,-0.1454061832925938,5391.4501953125,-0.1454061832925938,0.6,21.353950592567955,674670.6,551413.38,0.4694572432828702,0.5743948396754537,False,False,-0.06779834318684863,-0.13051274460018958,-0.07644048030936179,-0.007923649685655065,0.25509048874743856,0.3085363915336303,0.2656866930134098,0.6116788321167883
2024-10-11,4643.10009765625,4643.10009765625,4529.0,4572.7001953125,4572.7001953125,410581,4572.7001953125,-0.0075528604856213155,5018.034985351563,-0.08874684838568592,5036.022998046875,-0.09200172495520087,4923.69251953125,-0.0712864019892463,4531.155750732421,0.009168619854518001,5391.4501953125,-0.1518608111620594,5391.4501953125,-0.1518608111620594,0.5879194630872483,21.142188963761456,676170.1,541378.42,0.6072155512348151,0.7583992727305237,False,False,-0.034796385509634487,-0.12710571326041264,-0.09269122955879083,-0.01175680257518208,0.2440690156223162,0.30807004115956416,0.26492273042481845,0.6087591240875913
2024-10-14,4204.0,4299.0,4139.9501953125,4183.60009765625,4183.60009765625,4876749,4183.60009765625,-0.08509197652081335,4967.8625,-0.1578671717149479,5019.81900390625,-0.16658347753161684,4918.469521484375,-0.14941018148392315,4531.967000732422,-0.07686880840479904,5391.4501953125,-0.22403065110503917,5391.4501953125,-0.22403065110503917,0.4442953020134228,16.485619830145353,900230.3,634869.88,5.417223792622843,7.6814937259269565,True,True,-0.07934373038652143,-0.19345287684040346,-0.1770156218872786,-0.10911411889773215,0.12290311954411348,0.4156174215187485,0.3146070633879046,0.7635036496350365
2024-10-15,4230.0,4238.9501953125,4180.60009765625,4193.5498046875,4193.5498046875,1355665,4193.5498046875,0.0023782643653784685,4917.3,-0.14718447019960146,5005.49599609375,-0.16221093614696458,4912.417021484375,-0.1463367653138814,4533.105250244141,-0.07490570520910655,5391.4501953125,-0.2221851908539363,5391.4501953125,-0.2221851908539363,0.45100671140939597,12.036477663528032,958089.6,652256.08,1.4149668256497097,2.078424474019468,False,False,-0.060889804774985734,-0.1942918148531394,-0.16308107824719642,-0.11863181910729304,0.08277923999989167,0.4151747460584151,0.3139128743859425,0.7445255474452555
2024-10-16,4209.0,4215.0,4149.0,4173.7998046875,4173.7998046875,688895,4173.7998046875,-0.004709613792573508,4864.997485351562,-0.14207565014067292,4992.62298828125,-0.16400661245916281,4906.219521484375,-0.14928392698076454,4534.201749267578,-0.07948520258021041,5391.4501953125,-0.22584839820715852,5391.4501953125,-0.22584839820715852,0.44026845637583895,12.905167522224033,984735.15,651725.12,0.6995738905024361,1.0570330632644633,False,False,-0.1015198061674546,-0.20039853126020502,-0.16737988900985623,-0.1305579622125802,0.08087525694354536,0.4128148728965767,0.3138660595180077,0.743065693430657
2024-10-17,4175.0,4180.0,4044.0,4087.699951171875,4087.699951171875,731365,4087.699951171875,-0.020628649562666634,4806.122473144531,-0.14948069384145535,4976.178989257813,-0.17854643894520617,4900.251520996094,-0.16581833939394364,4534.600499267578,-0.09855345540756799,5391.4501953125,-0.24181810030892015,5391.4501953125,-0.24181810030892015,0.40268456375838924,12.743655475601571,1011204.25,650378.02,0.7232613984761239,1.1245229351385522,False,False,-0.11281607136801408,-0.22363826644026363,-0.19299147106818515,-0.14796091388609622,0.06618500586384535,0.4075516240729937,0.31470079732365874,0.7664233576642335
2024-10-18,4100.0,4114.0,3975.10009765625,3986.699951171875,3986.699951171875,1094839,3986.699951171875,-0.024708271450071817,4738.332470703125,-0.15862806676790975,4955.54298828125,-0.19550693827103738,4894.74501953125,-0.18551427392766107,4534.416749267578,-0.12079101423224337,5391.4501953125,-0.2605514644950184,5391.4501953125,-0.2605514644950184,0.276510067114094,12.698915439336787,1046336.3,665831.74,1.0463547905200268,1.6443178272036116,False,False,-0.12815190568175383,-0.253776331086219,-0.22715160557436387,-0.14395227339471683,0.04951820372765314,0.39686589560390456,0.31436378857189556,0.7576642335766424
2024-10-21,4000.050048828125,4073.0,3961.0,3973.449951171875,3973.449951171875,494815,3973.449951171875,-0.003323550847137424,4670.977478027344,-0.14933223937317075,4935.409985351563,-0.19490985288655094,4889.7350170898435,-0.18738951348396404,4534.146749267578,-0.12366092874834178,5391.4501953125,-0.26300905930161056,5391.4501953125,-0.26300905930161056,0.2697986577181208,12.637645537689068,1041155.65,668762.04,0.4752555489661896,0.7398969594625915,False,False,-0.050231891571593135,-0.2531880920142512,-0.23164166491595395,-0.12731844187108188,0.04735355053813195,0.39714099852566864,0.3140687810662193,0.7489051094890511
2024-10-22,3999.89990234375,4057.0,3965.89990234375,4005.199951171875,4005.199951171875,698102,4005.199951171875,0.007990537288795174,4606.364965820312,-0.13050746502049693,4915.71498046875,-0.18522535031314002,4885.018515625,-0.18010547178868963,4533.949499511718,-0.11662007889518544,5391.4501953125,-0.2571201057084559,5391.4501953125,-0.2571201057084559,0.3046979865771812,15.917955925435592,1067084.35,680682.94,0.654214448932739,1.0255905635008276,False,False,-0.04491418065551289,-0.2439381582641561,-0.21026897348968676,-0.10673979088345609,0.03975802505222936,0.4035560300422196,0.3134410501295459,0.7313868613138687
2024-10-23,4009.0,4224.7998046875,3978.0,4156.10009765625,4156.10009765625,686716,4156.10009765625,0.0376760582053397,4544.5974609375,-0.08548553895488631,4898.560986328125,-0.1515671420125384,4882.130014648437,-0.1487117128822446,4534.316750488281,-0.08341204940993652,5391.4501953125,-0.22913131957155108,5391.4501953125,-0.22913131957155108,0.43221476510067114,24.324221358969496,1067773.35,691069.02,0.6431289936202285,0.9937010343771451,False,False,-0.004240669859482016,-0.22913131957155108,-0.18712655010921952,-0.09724569399725214,0.07594332992201158,0.429440306641391,0.32389071121979285,0.8554744525547445
2024-10-24,4155.75,4187.89990234375,4044.64990234375,4060.10009765625,4060.10009765625,435991,4060.10009765625,-0.023098577451042934,4484.327465820313,-0.09460222773593974,4881.17298828125,-0.16821220894982347,4879.709516601562,-0.16796274781457143,4534.293500976562,-0.10457933594686453,5391.4501953125,-0.2469372894910109,5391.4501953125,-0.2469372894910109,0.3691275167785235,26.18887683721313,1063105.2,697020.08,0.41011087143586544,0.6255070872563672,False,False,-0.006751927451943418,-0.22892411021626624,-0.19237350017570432,-0.11833741873465586,0.031568783596201744,0.4293538366755998,0.3252798399163136,0.8569343065693431
2024-10-25,4061.949951171875,4125.0,3985.449951171875,4052.199951171875,4052.199951171875,423224,4052.199951171875,-0.0019458009148433097,4427.034973144531,-0.08466954163373375,4863.010991210937,-0.16673025035404299,4876.738015136719,-0.16907573492887906,4534.037750244141,-0.10627123672411432,5391.4501953125,-0.2484025996020537,5391.4501953125,-0.2484025996020537,0.3530201342281879,30.115988839841222,1065644.4,699832.96,0.3971531216229354,0.6047500249202324,False,False,0.016429628716037925,-0.22043841374553974,-0.17904359022501726,-0.12144571305829832,0.05066373674287883,0.43099848407341107,0.3238213701181134,0.8540145985401459
2024-10-28,4052.199951171875,4094.300048828125,3975.0,3987.5,3987.5,297228,3987.5,-0.01596662355053924,4371.294982910156,-0.08779892100867737,4842.334995117188,-0.17653363428576674,4871.125515136719,-0.18140068704674261,4534.313499755859,-0.12059455081464954,5391.4501953125,-0.26040307235577165,5391.4501953125,-0.26040307235577165,0.27986577181208055,30.460714506718077,1052171.45,701901.0,0.2824900827712062,0.423461428321088,False,False,0.0035359823329299545,-0.21848967080753068,-0.2015098410118329,-0.13326524467288314,0.03764130753681272,0.43060273688397493,0.32338933151433846,0.8510948905109489
2024-10-29,4000.0,4010.0,3940.199951171875,3965.14990234375,3965.14990234375,304479,3965.14990234375,-0.005605040164576858,4314.737487792969,-0.08102175078744744,4821.583989257812,-0.1776250478726792,4862.154514160156,-0.1844870641613796,4534.649998779297,-0.12558854522153928,5391.4501953125,-0.2645485428408151,5391.4501953125,-0.2645485428408151,0.2657718120805369,18.07686015065711,1045536.7,704554.6,0.29121789794657615,0.43215813224411564,False,False,-0.009999512962244661,-0.22195513327205263,-0.1923845154273478,-0.14919165827972714,0.04457380981001613,0.42942601907732947,0.32223269314995096,0.8481751824817518
2024-10-30,4000.0,4036.949951171875,3920.0,3932.449951171875,3932.449951171875,651051,3932.449951171875,-0.008246838575395765,4263.64248046875,-0.07767830694389355,4798.648984375,-0.1805089382498234,4854.608515625,-0.18995528918244875,4534.994748535156,-0.13286559980205226,5391.4501953125,-0.27061369228804644,5391.4501953125,-0.27061369228804644,0.23758389261744967,18.165517365247112,1049953.35,711173.78,0.6200761205247832,0.9154597909951067,False,False,-0.053812502401108686,-0.20626320836062928,-0.18370719120288004,-0.18189006060812918,0.04396242197656397,0.4255172541215578,0.32079618361979395,0.8394160583941606
2024-10-31,3930.0,3939.35009765625,3876.0,3930.699951171875,3930.699951171875,267667,3930.699951171875,-0.0004450151996158169,4213.047473144531,-0.06701740812854351,4775.273979492187,-0.17686399397132102,4846.443015136719,-0.18895157976782906,4535.6262487792965,-0.13337216614138547,5391.4501953125,-0.27093828028137,5391.4501953125,-0.27093828028137,0.2348993288590604,18.749986630733247,1032574.35,700597.3,0.2592229799239154,0.38205542613424287,False,False,-0.031871171491331673,-0.20473032948067393,-0.19943379104418235,-0.18087378092491224,0.04832643050323382,0.42609805308857895,0.3174560277395263,0.8175182481751825
2024-11-01,3949.949951171875,4010.0,3939.949951171875,4001.60009765625,4001.60009765625,67509,4001.60009765625,0.018037537172797213,4176.249987792969,-0.04181978824237387,4754.148979492187,-0.15829307938858916,4838.675017089844,-0.172996722548447,4536.5804992675785,-0.11792591395605123,5391.4501953125,-0.25778780241068167,5391.4501953125,-0.25778780241068167,0.2979865771812081,37.16502115655854,886766.5,694883.52,0.0761293982124945,0.09715153411610625,False,False,-0.012487008075944495,-0.15534395148797697,-0.20263024854911826,-0.16577713046397513,0.09066630804765419,0.42205052365638723,0.31615683917554116,0.7854014598540145
2024-11-04,4000.75,4006.10009765625,3899.64990234375,3945.85009765625,3945.85009765625,391414,3945.85009765625,-0.01393192688910938,4146.334997558593,-0.048352315965880965,4735.035981445312,-0.16666945866548044,4831.119016113281,-0.18324303655206675,4537.19974975586,-0.13033361648479969,5391.4501953125,-0.2681282484837013,5391.4501953125,-0.2681282484837013,0.24563758389261744,33.59170569098433,813088.65,686652.32,0.481391543222255,0.57003229815054,False,False,-0.010445116575235058,-0.13166374735545439,-0.20767654860727436,-0.15933060624603002,0.05488498914549833,0.4048076880310997,0.3167646636640598,0.8087591240875912
2024-11-05,3945.85009765625,3958.85009765625,3905.050048828125,3926.550048828125,3926.550048828125,353931,3926.550048828125,-0.004891227074132587,4119.389990234375,-0.04681274214468778,4714.378984375,-0.16711192251577545,4823.717016601562,-0.1859907960366869,4537.725749511719,-0.13468766832137435,5391.4501953125,-0.27170799940951074,5391.4501953125,-0.27170799940951074,0.23221476510067113,33.61174230594091,780326.55,684228.88,0.4535678044018879,0.5172698936648217,False,False,-0.009734777868753208,-0.12068215362698986,-0.2131083687936045,-0.1458543597190708,0.06565078172840955,0.402890134448386,0.3165539871156651,0.8
2024-11-06,3925.0,3950.0,3915.64990234375,3922.300048828125,3922.300048828125,357725,3922.300048828125,-0.0010823750995530013,4083.234997558594,-0.039413589672574245,4693.653989257812,-0.1643397536748673,4816.373518066406,-0.18563208727159064,4538.132249755859,-0.1357016867370634,5391.4501953125,-0.2724962845361535,5391.4501953125,-0.2724962845361535,0.2295302013422819,37.702618419915765,745233.75,688485.18,0.4800171758189964,0.5195827163628998,False,False,-0.002581063324334276,-0.15565933368853746,-0.21769911013178278,-0.1569388420793899,0.07007327915475514,0.36465070063646793,0.31610400862660226,0.7839416058394161
2024-11-07,3940.0,3943.199951171875,3871.0,3889.10009765625,3889.10009765625,279832,3889.10009765625,-0.008464408831189263,4047.3150024414062,-0.03909132466578913,4672.138989257813,-0.1675975165554635,4807.865017089844,-0.1910962383860172,4538.28650024414,-0.1430465887406992,5391.4501953125,-0.2786541734100486,5391.4501953125,-0.2786541734100486,0.20536912751677852,41.92990056333581,743388.9,683991.4,0.37642746616205863,0.4091162549704572,False,False,-0.010583319518759682,-0.155919674952523,-0.21105586821051836,-0.16743910138480067,0.06648573397645707,0.3646522426230732,0.3151070710285155,0.7751824817518248
2024-11-08,3873.050048828125,3910.10009765625,3860.14990234375,3874.5,3874.5,428073,3874.5,-0.00375410693724465,4012.404992675781,-0.03436965932589364,4649.452993164063,-0.16667616476679092,4796.217019042969,-0.19217583678623595,4538.5175,-0.1463071366365779,5391.4501953125,-0.2813621827818025,5391.4501953125,-0.2813621827818025,0.19731543624161074,41.83649340170312,744263.5,673760.04,0.5751632318392612,0.635349344849837,False,False,-0.03176231871113078,-0.15268881962308156,-0.21889801976513912,-0.17262805509448387,0.06635660927406506,0.36498812286290916,0.31441804754149494,0.7591240875912408
2024-11-11,3899.64990234375,3940.0,3814.300048828125,3885.699951171875,3885.699951171875,417671,3885.699951171875,0.002890682971189884,3997.5099853515626,-0.02796991992250253,4628.61798828125,-0.16050536877104515,4785.73501953125,-0.188066214423951,4539.01375,-0.14393298518386843,5391.4501953125,-0.2792848286811167,5391.4501953125,-0.2792848286811167,0.20268456375838925,39.795055478878,521309.6,670832.76,0.8011956810310035,0.622615687403221,False,False,-0.015243900552659895,-0.0712066496631133,-0.22615655262319057,-0.17429183964652084,0.06766132336033626,0.22540793638325243,0.31293405022783344,0.7197080291970803
2024-11-12,3910.0,3910.0,3762.550048828125,3777.0,3777.0,683988,3777.0,-0.027974355338242884,3976.6824951171875,-0.05021333620734614,4604.160986328125,-0.17965509650604028,4774.888017578125,-0.20898668490329642,4539.154499511718,-0.16790671029014415,5391.4501953125,-0.2994463709812538,5391.4501953125,-0.2994463709812538,0.11946308724832215,15.111366350942191,487725.75,678700.6,1.4024028872783527,1.007790474916333,False,False,-0.03808688211493905,-0.09933107369367256,-0.24500772532021287,-0.2129282000239725,0.03551797846780658,0.24002169142257337,0.31674263395549024,0.8043795620437956
2024-11-13,3774.0,3874.949951171875,3751.0,3759.550048828125,3759.550048828125,419503,3759.550048828125,-0.004620055909948406,3955.970007324219,-0.049651528735666695,4579.739985351563,-0.17909093947403998,4764.435017089843,-0.21091377354444651,4539.29375,-0.1717764357444096,5391.4501953125,-0.30268296791523763,5391.4501953125,-0.30268296791523763,0.11140939597315436,17.665423244276553,474256.15,682650.12,0.8845494149100649,0.6145212425949621,False,False,-0.041493510943566236,-0.09925003000722277,-0.259814556571772,-0.21570648016387584,0.030098391409129066,0.2400238788063198,0.31405258964961824,0.7474452554744525
2024-11-14,3785.199951171875,3858.85009765625,3769.0,3823.85009765625,3823.85009765625,305991,3823.85009765625,0.017103123510263663,3942.7775146484373,-0.030163359852373395,4554.198989257812,-0.16036824331221977,4754.3365161132815,-0.19571320105412182,4540.033500976562,-0.157748484271374,5391.4501953125,-0.2907566685896815,5391.4501953125,-0.2907566685896815,0.14496644295302014,28.091740446006824,452987.45,682373.12,0.6754955352515837,0.4484218252911252,False,False,-0.016777660219988277,-0.06454726537352229,-0.2501446330094179,-0.18372289515289786,0.04775932553222351,0.24497372918246677,0.316759823991882,0.8072992700729927
2024-11-18,3948.0,3948.0,3757.60009765625,3790.550048828125,3790.550048828125,656068,3790.550048828125,-0.008708513141907792,3932.97001953125,-0.03621181193750855,4523.8469921875,-0.16209587650195711,4744.408515625,-0.20104897452558834,4540.347501220703,-0.16514098363417995,5391.4501953125,-0.2969331234620787,5391.4501953125,-0.2969331234620787,0.12751677852348994,29.89281745867558,431048.9,669025.78,1.5220268512458794,0.9806318674296826,True,False,-0.02166729930878175,-0.04920106974343341,-0.25056101394056285,-0.16458947023150838,0.03756877293558891,0.23263028538204814,0.3167883473131546,0.8102189781021898
2024-11-19,3792.5,3794.550048828125,3737.64990234375,3752.449951171875,3752.449951171875,813368,3752.449951171875,-0.010051337448513276,3921.92001953125,-0.043210995511231864,4492.8269873046875,-0.16479090742307334,4733.923015136719,-0.20732763520373776,4540.438500976563,-0.17354899744489571,5391.4501953125,-0.30399988588703364,5391.4501953125,-0.30399988588703364,0.10604026845637583,28.961439322994266,446976.55,670869.86,1.8197106760969899,1.2124080220268056,True,False,-0.03429240591770699,-0.05561917293932983,-0.23442824621608183,-0.16136066167347285,0.010788182814798652,0.23419813901165107,0.31223885916056127,0.708029197080292
2024-11-21,3765.050048828125,3774.550048828125,3604.050048828125,3622.89990234375,3622.89990234375,934131,3622.89990234375,-0.03452412437577401,3902.8050170898437,-0.07171895944594409,4458.056987304688,-0.187336565534993,4721.151013183594,-0.2326235928003635,4539.806000976562,-0.2019703261407152,5391.4501953125,-0.32802868039222255,5391.4501953125,-0.32802868039222255,0.05503355704697987,24.3048167031246,458778.0,677654.96,2.0361285850672877,1.3784758544377806,True,True,-0.04079960223888002,-0.09545092716688675,-0.2694882498522426,-0.1907479984106606,-0.03327468034555969,0.25594047532686376,0.316470019013584,0.7970802919708029
2024-11-22,3615.85009765625,3656.10009765625,3564.0,3613.64990234375,3613.64990234375,940870,3613.64990234375,-0.0025532033037998225,3875.682507324219,-0.0676094093066919,4423.441987304687,-0.18306831812987412,4710.120012207031,-0.2327902701038621,4539.43775024414,-0.20394328523407979,5391.4501953125,-0.32974435978550387,5391.4501953125,-0.32974435978550387,0.04832214765100671,24.005913656294553,471485.7,688452.66,1.9955430249528245,1.3666444400113147,True,False,-0.03880787450345369,-0.13051904010165782,-0.2712284751223768,-0.18702128402820173,-0.04863890184022024,0.20120663025319574,0.3163517383695031,0.7912408759124088
2024-11-25,3686.0,3738.60009765625,3592.10009765625,3621.050048828125,3621.050048828125,1144350,3621.050048828125,0.0020478316063698987,3853.7300048828124,-0.060377856196431434,4389.880986328125,-0.17513708000158823,4698.971513671875,-0.22939519035335454,4538.579500732422,-0.20216225181386138,5391.4501953125,-0.32837178910112497,5391.4501953125,-0.32837178910112497,0.052348993288590606,15.173440948481371,506903.65,702104.06,2.257529611396564,1.6298866011400075,True,True,-0.053035564587750716,-0.10813774002310261,-0.27066276370811093,-0.15831616028641204,-0.04670323543134214,0.1940126132626434,0.31642218331919086,0.7941605839416058
2024-11-26,3635.0,3681.0,3622.0,3659.14990234375,3659.14990234375,444828,3659.14990234375,0.010521769376801382,3834.077502441406,-0.04562442986253368,4358.29298828125,-0.16041672457941292,4687.82451171875,-0.21943539200400775,4537.834250488281,-0.1936351791716462,5391.4501953125,-0.3213050719590932,5391.4501953125,-0.3213050719590932,0.06577181208053691,22.886316493316272,507983.85,703388.8,0.8756735081243233,0.6324069988035066,False,False,-0.034665192331386874,-0.0969967063729067,-0.2694557488763428,-0.15869042036520142,-0.03502157215632129,0.20203785280439301,0.31675377723533577,0.8058394160583942
2024-11-27,3674.0,3692.5,3610.050048828125,3661.25,3661.25,361531,3661.25,0.0005739304790177702,3817.765002441406,-0.040996499873962144,4327.7769921875,-0.1540113997072201,4676.508012695313,-0.21709746031423283,4537.21900024414,-0.19306297540343675,5391.4501953125,-0.32091554825393576,5391.4501953125,-0.32091554825393576,0.06711409395973154,24.06647876836722,511199.0,702708.52,0.7072216494946195,0.5144821639561166,False,False,-0.024304108611333697,-0.08181818181818179,-0.25696864404982533,-0.1951085463039296,-0.03403469428137984,0.19864440283499527,0.31608336476784216,0.7824817518248175
2024-11-28,3696.64990234375,3757.89990234375,3651.0,3716.550048828125,3716.550048828125,658002,3716.550048828125,0.015104144439228362,3805.335009765625,-0.02333170685620345,4298.011997070313,-0.13528625528233384,4665.992512207031,-0.20348135169420067,4537.15375,-0.18086310193298505,5391.4501953125,-0.310658558608329,5391.4501953125,-0.310658558608329,0.09664429530201342,31.71274616939631,528875.15,711898.98,1.2441537478174196,0.9242912526718328,False,False,0.025849498746512545,-0.06269620560087297,-0.25666770478372736,-0.23563164197066688,-0.024757893393525965,0.2099587305845973,0.31619238674720973,0.7868613138686131
2024-11-29,3714.699951171875,3730.449951171875,3661.550048828125,3709.60009765625,3709.60009765625,913178,3709.60009765625,-0.0018700006943446201,3794.192517089844,-0.02229523648380305,4267.806997070313,-0.13079478518997,4654.557512207031,-0.20301766861243808,4537.064750976562,-0.18237885036624346,5391.4501953125,-0.31194762758237193,5391.4501953125,-0.31194762758237193,0.09395973154362416,33.264972781726655,541981.5,727042.86,1.684887768309435,1.2560167360697276,True,False,0.026552155827344714,-0.05666946974092202,-0.25519013273081326,-0.20854263294870612,-0.02196203612861669,0.2091234523617815,0.3162420418815508,0.7897810218978102
2024-12-02,3715.449951171875,3722.949951171875,3622.699951171875,3678.39990234375,3678.39990234375,975522,3678.39990234375,-0.008410662737531327,3781.5775146484375,-0.02728427803079947,4236.070991210938,-0.13164819239910097,4642.826013183594,-0.20772393970855163,4536.868250732422,-0.18922047124689656,5391.4501953125,-0.31773460403253484,5391.4501953125,-0.31773460403253484,0.08053691275167785,32.2662362894537,577374.25,742513.64,1.689583489391846,1.3138102082542213,True,False,0.01583790688951825,-0.0641870536958451,-0.27887236119775516,-0.22515142401521937,-0.035793405044849846,0.20982909852056136,0.3105421146163816,0.6861313868613139
2024-12-03,3678.39990234375,3853.10009765625,3655.699951171875,3829.85009765625,3829.85009765625,979946,3829.85009765625,0.041172846708700916,3772.9900146484374,0.015070297771013541,4205.8179931640625,-0.0893923360732426,4633.061013183594,-0.17336506323611311,4537.362250976563,-0.15593027714902796,5391.4501953125,-0.2896437954697152,5391.4501953125,-0.2896437954697152,0.15838926174496645,45.97130474139222,622996.1,754268.6,1.5729568772581402,1.299200311401005,True,False,0.046650232941581216,-0.04292033081981239,-0.2784962429253881,-0.19850783192554633,-0.002188471919168933,0.2526316823643476,0.3108863629253976,0.6905109489051094
2024-12-04,3850.0,3889.25,3801.050048828125,3850.10009765625,3850.10009765625,791735,3850.10009765625,0.00528741321034798,3768.2025146484375,0.021733859231144237,4176.408999023438,-0.07813145250943765,4623.217512207031,-0.16722497103142142,4538.016751708984,-0.15158971235477914,5391.4501953125,-0.2858878486898292,5391.4501953125,-0.2858878486898292,0.1865771812080537,56.04432073913117,643012.15,758134.74,1.2312908861830993,1.0443196416510343,False,False,0.05158077095425062,-0.024266000387818454,-0.2740386058382911,-0.18108244526445771,0.0014827269423831613,0.24986021280405185,0.31151189240563515,0.7036496350364964
2024-12-05,3865.0,3882.0,3822.699951171875,3863.949951171875,3863.949951171875,467723,3863.949951171875,0.0035972710226563898,3765.072509765625,0.026261762861083726,4147.738994140625,-0.06842017864905436,4612.868012695312,-0.16235410583227206,4538.958500976562,-0.1487144131543522,5391.4501953125,-0.28331899374099434,5391.4501953125,-0.28331899374099434,0.18926174496644296,58.68406260001591,648701.75,763898.64,0.7210139328281449,0.612284111410383,False,False,0.0396604109744807,-0.01594277339593131,-0.27930204395259917,-0.17202551000763378,0.005477646923690793,0.24997325849066546,0.310257783402256,0.6817518248175183
2024-12-06,3889.0,3920.449951171875,3784.050048828125,3805.550048828125,3805.550048828125,1141350,3805.550048828125,-0.015114042128324678,3759.235009765625,0.012320336170041024,4116.020991210938,-0.07542987342527419,4601.487014160156,-0.17297385885968908,4539.470251464843,-0.16167529733230201,5391.4501953125,-0.2941509406621631,5391.4501953125,-0.2941509406621631,0.1342281879194631,48.46269864611161,687883.0,773266.92,1.6592211175446987,1.4760103794431034,True,False,0.025865308563178147,-0.02976569832664422,-0.28793688377263327,-0.18277084843489222,-0.02724840718699495,0.25517652343275593,0.31088026844066935,0.689051094890511
2024-12-09,3800.0,3844.0,3761.0,3829.050048828125,3829.050048828125,948370,3829.050048828125,0.00617519141739753,3756.2325073242187,0.01938579184380118,4087.2919921875,-0.06318167232803085,4589.889013671875,-0.165764131240961,4540.003502197265,-0.15659755615277693,5391.4501953125,-0.2897921876089621,5391.4501953125,-0.2897921876089621,0.15704697986577182,53.28834765201435,721309.9,781647.24,1.3147885534359087,1.2132966784351469,False,False,0.04095534756522423,-0.015440602535356174,-0.27741503684339097,-0.19217504592879386,-0.008403457509225665,0.2550826787848061,0.31172046161565525,0.7065693430656934
2024-12-10,3835.0,3853.0,3776.60009765625,3816.89990234375,3816.89990234375,573687,3816.89990234375,-0.0031731490394317774,3753.352502441406,0.016930837127876686,4059.668994140625,-0.059800218231404245,4577.65951171875,-0.16618964504185274,4540.6950012207035,-0.15940183136774677,5391.4501953125,-0.2920457828466476,5391.4501953125,-0.2920457828466476,0.1395973154362416,55.760112659387325,728590.6,785672.18,0.7873928101735048,0.7301862209248645,False,False,-0.0033813843837974256,-0.01486645958349464,-0.27138233964515246,-0.24257336330866586,-0.033635064917083346,0.25499739434138313,0.311476022869489,0.7021897810218978
2024-12-11,3700.0,3760.0,3671.35009765625,3708.300048828125,3708.300048828125,1839723,3708.300048828125,-0.028452371373150154,3744.4825073242187,-0.009662872887060026,4031.7889990234376,-0.08023459319762682,4563.9080102539065,-0.18747265709638639,4540.770001220703,-0.18333233177826314,5391.4501953125,-0.3121887591482826,5391.4501953125,-0.3121887591482826,0.09261744966442953,57.92944361804908,799693.2,811132.9,2.300536005558132,2.2680907160836403,True,True,-0.036830223950397034,-0.045654555053909585,-0.2850849348936344,-0.2484038747793461,-0.07022862811500585,0.2729060361755429,0.31500945732820784,0.7737226277372263
2024-12-12,3729.949951171875,3736.800048828125,3678.449951171875,3688.449951171875,3688.449951171875,576170,3688.449951171875,-0.005352883368357153,3740.0550048828127,-0.013797939774566115,4003.632001953125,-0.07872403123651028,4550.6855078125,-0.18947377382162778,4540.676000976562,-0.1876870425508006,5391.4501953125,-0.31587053250000674,5391.4501953125,-0.31587053250000674,0.087248322147651,56.811145717315476,794302.3,813912.82,0.7253787380446965,0.7079013695840299,False,False,-0.04541984296322821,-0.023444545625661894,-0.2913368257026877,-0.24132509143032643,-0.07024026105340786,0.25584232012351643,0.31447498016441267,0.762043795620438
2024-12-13,3688.449951171875,3694.800048828125,3612.0,3652.300048828125,3652.300048828125,806508,3652.300048828125,-0.009800838515448662,3734.6925048828125,-0.022061376123192478,3977.5910009765626,-0.08178089503636077,4537.080007324219,-0.19501087859764243,4540.156501464844,-0.1955563541367482,5391.4501953125,-0.32257557493463407,5391.4501953125,-0.32257557493463407,0.06174496644295302,52.70398846748919,813652.55,818788.62,0.9912191635115013,0.9850014769379672,False,False,-0.04027013126451762,-0.028527349977274685,-0.3003055680721495,-0.23987221773897283,-0.09586463722917393,0.2574537036349525,0.3140992643481803,0.7503649635036497
2024-12-16,3650.0,3672.5,3612.25,3623.800048828125,3623.800048828125,595919,3623.800048828125,-0.007803301924535044,3724.6900024414062,-0.02708680549177278,3951.215,-0.08286437239478872,4522.6655078125,-0.1987468357833817,4539.096751708985,-0.2016473216915342,5391.4501953125,-0.32786172225447374,5391.4501953125,-0.32786172225447374,0.05704697986577181,46.88958747663319,828148.95,818402.06,0.7195794911048309,0.7281494379425193,False,False,-0.053603373521538655,-0.052316394136564526,-0.31174505918040496,-0.2503051694554165,-0.12408297152220793,0.2488492432260411,0.31267915414805,0.7167883211678832
2024-12-17,3627.050048828125,3629.949951171875,3519.0,3542.949951171875,3542.949951171875,988419,3542.949951171875,-0.02231086057918552,3712.3099975585938,-0.04562120256608382,3927.3230029296874,-0.09787151488967916,4506.510505371094,-0.2138152242296556,4537.554251708984,-0.21919391931512677,5391.4501953125,-0.34285770565918805,5391.4501953125,-0.34285770565918805,0.022818791946308724,40.857804931336894,844766.5,778497.12,1.1700499487136387,1.2696501690333806,False,False,-0.07177289375696161,-0.06532036102063798,-0.33683669608387923,-0.2593161949597098,-0.13910999209581087,0.2578242345523719,0.3114098249094683,0.7007299270072993
2024-12-18,3542.949951171875,3558.0,3492.699951171875,3515.699951171875,3515.699951171875,748691,3515.699951171875,-0.007691330776768868,3700.4724975585937,-0.049932149612954335,3906.75400390625,-0.10009692249457514,4489.95400390625,-0.216985308064799,4535.930001220703,-0.22492191232542502,5391.4501953125,-0.347912004412368,5391.4501953125,-0.347912004412368,0.0174496644295302,33.77493866410015,841532.65,756171.52,0.8896755223935755,0.9901073766967579,False,False,-0.0519375711566582,-0.06309211397371572,-0.3392224337277173,-0.26771506953304003,-0.13632957008961955,0.25713330178372684,0.311372484914303,0.6992700729927007
2024-12-19,3500.0,3522.699951171875,3455.699951171875,3498.14990234375,3498.14990234375,684534,3498.14990234375,-0.004991907464195089,3694.234997558594,-0.05307867402708022,3887.407998046875,-0.10013306961828994,4474.219501953125,-0.21815416055991266,4534.169000244141,-0.22849150480377045,5391.4501953125,-0.35116716734485387,5391.4501953125,-0.35116716734485387,0.012080536912751677,33.2062507416706,829052.8,749678.74,0.8256820313495111,0.9131031246797795,False,False,-0.051593501700535116,-0.03443374185394854,-0.3396540272451978,-0.2861064401486537,-0.14045091164229995,0.2291553287532748,0.3113543903103196,0.6978102189781021
2024-12-20,3519.949951171875,3519.949951171875,3399.0,3408.300048828125,3408.300048828125,914445,3408.300048828125,-0.025684963773400904,3683.9675048828126,-0.07482895972597803,3862.6660009765624,-0.11763014250612513,4457.174001464844,-0.2353226399265561,4531.949500732422,-0.2479395350108603,5391.4501953125,-0.36783241514659437,5391.4501953125,-0.36783241514659437,0.0026845637583892616,30.376353336287238,827731.55,746776.02,1.1047603537644541,1.224523786931455,False,False,-0.06680721647672117,-0.05682616165512844,-0.36783241514659437,-0.2774049824925796,-0.16368942177477552,0.24455470363297865,0.3095067262592505,0.6686131386861314
2024-12-23,3443.449951171875,3475.89990234375,3419.050048828125,3460.550048828125,3460.550048828125,642122,3460.550048828125,0.015330223058842796,3675.9425048828125,-0.05859516457849334,3839.727001953125,-0.09875101873964665,4441.5075,-0.2208613744706892,4530.002250976562,-0.23608204651948872,5391.4501953125,-0.35814114506022177,5391.4501953125,-0.35814114506022177,0.008053691275167786,18.650237529445064,802620.15,753283.88,0.8000322443935652,0.8524302949374145,False,False,-0.045049395055003716,-0.044324159521612394,-0.3427879500848685,-0.26929408978523106,-0.14195211888489956,0.2524699366838864,0.3111503395055972,0.691970802919708
2024-12-24,3474.0,3524.89990234375,3450.85009765625,3459.64990234375,3459.64990234375,465809,3459.64990234375,-0.0002601165917770487,3665.9675048828126,-0.05627916839531777,3817.46599609375,-0.09373131132435442,4426.744497070313,-0.21846632335943506,4527.706000976563,-0.23589343000681762,5391.4501953125,-0.3583081031979706,5391.4501953125,-0.3583081031979706,0.006711409395973154,15.728933358362411,803669.2,754388.44,0.5796029012932187,0.6174657183241037,False,False,-0.02351149465167368,-0.05452086012442858,-0.3344330985009214,-0.2752914667257178,-0.14997362173964557,0.2481595388351623,0.3111744396542522,0.6934306569343066
2024-12-26,3462.699951171875,3524.0,3446.199951171875,3511.64990234375,3511.64990234375,611648,3511.64990234375,0.015030422576796765,3658.4875,-0.04013614851936764,3804.0269921875,-0.07685988833523472,4411.922998046875,-0.2040545803047037,4525.843500976563,-0.224089409723066,5391.4501953125,-0.3486632028249299,5391.4501953125,-0.3486632028249299,0.016107382550335572,21.018425425649383,816175.05,669086.42,0.7494078629333254,0.9141539593644719,False,False,-0.0011519893291164207,-0.04086038857118468,-0.3117515558145789,-0.26732250330816687,-0.13199362596616182,0.25586263442826906,0.3132778273659132,0.7284671532846715
2024-12-27,3481.050048828125,3573.39990234375,3481.050048828125,3568.35009765625,3568.35009765625,451012,3568.35009765625,0.016146312100946414,3651.077502441406,-0.022658353521621488,3791.522998046875,-0.05886101719693848,4398.509497070312,-0.1887365253995703,4524.453500976562,-0.21131909149114825,5391.4501953125,-0.3381465156149104,5391.4501953125,-0.3381465156149104,0.03087248322147651,30.43228696516981,805825.55,650993.36,0.5596893769377255,0.692805837528051,False,False,0.020067806489786566,-0.03987567750328136,-0.2998155064633099,-0.2516201370415304,-0.11017039648051263,0.25680953039597676,0.31641582442493316,0.7927007299270074
2024-12-30,3570.0,3669.89990234375,3495.050048828125,3588.550048828125,3588.550048828125,2347725,3588.550048828125,0.0056608658396894995,3645.025,-0.0154937074977195,3779.8180029296873,-0.0506024242313553,4386.220495605468,-0.18185826443894582,4523.223751220703,-0.2066388385364163,5391.4501953125,-0.33439985183427534,5391.4501953125,-0.33439985183427534,0.038926174496644296,30.051436370779285,877552.9,684169.96,2.67530880474556,3.431493835245266,True,True,0.0528856020355295,-0.032631562875094056,-0.2756769347959973,-0.260565416616654,-0.10762555816276043,0.2582121007027391,0.3138486736188057,0.7401459854014598
2024-12-31,3555.0,3577.949951171875,3510.10009765625,3561.85009765625,3561.85009765625,693775,3561.85009765625,-0.007440317345049796,3639.197509765625,-0.021253974784775087,3769.301005859375,-0.05503697048355727,4372.739997558594,-0.18544205700660987,4521.589752197266,-0.21225712794369067,5391.4501953125,-0.3393521281615405,5391.4501953125,-0.3393521281615405,0.028187919463087248,29.343179368093686,863465.55,683418.16,0.8034773361832444,1.0151544699953539,False,False,0.02927281715299257,-0.03168491947089236,-0.27935701305366445,-0.26583251928799334,-0.10188098909120635,0.25789204266368737,0.31382785749122655,0.7386861313868613
2025-01-01,3560.0,3586.949951171875,3536.550048828125,3561.0,3561.0,241116,3561.0,-0.00023866744330691692,3625.7550048828125,-0.017859729848157646,3760.7870068359375,-0.053123722899698134,4358.164997558593,-0.18291299159282826,4519.765002441406,-0.21212717960414262,5391.4501953125,-0.3395098033000383,5391.4501953125,-0.3395098033000383,0.025503355704697986,35.5474931287587,826524.05,666343.7,0.2917229087284272,0.361849297892364,False,False,0.029294899922558626,-0.0701985954543699,-0.24834563290994427,-0.25910515720931937,-0.09950689088380327,0.2031209795260019,0.3047387374559464,0.6481751824817519
2025-01-02,3564.949951171875,3635.0,3550.25,3611.10009765625,3611.10009765625,566194,3611.10009765625,0.014069109142445857,3613.8050048828127,-0.0007484928552891068,3753.540009765625,-0.03794815340686064,4344.474997558594,-0.16880633455468574,4517.922253417969,-0.20071663585527078,5391.4501953125,-0.3302172946351509,5391.4501953125,-0.3302172946351509,0.04697986577181208,42.8359910583581,815247.0,667771.28,0.6945060822057609,0.8478861205291728,False,False,0.028320076909182923,-0.06207630813170062,-0.20532989112138622,-0.2530484436146254,-0.09901567094159724,0.2104506492074549,0.2975199428696028,0.6321167883211679
2025-01-03,3840.0,4165.89990234375,3820.0,4025.199951171875,4025.199951171875,9284385,4025.199951171875,0.11467415533133307,3621.8675048828127,0.11136035366984309,3753.940009765625,0.07226006294735288,4334.827495117188,-0.07142788133878031,4517.889753417969,-0.10905308211059239,5391.4501953125,-0.2534105286419017,5391.4501953125,-0.2534105286419017,0.3261744966442953,70.31487161207775,1256080.1,839496.94,7.391554885711508,11.059462587201331,True,True,0.12802831589189956,0.04173190699612861,-0.09859033801401862,-0.17834615292994171,0.00043495011028782393,0.4685375560842125,0.38246101637094954,0.9430656934306569
2025-01-06,4025.199951171875,4061.75,3920.10009765625,3934.75,3934.75,889155,3934.75,-0.02247092126331307,3628.327502441406,0.08445282223074146,3749.5130078125,0.04940294694312031,4324.036997070312,-0.09002859997129253,4517.724503173828,-0.12904162322520385,5391.4501953125,-0.27018708186880813,5391.4501953125,-0.27018708186880813,0.2389261744966443,65.86883764671171,1243470.35,843545.72,0.7150592694067855,1.0540685334755775,False,False,0.09647349109285241,0.033950401259776,-0.15297927353578422,-0.20407996566776254,-0.023017033680307275,0.47290042187609643,0.37475350116060674,0.9386861313868613
2025-01-07,3934.0,3958.949951171875,3820.0,3830.300048828125,3830.300048828125,672094,3830.300048828125,-0.026545511448471948,3628.390002441406,0.055647283299441686,3744.9170068359376,0.022799715410603216,4313.044997558593,-0.11192671279889888,4516.779753417969,-0.15198432114613658,5391.4501953125,-0.2895603390423024,5391.4501953125,-0.2895603390423024,0.1610738255033557,64.31953304870743,1229656.55,848267.78,0.5465705037719678,0.7923134838387944,False,False,0.07536812156932693,0.00032645172668410716,-0.16868148696079766,-0.23222787338757866,-0.0529958979617533,0.48328296419641,0.3778225176029491,0.9401459854014599
2025-01-08,3857.0,3873.949951171875,3761.800048828125,3843.0,3843.0,849681,3843.0,0.0033156543899897084,3629.6950073242188,0.058766643545907105,3740.7330078125,0.02733875739699032,4301.871999511719,-0.10666798072183525,4516.334252929688,-0.14908866687466826,5391.4501953125,-0.2872047666616252,5391.4501953125,-0.2872047666616252,0.1738255033557047,66.5503657294528,1243456.25,856796.92,0.6833219906209004,0.9916947413863252,False,False,0.07919123841617526,0.0068380356635036055,-0.15957752840663375,-0.23747732064746085,-0.05869959660419888,0.48318934584106554,0.3778951492095508,0.9416058394160584
2025-01-09,3853.5,3860.0,3790.10009765625,3813.800048828125,3813.800048828125,727974,3813.800048828125,-0.007598217843319044,3634.970007324219,0.049197116109232164,3737.2590087890626,0.020480528606408477,4289.797001953125,-0.11096025124458819,4515.3505029296875,-0.15537009887635012,5391.4501953125,-0.2926207401222095,5391.4501953125,-0.2926207401222095,0.13691275167785236,65.77540916038024,1187868.8,865411.84,0.6128404079642465,0.8411879366013758,False,False,0.056132465367945805,0.02844969355522875,-0.0883927813835016,-0.24976150010383347,-0.06173810226259302,0.47200878666460744,0.3367960470654026,0.9021897810218978
2025-01-10,3837.800048828125,3837.800048828125,3666.64990234375,3686.25,3686.25,902001,3686.25,-0.03344434611020508,3634.860009765625,0.014138093378096572,3731.6810107421875,-0.012174408962450922,4276.6325,-0.13804845284227718,4513.711252441406,-0.1833217071636657,5391.4501953125,-0.3162785769207431,5391.4501953125,-0.3162785769207431,0.08590604026845637,63.386789575339066,1204160.35,877362.28,0.7490705037746841,1.0280827208573406,False,False,-0.08420698481654187,-0.0005964432759013594,-0.1209714509937253,-0.264324374575737,-0.10164867430992275,0.48792086991158107,0.34305569935943214,0.9094890510948905
2025-01-13,3501.0,3643.949951171875,3469.949951171875,3507.449951171875,3507.449951171875,2952386,3507.449951171875,-0.0485045910690064,3627.6175048828127,-0.03312575086794323,3723.1810107421875,-0.05794267293152855,4260.914997558593,-0.17683174783313826,4510.966751708985,-0.2224615821335696,5391.4501953125,-0.3494422049523216,5391.4501953125,-0.3494422049523216,0.01476510067114094,52.013389477073375,1311454.25,923388.98,2.251230647199473,3.197337269500444,True,True,-0.10859649249078718,-0.03965996651965287,-0.15965065041386572,-0.3003082312770977,-0.10805247140574359,0.5171183641361774,0.35606836370845685,0.9328467153284672
2025-01-14,3529.949951171875,3538.949951171875,3443.0,3476.5,3476.5,746217,3476.5,-0.008824060671638212,3620.2525024414062,-0.03970786632823631,3714.09701171875,-0.0639716762833824,4244.6854956054685,-0.18097583352188817,4507.533751220703,-0.22873566968666292,5391.4501953125,-0.3551827664062295,5391.4501953125,-0.3551827664062295,0.010738255033557046,50.705172532172,1318969.15,932959.98,0.5657577358803275,0.7998381666917803,False,False,-0.0923687555329692,-0.04064795155454548,-0.14952172578044876,-0.31365677903361133,-0.10809807640104085,0.5172950596598908,0.35434087687907784,0.9313868613138686
2025-01-15,3500.050048828125,3578.949951171875,3476.5,3568.449951171875,3568.449951171875,744961,3568.449951171875,0.026449000768553166,3621.5275024414063,-0.014656122653700643,3705.4340087890623,-0.036968424560326674,4229.791494140625,-0.1563532254213671,4503.888000488281,-0.20769567298631586,5391.4501953125,-0.33812799489933154,5391.4501953125,-0.33812799489933154,0.032214765100671144,52.30015595182518,1306796.25,946509.02,0.5700666802495034,0.7870617017469099,False,False,-0.07144159480305101,0.007197392103031497,-0.10491133145775289,-0.3082321596485439,-0.07636859035282129,0.520335337890346,0.35612584734845665,0.9343065693430657
2025-01-16,3570.0,3643.300048828125,3570.0,3600.949951171875,3600.949951171875,395260,3600.949951171875,0.009107595859464634,3625.790002441406,-0.006850934900478278,3698.536005859375,-0.02638504925540819,4216.785993652344,-0.1460439404341376,4499.461749267578,-0.1996931740206398,5391.4501953125,-0.33209993216618106,5391.4501953125,-0.33209993216618106,0.04429530201342282,51.346545232984425,1289124.7,946585.94,0.30661114475581763,0.4175637766181061,False,False,-0.055810502630218584,0.024248371927070744,-0.09374724850633642,-0.3036731446969929,-0.05347754084593925,0.5200951143744512,0.3567803139435378,0.9372262773722628
2025-01-17,3610.0,3649.949951171875,3580.949951171875,3620.64990234375,3620.64990234375,244753,3620.64990234375,0.005470765058943394,3631.915002441406,-0.0031016970634180074,3692.4180029296876,-0.01943661322444923,4203.398493652344,-0.1386374839760296,4495.462249755859,-0.1945989753244216,5391.4501953125,-0.3284460078122099,5391.4501953125,-0.3284460078122099,0.05100671140939597,51.32644049555311,1267135.65,944402.38,0.19315453716419392,0.259161778054816,False,False,-0.01779588949643951,0.03501851076133855,-0.09601269687312619,-0.2860931791493243,-0.04988521882995478,0.5196383639057691,0.3565343893743854,0.9357664233576642
2025-01-20,3624.0,3640.0,3598.0,3614.699951171875,3614.699951171875,195566,3614.699951171875,-0.0016433378902565021,3642.234997558594,-0.007559931307336232,3686.2660009765623,-0.019414239174744274,4189.959995117188,-0.13729487742501068,4490.907749023438,-0.19510705781967952,5391.4501953125,-0.32954959793292515,5391.4501953125,-0.32954959793292515,0.049664429530201344,52.22198294577049,1231191.7,941159.2,0.1588428511985583,0.20779268799582473,False,False,0.030577770600594523,0.06055801994742693,-0.13026638766224297,-0.2930166380530368,-0.05423863129987572,0.5094269906279519,0.34709028892825355,0.9240875912408759
2025-01-21,3614.699951171875,3630.0,3547.35009765625,3587.800048828125,3587.800048828125,211130,3587.800048828125,-0.0074418078145128685,3648.5974975585937,-0.016663238071930486,3680.24,-0.025117913824064364,4176.189494628907,-0.14089146255396767,4486.430250244141,-0.2002996037589383,5391.4501953125,-0.33453896097427116,5391.4501953125,-0.33453896097427116,0.03758389261744966,51.102610817042724,1209642.1,939785.16,0.17453922941339425,0.22465772921972932,False,False,0.03201497161746736,0.03677161093020209,-0.11632719328786179,-0.2863224241251644,-0.06111715568049325,0.5087748157652638,0.3445172611963817,0.9153284671532846
2025-01-22,3604.0,3619.0,3524.5,3561.60009765625,3561.60009765625,320915,3561.60009765625,-0.007302511515498877,3653.6950073242188,-0.025205965326431157,3673.982001953125,-0.030588583242142087,4161.717497558594,-0.14419945617509922,4482.17900024414,-0.20538646549764017,5391.4501953125,-0.3393984978748724,5391.4501953125,-0.3393984978748724,0.026845637583892617,47.92261103137477,1202397.4,937642.0,0.2668959530351613,0.3422574927317676,False,False,-0.001919559923595271,0.0294683561025737,-0.12107000133933321,-0.27843678385600856,-0.07274144814989592,0.5098533203634796,0.34469951348172845,0.9167883211678832
2025-01-23,3555.0,3609.800048828125,3530.0,3598.35009765625,3598.35009765625,263606,3598.35009765625,0.01031839594349293,3658.0300170898436,-0.01631477028749806,3668.2350048828125,-0.019051371336225253,4148.426496582031,-0.13259880568668625,4477.866251220703,-0.19641411873896175,5391.4501953125,-0.3325821500150792,5391.4501953125,-0.3325821500150792,0.042953020134228186,23.782317797157887,1184995.3,934560.7,0.22245320297894852,0.2820640756667812,False,False,-0.0007219910165034982,0.024689304948831703,-0.09759245199843258,-0.2794364535241064,-0.06736212073964876,0.5085193174873183,0.3443347260927727,0.9138686131386862
2025-01-24,3598.0,3608.5,3535.0,3579.949951171875,3579.949951171875,288983,3579.949951171875,-0.005113495347870645,3658.610009765625,-0.021499984525212845,3664.29400390625,-0.02301781806930936,4134.227495117188,-0.13407040241495016,4472.540751953125,-0.19957130639703236,5391.4501953125,-0.3359949880860629,5391.4501953125,-0.3359949880860629,0.036241610738255034,26.09163304796509,1176893.85,926660.6,0.24554720886679796,0.31185419990879076,False,False,-0.01124106231467692,0.00325076105151334,-0.09714637798288239,-0.27084143455647136,-0.06487216113906014,0.5060959242271651,0.3443110820630133,0.9124087591240876
2025-01-27,3565.0,3565.0,3507.0,3532.949951171875,3532.949951171875,387420,3532.949951171875,-0.013128675160560488,3655.8300048828123,-0.03361208085354517,3659.762001953125,-0.03465035450763565,4119.750993652344,-0.1424360461068166,4467.109251708985,-0.20911942106178127,5391.4501953125,-0.3447124941924651,5391.4501953125,-0.3447124941924651,0.020134228187919462,28.281339383918777,1078878.6,926018.94,0.3590950826163388,0.41837157240002026,False,False,-0.022615985034524666,-0.015493750093970915,-0.10159061271229874,-0.26663487780122275,-0.06694925412167241,0.5080073388134247,0.3448659404813423,0.9182481751824818
2025-01-28,3540.199951171875,3595.0,3495.300048828125,3559.300048828125,3559.300048828125,490412,3559.300048828125,0.007458384075752278,3655.702502441406,-0.026370431825045948,3654.4710009765627,-0.026042333383684224,4104.334995117188,-0.132794946547364,4461.541752929687,-0.2022264396627247,5391.4501953125,-0.3398251082941107,5391.4501953125,-0.3398251082941107,0.024161073825503355,29.68347386048177,1068710.45,929707.36,0.45888201055767724,0.5274907149277597,False,False,-0.007943586490921861,-0.0007159337867146398,-0.09448696337989959,-0.2750768611129758,-0.05056218410723601,0.5079883388331558,0.34535497942623256,0.9197080291970803
2025-01-29,3555.800048828125,3586.199951171875,3540.949951171875,3568.10009765625,3568.10009765625,387658,3568.10009765625,0.0024724099422364088,3656.057507324219,-0.02405799402546671,3650.022001953125,-0.022444222049357032,4086.9344970703123,-0.12694952654268987,4455.80150390625,-0.19922373235696933,5391.4501953125,-0.3381928853282423,5391.4501953125,-0.3381928853282423,0.02953020134228188,31.8751893278353,1076037.55,924339.16,0.3602643792495903,0.4193893505496402,False,False,0.0018250224117741798,0.001993849383951085,-0.10833166468930822,-0.2890106410966923,-0.043840570157375414,0.508032134437665,0.3430736517387275,0.910948905109489
2025-01-30,3572.050048828125,3585.0,3553.60009765625,3575.39990234375,3575.39990234375,325453,3575.39990234375,0.0020458519906139117,3654.272497558594,-0.021583665494989357,3646.4810009765624,-0.019493067045673995,4069.653994140625,-0.12144867659719683,4449.908503417969,-0.19652282746993788,5391.4501953125,-0.33683892592528863,5391.4501953125,-0.33683892592528863,0.0348993288590604,40.05917527687234,1064000.5,914580.86,0.30587673596018045,0.3558493450212811,False,False,-0.00637797732006351,-0.009886238084530263,-0.09388349434068455,-0.2820626428720949,-0.027340243932083452,0.5055803340150157,0.3421993465866698,0.9065693430656935
2025-01-31,3575.0,3703.699951171875,3570.0,3664.64990234375,3664.64990234375,339017,3664.64990234375,0.02496224266871372,3636.2449951171875,0.007811604351385837,3647.3160009765625,0.004752508793465227,4052.686494140625,-0.09574799145157131,4444.40650390625,-0.17544673307384484,5391.4501953125,-0.32028493826579085,5391.4501953125,-0.32028493826579085,0.07114093959731543,66.79487533954084,616732.1,902678.58,0.549698969779585,0.3755677906968835,False,False,0.023659535001082643,-0.08957320212705366,-0.06669981108799028,-0.2655938919417916,-0.016927126995171404,0.28990014133731545,0.3463500875853505,0.9226277372262773
2025-02-01,3670.0,4084.699951171875,3633.0,4023.75,4023.75,3123773,4023.75,0.09799028753785866,3640.6949951171873,0.10521480250242243,3655.5180029296876,0.1007331920606589,4039.4799951171876,-0.003894064368731076,4441.091254882813,-0.0939726816970855,5391.4501953125,-0.2536794639226423,5391.4501953125,-0.2536794639226423,0.32483221476510066,84.3685277351021,728463.0,946336.64,4.288169749184242,3.3009109739215,True,True,0.13892074770697715,0.022618971980430835,0.02586491342042674,-0.1974649653466185,0.07752560755171722,0.4577357100999811,0.40130769330292426,0.9883211678832117
2025-02-03,3899.949951171875,4090.0,3859.300048828125,3947.85009765625,3947.85009765625,1842880,3947.85009765625,-0.01886297666200687,3646.5724975585936,0.08261939130494844,3662.05400390625,0.07804256667027487,4025.9674951171874,-0.019403385038672227,4437.609006347656,-0.11036549366806392,5391.4501953125,-0.2677572907770459,5391.4501953125,-0.2677572907770459,0.24966442953020135,74.31740916079892,787002.3,960307.24,2.34164499900445,1.9190524899093753,True,True,0.10916473562155926,0.030689514484404157,0.015106322420296081,-0.19913782378410594,0.05292852202520426,0.45227184761238526,0.40288783508157894,0.9897810218978103
2025-02-04,3954.949951171875,4017.64990234375,3890.0,3919.85009765625,3919.85009765625,770272,3919.85009765625,-0.007092467876787634,3650.415002441406,0.07380944222359509,3667.2680078125,0.06887472890055113,4012.780498046875,-0.023158605469662863,4434.072756347657,-0.11597073096179222,5391.4501953125,-0.2729506986702217,5391.4501953125,-0.2729506986702217,0.22684563758389262,70.55829078866313,783031.85,966816.12,0.9837045581223803,0.7967099265990725,False,False,0.09858187561247256,0.0199974232777127,0.011704761299845101,-0.2097554075356537,0.06306783981467223,0.45334330068854484,0.403098383856953,0.9927007299270073
2025-02-05,3910.0,4015.0,3841.0,3865.699951171875,3865.699951171875,693767,3865.699951171875,-0.013814341144512743,3653.0099975585936,0.05822320600146935,3671.3570068359377,0.05293490771234666,3999.5669995117187,-0.033470385258250857,4429.921256103516,-0.12736598966725654,5391.4501953125,-0.2829944057476709,5391.4501953125,-0.2829944057476709,0.1919463087248322,65.12561163243132,781321.5,973460.84,0.8879404956858349,0.712680953863537,False,False,0.08119372846596185,0.013608448707135956,-0.005147077811288092,-0.2301395850605944,0.019247502027531782,0.45550534502148216,0.4041276296071288,0.997080291970803
2025-02-06,3905.0,3905.0,3724.050048828125,3748.449951171875,3748.449951171875,400410,3748.449951171875,-0.0303308589598259,3656.1199951171875,0.025253535490628254,3671.9950048828123,0.02082109212768457,3985.0035009765625,-0.05936093901717221,4424.873505859375,-0.15286845009055883,5391.4501953125,-0.30474180130034445,5391.4501953125,-0.30474180130034445,0.10469798657718121,57.2583700995005,756241.95,968309.0,0.5294734046425221,0.4135146941730377,False,False,0.022867136305307234,0.016873503200237394,-0.007558922114939137,-0.250714653121898,-0.015689827416129676,0.4525019042156353,0.4048580541147835,1.0
2025-02-07,3750.0,3764.10009765625,3695.39990234375,3743.5,3743.5,301644,3743.5,-0.001320532816591946,3667.922497558594,0.020604988925396084,3672.6730029296873,0.019284863371668015,3970.24,-0.057109897638429885,4419.5882568359375,-0.15297539443639507,5391.4501953125,-0.30565991256773195,5391.4501953125,-0.30565991256773195,0.10335570469798658,58.65576638943653,623704.85,956078.32,0.48363260282487786,0.3155013493036847,False,False,-0.06964895930413173,0.06729961998438738,-0.004269140886454692,-0.2629745125118701,-0.010781399017437687,0.41301945621852004,0.4047473555201676,0.9985401459854014
2025-02-10,3756.60009765625,3813.0,3693.050048828125,3722.050048828125,3722.050048828125,428010,3722.050048828125,-0.005729918838486725,3680.2,0.011371677851237827,3673.546005859375,0.013203602974179551,3954.808498535156,-0.05885454372651511,4414.210758056641,-0.15680282323747496,5391.4501953125,-0.3096384249150266,5391.4501953125,-0.3096384249150266,0.09932885906040269,58.967189677572875,607794.5,945128.08,0.7042018313755718,0.452859256916798,False,False,-0.05719569974609151,0.07063139618240322,-0.026622395289637835,-0.27010757899949767,-0.0020243588133938006,0.41193257136685996,0.40338610937586344,0.9941605839416059
2025-02-11,3724.800048828125,3749.60009765625,3663.0,3682.699951171875,3682.699951171875,315000,3682.699951171875,-0.010572157047871844,3685.9125,-0.0008715749025851594,3670.6030029296876,0.003295629691506319,3938.210498046875,-0.06487986028215564,4409.338757324219,-0.16479541403920173,5391.4501953125,-0.31693703590664113,5391.4501953125,-0.31693703590664113,0.08322147651006712,54.70046422759206,586296.45,931829.16,0.5372708635708097,0.33804479782538677,False,False,-0.060499799884228045,0.03201670236750287,-0.02845236080963831,-0.27188432237673554,-0.011992260648976294,0.4057604220042357,0.4035731564896022,0.9956204379562044
2025-02-12,3681.5,3699.89990234375,3585.0,3689.89990234375,3689.89990234375,478915,3689.89990234375,0.001955074067216289,3690.359997558594,-0.000124674886772147,3667.3989990234377,0.006135384594450732,3921.9039990234373,-0.059155985648158826,4405.022507324219,-0.16234255416208132,5391.4501953125,-0.3156015972192663,5391.4501953125,-0.3156015972192663,0.08993288590604027,56.20450003458004,590479.2,925572.76,0.8110615920086601,0.517425556041645,False,False,-0.045476899668540405,0.0247018015740339,-0.016669122744352838,-0.24718965574951546,-0.007477754846612061,0.4048624700999608,0.4030679351783492,0.9912408759124087
2025-02-13,3698.89990234375,3722.300048828125,3659.0,3696.5,3696.5,243492,3696.5,0.0017886928726869034,3694.1525024414063,0.0006354630885005985,3664.05,0.008856320192137002,3905.8944970703124,-0.053609870217276145,4401.086008300781,-0.16009366937430414,5391.4501953125,-0.31437741867413416,5391.4501953125,-0.31437741867413416,0.0912751677852349,59.67007748464612,590416.15,921088.14,0.4124074180558916,0.264352551537576,False,False,-0.013859048899834914,0.020949304600577312,0.020315244594154125,-0.2546477249690874,-0.009260140811827688,0.40459631573789767,0.396591463024222,0.9678832116788321
2025-02-14,3706.0,3755.10009765625,3636.85009765625,3682.64990234375,3682.64990234375,286886,3682.64990234375,-0.0037468139202624373,3697.55,-0.004029721749874926,3661.5919970703126,0.005751024497072876,3888.806494140625,-0.053012818227776815,4396.480258789063,-0.16236405361272455,5391.4501953125,-0.3169463189058921,5391.4501953125,-0.3169463189058921,0.08187919463087248,57.40261848576284,594982.15,903998.86,0.48217580981210945,0.3173521701122499,False,False,-0.016254867812541707,0.01879822726360625,0.019094268084810295,-0.2573131162537875,-0.00982739549042222,0.40487027586315405,0.39663993155343735,0.9693430656934306
2025-02-17,3645.050048828125,3683.0,3596.60009765625,3621.5,3621.5,571642,3621.5,-0.016604864422445464,3699.234997558594,-0.02101380355935678,3657.44099609375,-0.009826815014141288,3872.366494140625,-0.06478376840627498,4391.562509765625,-0.1753504608105243,5391.4501953125,-0.32828833267371205,5391.4501953125,-0.32828833267371205,0.053691275167785234,53.01524010975438,613007.75,896464.3,0.9325200211579707,0.6376628717953409,False,False,-0.027014695533119637,0.009392929013110063,0.00012425985993225197,-0.2705721363652859,-0.014718711562432207,0.4087601399631275,0.39819031185665726,0.9737226277372263
2025-02-18,3630.0,3705.949951171875,3606.25,3676.60009765625,3676.60009765625,372638,3676.60009765625,0.01521471701125221,3704.984997558594,-0.007661272561440335,3654.635,0.006010202840023737,3857.1519970703125,-0.046809640779310824,4386.883759765625,-0.16191075510679198,5391.4501953125,-0.3180684297421862,5391.4501953125,-0.3180684297421862,0.07919463087248323,55.42163096245211,615593.9,892443.32,0.6053308845328065,0.417548085854909,False,False,-0.0016563536526194023,0.03228885805446735,0.004768920590359826,-0.2659718413549903,-0.007182937423405256,0.4106732457520959,0.39882052401050266,0.9751824817518249
2025-02-19,3674.300048828125,3713.949951171875,3627.449951171875,3685.0,3685.0,265834,3685.0,0.0022846929556208373,3709.317492675781,-0.006555786266286723,3654.1689990234377,0.008437212669912597,3842.9789990234376,-0.041108473156783454,4382.305759277344,-0.1591184635625087,5391.4501953125,-0.3165104254874027,5391.4501953125,-0.3165104254874027,0.08456375838926175,51.19362384853404,615705.3,860965.54,0.4317552569386685,0.3087626480381549,False,False,-0.001327922836236728,0.024080453539022884,0.00648685558211004,-0.25214870695079716,-0.010047255352709894,0.4094759357696839,0.39883952299790376,0.9766423357664233
2025-02-20,3687.0,3709.0,3615.0,3623.800048828125,3623.800048828125,552762,3623.800048828125,-0.016607856491689277,3711.5099975585936,-0.023631877265092527,3652.8760009765624,-0.00795974244421771,3828.254001464844,-0.053406579751104966,4377.122508544922,-0.1721044951897457,5391.4501953125,-0.32786172225447374,5391.4501953125,-0.32786172225447374,0.05704697986577181,13.939237583961173,628894.25,860497.38,0.8789426839250001,0.642374994796614,False,False,-0.019667239597423225,0.012248801869952475,-0.024955939993124843,-0.27521826093809654,-0.014896984552096315,0.4139438687052771,0.399143066706592,0.9781021897810219
2025-02-21,3630.0,3663.0,3569.5,3596.699951171875,3596.699951171875,532244,3596.699951171875,-0.00747836450441397,3714.6974975585936,-0.03176504855759321,3651.7639990234375,-0.01507875313582363,3814.6775,-0.05714180263682178,4371.072258300781,-0.17715843192899694,5391.4501953125,-0.3328882172928238,5391.4501953125,-0.3328882172928238,0.04161073825503356,15.284233616035891,636135.45,855012.1,0.8366834453259916,0.6224987927071441,False,False,-0.023339158880450128,0.01804441072788321,-0.030434586885984327,-0.27785811334975574,-0.026155496812911516,0.4118815907433739,0.39941336913575737,0.9854014598540146
2025-02-24,3589.800048828125,3611.39990234375,3555.550048828125,3570.89990234375,3570.89990234375,370764,3570.89990234375,-0.007173255811822377,3715.277490234375,-0.038860512645454426,3650.70599609375,-0.02186045489157229,3800.960498046875,-0.060526963071923956,4364.933508300781,-0.181911959127675,5391.4501953125,-0.3376735807652633,5391.4501953125,-0.3376735807652633,0.03355704697986577,15.351008609764065,630153.05,850509.0,0.5883713488334302,0.43593189490058304,False,False,-0.013972137969418763,0.0032590265941316865,-0.029224663672784645,-0.2999470739069,-0.036779310177692315,0.4122076003412419,0.39931296458189164,0.9824817518248176
2025-02-25,3557.0,3571.0,3516.64990234375,3530.75,3530.75,375510,3530.75,-0.011243637021972397,3713.4099853515627,-0.049189285877969,3650.4619970703125,-0.03279365657453426,3788.8925,-0.0681313866782971,4358.603259277344,-0.1899354472135648,5391.4501953125,-0.34512053861320147,5391.4501953125,-0.34512053861320147,0.01879194630872483,15.790019633981089,629545.65,838250.82,0.5964777931512989,0.4479685447847221,False,False,-0.03966982913078476,-0.010467783031306688,-0.0780970769167415,-0.33484357733736203,-0.06002075344831903,0.4141939425395525,0.39047081756396645,0.945985401459854
2025-02-27,3556.0,3575.0,3492.050048828125,3507.199951171875,3507.199951171875,469275,3507.199951171875,-0.006669984798732598,3709.9999877929686,-0.05466308282705323,3650.2919970703124,-0.03920016426447026,3778.5230004882815,-0.07180664224654576,4352.670758056641,-0.19424184687523838,5391.4501953125,-0.34948857466565353,5391.4501953125,-0.34948857466565353,0.013422818791946308,19.52760635548742,636736.75,832662.5,0.7370000239502432,0.5635836848663174,False,False,-0.04824967403748304,-0.019074775699123525,-0.08906265753794707,-0.33869465687228595,-0.08565470868229808,0.41471756975733787,0.39040845071284314,0.9445255474452555
2025-02-28,3507.0,3532.550048828125,3391.0,3403.949951171875,3403.949951171875,799598,3403.949951171875,-0.029439439278476476,3696.964990234375,-0.07925826721013218,3648.407998046875,-0.06700403217125583,3767.907998046875,-0.09659419684972681,4346.705258789062,-0.2168896328341865,5391.4501953125,-0.36863926627173915,5391.4501953125,-0.36863926627173915,0.0013422818791946308,15.64302861753157,659765.8,834963.78,1.211942177057374,0.9576439351656667,False,False,-0.06066838531208307,-0.07113911509122406,-0.11904916104321928,-0.36510053098560524,-0.11619000783428068,0.4151104810040575,0.3944994081238558,0.9532846715328467
2025-03-03,3425.0,3472.0,3340.0,3453.199951171875,3453.199951171875,807297,3453.199951171875,0.01446848534980516,3668.4374877929686,-0.05867281024613735,3649.30599609375,-0.05373790116032706,3755.9859985351563,-0.0806142641323393,4340.709007568359,-0.2044617722240869,5391.4501953125,-0.3595044327453497,5391.4501953125,-0.3595044327453497,0.005369127516778523,24.245617678590477,543942.0,832820.82,1.4841600758904443,0.9693525673385543,False,False,-0.03989768452974374,-0.14179560082712017,-0.0925884808070655,-0.35386572594287,-0.10085797417857967,0.1887872852932086,0.39489925123347885,0.9562043795620438
2025-03-04,3429.699951171875,3460.0,3400.0,3408.39990234375,3408.39990234375,637407,3408.39990234375,-0.012973488202709382,3641.464978027344,-0.06400310783981511,3648.2629931640627,-0.06574720388024557,3743.9949975585937,-0.08963556186204324,4334.394757080078,-0.213638790796281,5391.4501953125,-0.36781389443101553,5391.4501953125,-0.36781389443101553,0.004026845637583893,23.995072749164322,483668.35,832726.52,1.317859644940588,0.7654457792457481,False,False,-0.04550673624128854,-0.1366440421921692,-0.1098575733198145,-0.3567964674131635,-0.11478182090026567,0.1852298806441693,0.395295521134672,0.9605839416058394
2025-03-05,3408.39990234375,3505.0,3408.39990234375,3474.5,3474.5,417930,3474.5,0.01939329290873326,3619.197473144531,-0.03998054105039239,3648.5599951171876,-0.04770649114996861,3733.012995605469,-0.06925049441558129,4328.352757568359,-0.19726967864977074,5391.4501953125,-0.3555537241128849,5391.4501953125,-0.3555537241128849,0.009395973154362415,31.630582064605008,466051.25,831768.94,0.8967468706499554,0.5024592526862087,False,False,-0.015931459321673835,-0.11361406343638825,-0.0897062828746179,-0.33674392159238664,-0.09804785731773225,0.20799678322370024,0.39762128020322346,0.9722627737226277
2025-03-06,3505.0,3552.0,3475.0,3540.5,3540.5,797590,3540.5,0.018995538926464217,3602.9374755859376,-0.017329602861282933,3649.1369970703126,-0.02977059977675023,3726.581994628906,-0.04993369122083047,4322.52575805664,-0.18091870397742416,5391.4501953125,-0.34331211979325627,5391.4501953125,-0.34331211979325627,0.021476510067114093,37.92009038153531,471242.4,835487.78,1.69252596964959,0.9546399350089836,True,False,0.009494767704076423,-0.0841244678271762,-0.045249857513863345,-0.31743473972421177,-0.08038961038961034,0.22352739590916726,0.39565133999640467,0.962043795620438
2025-03-07,3568.0,3636.300048828125,3549.949951171875,3593.60009765625,3593.60009765625,681832,3593.60009765625,0.014997909237748797,3595.1949829101563,-0.0004436157875964408,3649.6419970703123,-0.015355451153578614,3720.582497558594,-0.034129709524158724,4316.4997595214845,-0.16747357862597756,5391.4501953125,-0.3334631745683858,5391.4501953125,-0.3334631745683858,0.040268456375838924,43.49954162383499,485313.5,840104.18,1.4049310394209105,0.8116041036719993,False,False,0.05571472824360546,-0.04131036976156355,-0.02571536953768072,-0.30956036110748886,-0.08300793916500648,0.21104846978535316,0.39677686500534515,0.9708029197080292
2025-03-10,3600.0,3624.949951171875,3548.199951171875,3603.75,3603.75,327825,3603.75,0.002824438465028445,3588.207482910156,0.0043315547286129075,3649.94599609375,-0.01265662454819605,3714.8819995117187,-0.02991535115417554,4310.550760498047,-0.1639699425361556,5391.4501953125,-0.33158058232027887,5391.4501953125,-0.33158058232027887,0.04563758389261745,48.60004775365277,486622.55,799706.18,0.6736740827156489,0.4099318077046747,False,False,0.04359725789322866,-0.03733137438226264,-0.013293006647606243,-0.3096066108070594,-0.07219080349462126,0.21174319789354756,0.3963070177353303,0.9664233576642336
2025-03-11,3586.949951171875,3639.89990234375,3551.550048828125,3631.64990234375,3631.64990234375,255758,3631.64990234375,0.007741908385362484,3583.6874755859376,0.013383540580633513,3651.3419921875,-0.005393110227933651,3710.3214990234374,-0.02120344468812041,4305.286510009766,-0.156467312012758,5391.4501953125,-0.3264057404256051,5391.4501953125,-0.3264057404256051,0.05906040268456376,46.295822388751546,478009.95,790945.84,0.5350474399120771,0.3233571593220593,False,False,0.06549994319812202,-0.02428772996022377,0.0021661938875914277,-0.3102541655344969,-0.0558192025846338,0.2138299155606482,0.39626809386782946,0.964963503649635
2025-03-12,3655.25,3685.0,3622.449951171875,3674.199951171875,3674.199951171875,265757,3674.199951171875,0.011716451192243182,3583.2624755859374,0.02537840200251229,3653.6059912109376,0.005636612160829113,3707.1964990234374,-0.008900674097058081,4300.970759277344,-0.1457277538456876,5391.4501953125,-0.31851360615992663,5391.4501953125,-0.31851360615992663,0.07718120805369127,49.157431240469506,475547.8,791438.66,0.5588439269406776,0.33578976291100054,False,False,0.05747588175906615,-0.002308089204306585,0.03704540053030869,-0.3122695458733037,-0.04180468087837397,0.21542377331089477,0.3940938443165264,0.9503649635036496
2025-03-13,3681.0,3877.050048828125,3670.0,3797.10009765625,3797.10009765625,2325270,3797.10009765625,0.033449498698397306,3588.6224853515623,0.058094049501075995,3657.3259912109374,0.03821756845881641,3705.4330004882813,0.024738565548449776,4297.584008789063,-0.1164570396085951,5391.4501953125,-0.2957182279161976,5391.4501953125,-0.2957182279161976,0.12885906040268458,62.33276149460135,567865.55,826620.18,4.094754471370908,2.8129847979273865,True,True,0.07247566661665017,0.029052331540053045,0.08004100190363994,-0.286333135287835,-0.02354282514152828,0.24609327978742998,0.39924930264726227,0.981021897810219
2025-03-17,3797.10009765625,3832.35009765625,3788.10009765625,3825.300048828125,3825.300048828125,425089,3825.300048828125,0.007426707341552818,3595.0624877929686,0.06404271464457922,3653.3279931640627,0.04707271178110717,3703.6340014648435,0.032850451020581595,4294.326258544922,-0.10921997572576625,5391.4501953125,-0.29048773330894095,5391.4501953125,-0.29048773330894095,0.1483221476510067,66.24271949752216,576945.4,649434.26,0.7367924243784594,0.6545527795222876,False,False,0.06447571929970453,0.03484378434414315,0.09352090551213532,-0.2778978739218768,-0.025637082386571586,0.2469789125982677,0.39918684870302723,0.9795620437956204
2025-03-18,3825.300048828125,3825.300048828125,3825.300048828125,3825.300048828125,3825.300048828125,0,3825.300048828125,0.0,3602.1949951171873,0.06193586244313787,3651.138994140625,0.04770047236410191,3700.3260009765627,0.033773793935609975,4291.2280078125,-0.10857683584654998,5391.4501953125,-0.29048773330894095,5391.4501953125,-0.29048773330894095,0.1483221476510067,68.76383622305639,562601.1,631651.16,0.0,0.0,False,False,0.06147764102063813,0.038735733851210874,0.12234838307248719,-0.29048773330894095,-0.03878478190373558,0.24621396080224028,0.39508537001826577,0.9591240875912409
2025-03-19,3850.0,3860.0,3795.0,3845.199951171875,3845.199951171875,285707,3845.199951171875,0.005202180767452713,3613.379992675781,0.06415598662913569,3651.4369921875,0.05306485074203504,3698.176999511719,0.039755520538786504,4288.943258056641,-0.10346215377207624,5391.4501953125,-0.2867967222408888,5391.4501953125,-0.2867967222408888,0.17718120805369128,73.90708440139805,548304.35,623923.42,0.5210737430771797,0.4579199799872875,False,False,0.058802487731624886,0.06176997133007722,0.11115282163712892,-0.2697369763228801,-0.046258402723097225,0.23630847241214858,0.39419402053285507,0.9518248175182482
2025-03-20,3864.39990234375,3904.75,3831.14990234375,3884.39990234375,3884.39990234375,267764,3884.39990234375,0.010194515673997318,3623.769982910156,0.07192231313321074,3652.264990234375,0.06355916471835155,3696.4989990234376,0.05083212611986454,4286.618507080078,-0.09383121079517487,5391.4501953125,-0.27952596024702736,5391.4501953125,-0.27952596024702736,0.20134228187919462,78.01128203008372,543060.65,612285.08,0.4930646328361298,0.43731916511831387,False,False,0.05720972020176318,0.056519555885332196,0.12277253825950774,-0.2527197606223638,-0.02101924125662702,0.2335526127988147,0.3945144515735994,0.9547445255474453
2025-03-21,3890.0,3948.800048828125,3871.85009765625,3892.199951171875,3892.199951171875,431562,3892.199951171875,0.0020080447493109332,3634.12998046875,0.07101286197524437,3653.83298828125,0.06523750911854131,3695.5459985351563,0.053213774829123706,4283.335756835938,-0.0913157006288462,5391.4501953125,-0.2780792161344866,5391.4501953125,-0.2780792161344866,0.2080536912751678,92.24711581605105,551347.05,606356.84,0.7827411065317208,0.7117294166253654,False,False,0.025045390184558203,0.05622793790281544,0.10836787818003657,-0.23716753225749343,-0.031610387218542035,0.23356364436860755,0.3936106429954743,0.948905109489051
2025-03-24,3900.0,3948.949951171875,3890.0,3905.10009765625,3905.10009765625,209015,3905.10009765625,0.0033143586265373948,3648.1949829101563,0.07041978730565579,3658.209990234375,0.06748932075549252,3694.945500488281,0.05687623731938607,4278.550007324218,-0.08728422223152232,5391.4501953125,-0.27568651175680536,5391.4501953125,-0.27568651175680536,0.2134228187919463,91.72667984679788,534159.7,592497.12,0.3912968350102039,0.35276964721786325,False,False,0.020861121430872265,0.07762570921071998,0.09437134551937132,-0.2337381536964529,-0.006866559682977891,0.22197861633339336,0.3925188758344166,0.9474452554744526
2025-03-25,3935.0,4033.949951171875,3883.949951171875,3998.800048828125,3998.800048828125,704455,3998.800048828125,0.02399425080758144,3668.2999877929688,0.0900962467995976,3668.0369921875,0.09017440591387516,3695.609001464844,0.08204088886110616,4275.108758544922,-0.06463197203217863,5391.4501953125,-0.25830715225658396,5391.4501953125,-0.25830715225658396,0.29261744966442954,,542770.25,547538.5,1.2978880106269641,1.2865853268765575,False,False,0.045355919218193375,0.11179695362834985,0.11432193906114563,-0.19287091747516316,-0.002929772688769594,0.2287090597960855,0.39508024892809557,0.9576642335766423
2025-03-26,4010.0,4018.10009765625,3917.300048828125,3945.699951171875,3945.699951171875,384630,3945.699951171875,-0.013279007954351552,3687.039990234375,0.07015382573082896,3677.4209912109377,0.07295301805317522,3695.7590014648435,0.06762912560260692,4271.101008300781,-0.07618669202542794,5391.4501953125,-0.2681560974814544,5391.4501953125,-0.2681560974814544,0.2442953020134228,90.80358777538223,543463.55,540306.76,0.7077383570618488,0.7118733809660275,False,False,0.02613648217939124,0.1049595505553449,0.10776698709701571,-0.20169548957786387,-0.01703997030973703,0.23412777033498858,0.3958628221430021,0.9635036496350365
2025-03-27,3940.0,4085.0,3932.449951171875,4065.0,4065.0,735787,4065.0,0.03023545893110624,3713.752490234375,0.09458021521069604,3687.3519921875,0.10241712985704488,3696.3930004882814,0.09972072760202355,4267.534008789063,-0.04745926063434769,5391.4501953125,-0.24602846122287436,5391.4501953125,-0.24602846122287436,0.37718120805369126,91.58077038014235,561477.4,540123.28,1.3104481142072681,1.3622575201720615,False,False,0.04649369328510189,0.15131346031296466,0.1415332771693345,-0.1419615270370468,0.0021324348578166674,0.24187784666618264,0.40003069164407057,0.9868613138686131
2025-03-28,4065.0,4190.0,4055.050048828125,4083.199951171875,4083.199951171875,886798,4083.199951171875,0.004477232760608851,3742.552490234375,0.09102008905055259,3696.9969921875,0.10446396353594545,3697.7664990234375,0.1042341240990281,4264.442757568359,-0.04250093545629663,5391.4501953125,-0.24265275514889473,5391.4501953125,-0.24265275514889473,0.39731543624161075,91.08759763268026,582353.55,549954.04,1.5227828524441895,1.6124947459245866,True,False,0.0490725045979441,0.16423357892883717,0.13073574277878275,-0.10143810417304444,-0.01919246345514425,0.2365907691387467,0.39932921825170586,0.983941605839416
2025-04-01,4109.75,4163.39990234375,3994.60009765625,4003.60009765625,4003.60009765625,401323,4003.60009765625,-0.019494478464808007,3772.5349975585937,0.06124929264995305,3704.65599609375,0.08069415942471081,3698.536999511719,0.08248209986402877,4261.127008056641,-0.06043633759648026,5391.4501953125,-0.25741684470402626,5391.4501953125,-0.25741684470402626,0.30201342281879195,80.05261913989102,562439.8,553085.44,0.7135394756914428,0.7256076023263242,False,False,0.025223425145777245,0.17616303267853106,-0.00536615665746909,-0.10342744347279165,-0.0684102739480894,0.2177475322347183,0.32608586173880255,0.8642335766423358
2025-04-02,4045.0,4131.7001953125,3996.0,4121.4501953125,4121.4501953125,390709,4121.4501953125,0.029436031267268792,3805.947509765625,0.08289727715301676,3714.7910009765624,0.10947027550918298,3700.5285009765626,0.11374637277482313,4258.451009521485,-0.032171513515751204,5391.4501953125,-0.23555814372618689,5391.4501953125,-0.23555814372618689,0.4134228187919463,82.42850677270229,541610.4,556988.3,0.7213838582124715,0.7014671582868077,False,False,0.03067173776801324,0.19351623236118964,0.047449061646229085,-0.11278893487014996,-0.0813048870135391,0.2295904421991722,0.3280761612213584,0.8861313868613139
2025-04-03,4121.4501953125,4195.5,4077.050048828125,4157.7998046875,4157.7998046875,426311,4157.7998046875,0.008819616312807144,3843.4175048828124,0.08179759274273102,3726.19099609375,0.115831101799724,3703.215498046875,0.122753943668787,4255.540257568359,-0.02296781300729811,5391.4501953125,-0.22881605986040177,5391.4501953125,-0.22881605986040177,0.43355704697986575,82.28304480291587,531055.6,561291.92,0.8027615187562281,0.7595174361319863,False,False,0.0537546838686076,0.2198685376761198,0.08550237623278978,-0.09760177868963649,-0.059438307814422275,0.2144834259834049,0.3233755048749416,0.8496350364963504
2025-04-04,4155.0,4155.0,3943.0,4039.89990234375,4039.89990234375,818952,4039.89990234375,-0.028356320140962454,3871.6875,0.043446792217540775,3735.7569921875,0.08141399742871314,3704.8694970703127,0.0904297453765559,4250.54325805664,-0.049556807900643984,5391.4501953125,-0.25068399855456913,5391.4501953125,-0.25068399855456913,0.3395973154362416,66.31720188408431,551106.7,571252.66,1.4860135070032718,1.4336073288481492,False,False,-0.00617468577029523,0.16272842203014815,0.05123598811963315,-0.1165176526366033,-0.1073228267703189,0.2508501485156071,0.3291079234640126,0.891970802919708
2025-04-07,3761.199951171875,4037.10009765625,3761.199951171875,4023.14990234375,4023.14990234375,472568,4023.14990234375,-0.004146142331467817,3895.8199951171873,0.032683724449833695,3744.25298828125,0.07448666394482162,3706.2439965820313,0.08550594781508591,4245.98950805664,-0.05248237314059745,5391.4501953125,-0.2537907693478082,5391.4501953125,-0.2537907693478082,0.3208053691275168,63.50419576853769,534855.6,575431.9,0.883543146972753,0.8212405325460753,False,False,-0.01470661479874158,0.13632252572906367,0.05489271876745416,-0.03835218270560514,-0.10263643351770535,0.25046072336128467,0.32879679643879883,0.8905109489051095
2025-04-08,4079.0,4100.0,4020.0,4053.85009765625,4053.85009765625,552578,4053.85009765625,0.007630885265949239,3918.8324951171876,0.034453527347058754,3753.7309912109376,0.07995221478257686,3709.0124975585936,0.092972887075641,4241.950257568359,-0.04434284904131214,5391.4501953125,-0.24809653232430906,5391.4501953125,-0.24809653232430906,0.35570469798657717,64.97216652043281,528392.9,580703.8,1.045771054077373,0.9515660135167016,False,False,0.012551203610324801,0.12807490747236328,0.09972196613258721,-0.03331299580014413,-0.08114509606529552,0.24851408514228202,0.3210502822377653,0.8408759124087591
2025-04-09,4053.85009765625,4151.85009765625,4014.0,4139.2998046875,4139.2998046875,663300,4139.2998046875,0.02107865485224858,3945.6099853515625,0.04908995568620034,3765.85798828125,0.09916513516132075,3712.8099951171876,0.11486981831313758,4238.622506103516,-0.02343277828421697,5391.4501953125,-0.2322474186469644,5391.4501953125,-0.2322474186469644,0.4221476510067114,67.74251987546701,545166.65,586221.4,1.2166921802718489,1.1314837704662435,False,False,0.004330905028356646,0.14860903355879285,0.18014508041790234,-0.00826584925353957,-0.07209309885821058,0.2536587218807779,0.3058071551513098,0.6583941605839416
2025-04-11,4157.0,4192.0,4113.0498046875,4131.5,4131.5,570955,4131.5,-0.0018843294894144158,3970.602490234375,0.04052219031276727,3777.3019873046874,0.09377010731092028,3715.886494140625,0.11184773983670726,4235.1115051269535,-0.02446488244796463,5391.4501953125,-0.23369411747658198,5391.4501953125,-0.23369411747658198,0.4174496644295302,65.4941233526466,560926.5,587832.26,1.017878456446611,0.9712889864193571,False,False,-0.006325413902287802,0.13763719276289899,0.18840788149000431,0.010715084118531726,-0.11055851417766438,0.2556156975990392,0.304996331204383,0.6496350364963503
2025-04-15,4200.0,4227.0,4088.0,4212.7001953125,4212.7001953125,569335,4212.7001953125,0.019653926010528844,3997.5275024414063,0.053826444656023265,3790.1939892578125,0.1114735043251498,3720.1079956054687,0.1324134138817814,4232.258255615235,-0.004621187820186945,5391.4501953125,-0.2186331983600337,5391.4501953125,-0.2186331983600337,0.46442953020134226,68.40264158719523,576105.4,591465.8,0.9882479837890774,0.9625831282214456,False,False,0.04277340952643405,0.1465625854055308,0.18054064172290096,0.05668855115976146,-0.08801208089787305,0.2592534760827796,0.30308237507773717,0.6437956204379562
2025-04-16,4240.0,4265.0,4200.2001953125,4221.5,4221.5,331624,4221.5,0.0020888751345968792,4018.7474975585938,0.05045166499377718,3803.1159912109374,0.11001084630496538,3724.79849609375,0.13334989917633067,4229.360755615235,-0.0018586155377732227,5391.4501953125,-0.21700102067708837,5391.4501953125,-0.21700102067708837,0.4697986577181208,68.25315492957746,476423.1,591589.22,0.6960703626671335,0.560564643148839,False,False,0.049302189197747204,0.11176947971577311,0.17232954004989054,0.062426871327514455,-0.09658017110743333,0.23998235020892014,0.302813998886027,0.6423357664233577
2025-04-17,4221.0,4397.0,4192.2001953125,4357.10009765625,4357.10009765625,1020665,4357.10009765625,0.03212130703689442,4045.3375,0.07706714153176342,3816.9649951171873,0.14150905319541174,3732.140498046875,0.16745339569516005,4226.6457556152345,0.030864744666075472,5391.4501953125,-0.19185007005268218,5391.4501953125,-0.19185007005268218,0.5342281879194631,69.71716372131192,506201.9,605222.18,2.0163199703517507,1.6864302626846885,True,True,0.07480543007135987,0.13902178705982582,0.2034027633646034,0.08786081862939521,-0.07613197462384846,0.25804998262420664,0.3086763732824736,0.6627737226277373
2025-04-21,4357.0,4429.0,4321.60009765625,4342.2998046875,4342.2998046875,561592,4342.2998046875,-0.0033968218854351084,4071.1874877929686,0.06659293331673699,3823.3359912109377,0.13573586382927205,3739.4269970703126,0.1612206383730752,4224.7735046386715,0.027818367048502823,5391.4501953125,-0.19459521142143998,5391.4501953125,-0.19459521142143998,0.5302013422818792,72.78524955627987,534281.5,553978.56,1.0511163122810727,1.0137432033470752,False,False,0.049042110883129375,0.13515273292555374,0.20128914248601437,0.04480154535648784,-0.08660079834087087,0.2594895084746143,0.308816516608069,0.6656934306569343
2025-04-22,4363.0,4497.0,4315.0,4435.60009765625,4435.60009765625,998024,4435.60009765625,0.021486377533866508,4100.707495117187,0.08166703012536924,3833.0909912109373,0.15718622590145448,3747.5724975585936,0.18359287259843038,4223.272005615235,0.050275732123979955,5391.4501953125,-0.17728998006645724,5391.4501953125,-0.17728998006645724,0.5624161073825503,71.9471860350258,569897.35,537081.44,1.7512346741040294,1.8582358757360897,True,False,0.07360525176237442,0.15354211848058585,0.23630080753943905,0.09248540453885923,-0.06913877515134514,0.264805442932114,0.31022909011779065,0.6802919708029197
2025-04-23,4455.5,4533.7998046875,4434.0,4508.10009765625,4508.10009765625,1223678,4508.10009765625,0.016345026243079985,4131.892504882812,0.09104970478512175,3844.8559912109376,0.17250167703587338,3756.0619995117186,0.20021983083407435,4221.943255615234,0.06777846709816004,5391.4501953125,-0.16384276320019853,5391.4501953125,-0.16384276320019853,0.5771812080536913,73.64234452198176,617693.05,546149.56,1.9810454399640727,2.2405547667199435,True,False,0.07012127344652797,0.16056539259414948,0.2657513404222036,0.1125068239420246,-0.038128299581416614,0.2665913537147344,0.3104241989915904,0.6846715328467153
2025-04-24,4509.7998046875,4557.7001953125,4452.0,4498.7998046875,4498.7998046875,1698949,4498.7998046875,-0.002063018293135377,4162.222497558594,0.08086480415843456,3857.51798828125,0.16624208062137358,3764.437497558594,0.19507889494915864,4220.472755126953,0.06594688929633286,5391.4501953125,-0.165567770875654,5391.4501953125,-0.165567770875654,0.574496644295302,79.89252275019615,681062.4,566253.2,2.4945570332468803,3.0003344793459887,True,True,0.06568750555193659,0.15585012618197802,0.2502396049838922,0.12822565634796246,-0.03132872685203192,0.26811260963683003,0.31040511673555776,0.6832116788321168
2025-04-25,4501.89990234375,4520.7001953125,4350.0,4375.2001953125,4375.2001953125,540513,4375.2001953125,-0.02747390742886935,4185.727502441407,0.045266370723029636,3870.0529931640626,0.13052720545189267,3771.0239990234377,0.16021542065113414,4218.508255615235,0.037143921548261405,5391.4501953125,-0.18849288469428138,5391.4501953125,-0.18849288469428138,0.5449664429530201,65.2119213129649,697637.3,569055.26,0.7747765206934892,0.9498427270490392,False,False,0.004154161541064072,0.12038106217517774,0.22214004524848296,0.10341356646475708,-0.05444012384157071,0.2952412522666936,0.31650489832305434,0.7985401459854015
2025-04-28,4375.2001953125,4462.2998046875,4351.2001953125,4366.7998046875,4366.7998046875,676462,4366.7998046875,-0.001920001428506013,4204.127490234375,0.038693477976343704,3882.5189892578123,0.12473366305988454,3777.59599609375,0.15597321926511487,4216.076754150391,0.0357495983413334,5391.4501953125,-0.19005097951491123,5391.4501953125,-0.19005097951491123,0.5409395973154363,62.96364272933332,696237.65,576551.62,0.9715964082091797,1.1732895659889049,False,False,0.00564217145337409,0.09202754610529218,0.23602085085837055,0.11045273529449195,-0.0701022562420145,0.2883847762698612,0.3148126871763882,0.7708029197080292
2025-04-29,4370.0,4414.7001953125,4288.5,4310.0,4310.0,388125,4310.0,-0.01300719227534286,4222.342492675782,0.020760397214643733,3894.27798828125,0.10675201230362852,3783.9119970703123,0.1390328325122283,4213.369005126953,0.022934377396203187,5391.4501953125,-0.2005861421575864,5391.4501953125,-0.2005861421575864,0.512751677852349,68.12751145166249,696412.4,575753.92,0.5573206335786094,0.6741161223878424,False,False,-0.028316370928618273,0.09232837097000446,0.2109122414164093,0.09649682080542488,-0.0941572089113073,0.2881631979087511,0.3165655610626459,0.8014598540145985
2025-04-30,4352.0,4355.0,4147.5,4199.89990234375,4199.89990234375,814008,4199.89990234375,-0.02554526627755216,4229.087487792969,-0.006901627250197051,3904.6219873046875,0.07562266360203784,3787.6124951171873,0.10885152791054109,4210.33675415039,-0.0024788639047345074,5391.4501953125,-0.2210073820221361,5391.4501953125,-0.2210073820221361,0.45503355704697984,60.5415325619619,700323.45,585734.08,1.1623314912559333,1.3897227902463862,False,False,-0.06836587223800383,0.03318570783364083,0.17706896874964495,0.04955512791086858,-0.12512106462414885,0.29031675433550524,0.32207027318641074,0.8467153284671532
2025-05-02,4180.0,4225.0,4022.0,4042.199951171875,4042.199951171875,641655,4042.199951171875,-0.03754850230689322,4227.037487792969,-0.043727442009888984,3911.66798828125,0.033369898284230315,3789.5334936523436,0.06667481840251854,4206.375502929687,-0.039030170188911084,5391.4501953125,-0.2502573881353307,5391.4501953125,-0.2502573881353307,0.3422818791946309,49.39658453620632,688066.3,588988.88,0.9325482151937974,1.089417851148565,False,False,-0.10149370350729392,-0.010041144320701911,0.13055883581641536,0.024418021752234065,-0.15744492173434066,0.32178343939247334,0.3325790721114827,0.8978102189781022
2025-05-05,3956.0,4059.89990234375,3915.0,4018.39990234375,4018.39990234375,1405524,4018.39990234375,-0.0058878949867943176,4227.777478027344,-0.049524265828032266,3918.105986328125,0.025597550542428404,3791.0779931640627,0.0599623404186318,4201.973002929688,-0.043687358404717935,5391.4501953125,-0.25467179390111483,5391.4501953125,-0.25467179390111483,0.312751677852349,43.31084370419158,738276.35,612229.52,1.9037911752150805,2.295746863039208,True,False,-0.0815506210095297,0.0036966241199174465,0.09653036700006656,0.02339199866891728,-0.13714547291649037,0.3145673000334927,0.3295799789042783,0.8934306569343066
2025-05-06,4018.5,4077.0,3993.699951171875,4006.10009765625,4006.10009765625,399031,4006.10009765625,-0.003060871238904306,4222.009973144532,-0.05113912019669464,3924.574990234375,0.020772977360538736,3793.083493652344,0.05615921831417259,4197.28525390625,-0.045549717182569616,5391.4501953125,-0.256953147570707,5391.4501953125,-0.256953147570707,0.30604026845637583,43.09624488237871,738692.45,614472.42,0.5401855670786943,0.6493879741583845,False,False,-0.08260046788590136,-0.027987745135788056,-0.004386431150978587,0.021365027607503473,-0.12014754981071551,0.29530417943184933,0.2615905505570238,0.5751824817518248
2025-05-07,3973.0,4032.5,3950.800048828125,3999.800048828125,3999.800048828125,387479,3999.800048828125,-0.0015726139323904986,4214.1099853515625,-0.05085532586201802,3932.1409912109375,0.017206671319369704,3794.790993652344,0.05402380671786822,4192.34000366211,-0.04592660773357993,5391.4501953125,-0.2581216734032562,5391.4501953125,-0.2581216734032562,0.2953020134228188,37.22548846404795,736750.85,610789.16,0.5259294916320761,0.6343907609624244,False,False,-0.07197214644359051,-0.03800080890889601,0.013159048567400466,0.0284641558180998,-0.10794410476430882,0.2928968553856696,0.2586314923005708,0.5547445255474452
2025-05-08,4037.699951171875,4069.5,3958.0,3974.300048828125,3974.300048828125,473679,3974.300048828125,-0.006375318688110698,4210.829992675781,-0.05617181036970631,3938.094990234375,0.009193546291679233,3796.3649951171874,0.046869848905412015,4187.012253417969,-0.05080286173421189,5391.4501953125,-0.2628513841631127,5391.4501953125,-0.2628513841631127,0.27114093959731544,35.4588389313773,719487.2,612809.98,0.6583563960554129,0.7729622810646785,False,False,-0.053715531027234587,-0.01623798982681901,0.013890824856907624,0.025758174945960777,-0.13673482396398529,0.2763626374280566,0.25854752826919525,0.5532846715328467
2025-05-09,3850.0,3994.60009765625,3850.0,3972.39990234375,3972.39990234375,422106,3972.39990234375,-0.00047810846212659186,4208.292492675781,-0.05605422882144828,3943.84298828125,0.007240885133448227,3799.005993652344,0.0456419150117493,4181.457001953125,-0.04999623325355873,5391.4501953125,-0.2632038211541893,5391.4501953125,-0.2632038211541893,0.2684563758389262,23.146741886755407,716964.1,615935.42,0.5887407751657301,0.6853088591657872,False,False,-0.01726783674021104,-0.01261449392438363,0.027601715735730892,0.02231256974582596,-0.13738177200597768,0.2760579302220128,0.2568637384725934,0.545985401459854
2025-05-12,4050.0,4050.0,3995.89990234375,4023.5,4023.5,330754,4023.5,0.012863784843540227,4206.774987792969,-0.0435666248669796,3951.8369873046877,0.018134101412970782,3802.356494140625,0.05815959292616402,4176.521000976562,-0.03663838897033744,5391.4501953125,-0.25372583363597423,5391.4501953125,-0.25372583363597423,0.3221476510067114,28.820119818909177,705872.9,611495.26,0.4685744416593979,0.5408938084000847,False,False,0.0012691861885809619,-0.0074867340738121735,0.07337700980698347,0.06526343658988609,-0.12766812691765794,0.27871190695491704,0.24981714391855384,0.4481751824817518
2025-05-13,4033.0,4107.0,4033.0,4064.10009765625,4064.10009765625,368484,4064.10009765625,0.010090741308872886,4203.015002441406,-0.033051251233808254,3961.184990234375,0.025980888970243532,3806.474494628906,0.06768089564001145,4171.777250976563,-0.025810858740146547,5391.4501953125,-0.2461953740777001,5391.4501953125,-0.2461953740777001,0.3731543624161074,23.46050916843636,691132.1,608220.06,0.5331600138381649,0.6058399323429089,False,False,0.014477920817288714,-0.018167253057169486,0.08564180517062914,0.08100704735213071,-0.11661522162583027,0.2701686888064212,0.2503993076455398,0.4569343065693431
2025-05-14,4090.10009765625,4098.2001953125,4010.10009765625,4049.199951171875,4049.199951171875,393288,4049.199951171875,-0.0036662843252723842,4198.9,-0.0356522062511907,3970.7509912109376,0.01975670600714574,3810.728493652344,0.06257896827778753,4166.697000732422,-0.028199086600223855,5391.4501953125,-0.24895903616203674,5391.4501953125,-0.24895903616203674,0.3503355704697987,14.27683615604461,682248.75,608670.54,0.576458366541529,0.6461426570768481,False,False,0.012350592964821772,-0.019920137680775718,0.0878950841745807,0.058932711210031075,-0.1311569094237769,0.27033944539670074,0.25018068371171975,0.4510948905109489
2025-05-15,4060.0,4120.89990234375,4040.0,4073.5,4073.5,263184,4073.5,0.006001197550417947,4191.939990234375,-0.028254218932116104,3981.6059912109376,0.023079633944672162,3816.033994140625,0.06746952628165892,4161.27224975586,-0.02109264774997821,5391.4501953125,-0.24445189096958886,5391.4501953125,-0.24445189096958886,0.38523489932885907,17.647983027164102,666941.2,606424.02,0.39461349816145713,0.43399336325760973,False,False,0.02496035778705874,-0.03304298641222769,0.10611780867560716,0.07464614568520234,-0.1525458989962033,0.2607683358609647,0.24906030688928654,0.4467153284671533
2025-05-16,4070.0,4196.0,4042.5,4189.7001953125,4189.7001953125,386496,4189.7001953125,0.028525885678777563,4190.35,-0.00015507169747164262,3995.25599609375,0.048668771014638956,3822.773996582031,0.09598427713972635,4156.364000244141,0.008020518671223442,5391.4501953125,-0.22289921198657092,5391.4501953125,-0.22289921198657092,0.4483221476510067,35.72859292695625,669684.8,604768.44,0.5771312115789398,0.6390809679155878,False,False,0.05470252197935577,-0.00753282119803389,0.13545090820791295,0.1165239376488083,-0.12690021556559639,0.2817059909267016,0.2550111545287453,0.5240875912408759
2025-05-19,4200.0,4247.7001953125,4190.0,4206.7998046875,4206.7998046875,301182,4206.7998046875,0.004081344386916097,4182.834985351563,0.005729324589629492,4011.3129931640624,0.04873387139237928,3829.8604956054687,0.0984211590773465,4152.039998779297,0.013188650861817974,5391.4501953125,-0.21972759604734415,5391.4501953125,-0.21972759604734415,0.46308724832214765,37.85302336202275,633710.65,594800.12,0.47526737952092174,0.506358337654673,False,False,0.04555730202249286,-0.03449548773267774,0.13804945345259023,0.161169206459723,-0.12299867078535232,0.25534978672738834,0.2550368668566208,0.5255474452554745
2025-05-20,4216.0,4233.7001953125,4063.199951171875,4071.5,4071.5,497090,4071.5,-0.03216216862441135,4169.294995117188,-0.023456002809040588,4023.678994140625,0.011884895869927359,3836.4924951171874,0.06125582291166043,4146.8332482910155,-0.018166452273445488,5391.4501953125,-0.24482284867624426,5391.4501953125,-0.24482284867624426,0.3812080536912752,33.821735965145294,630485.55,588595.98,0.7884240963175126,0.8445351597542342,False,False,0.0018207972653079274,-0.062363221534167734,0.10558975410852223,0.12670018126528992,-0.1325607025207699,0.2774480511644751,0.26438423923262455,0.6
2025-05-21,4090.0,4125.5,4070.0,4112.7001953125,4112.7001953125,194859,4112.7001953125,0.010119168687830138,4153.15,-0.009739548219423688,4037.765,0.018558582610057828,3843.0139965820313,0.07017570036703669,4142.260748291015,-0.007136333218692559,5391.4501953125,-0.23718108369280422,5391.4501953125,-0.23718108369280422,0.41073825503355704,43.47503131224999,590327.3,579745.02,0.33008637750617326,0.3361115546969252,False,False,0.015682170529081274,-0.07279734314064268,0.135634459564407,0.1357755733432866,-0.10536096626169256,0.2668361338938194,0.2620963229497983,0.583941605839416
2025-05-22,4112.7998046875,4128.0,4051.0,4082.699951171875,4082.699951171875,277337,4082.699951171875,-0.007294537096289688,4131.879992675781,-0.011902582260637562,4049.9289990234374,0.008091734980129273,3849.2444970703127,0.06064968184776176,4137.994497070313,-0.013362643652036321,5391.4501953125,-0.2427454945755586,5391.4501953125,-0.2427454945755586,0.3959731543624161,53.74652760525591,543010.25,576933.16,0.5107398985562427,0.4807090651540986,False,False,0.002258488074597942,-0.09436350952046058,0.11045526919680615,0.11575094219475224,-0.12246240587694357,0.2563451105157733,0.2614016192797131,0.5722627737226277
2025-05-23,4083.89990234375,4153.2998046875,4065.199951171875,4140.7998046875,4140.7998046875,269462,4140.7998046875,0.014230742942289432,4113.979992675781,0.006519188731949788,4061.9349951171876,0.019415576483896135,3855.53599609375,0.07398810668160438,4133.729497070312,0.0017103943599112714,5391.4501953125,-0.23196920036697277,5391.4501953125,-0.23196920036697277,0.42416107382550333,60.6471677068547,471535.9,566370.6,0.5714559591326981,0.4757697521728706,False,False,-0.011671572748739978,-0.07957677948393793,0.12369058471845329,0.13097980326049852,-0.11355637041744715,0.2650452429472078,0.2626239921662834,0.5868613138686132
2025-05-26,4145.0,4170.0,4120.0,4138.39990234375,4138.39990234375,139851,4138.39990234375,-0.0005795745887142711,4102.139978027344,0.008839270359038975,4072.8309912109376,0.016099099440735065,3861.236494140625,0.07178099777719305,4129.8729956054685,0.0020646898215403997,5391.4501953125,-0.23241433150179003,5391.4501953125,-0.23241433150179003,0.42013422818791946,61.71001178996574,451502.8,555530.98,0.30974558740278024,0.25174293610052134,False,False,-0.016259367100743494,-0.05412330462556958,0.14200558711346067,0.11350576420964376,-0.11627410607847555,0.25023790471266166,0.259791451588479,0.5576642335766423
2025-05-27,4139.7998046875,4149.5,4078.0,4094.0,4094.0,324619,4094.0,-0.010728760726725461,4088.4999877929686,0.0013452396290700719,4082.6359912109374,0.0027834979198555487,3866.290993652344,0.058895982408335934,4126.2557446289065,-0.00781719472208997,5391.4501953125,-0.24064957447637092,5391.4501953125,-0.24064957447637092,0.4053691275167785,57.810938062398755,433910.65,555466.86,0.7481240665560985,0.5844075018264816,False,False,0.005526218838266095,-0.06247133298729779,0.138265647838123,0.10362300307966255,-0.13002824434047067,0.2518411308327822,0.26040121820298767,0.5635036496350365
2025-05-28,4094.0,4101.89990234375,4040.0,4042.300048828125,4042.300048828125,254917,4042.300048828125,-0.012628224516823439,4075.114990234375,-0.00805251912765359,4090.848994140625,-0.011867694305518817,3871.0954931640626,0.044226383969703464,4121.917745361328,-0.019315692707066345,5391.4501953125,-0.2502388221368287,5391.4501953125,-0.2502388221368287,0.34429530201342284,55.40368554448929,427250.25,555450.04,0.5966456426883308,0.4589377651318559,False,False,-0.017117743365931304,-0.062111357580481474,0.13201158233950294,0.09892892457193425,-0.15764353310184365,0.2516469126037007,0.2614859359411434,0.5737226277372263
2025-05-29,4050.0,4070.0,4015.0,4042.300048828125,4042.300048828125,252344,4042.300048828125,0.0,4067.234997558594,-0.0061306879846962925,4098.21099609375,-0.013642769325180382,3875.9084936523436,0.04292969130934954,4117.036745605469,-0.018153031268695385,5391.4501953125,-0.2502388221368287,5391.4501953125,-0.2502388221368287,0.34429530201342284,55.57150813354449,399167.05,555181.78,0.6321764283900688,0.4545250026036517,False,False,-0.009895388548490813,-0.037524668963580865,0.14488424522498766,0.05547213226488634,-0.15672096597906326,0.23733098283149234,0.26002770942756726,0.5591240875912409
2025-05-30,4042.300048828125,4085.39990234375,3991.800048828125,4002.10009765625,4002.10009765625,448046,4002.10009765625,-0.009944821187514052,4065.2300048828124,-0.015529233807370368,4102.31099609375,-0.024427913566992254,3879.818493652344,0.03151735170188186,4112.146745605469,-0.026761362071239914,5391.4501953125,-0.2576950629840179,5391.4501953125,-0.2576950629840179,0.2993288590604027,48.26412185803561,389486.6,517637.3,1.1503502302774986,0.8655597268589416,False,False,-0.03349587364118356,-0.009920304289746884,0.1411097608846088,0.03947949303773424,-0.14567187583386698,0.19938250784860745,0.2606010286535288,0.564963503649635
2025-06-02,3990.0,4044.0,3981.300048828125,4025.5,4025.5,232097,4025.5,0.005846905817636472,4065.585009765625,-0.0098595920806821,4106.314995117187,-0.01968066142351088,3879.821494140625,0.03754773411080414,4107.324494628906,-0.019921604620211197,5391.4501953125,-0.2533548759293188,5391.4501953125,-0.2533548759293188,0.3275167785234899,46.77902899456551,330815.25,513777.46,0.7015909937646466,0.45174617041393755,False,False,-0.027281051857702354,0.0017668967322312934,0.18259670610437273,0.041809560390172695,-0.1128081560029155,0.19946792842444758,0.25212031036462595,0.48175182481751827
2025-06-03,4025.5,4058.5,4014.300048828125,4055.199951171875,4055.199951171875,310603,4055.199951171875,0.00737795334042346,4068.040002441406,-0.003156323748494394,4110.912993164063,-0.013552474130401615,3881.025993652344,0.044878327999967826,4102.531495361328,-0.01153715559355728,5391.4501953125,-0.24784616304207052,5391.4501953125,-0.24784616304207052,0.3610738255033557,50.48859973709135,326393.85,519989.52,0.951620258776322,0.5973254999446912,False,False,-0.009477295756747717,0.012256272264477452,0.17433105771813362,0.06560152911945716,-0.09369871734852198,0.20066799864095203,0.2511503775327351,0.472992700729927
2025-06-04,4061.60009765625,4085.0,4007.5,4074.5,4074.5,196473,4074.5,0.004759333463334459,4071.775,0.0006692413013980048,4115.498994140625,-0.009962095531792503,3883.4679931640626,0.04919108569253172,4098.256495361328,-0.005796732192877019,5391.4501953125,-0.2442664121162612,5391.4501953125,-0.2442664121162612,0.38791946308724834,50.08210187206701,316843.55,518204.84,0.6200946807975103,0.37914157652406333,False,False,0.007965749890637142,0.018675921361059222,0.19542897451622787,0.06410204829968058,-0.0898734799869424,0.20098150898578823,0.24901220215286227,0.44525547445255476
2025-06-05,4078.0,4244.7998046875,4074.5,4153.5,4153.5,783594,4153.5,0.019388882071419866,4080.734997558594,0.017831347167836187,4120.88099609375,0.007915541345933086,3886.5729931640626,0.06867927279519126,4094.222496337891,0.014478329820895253,5391.4501953125,-0.2296135827033724,5391.4501953125,-0.2296135827033724,0.42885906040268457,46.83453667450867,332339.3,528521.44,2.3578132348476393,1.4826153504766053,True,True,0.027509078947296928,0.045089688491112945,0.19542380198589715,0.08818677624989912,-0.06556883260916035,0.2090825703573239,0.24901096965733613,0.44379562043795623
2025-06-06,4166.0,4240.0,4143.5,4201.60009765625,4201.60009765625,354672,4201.60009765625,0.011580618190983438,4092.1950073242188,0.02673506275634896,4127.068999023438,0.01805908712707449,3890.4509936523436,0.07997764385454986,4090.1239978027343,0.027254943838720402,5391.4501953125,-0.22069203174514052,5391.4501953125,-0.22069203174514052,0.4577181208053691,49.56870365660241,328967.6,526983.64,1.0781365702883812,0.6730227906126269,False,False,0.04984882814820968,0.057698167593164484,0.18672506641893793,0.13302592625535103,-0.023371990044494195,0.21133438783228103,0.24744812889873444,0.42043795620437957
2025-06-09,4201.60009765625,4227.10009765625,4167.0,4179.10009765625,4179.10009765625,213415,4179.10009765625,-0.005355102693507363,4099.975012207031,0.01929891894795377,4132.548999023437,0.011264500104853692,3895.3794946289063,0.07283516366468223,4086.005997314453,0.02278364260918453,5391.4501953125,-0.22486530594501386,5391.4501953125,-0.22486530594501386,0.44161073825503355,60.97960180165816,323100.65,527071.64,0.6605217290649213,0.40490700656935363,False,False,0.03815677497360581,0.038672821587237394,0.1629285351984111,0.1330233981698703,-0.03914377922617529,0.20982346595557114,0.24673954463960002,0.4145985401459854
2025-06-10,4179.10009765625,4192.2001953125,3928.89990234375,4080.0,4080.0,3585928,4080.0,-0.023713262506401267,4100.770007324219,-0.0050649042221636575,4134.172998046875,-0.013103708546417514,3901.1049951171876,0.0458575211655996,4081.0099963378907,-0.0002474868571252786,5391.4501953125,-0.24324627842295876,5391.4501953125,-0.24324627842295876,0.3919463087248322,47.01586045438058,483972.85,584701.1,7.409357776991003,6.132925010744806,True,True,0.006115616770255183,0.00391228118444209,0.13215400624349627,0.11710427551238745,-0.10305028854080789,0.22617054625785113,0.252578546873649,0.49343065693430654
2025-06-11,4080.0,4134.2998046875,4051.0,4078.199951171875,4078.199951171875,688519,4078.199951171875,-0.0004411884382659048,4102.220007324218,-0.00585537979666062,4136.822998046875,-0.014171030982635169,3907.121994628906,0.0437861824581236,4075.9037451171876,0.0005633612072999394,5391.4501953125,-0.2435801494155333,5391.4501953125,-0.2435801494155333,0.38926174496644295,49.5670576739685,498734.4,590778.88,1.380532403620043,1.1654428133923813,False,False,0.0009080748979937159,0.007161908611504231,0.12296065447826776,0.1253932049840043,-0.16125251659789708,0.22571119555499308,0.252367689832559,0.48905109489051096
2025-06-12,4100.0,4105.0,4032.300048828125,4074.0,4074.0,769964,4074.0,-0.0010298541567752562,4102.245007324219,-0.006885256066809675,4137.002998046875,-0.015229140050567969,3912.1774951171874,0.041363794225794726,4070.9844946289063,0.0007407312346858763,5391.4501953125,-0.2443591515429251,5391.4501953125,-0.2443591515429251,0.3865771812080537,42.82955853402351,524073.4,591462.42,1.4691911476522181,1.301796993289954,False,False,-0.0191404839292163,0.00012274456855276838,0.10881281752252203,0.14988923246078412,-0.13079652024913224,0.22479700122888432,0.25163521780408066,0.4744525547445255
2025-06-13,4034.0,4078.5,3983.60009765625,4051.89990234375,4051.89990234375,303824,4051.89990234375,-0.005424668055044157,4095.3549926757814,-0.010610823825955906,4136.376997070312,-0.020422967922506863,3916.686994628906,0.03452226534830749,4066.736494140625,-0.0036482796016539254,5391.4501953125,-0.24845825231463659,5391.4501953125,-0.24845825231463659,0.3516778523489933,41.09165808444902,519939.8,579802.94,0.5843445721985507,0.5240125205298201,False,False,-0.03562932973940247,-0.0328902514606948,0.06710378924294735,0.15251584566912357,-0.1464742951511402,0.19864185300165335,0.24325441488309413,0.3927007299270073
2025-06-16,4034.800048828125,4096.89990234375,3983.60009765625,4087.0,4087.0,271737,4087.0,0.0086626270397121,4089.3650024414064,-0.0005783299949978504,4138.044995117188,-0.012335534093374956,3921.350495605469,0.042242973327726974,4062.374494628906,0.006061850133130875,5391.4501953125,-0.2419479264496649,5391.4501953125,-0.2419479264496649,0.40134228187919463,49.265015001158666,518467.55,577211.22,0.5241157329904254,0.4707756720321549,False,False,-0.022038260750897543,-0.028477657661296618,0.06841292129542786,0.1683318651558421,-0.1446927667156167,0.20102973973262955,0.24340271001481506,0.39416058394160586
2025-06-17,4087.0,4109.0,4041.0,4059.10009765625,4059.10009765625,232437,4059.10009765625,-0.006826499227734262,4088.745007324219,-0.007250368906563165,4136.797993164062,-0.01878213430682507,3925.7944970703124,0.033956336911017404,4057.87724609375,0.0003013525270330053,5391.4501953125,-0.24712276834433855,5391.4501953125,-0.24712276834433855,0.36644295302013424,51.856768721084535,505234.9,574045.78,0.46005729216251684,0.40491021465221816,False,False,-0.005122525084252483,-0.0030455366188750777,0.0611194013133034,0.1909456443108315,-0.13662807665104992,0.16674666213822406,0.24395021294008246,0.3970802919708029
2025-06-18,4102.2001953125,4240.0,4081.0,4228.39990234375,4228.39990234375,1806132,4228.39990234375,0.04170870405123894,4094.529992675781,0.03269481720916256,4138.209995117188,0.021794424964654002,3932.200495605469,0.07532662870810025,4054.1949951171873,0.04296904994366879,5391.4501953125,-0.21572123470229643,5391.4501953125,-0.21572123470229643,0.47114093959731546,64.96701529128606,585798.55,601642.2,3.083196433313124,3.00200351637568,True,True,0.03682996247614456,0.028132297891083846,0.0996567034323117,0.22188664885099652,-0.09393048645336688,0.2212265301908562,0.25765618546817326,0.5489051094890511
2025-06-19,4229.0,4254.0,4160.2998046875,4203.10009765625,4203.10009765625,741827,4203.10009765625,-0.0059833046239256005,4100.55,0.025008864092926464,4141.4739990234375,0.014880233136159715,3938.615495605469,0.06715166848499976,4050.1664965820314,0.03775983066456168,5391.4501953125,-0.22041381346514888,5391.4501953125,-0.22041381346514888,0.4604026845637584,66.56229933227436,609023.05,600099.7,1.2180606300533288,1.2361729225993614,False,False,0.03168878194802405,0.029490324521598943,0.08204618559489818,0.21489174231440233,-0.09739830440317676,0.2205848192159399,0.25751496050943995,0.5474452554744526
2025-06-20,4203.10009765625,4324.5,4161.10009765625,4300.2998046875,4300.2998046875,1012429,4300.2998046875,0.02312571786844919,4108.525,0.04667728800177695,4147.016997070313,0.03696218455952183,3945.634992675781,0.08988789197938418,4047.030744628906,0.06258145194343401,5391.4501953125,-0.20238532326120362,5391.4501953125,-0.20238532326120362,0.5033557046979866,70.1880665888018,646171.4,610896.92,1.566811839706926,1.6572828686057215,True,False,0.06130455053938211,0.038519128555657645,0.10485069077521403,0.22458101584027168,-0.09275422156540492,0.22945105890172915,0.2613209935292513,0.5708029197080292
2025-06-23,4269.10009765625,4358.60009765625,4255.39990234375,4335.7998046875,4335.7998046875,824556,4335.7998046875,0.008255238381589924,4118.394995117187,0.05278872226390874,4152.655991210938,0.04410281368458757,3953.1934912109373,0.0967841099423048,4043.7104931640624,0.07223299294477625,5391.4501953125,-0.19580082396807008,5391.4501953125,-0.19580082396807008,0.5261744966442953,70.43997619769993,680406.65,616336.48,1.2118576442484799,1.3378341648704617,False,False,0.060875900339490974,0.04769957157401694,0.11029159208742079,0.21507130355155546,-0.13960272801106455,0.23028054200166173,0.2616395727912292,0.5766423357664233
2025-06-24,4353.0,4356.7001953125,4239.39990234375,4250.60009765625,4250.60009765625,439985,4250.60009765625,-0.019650286191520983,4126.225,0.03014258739071418,4154.8819970703125,0.023037501583301312,3960.3699926757813,0.07328358348265795,4040.0604931640623,0.052112983171521465,5391.4501953125,-0.2116035679320829,5391.4501953125,-0.2116035679320829,0.4778523489932886,61.70412452968081,686174.95,611870.18,0.6412140227503205,0.71908227330183,False,False,0.04717794471503023,0.03825112302302158,0.06296890210900052,0.18448956815979867,-0.1384908121794105,0.23905324769172792,0.2611710185479722,0.5693430656934306
2025-06-25,4251.2998046875,4294.0,4236.7001953125,4276.39990234375,4276.39990234375,533866,4276.39990234375,0.006069685243202727,4137.929992675781,0.0334635699282162,4157.779995117187,0.028529625753615395,3967.5409912109376,0.07784643229068311,4035.9379931640624,0.05958017927603798,5391.4501953125,-0.20681824974256657,5391.4501953125,-0.20681824974256657,0.49395973154362416,58.789876759641146,700122.4,611128.4,0.7625323800524022,0.8735741948827774,False,False,0.011351811822101876,0.05791253758698378,0.08381274685462503,0.2006119811604885,-0.1203900424656128,0.23303086152353714,0.2596104367489791,0.5562043795620438
2025-06-26,4295.0,4333.39990234375,4268.0,4315.39990234375,4315.39990234375,326677,4315.39990234375,0.009119820617951468,4151.584985351563,0.03945840385544108,4159.833989257812,0.03739714457059229,3975.0139892578127,0.08563137488466843,4030.9742431640625,0.070560028921552,5391.4501953125,-0.199584574462786,5391.4501953125,-0.199584574462786,0.5154362416107383,58.24637432967381,703839.05,606275.24,0.4641359413064677,0.538826226847067,False,False,0.026718327443622236,0.0675605101592589,0.06159899196648211,0.21185057633916027,-0.10186586165325906,0.23376241218530103,0.2531447348180984,0.5007299270072992
2025-06-27,4322.89990234375,4348.89990234375,4290.0,4313.5,4313.5,251774,4313.5,-0.00044026101560556974,4167.15498046875,0.03511868894177472,4161.6739892578125,0.03648195681211064,3982.394990234375,0.08314218217368197,4026.0244921875,0.07140431171502959,5391.4501953125,-0.19993696617093937,5391.4501953125,-0.19993696617093937,0.5140939597315436,60.038849568431324,694025.45,604678.24,0.36277344008061957,0.4163768155440818,False,False,0.0030695988447388967,0.07780912389625505,0.05640185432555889,0.19451133542369425,-0.10761945803278539,0.22896411750438603,0.2530669229334476,0.4992700729927007
2025-06-30,4319.7998046875,4395.0,4313.5,4372.2998046875,4372.2998046875,811305,4372.2998046875,0.013631576373594578,4184.494970703125,0.04488112312220527,4161.977983398438,0.050534102325386465,3989.4714892578127,0.09595965692711528,4021.078991699219,0.0873449175490737,5391.4501953125,-0.18903084582160878,5391.4501953125,-0.18903084582160878,0.5436241610738255,73.23163566424557,722985.85,600491.04,1.1221588914914449,1.35106928489724,False,False,0.00841828535545841,0.08615074020308033,0.09209204167196683,0.08623170469197983,-0.08593355798275293,0.2315171236444817,0.25068103229117705,0.4656934306569343
2025-07-01,4389.0,4483.60009765625,4380.5,4452.39990234375,4452.39990234375,953859,4452.39990234375,0.0183199005636292,4204.354968261719,0.05899714366519948,4164.179985351562,0.06921408728874967,3993.75798828125,0.11483968618235685,4016.618991699219,0.10849446052640777,5391.4501953125,-0.1741739715568903,5391.4501953125,-0.1741739715568903,0.5677852348993289,76.44901389298724,755148.65,608336.38,1.263140707462034,1.5679795444750484,False,False,0.04747560345626756,0.09794830241529562,0.0802993342992846,0.1315585240088315,-0.07260989328395129,0.23668394545018803,0.24640605257019754,0.40875912408759124
2025-07-02,4495.5,4495.5,4340.0,4391.89990234375,4391.89990234375,772653,4391.89990234375,-0.013588177460913342,4220.224963378906,0.04067909660137947,4163.305981445313,0.054906826910444906,3998.198486328125,0.09846970263279586,4012.082990722656,0.09466825898152242,5391.4501953125,-0.18539544218321646,5391.4501953125,-0.18539544218321646,0.5516778523489932,70.81317472851019,783957.65,603828.96,0.9855800246352593,1.2795891737289316,False,False,0.027008699522394597,0.07789910475978656,0.056303840649645,0.14662032904901157,-0.10371220693135952,0.24550914006101254,0.24780202654688596,0.4233576642335766
2025-07-03,4349.5,4374.7998046875,4217.89990234375,4348.7001953125,4348.7001953125,1833798,4348.7001953125,-0.009836223045110004,4229.984973144531,0.028065164042348156,4160.117983398438,0.045330976829654146,4002.4869873046873,0.08649952119918214,4007.6337426757814,0.0851041972735258,5391.4501953125,-0.19340807430746565,5391.4501953125,-0.19340807430746565,0.5315436241610738,68.90933491448527,836467.85,616031.36,2.1923113960686,2.976793259356147,True,True,0.007716618093879024,0.04699655599193453,0.07643760994909776,0.13158995454397604,-0.07803038208247204,0.24291172567995611,0.2412402003663628,0.381021897810219
2025-07-04,4364.89990234375,4375.5,4251.0,4261.10009765625,4261.10009765625,488810,4261.10009765625,-0.02014397261753631,4232.959973144531,0.006647859816830248,4155.363989257812,0.0254456910806804,4006.440988769531,0.06356242600366624,4003.003994140625,0.0644756047941526,5391.4501953125,-0.209656039972142,5391.4501953125,-0.209656039972142,0.48456375838926175,60.396539045374155,843174.75,591828.58,0.5797256144114847,0.825931725027541,False,False,-0.012147885091862709,0.014161271567275202,0.05914524715419578,0.11728460934011675,-0.10025545608608122,0.2529215956773409,0.24499332679492958,0.40145985401459855
2025-07-07,4279.0,4297.0,4230.10009765625,4236.2998046875,4236.2998046875,247672,4236.2998046875,-0.0058201620239785035,4235.819958496094,0.00011328295255874643,4152.585981445312,0.020159443685510592,4011.3194873046873,0.05608636212967988,3998.161494140625,0.0595619538870229,5391.4501953125,-0.21425596987417683,5391.4501953125,-0.21425596987417683,0.47516778523489933,60.62095281130904,844887.6,585971.76,0.29314195166315615,0.4226688330509306,False,False,-0.03110491184849573,0.01368708709880595,0.04500652531200755,0.14921663063750423,-0.11260309435201232,0.2530776046479471,0.2450068754468195,0.4029197080291971
2025-07-08,4259.89990234375,4267.7001953125,4193.0,4213.0,4213.0,378622,4213.0,-0.005500036768341654,4242.469958496094,-0.006946415362842129,4149.509985351562,0.015300605341972418,4016.0144873046875,0.049050000521167814,3993.1272436523436,0.05506279738447506,5391.4501953125,-0.21857759093037388,5391.4501953125,-0.21857759093037388,0.4657718120805369,48.88114423480114,684522.3,580014.96,0.553118576268443,0.6527797145094327,False,False,-0.05376873317639985,0.03259803921568638,0.017804990889773054,0.20115755282335357,-0.12099144863429678,0.23745523753018521,0.24166667669501768,0.38248175182481753
2025-07-09,4213.0,4242.39990234375,4171.0,4190.89990234375,4190.89990234375,234783,4190.89990234375,-0.005245691349691439,4248.104956054687,-0.013466017036468103,4147.127983398437,0.010554754789468435,4020.7029858398437,0.042330139058594396,3987.7557421875,0.05094197671315115,5391.4501953125,-0.22267669170208548,5391.4501953125,-0.22267669170208548,0.44966442953020136,49.10947352513904,661835.5,576948.12,0.35474525014146263,0.40693953556864004,False,False,-0.04576607037258196,0.027634729174936812,0.014377321153031586,0.20549400326297995,-0.1210545465679761,0.2386421036637031,0.24190093287726194,0.38394160583941606
2025-07-10,4190.89990234375,4212.10009765625,4150.10009765625,4169.0,4169.0,294423,4169.0,-0.005225584684449891,4252.854956054687,-0.019717332690903255,4146.509985351562,0.005423841912328253,4025.565986328125,0.03563076947664379,3981.8882421875,0.04699071054533355,5391.4501953125,-0.22673866047679292,5391.4501953125,-0.22673866047679292,0.4375838926174497,39.2324116015197,638058.45,566556.42,0.46143578225474485,0.5196711035416384,False,False,-0.041322737195403914,0.023318605792832514,-0.010373440616810448,0.1682943734802571,-0.14096146460828785,0.23968753814729493,0.23877518691470842,0.37372262773722625
2025-07-11,4169.0,4185.0,4041.0,4064.199951171875,4064.199951171875,802558,4064.199951171875,-0.02513793447544377,4253.469958496094,-0.04449778866926313,4146.949985351563,-0.01995443264857033,4029.308986816406,0.00865929231777196,3975.606492919922,0.022284262391091048,5391.4501953125,-0.24617685336212125,5391.4501953125,-0.24617685336212125,0.374496644295302,29.999989213215528,662995.15,569774.48,1.2105035760819667,1.408553784297254,False,False,-0.04620875876459152,0.003035625046169166,-0.03726164842547075,0.12864660888975754,-0.16228831717957393,0.2565977526728019,0.24418568758004514,0.39854014598540144
2025-07-14,4090.0,4115.0,3930.0,4011.300048828125,4011.300048828125,2032633,4011.300048828125,-0.013016067855740387,4249.6849609375,-0.05609472567980345,4146.80798828125,-0.0326776498540724,4032.4569873046876,-0.005246661909394379,3969.1757421875,0.01061286004368478,5391.4501953125,-0.25598866658998753,5391.4501953125,-0.25598866658998753,0.3100671140939597,31.49835723084577,751039.95,582316.66,2.706424604976074,3.490597366731702,True,True,-0.053112330626461035,-0.01852213143427328,-0.07936472449052434,0.10789503459903593,-0.16541659110846296,0.2587285867573376,0.2357948332233109,0.35474452554744523
2025-07-15,4020.10009765625,4058.0,3991.699951171875,4026.699951171875,4026.699951171875,1541742,4026.699951171875,0.0038391299968321135,4248.064953613281,-0.05210960869445269,4147.219985351562,-0.029060439187064357,4035.8974877929686,-0.0022789321703320375,3962.351990966797,0.01623983945691232,5391.4501953125,-0.2531323103619102,5391.4501953125,-0.2531323103619102,0.3302013422818792,30.378742446618432,816505.2,605170.88,1.8882206751408321,2.547614320107405,True,False,-0.04422028218089846,-0.007982100885633003,-0.07268034629367048,0.11397903161130452,-0.16708213168145214,0.2582080229526621,0.23598213106206636,0.35912408759124087
2025-07-16,4026.800048828125,4127.89990234375,4012.5,4086.0,4086.0,759577,4086.0,0.014726711586957819,4240.944958496094,-0.03653547971323823,4148.943984375,-0.015171085609265389,4040.5424877929686,0.011250348769840768,3956.454490966797,0.032742828036813165,5391.4501953125,-0.24213340530299254,5391.4501953125,-0.24213340530299254,0.4,32.531218487769905,764177.45,612612.84,0.9939798668489891,1.2398972897793001,False,False,-0.02503040034076809,-0.03367701864358186,-0.07881686580378988,0.1388594526984861,-0.16593519331857332,0.21399714247463836,0.2336075388085807,0.34890510948905107
2025-07-17,4095.89990234375,4100.0,4049.0,4055.89990234375,4055.89990234375,168284,4055.89990234375,-0.007366641619248604,4233.584948730469,-0.04197035102366409,4150.575981445312,-0.02281034717224817,4044.335485839844,0.0028594107843911143,3950.743741455078,0.026616801232960396,5391.4501953125,-0.24771633690132577,5391.4501953125,-0.24771633690132577,0.3624161073825503,31.191576290401926,735500.3,606504.94,0.2288020820657721,0.2774651761286561,False,False,-0.02712883129197652,-0.035021815301182646,-0.10030837503976409,0.13878588026004923,-0.17957380023596003,0.2144267148086872,0.2310146878405502,0.33284671532846716
2025-07-18,4059.89990234375,4073.699951171875,4028.39990234375,4048.60009765625,4048.60009765625,247574,4048.60009765625,-0.0017997990244487116,4220.999963378907,-0.04084337058004872,4152.099985351562,-0.02492711834022676,4047.9714868164065,0.00015529033292116523,3945.475242919922,0.026137498878337606,5391.4501953125,-0.24907029630427946,5391.4501953125,-0.24907029630427946,0.348993288590604,24.44340700602467,697257.55,603014.3,0.35506822407301286,0.4105607445793574,False,False,-0.0038383577833386306,-0.05853073470758652,-0.10007106930212073,0.125126790829293,-0.1884702850546115,0.1933817464539026,0.2310133365560921,0.33138686131386863
2025-07-21,4039.800048828125,4049.800048828125,4002.60009765625,4023.699951171875,4023.699951171875,403439,4023.699951171875,-0.006150310201985532,4205.394970703125,-0.043205221102186164,4152.103984375,-0.030925052379788487,4051.9704858398436,-0.006976984350395399,3940.1122436523438,0.021214549827658802,5391.4501953125,-0.25368874692189325,5391.4501953125,-0.25368874692189325,0.32348993288590605,12.921634682589655,676201.7,604468.0,0.5966252377064418,0.6674282178709212,False,False,0.0030912427873284187,-0.07198207195318596,-0.08033923670903453,0.123954246861675,-0.20162308933690887,0.18903197858543047,0.22488493847454577,0.2934306569343066
2025-07-22,4042.699951171875,4084.0,4009.5,4033.300048828125,4033.300048828125,960660,4033.300048828125,0.0023858880564526785,4194.529968261719,-0.0384381374441366,4151.487983398438,-0.028468812879367533,4056.3364868164062,-0.005679124023155513,3935.506993408203,0.024848909069078218,5391.4501953125,-0.25190813181677807,5391.4501953125,-0.25190813181677807,0.33288590604026846,15.990147313318303,702235.45,616311.52,1.368002711910941,1.5587247176557726,False,False,0.00163908355136555,-0.05112220482654739,-0.07637166134829054,0.14162388501718914,-0.20658216489515902,0.18029154414182003,0.22500702190968438,0.29635036496350364
2025-07-23,4039.89990234375,4050.5,3995.10009765625,4043.89990234375,4043.89990234375,709291,4043.89990234375,0.0026280845430046718,4182.904968261719,-0.0332317054708835,4151.381982421875,-0.025890674607452424,4061.0664868164063,-0.004227112392369059,3931.0134924316408,0.028716871648863274,5391.4501953125,-0.24994208314125832,5391.4501953125,-0.24994208314125832,0.3476510067114094,19.187198464668725,711006.7,622631.58,0.9975869425703021,1.1391825001873501,False,False,-0.01030349918165685,-0.05436816137624889,-0.061740161869199506,0.136150323621965,-0.1929471441682321,0.17851205292385317,0.2237882064382191,0.28613138686131384
2025-07-24,4045.5,4069.199951171875,4012.89990234375,4021.0,4021.0,402668,4021.0,-0.005662826206572991,4168.184973144531,-0.035311526262111315,4150.331982421875,-0.03116184029847302,4065.9689868164064,-0.01105984501166013,3927.430743408203,0.023824546556000747,5391.4501953125,-0.2541895307692935,5391.4501953125,-0.2541895307692935,0.3181208053691275,22.07488343830039,714806.25,625421.26,0.5633246771415331,0.6438348450131036,False,False,-0.008604724767389493,-0.06822076957082412,-0.0425962300301288,0.12693026819545872,-0.1978615115820016,0.17312695162141167,0.21809739785455828,0.23941605839416058
2025-07-25,4021.800048828125,4027.10009765625,3951.10009765625,3997.0,3997.0,431585,3997.0,-0.005968664511315613,4152.359973144531,-0.037414861464161286,4146.477978515625,-0.03604938439083094,4070.8669873046874,-0.018145271642391436,3924.6949938964844,0.0184230892377526,5391.4501953125,-0.2586410232491584,5391.4501953125,-0.2586410232491584,0.28993288590604027,22.1160542378436,723796.8,626323.04,0.5962792319612354,0.6890773170343534,False,False,-0.012745170283951057,-0.07337429001970552,-0.011182017643330822,0.11791690696749257,-0.21089778391984604,0.17295581803242083,0.20444155245318757,0.20145985401459854
2025-07-28,3991.0,4019.39990234375,3941.0,3949.89990234375,3949.89990234375,325329,3949.89990234375,-0.011783862310795645,4131.239978027344,-0.043894829796400026,4141.33998046875,-0.04622660274883561,4076.326486816406,-0.031014832811243842,3922.1172424316405,0.0070835873062491395,5391.4501953125,-0.2673770953540626,5391.4501953125,-0.2673770953540626,0.25100671140939596,20.95383590339597,699498.0,626805.98,0.4650892497190843,0.5190266372378898,False,False,-0.018341339991475025,-0.0966081744648204,-0.0170465861200243,0.07783826766577806,-0.23428554065850316,0.1622857758667175,0.2055080383465465,0.2029197080291971
2025-07-29,3976.300048828125,4007.10009765625,3931.0,3999.0,3999.0,277427,3999.0,0.012430719479021635,4108.569982910156,-0.026668642220022742,4139.88998046875,-0.0340323006489166,4081.7844873046874,-0.020281444932275794,3918.885242919922,0.02044325161723415,5391.4501953125,-0.258270065542503,5391.4501953125,-0.258270065542503,0.29395973154362415,30.00625740841545,665676.4,622412.72,0.4167595546424659,0.44572835850784026,False,False,-0.00850421451736294,-0.10183269973235776,-0.001772321580382874,-0.0061509785647716475,-0.22670097276677914,0.15207883755016846,0.207035006479237,0.20875912408759123
2025-07-30,3999.0,4324.0,3999.0,4281.39990234375,4281.39990234375,3389361,4281.39990234375,0.0706176299934358,4103.044982910156,0.04346891642096806,4143.263974609375,0.03333988096845775,4090.5144873046875,0.04666538051179003,3917.254742431641,0.09295927476140231,5391.4501953125,-0.205890855475928,5391.4501953125,-0.205890855475928,0.49530201342281877,57.5904860324769,796511.8,686302.76,4.25525522660179,4.938579876904472,True,True,0.05873043491070362,-0.02515995411030003,0.07040348269362351,0.08448897410910328,-0.15580885324094795,0.3065664696368176,0.25248469044693767,0.491970802919708
2025-07-31,4235.0,4346.7998046875,4235.0,4267.39990234375,4267.39990234375,1085879,4267.39990234375,-0.0032699584994001496,4098.979968261719,0.04108825497711677,4146.957973632812,0.029043440873221193,4098.443486328125,0.04122453233263834,3915.728240966797,0.08981002759530754,5391.4501953125,-0.20848755942251596,5391.4501953125,-0.20848755942251596,0.487248322147651,65.6403938572461,759115.85,702473.6,1.4304522820857977,1.5457933223398004,False,False,0.06127826469628195,-0.018695308785918185,0.07374879850907323,0.08866405500947772,-0.16535790785261972,0.3049669699427335,0.25216375050923945,0.4846715328467153
2025-08-01,4267.89990234375,4310.0,4175.0,4196.0,4196.0,351617,4196.0,-0.016731476772199327,4095.724963378906,0.024482854077771954,4148.061977539062,0.011556727628591945,4104.998486328125,0.022168464610878402,3915.7902404785154,0.07155892995106972,5391.4501953125,-0.22173073143694488,5391.4501953125,-0.22173073143694488,0.45234899328859063,63.82278039726852,752256.2,704116.7,0.4674165530307361,0.4993731862914202,False,False,0.04978734050537903,-0.015277767751116,0.056288415857709495,0.08544378844715972,-0.16534057984950234,0.30232121630139963,0.25484146324766993,0.5226277372262774
2025-08-04,4196.0,4225.2001953125,4139.10009765625,4197.2001953125,4197.2001953125,279716,4197.2001953125,0.00028603320126308063,4093.769982910156,0.02526527206807505,4149.237983398438,0.011559281994902193,4111.034487304688,0.020959616922188617,3915.808492431641,0.07186043531616138,5391.4501953125,-0.22150812058661307,5391.4501953125,-0.22150812058661307,0.45369127516778524,63.03717739300882,753858.4,706914.0,0.3710458091333863,0.39568603818852083,False,False,0.06260925569835574,-0.009229660594780364,0.04317141675469127,0.1197162160322649,-0.14966723138770022,0.30169983999730166,0.2536493410973236,0.5051094890510949
2025-08-05,4200.0,4267.39990234375,4188.10009765625,4257.7998046875,4257.7998046875,366011,4257.7998046875,0.014438103153306514,4096.009973144532,0.03949937441650353,4152.513979492188,0.02535471902449493,4117.574985351563,0.03405519506864918,3916.2284924316405,0.08721945435920486,5391.4501953125,-0.21026817452763114,5391.4501953125,-0.21026817452763114,0.48053691275167787,63.110491567978215,753227.85,707741.84,0.4859233497539954,0.5171532602905037,False,False,0.06471613020442613,0.01063370631082372,0.047661155576103065,0.1373847481467878,-0.1473827603800103,0.3054177093627861,0.25448250649725973,0.5167883211678832
2025-08-06,4284.0,4284.0,4222.5,4242.0,4242.0,256136,4242.0,-0.003710790880798509,4098.564978027343,0.03499640062842002,4156.507978515625,0.020568232258008523,4123.678486328125,0.02869319566599704,3916.9999926757814,0.08297166401121303,5391.4501953125,-0.21319870418387044,5391.4501953125,-0.21319870418387044,0.47651006711409394,64.51866654679932,754295.5,707766.22,0.33956983702010685,0.36189350771784506,False,False,-0.009202574681748676,0.012193108603637315,0.04761435620691601,0.13969450822822216,-0.13599612374498582,0.3050698194001188,0.2544859343027951,0.5182481751824818
2025-08-07,4241.89990234375,4290.0,4207.10009765625,4263.5,4263.5,244170,4263.5,0.005068363979255031,4103.289978027344,0.03904428466683152,4160.931977539062,0.024650252158556096,4129.571486816406,0.03243157640233596,3918.383992919922,0.08807610680925193,5391.4501953125,-0.20921090883732474,5391.4501953125,-0.20921090883732474,0.48590604026845635,66.40207834567143,751782.85,707602.74,0.3247879357716128,0.34506649875324114,False,False,-0.0009138825591686883,0.02266730630846725,0.04664293605007974,0.15771039088951788,-0.11498825578965144,0.30457158127418743,0.25441323792582,0.5138686131386861
2025-08-08,4220.0,4280.0,4163.0,4170.10009765625,4170.10009765625,281763,4170.10009765625,-0.021906861110296716,4108.584985351563,0.014972335371912227,4164.291977539063,0.0013947437279888675,4133.301486816406,0.008902958314852327,3919.367243652344,0.06397278907966153,5391.4501953125,-0.22653461562496324,5391.4501953125,-0.22653461562496324,0.4389261744966443,60.11610523158459,725743.1,704277.08,0.38824068737270806,0.4000740731190628,False,False,-0.006172522007566683,0.02605682489953276,-0.004678162336813285,0.13013908453383416,-0.15067512971789,0.30104849517697674,0.251992580486239,0.4802919708029197
2025-08-11,4150.10009765625,4222.7998046875,4150.10009765625,4184.5,4184.5,244806,4184.5,0.0034531311015395527,4117.244982910156,0.01633495635285387,4167.471977539062,0.004085935683002084,4136.893486328125,0.01150779294395865,3920.2637438964844,0.06740267322955229,5391.4501953125,-0.22386373825021355,5391.4501953125,-0.22386373825021355,0.44563758389261743,60.378921161325046,636351.75,704531.26,0.3847023285470654,0.34747358122902877,False,False,-0.0030258731348301593,0.043178009389368555,-0.005300895151381324,0.13201677262275124,-0.1661851150742254,0.29618716147887686,0.2519528750539419,0.47883211678832116
2025-08-12,4184.5,4273.39990234375,4184.5,4252.5,4252.5,278164,4252.5,0.016250448082208102,4128.534985351563,0.030026393160837106,4171.417978515625,0.01943752026336809,4141.165485839843,0.026884826153615426,3920.745743408203,0.08461509067492146,5391.4501953125,-0.21125117622392953,5391.4501953125,-0.21125117622392953,0.4791946308724832,63.27311524081334,573172.85,703882.48,0.48530561068968986,0.3951852871803259,False,False,-0.001244728481988644,0.056075707543695064,0.04445536043227305,0.15473914511764475,-0.14610150065029326,0.30030372947184064,0.24496812936686863,0.4
2025-08-13,4255.0,4340.0,4247.2998046875,4334.60009765625,4334.60009765625,470225,4334.60009765625,0.019306313381834306,4140.964990234375,0.04676086561430104,4176.61998046875,0.03782487224747921,4146.0594873046875,0.04547465151642838,3922.118243408203,0.10516813330176733,5391.4501953125,-0.19602334425255552,5391.4501953125,-0.19602334425255552,0.5234899328859061,68.55622951890112,558705.25,709357.52,0.8416334015117989,0.6628885812051446,False,False,0.021829348810997073,0.060841923068098325,0.0539547965583933,0.19690738579490552,-0.13133399573243798,0.3031232364329742,0.24716813785176878,0.41897810218978104
2025-08-14,4334.60009765625,4394.89990234375,4327.10009765625,4358.2001953125,4358.2001953125,646059,4358.2001953125,0.0054445847655035795,4156.080004882812,0.048632410875686816,4180.713984375,0.04245356453487048,4150.797490234375,0.04996695347486435,3923.6482446289065,0.11075201536693635,5391.4501953125,-0.1916460252008524,5391.4501953125,-0.1916460252008524,0.5355704697986577,71.38292460138518,582594.0,706606.82,1.1089352104553085,0.9143118658265994,False,False,0.02221184362906059,0.07453346982110243,0.06747991462403369,0.18538869595601515,-0.13075903205430484,0.3006427285408667,0.24672206171625696,0.4131386861313869
2025-08-18,4446.0,4592.89990234375,4401.5,4558.0,4558.0,1589953,4558.0,0.045844567879739895,4181.55,0.09002642560772922,4187.841982421875,0.08838872601493386,4157.455490722657,0.09634366745985767,3926.5007446289064,0.16083003581112942,5391.4501953125,-0.1545873865323153,5391.4501953125,-0.1545873865323153,0.5865771812080537,80.48734154594268,649712.95,731312.44,2.4471622429566784,2.174109057956132,True,True,0.09301932645735866,0.12582124439473374,0.10075352950901362,0.23690637720488472,-0.07536261284105894,0.3345943046751688,0.2618910141938911,0.5781021897810219
2025-08-19,4584.89990234375,4661.60009765625,4561.2998046875,4653.2001953125,4653.2001953125,856309,4653.2001953125,0.02088639651437041,4213.025012207031,0.10447960356990116,4197.323984375,0.10861115621156459,4164.936491699219,0.11723196850333673,3929.94099609375,0.18403818274565675,5391.4501953125,-0.13692976346917907,5391.4501953125,-0.13692976346917907,0.610738255033557,81.34946150512756,672356.45,744170.32,1.2735937909125437,1.1506895356966131,False,False,0.11200864985362657,0.1564481079055826,0.12439597552599913,0.2840664861785809,-0.06191150161625103,0.3351764609907089,0.2647607011727417,0.6058394160583942
2025-08-20,4651.5,4759.89990234375,4630.10009765625,4737.89990234375,4737.89990234375,1269103,4737.89990234375,0.018202463568314675,4248.2550048828125,0.11525788750867227,4210.481982421875,0.1252630748982575,4172.327490234375,0.13555321662384778,3933.9682458496095,0.2043564173000887,5391.4501953125,-0.12121975893183023,5391.4501953125,-0.12121975893183023,0.6281879194630873,76.98950110624068,687778.6,697833.82,1.8452202496559214,1.8186321207533336,True,False,0.11414459784685471,0.17469562020815843,0.15727892094375906,0.31729084067745217,-0.05643955018961222,0.33667425105602455,0.2654158246130071,0.6102189781021898
2025-08-21,4737.89990234375,4749.60009765625,4673.0,4691.89990234375,4691.89990234375,873600,4691.89990234375,-0.009708942980674817,4280.655004882812,0.09607055392033303,4222.7559814453125,0.11109898913407368,4179.789489746094,0.12252062307299716,3937.774245605469,0.19151063766031795,5391.4501953125,-0.12975178618490468,5391.4501953125,-0.12975178618490468,0.614765100671141,74.18254402713059,695994.05,701535.44,1.2551831441662467,1.245268521288105,False,False,0.08242970438742314,0.16024135504057213,0.16070055306852993,0.3139264697014428,-0.0621265078526928,0.3422288142998332,0.2647683563094588,0.6072992700729927
2025-08-22,4708.0,4730.0,4636.7998046875,4698.7998046875,4698.7998046875,449652,4698.7998046875,0.0014705987952350341,4314.544995117188,0.08906033197131502,4235.251977539063,0.10944988151986812,4186.127487792969,0.12246935106241219,3941.260244140625,0.19220744473118478,5391.4501953125,-0.12847200021011274,5391.4501953125,-0.12847200021011274,0.6174496644295302,80.91492177405021,698343.25,695129.2,0.6438839352997254,0.646861043961324,False,False,0.07815143731610474,0.16856498500062167,0.16240747790350096,0.3308220079834312,-0.07489375807160825,0.3394672742223392,0.26472332168515883,0.6043795620437956
2025-08-25,4714.5,4750.5,4700.10009765625,4725.2998046875,4725.2998046875,853238,4725.2998046875,0.005639738039820985,4350.959985351563,0.08603614388462133,4248.719975585937,0.11217021405037131,4192.548486328125,0.1270709975320914,3945.157492675781,0.19774681073190603,5391.4501953125,-0.12355681059692858,5391.4501953125,-0.12355681059692858,0.6241610738255033,81.4907706874845,719425.9,706117.48,1.1859984468171079,1.2083513355313056,False,False,0.036704652191202225,0.18221160987928453,0.1807050521936664,0.3473140597839641,-0.07337073141118733,0.33559658981557533,0.26348123222652264,0.5897810218978102
2025-08-26,4751.7998046875,4799.10009765625,4696.2001953125,4716.39990234375,4716.39990234375,911518,4716.39990234375,-0.0018834577088465698,4389.284985351563,0.07452578679303667,4261.307973632813,0.10679630093080705,4199.676484375,0.1230388626103065,3949.1067419433593,0.19429537121673368,5391.4501953125,-0.12520755427837582,5391.4501953125,-0.12520755427837582,0.6214765100671141,79.143397057774,748735.35,718913.1,1.2174101302950369,1.2679112398981185,False,False,0.013581987530842943,0.19405555050779455,0.17163082905073912,0.38556675920573946,-0.06750895908732524,0.3293992700159233,0.26358889408376407,0.5912408759124088
2025-08-28,4805.0,4805.0,4671.39990234375,4699.89990234375,4699.89990234375,648948,4699.89990234375,-0.0034984310791373874,4424.32998046875,0.06228511957550764,4274.123969726563,0.0996171228614191,4205.460981445312,0.11757068323304498,3952.9947412109377,0.18894666196899856,5391.4501953125,-0.12826795535828306,5391.4501953125,-0.12826795535828306,0.6187919463087248,79.07302769904992,767311.4,727243.32,0.8457426802208334,0.8923395817509882,False,False,-0.008020431157948704,0.17526879278413343,0.15898105122672668,0.3610274437623562,-0.0411302861687749,0.332108873627511,0.26372037565485856,0.5941605839416059
2025-08-29,4720.0,4800.5,4680.0,4755.60009765625,4755.60009765625,591567,4755.60009765625,0.011851357788433603,4448.039990234375,0.0691450859473206,4284.667973632812,0.10991099588614128,4211.438984375,0.12921025694546695,3957.3272412109377,0.2017202035081238,5391.4501953125,-0.11793674700159129,5391.4501953125,-0.11793674700159129,0.6295302013422819,79.94403511680545,627421.7,702952.02,0.942853905116766,0.8415467673028381,False,False,0.013576631351551072,0.11075821136280917,0.167161638889741,0.395258841072643,-0.04109364211407651,0.23807887000799302,0.264368650604711,0.5985401459854015
2025-09-01,4753.0,4829.0,4720.0,4734.89990234375,4734.89990234375,564620,4734.89990234375,-0.004352804038906033,4471.414990234375,0.058926517150572844,4295.303969726562,0.10234338144994481,4218.388984375,0.12244269551288811,3961.629240722656,0.19519006313676113,5391.4501953125,-0.12177619549181329,5391.4501953125,-0.12177619549181329,0.625503355704698,87.70359176819092,601358.75,699407.88,0.9389070999632083,0.8072828690463139,False,False,0.007682833735592753,0.10955148584580487,0.1399783080158301,0.3627572031497337,-0.04510389350780053,0.2386305556222148,0.26244286425819346,0.5854014598540146
2025-09-02,4749.89990234375,4772.0,4670.0,4680.0,4680.0,395168,4680.0,-0.011594733463441309,4495.614990234375,0.0410144129704515,4302.897973632813,0.08763908153946098,4224.957485351562,0.10770345411193483,3965.600740966797,0.1801490633318359,5391.4501953125,-0.1319589664263351,5391.4501953125,-0.1319589664263351,0.6134228187919463,81.38062064597847,603536.3,687062.66,0.6547543204940613,0.575155692495354,False,False,-0.009586651971280724,0.11534795042898005,0.11386136024954219,0.3218471967236267,-0.05737335308284908,0.2329648966916697,0.2632456854479184,0.5883211678832116
2025-09-03,4680.0,4780.0,4675.5,4758.5,4758.5,406023,4758.5,0.016773504273504214,4523.67998046875,0.05190906972754461,4311.351977539062,0.1037141074981709,4232.003984375,0.12440820414368181,3970.508240966797,0.19846118209827246,5391.4501953125,-0.11739887644011016,5391.4501953125,-0.11739887644011016,0.6308724832214765,81.625,609851.65,678692.0,0.665773389315254,0.5982433858068167,False,False,0.008926320610626926,0.13373195906032032,0.13864226479492392,0.3241595811129623,-0.049972012148150946,0.23534007408427815,0.26453263800593413,0.6014598540145986
2025-09-04,4949.0,4949.5,4781.5,4829.2998046875,4829.2998046875,999705,4829.2998046875,0.014878597181359643,4552.25498046875,0.06085881072290533,4322.925971679688,0.1171368273075144,4238.903984375,0.13928030040047035,3975.856989746094,0.21465631614579506,5391.4501953125,-0.10426700985084714,5391.4501953125,-0.10426700985084714,0.6469798657718121,81.36172757647854,641536.35,689886.4,1.5582982943990626,1.4490864003117034,True,False,0.027532480485216393,0.13422425342093902,0.18365191291360294,0.34007625520291374,-0.019919103539264738,0.23554475892415117,0.2601093736403555,0.5605839416058395
2025-09-05,4850.0,4898.5,4767.2001953125,4793.2998046875,4793.2998046875,247794,4793.2998046875,-0.00745449681236543,4579.819970703125,0.04661314971985675,4333.263969726562,0.1061638151229376,4245.521982421875,0.12902484654034074,3980.70423828125,0.20413362002425584,5391.4501953125,-0.11094424857064455,5391.4501953125,-0.11094424857064455,0.6389261744966444,77.15639879755122,641119.25,684164.96,0.3865021990838678,0.36218458191720315,False,False,0.007927434236917774,0.12996223589992928,0.17534693297962023,0.319868361097819,-0.041311297125802504,0.23804212247355655,0.2608951003170598,0.5664233576642336
2025-09-08,4810.0,4814.89990234375,4690.60009765625,4714.2001953125,4714.2001953125,214159,4714.2001953125,-0.016502120167331547,4602.35498046875,0.024301735810990932,4341.239975585938,0.0859109889856351,4250.536982421875,0.10908344399968928,3985.3224890136717,0.18289052098246095,5391.4501953125,-0.12561555341618902,5391.4501953125,-0.12561555341618902,0.6201342281879194,61.47856627182161,639618.7,681914.6,0.3348229187170419,0.31405545503791826,False,False,-0.004371730650737482,0.10571131589363203,0.1571429050840698,0.28305488486246366,-0.05348751096662252,0.2513828485802198,0.2637828989185742,0.5970802919708029
2025-09-09,4726.10009765625,4778.0,4691.5,4759.7998046875,4759.7998046875,184352,4759.7998046875,0.00967281988158697,4631.8399658203125,0.027626135577101252,4350.165971679688,0.09416510442925574,4255.91998046875,0.11839504185491112,3990.35923828125,0.19282488629712136,5391.4501953125,-0.11715779015712269,5391.4501953125,-0.11715779015712269,0.6322147651006711,58.4495725595955,634748.15,680566.16,0.29043330019945707,0.2708803505598926,False,False,0.017051240317841776,0.1414114033767877,0.17470814171255267,0.2535355092760061,-0.06687057268062091,0.2304115945578846,0.26364337851724257,0.5927007299270073
2025-09-10,4778.0,4789.7998046875,4613.0,4631.2998046875,4631.2998046875,341652,4631.2998046875,-0.026996933752014507,4654.179956054688,-0.004916043552940619,4355.345971679688,0.06335979616824505,4258.661977539063,0.08750115156210914,3995.401237792969,0.15915762373988684,5391.4501953125,-0.14099182280973288,5391.4501953125,-0.14099182280973288,0.6040268456375839,42.09900411051413,639590.45,671173.1,0.5341730790383128,0.5090370874518064,False,False,-0.026731153790585216,0.10677495631198464,0.1331783226541472,0.21070236205557058,-0.12751148895727205,0.25965811210903006,0.2703126827746665,0.618978102189781
2025-09-11,4642.2998046875,4646.0,4562.60009765625,4589.7001953125,4589.7001953125,381814,4589.7001953125,-0.008982275199047929,4671.039965820312,-0.017413631889901304,4358.091977539062,0.05314440791224939,4261.135981445313,0.07710718815308581,4000.2814892578126,0.14734430755372774,5391.4501953125,-0.1487076706554884,5391.4501953125,-0.1487076706554884,0.5946308724832214,42.37541773917047,644772.95,659732.2,0.592168142289468,0.5787408891062161,False,False,-0.04961373678694281,0.07929457855673139,0.13071865312279973,0.19982750025544993,-0.13458220096624163,0.2608752639186077,0.27065693010336256,0.6204379562043796
2025-09-12,4632.0,4634.0,4587.0,4616.60009765625,4616.60009765625,384352,4616.60009765625,0.005860927990726461,4685.139965820313,-0.0146292039648942,4362.585981445312,0.05822558392918675,4262.945981445312,0.08296002758426568,4005.2592395019533,0.15263452915230413,5391.4501953125,-0.1437183076141424,5391.4501953125,-0.1437183076141424,0.6013422818791946,44.04521455904274,640479.3,651966.18,0.6001005809243171,0.5895275119945639,False,False,-0.03686389632011966,0.06505790468478967,0.09180782430188916,0.20061379285341996,-0.13891890518405625,0.2546698321855363,0.25797458347758895,0.5518248175182482
2025-09-15,4616.0,4697.5,4575.0,4651.0,4651.0,384078,4651.0,0.007451349828029086,4699.779956054687,-0.010379199986128018,4368.631977539062,0.06463534211915967,4264.37498046875,0.09066393581756516,4010.2184899902345,0.15978718157357208,5391.4501953125,-0.13733785317283853,5391.4501953125,-0.13733785317283853,0.6093959731543624,44.678416401693774,627380.25,622971.78,0.6121933229488815,0.6165255190211023,False,False,-0.01340634523229245,0.06718365186675523,0.10656417690207043,0.19735354673284355,-0.12974326678654124,0.25499572501369744,0.25775858183563044,0.5503649635036496
2025-09-16,4667.0,4715.0,4655.0,4696.2001953125,4696.2001953125,239708,4696.2001953125,0.009718382135562198,4706.689965820313,-0.0022286937495328285,4377.333979492188,0.07284484513043799,4266.348984375,0.10075387937362335,4015.393240966797,0.16954926043103646,5391.4501953125,-0.12895417277608767,5391.4501953125,-0.12895417277608767,0.6161073825503356,48.62474560336798,559868.0,617989.74,0.42815092128858945,0.3878834622723672,False,False,-0.013361824443197445,0.03032035877852124,0.09206343943588591,0.2065670454310946,-0.1137740165750799,0.2019195958381686,0.2544679316849702,0.5153284671532846
2025-09-17,4712.0,4755.10009765625,4693.2998046875,4717.2998046875,4717.2998046875,299305,4717.2998046875,0.004492910970034902,4709.894946289062,0.0015721918392834766,4386.9539794921875,0.07530186702199049,4269.76998046875,0.10481356753780413,4020.396989746094,0.1733417910516888,5391.4501953125,-0.1250406414235502,5391.4501953125,-0.1250406414235502,0.6228187919463087,51.17726230269665,532017.8,619022.4,0.5625845601406569,0.4835123898585899,False,False,0.018569300979598857,0.013775381819929544,0.0879883798111607,0.2079843503931469,-0.09950272870052335,0.1890992263227537,0.25416385905713373,0.5109489051094891
2025-09-18,4768.0,4818.0,4745.7998046875,4760.2998046875,4760.2998046875,420160,4760.2998046875,0.009115384177463381,4711.01494140625,0.010461623215853866,4397.899975585938,0.08240292664984472,4273.70498046875,0.11385784148473888,4025.65048828125,0.18249207638487963,5391.4501953125,-0.11706505073045881,5391.4501953125,-0.11706505073045881,0.6335570469798658,50.323538329459836,489570.65,619853.16,0.8582213823479818,0.6778379576220923,False,False,0.03717009872436439,0.004727812491916339,0.11991241126454,0.19043206626011155,-0.08227220020412163,0.18053411482585155,0.25073875361550574,0.46715328467153283
2025-09-19,4773.0,4798.0,4728.0,4775.2998046875,4775.2998046875,456609,4775.2998046875,0.0031510620371493214,4715.1849365234375,0.01274920686533787,4409.5879736328125,0.08293560152138157,4278.357978515625,0.11615246519046285,4031.134987792969,0.18460429113587162,5391.4501953125,-0.11428286793054321,5391.4501953125,-0.11428286793054321,0.6348993288590604,52.80321998123033,468721.1,624289.68,0.9741592601655867,0.7314056512995697,False,False,0.03437588348010001,0.0177752944605849,0.11666352860739715,0.21025416625236115,-0.08251998465208743,0.17681302075520808,0.25060822397401333,0.4642335766423358
2025-09-22,4785.39990234375,4789.7998046875,4655.2998046875,4671.2001953125,4671.2001953125,253711,4671.2001953125,-0.021799596597644855,4713.804956054688,-0.009038295207243086,4419.631977539062,0.05692062575615542,4283.070981445312,0.0906193746376378,4035.34173828125,0.15757239368333598,5391.4501953125,-0.1335911441092804,5391.4501953125,-0.1335911441092804,0.6120805369127517,49.42843405774395,458924.05,623475.44,0.5528387540378413,0.4069302232658916,False,False,0.004343194003977535,-0.005873757240618449,0.08244897368040216,0.14912673931426812,-0.10510836366548104,0.19431571375279835,0.2548116469493292,0.5211678832116788
2025-09-23,4695.7998046875,4711.7001953125,4572.5,4633.89990234375,4633.89990234375,398679,4633.89990234375,-0.007985162572604065,4709.2349609375,-0.01599730300540203,4431.0259765625,0.04578486491713951,4288.987980957031,0.08041802003598897,4039.2607373046876,0.1472148503678552,5391.4501953125,-0.14050955967791168,5391.4501953125,-0.14050955967791168,0.6053691275167785,41.44932645028814,436196.1,615397.86,0.9139902901470234,0.6478394318758275,False,False,-0.013266106719840187,-0.019342667369609323,0.07427840555088672,0.13486969968586138,-0.11990052980906285,0.19488138517377898,0.2555183597811954,0.5328467153284672
2025-09-24,4630.0,4754.60009765625,4606.39990234375,4645.7998046875,4645.7998046875,484648,4645.7998046875,0.002568010227784967,4705.7049560546875,-0.01273032455851475,4443.715971679688,0.04547631628477511,4295.261979980469,0.08161034794637256,4043.1699865722658,0.14904884536554786,5391.4501953125,-0.13830237943648116,5391.4501953125,-0.13830237943648116,0.6080536912751678,36.29979978739258,414852.6,584438.16,1.1682414428642849,0.8292545442275706,False,False,-0.015156976016014845,-0.014969065201864251,0.06255289257767349,0.16040555783960553,-0.13040714933317732,0.19522499064950272,0.25424434418967584,0.5124087591240876
2025-09-25,4640.0,4651.7001953125,4565.10009765625,4576.2001953125,4576.2001953125,454357,4576.2001953125,-0.014981189956738028,4699.519970703125,-0.026240930171464782,4454.7059765625,0.027273229566489032,4300.9629809570315,0.06399432303279773,4047.0232373046874,0.1307570841526089,5391.4501953125,-0.15121163517541247,5391.4501953125,-0.15121163517541247,0.5892617449664429,34.56559984559351,405123.05,562690.46,1.121528385017836,0.8074723712216483,False,False,-0.03867395267703855,-0.02631964714175361,0.027805295050784107,0.11033737603264182,-0.1399008818072175,0.20157416489157964,0.25379020488005244,0.5065693430656935
2025-09-26,4589.89990234375,4629.2998046875,4510.0,4517.7998046875,4517.7998046875,504865,4517.7998046875,-0.012761764811954901,4687.629956054688,-0.036229427868518016,4463.34197265625,0.012201133671781106,4306.142978515625,0.049152298757352275,4050.4669860839845,0.11537751578005961,5391.4501953125,-0.16204367266242758,5391.4501953125,-0.16204367266242758,0.5785234899328859,35.61377204816726,400787.95,557596.22,1.2596810857212648,0.9054311738339977,False,False,-0.053923315924004234,-0.05000426614633713,0.028666387017737716,0.08658425535403036,-0.14717465231006444,0.19926797455215436,0.25359871896819447,0.5036496350364964
2025-09-29,4500.0,4571.0,4483.7998046875,4529.89990234375,4529.89990234375,429367,4529.89990234375,0.0026783164769044188,4677.379956054688,-0.03153048396678371,4472.82197265625,0.012761055556522294,4311.698977050782,0.050606715926680534,4054.0319860839845,0.11738139163510475,5391.4501953125,-0.15979936042399312,5265.5,-0.13970185123088974,0.5812080536912752,32.290847817174495,394025.3,562817.88,1.0896939866551716,0.7628879878514165,False,False,-0.03024924795784678,-0.04329552983760565,0.04166755556673385,0.12129013387577414,-0.15979936042399312,0.19995631083649865,0.2526954595994941,0.4948905109489051
2025-09-30,4530.0,4566.89990234375,4419.89990234375,4475.39990234375,4475.39990234375,733529,4475.39990234375,-0.012031170925388857,4667.149951171875,-0.041085041370907405,4481.35796875,-0.0013295225348649575,4316.728977050781,0.03675721272670063,4057.8674853515627,0.10289454214545724,5391.4501953125,-0.16990795793035307,5198.0498046875,-0.13902327401558912,0.5731543624161074,36.44582328284102,410943.35,572536.98,1.7849881254922364,1.2811906053649147,True,False,-0.03420445053632537,-0.04371796958466878,0.05029213108731523,0.11241191876458156,-0.15005224530552652,0.20023597095740991,0.25035922084124557,0.4554744525547445
2025-10-01,4475.39990234375,4529.7001953125,4422.0,4449.89990234375,4449.89990234375,507811,4449.89990234375,-0.005697814844802029,4651.719946289062,-0.04338611229300582,4489.881967773437,-0.008904925723362545,4320.992976074219,0.029832709051669903,4061.674735107422,0.09558253492843027,5391.4501953125,-0.17463766869020958,5102.2998046875,-0.12786389026853895,0.5664429530201343,37.4954906007961,416032.75,574624.42,1.2206034260523961,0.8837268001941163,False,False,-0.042167099440249656,-0.06485238996663867,0.05042138363764992,0.09769720022861184,-0.14392895998593225,0.18754470929671935,0.25034523913336826,0.454014598540146
2025-10-03,4445.0,4445.0,4387.10009765625,4418.39990234375,4418.39990234375,477671,4418.39990234375,-0.007078810915141953,4631.174951171875,-0.04594407489924013,4497.58396484375,-0.01760591088881458,4324.535974121094,0.021704971073048585,4065.505234375,0.08680216790398543,5391.4501953125,-0.1804802525700323,5096.2998046875,-0.13301805787018806,0.5583892617449664,32.41657800896165,389931.05,564964.64,1.2250140120926507,0.8454883123304849,False,False,-0.03448282116905377,-0.08508477811729875,0.04875383392920729,0.06742688638793126,-0.13403757688159545,0.17513203532998645,0.25053955018633883,0.46131386861313867
2025-10-06,4375.0,4388.10009765625,4269.0,4301.60009765625,4301.60009765625,1191976,4301.60009765625,-0.026434864944104186,4606.5899658203125,-0.0662072965961823,4502.73796875,-0.04467012570788953,4327.0599755859375,-0.005883874518341936,4068.8942346191407,0.05719142588106396,5391.4501953125,-0.20214414641236989,4954.35009765625,-0.13175290141663498,0.5046979865771812,22.95664346447147,437140.15,574618.34,2.726759369964072,2.074378621468991,True,True,-0.047855087958286524,-0.10258062859961381,0.026414421220270823,0.04117151099025773,-0.15593660841936674,0.19172723460997626,0.2564580723625662,0.5430656934306569
2025-10-07,4315.0,4345.0,4269.0,4303.0,4303.0,597770,4303.0,0.00032543758414749213,4586.029956054687,-0.06171567974191228,4508.37796875,-0.04555473613206029,4329.354975585938,-0.006087506276237109,4072.694484863281,0.056548684413397776,5391.4501953125,-0.20188449413088028,4942.60009765625,-0.12940559321389244,0.5073825503355704,17.352980287098717,456320.7,578520.38,1.3099778291889892,1.033273883972765,False,False,-0.050089385468838454,-0.08722586616524497,0.03214200047973126,0.021435136729638815,-0.13147034117842893,0.187986745455496,0.256175273140783,0.5401459854014599
2025-10-08,4305.0,4323.0,4268.0,4294.39990234375,4294.39990234375,402659,4294.39990234375,-0.0019986283189054044,4562.7599609375,-0.05881529181706302,4514.325966796875,-0.04871736468981058,4330.40197265625,-0.008313794086514448,4076.5879846191406,0.05342995626401503,5391.4501953125,-0.20347963038266792,4829.2998046875,-0.11076137824877963,0.4993288590604027,14.142774932620128,467236.05,577941.86,0.861789239079476,0.696711949537623,False,False,-0.040443313212124576,-0.09777720102543375,0.05664090200717098,0.017268720204607346,-0.13114558784957586,0.18075376117347783,0.25055243391587845,0.46277372262773725
2025-10-09,4294.39990234375,4320.0,4275.0,4305.10009765625,4305.10009765625,224961,4305.10009765625,0.0024916625269715276,4546.449975585938,-0.05308534773850293,4521.429970703125,-0.04784545474520174,4331.384975585937,-0.006068469572167667,4080.622735595703,0.05501056495676693,5391.4501953125,-0.20149497042572284,4829.2998046875,-0.10854569569742634,0.5100671140939598,9.167582814669473,461401.5,575934.5,0.487560183484449,0.3906017090485116,False,False,-0.03254001390261263,-0.07043372720139862,0.07324309955670283,-0.011934543350971327,-0.09128130043157945,0.16271538277177874,0.2488466397347824,0.43795620437956206
2025-10-10,4308.89990234375,4365.89990234375,4301.5,4320.39990234375,4320.39990234375,423959,4320.39990234375,0.003553878966909396,4532.9849609375,-0.046897366840101595,4527.85796875,-0.045818147971527945,4333.873974609375,-0.0031090134010737236,4085.183234863281,0.057577996862689274,5391.4501953125,-0.19865718019614753,4829.2998046875,-0.10537757499540468,0.5181208053691275,9.216411932034575,463508.75,578865.14,0.9146731318448681,0.732396841170985,False,False,-0.02217997514168324,-0.05867492025814425,0.07293812668768651,-0.005043387911656705,-0.049239132688953746,0.16329403293621933,0.24883488256943923,0.4364963503649635
2025-10-13,4275.0,4349.89990234375,4192.10009765625,4202.60009765625,4202.60009765625,959344,4202.60009765625,-0.02726594929872006,4512.2849609375,-0.06863149512102351,4526.28197265625,-0.07151164619336503,4334.772973632813,-0.03049130295416458,4088.893485107422,0.027808651157818387,5391.4501953125,-0.22050655289181276,4829.2998046875,-0.12977030467707795,0.4590604026845638,8.995434219172864,492258.35,530264.8,1.9488628278220168,1.8091791120210128,True,False,-0.023014691685064093,-0.0896763833216091,0.02853648988160784,-0.05252953261569182,-0.05886306781165551,0.1809245755632859,0.25398040012871176,0.5094890510948905
2025-10-14,4235.0,4246.0,4196.7001953125,4205.2001953125,4205.2001953125,276492,4205.2001953125,0.0006186878589042877,4489.994970703125,-0.06342875153511063,4525.037978515625,-0.07068178979307549,4335.997976074219,-0.030165553924022426,4092.621236572266,0.02750778834215395,5391.4501953125,-0.22002428975999144,4829.2998046875,-0.12923190413012364,0.46174496644295304,10.06149235644277,486879.05,514077.06,0.5678864186084819,0.5378415446120082,False,False,-0.0227282836828957,-0.09585031276875944,0.03681064537181378,-0.06719014568936188,-0.09476034707133729,0.17644618977900525,0.2534381710935494,0.5021897810218978
2025-10-15,4230.0,4275.0,4215.0,4259.60009765625,4259.60009765625,415827,4259.60009765625,0.012936340677523361,4468.164965820312,-0.04667796953771863,4526.30998046875,-0.05892435205793822,4337.185979003906,-0.017888529964646516,4096.360987548828,0.039849786335627746,5391.4501953125,-0.20993425825213352,4829.2998046875,-0.1179673513908327,0.48322147651006714,16.660920029573404,495685.0,515361.26,0.8388936522186469,0.8068650716974729,False,False,-0.008103531454652702,-0.09296880019979581,0.05211677985241092,-0.05316967133812378,-0.07550730381850246,0.18032528047326707,0.2546075361901574,0.5197080291970803
2025-10-16,4278.0,4334.7998046875,4267.39990234375,4316.10009765625,4316.10009765625,363379,4316.10009765625,0.013264155954707535,4448.10498046875,-0.02967665632715999,4528.687978515625,-0.046942487949689915,4338.9629809570315,-0.005269204508340564,4100.099737548828,0.0526817331123155,5391.4501953125,-0.19945470303911805,4829.2998046875,-0.10626793278253699,0.5167785234899329,27.027022364674707,498888.7,517034.52,0.7283768904767737,0.7028138082540407,False,False,0.002555108998740563,-0.0850485921273405,0.07266947089313036,-0.013507975639507563,-0.05611566179634786,0.18881196029282116,0.2553956249968823,0.5299270072992701
2025-10-17,4312.0,4316.10009765625,4276.89990234375,4302.5,4302.5,234370,4302.5,-0.00315101534916562,4425.214990234375,-0.027730853869288752,4529.581982421875,-0.05013309910343189,4341.0479809570315,-0.008879879035230798,4103.669487304687,0.04845188271385514,5391.4501953125,-0.20197723355754416,4829.2998046875,-0.10908409624438065,0.5060402684563758,29.34971366270085,489599.2,514401.7,0.4786976776105843,0.4556166902247796,False,False,-0.004143112385045611,-0.096170372344343,0.06674434034484755,-0.014724697161174638,0.028420475085646935,0.18209615399947285,0.25554666589048103,0.5343065693430656
2025-10-20,4310.0,4319.7001953125,4260.0,4275.2998046875,4275.2998046875,228477,4275.2998046875,-0.006321951263800085,4400.214990234375,-0.02838842779821127,4530.247978515625,-0.056276869398142915,4343.377978515625,-0.015674015516234374,4107.236735839844,0.040918768421876806,5391.4501953125,-0.20702229459439636,4829.2998046875,-0.11471642316806807,0.49261744966442955,26.267697240081674,478192.6,513848.52,0.4777928391196351,0.44463882079489103,False,False,0.01729874490599137,-0.10470546781360057,0.05722196590712736,-0.008051089399651934,0.019494224179386288,0.17957316283593966,0.2559913505144706,0.5386861313868613
2025-10-21,4308.0,4311.0,4260.0,4274.5,4274.5,36984,4274.5,-0.00018707569621734255,4380.37998046875,-0.024171414566966254,4530.467978515625,-0.0564992357808235,4345.699978027344,-0.01638400680841834,4110.804235839843,0.03982086102105842,5391.4501953125,-0.20717064145071995,4829.2998046875,-0.11488203820955378,0.4912751677852349,29.189970553395867,467356.25,509704.8,0.07913449322652687,0.07255964628938162,False,False,0.016479549478939814,-0.08492468289211508,0.06304401890077105,0.017762351339521087,0.024126743021887664,0.1695901202852329,0.2556234134713205,0.5357664233576642
2025-10-23,4287.0,4334.5,4256.2001953125,4268.0,4268.0,274317,4268.0,-0.0015206456895543452,4362.084985351563,-0.02156881071036265,4532.4259765625,-0.05834093660434081,4348.3589770507815,-0.018480299688891866,4114.088735351563,0.037410779044678266,5391.4501953125,-0.20837625399735005,4829.2998046875,-0.11622798902289755,0.4885906040268456,30.386023585357663,461138.15,509555.88,0.5948694550646048,0.5383452743200609,False,False,0.0019719931803861,-0.07896154644140752,0.06780085063797858,0.05586068268658084,0.044107946028777434,0.1693160957975621,0.2552569881087045,0.5284671532846715
2025-10-24,4268.0,4271.7001953125,4197.0,4213.89990234375,4213.89990234375,250190,4213.89990234375,-0.012675749216553456,4340.489990234375,-0.029164930267190803,4533.013974609375,-0.07039776935457687,4350.242976074219,-0.031341484712540946,4115.032235107422,0.02402597636850512,5391.4501953125,-0.21841067807554826,4829.2998046875,-0.12743046139865244,0.4671140939597315,28.9738759887624,449415.25,509663.56,0.5567011800333879,0.49089246247073265,False,False,-0.023678828803807672,-0.09296567232793229,0.06683713676980796,0.04865120564182113,0.05698947850466918,0.17005845957334106,0.2554575085577677,0.5313868613138686
2025-10-27,4214.0,4264.89990234375,4214.0,4257.89990234375,4257.89990234375,281638,4257.89990234375,0.010441633883027768,4324.574975585938,-0.015417717028516575,4533.12197265625,-0.06071358149474848,4352.269975585938,-0.02168295481933713,4116.6479846191405,0.0343123624493431,5391.4501953125,-0.2102496085291291,4829.2998046875,-0.1183194097390946,0.4818791946308725,44.71581676995164,440779.3,509733.04,0.6389546877541663,0.5525205899935386,False,False,-0.010366088938117413,-0.06955558747075619,0.06474116087615656,0.06285409713921375,0.07158765170503356,0.17379762127961476,0.255116447457788,0.527007299270073
2025-10-28,4274.60009765625,4292.7998046875,4183.10009765625,4220.89990234375,4220.89990234375,310562,4220.89990234375,-0.00868972987825134,4309.72998046875,-0.02061151824535845,4530.84796875,-0.06840840137299087,4353.733974609375,-0.030510378686502748,4118.6009838867185,0.02483826883382423,5391.4501953125,-0.21711232610225428,4829.2998046875,-0.12598097590735913,0.4684563758389262,40.85948788647436,431064.15,506539.78,0.7204542525747037,0.613104858220612,False,False,-0.012724231008105047,-0.06571780848626751,-0.014130892086693603,0.05527772659045893,0.05385497698030384,0.1715182891643483,0.2108384089203597,0.21897810218978103
2025-10-29,4225.0,4254.0,4213.2001953125,4229.39990234375,4229.39990234375,148520,4229.39990234375,0.0020137885751045914,4294.70498046875,-0.015205952078662377,4528.271962890625,-0.06600134952055536,4354.492973632812,-0.02872735632977752,4120.532983398438,0.026420591555494255,5391.4501953125,-0.21553575584896878,4829.2998046875,-0.12422088638221729,0.47248322147651006,42.761692650334076,417021.8,496589.0,0.35614445096155645,0.2990803259838619,False,False,-0.010550964476839342,-0.06633700666200648,-0.008904719705113529,0.06418736642464751,0.017636679330422345,0.17122514385953336,0.21078258489596696,0.21751824817518248
2025-10-30,4248.0,4248.0,4149.89990234375,4161.10009765625,4161.10009765625,445095,4161.10009765625,-0.016148816916000563,4278.989990234375,-0.027550868977767262,4520.33396484375,-0.0794706475188317,4354.0879736328125,-0.0443233754451553,4122.269483642578,0.009419717504582037,5391.4501953125,-0.2282039253049125,4829.2998046875,-0.13836368294688817,0.4348993288590604,35.787592673269614,402600.1,473691.84,1.1055511411944507,0.9396298656949632,False,False,-0.025046837475105388,-0.07022831736732671,-0.008317421912237832,0.047502819442011734,0.024876233977163098,0.1745785357697372,0.21058907369318233,0.2145985401459854
2025-10-31,4164.10009765625,4204.89990234375,4147.0,4153.5,4153.5,280621,4153.5,-0.00182646354999505,4264.169995117188,-0.025953466968698158,4510.3399609375,-0.07911597884593358,4353.83197265625,-0.046012793767516214,4124.605733642578,0.007005340200578081,5391.4501953125,-0.2296135827033724,4829.2998046875,-0.1399374302733376,0.42885906040268457,33.273207555295,391240.6,462178.08,0.7172594050821924,0.6071707251888709,False,False,-0.014333492428274308,-0.06660821790342675,-0.010411749089620503,0.03231017770597733,0.024998778453375614,0.1744953841738428,0.21061905210556128,0.21605839416058395
2025-11-03,4153.5,4173.5,4111.0,4156.0,4156.0,178823,4156.0,0.0006019020103527062,4251.05,-0.02235918184919028,4498.701962890625,-0.07617796549261124,4354.59197265625,-0.045605185033010365,4127.848483886719,0.006819900542176516,5391.4501953125,-0.2291498855700531,4829.2998046875,-0.13941975688358998,0.43087248322147653,43.92595336380636,376298.2,440372.48,0.4752161982172649,0.40607215055763707,False,False,-0.023931962864523815,-0.05938799297106612,-0.023909016242479653,0.0226126079908191,0.04225705329153606,0.17446749581971105,0.20844070252499022,0.2116788321167883
2025-11-04,4160.0,4222.0,4145.0,4182.39990234375,4182.39990234375,314080,4182.39990234375,0.0063522382925289556,4245.089990234375,-0.014767669951600726,4488.511962890625,-0.06819900739436535,4355.633972167969,-0.0397724122208537,4131.377983398437,0.012349854975831187,5391.4501953125,-0.22425326195537099,4829.2998046875,-0.13395314610947218,0.4429530201342282,47.20173067818854,332403.4,429182.08,0.9448760151069453,0.7318106105455288,False,False,-0.009121277663709071,-0.027710664079965697,-0.014049999447489414,0.03289537508102702,0.054789857975252376,0.15362578286266595,0.20876121650355978,0.21313868613138687
2025-11-06,4182.39990234375,4191.39990234375,4071.89990234375,4082.199951171875,4082.199951171875,487314,4082.199951171875,-0.023957525227495502,4234.049987792969,-0.03586401602694511,4476.179965820313,-0.08801701845252685,4355.715971679688,-0.0627947327801398,4133.946733398438,-0.01251752515543969,5391.4501953125,-0.24283823400222249,4829.2998046875,-0.1547014854597476,0.3946308724832215,30.428048808736918,326880.6,429935.32,1.4908012283384209,1.1334588653939852,False,False,-0.0348039803685396,-0.05131304876321752,-0.04252375954688048,0.0021357435060451735,0.038080586367125635,0.17304743158217395,0.21406919441594183,0.2291970802919708
2025-11-07,4082.199951171875,4082.199951171875,3984.60009765625,4011.0,4011.0,1195522,4011.0,-0.017441563868383136,4219.879992675781,-0.04949903623759988,4461.893969726562,-0.1010543891867055,4355.30697265625,-0.07905458210360339,4135.996983642578,-0.030221729884457704,5391.4501953125,-0.25604431930257054,4829.2998046875,-0.1694448134889508,0.3087248322147651,17.396862434894956,366523.75,436781.0,3.261785900640818,2.737119975456808,True,True,-0.0360722150713928,-0.06599289977374467,-0.03815258481341255,-0.04265226316489956,0.02042894390964256,0.18087243436843695,0.21236278986461382,0.22335766423357664
2025-11-10,4011.0,4067.0,4011.0,4019.0,4019.0,290454,4019.0,0.001994515083520332,4205.574987792968,-0.04436372870166805,4447.945971679687,-0.09643686645719385,4354.62697265625,-0.07707364482967938,4137.9887341308595,-0.028755209783298707,5391.4501953125,-0.2545604884759489,4829.2998046875,-0.1677882586417585,0.31543624161073824,19.338079193907845,369798.4,424359.72,0.7854387687994323,0.6844523320922166,False,False,-0.03238232815697606,-0.06645608491472854,-0.03955072290596251,-0.044641963822057984,0.004348236185305332,0.18066812863087597,0.21226606541580958,0.22189781021897811
2025-11-11,4025.0,4077.39990234375,4020.0,4072.199951171875,4072.199951171875,272277,4072.199951171875,0.013237111513280775,4193.164990234375,-0.0288481467684244,4435.39197265625,-0.08188498868271787,4354.757971191406,-0.06488489644861406,4140.276234130859,-0.016442449515273627,5391.4501953125,-0.24469302253549952,4829.2998046875,-0.15677217901873797,0.3838926174496644,29.20335487419223,362214.3,416826.3,0.7517014099112045,0.6532145404452646,False,False,-0.020163630613119543,-0.057448374405626335,-0.04239860054747202,0.00017191481563916255,0.03202094615572815,0.18868227931617343,0.21133307100137771,0.22043795620437956
2025-11-12,4112.60009765625,4112.60009765625,4047.300048828125,4058.0,4058.0,381769,4058.0,-0.003487046643617986,4185.934985351562,-0.03056306077358184,4421.439970703125,-0.08219945834644649,4353.053972167969,-0.06778091290722543,4142.627233886718,-0.020428397031349355,5391.4501953125,-0.24732681319616834,4829.2998046875,-0.1597125537616959,0.3651006711409396,28.423347974317764,333335.55,412630.34,1.1452993837590981,0.9252082626788907,False,False,-0.029743665179897905,-0.03440729412653187,-0.06381213755008441,-0.013300311891162209,0.03347721270256221,0.16537119415781326,0.20727033477209508,0.21021897810218979
2025-11-13,4058.0,4090.0,4040.39990234375,4062.5,4062.5,252053,4062.5,0.0011089206505667804,4178.799975585937,-0.027830950575620683,4407.99197265625,-0.07837853943460271,4351.647971191406,-0.06644562545169352,4145.131733398437,-0.019934645920333782,5391.4501953125,-0.24649215835619365,4829.2998046875,-0.15878074166015022,0.3704697986577181,29.437650542073598,332113.6,406379.0,0.7589360989733633,0.6202412034086408,False,False,-0.004825817306234548,-0.03393422160294923,-0.0678491537930137,-0.004947694274245351,0.03574432078794243,0.16547138135228856,0.20688332484384844,0.2072992700729927
2025-11-14,4060.0,4069.199951171875,4020.0,4053.699951171875,4053.699951171875,305911,4053.699951171875,-0.0021661658653846505,4168.504968261719,-0.027541053198676724,4395.465971679688,-0.07775421825804962,4349.18197265625,-0.06793967770079534,4147.4084826660155,-0.022594478428105802,5391.4501953125,-0.24812438132206216,4829.2998046875,-0.16060296210287017,0.35436241610738256,32.37235126833407,326617.8,404593.86,0.9366023529642292,0.7560940247585567,False,False,0.010645712084735637,-0.04833790538169702,-0.11064064256869788,-0.02103454830562579,0.04232337800068975,0.15621144051200536,0.18230195002577596,0.11824817518248175
2025-11-17,4059.89990234375,4086.0,4032.0,4036.199951171875,4036.199951171875,186267,4036.199951171875,-0.0043170437404823625,4154.5099609375,-0.028477488531265305,4381.019970703125,-0.07870770319175446,4346.185974121094,-0.0713236904253518,4149.6897326660155,-0.02734897999741004,5391.4501953125,-0.25137026125529693,4829.2998046875,-0.1642266758311034,0.33557046979865773,24.094399595590062,317762.2,400198.74,0.5861836304003434,0.46543624800018113,False,False,0.004279659410767689,-0.06485024446869703,-0.13259696944957866,-0.02469552329005098,0.04173440474174095,0.14483923701550264,0.176064790193013,0.072992700729927
2025-11-18,4036.199951171875,4042.199951171875,3991.60009765625,3997.199951171875,3997.199951171875,311407,3997.199951171875,-0.009662554004213009,4139.244958496094,-0.03431664681566182,4364.377973632812,-0.08413066528133595,4343.65197265625,-0.07976053875064748,4152.0109826660155,-0.03728579527858955,5391.4501953125,-0.2586039365350775,4829.2998046875,-0.172302380711166,0.2912751677852349,23.982306463456396,321614.05,386432.78,0.9682630469657654,0.8058503732524968,False,False,-0.018417563208903087,-0.07095875626452641,-0.1563350780807895,-0.02364436952323523,0.028694958797931047,0.1465800041260764,0.17139995844243866,0.051094890510948905
2025-11-19,4010.0,4039.0,3997.10009765625,4026.5,4026.5,378207,4026.5,0.007330143396888422,4126.804968261718,-0.02430572053516955,4349.041977539063,-0.07416391453677706,4341.152973632812,-0.07248142959806847,4154.346982421875,-0.03077426680121531,5391.4501953125,-0.25316939707599107,4829.2998046875,-0.16623523847251565,0.3288590604026846,27.490566426119116,329100.55,389041.04,1.1492141231608395,0.9721519354359119,False,False,-0.0077624445539674625,-0.058194703542126414,-0.1418188614832473,-0.003908677890624546,0.06605771776542224,0.15119578247622442,0.1720104124953162,0.052554744525547446
2025-11-20,4045.0,4099.7001953125,4037.10009765625,4085.0,4085.0,387479,4085.0,0.014528747050788438,4117.329968261719,-0.00785216839819336,4336.457973632812,-0.057986950447061925,4338.848974609375,-0.05850606372678102,4156.931481933594,-0.017303985462886473,5391.4501953125,-0.2423188841563203,4829.2998046875,-0.15412168115242186,0.39865771812080536,41.36991216694371,346625.3,392507.44,1.1178612755618242,0.987188930737211,False,False,0.005538461538461492,-0.04433267048777634,-0.13062906065399427,0.010563280967788025,0.08656619726962256,0.16330122864965468,0.17534332386369036,0.06423357664233577
2025-11-21,4085.0,4098.89990234375,4030.5,4038.0,4038.0,330945,4038.0,-0.0115055079559363,4105.829968261719,-0.016520403617794277,4322.021977539062,-0.06571507017203626,4336.093974609375,-0.06874712041641806,4159.244482421875,-0.029150602455394914,5391.4501953125,-0.2510363902627225,4829.2998046875,-0.16385394087967675,0.33691275167785234,37.97625994506198,349456.7,395439.3,0.9470271996501999,0.836904677911376,False,False,-0.003872992910424089,-0.0538894095595126,-0.14545104714957946,0.008970265977298775,0.056003738869107034,0.166552632876551,0.17556035200770498,0.06715328467153285
2025-11-24,4046.89990234375,4048.5,3975.199951171875,3987.5,3987.5,724604,3987.5,-0.01250619118375429,4094.509973144531,-0.026134989008794296,4309.145981445313,-0.07464262822152778,4332.2459765625,-0.07957673189093595,4160.8587329101565,-0.041664171758339696,5391.4501953125,-0.26040307235577165,4829.2998046875,-0.17431094335257824,0.27986577181208055,34.05261572075811,373177.4,403098.34,1.9417145840021393,1.7975861671868953,True,False,-0.012065792517968688,-0.05372692935060641,-0.1545458225417936,-0.009439821140231008,0.05195814555535638,0.16641915116379366,0.1767324703139675,0.07883211678832117
2025-11-25,3997.89990234375,4015.39990234375,3960.0,3988.60009765625,3988.60009765625,446861,3988.60009765625,0.0002758865595611226,4081.0449829101562,-0.022652258340946974,4297.123979492188,-0.07179776131858251,4327.607978515625,-0.07833608832925187,4160.6829833984375,-0.04135928798921151,5391.4501953125,-0.26019902750394186,4829.2998046875,-0.17408314683947257,0.28187919463087246,30.735605895874755,381438.55,404399.28,1.1715150448217675,1.1049994945589419,False,False,-0.002151469433772979,-0.06324709618919522,-0.1513436071974189,-0.016423321739382768,0.06293225747371434,0.1595378784288973,0.1768318776068822,0.08175182481751825
2025-11-26,3999.89990234375,4029.89990234375,3980.0,4019.10009765625,4019.10009765625,360542,4019.10009765625,0.007646793173856192,4070.9549926757813,-0.012737771631674999,4285.173979492188,-0.06209173375673971,4323.87998046875,-0.07048759081871159,4161.039233398437,-0.034111462973700823,5391.4501953125,-0.2545419224774469,4829.2998046875,-0.1677675314845518,0.3167785234899329,42.71868839084132,383937.55,403923.08,0.9390641785363271,0.8926006406962435,False,False,-0.0018378001598783333,-0.04780966366329753,-0.15487004476322064,-0.013596736371027096,0.10935996190681041,0.16260945556098685,0.175562529137328,0.06861313868613139
2025-11-27,4029.0,4038.0,3986.0,4007.10009765625,4007.10009765625,237041,4007.10009765625,-0.002985743004260577,4059.8400024414063,-0.0129906362697646,4272.2959814453125,-0.062073387457426854,4320.463979492188,-0.07253014567957805,4161.475483398437,-0.03709631027697835,5391.4501953125,-0.2567676687173793,4829.2998046875,-0.17025236375534025,0.3073825503355705,49.47876218581831,388363.6,400982.34,0.6103584372994791,0.5911507224981529,False,False,-0.01906974353580171,-0.05256060193416823,-0.15370964955927435,-0.03524735821445768,0.1088788914104033,0.16177730070333257,0.1755312412196319,0.06569343065693431
2025-11-28,4005.0,4044.800048828125,3992.199951171875,3996.5,3996.5,211068,3996.5,-0.0026453288906982397,4051.609997558594,-0.013601999598135572,4258.301977539062,-0.06148036915182831,4317.817978515625,-0.07441674941241683,4162.129483642578,-0.03979440915846366,5391.4501953125,-0.25873376267582227,4829.2998046875,-0.17244731914948686,0.28859060402684567,47.013540173328735,376662.25,400409.54,0.5603640927648046,0.5271302976447565,False,False,-0.010277365032194119,-0.03955687048935963,-0.14604700854700858,-0.04881475935100521,0.10368538023753127,0.15372996604056008,0.17455349897795133,0.06277372262773723
2025-12-01,3997.0,4009.5,3946.0,3963.300048828125,3963.300048828125,256602,3963.300048828125,-0.008307256642530958,4042.1,-0.01949480497065259,4243.221982421875,-0.06596919387045141,4315.0879809570315,-0.0815250891016327,4163.20373413086,-0.04801679141087434,5391.4501953125,-0.2648916515497175,4829.2998046875,-0.17932201165452666,0.26308724832214764,34.735093535855185,375461.3,399555.48,0.6834312883911072,0.6422186976386859,False,False,-0.006068953271943567,-0.045792693191735845,-0.1671114744503257,-0.051637922946414117,0.08312043906415578,0.1553615834581292,0.17019693186851806,0.043795620437956206
2025-12-02,3968.0,3975.199951171875,3935.0,3961.800048828125,3961.800048828125,292968,3961.800048828125,-0.00037847248038758163,4032.390002441406,-0.017505735697822544,4227.251987304688,-0.06279539030882708,4312.575981445312,-0.08133791361042375,4164.295234375,-0.048626520011198715,5391.4501953125,-0.265169869829709,4829.2998046875,-0.17963261568837519,0.26040268456375837,36.01745888114121,381168.55,397011.64,0.768604859975987,0.7379330238277144,False,False,-0.0067191616537022325,-0.04672761096532119,-0.17963261568837519,-0.028970576267616455,0.08208946366080583,0.1551579469472842,0.1661816263201116,0.027737226277372264
2025-12-03,3961.800048828125,3969.199951171875,3883.0,3909.699951171875,3909.699951171875,359508,3909.699951171875,-0.013150612603899825,4018.7550048828125,-0.02713652700362046,4209.939990234375,-0.07131694032669211,4309.763981933594,-0.09282736419877646,4165.233483886719,-0.06134914974235661,5391.4501953125,-0.27483333620125183,4829.2998046875,-0.1904209493523319,0.21879194630872484,30.490307014672737,383439.95,395069.62,0.9375861852683842,0.9099864474519707,False,False,-0.027220060169233395,-0.06520178785846331,-0.18434061909741772,-0.04131724830009409,0.051970214259499325,0.15610087083728894,0.16720543628085477,0.032116788321167884
2025-12-04,3910.300048828125,3935.0,3897.300048828125,3913.300048828125,3913.300048828125,200117,3913.300048828125,0.0009208117505721258,4010.310009765625,-0.024190140089237033,4194.781987304687,-0.06710287669977943,4307.206982421875,-0.09145298454458362,4166.386484375,-0.060744829241361264,5391.4501953125,-0.27416559421610276,4829.2998046875,-0.1896754794494786,0.22281879194630871,31.832329139645267,369080.1,393997.74,0.5422047951108716,0.5079140809284846,False,False,-0.023408461616166942,-0.041374725482338004,-0.1698909917488738,-0.03944525065583582,0.05491156615522352,0.1361848719892012,0.16514521933797743,0.017518248175182483
2025-12-05,3913.300048828125,3956.39990234375,3904.300048828125,3952.10009765625,3952.10009765625,184255,3952.10009765625,0.009914917932179579,4007.3650146484374,-0.013790836819249863,4181.145991210938,-0.05478064962002238,4306.085983886719,-0.08220594933660796,4167.697485351562,-0.051730575084464325,5391.4501953125,-0.26696900565040316,4829.2998046875,-0.18164117832978743,0.2550335570469799,39.68607274149206,318516.75,389709.26,0.5784782118993742,0.47280118517070907,False,False,-0.011109696570436589,-0.014684592955310438,-0.16969194927816478,-0.02463037268758106,0.07440740609472818,0.12971218344024316,0.1652255763448604,0.01897810218978102
2025-12-08,3950.0,3955.199951171875,3826.60009765625,3867.60009765625,3867.60009765625,268207,3867.60009765625,-0.02138103740087749,3999.79501953125,-0.0330504241416083,4165.581997070312,-0.0715342777128467,4304.648984375,-0.10152950642552927,4168.552985839844,-0.0721960088322976,5391.4501953125,-0.2826419687565943,4829.2998046875,-0.1991385389032564,0.19463087248322147,35.7017069895152,317404.4,385380.44,0.8450008884564927,0.6959538475798097,False,False,-0.024146531928656678,-0.03767103815470263,-0.1648996478824979,-0.053682383739601214,0.00985678265138934,0.14844035948397535,0.1621194193428358,0.004379562043795621
2025-12-09,3867.60009765625,3920.0,3841.699951171875,3910.0,3910.0,255693,3910.0,0.010962845504488561,3991.685021972656,-0.02046379449355651,4152.257993164062,-0.058343675552650076,4303.4819848632815,-0.09143339887265312,4169.689736328125,-0.06228035003794086,5391.4501953125,-0.2747776834886688,4829.2998046875,-0.19035881843475388,0.22013422818791947,37.508049881516214,316575.2,381407.16,0.807684872346286,0.6703938122189421,False,False,-0.013074877123959605,-0.03983103804251997,-0.14809250416981123,-0.036732303729671845,0.015558011694349005,0.1455607770927008,0.1640891973726952,0.008759124087591242
2025-12-10,3891.0,3923.699951171875,3805.0,3816.300048828125,3816.300048828125,576341,3816.300048828125,-0.023964181885390068,3979.6000244140623,-0.041034268414947284,4138.227998046875,-0.07779367143876326,4300.784985351563,-0.11265035061589668,4170.663736572265,-0.08496577766189817,5391.4501953125,-0.29215704298889034,4829.2998046875,-0.20976120697168554,0.138255033557047,23.21038680326852,326303.8,382836.68,1.7662711865445637,1.5054487464471795,True,False,-0.023889276289796757,-0.05956134824343884,-0.17335269070293102,-0.09745999977135633,-0.012331914995249549,0.16517974734648405,0.1688250066200902,0.03795620437956204
2025-12-11,3820.0,3848.800048828125,3770.0,3830.800048828125,3830.800048828125,396885,3830.800048828125,0.003799491605606997,3968.015026855469,-0.03458025665192166,4124.246000976563,-0.07115141824201421,4298.5339868164065,-0.1088124321973073,4171.434736328125,-0.08165887974549524,5391.4501953125,-0.2894675996156385,4829.2998046875,-0.20675870131114937,0.1651006711409396,27.91046446558478,333545.4,382187.04,1.1898979869007336,1.0384575049954599,False,False,-0.02108195103125443,-0.05703383413461538,-0.1763491617226134,-0.08857748808688337,0.006635046097416497,0.16634248668556764,0.16801299553154375,0.035036496350364967
2025-12-12,3830.800048828125,3868.60009765625,3810.0,3843.0,3843.0,248192,3843.0,0.003184700589007994,3957.480029296875,-0.028927506506511547,4111.598002929688,-0.06532691248957234,4296.477985839843,-0.10554644695827553,4172.224736328125,-0.07890867753635622,5391.4501953125,-0.2872047666616252,4829.2998046875,-0.2042324652799895,0.1738255033557047,33.224990193566526,330659.45,372480.3,0.7505970266387366,0.6663224873906083,False,False,-0.027605600809794906,-0.0519771945900841,-0.18167883817306585,-0.10634137745210803,0.003643188517774565,0.16772547877070515,0.1663976034357482,0.029197080291970802
2025-12-15,3859.89990234375,3859.89990234375,3812.0,3825.60009765625,3825.60009765625,241968,3825.60009765625,-0.0045276873129715955,3946.9500366210937,-0.030745243248310516,4099.112006835938,-0.06672467322765563,4294.4969873046875,-0.10918552068719145,4173.233736572266,-0.08330078324382306,5391.4501953125,-0.29043208059635794,4829.2998046875,-0.20783545185101604,0.15033557046979865,31.767337807606268,333444.5,367163.44,0.7256619917257595,0.6590198631977083,False,False,-0.01085944744531675,-0.05217775533010427,-0.18902756745398785,-0.11767141704274842,0.0022793878632125786,0.16775554391033468,0.16562255392468925,0.024817518248175182
2025-12-16,3878.89990234375,3914.800048828125,3825.89990234375,3856.800048828125,3856.800048828125,667837,3856.800048828125,0.00815557046618376,3939.930041503906,-0.02109935755205683,4087.880009765625,-0.05652806843289626,4292.731987304687,-0.10155116596279157,4174.534237060547,-0.07611248828950812,5391.4501953125,-0.2846451494291182,4829.2998046875,-0.20137489805777442,0.18791946308724833,31.874015352995087,351266.0,370966.76,1.9012286984792153,1.800261026082229,True,False,-0.01360612561940533,-0.03512456320895041,-0.189798918750809,-0.0926457534890811,0.04004530325072486,0.16974913922749865,0.16532338641468358,0.020437956204379562
2025-12-17,3857.5,3869.800048828125,3808.699951171875,3826.199951171875,3826.199951171875,401218,3826.199951171875,-0.007934063801297575,3929.9150390625,-0.026391178145003025,4078.3720068359376,-0.06183154828480231,4290.554987792969,-0.10822726615606315,4175.810737304688,-0.08372285242948341,5391.4501953125,-0.2903208204541152,4829.2998046875,-0.20771124056990176,0.15167785234899328,30.602602665493862,352416.55,355151.6,1.13847661240654,1.1297091157691532,False,False,0.00259411005871768,-0.049745448609990084,-0.19875188832834656,-0.10527545633071778,0.037346311275346045,0.1675750254738144,0.16499402110677272,0.013138686131386862
2025-12-18,3814.800048828125,3822.300048828125,3742.39990234375,3757.199951171875,3757.199951171875,327081,3757.199951171875,-0.018033558329555444,3913.525036621094,-0.039944828252379994,4067.456005859375,-0.07627766698411997,4287.916987304688,-0.12377036162409771,4176.942987060547,-0.10049048722689391,5391.4501953125,-0.303118861333727,4829.2998046875,-0.22199902612693556,0.11006711409395974,27.19648645919753,349396.65,349737.82,0.9361308987936775,0.9352177010767666,False,False,-0.019212722334271848,-0.080244809994645,-0.19566711036230355,-0.12935068911428327,0.02872160034535165,0.1635144567026013,0.1633956959820112,0.00583941605839416
2025-12-19,3796.10009765625,3830.0,3756.39990234375,3819.5,3819.5,265092,3819.5,0.016581510070735828,3902.6000366210938,-0.02129350582721834,4057.9580078125,-0.058763054559316186,4286.141987304687,-0.10887226524152827,4178.504487304687,-0.08591698020079441,5391.4501953125,-0.2915635197148263,4829.2998046875,-0.20909859514361695,0.1436241610738255,37.01697037293381,346104.0,346986.48,0.7659316274876916,0.7639836572306795,False,False,-0.006115014311735667,-0.05411094601287769,-0.17574827240697188,-0.11452416830879797,0.0540040699086477,0.17656874062671574,0.1682450416007211,0.0364963503649635
2025-12-22,3826.89990234375,3868.0,3815.699951171875,3818.60009765625,3818.60009765625,207963,3818.60009765625,-0.00023560736843830643,3894.1550415039064,-0.01940214065500523,4048.2280078125,-0.05672306740457822,4284.828989257812,-0.10880921800389498,4180.577738037109,-0.08658555421357073,5391.4501953125,-0.2917304325696519,4829.2998046875,-0.20928493734230935,0.14228187919463087,37.05712546896231,320271.95,346646.52,0.6493325437959834,0.5999281342850348,False,False,-0.0018297782887156666,-0.042357342280564314,-0.17805323987413868,-0.12663809248341884,0.07780243872572923,0.17288107087373195,0.16793513592539985,0.033576642335766425
2025-12-23,3835.0,3844.39990234375,3802.5,3828.199951171875,3828.199951171875,240671,3828.199951171875,0.00251397194524694,3886.1350341796874,-0.014908149742161925,4038.3840087890626,-0.05204657535285084,4283.120988769531,-0.10621251157519773,4182.452738037109,-0.08469977045849186,5391.4501953125,-0.2899498627474598,4829.2998046875,-0.20729710185810368,0.15570469798657718,42.020751247952745,309962.45,342980.76,0.7764521154094632,0.7017040839258738,False,False,-0.007415499194711961,-0.04021464738433622,-0.16345444084959782,-0.14019404475399777,0.08888699386756138,0.17347141056643728,0.16651768841320375,0.030656934306569343
2025-12-24,3843.0,3843.0,3771.300048828125,3800.199951171875,3800.199951171875,363697,3800.199951171875,-0.007314142510092436,3875.1900268554687,-0.019351328622313924,4030.336005859375,-0.057100959908286564,4278.308989257813,-0.11175187189293656,4184.41173828125,-0.0918197852267737,5391.4501953125,-0.2951432706406356,4829.2998046875,-0.21309504382327682,0.13020134228187918,39.431865051410554,310120.2,331067.82,1.1727614002570617,1.0985573892382534,False,False,-0.006795253863310702,-0.05446496508311083,-0.15883834710229305,-0.13472528161584751,0.08634565620694312,0.17054879367989964,0.16551311350715145,0.02335766423357664
2025-12-26,3805.0,3824.0,3781.199951171875,3787.39990234375,3787.39990234375,245539,3787.39990234375,-0.0033682566687518456,3864.2050170898438,-0.019876045501316608,4021.98,-0.058324531115582334,4273.508989257813,-0.11374940081698204,4185.976237792969,-0.09521705638237599,5391.4501953125,-0.29751740901981494,4829.2998046875,-0.21574554168959292,0.12348993288590604,33.82436439946444,310545.1,330448.76,0.7906709846653514,0.7430471217383294,False,False,0.008037887672828203,-0.054827728271874876,-0.16391090664405938,-0.12907311788791054,0.11122842709988845,0.17056147273071584,0.16511781499465486,0.016058394160583942
2025-12-29,3778.0,3828.0,3768.39990234375,3788.0,3788.0,239535,3788.0,0.00015844581288559922,3853.7800170898436,-0.017068960033561287,4012.547998046875,-0.055961448475177034,4269.428989257813,-0.112761915110691,4187.2137377929685,-0.09534114157816775,5391.4501953125,-0.29740610359464903,4829.2998046875,-0.2156212798544367,0.12483221476510067,40.63968103223554,311968.45,326922.92,0.7678180277524859,0.7326956458115571,False,False,-0.008247152768687038,-0.052170649318153406,-0.15359519089763607,-0.11102768928532591,0.09462367154110729,0.17087661858200523,0.16413354754222895,0.010218978102189781
2025-12-30,3792.0,3805.300048828125,3748.199951171875,3753.5,3753.5,489287,3753.5,-0.009107708553326321,3843.2900146484376,-0.02336279966024135,4001.29599609375,-0.06192893410926359,4264.991987304687,-0.11992800662397751,4188.013237304687,-0.10375163894761952,5391.4501953125,-0.3038051240344549,4829.2998046875,-0.2227651726329536,0.10738255033557047,31.248493500111167,323602.7,329441.08,1.5119991273249573,1.4852033632235542,True,False,-0.017048157961397026,-0.052935696576936975,-0.15649788031792766,-0.11396733634226697,0.08493636811550798,0.17125316600718782,0.16454580419214998,0.01167883211678832
2025-12-31,3753.5,3800.0,3742.199951171875,3782.199951171875,3782.199951171875,638024,3782.199951171875,0.007646183874217449,3834.310009765625,-0.013590465679882646,3990.8899951171875,-0.05229160518096032,4260.235988769531,-0.11220881633266644,4188.905487060547,-0.09709112252472107,5391.4501953125,-0.2984818900005344,4829.2998046875,-0.2168222922294596,0.1221476510067114,45.16035813779434,340855.5,337514.16,1.8718313185499427,1.890362170286426,True,False,-0.012016091266580431,-0.04533295356724898,-0.1439887663482885,-0.10225493682129716,0.0770435710711237,0.174999183490774,0.16566586503267358,0.026277372262773723
2026-01-01,3794.800048828125,3808.0,3703.0,3716.10009765625,3716.10009765625,517006,3716.10009765625,-0.01747656241578255,3824.630017089844,-0.028376579943325875,3979.7060009765623,-0.06623753193216464,4254.976989746094,-0.12664625293825615,4189.327738037109,-0.11296028145140724,5391.4501953125,-0.31074201503574184,4829.2998046875,-0.23050954632196086,0.0953020134228188,35.800934855682485,348730.4,343284.74,1.4825377999738478,1.506055876529787,False,False,-0.0221303759265854,-0.049517828972424405,-0.13611214122833337,-0.11329304343966062,0.04140569057308707,0.17919360136669932,0.16110001099971136,0.00145985401459854
2026-01-02,3735.0,3753.5,3700.0,3719.800048828125,3719.800048828125,295500,3719.800048828125,0.000995654335094187,3814.9550170898438,-0.024942618677141204,3968.612001953125,-0.06269495556697124,4249.539990234375,-0.12465818479732282,4189.555738525391,-0.11212541830571443,5391.4501953125,-0.3100557523350139,4829.2998046875,-0.22974339981594283,0.09798657718120805,34.42083236341789,353499.55,348455.06,0.8359275139105552,0.8480290112590129,False,False,-0.017848617853581383,-0.04944675787330577,-0.13553333747893914,-0.1077476495974754,0.036574660577148865,0.1792126097109668,0.1611540136090639,0.00291970802919708
2026-01-05,3719.10009765625,3719.10009765625,3635.300048828125,3646.300048828125,3646.300048828125,567365,3646.300048828125,-0.019759126575407016,3799.6650146484376,-0.040362759671987214,3956.1780029296874,-0.07832760656170856,4244.301989746094,-0.14089523845444907,4188.80173828125,-0.12951238166639145,5391.4501953125,-0.3236884480546003,4829.2998046875,-0.24496299747452233,0.06040268456375839,30.14394841843834,372655.05,354316.02,1.5224937915104062,1.6012964923234347,True,False,-0.03740759006649286,-0.07737659504360139,-0.15091744324088496,-0.1028246413474938,0.023709574759320784,0.18292679371413062,0.1650411212676145,0.014598540145985401
2026-01-06,3641.0,3680.0,3605.10009765625,3663.699951171875,3663.699951171875,585617,3663.699951171875,0.004771933771424486,3789.470007324219,-0.03318935257681355,3945.17400390625,-0.07134642285883419,4239.093989257813,-0.1357351451852754,4187.993737792969,-0.12518972554562402,5391.4501953125,-0.32046113411986754,4829.2998046875,-0.2413600109034958,0.0697986577181208,27.941486531259727,388525.55,361024.56,1.5072805379208651,1.622097399689373,True,False,-0.023924350293892394,-0.05272006963903475,-0.14898611691597163,-0.08665522235311196,0.028840199711281933,0.17317991597699628,0.1654114386587768,0.021897810218978103
2026-01-07,3665.0,3849.89990234375,3662.0,3841.60009765625,3841.60009765625,1317962,3841.60009765625,0.04855750985488627,3786.050012207031,0.014672306300792082,3936.8480078125,-0.0241939515996642,4234.984990234375,-0.09288932392564486,4188.07523803711,-0.08272896753002157,5391.4501953125,-0.2874644189431147,4829.2998046875,-0.20452234215663134,0.17181208053691274,51.31625238558877,441639.0,381751.04,2.984251843700398,3.4524123365845973,True,True,0.015705184086306723,-0.017493581162084437,-0.11082302923573317,-0.04596812669435579,0.06383096390753717,0.24773478219798617,0.19556381877006235,0.18686131386861313
2026-01-08,3843.0,3872.39990234375,3781.0,3789.800048828125,3789.800048828125,400228,3789.800048828125,-0.013483977382166334,3784.7250122070313,0.0013409261187338206,3928.2260107421876,-0.03523879775133121,4229.536989746094,-0.10396810383359889,4187.798238525391,-0.09503757512382194,5391.4501953125,-0.2970722326020745,4829.2998046875,-0.21524854490301004,0.1261744966442953,52.87073871698424,432833.35,383544.36,0.9246699682452842,1.0434985929658829,False,False,0.019832606559322175,-0.006943898451626573,-0.09822491772613329,-0.072491422215339,-0.05848154258155969,0.23729267995820794,0.18988003764023467,0.17664233576642335
2026-01-09,3794.0,3833.199951171875,3745.10009765625,3801.300048828125,3801.300048828125,600885,3801.300048828125,0.003034460882324286,3783.2500122070314,0.004771039863306292,3919.664013671875,-0.03019747724062416,4223.96798828125,-0.10006419097534636,4187.382739257812,-0.0922014333225527,5391.4501953125,-0.2949392257888058,4829.2998046875,-0.21286724731017104,0.13154362416107382,48.2398491521894,443033.35,392591.66,1.3562974435220283,1.5305597678768827,False,False,0.02190977980810427,-0.0077007412613520065,-0.09604778077738108,-0.06277271620251312,-0.033915738273556095,0.237135274374096,0.1900678644741558,0.17956204379562044
2026-01-12,3852.0,3918.60009765625,3760.5,3832.5,3832.5,2052645,3832.5,0.008207705461581005,3782.7250122070313,0.013158500190297406,3913.09201171875,-0.020595480882482975,4216.71298828125,-0.09111670378065184,4187.084239501954,-0.0846852413803193,5391.4501953125,-0.2891522946215661,4829.2998046875,-0.20640669351692942,0.16644295302013423,51.26986180377743,533256.0,424742.66,3.8492675187902248,4.832679156833458,True,True,0.05106544954568881,-0.002732240437158473,-0.10026765139085525,-0.053376498652299875,0.0005743547878314104,0.23877386393796352,0.18876457355429246,0.17372262773722627
2026-01-13,3851.5,3889.0,3782.699951171875,3826.89990234375,3826.89990234375,693948,3826.89990234375,-0.001461212695694769,3782.790002441406,0.011660678989284357,3906.560009765625,-0.02039136918996276,4208.449985351563,-0.09066285314923117,4186.69323852539,-0.08593735334389208,5391.4501953125,-0.2901909943133705,4829.2998046875,-0.2075663021315809,0.15369127516778525,49.88035627542008,555855.0,433009.2,1.2484334943465472,1.602617219218437,False,False,0.04454511923654492,0.00033976491382259333,-0.11334310702806638,-0.0489102197520489,-0.004189460748438734,0.2382554497034242,0.1861764352612003,0.1591240875912409
2026-01-14,3822.0,3889.800048828125,3811.800048828125,3830.300048828125,3830.300048828125,495104,3830.300048828125,0.0008884858687556729,3781.4650024414063,0.012914319279747177,3900.0460107421877,-0.017883368996662097,4199.373986816407,-0.08788784689026485,4185.850738525391,-0.08494108173157666,5391.4501953125,-0.2895603390423024,4829.2998046875,-0.20686223598909892,0.1610738255033557,52.901492801454964,547218.35,439334.82,0.9047649809258042,1.1269400408554004,False,False,-0.00294149535112187,-0.0068709810372595825,-0.1097501339156014,-0.05033099386170925,0.004326393567767095,0.23639486627387754,0.18624785140495603,0.16058394160583941
2026-01-15,3830.300048828125,3830.300048828125,3830.300048828125,3830.300048828125,3830.300048828125,0,3830.300048828125,0.0,3781.6700073242187,0.012859409046723114,3893.004013671875,-0.016106832827179063,4190.75798828125,-0.08601258780895593,4185.273739013672,-0.08481492784488742,5391.4501953125,-0.2895603390423024,4829.2998046875,-0.20686223598909892,0.1610738255033557,54.23998162310277,527157.45,433053.22,0.0,0.0,False,False,0.010686579629055393,0.0010715847860993666,-0.1040862106024637,-0.0528202622898325,0.03907766668786028,0.23464139429803382,0.18605271028024664,0.15766423357664233
2026-01-16,3820.0,3832.0,3741.0,3775.699951171875,3775.699951171875,817036,3775.699951171875,-0.014254783426941975,3782.595007324219,-0.001822837533225985,3886.874013671875,-0.028602435301208984,4181.526989746094,-0.0970523542163867,4183.8272387695315,-0.09754879068995381,5391.4501953125,-0.2996875025471645,4829.2998046875,-0.21816824304280324,0.11677852348993288,48.901585496507074,551655.2,439647.66,1.4810628087979594,1.8583881465444398,False,False,-0.0067345637880235065,0.004923879548712762,-0.11669202218461228,-0.06100473733601719,0.07648006492875958,0.23111308109831505,0.18776956584815396,0.16934306569343066
2026-01-19,3775.699951171875,3846.0,3733.300048828125,3766.699951171875,3766.699951171875,404691,3766.699951171875,-0.002383663987178486,3779.9550048828123,-0.0035066697073946607,3881.9880126953126,-0.029698201320150774,4171.940991210938,-0.09713489258184316,4182.244738769531,-0.09935927081108953,5391.4501953125,-0.30135681222711375,4829.2998046875,-0.22003186724589463,0.11409395973154363,51.235025033087354,558635.15,423831.04,0.7244280994491664,0.9548404005520691,False,False,-0.01716896251223088,-0.013823811710465983,-0.11745549410218481,-0.05761822587643861,0.08347474505159647,0.2231072755659775,0.18776853499887158,0.1678832116788321
2026-01-20,3768.0,3786.5,3645.5,3661.60009765625,3661.60009765625,521411,3661.60009765625,-0.027902369415680917,3772.1050048828124,-0.029295289257196933,3874.8400146484373,-0.055031928076012315,4161.392993164062,-0.1201023062058364,4180.534738769531,-0.1241311634850858,5391.4501953125,-0.3208506125421018,4829.2998046875,-0.2417948262184586,0.06845637583892618,40.12771415563844,574307.55,428450.18,0.9078950816509377,1.2169699636956623,False,False,-0.043194180382471914,-0.04111454354603983,-0.13106618986851437,-0.07298914195684592,0.026103811951680767,0.24321081843086162,0.19395324332733443,0.1854014598540146
2026-01-21,3661.60009765625,3694.60009765625,3617.60009765625,3656.699951171875,3656.699951171875,473540,3656.699951171875,-0.001338252773019022,3763.5300048828126,-0.02838559904460336,3866.5300146484374,-0.05426831362529616,4150.960993652344,-0.11907147362653936,4178.210987548828,-0.12481682661097504,5391.4501953125,-0.3217594860931615,4829.2998046875,-0.2428094963947891,0.06442953020134229,44.59605990325889,585951.0,432475.44,0.8081563134118723,1.0949523515138802,False,False,-0.04532284558473765,-0.0447991228743162,-0.14119635617571613,-0.08559641130985873,0.015482025786516918,0.24264904970953494,0.1921508972033583,0.18248175182481752
2026-01-22,3690.0,3735.0,3658.0,3724.10009765625,3724.10009765625,409471,3724.10009765625,0.018431959795546016,3759.7250122070313,-0.00947540430087701,3859.8520166015624,-0.03517023926343066,4140.645993652343,-0.10059925350649701,4176.042489013672,-0.10822265160050248,5391.4501953125,-0.3092581842091202,4829.2998046875,-0.22885299147476856,0.10067114093959731,50.350566204327166,588239.7,433029.48,0.6960954862448081,0.9455961289286817,False,False,-0.027726274656829197,-0.020025223539134496,-0.11769997303457513,-0.13016765950371034,0.028572272410412713,0.25243594941441594,0.19638879314606716,0.1897810218978102
2026-01-23,3724.10009765625,3738.89990234375,3646.800048828125,3665.60009765625,3665.60009765625,185668,3665.60009765625,-0.0157084929153265,3753.6350219726564,-0.023453245667486633,3851.9140185546876,-0.04836917958214082,4129.9529956054685,-0.11243539537697389,4174.170989990234,-0.12183758009759305,5391.4501953125,-0.320108697128791,4829.2998046875,-0.24096654879486246,0.07248322147651007,51.612905858431205,585246.15,431701.78,0.3172477085069248,0.430083934330778,False,False,-0.02916011731320256,-0.03215921419127854,-0.1333049174127674,-0.1410225941930069,0.014081430595054956,0.2577851361618226,0.19818813700877733,0.1927007299270073
2026-01-27,3651.0,3686.10009765625,3633.800048828125,3670.60009765625,3670.60009765625,374815,3670.60009765625,0.001364033136947107,3747.765026855469,-0.020589585698750024,3844.252021484375,-0.04517183651270418,4119.858996582031,-0.1090471541134056,4172.408240966797,-0.12026822744321686,5391.4501953125,-0.3191813028621524,4829.2998046875,-0.23993120201536722,0.07516778523489932,50.58884954845075,592010.15,433079.86,0.6331225908880109,0.8654639354506118,False,False,-0.025513009998507252,-0.03099258245611136,-0.1178774815526008,-0.12521446671681358,0.023078222783114555,0.25792405944380364,0.19620313615579152,0.18832116788321168
2026-01-28,3663.0,3744.300048828125,3663.0,3735.699951171875,3735.699951171875,242635,3735.699951171875,0.017735479699134915,3746.8750244140624,-0.002982504932609764,3838.242021484375,-0.02671589486502568,4109.63099609375,-0.09098895868687484,4170.817490234375,-0.10432428177001085,5391.4501953125,-0.3071066566802727,4829.2998046875,-0.22645101727876493,0.10201342281879194,38.807855635639854,579677.55,434207.22,0.41856890956015114,0.5588000125838535,False,False,0.02023701429412106,-0.00474225358415481,-0.10058987572604428,-0.10995430826864916,0.04888248223886604,0.2648591740353883,0.2003350341653667,0.19416058394160585
2026-01-29,3710.39990234375,3727.199951171875,3641.0,3667.199951171875,3667.199951171875,448584,3667.199951171875,-0.018336590436957234,3741.1250244140624,-0.01976011834936353,3831.642021484375,-0.04291686681335527,4098.009997558594,-0.10512664601681676,4168.456990966797,-0.12025002078254976,5391.4501953125,-0.3198119581332205,4829.2998046875,-0.24063526815784908,0.0738255033557047,37.48468514451541,570205.55,436950.76,0.7867057765397056,1.026623686385166,False,False,0.0028714415019572836,-0.03040558444414565,-0.11761310125797042,-0.13871010395214478,0.019133728416384388,0.27076403903846796,0.20315059269992516,0.19708029197080293
2026-01-30,3645.0,3740.0,3638.0,3689.5,3689.5,619205,3689.5,0.006080947078164867,3739.79501953125,-0.013448603270655779,3824.902021484375,-0.03540012808794191,4086.971999511719,-0.09725341880473026,4166.246990966797,-0.11443080355064728,5391.4501953125,-0.315675770647428,4829.2998046875,-0.23601761141049216,0.08859060402684564,38.833402667402765,575315.5,441770.72,1.0762877064845289,1.401643368306528,False,False,-0.009290861348766,-0.007158068124436867,-0.11785097404663214,-0.13024516737388026,0.030601000103999798,0.2650719679226916,0.20310369106070228,0.19562043795620437
2026-02-02,3639.0,3683.300048828125,3600.0,3674.199951171875,3674.199951171875,212416,3674.199951171875,-0.004146916608788409,3737.5150146484375,-0.016940417156429355,3816.6860205078124,-0.03733240527785919,4076.5719970703126,-0.09870352987451414,4163.554489746094,-0.11753287720369465,5391.4501953125,-0.31851360615992663,4829.2998046875,-0.23918578266655588,0.07718120805369127,33.67032130126282,571161.3,438269.46,0.37190194783855274,0.48466986497302367,False,False,0.0023460970336408593,-0.012258749679466163,-0.09994610868653697,-0.1382197839399848,0.03998075318138805,0.26538546166638677,0.19795165601563047,0.19124087591240876
2026-02-03,3750.0,3802.39990234375,3709.0,3776.60009765625,3776.60009765625,412498,3776.60009765625,0.027870052758482755,3744.0300170898436,0.008699203910689457,3811.4580224609376,-0.009145561776955136,4066.74,-0.07134459108370583,4161.329990234375,-0.09245358899221934,5391.4501953125,-0.29952054440941556,4829.2998046875,-0.217981850290069,0.11812080536912752,45.67499892939283,563417.95,439900.52,0.732134998538829,0.9377074616779266,False,False,0.028878111801850403,0.03573486742266363,-0.05843926760003737,-0.09436224329990583,0.06105134319869143,0.27324305540097754,0.20422104546843725,0.19854014598540146
2026-02-04,3794.0,3849.0,3749.0,3824.300048828125,3824.300048828125,269849,3824.300048828125,0.012630395048042642,3752.060021972656,0.019253430497492063,3808.1940234375,0.004229307984703556,4058.6700024414063,-0.05774550615652441,4158.665989990234,-0.08040221118188295,5391.4501953125,-0.2906732121622686,4829.2998046875,-0.20810465212449314,0.14630872483221477,49.520613838998344,547629.55,430805.42,0.4927582888834249,0.6263825557255059,False,False,0.02371713435616174,0.04383549411705512,-0.048444874638436164,-0.08607956773135983,0.07180290467191863,0.2757522901194805,0.20602511158277284,0.20437956204379562
2026-02-05,3849.0,3949.5,3825.10009765625,3934.89990234375,3934.89990234375,867140,3934.89990234375,0.028920286615459423,3756.7250122070313,0.047428249221798335,3807.12001953125,0.033563397570069986,4052.121999511719,-0.02892857055688214,4156.628990478515,-0.053343487870260886,5391.4501953125,-0.2701592781539782,4829.2998046875,-0.1852028116944845,0.24026845637583893,57.10210705517862,525088.45,439211.0,1.6514170136478912,1.9743130295006273,True,False,0.07299846060652615,0.024286704059702124,-0.0337164310383663,-0.07468550209435632,0.10054819315857233,0.23832090625392302,0.2129614557216733,0.22481751824817517
2026-02-06,3934.800048828125,3949.0,3850.0,3889.89990234375,3889.89990234375,276165,3889.89990234375,-0.011436123184022207,3761.7300048828124,0.03407206186902578,3804.536015625,0.022437397456132935,4044.854997558594,-0.03830918421262863,4153.900489501953,-0.063554865559588,5391.4501953125,-0.278505826553725,4829.2998046875,-0.1945209327099413,0.20671140939597316,57.85635274488549,518885.3,437523.46,0.5322274498815056,0.6312004389433197,False,False,0.05431627655339466,0.026412964332136024,-0.041424371034068486,-0.10259313092180122,0.06146562591311655,0.23674078375099136,0.21406055369201124,0.22773722627737225
2026-02-09,3893.10009765625,3939.60009765625,3890.199951171875,3922.39990234375,3922.39990234375,224953,3922.39990234375,0.008354970774548276,3767.7849975585937,0.04103602113319682,3802.84201171875,0.03143908956947805,4037.568996582031,-0.028524365611033886,4150.971988525391,-0.055064714195491304,5391.4501953125,-0.27247776382057454,4829.2998046875,-0.18779117864322248,0.23087248322147652,60.37584573098848,500088.7,437281.7,0.4498262008319724,0.5144349740682036,False,False,0.06755210779770238,0.03185748348198869,-0.03448617788461539,-0.09999547369060258,-0.025187970837216578,0.23797515760750093,0.2148236811677011,0.23357664233576642
2026-02-10,3940.0,4019.0,3920.0,4002.199951171875,4002.199951171875,388861,4002.199951171875,0.02034469988142762,3776.2699951171876,0.0598288672014502,3802.9560107421876,0.05239186040198307,4030.628994140625,-0.007053252236828955,4148.488989257812,-0.035263209921670535,5391.4501953125,-0.25767654226843895,4829.2998046875,-0.17126703393167075,0.3006711409395973,73.48963716000904,416899.5,440837.56,0.9327451819923027,0.8820958903773989,False,False,0.05973623038765252,0.0442791783879648,-0.012704443007705124,-0.12193945783855309,0.01376694964884595,0.2461527695679009,0.21898905972300203,0.24817518248175183
2026-02-11,4014.0,4032.199951171875,3970.10009765625,4003.699951171875,4003.699951171875,324857,4003.699951171875,0.0003747938679476981,3785.109997558594,0.05774996070240279,3803.7640087890627,0.05256265686326378,4023.492995605469,-0.004919368433152993,4146.631488037109,-0.034469312567945054,5391.4501953125,-0.2573983239884474,4829.2998046875,-0.17095642989782223,0.30335570469798656,74.04378832036281,398444.95,442202.66,0.8153121278108808,0.7346337536730331,False,False,0.04691051958611969,0.046199287501574204,-0.0080521283368441,-0.13958140997133817,0.021391086757567734,0.24586851029550144,0.2188160235486819,0.24525547445255474
2026-02-12,4000.0,4000.0,3947.60009765625,3963.0,3963.0,197205,3963.0,-0.01016558475116558,3791.7449951171875,0.04516522210838181,3803.7880078125,0.041856168603638944,4015.519997558594,-0.013079251900258382,4144.612489013672,-0.0438189310810313,5391.4501953125,-0.2649473042623004,4829.2998046875,-0.17938414257210478,0.26174496644295303,67.18951906152176,383550.0,440287.4,0.5141572154868987,0.447900621276012,False,False,0.007141248406220546,0.03464479270037191,-0.008555977081368793,-0.16355345581708503,0.02517009857390229,0.24985329350797783,0.2189128952655302,0.24671532846715327
2026-02-13,3944.300048828125,3949.5,3887.0,3909.199951171875,3909.199951171875,219061,3909.199951171875,-0.013575586381056048,3795.689990234375,0.029904960950325465,3803.7780078125,0.027715062010151836,4006.8589990234377,-0.024372968421240815,4142.6084887695315,-0.056343373560504006,5391.4501953125,-0.2749260756279156,4829.2998046875,-0.19052448403028144,0.21610738255033557,67.64704946023411,394503.05,437478.46,0.5552834128912312,0.5007355104980483,False,False,0.00496157981250267,0.02059888294335832,-0.02913201262340126,-0.16681940524368222,0.04288439277407052,0.25574368577632617,0.22009188480921388,0.25547445255474455
2026-02-16,3850.0,3900.800048828125,3842.300048828125,3880.699951171875,3880.699951171875,239724,3880.699951171875,-0.007290494309828421,3800.939990234375,0.020984272612149857,3803.126005859375,0.020397416544438496,3998.9539965820313,-0.02957124425818103,4141.012489013672,-0.0628620508951423,5391.4501953125,-0.2802122229477553,4829.2998046875,-0.19642596067340412,0.2,64.71906038179259,365637.45,438270.6,0.6556330594691545,0.5469771415194175,False,False,-0.010631233991964417,0.027809413183749188,-0.05001225185511016,-0.17410825902808047,0.03665018062558434,0.25133924701689947,0.2183063772959549,0.24233576642335766
2026-02-17,3869.89990234375,3940.0,3869.89990234375,3902.89990234375,3902.89990234375,176705,3902.89990234375,0.005720604904064119,3807.7499877929686,0.024988487914336943,3802.142001953125,0.026500299131086313,3991.6439965820314,-0.022232467202553896,4140.315988769531,-0.05734250406726549,5391.4501953125,-0.27609460146046483,4829.2998046875,-0.19182903108325378,0.21073825503355706,62.46272652066514,354238.15,438119.6,0.4988310829875325,0.4033259411357082,False,False,-0.024811366258462253,0.03615895955012327,-0.033457181192731555,-0.174041846303155,0.04858877531014527,0.2513284211842209,0.2175387348110655,0.23795620437956205
2026-02-18,3903.0,3924.699951171875,3883.5,3915.199951171875,3915.199951171875,170546,3915.199951171875,0.0031515153183248046,3820.42998046875,0.024806100671290743,3803.0939990234374,0.029477565418373652,3984.337998046875,-0.01735245526581619,4139.799989013672,-0.054253837972328856,5391.4501953125,-0.2738132025079494,4829.2998046875,-0.18928206789488722,0.22416107382550335,70.1757208423605,336694.9,436166.38,0.5065297989366634,0.3910113383796339,False,False,-0.022104553557790063,0.06925929832642064,-0.018131673687304062,-0.16987532180503395,0.06313302823544342,0.22532226360286978,0.21620268666609765,0.2364963503649635
2026-02-19,3915.0,3944.0,3821.199951171875,3834.10009765625,3834.10009765625,286762,3834.10009765625,-0.020714102607033102,3829.2999877929688,0.0012535214996429733,3801.5760009765627,0.008555424558481128,3976.9169970703124,-0.035911460943055085,4138.939989013672,-0.07365168187182791,5391.4501953125,-0.28885551034307244,4829.2998046875,-0.2060753623258742,0.16778523489932887,60.73656954455839,327356.0,436787.76,0.8759943303315045,0.6565248073801335,False,False,-0.03252583960225841,0.04851372791128861,-0.03873539492986178,-0.18421664773237878,0.03907970382093762,0.24075092273523818,0.22024111179185948,0.2583941605839416
2026-02-20,3848.39990234375,3889.300048828125,3825.0,3866.39990234375,3866.39990234375,194556,3866.39990234375,0.008424350920635648,3836.4149780273438,0.007815870933708169,3802.577998046875,0.016783851463311406,3970.402998046875,-0.02619459429037463,4138.27298828125,-0.06569723329209776,5391.4501953125,-0.2828645796069261,4829.2998046875,-0.19938706257356875,0.19328859060402684,63.91947033056954,316610.25,429152.06,0.614496845885438,0.4533497986704293,False,False,-0.010948544296204288,0.0382105209194179,-0.03799362832529296,-0.1869795981690583,0.04596237044332474,0.23449587561646124,0.2203706536935023,0.2613138686131387
2026-02-23,3889.0,3900.0,3810.300048828125,3845.300048828125,3845.300048828125,438695,3845.300048828125,-0.005457235166707597,3845.3999755859377,-2.598605046211233e-05,3802.867998046875,0.011157907874541628,3963.556999511719,-0.029836066618484924,4137.62798828125,-0.07065109291629579,5391.4501953125,-0.2867781562423868,4829.2998046875,-0.20375619565061331,0.17852348993288591,55.63946993652176,329261.6,429988.26,1.3323600444145325,1.020248785397071,False,False,-0.009122040556900024,0.04902333762124611,-0.04037833966832072,-0.1878814487873921,0.044166605785920465,0.22694152054688355,0.22054541438177516,0.26423357664233577
2026-02-24,3840.0,3862.300048828125,3798.60009765625,3849.300048828125,3849.300048828125,395317,3849.300048828125,0.0010402309180577163,3854.3349731445314,-0.001306301697047041,3802.9939990234375,0.012176209012314532,3957.2960009765625,-0.027290339697052413,4137.012489013672,-0.06954594431358418,5391.4501953125,-0.28603624082907597,4829.2998046875,-0.20292791822701717,0.18523489932885906,52.210826486392186,330286.7,432930.76,1.1968904591071938,0.9131183009495559,False,False,-0.013733340556194462,0.048684124235156556,-0.036832215981952965,-0.17749998956663993,0.06290212586721666,0.2269657844982996,0.22052821795114194,0.26277372262773724
2026-02-25,3880.0,3945.800048828125,3857.800048828125,3888.199951171875,3888.199951171875,325095,3888.199951171875,0.010105708011926229,3861.9599731445314,0.006794471773351463,3804.24599609375,0.022068487464882658,3951.6790014648436,-0.016063817498698008,4136.3359887695315,-0.059989333137193124,5391.4501953125,-0.27882113154779753,4829.2998046875,-0.19487294050416126,0.2040268456375839,45.27040692950673,334409.7,434593.3,0.9721458438556059,0.748044205927703,False,False,-0.006896199513876322,0.040822336374247925,-0.018948880158204506,-0.18289377930611017,0.05755313275722185,0.22171750488759354,0.22098304935105062,0.2686131386861314
2026-02-26,3900.0,3900.60009765625,3820.0,3865.60009765625,3865.60009765625,415196,3865.60009765625,-0.005812420605790458,3871.87998046875,-0.0016219208354024683,3804.4219970703125,0.01608078720842454,3946.1510034179687,-0.020412524936818,4135.343488769531,-0.0652287752748546,5391.4501953125,-0.2830129264632497,4829.2998046875,-0.19955267761505446,0.1906040268456376,47.422041169846075,332740.3,429540.48,1.2478079751686226,0.9666050566409946,False,False,0.008215747945458096,0.054101262305311426,-0.02428187944526139,-0.19955267761505446,0.049009524465739585,0.21058800029888278,0.2212796727530054,0.272992700729927
2026-02-27,3880.199951171875,3883.0,3804.0,3847.60009765625,3847.60009765625,478983,3847.60009765625,-0.004656456836006795,3879.7849853515627,-0.008295533854795867,3804.85,0.011235685416310703,3941.6110034179687,-0.023850883732615236,4134.335489501953,-0.06935465023914755,5391.4501953125,-0.2863515458231485,4829.2998046875,-0.20327992602123712,0.1825503355704698,41.812618583148506,325729.2,431095.78,1.4704945089356434,1.1110825533945148,False,False,-0.004862353911219586,0.04285136133791845,-0.015883534360996543,-0.197296172900853,0.06175838782840626,0.21176163869490172,0.21985527593800017,0.2510948905109489
2026-03-02,3700.0,3833.10009765625,3700.0,3802.5,3802.5,378340,3802.5,-0.011721617764726244,3886.199987792969,-0.021537745884380843,3805.7560009765625,-0.0008555464343291685,3936.6060034179686,-0.03406640220065982,4132.980489501953,-0.07996178311061375,5391.4501953125,-0.2947166602213973,4829.2998046875,-0.21261877419390063,0.13288590604026845,26.344438345578936,334025.4,432120.96,1.132668353963501,0.8755418853091504,False,False,-0.011130483521349266,0.03491917983048376,-0.028313711559456056,-0.19339445877140227,0.05721913187700611,0.21642093629648518,0.22110970454358367,0.27153284671532846
2026-03-04,3772.199951171875,3795.0,3736.0,3760.89990234375,3760.89990234375,603969,3760.89990234375,-0.010940196622287957,3885.4149780273438,-0.032046789438900825,3804.5839990234376,-0.011481964044137372,3931.2710034179686,-0.043337409434784036,4130.836488037109,-0.0895548847708435,5391.4501953125,-0.3024325986329991,4829.2998046875,-0.22123287962091753,0.11275167785234899,23.734278344933813,343598.95,438898.5,1.7577731247432506,1.37610176384745,True,False,-0.022965252218072107,-0.004157230023439151,-0.04837939085244558,-0.2098617469919687,0.05320787622058343,0.1974416673738196,0.22109161815142295,0.27007299270072993
2026-03-05,3763.0,3853.0,3726.60009765625,3835.39990234375,3835.39990234375,516200,3835.39990234375,0.019809088764519478,3885.969970703125,-0.01301349952280384,3804.9199951171877,0.008010656535663463,3926.5740014648436,-0.023219758264349633,4128.9794885253905,-0.0711022147233985,5391.4501953125,-0.288614424060085,4829.2998046875,-0.20580621260643905,0.1704697986577181,37.13707426706058,355916.5,445063.24,1.450340178103572,1.159835173086863,False,False,-0.013579561105701687,0.0029024536186763594,-0.008325626874405412,-0.17185238181691287,0.08628475602740204,0.20509363430181385,0.22077476735119106,0.2671532846715328
2026-03-06,3825.0,3903.89990234375,3825.0,3875.800048828125,3875.800048828125,224906,3875.800048828125,0.010533489991405354,3883.0149780273437,-0.0018580740069367163,3805.8719970703123,0.018373726654927536,3922.1280029296877,-0.011811943431463079,4128.000988769531,-0.06109517430531963,5391.4501953125,-0.2811210512158918,4829.2998046875,-0.19744058029569256,0.19865771812080538,46.539584606481014,323804.8,444747.94,0.694572779649962,0.5056931798267575,False,False,0.0026386462422895995,-0.015019404554718951,-0.008746790581042219,-0.155543960630258,0.10509811324931384,0.17979681301326403,0.22068506782921385,0.2656934306569343
2026-03-09,3866.89990234375,3982.0,3814.5,3966.199951171875,3966.199951171875,933615,3966.199951171875,0.02332419144560438,3886.82998046875,0.020420232194862553,3809.1919970703125,0.041218178086670054,3919.7640014648437,0.011846618747883175,4127.2684875488285,-0.039025456391525326,5391.4501953125,-0.26435378098823636,4829.2998046875,-0.17872153074403618,0.26711409395973157,57.85124671003959,356677.3,456146.3,2.61753411276804,2.0467446518803287,True,True,0.030824371167853304,0.019614913170941106,0.03927885659561281,-0.14088292958590232,0.16517575406960217,0.19403015237076218,0.2200782730677261,0.25401459854014596
2026-03-10,3993.0,4000.0,3916.89990234375,3946.800048828125,3946.800048828125,320407,3946.800048828125,-0.0048913071914132855,3888.0499877929688,0.015110418132382453,3812.38,0.03525882751145604,3917.18,0.007561574609317168,4126.58898803711,-0.04356841442900872,5391.4501953125,-0.2679520526296246,4829.2998046875,-0.1827386560268608,0.2483221476510067,54.052075873410914,361450.0,457643.66,0.8864490247613778,0.7001233230238566,False,False,0.037948730789776564,0.006220718716058338,0.030280880892096018,-0.1514082887920608,0.14293991214981405,0.19310392270382798,0.22028220621453776,0.25985401459854013
2026-03-11,3946.800048828125,3992.0,3908.10009765625,3944.800048828125,3944.800048828125,380922,3944.800048828125,-0.0005067396309053063,3885.1799926757812,0.015345506840027445,3815.5160009765623,0.03388376508406021,3914.031999511719,0.007860960084190571,4125.608989257813,-0.043826000210023586,5391.4501953125,-0.26832301033628003,4829.2998046875,-0.18315279473865886,0.24295302013422818,52.78510823242728,361053.05,460471.4,1.0550305557590498,0.8272435595348593,False,False,0.04889791040962588,-0.014342087612824739,0.026489734277419963,-0.16000172804268076,0.15737594233456154,0.1781144966445443,0.2202264826787791,0.2569343065693431
2026-03-12,3928.199951171875,3975.0,3856.199951171875,3953.60009765625,3953.60009765625,352801,3953.60009765625,0.002230797180896138,3882.675,0.01826707042341935,3819.5180029296876,0.03510445418079389,3910.406999511719,0.011045678403788894,4124.684990234375,-0.04147829300496553,5391.4501953125,-0.26669078737041163,4829.2998046875,-0.1813305742959389,0.2563758389261745,63.014604843890254,362450.25,457741.68,0.9733777256326903,0.7707425725356712,False,False,0.030818219304920458,-0.012513388647159007,0.03345880299365822,-0.161893400600143,0.13789037204094123,0.1783794866703902,0.21999900389198562,0.25255474452554744
2026-03-13,3945.0,4056.0,3825.0,3834.300048828125,3834.300048828125,913594,3834.300048828125,-0.030175041957037574,3876.2400024414064,-0.010819751508385989,3820.5600048828123,0.003596342925579643,3905.725,-0.018287245305769084,4123.386490478516,-0.0701089850097566,5391.4501953125,-0.28881842362899157,4829.2998046875,-0.20603395856550277,0.1691275167785235,47.06099046639768,398269.7,463253.08,2.2939078719772055,1.9721272009675574,True,True,-0.010707466710659586,-0.03247538510519177,-0.005833851824088354,-0.194525511806533,0.082982643363402,0.20483492086852695,0.22827678852698635,0.31532846715328466
2026-03-16,3824.300048828125,3834.800048828125,3736.10009765625,3817.89990234375,3817.89990234375,401345,3817.89990234375,-0.004277220424986683,3871.675,-0.01388936252558648,3822.5960009765627,-0.0012285103190640134,3901.1510009765625,-0.021340137465064135,4122.264489746094,-0.07383431804519924,5391.4501953125,-0.29186030399331986,4829.2998046875,-0.20942992633467217,0.14093959731543623,47.46951061407168,407383.9,460939.86,0.985176390132256,0.8707101182353811,False,False,-0.037390966328943565,-0.023355174963807013,-0.002169266879422427,-0.2004900093191957,0.06241646220841002,0.20021377665690512,0.2278563130254131,0.31386861313868614
2026-03-17,3827.800048828125,3853.0,3775.0,3781.39990234375,3781.39990234375,229556,3781.39990234375,-0.00956022969004322,3866.709997558594,-0.022062708418450816,3823.827998046875,-0.011095712392083623,3896.22,-0.029469613537287387,4120.9599890136715,-0.0823982973809928,5391.4501953125,-0.29863028213978116,4829.2998046875,-0.21698795782498714,0.12080536912751678,44.084323997796396,406875.5,459620.98,0.5641922406239747,0.49944630464866946,False,False,-0.04190740459058351,-0.025588179987514614,0.006440953765137536,-0.19048643940836774,0.04929584525667696,0.20130294002788687,0.22563259031823396,0.3007299270072993
2026-03-18,3800.0,3905.300048828125,3790.300048828125,3844.0,3844.0,340765,3844.0,0.016554741437807108,3863.765002441406,-0.005115477372178989,3827.7819970703126,0.004236919172016629,3891.98,-0.012327915354138463,4120.169488525391,-0.06702867182879702,5391.4501953125,-0.28701928780829744,4829.2998046875,-0.20402539592409052,0.17583892617449665,46.30188036380854,415078.5,455088.98,0.8209651909217173,0.7487876326954787,False,False,-0.02555263830370047,-0.015091317691334982,0.006414452153423289,-0.17046114913795007,0.05847207285019573,0.2097524913836609,0.22562429882097948,0.29927007299270075
2026-03-19,3801.0,3872.60009765625,3771.0,3808.199951171875,3808.199951171875,426306,3808.199951171875,-0.009313228103050242,3858.415002441406,-0.01301442463751501,3830.6719970703125,-0.005866345621766689,3887.923000488281,-0.020505305610834856,4119.08298828125,-0.07547384648326694,5391.4501953125,-0.293659439814014,4829.2998046875,-0.21143848897608453,0.13557046979865772,45.30123641049644,427866.5,451902.76,0.9963528343537061,0.9433578144112242,False,False,-0.03677664480294052,-0.02732938325869494,-0.0027235495255861775,-0.1802918525827365,0.03647052468041667,0.2113951713830612,0.22646546849699073,0.30364963503649633
2026-03-20,3822.10009765625,3848.0,3748.699951171875,3770.800048828125,3770.800048828125,386084,3770.800048828125,-0.009820887249431642,3855.25,-0.02190518155032095,3829.25599609375,-0.015265614867550403,3883.052001953125,-0.0289081766271837,4117.660988769531,-0.08423737186898861,5391.4501953125,-0.3005963308153009,4829.2998046875,-0.2191828626650918,0.11543624161073826,43.90669666187709,432832.6,433265.2,0.8919938100780764,0.8911031857624383,False,False,-0.01656104091786126,-0.016509753844668684,-0.014993966635984846,-0.17599757705298025,-0.006926351202687142,0.2014280748258137,0.2273025083789009,0.30802919708029197
2026-03-23,3750.0,3752.0,3630.0,3655.60009765625,3655.60009765625,296381,3655.60009765625,-0.030550532958563137,3844.710009765625,-0.04918704183905487,3826.5719970703126,-0.044680173153663794,3877.39900390625,-0.05720301316076859,4115.5664892578125,-0.11176259521068055,5391.4501953125,-0.321963485662068,4829.2998046875,-0.24303724235385282,0.06308724832214765,39.511649229718,437923.85,431188.26,0.676786614841827,0.6873586957121699,False,False,-0.04251023045100444,-0.05452095231011067,-0.038050590856682276,-0.19084504500103427,-0.04436252032670285,0.22410379887064621,0.23527826922215508,0.3518248175182482
2026-03-24,3730.0,3820.5,3685.10009765625,3756.5,3756.5,416887,3756.5,0.027601460676303535,3840.2700073242186,-0.021813572265609205,3825.67599609375,-0.018082032081227717,3872.6700048828125,-0.02999739320322692,4113.581489257813,-0.08680549788312053,5391.4501953125,-0.30324868747447176,4829.2998046875,-0.22214396456525642,0.1087248322147651,49.710380346360814,436833.45,427508.3,0.9543385471053097,0.9751553361654032,False,False,-0.006584837093880691,-0.023093139079013447,-0.008158605676846564,-0.17073222786746267,-0.01798553001069858,0.24815035573519872,0.24214798238615448,0.3883211678832117
2026-03-25,3780.0,3939.0,3761.0,3910.800048828125,3910.800048828125,1335663,3910.800048828125,0.041075482185045864,3843.345007324219,0.017551128346624534,3827.2419970703127,0.021832445354063035,3870.1670043945314,0.010499041614342453,4112.127489013672,-0.04895943540744574,5391.4501953125,-0.27462929134942204,4829.2998046875,-0.19019315283922622,0.2214765100671141,54.49131125364764,483850.75,413168.66,2.7604855422875754,3.2327306722634774,True,True,0.01737774423208238,0.01597693066788164,0.03241817550900872,-0.12615629124448657,0.017060256550834874,0.2898194907034793,0.25637981281584116,0.5416058394160584
2026-03-27,3900.0,3940.0,3865.5,3903.199951171875,3903.199951171875,1548765,3903.199951171875,-0.0019433613484093337,3844.095007324219,0.015375515884764157,3828.767998046875,0.019440183673434586,3867.66400390625,0.009187961319735871,4110.74798828125,-0.05048911723633864,5391.4501953125,-0.27603894874788193,4829.2998046875,-0.19176690016567566,0.21208053691275167,51.69848121909273,545034.25,430265.0,2.841592065085818,3.599560735825596,True,True,0.02494616911351155,0.0038578262919526374,0.03988276306697092,-0.12285668513215986,0.004839885001742816,0.2879208701346338,0.2556334111583432,0.5372262773722628
2026-03-30,3897.60009765625,4015.0,3877.0,3956.800048828125,3956.800048828125,1738503,3956.800048828125,0.01373234738849538,3848.6550048828126,0.02809943832536521,3831.297998046875,0.03275705801147,3865.672004394531,0.023573661792826384,4110.131988525391,-0.03730584324915487,5391.4501953125,-0.2660972640963476,4829.2998046875,-0.18066796246787042,0.25771812080536916,49.38945838098482,611199.6,455132.98,2.844411220164411,3.819769334228427,True,True,0.04932640224660134,0.023592702004320287,0.04616363489776676,-0.10447217628960392,0.016597322456879393,0.29071932703323305,0.2566340937479681,0.5445255474452555
2026-04-01,4075.0,4294.7998046875,4066.10009765625,4271.10009765625,4271.10009765625,2710202,4271.10009765625,0.07943288641062618,3869.8300048828123,0.10369191728503058,3840.1139990234374,0.11223263130792849,3866.559006347656,0.10462560913837504,4111.096489257812,0.03891993506270719,5391.4501953125,-0.20780125143886485,4829.2998046875,-0.11558605379799369,0.4899328859060403,65.22963815975784,722760.55,509337.02,3.7497923759120497,5.321038710282633,True,True,0.1683718086107453,0.11006861140739987,0.1493501212063797,-0.0070903848120651425,0.09372358988177143,0.4003372273717779,0.3001812433842618,0.6335766423357664
2026-04-02,4228.39990234375,4393.7001953125,4190.2998046875,4362.39990234375,4362.39990234375,1579436,4362.39990234375,0.02137618004729047,3897.825,0.11918824019645569,3851.847998046875,0.1325472616146215,3869.361005859375,0.127421270782893,4112.538488769531,0.06075600611557497,5391.4501953125,-0.1908670683563839,4829.2998046875,-0.09668066204764492,0.5395973154362416,68.0935773469705,782815.35,524585.02,2.0176354487683463,3.010829398064016,True,True,0.1612937314904166,0.1472452077169626,0.1727511815367786,0.01380429987072973,0.09092724044108702,0.3986561513149996,0.30264208942552173,0.6408759124087591
2026-04-06,4450.0,4562.60009765625,4353.10009765625,4551.2998046875,4551.2998046875,1915220,4551.2998046875,0.04330183077490468,3937.3449951171874,0.1559311694382115,3867.5399951171876,0.17679450256068896,3874.76400390625,0.17460051763132323,4115.03548828125,0.10601714557471942,5391.4501953125,-0.15583013107594945,4829.2998046875,-0.05756528093993307,0.5852348993288591,72.40085688027796,848377.9,554795.6,2.257508122264854,3.452118221557633,True,True,0.1637771678077229,0.21016244060395795,0.24819673195853165,0.059822072509721824,0.1534835038167972,0.412213195435671,0.31003725630300943,0.6773722627737226
2026-04-07,4485.7001953125,4558.7998046875,4453.10009765625,4466.0,4466.0,601591,4466.0,-0.018741855809992436,3968.875,0.1252558974520488,3883.6279931640624,0.14995566204101562,3879.23400390625,0.15125821115789795,4116.93048828125,0.08478877958041031,5391.4501953125,-0.1716514410384642,4829.2998046875,-0.07522825655488763,0.5704697986577181,74.294285914412,852647.45,556399.2,0.7055565579888852,1.0812218996720342,False,False,0.14418939738384484,0.16441573596299586,0.21898628695603217,0.037374253488634546,0.0986469864698647,0.42250322149300645,0.31347617873449296,0.7328467153284671
2026-04-08,4521.2998046875,4538.5,4355.0,4368.7998046875,4368.7998046875,1093580,4368.7998046875,-0.02176448618730409,3993.5249877929687,0.09397081977491961,3897.869990234375,0.12081721956683533,3882.2000024414065,0.12534125030654897,4118.478986816406,0.0607799186720126,5391.4501953125,-0.18968002180825583,4829.2998046875,-0.09535543839150784,0.5422818791946309,69.94713380052849,896081.15,568800.0,1.2204028619506169,1.9226090014064698,False,False,0.10412448210047809,0.12719948130668834,0.13723440588021973,0.011202644069474577,0.06994510602735926,0.4352651952668854,0.3032601562992458,0.6452554744525547
2026-04-09,4351.0,4430.0,4322.2998046875,4415.60009765625,4415.60009765625,549708,4415.60009765625,0.01071239128845769,4015.9949951171875,0.09950338658910662,3911.699990234375,0.12881869997184592,3885.7760034179687,0.1363496232856043,4119.4149877929685,0.07189979905908106,5391.4501953125,-0.1809995571330113,4829.2998046875,-0.08566453187058243,0.5570469798657718,72.79327581498944,876885.8,571604.74,0.6268866481815534,0.9616925150060862,False,False,0.033832033128723404,0.11330748626316556,0.16512745811527285,0.05068290940144138,0.1029073808448524,0.4310251884027215,0.30192492046951847,0.635036496350365
2026-04-10,4415.60009765625,4437.10009765625,4348.2998046875,4400.60009765625,4400.60009765625,441927,4400.60009765625,-0.003397046758822575,4038.6849975585938,0.08961211392233759,3926.399990234375,0.12077223629820999,3889.157004394531,0.13150487179710568,4120.402487792969,0.06800248536238618,5391.4501953125,-0.1837817399329269,4829.2998046875,-0.08877057220906803,0.5543624161073826,70.71301195300492,882961.8,576729.92,0.5005052313701454,0.7662633490560018,False,False,0.008756692684679379,0.11497923462397508,0.15765660198617537,0.04646625446311936,0.06773099009208927,0.4305695049703238,0.30218438534557795,0.6364963503649635
2026-04-13,4300.0,4477.2001953125,4284.2001953125,4448.0,4448.0,874894,4448.0,0.010771236034147869,4063.8449951171874,0.09452993540461918,3941.94798828125,0.1283761260227576,3893.1000048828123,0.14253422578953012,4121.140988769531,0.07931274666923271,5391.4501953125,-0.17499006039836296,4829.2998046875,-0.0789555049610704,0.5651006711409396,73.6053745528427,907660.4,586731.5,0.9639001547274729,1.4911318039000803,False,False,-0.022696769960332874,0.12756031863297101,0.16060013046314414,0.04422948117768444,0.0697965772631306,0.4302400136517698,0.3024324853160613,0.6394160583941606
2026-04-15,4500.0,4509.60009765625,4368.0,4473.2998046875,4473.2998046875,846585,4473.2998046875,0.00568790573010336,4089.82998046875,0.09376180086948249,3956.6999853515626,0.1305633030678306,3897.471003417969,0.1477442168946339,4121.828488769531,0.08527072799744073,5391.4501953125,-0.1702974816355105,4829.2998046875,-0.07371669070005826,0.5718120805369128,76.15217900666693,932349.6,598810.5,0.9080124022147915,1.4137778145172806,False,False,0.0016345285910210894,0.13144974053884084,0.1689095400556122,0.03642170095096109,0.10727986158575686,0.42997463317067713,0.30237118575293914,0.637956204379562
2026-04-16,4496.10009765625,4506.89990234375,4386.0,4428.2998046875,4428.2998046875,342142,4428.2998046875,-0.010059687918266835,4119.529968261719,0.0749526860599754,3971.921982421875,0.11490100366657985,3901.782001953125,0.13494290620819283,4122.716987304688,0.07412170622524195,5391.4501953125,-0.1786440300352573,4829.2998046875,-0.08303481171551497,0.5597315436241611,80.35194305571486,903777.0,596681.66,0.37856904966601274,0.5734079374921629,False,False,0.013619301103282355,0.15491738995254667,0.15612347550744277,0.02923876924753044,0.10070464988334726,0.4127813581610604,0.3034940804605929,0.6467153284671533
2026-04-17,4446.0,4644.0,4435.10009765625,4628.5,4628.5,1366449,4628.5,0.04520926860023833,4160.059973144531,0.1126041523149921,3990.701982421875,0.1598210090323653,3907.802001953125,0.18442541297810622,4124.4774877929685,0.12220275506382672,5391.4501953125,-0.141511127372712,4829.2998046875,-0.04157948622129359,0.6026845637583893,81.77378938506178,952032.2,611626.54,1.435297041423599,2.234123130104851,False,False,0.04821539488069915,0.21231570192781501,0.2083909722466999,0.08261413501931392,0.14175410745355044,0.43096539848450155,0.3157369068710985,0.781021897810219
2026-04-20,4629.89990234375,4634.2998046875,4550.60009765625,4605.2001953125,4605.2001953125,521891,4605.2001953125,-0.0050339861051096335,4201.249987792969,0.09615000504450766,4009.3219873046874,0.14862318613836223,3913.00400390625,0.17689636675946363,4125.926489257812,0.11616147483541361,5391.4501953125,-0.14583274842890903,4829.2998046875,-0.04640416177050766,0.5986577181208054,77.97293642449628,966648.95,617816.04,0.5398971363906204,0.8447352710363427,False,False,0.04649368111526875,0.21785590369803254,0.2196944288126419,0.07736581946718912,0.11255536264790411,0.42853120238735554,0.3141020964174368,0.7518248175182481
2026-04-21,4605.2001953125,4627.2998046875,4550.0,4589.39990234375,4589.39990234375,411473,4589.39990234375,-0.0034309676666895994,4238.519982910157,0.08278359447362571,4025.5779833984375,0.14005986749493493,3918.5180029296876,0.17120806869139726,4127.305988769531,0.1119601780996089,5391.4501953125,-0.1487633686509946,4829.2998046875,-0.04967591825856288,0.5932885906040268,77.46117619334122,970184.35,617795.54,0.4241183647210966,0.6660342675830906,False,False,0.03178954639023157,0.1939125656461369,0.21841398620453467,0.07530456943386832,0.11083139352384119,0.4304937413716307,0.31419327438561223,0.7547445255474453
2026-04-22,4589.2001953125,4628.89990234375,4532.10009765625,4594.7998046875,4594.7998046875,325451,4594.7998046875,0.0011766031417292933,4277.8499755859375,0.07409091737915596,4040.987978515625,0.13704862006922047,3924.5910009765626,0.1707716303543907,4128.418488769531,0.11296851740846003,5391.4501953125,-0.14776180095619418,4829.2998046875,-0.048557763958324895,0.5973154362416108,76.55676747393099,965141.6,618907.58,0.3372054421858927,0.5258474940636533,False,False,0.027161157379320233,0.20655424179436,0.2548611760275463,0.09039130287169272,0.09070182820039374,0.4260846616732967,0.30736231295271815,0.6598540145985401
2026-04-23,4590.0,4595.0,4512.2001953125,4521.2001953125,4521.2001953125,256265,4521.2001953125,-0.016018023092086775,4315.369982910156,0.04769700239318486,4052.713984375,0.11559814305764493,3929.917001953125,0.15045691628233215,4128.762490234375,0.09504971671447437,5391.4501953125,-0.1614129721084363,4829.2998046875,-0.06379798766602707,0.5798657718120805,63.019272503778396,958650.65,606690.08,0.26731844389820214,0.4223985333664925,False,False,0.020978794282776825,0.19900290038385404,0.2364154170931021,0.061838065480077864,0.07099376887658426,0.4304090963386391,0.3099073494058918,0.672992700729927
2026-04-24,4559.5,4559.5,4416.0,4443.5,4443.5,214778,4443.5,-0.01718574536758144,4354.764978027344,0.020376535225295145,4063.785986328125,0.09343848690589374,3934.1610009765627,0.12946572316105165,4129.020490722656,0.07616322321091307,5391.4501953125,-0.17582471523833765,4829.2998046875,-0.07988731706261598,0.5637583892617449,54.28240078257018,954570.5,605462.34,0.2249996202480592,0.3547338716393162,False,False,-0.0399697526196392,0.21553230148147318,0.19317415844877583,0.05273759217380314,0.019829680385407222,0.4163162252959406,0.31128237126533853,0.6963503649635037
2026-04-27,4489.7998046875,4529.0,4460.2998046875,4507.10009765625,4507.10009765625,478314,4507.10009765625,0.014313063498649692,4392.294982910156,0.02613784256130014,4075.479990234375,0.10590657013557148,3939.1610009765627,0.14417768061241687,4129.812490234375,0.09135707936232795,5391.4501953125,-0.16402824205352617,4829.2998046875,-0.06671768580582027,0.5758389261744966,47.31014473115711,957641.85,610529.56,0.4994706528333113,0.7834411817832374,False,False,-0.02130202672971815,0.19981368232563557,0.22956677694821304,0.0656594792936489,0.03795230646922354,0.41156269605395085,0.30959650275820155,0.67007299270073
2026-04-28,4506.39990234375,4600.5,4480.0,4544.39990234375,4544.39990234375,447096,4544.39990234375,0.008275787952190417,4423.9749755859375,0.02722097828816561,4086.3239892578126,0.11209975378607617,3944.64,0.15204426825863715,4131.228989257813,0.10001162224613558,5391.4501953125,-0.1571099170507413,4829.2998046875,-0.058994039274019694,0.5838926174496645,55.067211249150276,913213.5,611694.26,0.4895854036323379,0.7309141661718388,False,False,-0.009805203503189808,0.16201284790959436,0.23805366464340216,0.0921150166282696,0.02452876776357482,0.39424939412109844,0.30970407784993975,0.6715328467153284
2026-04-29,4558.0,4639.89990234375,4558.0,4593.39990234375,4593.39990234375,299310,4593.39990234375,0.01078250177206641,4458.484973144531,0.03026026329837883,4098.11798828125,0.12085594301549651,3950.9409985351563,0.16260908579672306,4133.014489746094,0.11139216030813848,5391.4501953125,-0.14802145323768368,4829.2998046875,-0.04884764083496673,0.5959731543624162,65.48112268354134,850740.75,611183.32,0.35182280853479747,0.4897221344325955,False,False,-0.00030467102012188274,0.17682925799500815,0.22959551419615964,0.10591065422986645,0.018921453126528265,0.3926538703637595,0.3086890721507234,0.6642335766423357
2026-04-30,4584.0,4615.0,4511.0,4585.89990234375,4585.89990234375,528855,4585.89990234375,-0.0016327774980300358,4489.939965820313,0.0213722092620241,4110.575986328125,0.11563438252852265,3957.1819970703127,0.15888020963880534,4134.8789892578125,0.10907717354187763,5391.4501953125,-0.14941254463764153,4829.2998046875,-0.05040066100420948,0.5912751677852349,62.41072013163176,790258.35,617816.32,0.6692178576790742,0.8560068468246356,False,False,0.014310294664308332,0.15899207585734443,0.2505180964780225,0.10344078497202847,0.01936074096151086,0.39370247160622873,0.3054929338024404,0.6525547445255474
2026-05-01,4585.89990234375,4585.89990234375,4585.89990234375,4585.89990234375,4585.89990234375,0,4585.89990234375,0.0,4505.679956054688,0.017804182070513708,4124.1099853515625,0.111973230256327,3963.943996582031,0.15690330294726906,4136.853989257813,0.10854768243016966,5391.4501953125,-0.14941254463764153,4829.2998046875,-0.05040066100420948,0.5912751677852349,63.80568563138273,654748.25,613435.1,0.0,0.0,False,False,0.03204678796978744,0.07370461883116364,0.24295972417502365,0.096475709980264,0.048157729389614934,0.28867466906318884,0.3055626858537704,0.654014598540146
2026-05-04,4585.0,4585.0,4351.0,4376.5,4376.5,1358897,4376.5,-0.04566168185152286,4506.3849609375,-0.028822429078602108,4134.025986328125,0.05865323887023788,3968.57599609375,0.1027885075925894,4137.891489257812,0.05766427451314948,5391.4501953125,-0.1882517984112939,4829.2998046875,-0.09376096390785171,0.5463087248322148,45.70879645150475,643721.3,635818.56,2.1110020749662937,2.137240221487086,True,True,-0.028976524777908463,0.0032321882385597522,0.19114366614808986,0.07209349182997271,0.0022213510456987606,0.3294781597146484,0.321603892022802,0.8423357664233576
2026-05-05,4380.0,4385.89990234375,4303.0,4358.7001953125,4358.7001953125,318092,4358.7001953125,-0.004067132340340507,4496.75498046875,-0.03070098009695399,4143.1419921875,0.05202771315380117,3972.6419970703123,0.0971792068167463,4139.363990478516,0.05298789991373254,5391.4501953125,-0.1915532857741885,4829.2998046875,-0.09744675799962099,0.5375838926174497,43.05961339651343,563864.9,638646.3,0.5641280384716267,0.4980722506338798,False,False,-0.04086341673748306,-0.0423174955815121,0.15413336932801025,0.0866866605117178,0.011299349260440739,0.28788380201102975,0.31774245342483726,0.8204379562043795
2026-05-06,4363.39990234375,4444.5,4342.10009765625,4432.2001953125,4432.2001953125,396395,4432.2001953125,0.016862825316374064,4495.064990234375,-0.013985291660621124,4153.481997070313,0.06710470839617999,3978.287998046875,0.1140973698959129,4141.468491210938,0.07020014874399161,5391.4501953125,-0.17792059005460215,4829.2998046875,-0.0822271603410416,0.5610738255033557,50.22833347435051,553605.1,643163.28,0.716024834308788,0.616320944193207,False,False,-0.03509376724395341,-0.007568250041983915,0.1589572310547791,0.10281169328502116,0.05531091177652003,0.2881684252002216,0.31843155323194733,0.8248175182481752
2026-05-07,4430.0,4437.2001953125,4371.0,4386.5,4386.5,320800,4386.5,-0.010310950159885035,4495.95,-0.02434413194096907,4164.529995117187,0.05330013354281693,3983.052998046875,0.1012908947360125,4143.267491455078,0.058705480408048905,5391.4501953125,-0.18639700987801688,4829.2998046875,-0.09169027034886135,0.548993288590604,32.70439285863846,514966.1,643844.04,0.6229536274329515,0.49825731088541253,False,False,-0.043481084757615696,0.004051500664669749,0.11476787437140712,0.07718188021137751,0.08517640220353506,0.27955181220642106,0.31473982649678506,0.7693430656934307
2026-05-08,4410.2001953125,4448.0,4382.39990234375,4402.10009765625,4402.10009765625,266657,4402.10009765625,0.0035563883862419488,4495.275,-0.020727297516558996,4175.243999023438,0.05433361467877629,3988.910998535156,0.1035844367730514,4144.847991943359,0.062065510294449844,5391.4501953125,-0.18350352165293538,4829.2998046875,-0.0884599681752195,0.5557046979865772,35.323014429669215,500813.55,645286.06,0.5324476544214908,0.4132384325798081,False,False,-0.04007933199622693,-0.0030573420829403952,0.13167438961704092,0.08479548981179152,0.09548581640386389,0.27717749992748797,0.31350290242599493,0.7357664233576642
2026-05-11,4401.39990234375,4431.7998046875,4368.60009765625,4389.39990234375,4389.39990234375,165017,4389.39990234375,-0.002885031014915329,4494.714990234375,-0.023430871171908008,4186.12599609375,0.048558955568868134,3994.4969970703123,0.09886173542327659,4146.515491943359,0.058575546352669594,5391.4501953125,-0.18585913931653575,4829.2998046875,-0.09108978943837087,0.5503355704697986,35.48199356047019,486968.05,639812.5,0.3388661740744593,0.2579146234248315,False,False,0.002947538522506621,-0.0025451518120143124,0.1190597622952605,0.08046766826923069,0.09567903830254965,0.27710041800966756,0.31341469102858327,0.7299270072992701
2026-05-12,4389.0,4419.2001953125,4325.0,4331.7001953125,4331.7001953125,245222,4331.7001953125,-0.013145238145296556,4488.9,-0.03501967178763166,4195.773999023438,0.03239597659947813,3999.3839990234374,0.0830918452367182,4147.93099243164,0.0443038235728046,5391.4501953125,-0.19656121481403666,4829.2998046875,-0.10303763060889515,0.5221476510067115,32.249376059118234,455484.45,636810.6,0.53837622777243,0.38507838908460384,False,False,-0.006194507259076221,-0.026146538823628607,0.082329780660795,0.06857938364684801,0.08297918456739262,0.2777939141758286,0.3125859326387867,0.7138686131386861
2026-05-13,4331.7001953125,4388.89990234375,4325.0,4334.7001953125,4334.7001953125,225236,4334.7001953125,0.0006925687062198094,4481.97001953125,-0.03285827963529131,4204.70400390625,0.030916847246674317,4004.475,0.08246404218093506,4149.4859936523435,0.044635456522443384,5391.4501953125,-0.1960047782540535,4829.2998046875,-0.10241642254119798,0.5248322147651007,36.092468307233396,424417.0,634813.42,0.5306950475593579,0.35480661388664403,False,False,-0.021998103809281022,-0.030983751464581877,0.08267358897455379,0.07395576228921907,0.09068267167966937,0.27672014611817075,0.3125816940933954,0.7124087591240876
2026-05-14,4370.0,4388.0,4281.2001953125,4341.39990234375,4341.39990234375,309428,4341.39990234375,0.0015455987102626079,4477.625024414063,-0.030423521694548095,4214.22,0.03017875249601354,4009.3209985351564,0.082826719020483,4151.026492919922,0.04586176690236332,5391.4501953125,-0.1947621242762657,4829.2998046875,-0.10102911852152485,0.5288590604026846,41.484555394921706,422781.3,632698.06,0.7318866752148215,0.489061085472587,False,False,-0.010281567914339429,-0.019623762205929096,0.09548319514099157,0.08611026603034078,0.09289094982161461,0.2749797243744384,0.3116329005901852,0.7051094890510949
2026-05-15,4341.39990234375,4387.0,4330.2998046875,4358.7001953125,4358.7001953125,145953,4358.7001953125,0.003984957239117737,4464.135034179688,-0.02361820107589152,4224.442001953125,0.03178128455717988,4014.6460009765624,0.08569975889586434,4152.600494384766,0.049631478204182455,5391.4501953125,-0.1915532857741885,4829.2998046875,-0.09744675799962099,0.5375838926174497,36.58713115195423,361756.5,626037.46,0.40345646864672785,0.23313780616258972,False,False,-0.00985890856204219,-0.05829098081181805,0.11498522709381409,0.08250346338321113,0.08331059905865534,0.21601399436139818,0.31002840111353225,0.6759124087591241
2026-05-18,4335.2998046875,4345.60009765625,4268.0,4304.7001953125,4304.7001953125,168644,4304.7001953125,-0.01238901451815233,4449.110034179687,-0.03245814056244467,4234.486005859375,0.01658151410961506,4020.121003417969,0.0707887129896283,4154.018995361328,0.03627359434789135,5391.4501953125,-0.2015691438538847,4829.2998046875,-0.10862850321816919,0.508724832214765,28.970016835810156,344094.15,621843.54,0.4901100469159385,0.27120005138269987,False,False,-0.01929642067609838,-0.06525232069300058,0.10925870319156927,0.053782177555079524,0.05920132178707971,0.21853658157590353,0.31085597314785063,0.6875912408759124
2026-05-19,4304.0,4315.5,4211.0,4236.0,4236.0,367515,4236.0,-0.01595934494748541,4431.4400390625,-0.04410305393725833,4243.9880078125,-0.001882193775711638,4024.286003417969,0.052609083052798544,4155.213995361328,0.019442080414837193,5391.4501953125,-0.21431157730383665,4829.2998046875,-0.12285420841166683,0.4738255033557047,19.691329448174372,341896.25,617114.46,1.0749313571002899,0.5955378196777305,False,False,-0.02209298681752281,-0.07700351023306407,0.08534682056698872,0.04903417533432397,0.046132582011432444,0.22313038081529304,0.31289103061678913,0.7182481751824817
2026-05-20,4235.0,4240.2001953125,4111.0,4144.2001953125,4144.2001953125,346215,4144.2001953125,-0.021671341994216275,4408.91005859375,-0.06003975126806771,4250.164013671875,-0.02493170099283515,4027.5420043945314,0.028965108443482546,4156.185496826172,-0.002883726321364799,5391.4501953125,-0.2313384998129815,4829.2998046875,-0.14186313483996515,0.4261744966442953,17.228092369870737,342934.45,613714.76,1.0095661138739487,0.5641301506256751,False,False,-0.043947676059812535,-0.09806729967109984,0.05849005082667147,0.03929785462382451,0.01735612994046898,0.23083756663236224,0.31646482981734625,0.7956204379562044
2026-05-21,4167.39990234375,4253.0,4122.2998046875,4137.2001953125,4137.2001953125,498131,4137.2001953125,-0.0016891075889426954,4389.71005859375,-0.057523130209228834,4255.392016601562,-0.0277746023933777,4030.6320068359373,0.026439572825259994,4156.876497802735,-0.004733434467113828,5391.4501953125,-0.23263685178627547,4829.2998046875,-0.14331262033125836,0.41879194630872485,17.050978749830577,355027.75,619179.26,1.4030762384067161,0.8045020758608743,False,False,-0.047035452071810036,-0.08493319990522086,0.07905377792341217,0.0372562036849895,-0.012530729539726448,0.22738173405226084,0.3132386162368012,0.7255474452554744
2026-05-22,4145.0,4159.0,4103.60009765625,4117.0,4117.0,207036,4117.0,-0.004882576225193835,4373.38505859375,-0.05862393893031448,4258.408017578125,-0.033206779856324586,4033.8000073242188,0.02062571087429066,4156.054498291016,-0.009397013034134982,5391.4501953125,-0.2363835608498337,4829.2998046875,-0.14749546176365258,0.4120805369127517,23.61196899311024,354640.65,604647.68,0.5837909444391104,0.3424076645758402,False,False,-0.05545235608827437,-0.0734781140992461,0.06481484170955532,0.02435866237838691,-0.021346346119784254,0.22229226454142584,0.3131616043285189,0.724087591240876
2026-05-25,4150.0,4154.89990234375,4077.60009765625,4097.2001953125,4097.2001953125,284287,4097.2001953125,-0.004809279739494743,4352.890063476562,-0.05874025404626193,4261.416020507812,-0.03853550660274274,4036.8980102539062,0.014937752924503833,4155.203499755859,-0.013959197051785166,5391.4501953125,-0.2400560059193837,4829.2998046875,-0.15159539456722004,0.40671140939597317,23.51631592585487,344939.3,603925.28,0.824165295169324,0.4707320746698995,False,False,-0.048203124627808513,-0.09094537362436284,0.0655085801590809,0.022485112789907502,0.006312217932580078,0.21184206641397718,0.3131052671623566,0.7211678832116788
2026-05-26,4099.89990234375,4119.7998046875,4059.89990234375,4103.60009765625,4103.60009765625,479388,4103.60009765625,0.001562018461063186,4330.850073242187,-0.05247237187682463,4264.592021484375,-0.03775083830225079,4040.054011230469,0.015729019030225055,4154.74150024414,-0.012309165945675549,5391.4501953125,-0.23886895937125563,4829.2998046875,-0.15027017091108297,0.40939597315436244,11.486167084631973,346553.9,605894.6,1.3832999715195817,0.7912069194873168,False,False,-0.03125587874026203,-0.09699846275856139,0.06606397152789989,0.026798473078005758,-0.0022126819909270568,0.20770036416861337,0.31310562561617483,0.7226277372262774
2026-05-27,4103.0,4144.2001953125,4068.699951171875,4124.39990234375,4124.39990234375,229900,4124.39990234375,0.005068672432135823,4307.400073242187,-0.04248506472274183,4268.008017578125,-0.03364757391338391,4043.763010253906,0.019941052896861322,4154.377498779297,-0.007215905739031969,5391.4501953125,-0.23501103544837787,4829.2998046875,-0.1459631687516164,0.4154362416107383,17.376115408037876,343083.4,603436.58,0.670099456866756,0.3809845269903923,False,False,-0.004777832159543416,-0.102103019543475,0.060747892119253244,0.04064790743341762,0.010213817246086387,0.20287389290281752,0.3126673449093485,0.7153284671532847
2026-05-28,4124.39990234375,4124.39990234375,4124.39990234375,4124.39990234375,4124.39990234375,0,4124.39990234375,0.0,4284.3250732421875,-0.03732797305630531,4273.810014648438,-0.034959465159327685,4047.185009765625,0.01907866637967115,4153.710499267578,-0.00705648526275382,5391.4501953125,-0.23501103544837787,4829.2998046875,-0.1459631687516164,0.4154362416107383,14.037752361103372,316640.65,585164.7,0.0,0.0,False,False,-0.0030939505860153593,-0.10063455588381631,0.06694945109412975,0.041041913148474274,-0.003960563929022776,0.20334668312051704,0.31233958189397104,0.7094890510948905
2026-05-29,4149.89990234375,4149.89990234375,4000.10009765625,4054.5,4054.5,2177691,4054.5,-0.01694789642101102,4257.755078125,-0.04773761627794437,4278.542016601563,-0.05236410341004882,4050.5690087890625,0.0009704787654296609,4152.772999267578,-0.023664428391561465,5391.4501953125,-0.24797598918281527,4829.2998046875,-0.16043729650734262,0.35838926174496644,12.226435959937305,425525.2,620691.62,5.117654606589692,3.508491060343299,True,True,-0.01518095700752975,-0.11587690827533403,0.05377375431240439,0.03703610267706692,-0.020273512546777783,0.2064625970839439,0.3143447288714567,0.7562043795620438
2026-06-01,4074.89990234375,4106.0,4041.0,4071.800048828125,4071.800048828125,307596,4071.800048828125,0.004266876021241872,4242.520080566406,-0.040240241294388635,4284.35001953125,-0.0496107857047543,4054.0890087890625,0.004368685542094797,4151.814499511719,-0.019272164180987428,5391.4501953125,-0.24476719596366137,4829.2998046875,-0.15685498653948082,0.3825503355704698,17.746293501030422,372960.15,622252.42,0.8247422680412371,0.4943267235505488,False,False,-0.006199391114311337,-0.0696218327823318,0.07082184058596308,0.04050289986004629,-0.005422557687316809,0.14691480389965045,0.3132732342103542,0.727007299270073
2026-06-02,4025.0,4068.89990234375,3988.800048828125,4057.0,4057.0,467977,4057.0,-0.0036347680757026213,4227.435070800781,-0.04031642543205205,4288.61001953125,-0.0540058476934131,4058.196008300781,-0.0002947142765737931,4151.248999023437,-0.022703769165764,5391.4501953125,-0.2475122920494961,4829.2998046875,-0.159919623117595,0.363758389261745,16.517917591442412,380454.4,624796.66,1.2300475431484035,0.7490068848959596,False,False,-0.011355906167091034,-0.06921792777511038,0.07873118278732272,0.026542825270533976,0.003636531428718781,0.14690305807264428,0.31240768511623773,0.710948905109489
2026-06-03,4064.89990234375,4193.89990234375,4017.10009765625,4168.39990234375,4168.39990234375,857620,4168.39990234375,0.027458689263926583,4214.245056152344,-0.01087861602676965,4295.814018554687,-0.02966006341536298,4063.2430078125,0.025880040728320397,4151.168498535157,0.004150976722499644,5391.4501953125,-0.22684996590195883,4829.2998046875,-0.1368521170920587,0.436241610738255,33.346165524930655,403515.65,633422.94,2.1253698586411702,1.3539452802261946,True,True,0.010668218660124573,-0.05951903825277238,0.08682275863763489,0.07777427787060587,0.031195075079144985,0.16949787762270221,0.3147124506139256,0.7678832116788321
2026-06-04,4160.0,4225.0,4128.0,4139.2998046875,4139.2998046875,487765,4139.2998046875,-0.006981119455426565,4201.885046386718,-0.014894563037376907,4303.184013671875,-0.038084406445015984,4066.2200048828126,0.017972416572868966,4150.602497558593,-0.0027231451042930566,5391.4501953125,-0.2322474186469644,4829.2998046875,-0.1428778555703376,0.4221476510067114,29.348596420433182,411863.9,635456.56,1.184286848155422,0.7675819728731732,False,False,0.003612623095855305,-0.056354769249401526,0.06798590034051055,0.058644451326726355,0.03428192790869922,0.16800091530974068,0.31463085177836186,0.7649635036496351
2026-06-05,4139.2998046875,4235.2001953125,4112.0,4144.2001953125,4144.2001953125,366231,4144.2001953125,0.0011838694601078448,4188.990051269531,-0.01069228033698888,4312.956015625,-0.039127646955158024,4069.764006347656,0.018290050442419936,4149.650498046875,-0.0013134365742224485,5391.4501953125,-0.2313384998129815,4829.2998046875,-0.14186313483996515,0.4261744966442953,33.35407928972867,416842.6,636853.56,0.8785834269338115,0.5750631275422249,False,False,0.022123614579479645,-0.05858565153506168,0.044879291596993776,0.08592095545135758,0.029487068764749713,0.16701046078643486,0.31126110017779524,0.6948905109489051
2026-06-08,4100.0,4147.60009765625,4035.199951171875,4063.300048828125,4063.300048828125,265674,4063.300048828125,-0.019521293053332944,4172.68505859375,-0.026214537696858775,4319.092016601562,-0.059223551336770264,4072.3840063476564,-0.0022306240043601377,4148.1759973144535,-0.02046102878500755,5391.4501953125,-0.24634376621694687,4829.2998046875,-0.15861507606462266,0.3718120805369127,32.5308583742498,421875.45,633829.3,0.6297451060496646,0.4191570190901556,False,False,-0.0020875288319833762,-0.0742925823052718,0.029517583500231037,0.06069228282252004,0.001997459497381726,0.17704789651894373,0.31386054439106614,0.7416058394160584
2026-06-09,4092.0,4150.0,4070.0,4092.0,4092.0,336805,4092.0,0.00706321237097729,4160.700048828125,-0.016511656216956605,4322.716015625,-0.0533729291471029,4074.979006347656,0.004176952476523166,4145.845997314453,-0.012987939578395391,5391.4501953125,-0.24102053218302633,4829.2998046875,-0.15267219566112855,0.4040268456375839,43.947104398379345,426454.6,613852.14,0.7897792637246732,0.5486744739539394,False,False,0.008627064333251111,-0.05533628471607721,0.03731493341864134,0.06479313036690093,0.004295005522150008,0.17742167414016655,0.3141221988756587,0.7532846715328467
2026-06-10,4078.39990234375,4208.7998046875,4031.0,4043.39990234375,4043.39990234375,604571,4043.39990234375,-0.011876856709738481,4146.135034179688,-0.024778530122394837,4325.520014648438,-0.0652222417996643,4077.144006347656,-0.008276407198610225,4142.79699584961,-0.023992750213307268,5391.4501953125,-0.2500348225679221,4829.2998046875,-0.16273578657943866,0.34630872483221475,40.080347414785784,445421.35,594968.26,1.3573013507322897,1.0161399198000916,False,False,-0.02998752589206155,-0.06720194704209514,0.02271342636316076,0.05693219341481481,-0.026507788047730796,0.17975070565375365,0.31517657582097935,0.7781021897810219
2026-06-11,4043.39990234375,4089.0,3975.0,3987.0,3987.0,279379,3987.0,-0.013948633255656429,4128.4150390625,-0.034254075165517595,4326.124013671875,-0.07838980403708717,4078.711005859375,-0.02248529148734124,4139.042496337891,-0.036733736479491075,5391.4501953125,-0.2604958117824355,4829.2998046875,-0.1744144780305278,0.2778523489932886,37.22986247544204,443918.9,565785.78,0.629346937019352,0.4937893631755821,False,False,-0.03679361531509018,-0.08163263240329999,0.03982472660650149,0.03375854322845595,-0.05107580271048617,0.18247698050731134,0.3101308625736099,0.6788321167883211
2026-06-12,4045.0,4045.699951171875,3955.0,3993.60009765625,3993.60009765625,363313,3993.60009765625,0.0016554044786181166,4110.1600341796875,-0.02835897764421247,4320.574013671875,-0.07567835083508812,4080.3440063476564,-0.021258969478176737,4135.5509973144535,-0.03432454339225499,5391.4501953125,-0.2592716332373034,4829.2998046875,-0.17304780005997733,0.2832214765100671,39.552235131214424,454786.9,518848.0,0.7988642592827542,0.700230125200444,False,False,-0.03633996683523966,-0.08376352611929849,0.04602011571980724,0.0437510189275665,-0.04438754652084864,0.1812768529003363,0.3099513872814215,0.6744525547445256
2026-06-15,4040.0,4143.60009765625,4013.5,4099.0,4099.0,452053,4099.0,0.026392202465541414,4099.875024414063,-0.00021342709444849284,4315.306015625,-0.050125301622131246,4083.5770068359375,0.003776834167261711,4132.5519982910155,-0.008118953688880493,5391.4501953125,-0.23972218020973235,4829.2998046875,-0.15122271016983524,0.4080536912751678,49.61330738143301,468957.35,496300.34,0.9639533317901937,0.9108456383487467,False,False,0.008785950026548361,-0.04778502241259275,0.0839900845872974,0.09097201460399185,0.004656862745098023,0.2085493387317496,0.3134893175342796,0.7343065693430657
2026-06-16,4109.0,4209.0,4109.0,4201.2998046875,4201.2998046875,483671,4201.2998046875,0.02495725901134427,4098.1400146484375,0.025172343958558496,4308.306015625,-0.024837189036577056,4087.923005371094,0.02773457307474758,4129.931998291016,0.017280625062595867,5391.4501953125,-0.2207477297406466,4829.2998046875,-0.13003955550459712,0.4563758389261745,55.68533705687033,474765.15,467669.36,1.0187584324586587,1.0342157117156445,False,False,0.02671060720613383,-0.00819173638160997,0.09295000121943287,0.09996067670833875,0.030184849931218283,0.2232284489855607,0.31567428214976806,0.7795620437956204
2026-06-17,4215.10009765625,4307.0,4202.2998046875,4287.5,4287.5,1183530,4287.5,0.02051750632419136,4105.305004882813,0.04438037975265807,4304.736015625,-0.004003965762926609,4094.1820043945313,0.04721773370064364,4127.787498779297,0.03869203568932145,5391.4501953125,-0.20475941635745976,4829.2998046875,-0.11219013658286625,0.49798657718120803,60.69508152210456,516630.9,479308.14,2.2908618125628952,2.4692466103329687,True,True,0.06037001126570685,0.034578398227379514,0.1258600007808499,0.12279366530984692,0.05240549828178698,0.2199102756365921,0.3171560429837049,0.8131386861313868
2026-06-18,4300.0,4349.60009765625,4287.10009765625,4306.7001953125,4306.7001953125,433140,4306.7001953125,0.004478179664723081,4113.780004882812,0.046896088317970985,4303.4940234375,0.0007450159934088152,4100.6820068359375,0.05023998157699738,4125.82150024414,0.04384064968822732,5391.4501953125,-0.20119818614722929,4829.2998046875,-0.10821436450637112,0.5114093959731544,67.71564473908057,513381.35,466099.34,0.84370030192955,0.9292868769134064,False,False,0.08018565219776774,0.040969736052909766,0.14211842037366051,0.12499353488423415,0.06288415289365012,0.21970509817059133,0.3161991845810503,0.7883211678832117
2026-06-19,4294.89990234375,4331.2998046875,4260.0,4286.89990234375,4286.89990234375,1411377,4286.89990234375,-0.004597555453314639,4122.275,0.03993544883438149,4300.92001953125,-0.003259794909887148,4106.310004882813,0.04397863221388487,4123.4779992675785,0.039632054082791024,5391.4501953125,-0.20487072178262566,4829.2998046875,-0.11231439841802249,0.4966442953020134,65.05666699820253,573598.4,483332.72,2.4605664869358073,2.9200940503262434,True,True,0.07344245731054322,0.04126788980902352,0.17269389096806598,0.12807219552270932,0.048911157901578184,0.21958725160649237,0.30903669367003234,0.6671532846715329
2026-06-22,4305.7001953125,4352.2998046875,4305.7001953125,4330.60009765625,4330.60009765625,299785,4330.60009765625,0.010193892161701301,4133.944995117187,0.047570807732406184,4299.52001953125,0.0072287320407427025,4112.960004882812,0.052915684206765956,4121.45650024414,0.050745069710118385,5391.4501953125,-0.19676525966586633,4829.2998046875,-0.10326542712200082,0.5208053691275167,68.40686667420024,574373.3,480489.88,0.521934080153099,0.6239153257504612,False,False,0.05650160957703099,0.05696570614508345,0.1528284567166911,0.14342298392529207,0.06688674668475558,0.21977104446786322,0.3051140244428741,0.6510948905109489
2026-06-23,4311.0,4425.0,4306.0,4392.89990234375,4392.89990234375,556327,4392.89990234375,0.014385951896416671,4148.409985351563,0.05893581344551402,4298.418017578125,0.021980618073730085,4120.183002929687,0.06619048212667877,4120.0209997558595,0.06623240575814071,5391.4501953125,-0.18520996332988882,4829.2998046875,-0.09036504669272427,0.553020134228188,66.17199629410511,578220.25,474118.54,0.9621368328072218,1.1733922069362654,False,False,0.04560495717122515,0.07049902471070024,0.12327397143714536,0.15968846418789595,0.03890360509866153,0.22344655197892407,0.29547122158667133,0.6277372262773723
2026-06-24,4395.10009765625,4429.39990234375,4304.0,4336.0,4336.0,307333,4336.0,-0.012952697217933906,4158.989990234375,0.04256081649180632,4295.672021484375,0.00938804878815902,4126.186003417969,0.05084937916231347,4117.908499755859,0.05296171594319565,5391.4501953125,-0.19576369197106602,4829.2998046875,-0.10214727282176284,0.5275167785234899,63.62376754621216,582091.9,463333.5,0.5279802038131779,0.6633083944933833,False,False,0.011311953352769688,0.0513044570522867,0.11088339163823346,0.15518849074197405,0.03161949495750971,0.23081006629766754,0.29697341945006334,0.6306569343065693
2026-06-25,4350.0,4364.39990234375,4285.0,4294.60009765625,4294.60009765625,372532,4294.60009765625,-0.009547947957506908,4167.5,0.030497923852729425,4292.99802734375,0.0003731821683343739,4132.460004882812,0.03923573188412144,4115.235001220703,0.0435856266731649,5391.4501953125,-0.20344249838566375,4829.2998046875,-0.11071992393436625,0.5013422818791946,59.91560026886359,600718.5,463941.3,0.6201440441737686,0.8029722725698273,False,False,-0.002809598325283935,0.04126665680885622,0.08537202907894481,0.1354767471575935,-0.001325420852061776,0.23469473617540818,0.2968519076461733,0.6291970802919709
2026-06-26,4294.60009765625,4294.60009765625,4294.60009765625,4294.60009765625,4294.60009765625,0,4294.60009765625,0.0,4179.5050048828125,0.027537972233308672,4286.320029296875,0.00193174291764997,4138.511005859375,0.037716244218242156,4112.741502685547,0.04421833826705446,5391.4501953125,-0.20344249838566375,4829.2998046875,-0.11071992393436625,0.5013422818791946,67.07010815335701,491833.95,436612.32,0.0,0.0,False,False,0.0017962153276054327,0.05921817675576513,0.005502095353114189,0.15567395516737048,-0.009502216173982059,0.2238866353550842,0.24852425105581324,0.42773722627737226
2026-06-29,4290.10009765625,4385.0,4277.7001953125,4357.0,4357.0,722211,4357.0,0.01452985165668963,4193.765002441406,0.038923258089942125,4281.356025390625,0.017668228047554857,4145.339006347656,0.05105999613740453,4110.955501708984,0.05985092716005602,5391.4501953125,-0.1918686360511842,4829.2998046875,-0.09779881634788301,0.5328859060402684,68.6304785731646,512564.7,440618.72,1.4090143156561503,1.639083786544521,False,False,0.006096130270268452,0.07004272011194557,-0.0012378283661818035,0.1712995168577991,0.025031736672292082,0.22760529919786154,0.24642112868977087,0.41021897810218977
2026-06-30,4357.89990234375,4402.0,4312.5,4380.7001953125,4380.7001953125,379455,4380.7001953125,0.005439567434587955,4209.950012207031,0.04055871984474102,4277.18203125,0.02420242189978672,4151.380007324219,0.05523950772603192,4109.060003662109,0.06610762349741739,5391.4501953125,-0.18747275100097904,4829.2998046875,-0.09289123216984219,0.5476510067114094,74.5738123984823,508138.6,439978.36,0.7467549208031038,0.8624401436470649,False,False,-0.0027771420479535402,0.07978806884705447,-0.03748371161998498,0.2014096856127905,0.02438974262243021,0.22611335072154154,0.2297183388477696,0.3284671532846715
2026-07-01,4368.7998046875,4374.7001953125,4220.5,4328.60009765625,4328.60009765625,930654,4328.60009765625,-0.01189309821110307,4217.960021972656,0.02623070752383505,4271.858037109375,0.013282758943288897,4156.4230078125,0.041424342402138103,4107.546505126953,0.053816455213199,5391.4501953125,-0.19713621737252174,4829.2998046875,-0.10367956583379889,0.5194630872483221,75.04397749898513,511790.3,452082.42,1.818428368024951,2.058593652015931,True,False,-0.0017066195442227983,0.038432060038775306,-0.03076576407159648,0.18148324244503145,0.0030588579531947158,0.21468700859148582,0.2278206629071945,0.310948905109489
2026-07-02,4328.60009765625,4334.60009765625,4176.0,4187.0,4187.0,1254320,4187.0,-0.03271267718469084,4220.345031738281,-0.007901020292776173,4265.174033203125,-0.018328450983374434,4158.9440087890625,0.0067459410734183045,4105.53300415039,0.01984322029983754,5391.4501953125,-0.22340004111689427,4829.2998046875,-0.1330006068507198,0.4469798657718121,61.83597226181661,550118.05,472043.52,2.2800924274344387,2.6572126231072932,True,True,-0.025054742050365064,0.011523735308682559,-0.04161321479927693,0.08991042627119827,-0.029326532977860253,0.24605994112377952,0.23324222475479114,0.345985401459854
2026-07-03,4090.0,4090.0,3982.699951171875,3994.39990234375,3994.39990234375,1901310,3994.39990234375,-0.04599954565470499,4212.855017089843,-0.05185441081164899,4256.19203125,-0.06150853321093319,4159.989008789063,-0.03980517883471868,4102.422003173828,-0.026331299107333894,5391.4501953125,-0.2591232863809797,4829.2998046875,-0.17288218501849162,0.2859060402684564,44.215880414925344,626872.0,505774.16,3.0330115238836637,3.7592074691992967,True,True,-0.06990178095425748,-0.03614697309704995,-0.09538911722011878,0.053986978436735944,-0.0864304643379229,0.2966058943798557,0.24985767482259433,0.44963503649635034
2026-07-06,4024.199951171875,4076.0,3996.699951171875,4064.699951171875,4064.699951171875,610591,4064.699951171875,0.017599652149719924,4212.925012207032,-0.03518340834590494,4247.344028320313,-0.04300195037901544,4161.412009277344,-0.02324020257784165,4099.490502929688,-0.008486555032375387,5391.4501953125,-0.24608411393545737,4829.2998046875,-0.15832519918798071,0.37583892617449666,42.169243968218645,644117.85,508419.7,0.9479491990479693,1.2009585781196126,False,False,-0.06708745669683847,0.0003445234973857847,-0.07633053197978035,0.0692920577066658,-0.08707662377042757,0.2962455064336638,0.2528807651199399,0.4978102189781022
2026-07-07,4076.10009765625,4094.60009765625,4042.39990234375,4070.89990234375,4070.89990234375,550082,4070.89990234375,0.0015253158280692514,4211.870007324219,-0.03346971885061256,4237.874028320312,-0.03940044580389357,4162.099008789062,-0.021911806098972697,4096.364001464844,-0.006216268649950951,5391.4501953125,-0.24493415410141017,4829.2998046875,-0.15704137929221507,0.37986577181208053,36.32921542849077,654781.7,510479.42,0.8400998378543567,1.0775791901659817,False,False,-0.07071935516158967,-0.005156426602211606,-0.08477969821408493,0.06220480165525122,-0.07308909746069059,0.29519026293890294,0.2517189534088865,0.47737226277372263
2026-07-08,4050.0,4071.199951171875,4009.89990234375,4038.60009765625,4038.60009765625,236675,4038.60009765625,-0.007934315621198174,4211.630017089844,-0.0410838365980577,4226.778032226563,-0.04452042031437953,4162.448010253906,-0.02975362389934133,4092.9705029296874,-0.013283849769872513,5391.4501953125,-0.2509250848375566,4829.2998046875,-0.16372967904452052,0.338255033557047,33.3540295466741,636386.9,509226.72,0.3719042613856445,0.46477333318251646,False,False,-0.06699625593896341,-0.0011870714753486888,-0.09717651979769726,0.055318978994680856,-0.07130868621168907,0.29342927992539597,0.2516399702828016,0.4759124087591241
2026-07-09,4034.0,4086.199951171875,3980.0,4079.39990234375,4079.39990234375,533044,4079.39990234375,0.01010246216533739,4216.250012207031,-0.03245777870550093,4216.6480322265625,-0.032549107450720705,4163.6120092773435,-0.020225733508778543,4089.5660034179687,-0.0024858630636409584,5391.4501953125,-0.24335758384812467,4829.2998046875,-0.15528128976707323,0.3906040268456376,37.44402462502851,649070.15,509310.5,0.8212425113063665,1.046599274902049,False,False,-0.02569861420020303,0.023175295295648324,-0.07878868137483108,0.06503403136572472,-0.04264161628412377,0.2905574227209479,0.2521294667058228,0.4832116788321168
2026-07-10,4089.0,4108.0,4025.699951171875,4081.10009765625,4081.10009765625,752660,4081.10009765625,0.000416775837917438,4220.625012207031,-0.033057879851264405,4206.552036132813,-0.029822985047843087,4165.331010742188,-0.020221901421210053,4086.0950048828126,-0.0012224158323763668,5391.4501953125,-0.24304223357112908,4829.2998046875,-0.15492923141881132,0.3932885906040268,34.09409268567829,668537.5,524363.7,1.1258306377727503,1.4353777730990915,False,False,0.02170543696980065,0.02191005555397285,-0.1182672361118613,0.06547791181655782,-0.03663567598769102,0.29057098718014335,0.23285625991572154,0.34014598540145985
2026-07-13,3950.0,4012.800048828125,3908.0,3994.10009765625,3994.10009765625,2286738,3994.10009765625,-0.021317781460436058,4215.380017089844,-0.05249346880624972,4198.904038085938,-0.04877557061843385,4166.465012207032,-0.04136958165873994,4082.7095043945315,-0.021703578626621423,5391.4501953125,-0.2591788938106395,4829.2998046875,-0.17294426538202778,0.28456375838926173,25.352298845024734,760271.75,542920.52,3.0077903065581486,4.2119203746434195,True,True,-0.017369019697326182,-0.025591583884788993,-0.13269783543357594,0.057843618218812454,-0.05195820136333962,0.285108149130369,0.23613406979176688,0.3605839416058394
2026-07-14,3988.89990234375,3994.39990234375,3895.10009765625,3915.89990234375,3915.89990234375,678162,3915.89990234375,-0.019578927267843937,4201.110021972656,-0.06788922883171333,4190.048032226562,-0.06542839790242971,4166.595012207032,-0.06016786107812511,4079.1195043945313,-0.04001343963444581,5391.4501953125,-0.27368337636720463,4829.2998046875,-0.18913712945656624,0.22550335570469798,24.701918016060404,769996.3,550121.92,0.8807341022288029,1.232748551448377,False,False,-0.03807511943753794,-0.06793133449446331,-0.14675121243107447,0.039610256486040774,-0.06561836512635555,0.2746762719423275,0.23878015753801227,0.37518248175182484
2026-07-15,3919.60009765625,3941.800048828125,3886.699951171875,3929.300048828125,3929.300048828125,346726,3929.300048828125,0.0034219839164824073,4183.200024414063,-0.06069515540832915,4179.990029296875,-0.059973822595677184,4166.736013183594,-0.05698368305652657,4075.537005615234,-0.0358816412623969,5391.4501953125,-0.2711979325628595,4829.2998046875,-0.18636236975509402,0.23355704697986576,27.234213868018088,728156.1,549128.54,0.4761698762119826,0.6314113631755508,False,False,-0.027063845437817924,-0.08354517811588924,-0.14483759557499087,0.07311010051131106,-0.05749579063849242,0.26133923106418394,0.2389732695219949,0.3781021897810219
2026-07-16,3930.0,3987.0,3930.0,3950.89990234375,3950.89990234375,356588,3950.89990234375,0.005497124996108882,4165.410009765625,-0.051497957444516795,4171.27802734375,-0.05283227911334787,4167.904011230468,-0.05206552461429004,4072.410504150391,-0.029837513109939096,5391.4501953125,-0.267191616500735,4829.2998046875,-0.1818897020000999,0.2523489932885906,29.141884187494213,724328.5,549844.3,0.49230149027685643,0.6485254098296553,False,False,-0.031499731106571005,-0.08261552391225424,-0.12613913747062722,0.08045504282559235,-0.02787757742958885,0.2618137369571453,0.23783703401346917,0.36496350364963503
2026-07-17,3955.0,3989.0,3927.5,3951.89990234375,3951.89990234375,356574,3951.89990234375,0.00025310689329449687,4148.660009765625,-0.04742738786950884,4162.2740234375,-0.05054307330779917,4168.759011230469,-0.052020063597466026,4069.581004638672,-0.028917252700163543,5391.4501953125,-0.2670061376474072,4829.2998046875,-0.18168263264420081,0.2536912751677852,23.436076180791375,671588.35,551642.64,0.5309413124870317,0.6463858558867023,False,False,-0.031658178486408284,-0.07814504831728109,-0.11063353159812084,0.06116908748797201,-0.01480820326610277,0.2622747128528651,0.23579948397473463,0.3562043795620438
2026-07-20,3950.0,3997.800048828125,3930.39990234375,3975.5,3975.5,273447,3975.5,0.005971835886393162,4130.905004882812,-0.03762008680885187,4153.996025390625,-0.042969715016479726,4170.061010742187,-0.046656634097437144,4066.8090051269533,-0.02245224819061864,5391.4501953125,-0.2626288185957041,4829.2998046875,-0.17679577562336668,0.27248322147651005,23.426023891440735,670271.45,553811.24,0.4079645642075312,0.4937548757587513,False,False,-0.004656893217865221,-0.08199789628426613,-0.11794725791261851,0.08454274718671506,-0.012715114558504492,0.25967475137309204,0.23397104830940385,0.35036496350364965
2026-07-21,3974.800048828125,4009.0,3955.199951171875,3975.60009765625,3975.60009765625,314696,3975.60009765625,2.5178633190847677e-05,4110.040014648437,-0.032710123627272436,4146.8740234375,-0.041301936063945055,4171.324011230468,-0.046921292387565705,4064.3100061035157,-0.021826560551248986,5391.4501953125,-0.26261025259720205,4829.2998046875,-0.17677504846616,0.2738255033557047,25.154856003849062,658189.9,555200.72,0.4781234108879519,0.5668148268971985,False,False,0.015245587681331774,-0.09499415282940038,-0.12516499799987768,0.0830926801845695,-0.02701906567394763,0.2509429758533906,0.23303520189423538,0.3416058394160584
2026-07-22,3970.0,4012.300048828125,3957.300048828125,4000.5,4000.5,324607,4000.5,0.0062631808361282015,4093.2650146484375,-0.022662841110082654,4140.19001953125,-0.03374000199804006,4172.44701171875,-0.04121011273140662,4062.0630065917967,-0.015155601105126593,5391.4501953125,-0.25799184726251145,4829.2998046875,-0.1716190417258907,0.2966442953020134,34.293419349320416,659053.6,557188.14,0.49253505329460306,0.5825805983594697,False,False,0.018120263224262967,-0.07737546125461259,-0.12907648255080661,0.07088365026346888,-0.01365909013477784,0.2519894759698429,0.23214888402877942,0.3372262773722628
2026-07-23,3984.0,4124.89990234375,3981.89990234375,4035.0,4035.0,740773,4035.0,0.008623922009748819,4080.285009765625,-0.011098491810557665,4134.062021484375,-0.02396239363840158,4174.141010742187,-0.03333404654612926,4060.146007080078,-0.006193375074745711,5391.4501953125,-0.25159282682270556,4829.2998046875,-0.1644751489473738,0.33422818791946307,54.660248915771504,677465.65,565815.04,1.0934473209084474,1.3092140498775005,False,False,0.021286314443542453,-0.060448025835496355,-0.12012907260845307,0.10029451726802963,-0.003359209931384166,0.2548243401992116,0.23320413702116743,0.3445255474452555
2026-07-24,4010.0,4074.800048828125,3990.0,4018.800048828125,4018.800048828125,332480,4018.800048828125,-0.004014857787329573,4066.495007324219,-0.011728763569164524,4127.264018554688,-0.026279871905201202,4175.853010253906,-0.03760979158991806,4058.7320068359377,-0.009838530344096874,5391.4501953125,-0.2545975751900298,4829.2998046875,-0.16782966240212993,0.31409395973154364,43.98428540711009,694089.65,569545.58,0.47901593115529095,0.5837636383728938,False,False,0.016928603491373595,-0.06422019339557161,-0.12366162925313595,0.08925329958751194,-0.0012177603706069462,0.2545982926672728,0.2332004830430528,0.34306569343065696
2026-07-27,4030.0,4074.10009765625,4013.0,4027.699951171875,4027.699951171875,384728,4027.699951171875,0.00221456709356449,4050.0300048828126,-0.005513552661095322,4121.724013671875,-0.022811828785265442,4178.105009765625,-0.03599839119462134,4057.3555065917967,-0.007309084789770548,5391.4501953125,-0.25294683150858244,4829.2998046875,-0.16598676535624524,0.3315436241610738,44.37793380242399,677215.5,573867.26,0.5681027678781717,0.6704128756186578,False,False,0.013130411563796907,-0.07557953840443543,-0.07969840028061803,0.09621142145169648,-0.0013884654224713966,0.2468661293981036,0.2149182718104175,0.23503649635036497
2026-07-28,4027.699951171875,4094.199951171875,3755.10009765625,3846.60009765625,3846.60009765625,2412848,3846.60009765625,-0.044963591059689834,4023.325,-0.04392508741992007,4113.936015625,-0.06498300337034679,4178.96201171875,-0.0795321692636789,4055.1165075683593,-0.05142057189304916,5391.4501953125,-0.2865370246764761,4829.2998046875,-0.20348699537713621,0.17986577181208055,31.988742964352724,778885.15,614773.92,3.0978225737132106,3.924772866096857,True,True,-0.03244793159051629,-0.12192117101000322,-0.11748917675204651,0.018535189903596594,-0.04878948773513159,0.2838891781899241,0.23277397985030135,0.3386861313868613
2026-07-29,3859.300048828125,3879.800048828125,3826.0,3848.10009765625,3848.10009765625,629784,3848.10009765625,0.00038995475534719937,3999.3,-0.03780659173949197,4108.014013671875,-0.06326996820132691,4179.089013671875,-0.0792012122576945,4052.8315075683595,-0.050515648017883,5391.4501953125,-0.2862588063964846,4829.2998046875,-0.20317639134328758,0.18389261744966443,26.574872069769697,763841.65,620445.3,0.824495495892375,1.0150516089008974,False,False,-0.03809521368422697,-0.11100586544369617,-0.13178558546926533,0.00622337382638638,-0.042999229630378055,0.2840419763087568,0.2295053696269892,0.32408759124087594
2026-07-30,3849.0,3967.199951171875,3837.10009765625,3874.0,3874.0,1038214,3874.0,0.006730568770683787,3983.65,-0.027525008472129908,4102.750009765625,-0.055755288336150066,4179.071013183594,-0.07299971984711318,4050.599508056641,-0.0435983630831398,5391.4501953125,-0.28145492220846624,4829.2998046875,-0.19781331524711931,0.1959731543624161,30.005779425809806,753036.35,631246.96,1.3787036973713156,1.644703366175419,False,False,-0.03990086741016108,-0.07475519465010749,-0.11683574603898328,-0.015476861891067673,-0.03077307980985744,0.26838581020977526,0.22960575464436983,0.32554744525547447
2026-07-31,3900.10009765625,3946.5,3889.699951171875,3921.0,3921.0,551952,3921.0,0.012132163138874441,3979.9800048828124,-0.014819171154240252,4098.830009765625,-0.04338555376581554,4178.619013671875,-0.06165171144557102,4049.191507568359,-0.03165854401520796,5391.4501953125,-0.27273741610206403,4829.2998046875,-0.18808105551986443,0.22818791946308725,42.351944696185605,685568.45,638145.28,0.8051012265806573,0.8649315716947714,False,False,-0.02433563442815312,-0.018375702017387363,-0.10928876831137835,0.007995089446263481,-0.007316616384785313,0.22235770328499294,0.23115395966736768,0.3343065693430657
2026-08-03,3945.10009765625,4017.0,3912.10009765625,4015.0,4015.0,497304,4015.0,0.02397347615404244,3977.495007324219,0.00942929974939477,4097.186005859375,-0.020059134669951684,4179.301013183594,-0.03931303647794371,4048.240506591797,-0.008211099745104367,5391.4501953125,-0.25530240388925973,4829.2998046875,-0.16861653606535465,0.31140939597315437,60.036475234324705,679904.1,642405.62,0.7314325652691314,0.7741277232288223,False,False,-0.0031531522521135447,-0.012227212775581697,-0.08529637551225089,0.023608020589873657,0.0040010002500625585,0.23037178602954178,0.2371033804897986,0.362043795620438
2026-08-04,4023.0,4023.0,3969.699951171875,4023.0,4023.0,448874,4023.0,0.0019925280199253326,3975.1000122070313,0.012050008212591834,4095.57400390625,-0.017720105615728232,4180.083012695312,-0.03757892181046074,4047.0575061035156,-0.00594444385018833,5391.4501953125,-0.2538185730626381,4829.2998046875,-0.16695998121816236,0.3194630872483222,59.594515205679784,674843.7,641795.34,0.6651525382840501,0.6994036447818397,False,False,0.04585865384114962,-0.011766416146998027,-0.0712653649591346,0.005197153835863277,-0.06035406835093704,0.23043258620741633,0.23592013354709085,0.35766423357664234
2026-08-05,4018.0,4018.5,3946.0,3946.0,3946.0,347773,3946.0,-0.019139945314441964,3970.470007324219,-0.00616300016851401,4092.006005859375,-0.035680789727656315,4180.00701171875,-0.05598244478124215,4045.2070056152343,-0.024524580689572417,5391.4501953125,-0.2681004447688714,4829.2998046875,-0.18290432162238845,0.24697986577181208,49.549392589293014,680398.6,644152.8,0.5111312692295369,0.5398920877158339,False,False,0.025441100766421698,-0.022928761307659418,-0.08967175993690091,-0.014411657185995241,-0.07531515904268316,0.23852479792483985,0.23875277548303375,0.3722627737226277
2026-08-06,3988.89990234375,3988.89990234375,3927.60009765625,3931.199951171875,3931.199951171875,250186,3931.199951171875,-0.0037506459270463255,3963.060009765625,-0.008039257168763969,4088.1420068359375,-0.038389580254705846,4180.976010742187,-0.05974108890569141,4043.3505053710937,-0.02773703492938362,5391.4501953125,-0.27084554085470613,4829.2998046875,-0.18596895820050263,0.23624161073825503,48.14350132405292,666255.7,649156.52,0.3755104834375151,0.38540165937176446,False,False,0.014765088067081766,-0.036328860793159556,-0.0944856406686756,-0.008024236393672668,-0.06310773327648356,0.23497615980664985,0.2387154366912398,0.3708029197080292
2026-08-07,3945.0,3948.39990234375,3885.5,3900.0,3900.0,374241,3900.0,-0.007936495614417782,3954.0050048828125,-0.013658304634445728,4085.0520068359374,-0.045299792151059726,4181.79701171875,-0.06738658307159895,4041.474006347656,-0.0350055465222473,5391.4501953125,-0.27663247202194596,4829.2998046875,-0.19242951199374425,0.20939597315436242,43.31976179531401,647334.75,613087.52,0.5781259232568621,0.6104201892741187,False,False,-0.005355776587605221,-0.04437531384252369,-0.10523784035566441,-0.0023534102340089236,-0.07080915407476107,0.23582711492593678,0.23878703364007312,0.37664233576642336
2026-08-10,3910.0,4059.800048828125,3897.0,4054.0,4054.0,552732,4054.0,0.03948717948717939,3957.0,0.024513520343694806,4084.696005859375,-0.007514881356003644,4184.523012695313,-0.031191849656298398,4040.371506347656,0.003373079339593632,5391.4501953125,-0.24806872860947915,4829.2998046875,-0.16054083118529205,0.35704697986577183,55.452013601256624,560634.45,617990.24,0.9859044516440258,0.8944024747057494,False,False,0.009713574097135691,0.014997095936303495,-0.05823871209091258,0.04465690494205621,-0.0478650509737758,0.26702157747478406,0.25219576556531853,0.48613138686131385
2026-08-11,4054.0,4085.0,4003.199951171875,4054.89990234375,4054.89990234375,413763,4054.89990234375,0.00022197887117658688,3963.95,0.02294426073581901,4084.65400390625,-0.007284362771986519,4186.63201171875,-0.03146493625574687,4039.306005859375,0.0038605385335388487,5391.4501953125,-0.24790181575465353,4829.2998046875,-0.16035448898659976,0.3597315436241611,53.91366478871458,547414.5,616905.96,0.755849543627361,0.6707067637991373,False,False,0.007929381641498923,0.03549631080120452,-0.04275261984330736,0.03894540054914586,-0.04410657653376948,0.2559197724226957,0.2502345353005385,0.45255474452554745
2026-08-12,4035.0,4068.89990234375,4020.0,4040.0,4040.0,336886,4040.0,-0.003674542578754658,3969.484997558594,0.017764269794387832,4082.086005859375,-0.010309926297232597,4188.950012207031,-0.03555783949986879,4038.436506347656,0.000387153208893265,5391.4501953125,-0.2506654325560671,4829.2998046875,-0.16343980216787868,0.3409395973154362,50.37015134273845,546922.5,606491.28,0.6159666131855976,0.5554671783574531,False,False,0.023821591485048144,0.028172944238475717,-0.02514362009595017,0.03187577911334283,-0.05242171924475192,0.2565877198242327,0.24645286446746445,0.4116788321167883
2026-08-13,4060.0,4075.0,4010.0,4070.0,4070.0,397089,4070.0,0.007425742574257432,3975.4400024414062,0.023786045695702196,4080.700009765625,-0.002622101536505661,4191.94201171875,-0.029089622751902633,4037.4970068359376,0.008050282912663853,5391.4501953125,-0.2451010669562359,4829.2998046875,-0.15722772149090747,0.3785234899328859,53.71445089039487,548947.55,604677.76,0.7233641902582496,0.6566952288769476,False,False,0.03530729816649214,0.030145055708851842,-0.01624291601567618,0.061526798032204066,-0.024004243378356827,0.25707558221902954,0.24694168442711856,0.41751824817518246
2026-08-14,4074.800048828125,4098.89990234375,4038.0,4060.0,4060.0,357867,4060.0,-0.002457002457002422,3980.845007324219,0.0198839674818152,4079.016005859375,-0.00466191008617256,4195.986010742187,-0.03240859487949865,4036.6925073242187,0.005773908375109604,5391.4501953125,-0.24695585548951293,4829.2998046875,-0.15929841504989783,0.36778523489932885,52.33956753518255,549012.2,604510.48,0.6518379737280884,0.591994699579071,False,False,0.0410256410256411,0.02735395640768612,-0.013845032790867129,0.05007244530988442,-0.029752658621101657,0.2574452078417177,0.24679326067439925,0.41605839416058393
2026-08-17,4050.0,4050.0,3995.0,3995.0,3995.0,263000,3995.0,-0.016009852216748777,3981.8200073242188,0.003310042305161298,4077.6500048828125,-0.020269028676772827,4198.3710107421875,-0.048440457077716825,4035.5205078125,-0.010040961936398252,5391.4501953125,-0.2590119809558138,4829.2998046875,-0.1727579231833355,0.287248322147651,62.92232480498929,548489.85,604457.0,0.4794983899884383,0.4351012561687597,False,False,-0.014553527380365083,0.004905043390768471,-0.024943910582993833,0.038930629410180106,-0.06055261610817164,0.26409213494864364,0.2487632799742317,0.4335766423357664
2026-08-18,3989.60009765625,4019.10009765625,3946.699951171875,3981.0,3981.0,339330,3981.0,-0.0035043804755945374,3982.0900024414063,-0.0002737262193315271,4075.4300048828127,-0.02317056231359027,4199.073010253906,-0.05193360766087751,4034.620007324219,-0.013289977055306434,5391.4501953125,-0.26160868490240174,4829.2998046875,-0.175656894165922,0.2751677852348993,61.32605835242655,549721.55,604507.5,0.6172761464417758,0.5613329859431024,False,False,-0.018224840100500517,0.001358260944538614,-0.029876229344636296,0.0342139998184785,-0.08157617535408723,0.2644513814821548,0.24881802951087847,0.43503649635036495
2026-08-19,3988.800048828125,4024.699951171875,3965.0,3965.0,3965.0,214608,3965.0,-0.0040190906807334725,3980.3150024414062,-0.003847686032892539,4073.8620068359373,-0.02672206536531352,4199.691010742187,-0.055882923325045186,4033.677507324219,-0.017026028283003924,5391.4501953125,-0.264576346555645,4829.2998046875,-0.1789700038603066,0.2644295302013423,57.888352185668836,544221.6,596708.24,0.39433936469996783,0.359653153105444,False,False,-0.01856435643564358,-0.008873890763654524,-0.03864802301376469,0.01975208317282595,-0.09022077410198137,0.263842729779644,0.24866440579822657,0.4291970802919708
2026-08-20,3973.10009765625,4070.0,3955.10009765625,3960.0,3960.0,399620,3960.0,-0.0012610340479193294,3976.5650024414062,-0.004165656145752927,4073.3220068359374,-0.027820537302417514,4199.723010253906,-0.057080671670156846,4032.697507324219,-0.018027017199327533,5391.4501953125,-0.26550374082228356,4829.2998046875,-0.18000535063980183,0.25906040268456376,53.6462242186858,527163.95,599113.06,0.7580563883399084,0.6670193435609632,False,False,-0.027027027027026973,-0.018587360594795488,-0.039860320588778864,0.024420503921495973,-0.1311978938130759,0.2617261127535245,0.2486662382945109,0.4306569343065693
2026-08-21,3979.800048828125,3990.0,3866.39990234375,3906.0,3906.0,417784,3906.0,-0.013636363636363669,3970.925,-0.016350094751222954,4071.5700048828126,-0.04066490436962977,4196.072009277344,-0.06912941642469583,4031.3155078125,-0.031085512302285623,5391.4501953125,-0.27551959890197963,4829.2998046875,-0.19118709585835003,0.21476510067114093,38.985444318350034,531429.15,600202.48,0.7861518322809352,0.6960717656481527,False,False,-0.037931034482758585,-0.02806809183278902,-0.03662597114317423,0.015178267195523842,-0.16057770221560808,0.2654908754850705,0.24782507665309841,0.4248175182481752
2026-08-24,3919.89990234375,3940.0,3876.199951171875,3940.0,3940.0,214118,3940.0,0.008704557091653964,3966.540002441406,-0.006690970575128685,4068.3900048828127,-0.031557939314746375,4191.848010253906,-0.06008042506260891,4030.6045080566405,-0.02247913628725773,5391.4501953125,-0.2692133178888376,4829.2998046875,-0.18414673775778267,0.24161073825503357,42.031487026977366,522898.65,595443.78,0.40948279365418133,0.3595939821556285,False,False,-0.013767209011264048,-0.021774201711912133,-0.03236898846888547,0.0361604207758055,-0.16840792730742238,0.2676178548021517,0.24835605535229993,0.42627737226277373
2026-08-25,3940.0,3960.0,3897.39990234375,3909.60009765625,3909.60009765625,215829,3909.60009765625,-0.007715711254758895,3969.6900024414062,-0.015137178154515873,4062.5560107421875,-0.037650167205447116,4185.431013183594,-0.0659026309736106,4030.0975085449218,-0.029899378522029285,5391.4501953125,-0.2748518569168307,4829.2998046875,-0.19044162595549663,0.2174496644295302,46.161964905921884,413047.7,590086.94,0.5225280276345807,0.36575796780047365,False,False,-0.017935167632190385,0.016378099724581707,-0.036332241149556355,0.0395384613187475,-0.16673412071231886,0.21360615986302772,0.2487217196878775,0.4321167883211679
2026-08-26,3922.89990234375,3935.5,3737.199951171875,3826.89990234375,3826.89990234375,2373823,3826.89990234375,-0.021153108565266754,3968.629992675781,-0.035712598703733556,4053.3440087890626,-0.05586599754531141,4179.040012207031,-0.08426339753500212,4029.1370080566408,-0.05019365320873892,5391.4501953125,-0.2901909943133705,4829.2998046875,-0.2075663021315809,0.15369127516778525,40.379996586263715,500249.65,613892.8,4.745276683352002,3.8668363597031923,True,True,-0.03482978503310219,-0.0055092629543115335,-0.08192592073711213,-0.002216196541801496,-0.18555800174205062,0.22752016522457516,0.24531484339291632,0.4043795620437956
2026-08-27,3820.0,3874.39990234375,3818.0,3847.39990234375,3847.39990234375,416843,3847.39990234375,0.0053568163587045525,3967.2999877929688,-0.03022208701589013,4044.1580029296874,-0.04865242664688196,4173.826013183594,-0.07820788643531928,4028.0130078125,-0.04483925576169767,5391.4501953125,-0.28638867782015254,4829.2998046875,-0.2033213803356505,0.18120805369127516,45.05079908518461,469181.1,613566.86,0.8884479788294968,0.6793766534261645,False,False,-0.028434368095012652,-0.006866313282460013,-0.07051914964293993,-0.007327557182151834,-0.18578713280221348,0.2270184955094846,0.24539871788425674,0.4058394160583942
2026-08-28,3850.0,3853.89990234375,3822.0,3830.60009765625,3830.60009765625,276806,3830.60009765625,-0.004366534572417535,3962.779992675781,-0.033355345304012074,4035.0320068359374,-0.050664259622563046,4167.976013183594,-0.08094478338171829,4026.8760083007815,-0.04874148353213237,5391.4501953125,-0.2895046863297195,4829.2998046875,-0.2068001050715208,0.16375838926174496,21.664121210769935,455423.8,590875.44,0.6077987140768665,0.46846760122573383,False,False,-0.01930361043106754,-0.023055318118783474,-0.07567204354919022,-0.03418885966038099,-0.1878127010068239,0.22259593421737336,0.2454417256320386,0.4072992700729927
