Category,IndexName,IndexSymbol,DownloadSymbol,Date,Open,High,Low,Close,Adj Close,Volume
Nifty FMCG,Nifty FMCG,^CNXFMCG,FMCGIETF.NS,2021-08-10,36.80099868774414,38.5,36.5,36.50199890136719,36.50199890136719,58570.0
Nifty FMCG,Nifty FMCG,^CNXFMCG,FMCGIETF.NS,2021-08-11,38.525001525878906,43.70000076293945,36.025001525878906,36.36199951171875,36.36199951171875,26760.0
Nifty FMCG,Nifty FMCG,^CNXFMCG,FMCGIETF.NS,2021-08-12,37.0890007019043,37.400001525878906,36.15299987792969,36.683998107910156,36.683998107910156,105520.0
Nifty FMCG,Nifty FMCG,^CNXFMCG,FMCGIETF.NS,2021-08-13,36.79999923706055,37.099998474121094,36.683998107910156,36.9739990234375,36.9739990234375,35570.0
Nifty FMCG,Nifty FMCG,^CNXFMCG,FMCGIETF.NS,2021-08-16,39.20000076293945,39.20000076293945,36.36000061035156,37.01599884033203,37.01599884033203,20320.0
Nifty FMCG,Nifty FMCG,^CNXFMCG,FMCGIETF.NS,2021-08-17,37.099998474121094,37.70000076293945,36.900001525878906,37.26100158691406,37.26100158691406,32230.0
Nifty FMCG,Nifty FMCG,^CNXFMCG,FMCGIETF.NS,2021-08-18,39.20000076293945,39.20000076293945,37.099998474121094,37.77299880981445,37.77299880981445,84450.0
Nifty FMCG,Nifty FMCG,^CNXFMCG,FMCGIETF.NS,2021-08-20,38.499000549316406,38.499000549316406,37.551998138427734,38.37300109863281,38.37300109863281,71730.0
Nifty FMCG,Nifty FMCG,^CNXFMCG,FMCGIETF.NS,2021-08-23,39.13999938964844,43.0,38.400001525878906,38.62099838256836,38.62099838256836,165230.0
Nifty FMCG,Nifty FMCG,^CNXFMCG,FMCGIETF.NS,2021-08-24,38.494998931884766,38.595001220703125,38.0989990234375,38.27299880981445,38.27299880981445,23930.0
Nifty FMCG,Nifty FMCG,^CNXFMCG,FMCGIETF.NS,2021-08-25,38.599998474121094,38.847999572753906,38.20000076293945,38.58100128173828,38.58100128173828,36850.0
Nifty FMCG,Nifty FMCG,^CNXFMCG,FMCGIETF.NS,2021-08-26,41.900001525878906,41.900001525878906,38.0,38.96799850463867,38.96799850463867,62250.0
Nifty FMCG,Nifty FMCG,^CNXFMCG,FMCGIETF.NS,2021-08-27,38.900001525878906,38.900001525878906,38.5260009765625,38.79199981689453,38.79199981689453,26670.0
Nifty FMCG,Nifty FMCG,^CNXFMCG,FMCGIETF.NS,2021-08-30,39.56800079345703,39.599998474121094,38.709999084472656,39.21799850463867,39.21799850463867,47230.0
Nifty FMCG,Nifty FMCG,^CNXFMCG,FMCGIETF.NS,2021-08-31,39.5,39.88999938964844,39.20000076293945,39.40399932861328,39.40399932861328,131060.0
Nifty FMCG,Nifty FMCG,^CNXFMCG,FMCGIETF.NS,2021-09-01,39.900001525878906,39.900001525878906,39.066001892089844,39.757999420166016,39.757999420166016,54410.0
Nifty FMCG,Nifty FMCG,^CNXFMCG,FMCGIETF.NS,2021-09-02,39.79999923706055,40.64899826049805,39.79999923706055,40.349998474121094,40.349998474121094,29920.0
Nifty FMCG,Nifty FMCG,^CNXFMCG,FMCGIETF.NS,2021-09-03,40.400001525878906,40.70000076293945,40.15999984741211,40.30799865722656,40.30799865722656,47530.0
Nifty FMCG,Nifty FMCG,^CNXFMCG,FMCGIETF.NS,2021-09-06,41.16999816894531,41.16999816894531,40.290000915527344,40.30099868774414,40.30099868774414,27490.0
Nifty FMCG,Nifty FMCG,^CNXFMCG,FMCGIETF.NS,2021-09-07,40.99399948120117,40.99399948120117,40.11800003051758,40.41899871826172,40.41899871826172,9280.0
Nifty FMCG,Nifty FMCG,^CNXFMCG,FMCGIETF.NS,2021-09-08,41.099998474121094,41.099998474121094,40.099998474121094,40.266998291015625,40.266998291015625,9390.0
Nifty FMCG,Nifty FMCG,^CNXFMCG,FMCGIETF.NS,2021-09-09,41.0,41.0,40.111000061035156,40.54199981689453,40.54199981689453,17200.0
Nifty FMCG,Nifty FMCG,^CNXFMCG,FMCGIETF.NS,2021-09-13,40.599998474121094,41.0,40.5,40.68000030517578,40.68000030517578,22500.0
Nifty FMCG,Nifty FMCG,^CNXFMCG,FMCGIETF.NS,2021-09-14,41.494998931884766,41.494998931884766,40.505001068115234,40.62200164794922,40.62200164794922,19800.0
Nifty FMCG,Nifty FMCG,^CNXFMCG,FMCGIETF.NS,2021-09-15,41.900001525878906,41.900001525878906,40.45000076293945,40.54899978637695,40.54899978637695,203820.0
Nifty FMCG,Nifty FMCG,^CNXFMCG,FMCGIETF.NS,2021-09-16,40.49700164794922,41.18000030517578,40.49700164794922,41.07600021362305,41.07600021362305,71380.0
Nifty FMCG,Nifty FMCG,^CNXFMCG,FMCGIETF.NS,2021-09-17,41.689998626708984,41.689998626708984,40.69499969482422,40.96900177001953,40.96900177001953,32150.0
Nifty FMCG,Nifty FMCG,^CNXFMCG,FMCGIETF.NS,2021-09-20,41.5,41.63999938964844,40.959999084472656,41.334999084472656,41.334999084472656,26460.0
Nifty FMCG,Nifty FMCG,^CNXFMCG,FMCGIETF.NS,2021-09-21,41.654998779296875,41.70000076293945,40.362998962402344,41.595001220703125,41.595001220703125,19090.0
Nifty FMCG,Nifty FMCG,^CNXFMCG,FMCGIETF.NS,2021-09-22,41.599998474121094,41.75,41.5,41.68000030517578,41.68000030517578,15070.0
Nifty FMCG,Nifty FMCG,^CNXFMCG,FMCGIETF.NS,2021-09-23,41.79999923706055,42.20000076293945,41.0,41.500999450683594,41.500999450683594,65430.0
Nifty FMCG,Nifty FMCG,^CNXFMCG,FMCGIETF.NS,2021-09-24,41.500999450683594,41.93899917602539,41.099998474121094,41.16999816894531,41.16999816894531,26550.0
Nifty FMCG,Nifty FMCG,^CNXFMCG,FMCGIETF.NS,2021-09-27,41.9900016784668,41.9900016784668,40.650001525878906,40.91999816894531,40.91999816894531,26820.0
Nifty FMCG,Nifty FMCG,^CNXFMCG,FMCGIETF.NS,2021-09-28,41.099998474121094,41.20000076293945,40.604000091552734,40.75199890136719,40.75199890136719,26410.0
Nifty FMCG,Nifty FMCG,^CNXFMCG,FMCGIETF.NS,2021-09-29,41.494998931884766,41.494998931884766,40.33100128173828,40.4900016784668,40.4900016784668,29090.0
Nifty FMCG,Nifty FMCG,^CNXFMCG,FMCGIETF.NS,2021-09-30,40.70000076293945,40.900001525878906,40.29999923706055,40.54899978637695,40.54899978637695,20980.0
Nifty FMCG,Nifty FMCG,^CNXFMCG,FMCGIETF.NS,2021-10-01,40.54899978637695,40.54899978637695,40.07600021362305,40.27000045776367,40.27000045776367,28160.0
Nifty FMCG,Nifty FMCG,^CNXFMCG,FMCGIETF.NS,2021-10-04,40.25,40.62900161743164,40.25,40.520999908447266,40.520999908447266,22490.0
Nifty FMCG,Nifty FMCG,^CNXFMCG,FMCGIETF.NS,2021-10-05,41.77000045776367,41.77000045776367,39.62300109863281,40.487998962402344,40.487998962402344,16500.0
Nifty FMCG,Nifty FMCG,^CNXFMCG,FMCGIETF.NS,2021-10-06,41.099998474121094,41.099998474121094,40.099998474121094,40.292999267578125,40.292999267578125,85640.0
Nifty FMCG,Nifty FMCG,^CNXFMCG,FMCGIETF.NS,2021-10-07,40.400001525878906,40.70000076293945,40.10100173950195,40.33399963378906,40.33399963378906,7580.0
Nifty FMCG,Nifty FMCG,^CNXFMCG,FMCGIETF.NS,2021-10-08,40.599998474121094,40.599998474121094,40.005001068115234,40.04499816894531,40.04499816894531,94520.0
Nifty FMCG,Nifty FMCG,^CNXFMCG,FMCGIETF.NS,2021-10-11,39.994998931884766,40.31999969482422,39.69499969482422,40.27899932861328,40.27899932861328,22820.0
Nifty FMCG,Nifty FMCG,^CNXFMCG,FMCGIETF.NS,2021-10-12,41.470001220703125,41.470001220703125,39.51300048828125,40.612998962402344,40.612998962402344,55290.0
Nifty FMCG,Nifty FMCG,^CNXFMCG,FMCGIETF.NS,2021-10-13,40.70000076293945,41.18000030517578,40.70000076293945,40.95899963378906,40.95899963378906,15500.0
Nifty FMCG,Nifty FMCG,^CNXFMCG,FMCGIETF.NS,2021-10-14,40.900001525878906,42.369998931884766,40.900001525878906,41.47200012207031,41.47200012207031,35960.0
Nifty FMCG,Nifty FMCG,^CNXFMCG,FMCGIETF.NS,2021-10-18,41.50400161743164,41.779998779296875,41.400001525878906,41.57899856567383,41.57899856567383,22130.0
Nifty FMCG,Nifty FMCG,^CNXFMCG,FMCGIETF.NS,2021-10-19,42.77000045776367,42.77000045776367,40.28499984741211,40.3120002746582,40.3120002746582,98850.0
Nifty FMCG,Nifty FMCG,^CNXFMCG,FMCGIETF.NS,2021-10-20,40.70000076293945,41.0,39.49100112915039,39.79399871826172,39.79399871826172,84580.0
Nifty FMCG,Nifty FMCG,^CNXFMCG,FMCGIETF.NS,2021-10-21,40.599998474121094,40.70000076293945,39.26499938964844,39.45199966430664,39.45199966430664,56730.0
Nifty FMCG,Nifty FMCG,^CNXFMCG,FMCGIETF.NS,2021-10-22,39.5,39.994998931884766,38.79100036621094,38.939998626708984,38.939998626708984,91220.0
Nifty FMCG,Nifty FMCG,^CNXFMCG,FMCGIETF.NS,2021-10-25,39.7400016784668,39.7400016784668,38.25,38.58000183105469,38.58000183105469,53410.0
Nifty FMCG,Nifty FMCG,^CNXFMCG,FMCGIETF.NS,2021-10-26,39.37900161743164,39.37900161743164,38.58300018310547,38.856998443603516,38.856998443603516,37610.0
Nifty FMCG,Nifty FMCG,^CNXFMCG,FMCGIETF.NS,2021-10-27,38.900001525878906,39.39899826049805,38.900001525878906,39.0890007019043,39.0890007019043,34640.0
Nifty FMCG,Nifty FMCG,^CNXFMCG,FMCGIETF.NS,2021-10-28,39.20000076293945,39.5,38.20000076293945,38.39799880981445,38.39799880981445,149180.0
Nifty FMCG,Nifty FMCG,^CNXFMCG,FMCGIETF.NS,2021-10-29,38.724998474121094,38.724998474121094,38.0,38.361000061035156,38.361000061035156,16830.0
Nifty FMCG,Nifty FMCG,^CNXFMCG,FMCGIETF.NS,2021-11-01,39.20000076293945,39.20000076293945,38.29999923706055,38.81800079345703,38.81800079345703,31030.0
Nifty FMCG,Nifty FMCG,^CNXFMCG,FMCGIETF.NS,2021-11-02,38.81800079345703,38.900001525878906,38.56999969482422,38.72700119018555,38.72700119018555,23070.0
Nifty FMCG,Nifty FMCG,^CNXFMCG,FMCGIETF.NS,2021-11-03,39.1619987487793,39.1619987487793,38.095001220703125,38.46099853515625,38.46099853515625,20020.0
Nifty FMCG,Nifty FMCG,^CNXFMCG,FMCGIETF.NS,2021-11-04,39.499000549316406,39.499000549316406,38.79999923706055,38.819000244140625,38.819000244140625,23800.0
Nifty FMCG,Nifty FMCG,^CNXFMCG,FMCGIETF.NS,2021-11-08,39.400001525878906,39.400001525878906,38.4010009765625,39.06100082397461,39.06100082397461,35240.0
Nifty FMCG,Nifty FMCG,^CNXFMCG,FMCGIETF.NS,2021-11-09,39.099998474121094,39.189998626708984,39.040000915527344,39.17900085449219,39.17900085449219,22920.0
Nifty FMCG,Nifty FMCG,^CNXFMCG,FMCGIETF.NS,2021-11-10,39.900001525878906,39.900001525878906,38.70000076293945,38.95100021362305,38.95100021362305,19430.0
Nifty FMCG,Nifty FMCG,^CNXFMCG,FMCGIETF.NS,2021-11-11,39.869998931884766,39.869998931884766,38.494998931884766,38.6870002746582,38.6870002746582,23350.0
Nifty FMCG,Nifty FMCG,^CNXFMCG,FMCGIETF.NS,2021-11-12,38.6870002746582,39.1150016784668,38.685001373291016,39.09700012207031,39.09700012207031,26650.0
Nifty FMCG,Nifty FMCG,^CNXFMCG,FMCGIETF.NS,2021-11-15,39.20000076293945,39.39400100708008,38.75,39.36199951171875,39.36199951171875,52790.0
Nifty FMCG,Nifty FMCG,^CNXFMCG,FMCGIETF.NS,2021-11-16,39.400001525878906,39.499000549316406,39.0,39.22600173950195,39.22600173950195,56530.0
Nifty FMCG,Nifty FMCG,^CNXFMCG,FMCGIETF.NS,2021-11-17,39.22600173950195,39.39899826049805,39.0,39.183998107910156,39.183998107910156,17230.0
Nifty FMCG,Nifty FMCG,^CNXFMCG,FMCGIETF.NS,2021-11-18,39.183998107910156,39.25,38.81999969482422,39.06800079345703,39.06800079345703,17180.0
Nifty FMCG,Nifty FMCG,^CNXFMCG,FMCGIETF.NS,2021-11-22,39.09000015258789,39.09000015258789,38.3120002746582,38.40999984741211,38.40999984741211,52680.0
Nifty FMCG,Nifty FMCG,^CNXFMCG,FMCGIETF.NS,2021-11-23,38.59000015258789,38.77000045776367,38.40999984741211,38.766998291015625,38.766998291015625,19290.0
Nifty FMCG,Nifty FMCG,^CNXFMCG,FMCGIETF.NS,2021-11-24,39.766998291015625,39.766998291015625,38.310001373291016,38.375,38.375,23250.0
Nifty FMCG,Nifty FMCG,^CNXFMCG,FMCGIETF.NS,2021-11-25,38.375,38.43899917602539,38.05099868774414,38.39899826049805,38.39899826049805,79970.0
Nifty FMCG,Nifty FMCG,^CNXFMCG,FMCGIETF.NS,2021-11-26,38.400001525878906,38.400001525878906,37.79999923706055,37.840999603271484,37.840999603271484,47260.0
Nifty FMCG,Nifty FMCG,^CNXFMCG,FMCGIETF.NS,2021-11-29,37.040000915527344,38.099998474121094,37.040000915527344,37.43199920654297,37.43199920654297,51390.0
Nifty FMCG,Nifty FMCG,^CNXFMCG,FMCGIETF.NS,2021-11-30,38.185001373291016,38.185001373291016,37.45100021362305,37.74700164794922,37.74700164794922,101370.0
Nifty FMCG,Nifty FMCG,^CNXFMCG,FMCGIETF.NS,2021-12-01,37.61000061035156,38.400001525878906,37.29499816894531,37.65800094604492,37.65800094604492,19970.0
Nifty FMCG,Nifty FMCG,^CNXFMCG,FMCGIETF.NS,2021-12-02,38.369998931884766,38.369998931884766,37.61000061035156,37.902000427246094,37.902000427246094,400700.0
Nifty FMCG,Nifty FMCG,^CNXFMCG,FMCGIETF.NS,2021-12-03,38.290000915527344,38.290000915527344,37.606998443603516,37.729000091552734,37.729000091552734,340730.0
Nifty FMCG,Nifty FMCG,^CNXFMCG,FMCGIETF.NS,2021-12-06,38.25,38.25,37.0,37.13999938964844,37.13999938964844,48730.0
Nifty FMCG,Nifty FMCG,^CNXFMCG,FMCGIETF.NS,2021-12-07,37.099998474121094,37.499000549316406,37.000999450683594,37.28499984741211,37.28499984741211,21590.0
Nifty FMCG,Nifty FMCG,^CNXFMCG,FMCGIETF.NS,2021-12-08,37.79899978637695,37.79899978637695,37.400001525878906,37.689998626708984,37.689998626708984,38740.0
Nifty FMCG,Nifty FMCG,^CNXFMCG,FMCGIETF.NS,2021-12-09,37.999000549316406,38.29999923706055,37.599998474121094,38.18199920654297,38.18199920654297,97870.0
Nifty FMCG,Nifty FMCG,^CNXFMCG,FMCGIETF.NS,2021-12-10,37.80099868774414,38.400001525878906,37.80099868774414,38.29999923706055,38.29999923706055,78520.0
Nifty FMCG,Nifty FMCG,^CNXFMCG,FMCGIETF.NS,2021-12-13,38.00299835205078,38.599998474121094,37.95000076293945,37.95100021362305,37.95100021362305,12540.0
Nifty FMCG,Nifty FMCG,^CNXFMCG,FMCGIETF.NS,2021-12-14,37.95199966430664,38.07899856567383,37.62699890136719,37.81999969482422,37.81999969482422,5880.0
Nifty FMCG,Nifty FMCG,^CNXFMCG,FMCGIETF.NS,2021-12-15,37.94900131225586,37.94900131225586,37.439998626708984,37.479000091552734,37.479000091552734,13110.0
Nifty FMCG,Nifty FMCG,^CNXFMCG,FMCGIETF.NS,2021-12-16,37.89899826049805,37.89899826049805,37.209999084472656,37.37699890136719,37.37699890136719,53510.0
Nifty FMCG,Nifty FMCG,^CNXFMCG,FMCGIETF.NS,2021-12-17,37.040000915527344,37.637001037597656,36.630001068115234,36.64899826049805,36.64899826049805,65710.0
Nifty FMCG,Nifty FMCG,^CNXFMCG,FMCGIETF.NS,2021-12-20,36.64899826049805,36.900001525878906,36.0,36.18199920654297,36.18199920654297,72780.0
Nifty FMCG,Nifty FMCG,^CNXFMCG,FMCGIETF.NS,2021-12-21,36.02299880981445,36.79800033569336,36.02299880981445,36.4900016784668,36.4900016784668,16520.0
Nifty FMCG,Nifty FMCG,^CNXFMCG,FMCGIETF.NS,2021-12-22,36.89899826049805,36.89899826049805,36.5,36.638999938964844,36.638999938964844,112560.0
Nifty FMCG,Nifty FMCG,^CNXFMCG,FMCGIETF.NS,2021-12-23,36.79999923706055,37.099998474121094,36.750999450683594,37.04600143432617,37.04600143432617,16970.0
Nifty FMCG,Nifty FMCG,^CNXFMCG,FMCGIETF.NS,2021-12-24,37.099998474121094,37.499000549316406,36.95899963378906,37.060001373291016,37.060001373291016,36190.0
Nifty FMCG,Nifty FMCG,^CNXFMCG,FMCGIETF.NS,2021-12-27,37.39899826049805,37.39899826049805,36.35499954223633,37.09299850463867,37.09299850463867,18690.0
Nifty FMCG,Nifty FMCG,^CNXFMCG,FMCGIETF.NS,2021-12-28,37.499000549316406,37.499000549316406,37.099998474121094,37.189998626708984,37.189998626708984,27420.0
Nifty FMCG,Nifty FMCG,^CNXFMCG,FMCGIETF.NS,2021-12-29,37.558998107910156,37.558998107910156,37.099998474121094,37.165000915527344,37.165000915527344,33970.0
Nifty FMCG,Nifty FMCG,^CNXFMCG,FMCGIETF.NS,2021-12-30,37.20000076293945,37.29899978637695,37.14099884033203,37.21799850463867,37.21799850463867,29530.0
Nifty FMCG,Nifty FMCG,^CNXFMCG,FMCGIETF.NS,2021-12-31,37.400001525878906,37.784000396728516,37.270999908447266,37.75199890136719,37.75199890136719,18280.0
Nifty FMCG,Nifty FMCG,^CNXFMCG,FMCGIETF.NS,2022-01-03,38.19900131225586,38.19900131225586,37.0,37.78499984741211,37.78499984741211,45270.0
Nifty FMCG,Nifty FMCG,^CNXFMCG,FMCGIETF.NS,2022-01-04,37.78499984741211,38.198001861572266,37.0099983215332,37.917999267578125,37.917999267578125,42120.0
Nifty FMCG,Nifty FMCG,^CNXFMCG,FMCGIETF.NS,2022-01-05,38.194000244140625,38.194000244140625,37.75199890136719,37.92900085449219,37.92900085449219,16080.0
Nifty FMCG,Nifty FMCG,^CNXFMCG,FMCGIETF.NS,2022-01-06,37.92900085449219,38.19300079345703,37.130001068115234,37.75199890136719,37.75199890136719,43410.0
Nifty FMCG,Nifty FMCG,^CNXFMCG,FMCGIETF.NS,2022-01-07,38.09000015258789,38.09000015258789,37.5629997253418,37.902000427246094,37.902000427246094,12660.0
Nifty FMCG,Nifty FMCG,^CNXFMCG,FMCGIETF.NS,2022-01-10,38.0,38.20000076293945,37.900001525878906,38.08599853515625,38.08599853515625,19900.0
Nifty FMCG,Nifty FMCG,^CNXFMCG,FMCGIETF.NS,2022-01-11,38.29899978637695,38.29899978637695,37.900001525878906,38.0359992980957,38.0359992980957,20620.0
Nifty FMCG,Nifty FMCG,^CNXFMCG,FMCGIETF.NS,2022-01-12,38.0359992980957,38.099998474121094,37.507999420166016,37.965999603271484,37.965999603271484,32340.0
Nifty FMCG,Nifty FMCG,^CNXFMCG,FMCGIETF.NS,2022-01-13,37.970001220703125,38.20000076293945,37.970001220703125,38.034000396728516,38.034000396728516,13510.0
Nifty FMCG,Nifty FMCG,^CNXFMCG,FMCGIETF.NS,2022-01-14,37.970001220703125,38.17499923706055,37.85100173950195,37.95600128173828,37.95600128173828,17850.0
Nifty FMCG,Nifty FMCG,^CNXFMCG,FMCGIETF.NS,2022-01-17,37.95600128173828,38.20000076293945,37.494998931884766,38.12699890136719,38.12699890136719,55390.0
Nifty FMCG,Nifty FMCG,^CNXFMCG,FMCGIETF.NS,2022-01-18,38.12699890136719,38.597999572753906,37.5,37.678001403808594,37.678001403808594,40070.0
Nifty FMCG,Nifty FMCG,^CNXFMCG,FMCGIETF.NS,2022-01-19,37.678001403808594,38.0989990234375,37.29100036621094,37.34299850463867,37.34299850463867,38540.0
Nifty FMCG,Nifty FMCG,^CNXFMCG,FMCGIETF.NS,2022-01-20,37.70000076293945,37.89899826049805,36.7599983215332,36.86000061035156,36.86000061035156,98790.0
Nifty FMCG,Nifty FMCG,^CNXFMCG,FMCGIETF.NS,2022-01-21,36.86000061035156,37.39099884033203,36.6150016784668,36.915000915527344,36.915000915527344,67640.0
Nifty FMCG,Nifty FMCG,^CNXFMCG,FMCGIETF.NS,2022-01-24,37.39899826049805,37.39899826049805,36.14500045776367,36.34299850463867,36.34299850463867,258310.0
Nifty FMCG,Nifty FMCG,^CNXFMCG,FMCGIETF.NS,2022-01-25,36.400001525878906,37.20000076293945,35.98099899291992,36.680999755859375,36.680999755859375,154540.0
Nifty FMCG,Nifty FMCG,^CNXFMCG,FMCGIETF.NS,2022-01-27,36.5,36.79999923706055,35.801998138427734,36.125999450683594,36.125999450683594,76440.0
Nifty FMCG,Nifty FMCG,^CNXFMCG,FMCGIETF.NS,2022-01-28,36.69900131225586,36.70000076293945,36.20000076293945,36.3489990234375,36.3489990234375,20120.0
Nifty FMCG,Nifty FMCG,^CNXFMCG,FMCGIETF.NS,2022-01-31,36.3489990234375,36.79999923706055,35.62200164794922,36.555999755859375,36.555999755859375,58530.0
Nifty FMCG,Nifty FMCG,^CNXFMCG,FMCGIETF.NS,2022-02-01,37.29899978637695,37.33000183105469,36.720001220703125,37.26599884033203,37.26599884033203,69700.0
Nifty FMCG,Nifty FMCG,^CNXFMCG,FMCGIETF.NS,2022-02-02,37.89899826049805,37.89899826049805,37.11000061035156,37.59199905395508,37.59199905395508,32000.0
Nifty FMCG,Nifty FMCG,^CNXFMCG,FMCGIETF.NS,2022-02-03,37.70000076293945,37.999000549316406,37.400001525878906,37.4739990234375,37.4739990234375,14070.0
Nifty FMCG,Nifty FMCG,^CNXFMCG,FMCGIETF.NS,2022-02-04,37.02000045776367,38.487998962402344,36.400001525878906,37.551998138427734,37.551998138427734,57900.0
Nifty FMCG,Nifty FMCG,^CNXFMCG,FMCGIETF.NS,2022-02-07,37.99800109863281,37.99800109863281,36.849998474121094,36.939998626708984,36.939998626708984,14160.0
Nifty FMCG,Nifty FMCG,^CNXFMCG,FMCGIETF.NS,2022-02-08,36.939998626708984,37.20000076293945,36.6510009765625,36.78799819946289,36.78799819946289,289940.0
Nifty FMCG,Nifty FMCG,^CNXFMCG,FMCGIETF.NS,2022-02-09,37.29800033569336,37.29800033569336,36.85100173950195,36.986000061035156,36.986000061035156,100120.0
Nifty FMCG,Nifty FMCG,^CNXFMCG,FMCGIETF.NS,2022-02-10,37.04899978637695,37.25,36.7599983215332,37.12200164794922,37.12200164794922,99530.0
Nifty FMCG,Nifty FMCG,^CNXFMCG,FMCGIETF.NS,2022-02-11,37.119998931884766,37.39899826049805,36.724998474121094,36.82400131225586,36.82400131225586,17450.0
Nifty FMCG,Nifty FMCG,^CNXFMCG,FMCGIETF.NS,2022-02-14,37.099998474121094,37.099998474121094,36.099998474121094,36.194000244140625,36.194000244140625,151170.0
Nifty FMCG,Nifty FMCG,^CNXFMCG,FMCGIETF.NS,2022-02-15,36.698001861572266,36.941001892089844,36.194000244140625,36.79600143432617,36.79600143432617,26480.0
Nifty FMCG,Nifty FMCG,^CNXFMCG,FMCGIETF.NS,2022-02-16,37.19900131225586,37.19900131225586,36.553001403808594,36.81800079345703,36.81800079345703,22130.0
Nifty FMCG,Nifty FMCG,^CNXFMCG,FMCGIETF.NS,2022-02-17,37.29899978637695,37.29899978637695,36.0,36.9119987487793,36.9119987487793,16890.0
Nifty FMCG,Nifty FMCG,^CNXFMCG,FMCGIETF.NS,2022-02-18,36.95000076293945,37.099998474121094,36.72600173950195,36.83700180053711,36.83700180053711,4730.0
Nifty FMCG,Nifty FMCG,^CNXFMCG,FMCGIETF.NS,2022-02-21,37.099998474121094,37.29800033569336,36.45100021362305,36.584999084472656,36.584999084472656,485850.0
Nifty FMCG,Nifty FMCG,^CNXFMCG,FMCGIETF.NS,2022-02-22,36.58000183105469,36.79899978637695,36.0,36.27799987792969,36.27799987792969,33710.0
Nifty FMCG,Nifty FMCG,^CNXFMCG,FMCGIETF.NS,2022-02-23,36.5,36.70000076293945,36.250999450683594,36.38600158691406,36.38600158691406,6530.0
Nifty FMCG,Nifty FMCG,^CNXFMCG,FMCGIETF.NS,2022-02-24,36.29899978637695,36.29899978637695,35.20000076293945,35.55500030517578,35.55500030517578,115270.0
Nifty FMCG,Nifty FMCG,^CNXFMCG,FMCGIETF.NS,2022-02-25,36.25,36.25,35.5,35.72600173950195,35.72600173950195,45720.0
Nifty FMCG,Nifty FMCG,^CNXFMCG,FMCGIETF.NS,2022-02-28,35.71500015258789,35.959999084472656,35.11000061035156,35.81999969482422,35.81999969482422,46460.0
Nifty FMCG,Nifty FMCG,^CNXFMCG,FMCGIETF.NS,2022-03-02,35.79999923706055,35.959999084472656,35.45100021362305,35.75699996948242,35.75699996948242,17640.0
Nifty FMCG,Nifty FMCG,^CNXFMCG,FMCGIETF.NS,2022-03-03,36.0,36.0,35.441001892089844,35.46699905395508,35.46699905395508,23550.0
Nifty FMCG,Nifty FMCG,^CNXFMCG,FMCGIETF.NS,2022-03-04,35.69900131225586,35.779998779296875,34.70000076293945,35.130001068115234,35.130001068115234,153410.0
Nifty FMCG,Nifty FMCG,^CNXFMCG,FMCGIETF.NS,2022-03-07,35.29899978637695,35.29899978637695,33.95899963378906,34.04199981689453,34.04199981689453,71540.0
Nifty FMCG,Nifty FMCG,^CNXFMCG,FMCGIETF.NS,2022-03-08,35.0,35.0,33.79999923706055,34.224998474121094,34.224998474121094,46730.0
Nifty FMCG,Nifty FMCG,^CNXFMCG,FMCGIETF.NS,2022-03-09,34.5989990234375,35.290000915527344,34.270999908447266,34.84199905395508,34.84199905395508,71800.0
Nifty FMCG,Nifty FMCG,^CNXFMCG,FMCGIETF.NS,2022-03-10,35.79800033569336,35.900001525878906,35.0,35.81100082397461,35.81100082397461,55050.0
Nifty FMCG,Nifty FMCG,^CNXFMCG,FMCGIETF.NS,2022-03-11,36.29899978637695,36.29899978637695,35.6879997253418,36.05099868774414,36.05099868774414,11240.0
Nifty FMCG,Nifty FMCG,^CNXFMCG,FMCGIETF.NS,2022-03-14,35.060001373291016,36.29399871826172,35.060001373291016,36.000999450683594,36.000999450683594,141190.0
Nifty FMCG,Nifty FMCG,^CNXFMCG,FMCGIETF.NS,2022-03-15,36.29999923706055,36.29999923706055,35.79999923706055,35.95800018310547,35.95800018310547,10730.0
Nifty FMCG,Nifty FMCG,^CNXFMCG,FMCGIETF.NS,2022-03-16,36.18000030517578,36.73500061035156,36.05099868774414,36.63199996948242,36.63199996948242,20540.0
Nifty FMCG,Nifty FMCG,^CNXFMCG,FMCGIETF.NS,2022-03-17,36.529998779296875,37.18000030517578,36.275001525878906,37.02199935913086,37.02199935913086,29650.0
Nifty FMCG,Nifty FMCG,^CNXFMCG,FMCGIETF.NS,2022-03-21,37.5,37.5,36.53099822998047,36.60300064086914,36.60300064086914,21560.0
Nifty FMCG,Nifty FMCG,^CNXFMCG,FMCGIETF.NS,2022-03-22,36.88999938964844,36.88999938964844,35.82500076293945,36.26900100708008,36.26900100708008,100190.0
Nifty FMCG,Nifty FMCG,^CNXFMCG,FMCGIETF.NS,2022-03-23,36.28499984741211,37.08000183105469,36.005001068115234,36.32400131225586,36.32400131225586,65050.0
Nifty FMCG,Nifty FMCG,^CNXFMCG,FMCGIETF.NS,2022-03-24,36.95000076293945,36.95000076293945,35.9010009765625,36.15999984741211,36.15999984741211,144040.0
Nifty FMCG,Nifty FMCG,^CNXFMCG,FMCGIETF.NS,2022-03-25,36.099998474121094,37.279998779296875,35.79999923706055,35.90800094604492,35.90800094604492,159860.0
Nifty FMCG,Nifty FMCG,^CNXFMCG,FMCGIETF.NS,2022-03-28,36.597999572753906,36.597999572753906,35.70000076293945,35.974998474121094,35.974998474121094,33430.0
Nifty FMCG,Nifty FMCG,^CNXFMCG,FMCGIETF.NS,2022-03-29,36.698001861572266,36.698001861572266,35.5099983215332,36.189998626708984,36.189998626708984,157080.0
Nifty FMCG,Nifty FMCG,^CNXFMCG,FMCGIETF.NS,2022-03-30,36.79800033569336,36.79800033569336,35.5,36.26300048828125,36.26300048828125,34990.0
Nifty FMCG,Nifty FMCG,^CNXFMCG,FMCGIETF.NS,2022-03-31,36.26300048828125,36.77899932861328,36.26300048828125,36.70500183105469,36.70500183105469,142370.0
Nifty FMCG,Nifty FMCG,^CNXFMCG,FMCGIETF.NS,2022-04-01,36.630001068115234,37.189998626708984,36.40999984741211,36.97600173950195,36.97600173950195,97930.0
Nifty FMCG,Nifty FMCG,^CNXFMCG,FMCGIETF.NS,2022-04-04,37.49800109863281,37.6349983215332,36.45500183105469,37.566001892089844,37.566001892089844,96460.0
Nifty FMCG,Nifty FMCG,^CNXFMCG,FMCGIETF.NS,2022-04-05,38.099998474121094,38.099998474121094,34.0099983215332,38.005001068115234,38.005001068115234,298570.0
Nifty FMCG,Nifty FMCG,^CNXFMCG,FMCGIETF.NS,2022-04-06,37.95000076293945,38.099998474121094,37.5,37.930999755859375,37.930999755859375,64260.0
Nifty FMCG,Nifty FMCG,^CNXFMCG,FMCGIETF.NS,2022-04-07,37.93000030517578,38.290000915527344,37.625,37.84299850463867,37.84299850463867,144410.0
Nifty FMCG,Nifty FMCG,^CNXFMCG,FMCGIETF.NS,2022-04-08,38.189998626708984,38.599998474121094,37.84299850463867,38.56100082397461,38.56100082397461,170790.0
Nifty FMCG,Nifty FMCG,^CNXFMCG,FMCGIETF.NS,2022-04-11,38.599998474121094,38.99800109863281,38.35100173950195,38.65299987792969,38.65299987792969,162840.0
Nifty FMCG,Nifty FMCG,^CNXFMCG,FMCGIETF.NS,2022-04-12,38.65299987792969,38.65299987792969,38.26599884033203,38.305999755859375,38.305999755859375,124200.0
Nifty FMCG,Nifty FMCG,^CNXFMCG,FMCGIETF.NS,2022-04-13,38.305999755859375,38.900001525878906,38.29999923706055,38.53499984741211,38.53499984741211,30740.0
Nifty FMCG,Nifty FMCG,^CNXFMCG,FMCGIETF.NS,2022-04-18,38.89899826049805,38.89899826049805,38.11600112915039,38.64899826049805,38.64899826049805,46580.0
Nifty FMCG,Nifty FMCG,^CNXFMCG,FMCGIETF.NS,2022-04-19,38.779998779296875,39.06999969482422,38.20100021362305,38.3120002746582,38.3120002746582,35470.0
Nifty FMCG,Nifty FMCG,^CNXFMCG,FMCGIETF.NS,2022-04-20,38.597999572753906,38.597999572753906,38.025001525878906,38.189998626708984,38.189998626708984,30080.0
Nifty FMCG,Nifty FMCG,^CNXFMCG,FMCGIETF.NS,2022-04-21,38.099998474121094,38.599998474121094,37.702999114990234,38.356998443603516,38.356998443603516,21690.0
Nifty FMCG,Nifty FMCG,^CNXFMCG,FMCGIETF.NS,2022-04-22,38.21099853515625,38.5989990234375,38.130001068115234,38.290000915527344,38.290000915527344,11680.0
Nifty FMCG,Nifty FMCG,^CNXFMCG,FMCGIETF.NS,2022-04-25,38.09000015258789,38.09000015258789,37.415000915527344,37.7400016784668,37.7400016784668,44450.0
Nifty FMCG,Nifty FMCG,^CNXFMCG,FMCGIETF.NS,2022-04-26,38.400001525878906,38.400001525878906,37.79999923706055,38.229000091552734,38.229000091552734,17560.0
Nifty FMCG,Nifty FMCG,^CNXFMCG,FMCGIETF.NS,2022-04-27,38.23500061035156,38.29899978637695,37.720001220703125,38.05099868774414,38.05099868774414,29320.0
Nifty FMCG,Nifty FMCG,^CNXFMCG,FMCGIETF.NS,2022-04-28,38.249000549316406,38.95500183105469,38.20000076293945,38.840999603271484,38.840999603271484,41750.0
Nifty FMCG,Nifty FMCG,^CNXFMCG,FMCGIETF.NS,2022-04-29,38.5,39.19900131225586,38.29999923706055,38.856998443603516,38.856998443603516,43270.0
Nifty FMCG,Nifty FMCG,^CNXFMCG,FMCGIETF.NS,2022-05-02,38.70000076293945,38.900001525878906,38.20899963378906,38.69900131225586,38.69900131225586,30040.0
Nifty FMCG,Nifty FMCG,^CNXFMCG,FMCGIETF.NS,2022-05-04,38.69900131225586,38.79999923706055,38.32699966430664,38.444000244140625,38.444000244140625,30730.0
Nifty FMCG,Nifty FMCG,^CNXFMCG,FMCGIETF.NS,2022-05-05,38.650001525878906,38.698001861572266,37.915000915527344,38.047000885009766,38.047000885009766,20830.0
Nifty FMCG,Nifty FMCG,^CNXFMCG,FMCGIETF.NS,2022-05-06,38.29999923706055,38.49800109863281,37.400001525878906,37.87699890136719,37.87699890136719,1091280.0
Nifty FMCG,Nifty FMCG,^CNXFMCG,FMCGIETF.NS,2022-05-09,38.29800033569336,38.29800033569336,37.119998931884766,37.358001708984375,37.358001708984375,272110.0
Nifty FMCG,Nifty FMCG,^CNXFMCG,FMCGIETF.NS,2022-05-10,37.5,37.79999923706055,37.20100021362305,37.749000549316406,37.749000549316406,16380.0
Nifty FMCG,Nifty FMCG,^CNXFMCG,FMCGIETF.NS,2022-05-11,38.29800033569336,38.29800033569336,36.72999954223633,37.21799850463867,37.21799850463867,31450.0
Nifty FMCG,Nifty FMCG,^CNXFMCG,FMCGIETF.NS,2022-05-12,37.698001861572266,37.698001861572266,36.22999954223633,36.68299865722656,36.68299865722656,52330.0
Nifty FMCG,Nifty FMCG,^CNXFMCG,FMCGIETF.NS,2022-05-13,37.198001861572266,37.900001525878906,36.900001525878906,37.46500015258789,37.46500015258789,147210.0
Nifty FMCG,Nifty FMCG,^CNXFMCG,FMCGIETF.NS,2022-05-16,37.70000076293945,37.79999923706055,37.13199996948242,37.619998931884766,37.619998931884766,13430.0
Nifty FMCG,Nifty FMCG,^CNXFMCG,FMCGIETF.NS,2022-05-17,37.79999923706055,38.0,37.30099868774414,37.553001403808594,37.553001403808594,236000.0
Nifty FMCG,Nifty FMCG,^CNXFMCG,FMCGIETF.NS,2022-05-18,37.553001403808594,38.097999572753906,37.417999267578125,37.89799880981445,37.89799880981445,23600.0
Nifty FMCG,Nifty FMCG,^CNXFMCG,FMCGIETF.NS,2022-05-19,37.189998626708984,38.29999923706055,37.189998626708984,37.930999755859375,37.930999755859375,32310.0
Nifty FMCG,Nifty FMCG,^CNXFMCG,FMCGIETF.NS,2022-05-20,38.0,38.90999984741211,37.75,38.74700164794922,38.74700164794922,389790.0
Nifty FMCG,Nifty FMCG,^CNXFMCG,FMCGIETF.NS,2022-05-23,38.74700164794922,39.20000076293945,38.599998474121094,38.95199966430664,38.95199966430664,49460.0
Nifty FMCG,Nifty FMCG,^CNXFMCG,FMCGIETF.NS,2022-05-24,38.88999938964844,38.88999938964844,38.40599822998047,38.527000427246094,38.527000427246094,17660.0
Nifty FMCG,Nifty FMCG,^CNXFMCG,FMCGIETF.NS,2022-05-25,38.79999923706055,38.79999923706055,38.04999923706055,38.40299987792969,38.40299987792969,16020.0
Nifty FMCG,Nifty FMCG,^CNXFMCG,FMCGIETF.NS,2022-05-26,38.599998474121094,38.70000076293945,38.10100173950195,38.625,38.625,8400.0
Nifty FMCG,Nifty FMCG,^CNXFMCG,FMCGIETF.NS,2022-05-27,39.198001861572266,39.198001861572266,38.630001068115234,39.1870002746582,39.1870002746582,68080.0
Nifty FMCG,Nifty FMCG,^CNXFMCG,FMCGIETF.NS,2022-05-30,39.4900016784668,39.5,38.810001373291016,39.354000091552734,39.354000091552734,15560.0
Nifty FMCG,Nifty FMCG,^CNXFMCG,FMCGIETF.NS,2022-05-31,39.439998626708984,39.79800033569336,38.93000030517578,39.26499938964844,39.26499938964844,42720.0
Nifty FMCG,Nifty FMCG,^CNXFMCG,FMCGIETF.NS,2022-06-01,39.26499938964844,39.5,38.9010009765625,39.26499938964844,39.26499938964844,34750.0
Nifty FMCG,Nifty FMCG,^CNXFMCG,FMCGIETF.NS,2022-06-02,42.61000061035156,42.61000061035156,38.599998474121094,39.02799987792969,39.02799987792969,33890.0
Nifty FMCG,Nifty FMCG,^CNXFMCG,FMCGIETF.NS,2022-06-03,39.599998474121094,39.599998474121094,38.935001373291016,39.150001525878906,39.150001525878906,45120.0
Nifty FMCG,Nifty FMCG,^CNXFMCG,FMCGIETF.NS,2022-06-06,40.20000076293945,40.20000076293945,38.6349983215332,38.715999603271484,38.715999603271484,46730.0
Nifty FMCG,Nifty FMCG,^CNXFMCG,FMCGIETF.NS,2022-06-07,38.715999603271484,38.900001525878906,38.275001525878906,38.395999908447266,38.395999908447266,14940.0
Nifty FMCG,Nifty FMCG,^CNXFMCG,FMCGIETF.NS,2022-06-08,38.599998474121094,38.689998626708984,38.0,38.24599838256836,38.24599838256836,37260.0
Nifty FMCG,Nifty FMCG,^CNXFMCG,FMCGIETF.NS,2022-06-09,38.099998474121094,38.20399856567383,37.900001525878906,38.04800033569336,38.04800033569336,14070.0
Nifty FMCG,Nifty FMCG,^CNXFMCG,FMCGIETF.NS,2022-06-10,37.79999923706055,38.17900085449219,37.79999923706055,38.111000061035156,38.111000061035156,18030.0
Nifty FMCG,Nifty FMCG,^CNXFMCG,FMCGIETF.NS,2022-06-13,37.79999923706055,37.97100067138672,37.709999084472656,37.823001861572266,37.823001861572266,33190.0
Nifty FMCG,Nifty FMCG,^CNXFMCG,FMCGIETF.NS,2022-06-14,37.5,38.09000015258789,37.400001525878906,37.70899963378906,37.70899963378906,39590.0
Nifty FMCG,Nifty FMCG,^CNXFMCG,FMCGIETF.NS,2022-06-15,37.900001525878906,37.900001525878906,37.5,37.59600067138672,37.59600067138672,8780.0
Nifty FMCG,Nifty FMCG,^CNXFMCG,FMCGIETF.NS,2022-06-16,37.70000076293945,38.0,37.400001525878906,37.433998107910156,37.433998107910156,95750.0
Nifty FMCG,Nifty FMCG,^CNXFMCG,FMCGIETF.NS,2022-06-17,37.70000076293945,37.70000076293945,37.0,37.31800079345703,37.31800079345703,15510.0
Nifty FMCG,Nifty FMCG,^CNXFMCG,FMCGIETF.NS,2022-06-20,37.0,37.808998107910156,37.0,37.698001861572266,37.698001861572266,14920.0
Nifty FMCG,Nifty FMCG,^CNXFMCG,FMCGIETF.NS,2022-06-21,37.650001525878906,38.29899978637695,37.650001525878906,38.29499816894531,38.29499816894531,32400.0
Nifty FMCG,Nifty FMCG,^CNXFMCG,FMCGIETF.NS,2022-06-22,38.290000915527344,38.29999923706055,37.72700119018555,37.792999267578125,37.792999267578125,9310.0
Nifty FMCG,Nifty FMCG,^CNXFMCG,FMCGIETF.NS,2022-06-23,38.39799880981445,38.39799880981445,37.970001220703125,38.047000885009766,38.047000885009766,3790.0
Nifty FMCG,Nifty FMCG,^CNXFMCG,FMCGIETF.NS,2022-06-24,38.400001525878906,38.69900131225586,38.099998474121094,38.48899841308594,38.48899841308594,20320.0
Nifty FMCG,Nifty FMCG,^CNXFMCG,FMCGIETF.NS,2022-06-27,39.0,42.369998931884766,38.6510009765625,39.01499938964844,39.01499938964844,42700.0
Nifty FMCG,Nifty FMCG,^CNXFMCG,FMCGIETF.NS,2022-06-28,38.5,38.9739990234375,38.42499923706055,38.827999114990234,38.827999114990234,175870.0
Nifty FMCG,Nifty FMCG,^CNXFMCG,FMCGIETF.NS,2022-06-29,38.70000076293945,38.70000076293945,38.21900177001953,38.409000396728516,38.409000396728516,19810.0
Nifty FMCG,Nifty FMCG,^CNXFMCG,FMCGIETF.NS,2022-06-30,38.70000076293945,38.70000076293945,38.209999084472656,38.46200180053711,38.46200180053711,7010.0
Nifty FMCG,Nifty FMCG,^CNXFMCG,FMCGIETF.NS,2022-07-01,38.0,39.599998474121094,38.0,39.40999984741211,39.40999984741211,42050.0
Nifty FMCG,Nifty FMCG,^CNXFMCG,FMCGIETF.NS,2022-07-04,38.29999923706055,42.29999923706055,38.29999923706055,40.64400100708008,40.64400100708008,1044840.0
Nifty FMCG,Nifty FMCG,^CNXFMCG,FMCGIETF.NS,2022-07-05,40.70000076293945,41.20000076293945,40.41600036621094,40.472999572753906,40.472999572753906,128960.0
Nifty FMCG,Nifty FMCG,^CNXFMCG,FMCGIETF.NS,2022-07-06,40.70000076293945,41.689998626708984,40.599998474121094,41.45800018310547,41.45800018310547,241830.0
Nifty FMCG,Nifty FMCG,^CNXFMCG,FMCGIETF.NS,2022-07-07,41.79999923706055,41.99800109863281,41.35100173950195,41.61199951171875,41.61199951171875,253780.0
Nifty FMCG,Nifty FMCG,^CNXFMCG,FMCGIETF.NS,2022-07-08,41.599998474121094,42.08399963378906,41.50199890136719,41.59600067138672,41.59600067138672,111400.0
Nifty FMCG,Nifty FMCG,^CNXFMCG,FMCGIETF.NS,2022-07-11,41.59600067138672,42.099998474121094,41.1510009765625,42.00400161743164,42.00400161743164,72040.0
Nifty FMCG,Nifty FMCG,^CNXFMCG,FMCGIETF.NS,2022-07-12,42.0,42.2400016784668,41.3129997253418,41.45600128173828,41.45600128173828,108850.0
Nifty FMCG,Nifty FMCG,^CNXFMCG,FMCGIETF.NS,2022-07-13,41.507999420166016,42.0,41.507999420166016,41.92100143432617,41.92100143432617,66490.0
Nifty FMCG,Nifty FMCG,^CNXFMCG,FMCGIETF.NS,2022-07-14,42.49800109863281,42.49800109863281,41.507999420166016,41.76900100708008,41.76900100708008,65630.0
Nifty FMCG,Nifty FMCG,^CNXFMCG,FMCGIETF.NS,2022-07-15,42.2400016784668,42.2400016784668,41.900001525878906,42.029998779296875,42.029998779296875,369900.0
Nifty FMCG,Nifty FMCG,^CNXFMCG,FMCGIETF.NS,2022-07-18,42.79999923706055,42.79999923706055,41.900001525878906,42.27799987792969,42.27799987792969,128980.0
Nifty FMCG,Nifty FMCG,^CNXFMCG,FMCGIETF.NS,2022-07-19,42.27799987792969,42.57099914550781,42.0,42.20199966430664,42.20199966430664,82670.0
Nifty FMCG,Nifty FMCG,^CNXFMCG,FMCGIETF.NS,2022-07-20,42.57099914550781,42.79999923706055,42.29999923706055,42.707000732421875,42.707000732421875,88040.0
Nifty FMCG,Nifty FMCG,^CNXFMCG,FMCGIETF.NS,2022-07-21,42.707000732421875,43.099998474121094,42.707000732421875,43.07500076293945,43.07500076293945,150090.0
Nifty FMCG,Nifty FMCG,^CNXFMCG,FMCGIETF.NS,2022-07-22,43.07500076293945,43.435001373291016,43.0,43.290000915527344,43.290000915527344,146270.0
Nifty FMCG,Nifty FMCG,^CNXFMCG,FMCGIETF.NS,2022-07-25,43.290000915527344,43.4900016784668,43.0,43.255001068115234,43.255001068115234,101710.0
Nifty FMCG,Nifty FMCG,^CNXFMCG,FMCGIETF.NS,2022-07-26,43.0,43.167999267578125,42.553001403808594,42.63800048828125,42.63800048828125,33520.0
Nifty FMCG,Nifty FMCG,^CNXFMCG,FMCGIETF.NS,2022-07-27,42.900001525878906,42.930999755859375,42.45199966430664,42.7859992980957,42.7859992980957,54580.0
Nifty FMCG,Nifty FMCG,^CNXFMCG,FMCGIETF.NS,2022-07-28,42.900001525878906,43.20000076293945,42.689998626708984,43.08599853515625,43.08599853515625,524040.0
Nifty FMCG,Nifty FMCG,^CNXFMCG,FMCGIETF.NS,2022-07-29,43.20000076293945,43.5,42.92300033569336,43.1510009765625,43.1510009765625,54090.0
Nifty FMCG,Nifty FMCG,^CNXFMCG,FMCGIETF.NS,2022-08-01,43.29999923706055,43.698001861572266,42.90399932861328,43.32699966430664,43.32699966430664,41020.0
Nifty FMCG,Nifty FMCG,^CNXFMCG,FMCGIETF.NS,2022-08-02,43.5,44.0,43.400001525878906,43.60499954223633,43.60499954223633,98100.0
Nifty FMCG,Nifty FMCG,^CNXFMCG,FMCGIETF.NS,2022-08-03,43.599998474121094,43.79999923706055,43.10499954223633,43.358001708984375,43.358001708984375,129280.0
Nifty FMCG,Nifty FMCG,^CNXFMCG,FMCGIETF.NS,2022-08-04,43.459999084472656,43.66999816894531,43.29100036621094,43.625,43.625,28730.0
Nifty FMCG,Nifty FMCG,^CNXFMCG,FMCGIETF.NS,2022-08-05,43.79999923706055,44.0,43.20199966430664,43.83300018310547,43.83300018310547,39360.0
Nifty FMCG,Nifty FMCG,^CNXFMCG,FMCGIETF.NS,2022-08-08,43.40299987792969,44.19599914550781,43.40299987792969,43.83300018310547,43.83300018310547,24780.0
Nifty FMCG,Nifty FMCG,^CNXFMCG,FMCGIETF.NS,2022-08-10,43.83300018310547,44.097999572753906,43.520999908447266,43.67599868774414,43.67599868774414,103160.0
Nifty FMCG,Nifty FMCG,^CNXFMCG,FMCGIETF.NS,2022-08-11,44.194000244140625,44.194000244140625,43.29999923706055,43.37699890136719,43.37699890136719,22830.0
Nifty FMCG,Nifty FMCG,^CNXFMCG,FMCGIETF.NS,2022-08-12,43.970001220703125,43.970001220703125,42.96200180053711,43.2859992980957,43.2859992980957,169770.0
Nifty FMCG,Nifty FMCG,^CNXFMCG,FMCGIETF.NS,2022-08-16,43.970001220703125,44.013999938964844,43.2859992980957,43.73400115966797,43.73400115966797,100750.0
Nifty FMCG,Nifty FMCG,^CNXFMCG,FMCGIETF.NS,2022-08-17,44.39799880981445,44.39799880981445,43.869998931884766,44.0359992980957,44.0359992980957,114130.0
Nifty FMCG,Nifty FMCG,^CNXFMCG,FMCGIETF.NS,2022-08-18,44.0359992980957,44.54999923706055,43.650001525878906,44.3849983215332,44.3849983215332,36450.0
Nifty FMCG,Nifty FMCG,^CNXFMCG,FMCGIETF.NS,2022-08-19,44.48500061035156,44.698001861572266,43.70000076293945,43.87099838256836,43.87099838256836,64220.0
Nifty FMCG,Nifty FMCG,^CNXFMCG,FMCGIETF.NS,2022-08-22,44.0989990234375,44.0989990234375,43.654998779296875,43.797000885009766,43.797000885009766,27100.0
Nifty FMCG,Nifty FMCG,^CNXFMCG,FMCGIETF.NS,2022-08-23,43.5,43.95000076293945,43.310001373291016,43.7140007019043,43.7140007019043,17650.0
Nifty FMCG,Nifty FMCG,^CNXFMCG,FMCGIETF.NS,2022-08-24,43.86000061035156,43.96500015258789,43.58599853515625,43.73099899291992,43.73099899291992,88020.0
Nifty FMCG,Nifty FMCG,^CNXFMCG,FMCGIETF.NS,2022-08-25,43.79999923706055,44.11899948120117,43.58000183105469,43.749000549316406,43.749000549316406,53070.0
Nifty FMCG,Nifty FMCG,^CNXFMCG,FMCGIETF.NS,2022-08-26,43.60300064086914,44.099998474121094,43.5099983215332,43.53099822998047,43.53099822998047,24310.0
Nifty FMCG,Nifty FMCG,^CNXFMCG,FMCGIETF.NS,2022-08-29,43.20000076293945,43.79899978637695,42.900001525878906,43.724998474121094,43.724998474121094,120740.0
Nifty FMCG,Nifty FMCG,^CNXFMCG,FMCGIETF.NS,2022-08-30,44.097999572753906,44.66600036621094,43.70000076293945,44.61000061035156,44.61000061035156,35400.0
Nifty FMCG,Nifty FMCG,^CNXFMCG,FMCGIETF.NS,2022-09-01,44.69900131225586,44.69900131225586,44.0890007019043,44.27299880981445,44.27299880981445,48310.0
Nifty FMCG,Nifty FMCG,^CNXFMCG,FMCGIETF.NS,2022-09-02,44.27299880981445,44.75,44.27299880981445,44.60900115966797,44.60900115966797,31090.0
Nifty FMCG,Nifty FMCG,^CNXFMCG,FMCGIETF.NS,2022-09-05,44.87699890136719,44.87699890136719,44.486000061035156,44.582000732421875,44.582000732421875,34880.0
Nifty FMCG,Nifty FMCG,^CNXFMCG,FMCGIETF.NS,2022-09-06,44.57500076293945,44.77000045776367,44.31999969482422,44.49599838256836,44.49599838256836,33890.0
Nifty FMCG,Nifty FMCG,^CNXFMCG,FMCGIETF.NS,2022-09-07,44.400001525878906,44.599998474121094,44.400001525878906,44.55400085449219,44.55400085449219,10770.0
Nifty FMCG,Nifty FMCG,^CNXFMCG,FMCGIETF.NS,2022-09-08,44.900001525878906,44.900001525878906,44.45000076293945,44.558998107910156,44.558998107910156,23880.0
Nifty FMCG,Nifty FMCG,^CNXFMCG,FMCGIETF.NS,2022-09-09,44.505001068115234,45.19900131225586,44.505001068115234,44.77299880981445,44.77299880981445,49800.0
Nifty FMCG,Nifty FMCG,^CNXFMCG,FMCGIETF.NS,2022-09-12,44.979000091552734,44.999000549316406,44.68299865722656,44.722999572753906,44.722999572753906,67990.0
Nifty FMCG,Nifty FMCG,^CNXFMCG,FMCGIETF.NS,2022-09-13,45.0,45.20000076293945,44.80099868774414,45.09400177001953,45.09400177001953,29980.0
Nifty FMCG,Nifty FMCG,^CNXFMCG,FMCGIETF.NS,2022-09-14,44.79899978637695,45.29999923706055,44.49700164794922,45.15700149536133,45.15700149536133,147010.0
Nifty FMCG,Nifty FMCG,^CNXFMCG,FMCGIETF.NS,2022-09-15,45.39899826049805,45.39899826049805,44.900001525878906,44.959999084472656,44.959999084472656,14790.0
Nifty FMCG,Nifty FMCG,^CNXFMCG,FMCGIETF.NS,2022-09-16,45.0989990234375,45.0989990234375,43.9109992980957,44.0369987487793,44.0369987487793,216350.0
Nifty FMCG,Nifty FMCG,^CNXFMCG,FMCGIETF.NS,2022-09-19,44.20000076293945,44.59000015258789,43.70000076293945,44.435001373291016,44.435001373291016,105130.0
Nifty FMCG,Nifty FMCG,^CNXFMCG,FMCGIETF.NS,2022-09-20,44.452999114990234,45.16400146484375,44.452999114990234,44.874000549316406,44.874000549316406,47540.0
Nifty FMCG,Nifty FMCG,^CNXFMCG,FMCGIETF.NS,2022-09-21,44.874000549316406,45.45899963378906,44.79999923706055,45.31399917602539,45.31399917602539,49870.0
Nifty FMCG,Nifty FMCG,^CNXFMCG,FMCGIETF.NS,2022-09-22,45.55500030517578,46.16899871826172,44.80400085449219,46.0,46.0,59310.0
Nifty FMCG,Nifty FMCG,^CNXFMCG,FMCGIETF.NS,2022-09-23,46.000999450683594,46.560001373291016,45.689998626708984,45.814998626708984,45.814998626708984,195380.0
Nifty FMCG,Nifty FMCG,^CNXFMCG,FMCGIETF.NS,2022-09-26,45.79999923706055,45.99700164794922,44.69900131225586,44.762001037597656,44.762001037597656,93800.0
Nifty FMCG,Nifty FMCG,^CNXFMCG,FMCGIETF.NS,2022-09-27,45.0989990234375,45.4010009765625,44.76300048828125,45.12200164794922,45.12200164794922,99050.0
Nifty FMCG,Nifty FMCG,^CNXFMCG,FMCGIETF.NS,2022-09-28,45.125,45.297000885009766,44.60900115966797,44.82600021362305,44.82600021362305,62100.0
Nifty FMCG,Nifty FMCG,^CNXFMCG,FMCGIETF.NS,2022-09-29,45.297000885009766,45.457000732421875,44.89400100708008,45.31100082397461,45.31100082397461,79020.0
Nifty FMCG,Nifty FMCG,^CNXFMCG,FMCGIETF.NS,2022-09-30,45.49800109863281,45.49800109863281,44.803001403808594,45.332000732421875,45.332000732421875,24090.0
Nifty FMCG,Nifty FMCG,^CNXFMCG,FMCGIETF.NS,2022-10-03,45.79800033569336,45.79800033569336,44.250999450683594,44.42399978637695,44.42399978637695,69470.0
Nifty FMCG,Nifty FMCG,^CNXFMCG,FMCGIETF.NS,2022-10-04,45.49800109863281,45.49800109863281,44.70100021362305,45.16400146484375,45.16400146484375,20290.0
Nifty FMCG,Nifty FMCG,^CNXFMCG,FMCGIETF.NS,2022-10-06,45.696998596191406,45.696998596191406,44.926998138427734,44.987998962402344,44.987998962402344,1043850.0
Nifty FMCG,Nifty FMCG,^CNXFMCG,FMCGIETF.NS,2022-10-07,45.196998596191406,45.196998596191406,44.3129997253418,44.696998596191406,44.696998596191406,41310.0
Nifty FMCG,Nifty FMCG,^CNXFMCG,FMCGIETF.NS,2022-10-10,44.595001220703125,44.595001220703125,43.79100036621094,44.095001220703125,44.095001220703125,68100.0
Nifty FMCG,Nifty FMCG,^CNXFMCG,FMCGIETF.NS,2022-10-11,44.095001220703125,44.095001220703125,43.30099868774414,43.45899963378906,43.45899963378906,20400.0
Nifty FMCG,Nifty FMCG,^CNXFMCG,FMCGIETF.NS,2022-10-12,43.87699890136719,44.11899948120117,43.45100021362305,43.99599838256836,43.99599838256836,35190.0
Nifty FMCG,Nifty FMCG,^CNXFMCG,FMCGIETF.NS,2022-10-13,44.19900131225586,44.19900131225586,43.93000030517578,43.96799850463867,43.96799850463867,11600.0
Nifty FMCG,Nifty FMCG,^CNXFMCG,FMCGIETF.NS,2022-10-14,44.749000549316406,44.749000549316406,43.85100173950195,44.060001373291016,44.060001373291016,1150670.0
Nifty FMCG,Nifty FMCG,^CNXFMCG,FMCGIETF.NS,2022-10-17,44.0989990234375,44.20000076293945,43.83599853515625,44.042999267578125,44.042999267578125,47940.0
Nifty FMCG,Nifty FMCG,^CNXFMCG,FMCGIETF.NS,2022-10-18,44.49599838256836,44.75899887084961,44.20000076293945,44.5989990234375,44.5989990234375,13040.0
Nifty FMCG,Nifty FMCG,^CNXFMCG,FMCGIETF.NS,2022-10-19,44.75,44.89899826049805,44.5,44.676998138427734,44.676998138427734,43860.0
Nifty FMCG,Nifty FMCG,^CNXFMCG,FMCGIETF.NS,2022-10-20,44.972999572753906,45.249000549316406,44.691001892089844,45.08300018310547,45.08300018310547,17640.0
Nifty FMCG,Nifty FMCG,^CNXFMCG,FMCGIETF.NS,2022-10-21,45.08399963378906,45.51900100708008,44.887001037597656,45.060001373291016,45.060001373291016,28930.0
Nifty FMCG,Nifty FMCG,^CNXFMCG,FMCGIETF.NS,2022-10-24,45.494998931884766,45.5,45.0,45.01599884033203,45.01599884033203,27300.0
Nifty FMCG,Nifty FMCG,^CNXFMCG,FMCGIETF.NS,2022-10-25,45.486000061035156,45.486000061035156,44.512001037597656,44.57600021362305,44.57600021362305,68940.0
Nifty FMCG,Nifty FMCG,^CNXFMCG,FMCGIETF.NS,2022-10-27,44.99700164794922,44.99700164794922,44.426998138427734,44.67900085449219,44.67900085449219,172580.0
Nifty FMCG,Nifty FMCG,^CNXFMCG,FMCGIETF.NS,2022-10-28,44.68000030517578,45.19900131225586,44.63100051879883,44.720001220703125,44.720001220703125,43540.0
Nifty FMCG,Nifty FMCG,^CNXFMCG,FMCGIETF.NS,2022-10-31,44.99399948120117,45.35900115966797,44.720001220703125,45.10100173950195,45.10100173950195,81250.0
Nifty FMCG,Nifty FMCG,^CNXFMCG,FMCGIETF.NS,2022-11-01,45.400001525878906,45.5,45.10100173950195,45.417999267578125,45.417999267578125,54400.0
Nifty FMCG,Nifty FMCG,^CNXFMCG,FMCGIETF.NS,2022-11-02,45.79600143432617,45.79600143432617,45.10300064086914,45.382999420166016,45.382999420166016,46710.0
Nifty FMCG,Nifty FMCG,^CNXFMCG,FMCGIETF.NS,2022-11-03,45.595001220703125,45.779998779296875,45.26599884033203,45.571998596191406,45.571998596191406,25200.0
Nifty FMCG,Nifty FMCG,^CNXFMCG,FMCGIETF.NS,2022-11-04,45.79600143432617,45.79600143432617,45.30699920654297,45.582000732421875,45.582000732421875,29200.0
Nifty FMCG,Nifty FMCG,^CNXFMCG,FMCGIETF.NS,2022-11-07,45.983001708984375,46.0,45.349998474121094,45.617000579833984,45.617000579833984,24940.0
Nifty FMCG,Nifty FMCG,^CNXFMCG,FMCGIETF.NS,2022-11-09,45.617000579833984,46.119998931884766,45.617000579833984,45.922000885009766,45.922000885009766,84940.0
Nifty FMCG,Nifty FMCG,^CNXFMCG,FMCGIETF.NS,2022-11-10,45.61800003051758,45.91899871826172,45.45000076293945,45.52399826049805,45.52399826049805,16670.0
Nifty FMCG,Nifty FMCG,^CNXFMCG,FMCGIETF.NS,2022-11-11,45.979000091552734,45.979000091552734,45.38800048828125,45.42399978637695,45.42399978637695,51170.0
Nifty FMCG,Nifty FMCG,^CNXFMCG,FMCGIETF.NS,2022-11-14,46.12799835205078,46.12799835205078,44.744998931884766,44.83399963378906,44.83399963378906,169910.0
Nifty FMCG,Nifty FMCG,^CNXFMCG,FMCGIETF.NS,2022-11-15,44.83399963378906,45.06700134277344,44.3849983215332,44.80799865722656,44.80799865722656,57010.0
Nifty FMCG,Nifty FMCG,^CNXFMCG,FMCGIETF.NS,2022-11-16,44.84199905395508,45.025001525878906,44.617000579833984,45.02199935913086,45.02199935913086,2427480.0
Nifty FMCG,Nifty FMCG,^CNXFMCG,FMCGIETF.NS,2022-11-17,45.06700134277344,45.06800079345703,44.61800003051758,44.78099822998047,44.78099822998047,12440.0
Nifty FMCG,Nifty FMCG,^CNXFMCG,FMCGIETF.NS,2022-11-18,45.09700012207031,45.09700012207031,44.500999450683594,44.8129997253418,44.8129997253418,14040.0
Nifty FMCG,Nifty FMCG,^CNXFMCG,FMCGIETF.NS,2022-11-21,44.99599838256836,44.99599838256836,44.500999450683594,44.678001403808594,44.678001403808594,14970.0
Nifty FMCG,Nifty FMCG,^CNXFMCG,FMCGIETF.NS,2022-11-22,44.500999450683594,44.84299850463867,44.5,44.715999603271484,44.715999603271484,39010.0
Nifty FMCG,Nifty FMCG,^CNXFMCG,FMCGIETF.NS,2022-11-23,44.60499954223633,44.91899871826172,44.60499954223633,44.8129997253418,44.8129997253418,21810.0
Nifty FMCG,Nifty FMCG,^CNXFMCG,FMCGIETF.NS,2022-11-24,45.0099983215332,45.29499816894531,44.60499954223633,45.22200012207031,45.22200012207031,333560.0
Nifty FMCG,Nifty FMCG,^CNXFMCG,FMCGIETF.NS,2022-11-25,45.44900131225586,45.52399826049805,44.85100173950195,45.082000732421875,45.082000732421875,25760.0
Nifty FMCG,Nifty FMCG,^CNXFMCG,FMCGIETF.NS,2022-11-28,44.630001068115234,45.23899841308594,42.099998474121094,45.10200119018555,45.10200119018555,23920.0
Nifty FMCG,Nifty FMCG,^CNXFMCG,FMCGIETF.NS,2022-11-29,45.297000885009766,46.18899917602539,45.29399871826172,45.992000579833984,45.992000579833984,144410.0
Nifty FMCG,Nifty FMCG,^CNXFMCG,FMCGIETF.NS,2022-11-30,46.07899856567383,46.69499969482422,46.07899856567383,46.37900161743164,46.37900161743164,54070.0
Nifty FMCG,Nifty FMCG,^CNXFMCG,FMCGIETF.NS,2022-12-01,46.599998474121094,46.79999923706055,46.14099884033203,46.270999908447266,46.270999908447266,40970.0
Nifty FMCG,Nifty FMCG,^CNXFMCG,FMCGIETF.NS,2022-12-02,46.270999908447266,46.2859992980957,45.23099899291992,46.1870002746582,46.1870002746582,32360.0
Nifty FMCG,Nifty FMCG,^CNXFMCG,FMCGIETF.NS,2022-12-05,46.303001403808594,46.303001403808594,45.808998107910156,46.207000732421875,46.207000732421875,24110.0
Nifty FMCG,Nifty FMCG,^CNXFMCG,FMCGIETF.NS,2022-12-06,46.303001403808594,46.303001403808594,46.00600051879883,46.194000244140625,46.194000244140625,20430.0
Nifty FMCG,Nifty FMCG,^CNXFMCG,FMCGIETF.NS,2022-12-07,46.30400085449219,46.8489990234375,46.00400161743164,46.645999908447266,46.645999908447266,99350.0
Nifty FMCG,Nifty FMCG,^CNXFMCG,FMCGIETF.NS,2022-12-08,50.0,50.0,46.305999755859375,46.790000915527344,46.790000915527344,37370.0
Nifty FMCG,Nifty FMCG,^CNXFMCG,FMCGIETF.NS,2022-12-09,47.39799880981445,47.39799880981445,46.85100173950195,47.13800048828125,47.13800048828125,66890.0
Nifty FMCG,Nifty FMCG,^CNXFMCG,FMCGIETF.NS,2022-12-12,47.099998474121094,47.39400100708008,47.05099868774414,47.20600128173828,47.20600128173828,84540.0
Nifty FMCG,Nifty FMCG,^CNXFMCG,FMCGIETF.NS,2022-12-13,47.20199966430664,47.27899932861328,46.805999755859375,47.207000732421875,47.207000732421875,39340.0
Nifty FMCG,Nifty FMCG,^CNXFMCG,FMCGIETF.NS,2022-12-14,47.39699935913086,47.39699935913086,46.400001525878906,46.83100128173828,46.83100128173828,207540.0
Nifty FMCG,Nifty FMCG,^CNXFMCG,FMCGIETF.NS,2022-12-15,47.07600021362305,47.07600021362305,46.45000076293945,46.608001708984375,46.608001708984375,19090.0
Nifty FMCG,Nifty FMCG,^CNXFMCG,FMCGIETF.NS,2022-12-16,46.8489990234375,46.8489990234375,46.191001892089844,46.263999938964844,46.263999938964844,46280.0
Nifty FMCG,Nifty FMCG,^CNXFMCG,FMCGIETF.NS,2022-12-19,46.59700012207031,47.04999923706055,46.3120002746582,46.94200134277344,46.94200134277344,141360.0
Nifty FMCG,Nifty FMCG,^CNXFMCG,FMCGIETF.NS,2022-12-20,47.29499816894531,47.29499816894531,46.45000076293945,46.763999938964844,46.763999938964844,20490.0
Nifty FMCG,Nifty FMCG,^CNXFMCG,FMCGIETF.NS,2022-12-21,46.79800033569336,47.18600082397461,46.17599868774414,46.314998626708984,46.314998626708984,42940.0
Nifty FMCG,Nifty FMCG,^CNXFMCG,FMCGIETF.NS,2022-12-22,46.79499816894531,46.79499816894531,45.630001068115234,45.89799880981445,45.89799880981445,56050.0
Nifty FMCG,Nifty FMCG,^CNXFMCG,FMCGIETF.NS,2022-12-23,45.89500045776367,45.89500045776367,45.31999969482422,45.393001556396484,45.393001556396484,100810.0
Nifty FMCG,Nifty FMCG,^CNXFMCG,FMCGIETF.NS,2022-12-26,45.691001892089844,45.891998291015625,44.85499954223633,45.79199981689453,45.79199981689453,88380.0
Nifty FMCG,Nifty FMCG,^CNXFMCG,FMCGIETF.NS,2022-12-27,46.5,46.5,45.402000427246094,45.452999114990234,45.452999114990234,44100.0
Nifty FMCG,Nifty FMCG,^CNXFMCG,FMCGIETF.NS,2022-12-28,45.71900177001953,45.79499816894531,45.5,45.573001861572266,45.573001861572266,9490.0
Nifty FMCG,Nifty FMCG,^CNXFMCG,FMCGIETF.NS,2022-12-29,46.198001861572266,46.198001861572266,45.0,45.45399856567383,45.45399856567383,45820.0
Nifty FMCG,Nifty FMCG,^CNXFMCG,FMCGIETF.NS,2022-12-30,46.198001861572266,46.198001861572266,45.0,45.22200012207031,45.22200012207031,34460.0
Nifty FMCG,Nifty FMCG,^CNXFMCG,FMCGIETF.NS,2023-01-02,45.777000427246094,45.777000427246094,45.00600051879883,45.191001892089844,45.191001892089844,47530.0
Nifty FMCG,Nifty FMCG,^CNXFMCG,FMCGIETF.NS,2023-01-03,45.24100112915039,45.255001068115234,44.974998474121094,45.0369987487793,45.0369987487793,121130.0
Nifty FMCG,Nifty FMCG,^CNXFMCG,FMCGIETF.NS,2023-01-04,45.04999923706055,45.49599838256836,44.70000076293945,44.77199935913086,44.77199935913086,37660.0
Nifty FMCG,Nifty FMCG,^CNXFMCG,FMCGIETF.NS,2023-01-05,45.49800109863281,45.499000549316406,44.709999084472656,45.42300033569336,45.42300033569336,133530.0
Nifty FMCG,Nifty FMCG,^CNXFMCG,FMCGIETF.NS,2023-01-06,45.88600158691406,45.887001037597656,45.231998443603516,45.237998962402344,45.237998962402344,173520.0
Nifty FMCG,Nifty FMCG,^CNXFMCG,FMCGIETF.NS,2023-01-09,45.595001220703125,45.935001373291016,45.323001861572266,45.71200180053711,45.71200180053711,50640.0
Nifty FMCG,Nifty FMCG,^CNXFMCG,FMCGIETF.NS,2023-01-10,45.99399948120117,45.99399948120117,45.5,45.630001068115234,45.630001068115234,12890.0
Nifty FMCG,Nifty FMCG,^CNXFMCG,FMCGIETF.NS,2023-01-11,45.99300003051758,45.99300003051758,45.06999969482422,45.125,45.125,61430.0
Nifty FMCG,Nifty FMCG,^CNXFMCG,FMCGIETF.NS,2023-01-12,46.42499923706055,46.42499923706055,44.650001525878906,44.94200134277344,44.94200134277344,49420.0
Nifty FMCG,Nifty FMCG,^CNXFMCG,FMCGIETF.NS,2023-01-13,45.696998596191406,45.696998596191406,44.810001373291016,44.972999572753906,44.972999572753906,27670.0
Nifty FMCG,Nifty FMCG,^CNXFMCG,FMCGIETF.NS,2023-01-16,45.49800109863281,45.49800109863281,44.65599822998047,45.05500030517578,45.05500030517578,53690.0
Nifty FMCG,Nifty FMCG,^CNXFMCG,FMCGIETF.NS,2023-01-17,45.49800109863281,45.60900115966797,45.000999450683594,45.345001220703125,45.345001220703125,104040.0
Nifty FMCG,Nifty FMCG,^CNXFMCG,FMCGIETF.NS,2023-01-18,45.69599914550781,45.79899978637695,45.29999923706055,45.58100128173828,45.58100128173828,30170.0
Nifty FMCG,Nifty FMCG,^CNXFMCG,FMCGIETF.NS,2023-01-19,45.79899978637695,45.79899978637695,45.14899826049805,45.21900177001953,45.21900177001953,22490.0
Nifty FMCG,Nifty FMCG,^CNXFMCG,FMCGIETF.NS,2023-01-20,45.18600082397461,45.39799880981445,44.7239990234375,44.7599983215332,44.7599983215332,74990.0
Nifty FMCG,Nifty FMCG,^CNXFMCG,FMCGIETF.NS,2023-01-23,45.18600082397461,45.29899978637695,45.0,45.178001403808594,45.178001403808594,38140.0
Nifty FMCG,Nifty FMCG,^CNXFMCG,FMCGIETF.NS,2023-01-24,45.499000549316406,45.499000549316406,45.11899948120117,45.185001373291016,45.185001373291016,30010.0
Nifty FMCG,Nifty FMCG,^CNXFMCG,FMCGIETF.NS,2023-01-25,45.49800109863281,45.49800109863281,45.000999450683594,45.244998931884766,45.244998931884766,35840.0
Nifty FMCG,Nifty FMCG,^CNXFMCG,FMCGIETF.NS,2023-01-27,45.349998474121094,45.67499923706055,44.90399932861328,45.32099914550781,45.32099914550781,63320.0
Nifty FMCG,Nifty FMCG,^CNXFMCG,FMCGIETF.NS,2023-01-30,45.57899856567383,45.79399871826172,44.930999755859375,45.305999755859375,45.305999755859375,50700.0
Nifty FMCG,Nifty FMCG,^CNXFMCG,FMCGIETF.NS,2023-01-31,45.04999923706055,45.59299850463867,44.75,45.391998291015625,45.391998291015625,40930.0
Nifty FMCG,Nifty FMCG,^CNXFMCG,FMCGIETF.NS,2023-02-01,45.89400100708008,46.5,44.90999984741211,45.849998474121094,45.849998474121094,149460.0
Nifty FMCG,Nifty FMCG,^CNXFMCG,FMCGIETF.NS,2023-02-02,46.29399871826172,47.13100051879883,45.512001037597656,46.994998931884766,46.994998931884766,147080.0
Nifty FMCG,Nifty FMCG,^CNXFMCG,FMCGIETF.NS,2023-02-03,47.099998474121094,47.099998474121094,46.599998474121094,46.9640007019043,46.9640007019043,66250.0
Nifty FMCG,Nifty FMCG,^CNXFMCG,FMCGIETF.NS,2023-02-06,47.099998474121094,47.400001525878906,47.0,47.222999572753906,47.222999572753906,77200.0
Nifty FMCG,Nifty FMCG,^CNXFMCG,FMCGIETF.NS,2023-02-07,47.25,47.40299987792969,46.44900131225586,46.7869987487793,46.7869987487793,419350.0
Nifty FMCG,Nifty FMCG,^CNXFMCG,FMCGIETF.NS,2023-02-08,46.80099868774414,46.987998962402344,46.612998962402344,46.808998107910156,46.808998107910156,56080.0
Nifty FMCG,Nifty FMCG,^CNXFMCG,FMCGIETF.NS,2023-02-09,46.808998107910156,47.0989990234375,46.691001892089844,46.76499938964844,46.76499938964844,81910.0
Nifty FMCG,Nifty FMCG,^CNXFMCG,FMCGIETF.NS,2023-02-10,46.76499938964844,46.76599884033203,46.250999450683594,46.42900085449219,46.42900085449219,22370.0
Nifty FMCG,Nifty FMCG,^CNXFMCG,FMCGIETF.NS,2023-02-13,46.42900085449219,46.79899978637695,46.349998474121094,46.51300048828125,46.51300048828125,16950.0
Nifty FMCG,Nifty FMCG,^CNXFMCG,FMCGIETF.NS,2023-02-14,46.72700119018555,47.06999969482422,46.54199981689453,46.87200164794922,46.87200164794922,222360.0
Nifty FMCG,Nifty FMCG,^CNXFMCG,FMCGIETF.NS,2023-02-15,46.981998443603516,47.17300033569336,46.59199905395508,46.95600128173828,46.95600128173828,36860.0
Nifty FMCG,Nifty FMCG,^CNXFMCG,FMCGIETF.NS,2023-02-16,47.597999572753906,47.597999572753906,46.40999984741211,47.03099822998047,47.03099822998047,16850.0
Nifty FMCG,Nifty FMCG,^CNXFMCG,FMCGIETF.NS,2023-02-17,47.49800109863281,47.49800109863281,46.79999923706055,46.90399932861328,46.90399932861328,19870.0
Nifty FMCG,Nifty FMCG,^CNXFMCG,FMCGIETF.NS,2023-02-20,46.507999420166016,47.47100067138672,46.507999420166016,46.69200134277344,46.69200134277344,31130.0
Nifty FMCG,Nifty FMCG,^CNXFMCG,FMCGIETF.NS,2023-02-21,46.0,47.297000885009766,46.0,46.85300064086914,46.85300064086914,7650.0
Nifty FMCG,Nifty FMCG,^CNXFMCG,FMCGIETF.NS,2023-02-22,46.72999954223633,46.81999969482422,46.599998474121094,46.768001556396484,46.768001556396484,35890.0
Nifty FMCG,Nifty FMCG,^CNXFMCG,FMCGIETF.NS,2023-02-23,46.82099914550781,47.233001708984375,46.5,46.63600158691406,46.63600158691406,97520.0
Nifty FMCG,Nifty FMCG,^CNXFMCG,FMCGIETF.NS,2023-02-24,46.98899841308594,46.98899841308594,46.37300109863281,46.52899932861328,46.52899932861328,64850.0
Nifty FMCG,Nifty FMCG,^CNXFMCG,FMCGIETF.NS,2023-02-27,46.49300003051758,46.60900115966797,46.0,46.207000732421875,46.207000732421875,35530.0
Nifty FMCG,Nifty FMCG,^CNXFMCG,FMCGIETF.NS,2023-02-28,46.20800018310547,46.608001708984375,45.79999923706055,46.15299987792969,46.15299987792969,28530.0
Nifty FMCG,Nifty FMCG,^CNXFMCG,FMCGIETF.NS,2023-03-01,46.698001861572266,46.698001861572266,46.15399932861328,46.37900161743164,46.37900161743164,10520.0
Nifty FMCG,Nifty FMCG,^CNXFMCG,FMCGIETF.NS,2023-03-02,46.89799880981445,46.89799880981445,46.0,46.143001556396484,46.143001556396484,26310.0
Nifty FMCG,Nifty FMCG,^CNXFMCG,FMCGIETF.NS,2023-03-03,46.38999938964844,46.75,46.31100082397461,46.52899932861328,46.52899932861328,50160.0
Nifty FMCG,Nifty FMCG,^CNXFMCG,FMCGIETF.NS,2023-03-06,46.974998474121094,47.26100158691406,46.650001525878906,46.86199951171875,46.86199951171875,107670.0
Nifty FMCG,Nifty FMCG,^CNXFMCG,FMCGIETF.NS,2023-03-08,47.24300003051758,47.24399948120117,46.65800094604492,46.88399887084961,46.88399887084961,90160.0
Nifty FMCG,Nifty FMCG,^CNXFMCG,FMCGIETF.NS,2023-03-09,47.24599838256836,47.24599838256836,46.500999450683594,46.57500076293945,46.57500076293945,17560.0
Nifty FMCG,Nifty FMCG,^CNXFMCG,FMCGIETF.NS,2023-03-10,46.888999938964844,46.888999938964844,46.10599899291992,46.62200164794922,46.62200164794922,43600.0
Nifty FMCG,Nifty FMCG,^CNXFMCG,FMCGIETF.NS,2023-03-13,46.696998596191406,46.79899978637695,46.04999923706055,46.24599838256836,46.24599838256836,23000.0
Nifty FMCG,Nifty FMCG,^CNXFMCG,FMCGIETF.NS,2023-03-14,46.689998626708984,46.689998626708984,45.900001525878906,45.95500183105469,45.95500183105469,73540.0
Nifty FMCG,Nifty FMCG,^CNXFMCG,FMCGIETF.NS,2023-03-15,46.000999450683594,46.49399948120117,45.57600021362305,45.61600112915039,45.61600112915039,54710.0
Nifty FMCG,Nifty FMCG,^CNXFMCG,FMCGIETF.NS,2023-03-16,46.1879997253418,46.25,45.53200149536133,46.222999572753906,46.222999572753906,91080.0
Nifty FMCG,Nifty FMCG,^CNXFMCG,FMCGIETF.NS,2023-03-17,46.400001525878906,46.400001525878906,45.8120002746582,46.05400085449219,46.05400085449219,19480.0
Nifty FMCG,Nifty FMCG,^CNXFMCG,FMCGIETF.NS,2023-03-20,46.479000091552734,46.53900146484375,45.70199966430664,46.50600051879883,46.50600051879883,85800.0
Nifty FMCG,Nifty FMCG,^CNXFMCG,FMCGIETF.NS,2023-03-21,46.900001525878906,46.900001525878906,46.0,46.05500030517578,46.05500030517578,35400.0
Nifty FMCG,Nifty FMCG,^CNXFMCG,FMCGIETF.NS,2023-03-22,46.268001556396484,46.483001708984375,46.10200119018555,46.250999450683594,46.250999450683594,7850.0
Nifty FMCG,Nifty FMCG,^CNXFMCG,FMCGIETF.NS,2023-03-23,46.4109992980957,46.597999572753906,46.2239990234375,46.4379997253418,46.4379997253418,14250.0
Nifty FMCG,Nifty FMCG,^CNXFMCG,FMCGIETF.NS,2023-03-24,46.89899826049805,46.89899826049805,46.01100158691406,46.37799835205078,46.37799835205078,20290.0
Nifty FMCG,Nifty FMCG,^CNXFMCG,FMCGIETF.NS,2023-03-27,46.95000076293945,46.95000076293945,46.05400085449219,46.51300048828125,46.51300048828125,37740.0
Nifty FMCG,Nifty FMCG,^CNXFMCG,FMCGIETF.NS,2023-03-28,46.25699996948242,46.823001861572266,46.20600128173828,46.29499816894531,46.29499816894531,24000.0
Nifty FMCG,Nifty FMCG,^CNXFMCG,FMCGIETF.NS,2023-03-29,46.30099868774414,46.81999969482422,46.19300079345703,46.5620002746582,46.5620002746582,53940.0
Nifty FMCG,Nifty FMCG,^CNXFMCG,FMCGIETF.NS,2023-03-31,46.99700164794922,47.0989990234375,46.01599884033203,47.02799987792969,47.02799987792969,173860.0
Nifty FMCG,Nifty FMCG,^CNXFMCG,FMCGIETF.NS,2023-04-03,47.49300003051758,47.49300003051758,46.78499984741211,46.87099838256836,46.87099838256836,33030.0
Nifty FMCG,Nifty FMCG,^CNXFMCG,FMCGIETF.NS,2023-04-05,47.29199981689453,47.66899871826172,47.00400161743164,47.529998779296875,47.529998779296875,63460.0
Nifty FMCG,Nifty FMCG,^CNXFMCG,FMCGIETF.NS,2023-04-06,47.01900100708008,47.5369987487793,47.01900100708008,47.332000732421875,47.332000732421875,24600.0
Nifty FMCG,Nifty FMCG,^CNXFMCG,FMCGIETF.NS,2023-04-10,47.33300018310547,47.369998931884766,47.150001525878906,47.209999084472656,47.209999084472656,30790.0
Nifty FMCG,Nifty FMCG,^CNXFMCG,FMCGIETF.NS,2023-04-11,46.808998107910156,47.5,46.808998107910156,47.45600128173828,47.45600128173828,19610.0
Nifty FMCG,Nifty FMCG,^CNXFMCG,FMCGIETF.NS,2023-04-12,47.79899978637695,47.79899978637695,47.250999450683594,47.3650016784668,47.3650016784668,19750.0
Nifty FMCG,Nifty FMCG,^CNXFMCG,FMCGIETF.NS,2023-04-13,47.433998107910156,47.79999923706055,47.430999755859375,47.53300094604492,47.53300094604492,22480.0
Nifty FMCG,Nifty FMCG,^CNXFMCG,FMCGIETF.NS,2023-04-17,47.400001525878906,48.14699935913086,47.400001525878906,48.020999908447266,48.020999908447266,52050.0
Nifty FMCG,Nifty FMCG,^CNXFMCG,FMCGIETF.NS,2023-04-18,48.020999908447266,48.042999267578125,47.79999923706055,47.882999420166016,47.882999420166016,18600.0
Nifty FMCG,Nifty FMCG,^CNXFMCG,FMCGIETF.NS,2023-04-19,48.39799880981445,48.39799880981445,47.619998931884766,47.73500061035156,47.73500061035156,14130.0
Nifty FMCG,Nifty FMCG,^CNXFMCG,FMCGIETF.NS,2023-04-20,48.24800109863281,48.24800109863281,47.5,47.652000427246094,47.652000427246094,18880.0
Nifty FMCG,Nifty FMCG,^CNXFMCG,FMCGIETF.NS,2023-04-21,47.73099899291992,48.090999603271484,47.6510009765625,48.02299880981445,48.02299880981445,24420.0
Nifty FMCG,Nifty FMCG,^CNXFMCG,FMCGIETF.NS,2023-04-24,48.597999572753906,48.597999572753906,47.79999923706055,48.34199905395508,48.34199905395508,56070.0
Nifty FMCG,Nifty FMCG,^CNXFMCG,FMCGIETF.NS,2023-04-25,48.55799865722656,48.55799865722656,48.150001525878906,48.38600158691406,48.38600158691406,26810.0
Nifty FMCG,Nifty FMCG,^CNXFMCG,FMCGIETF.NS,2023-04-26,48.67900085449219,48.86000061035156,48.292999267578125,48.70100021362305,48.70100021362305,20820.0
Nifty FMCG,Nifty FMCG,^CNXFMCG,FMCGIETF.NS,2023-04-27,49.29800033569336,49.29800033569336,48.650001525878906,48.715999603271484,48.715999603271484,52350.0
Nifty FMCG,Nifty FMCG,^CNXFMCG,FMCGIETF.NS,2023-04-28,48.81999969482422,49.3849983215332,48.459999084472656,49.01900100708008,49.01900100708008,88050.0
Nifty FMCG,Nifty FMCG,^CNXFMCG,FMCGIETF.NS,2023-05-02,49.49399948120117,49.597999572753906,48.97100067138672,49.11800003051758,49.11800003051758,107040.0
Nifty FMCG,Nifty FMCG,^CNXFMCG,FMCGIETF.NS,2023-05-03,49.49300003051758,49.643001556396484,48.9630012512207,49.441001892089844,49.441001892089844,139640.0
Nifty FMCG,Nifty FMCG,^CNXFMCG,FMCGIETF.NS,2023-05-04,49.70000076293945,49.70100021362305,49.25,49.43600082397461,49.43600082397461,53490.0
Nifty FMCG,Nifty FMCG,^CNXFMCG,FMCGIETF.NS,2023-05-05,49.4370002746582,49.694000244140625,49.400001525878906,49.60900115966797,49.60900115966797,16360.0
Nifty FMCG,Nifty FMCG,^CNXFMCG,FMCGIETF.NS,2023-05-08,49.61000061035156,50.09400177001953,49.61000061035156,49.959999084472656,49.959999084472656,81390.0
Nifty FMCG,Nifty FMCG,^CNXFMCG,FMCGIETF.NS,2023-05-09,50.448001861572266,50.479000091552734,49.6510009765625,49.814998626708984,49.814998626708984,72180.0
Nifty FMCG,Nifty FMCG,^CNXFMCG,FMCGIETF.NS,2023-05-10,49.994998931884766,50.069000244140625,49.650001525878906,50.066001892089844,50.066001892089844,24390.0
Nifty FMCG,Nifty FMCG,^CNXFMCG,FMCGIETF.NS,2023-05-11,50.54800033569336,50.54800033569336,49.94499969482422,50.2760009765625,50.2760009765625,33620.0
Nifty FMCG,Nifty FMCG,^CNXFMCG,FMCGIETF.NS,2023-05-12,50.79800033569336,50.79800033569336,50.07699966430664,50.39899826049805,50.39899826049805,63120.0
Nifty FMCG,Nifty FMCG,^CNXFMCG,FMCGIETF.NS,2023-05-15,50.78799819946289,51.16400146484375,50.38600158691406,50.9900016784668,50.9900016784668,53910.0
Nifty FMCG,Nifty FMCG,^CNXFMCG,FMCGIETF.NS,2023-05-16,51.000999450683594,51.46799850463867,50.70100021362305,50.83000183105469,50.83000183105469,67480.0
Nifty FMCG,Nifty FMCG,^CNXFMCG,FMCGIETF.NS,2023-05-17,50.70000076293945,50.999000549316406,50.59000015258789,50.90700149536133,50.90700149536133,32170.0
Nifty FMCG,Nifty FMCG,^CNXFMCG,FMCGIETF.NS,2023-05-18,51.24300003051758,51.2599983215332,50.20100021362305,50.29499816894531,50.29499816894531,25240.0
Nifty FMCG,Nifty FMCG,^CNXFMCG,FMCGIETF.NS,2023-05-19,50.30099868774414,50.404998779296875,49.810001373291016,50.37200164794922,50.37200164794922,26700.0
Nifty FMCG,Nifty FMCG,^CNXFMCG,FMCGIETF.NS,2023-05-22,50.77899932861328,50.89799880981445,50.2239990234375,50.53099822998047,50.53099822998047,30270.0
Nifty FMCG,Nifty FMCG,^CNXFMCG,FMCGIETF.NS,2023-05-23,50.472999572753906,50.79999923706055,50.400001525878906,50.65299987792969,50.65299987792969,51860.0
Nifty FMCG,Nifty FMCG,^CNXFMCG,FMCGIETF.NS,2023-05-24,50.71799850463867,51.1150016784668,50.617000579833984,50.85300064086914,50.85300064086914,22190.0
Nifty FMCG,Nifty FMCG,^CNXFMCG,FMCGIETF.NS,2023-05-25,50.78900146484375,51.35100173950195,50.78900146484375,51.08399963378906,51.08399963378906,44550.0
Nifty FMCG,Nifty FMCG,^CNXFMCG,FMCGIETF.NS,2023-05-26,51.099998474121094,51.926998138427734,51.08399963378906,51.82600021362305,51.82600021362305,44420.0
Nifty FMCG,Nifty FMCG,^CNXFMCG,FMCGIETF.NS,2023-05-29,51.82600021362305,52.400001525878906,51.82600021362305,52.198001861572266,52.198001861572266,56420.0
Nifty FMCG,Nifty FMCG,^CNXFMCG,FMCGIETF.NS,2023-05-30,52.198001861572266,52.58100128173828,52.198001861572266,52.507999420166016,52.507999420166016,56060.0
Nifty FMCG,Nifty FMCG,^CNXFMCG,FMCGIETF.NS,2023-05-31,52.88199996948242,52.88199996948242,52.10100173950195,52.55699920654297,52.55699920654297,74640.0
Nifty FMCG,Nifty FMCG,^CNXFMCG,FMCGIETF.NS,2023-06-01,52.81800079345703,52.93600082397461,52.43000030517578,52.512001037597656,52.512001037597656,75900.0
Nifty FMCG,Nifty FMCG,^CNXFMCG,FMCGIETF.NS,2023-06-02,52.97800064086914,52.97800064086914,52.69900131225586,52.86000061035156,52.86000061035156,49860.0
Nifty FMCG,Nifty FMCG,^CNXFMCG,FMCGIETF.NS,2023-06-05,53.49800109863281,53.49800109863281,52.59299850463867,52.63999938964844,52.63999938964844,82350.0
Nifty FMCG,Nifty FMCG,^CNXFMCG,FMCGIETF.NS,2023-06-06,53.29800033569336,53.29800033569336,52.27000045776367,52.512001037597656,52.512001037597656,53330.0
Nifty FMCG,Nifty FMCG,^CNXFMCG,FMCGIETF.NS,2023-06-07,52.51300048828125,53.189998626708984,52.51300048828125,53.047000885009766,53.047000885009766,77380.0
Nifty FMCG,Nifty FMCG,^CNXFMCG,FMCGIETF.NS,2023-06-08,53.47800064086914,53.47800064086914,52.34299850463867,52.527000427246094,52.527000427246094,63750.0
Nifty FMCG,Nifty FMCG,^CNXFMCG,FMCGIETF.NS,2023-06-09,52.78300094604492,52.900001525878906,52.07500076293945,52.25,52.25,53140.0
Nifty FMCG,Nifty FMCG,^CNXFMCG,FMCGIETF.NS,2023-06-12,52.68600082397461,52.68600082397461,52.099998474121094,52.30799865722656,52.30799865722656,35550.0
Nifty FMCG,Nifty FMCG,^CNXFMCG,FMCGIETF.NS,2023-06-13,52.54999923706055,53.1150016784668,52.54999923706055,52.88100051879883,52.88100051879883,83930.0
Nifty FMCG,Nifty FMCG,^CNXFMCG,FMCGIETF.NS,2023-06-14,52.85100173950195,53.39699935913086,52.85100173950195,53.1879997253418,53.1879997253418,77980.0
Nifty FMCG,Nifty FMCG,^CNXFMCG,FMCGIETF.NS,2023-06-15,53.20000076293945,53.790000915527344,53.20000076293945,53.66999816894531,53.66999816894531,63700.0
Nifty FMCG,Nifty FMCG,^CNXFMCG,FMCGIETF.NS,2023-06-16,54.167999267578125,54.60100173950195,53.582000732421875,53.935001373291016,53.935001373291016,80140.0
Nifty FMCG,Nifty FMCG,^CNXFMCG,FMCGIETF.NS,2023-06-19,54.27899932861328,54.27899932861328,53.625,53.70899963378906,53.70899963378906,58470.0
Nifty FMCG,Nifty FMCG,^CNXFMCG,FMCGIETF.NS,2023-06-20,53.91999816894531,53.91999816894531,53.47700119018555,53.7140007019043,53.7140007019043,63760.0
Nifty FMCG,Nifty FMCG,^CNXFMCG,FMCGIETF.NS,2023-06-21,54.08599853515625,54.08599853515625,53.43600082397461,53.494998931884766,53.494998931884766,103260.0
Nifty FMCG,Nifty FMCG,^CNXFMCG,FMCGIETF.NS,2023-06-22,53.439998626708984,53.683998107910156,53.16999816894531,53.257999420166016,53.257999420166016,99990.0
Nifty FMCG,Nifty FMCG,^CNXFMCG,FMCGIETF.NS,2023-06-23,53.667999267578125,53.667999267578125,52.637001037597656,52.834999084472656,52.834999084472656,101920.0
Nifty FMCG,Nifty FMCG,^CNXFMCG,FMCGIETF.NS,2023-06-26,53.49800109863281,53.534000396728516,52.834999084472656,53.34400177001953,53.34400177001953,51520.0
Nifty FMCG,Nifty FMCG,^CNXFMCG,FMCGIETF.NS,2023-06-27,53.415000915527344,53.415000915527344,53.02000045776367,53.255001068115234,53.255001068115234,16040.0
Nifty FMCG,Nifty FMCG,^CNXFMCG,FMCGIETF.NS,2023-06-28,53.255001068115234,53.474998474121094,53.20000076293945,53.402000427246094,53.402000427246094,28860.0
Nifty FMCG,Nifty FMCG,^CNXFMCG,FMCGIETF.NS,2023-06-30,53.39899826049805,53.939998626708984,53.395999908447266,53.87099838256836,53.87099838256836,116510.0
Nifty FMCG,Nifty FMCG,^CNXFMCG,FMCGIETF.NS,2023-07-03,52.255001068115234,54.5,52.255001068115234,54.31999969482422,54.31999969482422,71730.0
Nifty FMCG,Nifty FMCG,^CNXFMCG,FMCGIETF.NS,2023-07-04,54.99800109863281,55.4900016784668,54.0880012512207,54.327999114990234,54.327999114990234,42970.0
Nifty FMCG,Nifty FMCG,^CNXFMCG,FMCGIETF.NS,2023-07-05,54.99800109863281,55.45100021362305,54.05699920654297,55.374000549316406,55.374000549316406,63120.0
Nifty FMCG,Nifty FMCG,^CNXFMCG,FMCGIETF.NS,2023-07-06,55.97200012207031,55.97200012207031,55.152000427246094,55.48899841308594,55.48899841308594,110580.0
Nifty FMCG,Nifty FMCG,^CNXFMCG,FMCGIETF.NS,2023-07-07,55.4010009765625,55.48899841308594,54.499000549316406,54.62900161743164,54.62900161743164,94150.0
Nifty FMCG,Nifty FMCG,^CNXFMCG,FMCGIETF.NS,2023-07-10,54.229000091552734,55.297000885009766,54.152000427246094,54.24700164794922,54.24700164794922,65070.0
Nifty FMCG,Nifty FMCG,^CNXFMCG,FMCGIETF.NS,2023-07-11,54.500999450683594,54.97999954223633,54.37900161743164,54.88199996948242,54.88199996948242,43290.0
Nifty FMCG,Nifty FMCG,^CNXFMCG,FMCGIETF.NS,2023-07-12,54.88100051879883,54.979000091552734,54.68000030517578,54.875999450683594,54.875999450683594,50400.0
Nifty FMCG,Nifty FMCG,^CNXFMCG,FMCGIETF.NS,2023-07-13,55.479000091552734,55.47999954223633,54.529998779296875,54.5880012512207,54.5880012512207,70560.0
Nifty FMCG,Nifty FMCG,^CNXFMCG,FMCGIETF.NS,2023-07-14,54.5880012512207,55.244998931884766,54.20800018310547,55.095001220703125,55.095001220703125,37100.0
Nifty FMCG,Nifty FMCG,^CNXFMCG,FMCGIETF.NS,2023-07-17,55.48500061035156,55.520999908447266,55.03099822998047,55.16899871826172,55.16899871826172,108300.0
Nifty FMCG,Nifty FMCG,^CNXFMCG,FMCGIETF.NS,2023-07-18,55.48699951171875,55.49800109863281,54.79999923706055,54.96799850463867,54.96799850463867,50810.0
Nifty FMCG,Nifty FMCG,^CNXFMCG,FMCGIETF.NS,2023-07-19,54.79999923706055,55.33000183105469,53.86899948120117,55.12099838256836,55.12099838256836,101170.0
Nifty FMCG,Nifty FMCG,^CNXFMCG,FMCGIETF.NS,2023-07-20,55.487998962402344,56.005001068115234,54.96200180053711,55.92900085449219,55.92900085449219,113110.0
Nifty FMCG,Nifty FMCG,^CNXFMCG,FMCGIETF.NS,2023-07-21,55.92900085449219,56.194000244140625,55.0880012512207,55.345001220703125,55.345001220703125,75680.0
Nifty FMCG,Nifty FMCG,^CNXFMCG,FMCGIETF.NS,2023-07-24,55.34600067138672,55.98400115966797,54.400001525878906,54.5260009765625,54.5260009765625,280760.0
Nifty FMCG,Nifty FMCG,^CNXFMCG,FMCGIETF.NS,2023-07-25,54.5260009765625,54.81700134277344,53.6510009765625,54.040000915527344,54.040000915527344,319100.0
Nifty FMCG,Nifty FMCG,^CNXFMCG,FMCGIETF.NS,2023-07-26,54.400001525878906,54.680999755859375,54.005001068115234,54.59400177001953,54.59400177001953,103560.0
Nifty FMCG,Nifty FMCG,^CNXFMCG,FMCGIETF.NS,2023-07-27,54.64899826049805,54.68600082397461,53.98099899291992,54.19599914550781,54.19599914550781,171620.0
Nifty FMCG,Nifty FMCG,^CNXFMCG,FMCGIETF.NS,2023-07-28,54.89699935913086,54.89699935913086,54.01599884033203,54.64099884033203,54.64099884033203,40130.0
Nifty FMCG,Nifty FMCG,^CNXFMCG,FMCGIETF.NS,2023-07-31,54.63999938964844,54.73400115966797,54.0,54.4010009765625,54.4010009765625,151420.0
Nifty FMCG,Nifty FMCG,^CNXFMCG,FMCGIETF.NS,2023-08-01,54.89899826049805,54.89899826049805,54.178001403808594,54.23099899291992,54.23099899291992,117340.0
Nifty FMCG,Nifty FMCG,^CNXFMCG,FMCGIETF.NS,2023-08-02,54.78099822998047,54.78099822998047,53.5359992980957,53.99399948120117,53.99399948120117,144670.0
Nifty FMCG,Nifty FMCG,^CNXFMCG,FMCGIETF.NS,2023-08-03,54.0,54.08000183105469,53.50600051879883,53.62099838256836,53.62099838256836,69710.0
Nifty FMCG,Nifty FMCG,^CNXFMCG,FMCGIETF.NS,2023-08-04,54.29800033569336,54.37200164794922,53.55099868774414,53.762001037597656,53.762001037597656,127580.0
Nifty FMCG,Nifty FMCG,^CNXFMCG,FMCGIETF.NS,2023-08-07,54.18299865722656,54.18299865722656,53.35499954223633,53.625,53.625,65660.0
Nifty FMCG,Nifty FMCG,^CNXFMCG,FMCGIETF.NS,2023-08-08,53.625999450683594,53.810001373291016,53.40999984741211,53.59700012207031,53.59700012207031,59260.0
Nifty FMCG,Nifty FMCG,^CNXFMCG,FMCGIETF.NS,2023-08-09,54.297000885009766,54.297000885009766,53.310001373291016,53.79999923706055,53.79999923706055,68500.0
Nifty FMCG,Nifty FMCG,^CNXFMCG,FMCGIETF.NS,2023-08-10,54.027000427246094,54.027000427246094,53.29999923706055,53.38100051879883,53.38100051879883,55530.0
Nifty FMCG,Nifty FMCG,^CNXFMCG,FMCGIETF.NS,2023-08-11,53.40700149536133,53.40700149536133,52.606998443603516,53.02799987792969,53.02799987792969,176510.0
Nifty FMCG,Nifty FMCG,^CNXFMCG,FMCGIETF.NS,2023-08-14,53.48699951171875,53.48699951171875,52.53099822998047,53.310001373291016,53.310001373291016,106020.0
Nifty FMCG,Nifty FMCG,^CNXFMCG,FMCGIETF.NS,2023-08-16,53.78499984741211,53.78499984741211,52.810001373291016,53.448001861572266,53.448001861572266,47940.0
Nifty FMCG,Nifty FMCG,^CNXFMCG,FMCGIETF.NS,2023-08-17,55.04999923706055,55.04999923706055,52.90999984741211,53.01100158691406,53.01100158691406,47540.0
Nifty FMCG,Nifty FMCG,^CNXFMCG,FMCGIETF.NS,2023-08-18,53.48699951171875,53.48699951171875,52.8120002746582,53.108001708984375,53.108001708984375,39830.0
Nifty FMCG,Nifty FMCG,^CNXFMCG,FMCGIETF.NS,2023-08-21,53.18899917602539,53.51499938964844,52.900001525878906,53.439998626708984,53.439998626708984,31700.0
Nifty FMCG,Nifty FMCG,^CNXFMCG,FMCGIETF.NS,2023-08-22,53.99700164794922,53.99700164794922,52.99399948120117,53.65599822998047,53.65599822998047,34210.0
Nifty FMCG,Nifty FMCG,^CNXFMCG,FMCGIETF.NS,2023-08-23,53.31999969482422,53.999000549316406,53.31999969482422,53.55099868774414,53.55099868774414,23830.0
Nifty FMCG,Nifty FMCG,^CNXFMCG,FMCGIETF.NS,2023-08-24,53.630001068115234,53.900001525878906,53.5,53.70800018310547,53.70800018310547,31830.0
Nifty FMCG,Nifty FMCG,^CNXFMCG,FMCGIETF.NS,2023-08-25,53.70800018310547,53.749000549316406,53.05099868774414,53.20899963378906,53.20899963378906,34500.0
Nifty FMCG,Nifty FMCG,^CNXFMCG,FMCGIETF.NS,2023-08-28,53.7760009765625,53.7760009765625,52.900001525878906,53.073001861572266,53.073001861572266,65770.0
Nifty FMCG,Nifty FMCG,^CNXFMCG,FMCGIETF.NS,2023-08-29,53.073001861572266,53.130001068115234,52.7599983215332,52.88999938964844,52.88999938964844,68330.0
Nifty FMCG,Nifty FMCG,^CNXFMCG,FMCGIETF.NS,2023-08-30,53.47100067138672,53.47100067138672,52.849998474121094,53.18600082397461,53.18600082397461,41030.0
Nifty FMCG,Nifty FMCG,^CNXFMCG,FMCGIETF.NS,2023-08-31,53.4010009765625,53.48899841308594,52.59000015258789,52.67100143432617,52.67100143432617,119930.0
Nifty FMCG,Nifty FMCG,^CNXFMCG,FMCGIETF.NS,2023-09-01,53.0,53.0,52.70000076293945,52.895999908447266,52.895999908447266,63660.0
Nifty FMCG,Nifty FMCG,^CNXFMCG,FMCGIETF.NS,2023-09-04,52.70000076293945,53.29999923706055,52.402000427246094,52.832000732421875,52.832000732421875,123910.0
Nifty FMCG,Nifty FMCG,^CNXFMCG,FMCGIETF.NS,2023-09-05,53.0989990234375,53.5,52.83300018310547,53.20000076293945,53.20000076293945,92700.0
Nifty FMCG,Nifty FMCG,^CNXFMCG,FMCGIETF.NS,2023-09-06,53.499000549316406,53.79999923706055,52.9010009765625,53.638999938964844,53.638999938964844,136130.0
Nifty FMCG,Nifty FMCG,^CNXFMCG,FMCGIETF.NS,2023-09-07,53.987998962402344,53.987998962402344,53.32500076293945,53.49700164794922,53.49700164794922,67000.0
Nifty FMCG,Nifty FMCG,^CNXFMCG,FMCGIETF.NS,2023-09-08,53.79899978637695,53.79899978637695,53.24300003051758,53.44900131225586,53.44900131225586,60090.0
Nifty FMCG,Nifty FMCG,^CNXFMCG,FMCGIETF.NS,2023-09-11,53.79899978637695,53.79999923706055,53.45000076293945,53.75699996948242,53.75699996948242,85580.0
Nifty FMCG,Nifty FMCG,^CNXFMCG,FMCGIETF.NS,2023-09-12,52.400001525878906,53.88100051879883,52.14500045776367,53.73099899291992,53.73099899291992,89150.0
Nifty FMCG,Nifty FMCG,^CNXFMCG,FMCGIETF.NS,2023-09-13,53.46099853515625,53.87699890136719,53.46099853515625,53.71500015258789,53.71500015258789,85340.0
Nifty FMCG,Nifty FMCG,^CNXFMCG,FMCGIETF.NS,2023-09-14,53.79999923706055,54.099998474121094,53.54999923706055,53.784000396728516,53.784000396728516,169130.0
Nifty FMCG,Nifty FMCG,^CNXFMCG,FMCGIETF.NS,2023-09-15,53.784000396728516,53.79999923706055,53.5,53.57400131225586,53.57400131225586,91380.0
Nifty FMCG,Nifty FMCG,^CNXFMCG,FMCGIETF.NS,2023-09-18,53.56999969482422,53.900001525878906,51.96500015258789,53.85200119018555,53.85200119018555,53760.0
Nifty FMCG,Nifty FMCG,^CNXFMCG,FMCGIETF.NS,2023-09-20,53.79899978637695,53.79899978637695,53.262001037597656,53.6150016784668,53.6150016784668,45140.0
Nifty FMCG,Nifty FMCG,^CNXFMCG,FMCGIETF.NS,2023-09-21,53.58100128173828,54.141998291015625,53.000999450683594,53.31800079345703,53.31800079345703,99600.0
Nifty FMCG,Nifty FMCG,^CNXFMCG,FMCGIETF.NS,2023-09-22,53.599998474121094,53.599998474121094,52.84400177001953,53.25899887084961,53.25899887084961,96220.0
Nifty FMCG,Nifty FMCG,^CNXFMCG,FMCGIETF.NS,2023-09-25,52.81800079345703,53.5989990234375,52.81800079345703,53.28099822998047,53.28099822998047,59820.0
Nifty FMCG,Nifty FMCG,^CNXFMCG,FMCGIETF.NS,2023-09-26,53.47100067138672,53.560001373291016,53.22600173950195,53.518001556396484,53.518001556396484,18750.0
Nifty FMCG,Nifty FMCG,^CNXFMCG,FMCGIETF.NS,2023-09-27,53.516998291015625,54.06100082397461,53.250999450683594,53.95399856567383,53.95399856567383,98670.0
Nifty FMCG,Nifty FMCG,^CNXFMCG,FMCGIETF.NS,2023-09-28,53.51100158691406,53.99800109863281,52.9010009765625,53.01100158691406,53.01100158691406,86130.0
Nifty FMCG,Nifty FMCG,^CNXFMCG,FMCGIETF.NS,2023-09-29,53.05099868774414,55.01100158691406,52.80400085449219,53.2400016784668,53.2400016784668,191280.0
Nifty FMCG,Nifty FMCG,^CNXFMCG,FMCGIETF.NS,2023-10-03,53.39899826049805,53.39899826049805,52.56999969482422,52.95800018310547,52.95800018310547,78620.0
Nifty FMCG,Nifty FMCG,^CNXFMCG,FMCGIETF.NS,2023-10-04,53.28900146484375,53.28900146484375,52.74100112915039,53.03900146484375,53.03900146484375,37110.0
Nifty FMCG,Nifty FMCG,^CNXFMCG,FMCGIETF.NS,2023-10-05,52.70100021362305,53.29899978637695,52.70100021362305,53.00699996948242,53.00699996948242,44810.0
Nifty FMCG,Nifty FMCG,^CNXFMCG,FMCGIETF.NS,2023-10-06,53.409000396728516,53.409000396728516,53.007999420166016,53.150001525878906,53.150001525878906,31240.0
Nifty FMCG,Nifty FMCG,^CNXFMCG,FMCGIETF.NS,2023-10-09,53.099998474121094,53.18899917602539,52.60599899291992,53.104000091552734,53.104000091552734,14820.0
Nifty FMCG,Nifty FMCG,^CNXFMCG,FMCGIETF.NS,2023-10-10,53.150001525878906,53.492000579833984,52.51499938964844,53.46200180053711,53.46200180053711,38900.0
Nifty FMCG,Nifty FMCG,^CNXFMCG,FMCGIETF.NS,2023-10-11,52.400001525878906,54.0,52.39500045776367,53.926998138427734,53.926998138427734,60370.0
Nifty FMCG,Nifty FMCG,^CNXFMCG,FMCGIETF.NS,2023-10-12,54.19900131225586,54.19900131225586,53.698001861572266,53.9370002746582,53.9370002746582,32770.0
Nifty FMCG,Nifty FMCG,^CNXFMCG,FMCGIETF.NS,2023-10-13,53.99100112915039,54.38600158691406,53.69900131225586,54.069000244140625,54.069000244140625,327100.0
Nifty FMCG,Nifty FMCG,^CNXFMCG,FMCGIETF.NS,2023-10-16,55.1510009765625,55.1510009765625,53.90999984741211,54.06800079345703,54.06800079345703,62630.0
Nifty FMCG,Nifty FMCG,^CNXFMCG,FMCGIETF.NS,2023-10-17,54.625,54.64799880981445,54.069000244140625,54.189998626708984,54.189998626708984,112130.0
Nifty FMCG,Nifty FMCG,^CNXFMCG,FMCGIETF.NS,2023-10-18,54.499000549316406,54.499000549316406,53.95800018310547,54.04899978637695,54.04899978637695,45250.0
Nifty FMCG,Nifty FMCG,^CNXFMCG,FMCGIETF.NS,2023-10-19,53.999000549316406,54.21900177001953,53.74700164794922,54.17399978637695,54.17399978637695,39710.0
Nifty FMCG,Nifty FMCG,^CNXFMCG,FMCGIETF.NS,2023-10-20,55.5,55.79999923706055,53.30099868774414,53.4010009765625,53.4010009765625,103870.0
Nifty FMCG,Nifty FMCG,^CNXFMCG,FMCGIETF.NS,2023-10-23,53.792999267578125,53.79399871826172,52.400001525878906,52.9640007019043,52.9640007019043,103370.0
Nifty FMCG,Nifty FMCG,^CNXFMCG,FMCGIETF.NS,2023-10-25,53.47200012207031,53.47200012207031,52.4900016784668,52.8129997253418,52.8129997253418,70050.0
Nifty FMCG,Nifty FMCG,^CNXFMCG,FMCGIETF.NS,2023-10-26,52.999000549316406,52.999000549316406,51.9640007019043,52.452999114990234,52.452999114990234,435200.0
Nifty FMCG,Nifty FMCG,^CNXFMCG,FMCGIETF.NS,2023-10-27,52.452999114990234,53.130001068115234,52.452999114990234,53.07600021362305,53.07600021362305,67940.0
Nifty FMCG,Nifty FMCG,^CNXFMCG,FMCGIETF.NS,2023-10-30,53.47200012207031,53.47200012207031,52.577999114990234,52.83100128173828,52.83100128173828,22590.0
Nifty FMCG,Nifty FMCG,^CNXFMCG,FMCGIETF.NS,2023-10-31,53.28900146484375,53.28900146484375,52.66899871826172,52.75600051879883,52.75600051879883,49120.0
Nifty FMCG,Nifty FMCG,^CNXFMCG,FMCGIETF.NS,2023-11-01,52.999000549316406,53.099998474121094,52.48899841308594,52.57400131225586,52.57400131225586,81670.0
Nifty FMCG,Nifty FMCG,^CNXFMCG,FMCGIETF.NS,2023-11-02,53.279998779296875,53.39799880981445,52.83100128173828,53.172000885009766,53.172000885009766,132570.0
Nifty FMCG,Nifty FMCG,^CNXFMCG,FMCGIETF.NS,2023-11-03,53.680999755859375,53.680999755859375,53.17300033569336,53.49700164794922,53.49700164794922,32610.0
Nifty FMCG,Nifty FMCG,^CNXFMCG,FMCGIETF.NS,2023-11-06,54.56999969482422,54.56999969482422,53.500999450683594,53.81800079345703,53.81800079345703,54600.0
Nifty FMCG,Nifty FMCG,^CNXFMCG,FMCGIETF.NS,2023-11-07,54.124000549316406,54.125,53.58100128173828,53.77799987792969,53.77799987792969,15370.0
Nifty FMCG,Nifty FMCG,^CNXFMCG,FMCGIETF.NS,2023-11-08,53.599998474121094,54.220001220703125,53.599998474121094,54.1619987487793,54.1619987487793,20750.0
Nifty FMCG,Nifty FMCG,^CNXFMCG,FMCGIETF.NS,2023-11-09,54.52899932861328,54.52899932861328,53.74100112915039,53.80500030517578,53.80500030517578,25240.0
Nifty FMCG,Nifty FMCG,^CNXFMCG,FMCGIETF.NS,2023-11-10,54.1870002746582,54.1870002746582,53.35100173950195,53.805999755859375,53.805999755859375,21480.0
Nifty FMCG,Nifty FMCG,^CNXFMCG,FMCGIETF.NS,2023-11-13,54.9900016784668,54.9900016784668,53.56700134277344,53.68600082397461,53.68600082397461,27440.0
Nifty FMCG,Nifty FMCG,^CNXFMCG,FMCGIETF.NS,2023-11-15,54.39799880981445,54.39799880981445,53.71500015258789,54.016998291015625,54.016998291015625,216250.0
Nifty FMCG,Nifty FMCG,^CNXFMCG,FMCGIETF.NS,2023-11-16,52.9370002746582,54.349998474121094,52.9370002746582,54.13199996948242,54.13199996948242,81700.0
Nifty FMCG,Nifty FMCG,^CNXFMCG,FMCGIETF.NS,2023-11-17,54.3489990234375,54.5,54.03900146484375,54.446998596191406,54.446998596191406,68890.0
Nifty FMCG,Nifty FMCG,^CNXFMCG,FMCGIETF.NS,2023-11-20,55.41699981689453,55.41699981689453,54.20500183105469,54.358001708984375,54.358001708984375,68620.0
Nifty FMCG,Nifty FMCG,^CNXFMCG,FMCGIETF.NS,2023-11-21,54.99800109863281,54.99800109863281,54.0880012512207,54.18600082397461,54.18600082397461,32120.0
Nifty FMCG,Nifty FMCG,^CNXFMCG,FMCGIETF.NS,2023-11-22,55.0,55.0,54.066001892089844,54.37900161743164,54.37900161743164,63400.0
Nifty FMCG,Nifty FMCG,^CNXFMCG,FMCGIETF.NS,2023-11-23,54.00600051879883,54.70000076293945,54.00600051879883,54.53099822998047,54.53099822998047,46830.0
Nifty FMCG,Nifty FMCG,^CNXFMCG,FMCGIETF.NS,2023-11-24,54.53099822998047,54.79999923706055,54.34199905395508,54.395999908447266,54.395999908447266,30370.0
Nifty FMCG,Nifty FMCG,^CNXFMCG,FMCGIETF.NS,2023-11-28,54.79899978637695,54.79899978637695,54.18000030517578,54.23899841308594,54.23899841308594,49230.0
Nifty FMCG,Nifty FMCG,^CNXFMCG,FMCGIETF.NS,2023-11-29,54.5989990234375,54.5989990234375,54.20000076293945,54.446998596191406,54.446998596191406,35270.0
Nifty FMCG,Nifty FMCG,^CNXFMCG,FMCGIETF.NS,2023-11-30,54.34700012207031,54.94599914550781,54.34700012207031,54.76900100708008,54.76900100708008,230950.0
Nifty FMCG,Nifty FMCG,^CNXFMCG,FMCGIETF.NS,2023-12-01,54.96900177001953,55.78499984741211,54.78799819946289,55.650001525878906,55.650001525878906,363190.0
Nifty FMCG,Nifty FMCG,^CNXFMCG,FMCGIETF.NS,2023-12-04,55.96900177001953,56.486000061035156,55.14500045776367,56.10100173950195,56.10100173950195,459140.0
Nifty FMCG,Nifty FMCG,^CNXFMCG,FMCGIETF.NS,2023-12-05,56.499000549316406,56.499000549316406,55.779998779296875,55.891998291015625,55.891998291015625,147870.0
Nifty FMCG,Nifty FMCG,^CNXFMCG,FMCGIETF.NS,2023-12-06,56.29899978637695,56.599998474121094,56.00699996948242,56.46099853515625,56.46099853515625,67880.0
Nifty FMCG,Nifty FMCG,^CNXFMCG,FMCGIETF.NS,2023-12-07,56.7869987487793,56.7869987487793,55.9010009765625,56.06999969482422,56.06999969482422,51600.0
Nifty FMCG,Nifty FMCG,^CNXFMCG,FMCGIETF.NS,2023-12-08,56.35900115966797,56.4119987487793,55.400001525878906,55.516998291015625,55.516998291015625,345680.0
Nifty FMCG,Nifty FMCG,^CNXFMCG,FMCGIETF.NS,2023-12-11,56.70199966430664,56.70199966430664,55.500999450683594,55.744998931884766,55.744998931884766,56220.0
Nifty FMCG,Nifty FMCG,^CNXFMCG,FMCGIETF.NS,2023-12-12,56.17900085449219,56.17900085449219,55.474998474121094,55.5890007019043,55.5890007019043,42960.0
Nifty FMCG,Nifty FMCG,^CNXFMCG,FMCGIETF.NS,2023-12-13,55.87900161743164,56.0,55.525001525878906,55.9739990234375,55.9739990234375,47670.0
Nifty FMCG,Nifty FMCG,^CNXFMCG,FMCGIETF.NS,2023-12-14,56.599998474121094,56.599998474121094,55.9010009765625,56.117000579833984,56.117000579833984,488980.0
Nifty FMCG,Nifty FMCG,^CNXFMCG,FMCGIETF.NS,2023-12-15,55.82400131225586,56.27000045776367,55.766998291015625,55.933998107910156,55.933998107910156,254550.0
Nifty FMCG,Nifty FMCG,^CNXFMCG,FMCGIETF.NS,2023-12-18,56.229000091552734,56.45000076293945,55.70100021362305,56.12200164794922,56.12200164794922,132230.0
Nifty FMCG,Nifty FMCG,^CNXFMCG,FMCGIETF.NS,2023-12-19,57.80500030517578,57.80500030517578,55.84199905395508,56.71099853515625,56.71099853515625,254260.0
Nifty FMCG,Nifty FMCG,^CNXFMCG,FMCGIETF.NS,2023-12-20,56.71099853515625,57.400001525878906,55.79999923706055,56.43199920654297,56.43199920654297,488690.0
Nifty FMCG,Nifty FMCG,^CNXFMCG,FMCGIETF.NS,2023-12-21,56.696998596191406,56.73899841308594,55.676998138427734,56.68899917602539,56.68899917602539,105530.0
Nifty FMCG,Nifty FMCG,^CNXFMCG,FMCGIETF.NS,2023-12-22,56.68899917602539,57.14899826049805,56.417999267578125,57.025001525878906,57.025001525878906,100190.0
Nifty FMCG,Nifty FMCG,^CNXFMCG,FMCGIETF.NS,2023-12-26,57.0989990234375,57.29999923706055,56.6150016784668,57.24399948120117,57.24399948120117,104430.0
Nifty FMCG,Nifty FMCG,^CNXFMCG,FMCGIETF.NS,2023-12-27,57.499000549316406,57.58399963378906,57.26900100708008,57.49100112915039,57.49100112915039,49260.0
Nifty FMCG,Nifty FMCG,^CNXFMCG,FMCGIETF.NS,2023-12-28,57.79999923706055,58.48400115966797,57.400001525878906,58.345001220703125,58.345001220703125,131650.0
Nifty FMCG,Nifty FMCG,^CNXFMCG,FMCGIETF.NS,2023-12-29,58.599998474121094,59.75699996948242,58.29999923706055,58.83000183105469,58.83000183105469,306500.0
Nifty FMCG,Nifty FMCG,^CNXFMCG,FMCGIETF.NS,2024-01-01,59.49800109863281,59.49800109863281,58.81399917602539,59.27799987792969,59.27799987792969,55940.0
Nifty FMCG,Nifty FMCG,^CNXFMCG,FMCGIETF.NS,2024-01-02,59.277000427246094,60.757999420166016,58.56700134277344,59.07699966430664,59.07699966430664,179000.0
Nifty FMCG,Nifty FMCG,^CNXFMCG,FMCGIETF.NS,2024-01-03,59.099998474121094,59.5,58.78300094604492,59.270999908447266,59.270999908447266,71940.0
Nifty FMCG,Nifty FMCG,^CNXFMCG,FMCGIETF.NS,2024-01-04,59.599998474121094,59.96699905395508,59.4010009765625,59.696998596191406,59.696998596191406,56320.0
Nifty FMCG,Nifty FMCG,^CNXFMCG,FMCGIETF.NS,2024-01-05,59.9900016784668,60.3849983215332,59.500999450683594,59.569000244140625,59.569000244140625,53280.0
Nifty FMCG,Nifty FMCG,^CNXFMCG,FMCGIETF.NS,2024-01-08,59.959999084472656,59.959999084472656,58.599998474121094,58.67300033569336,58.67300033569336,163620.0
Nifty FMCG,Nifty FMCG,^CNXFMCG,FMCGIETF.NS,2024-01-09,59.20899963378906,59.20899963378906,58.4640007019043,58.500999450683594,58.500999450683594,108150.0
Nifty FMCG,Nifty FMCG,^CNXFMCG,FMCGIETF.NS,2024-01-10,58.82899856567383,58.82899856567383,57.92100143432617,58.21799850463867,58.21799850463867,207720.0
Nifty FMCG,Nifty FMCG,^CNXFMCG,FMCGIETF.NS,2024-01-11,59.702999114990234,59.702999114990234,58.05099868774414,58.15999984741211,58.15999984741211,84800.0
Nifty FMCG,Nifty FMCG,^CNXFMCG,FMCGIETF.NS,2024-01-12,58.659000396728516,58.659000396728516,57.92499923706055,58.439998626708984,58.439998626708984,96900.0
Nifty FMCG,Nifty FMCG,^CNXFMCG,FMCGIETF.NS,2024-01-15,58.93899917602539,58.93899917602539,58.1150016784668,58.606998443603516,58.606998443603516,470530.0
Nifty FMCG,Nifty FMCG,^CNXFMCG,FMCGIETF.NS,2024-01-16,59.198001861572266,59.198001861572266,58.29999923706055,58.619998931884766,58.619998931884766,77850.0
Nifty FMCG,Nifty FMCG,^CNXFMCG,FMCGIETF.NS,2024-01-17,58.5,58.992000579833984,58.12699890136719,58.202999114990234,58.202999114990234,57100.0
Nifty FMCG,Nifty FMCG,^CNXFMCG,FMCGIETF.NS,2024-01-18,58.19900131225586,58.19900131225586,57.14500045776367,57.71200180053711,57.71200180053711,247320.0
Nifty FMCG,Nifty FMCG,^CNXFMCG,FMCGIETF.NS,2024-01-19,57.70000076293945,58.62900161743164,57.51499938964844,58.483001708984375,58.483001708984375,29540.0
Nifty FMCG,Nifty FMCG,^CNXFMCG,FMCGIETF.NS,2024-01-23,57.95100021362305,58.499000549316406,56.70000076293945,56.90599822998047,56.90599822998047,381920.0
Nifty FMCG,Nifty FMCG,^CNXFMCG,FMCGIETF.NS,2024-01-24,57.20899963378906,57.869998931884766,55.98400115966797,57.6619987487793,57.6619987487793,438620.0
Nifty FMCG,Nifty FMCG,^CNXFMCG,FMCGIETF.NS,2024-01-25,57.70000076293945,57.89899826049805,56.90999984741211,57.016998291015625,57.016998291015625,151860.0
Nifty FMCG,Nifty FMCG,^CNXFMCG,FMCGIETF.NS,2024-01-29,57.698001861572266,57.698001861572266,56.91999816894531,57.040000915527344,57.040000915527344,82650.0
Nifty FMCG,Nifty FMCG,^CNXFMCG,FMCGIETF.NS,2024-01-30,57.400001525878906,57.487998962402344,56.40399932861328,56.48899841308594,56.48899841308594,372570.0
Nifty FMCG,Nifty FMCG,^CNXFMCG,FMCGIETF.NS,2024-01-31,57.099998474121094,57.099998474121094,56.10100173950195,56.99800109863281,56.99800109863281,185060.0
Nifty FMCG,Nifty FMCG,^CNXFMCG,FMCGIETF.NS,2024-02-01,57.479000091552734,57.62099838256836,56.96799850463867,57.1349983215332,57.1349983215332,388140.0
Nifty FMCG,Nifty FMCG,^CNXFMCG,FMCGIETF.NS,2024-02-02,57.5989990234375,57.7869987487793,56.801998138427734,57.047000885009766,57.047000885009766,205900.0
Nifty FMCG,Nifty FMCG,^CNXFMCG,FMCGIETF.NS,2024-02-05,57.38399887084961,57.5099983215332,56.500999450683594,56.61800003051758,56.61800003051758,174550.0
Nifty FMCG,Nifty FMCG,^CNXFMCG,FMCGIETF.NS,2024-02-06,57.01900100708008,57.02000045776367,56.17300033569336,56.512001037597656,56.512001037597656,496820.0
Nifty FMCG,Nifty FMCG,^CNXFMCG,FMCGIETF.NS,2024-02-07,56.999000549316406,57.0,56.4010009765625,56.599998474121094,56.599998474121094,139160.0
Nifty FMCG,Nifty FMCG,^CNXFMCG,FMCGIETF.NS,2024-02-08,56.70000076293945,57.05699920654297,55.444000244140625,55.80699920654297,55.80699920654297,394470.0
Nifty FMCG,Nifty FMCG,^CNXFMCG,FMCGIETF.NS,2024-02-09,55.25,56.20899963378906,55.249000549316406,55.98699951171875,55.98699951171875,132000.0
Nifty FMCG,Nifty FMCG,^CNXFMCG,FMCGIETF.NS,2024-02-12,56.499000549316406,56.597999572753906,55.349998474121094,55.43600082397461,55.43600082397461,116290.0
Nifty FMCG,Nifty FMCG,^CNXFMCG,FMCGIETF.NS,2024-02-13,55.99700164794922,55.99700164794922,55.35499954223633,55.569000244140625,55.569000244140625,123200.0
Nifty FMCG,Nifty FMCG,^CNXFMCG,FMCGIETF.NS,2024-02-14,55.499000549316406,56.099998474121094,55.231998443603516,55.87699890136719,55.87699890136719,147530.0
Nifty FMCG,Nifty FMCG,^CNXFMCG,FMCGIETF.NS,2024-02-15,55.50600051879883,56.483001708984375,55.400001525878906,55.47700119018555,55.47700119018555,328710.0
Nifty FMCG,Nifty FMCG,^CNXFMCG,FMCGIETF.NS,2024-02-16,55.590999603271484,55.9900016784668,55.30699920654297,55.64799880981445,55.64799880981445,161480.0
Nifty FMCG,Nifty FMCG,^CNXFMCG,FMCGIETF.NS,2024-02-19,56.058998107910156,56.24800109863281,55.6510009765625,56.117000579833984,56.117000579833984,264150.0
Nifty FMCG,Nifty FMCG,^CNXFMCG,FMCGIETF.NS,2024-02-20,56.29899978637695,56.400001525878906,55.652000427246094,55.97100067138672,55.97100067138672,242590.0
Nifty FMCG,Nifty FMCG,^CNXFMCG,FMCGIETF.NS,2024-02-21,56.29899978637695,56.400001525878906,55.779998779296875,56.04399871826172,56.04399871826172,233290.0
Nifty FMCG,Nifty FMCG,^CNXFMCG,FMCGIETF.NS,2024-02-22,56.39899826049805,56.499000549316406,55.70600128173828,56.47200012207031,56.47200012207031,113170.0
Nifty FMCG,Nifty FMCG,^CNXFMCG,FMCGIETF.NS,2024-02-23,56.50899887084961,56.68600082397461,56.380001068115234,56.5099983215332,56.5099983215332,95220.0
Nifty FMCG,Nifty FMCG,^CNXFMCG,FMCGIETF.NS,2024-02-26,56.5099983215332,56.5620002746582,56.01599884033203,56.481998443603516,56.481998443603516,180320.0
Nifty FMCG,Nifty FMCG,^CNXFMCG,FMCGIETF.NS,2024-02-27,56.79899978637695,56.987998962402344,56.13999938964844,56.349998474121094,56.349998474121094,73800.0
Nifty FMCG,Nifty FMCG,^CNXFMCG,FMCGIETF.NS,2024-02-28,56.1510009765625,56.79999923706055,55.82099914550781,55.895999908447266,55.895999908447266,104820.0
Nifty FMCG,Nifty FMCG,^CNXFMCG,FMCGIETF.NS,2024-02-29,56.39699935913086,56.39699935913086,55.52799987792969,56.12300109863281,56.12300109863281,58960.0
Nifty FMCG,Nifty FMCG,^CNXFMCG,FMCGIETF.NS,2024-03-01,56.125999450683594,56.696998596191406,56.0,56.349998474121094,56.349998474121094,105080.0
Nifty FMCG,Nifty FMCG,^CNXFMCG,FMCGIETF.NS,2024-03-04,56.470001220703125,56.900001525878906,56.012001037597656,56.32500076293945,56.32500076293945,94930.0
Nifty FMCG,Nifty FMCG,^CNXFMCG,FMCGIETF.NS,2024-03-05,56.32500076293945,56.39799880981445,55.650001525878906,55.80400085449219,55.80400085449219,191090.0
Nifty FMCG,Nifty FMCG,^CNXFMCG,FMCGIETF.NS,2024-03-06,56.0989990234375,56.099998474121094,55.26100158691406,55.94200134277344,55.94200134277344,264130.0
Nifty FMCG,Nifty FMCG,^CNXFMCG,FMCGIETF.NS,2024-03-07,55.94300079345703,56.66400146484375,55.79999923706055,56.486000061035156,56.486000061035156,409170.0
Nifty FMCG,Nifty FMCG,^CNXFMCG,FMCGIETF.NS,2024-03-11,56.79899978637695,56.79999923706055,56.10100173950195,56.25400161743164,56.25400161743164,192070.0
Nifty FMCG,Nifty FMCG,^CNXFMCG,FMCGIETF.NS,2024-03-12,56.255001068115234,56.89799880981445,55.54999923706055,55.659000396728516,55.659000396728516,231950.0
Nifty FMCG,Nifty FMCG,^CNXFMCG,FMCGIETF.NS,2024-03-13,56.20899963378906,56.814998626708984,55.5,55.766998291015625,55.766998291015625,2322380.0
Nifty FMCG,Nifty FMCG,^CNXFMCG,FMCGIETF.NS,2024-03-14,55.766998291015625,56.29899978637695,55.47700119018555,56.19599914550781,56.19599914550781,90470.0
Nifty FMCG,Nifty FMCG,^CNXFMCG,FMCGIETF.NS,2024-03-15,56.19599914550781,56.64699935913086,55.9119987487793,56.301998138427734,56.301998138427734,352560.0
Nifty FMCG,Nifty FMCG,^CNXFMCG,FMCGIETF.NS,2024-03-18,56.301998138427734,56.6870002746582,55.637001037597656,56.02899932861328,56.02899932861328,67900.0
Nifty FMCG,Nifty FMCG,^CNXFMCG,FMCGIETF.NS,2024-03-19,56.02899932861328,56.029998779296875,54.74100112915039,54.89400100708008,54.89400100708008,357900.0
Nifty FMCG,Nifty FMCG,^CNXFMCG,FMCGIETF.NS,2024-03-20,55.49700164794922,55.49700164794922,54.500999450683594,55.130001068115234,55.130001068115234,185030.0
Nifty FMCG,Nifty FMCG,^CNXFMCG,FMCGIETF.NS,2024-03-21,55.17599868774414,55.5369987487793,55.04999923706055,55.49100112915039,55.49100112915039,1209520.0
Nifty FMCG,Nifty FMCG,^CNXFMCG,FMCGIETF.NS,2024-03-22,55.500999450683594,56.0,55.45000076293945,55.90700149536133,55.90700149536133,138450.0
Nifty FMCG,Nifty FMCG,^CNXFMCG,FMCGIETF.NS,2024-03-26,55.90700149536133,56.14699935913086,55.5,55.654998779296875,55.654998779296875,264360.0
Nifty FMCG,Nifty FMCG,^CNXFMCG,FMCGIETF.NS,2024-03-27,55.65599822998047,55.89899826049805,55.55500030517578,55.66699981689453,55.66699981689453,65740.0
Nifty FMCG,Nifty FMCG,^CNXFMCG,FMCGIETF.NS,2024-03-28,55.82899856567383,56.29899978637695,55.51599884033203,56.18299865722656,56.18299865722656,151000.0
Nifty FMCG,Nifty FMCG,^CNXFMCG,FMCGIETF.NS,2024-04-01,56.18299865722656,56.599998474121094,55.74100112915039,56.04999923706055,56.04999923706055,137580.0
Nifty FMCG,Nifty FMCG,^CNXFMCG,FMCGIETF.NS,2024-04-02,56.05099868774414,56.39899826049805,55.90299987792969,56.255001068115234,56.255001068115234,84490.0
Nifty FMCG,Nifty FMCG,^CNXFMCG,FMCGIETF.NS,2024-04-03,56.255001068115234,56.255001068115234,55.61000061035156,56.02399826049805,56.02399826049805,192910.0
Nifty FMCG,Nifty FMCG,^CNXFMCG,FMCGIETF.NS,2024-04-04,56.04499816894531,56.29999923706055,55.68000030517578,55.77799987792969,55.77799987792969,389210.0
Nifty FMCG,Nifty FMCG,^CNXFMCG,FMCGIETF.NS,2024-04-05,55.77799987792969,56.25400161743164,55.54100036621094,56.042999267578125,56.042999267578125,219830.0
Nifty FMCG,Nifty FMCG,^CNXFMCG,FMCGIETF.NS,2024-04-08,56.10100173950195,56.28900146484375,55.72999954223633,56.130001068115234,56.130001068115234,139420.0
Nifty FMCG,Nifty FMCG,^CNXFMCG,FMCGIETF.NS,2024-04-09,55.91400146484375,56.29399871826172,55.70100021362305,55.85100173950195,55.85100173950195,245060.0
Nifty FMCG,Nifty FMCG,^CNXFMCG,FMCGIETF.NS,2024-04-10,55.85200119018555,56.569000244140625,55.75600051879883,56.32500076293945,56.32500076293945,305450.0
Nifty FMCG,Nifty FMCG,^CNXFMCG,FMCGIETF.NS,2024-04-12,56.20100021362305,56.57699966430664,55.900001525878906,55.9370002746582,55.9370002746582,147670.0
Nifty FMCG,Nifty FMCG,^CNXFMCG,FMCGIETF.NS,2024-04-15,55.731998443603516,56.1870002746582,55.012001037597656,55.29999923706055,55.29999923706055,366520.0
Nifty FMCG,Nifty FMCG,^CNXFMCG,FMCGIETF.NS,2024-04-16,55.10200119018555,55.595001220703125,55.0,55.45600128173828,55.45600128173828,133570.0
Nifty FMCG,Nifty FMCG,^CNXFMCG,FMCGIETF.NS,2024-04-18,55.986000061035156,55.98699951171875,54.86899948120117,55.055999755859375,55.055999755859375,320210.0
Nifty FMCG,Nifty FMCG,^CNXFMCG,FMCGIETF.NS,2024-04-19,55.0,55.28300094604492,54.0,55.16600036621094,55.16600036621094,144050.0
Nifty FMCG,Nifty FMCG,^CNXFMCG,FMCGIETF.NS,2024-04-22,55.52899932861328,55.70000076293945,55.16999816894531,55.441001892089844,55.441001892089844,408770.0
Nifty FMCG,Nifty FMCG,^CNXFMCG,FMCGIETF.NS,2024-04-23,55.69900131225586,56.1609992980957,55.51599884033203,56.05799865722656,56.05799865722656,226500.0
Nifty FMCG,Nifty FMCG,^CNXFMCG,FMCGIETF.NS,2024-04-24,56.058998107910156,56.16299819946289,55.67100143432617,55.9900016784668,55.9900016784668,105680.0
Nifty FMCG,Nifty FMCG,^CNXFMCG,FMCGIETF.NS,2024-04-25,55.9900016784668,56.5,55.724998474121094,56.29100036621094,56.29100036621094,163360.0
Nifty FMCG,Nifty FMCG,^CNXFMCG,FMCGIETF.NS,2024-04-26,56.00299835205078,56.6879997253418,56.00299835205078,56.448001861572266,56.448001861572266,443190.0
Nifty FMCG,Nifty FMCG,^CNXFMCG,FMCGIETF.NS,2024-04-29,56.45399856567383,56.70000076293945,56.2239990234375,56.35900115966797,56.35900115966797,119940.0
Nifty FMCG,Nifty FMCG,^CNXFMCG,FMCGIETF.NS,2024-04-30,56.400001525878906,56.810001373291016,56.01100158691406,56.37699890136719,56.37699890136719,141940.0
Nifty FMCG,Nifty FMCG,^CNXFMCG,FMCGIETF.NS,2024-05-02,56.37699890136719,56.895999908447266,56.117000579833984,56.659000396728516,56.659000396728516,265130.0
Nifty FMCG,Nifty FMCG,^CNXFMCG,FMCGIETF.NS,2024-05-03,56.69900131225586,56.87799835205078,56.119998931884766,56.44499969482422,56.44499969482422,548110.0
Nifty FMCG,Nifty FMCG,^CNXFMCG,FMCGIETF.NS,2024-05-06,56.599998474121094,56.89099884033203,56.263999938964844,56.77299880981445,56.77299880981445,143940.0
Nifty FMCG,Nifty FMCG,^CNXFMCG,FMCGIETF.NS,2024-05-07,56.89899826049805,58.25,56.6879997253418,57.90399932861328,57.90399932861328,1019940.0
Nifty FMCG,Nifty FMCG,^CNXFMCG,FMCGIETF.NS,2024-05-08,57.90299987792969,58.37300109863281,57.766998291015625,58.11600112915039,58.11600112915039,622070.0
Nifty FMCG,Nifty FMCG,^CNXFMCG,FMCGIETF.NS,2024-05-09,58.29899978637695,58.43899917602539,56.57099914550781,56.8129997253418,56.8129997253418,417390.0
Nifty FMCG,Nifty FMCG,^CNXFMCG,FMCGIETF.NS,2024-05-10,56.79999923706055,60.75,56.79999923706055,57.630001068115234,57.630001068115234,203523.0
Nifty FMCG,Nifty FMCG,^CNXFMCG,FMCGIETF.NS,2024-05-13,58.439998626708984,58.75,56.9900016784668,57.459999084472656,57.459999084472656,411320.0
Nifty FMCG,Nifty FMCG,^CNXFMCG,FMCGIETF.NS,2024-05-14,58.470001220703125,58.470001220703125,57.099998474121094,57.22999954223633,57.22999954223633,234966.0
Nifty FMCG,Nifty FMCG,^CNXFMCG,FMCGIETF.NS,2024-05-15,58.95000076293945,58.95000076293945,56.650001525878906,56.790000915527344,56.790000915527344,200153.0
Nifty FMCG,Nifty FMCG,^CNXFMCG,FMCGIETF.NS,2024-05-16,56.790000915527344,57.20000076293945,56.29999923706055,56.970001220703125,56.970001220703125,247854.0
Nifty FMCG,Nifty FMCG,^CNXFMCG,FMCGIETF.NS,2024-05-17,57.04999923706055,57.470001220703125,56.900001525878906,57.279998779296875,57.279998779296875,116141.0
Nifty FMCG,Nifty FMCG,^CNXFMCG,FMCGIETF.NS,2024-05-21,58.34000015258789,58.95000076293945,56.90999984741211,57.18000030517578,57.18000030517578,264701.0
Nifty FMCG,Nifty FMCG,^CNXFMCG,FMCGIETF.NS,2024-05-22,57.43000030517578,58.08000183105469,57.209999084472656,57.97999954223633,57.97999954223633,548329.0
Nifty FMCG,Nifty FMCG,^CNXFMCG,FMCGIETF.NS,2024-05-23,58.290000915527344,58.290000915527344,57.65999984741211,57.9900016784668,57.9900016784668,197362.0
Nifty FMCG,Nifty FMCG,^CNXFMCG,FMCGIETF.NS,2024-05-24,57.97999954223633,58.5,57.630001068115234,57.869998931884766,57.869998931884766,255978.0
Nifty FMCG,Nifty FMCG,^CNXFMCG,FMCGIETF.NS,2024-05-27,58.349998474121094,58.349998474121094,57.45000076293945,57.52000045776367,57.52000045776367,356309.0
Nifty FMCG,Nifty FMCG,^CNXFMCG,FMCGIETF.NS,2024-05-28,57.599998474121094,57.83000183105469,57.349998474121094,57.45000076293945,57.45000076293945,182551.0
Nifty FMCG,Nifty FMCG,^CNXFMCG,FMCGIETF.NS,2024-05-29,57.36000061035156,57.79999923706055,57.099998474121094,57.220001220703125,57.220001220703125,368212.0
Nifty FMCG,Nifty FMCG,^CNXFMCG,FMCGIETF.NS,2024-05-30,57.189998626708984,57.75,56.31999969482422,56.470001220703125,56.470001220703125,256009.0
Nifty FMCG,Nifty FMCG,^CNXFMCG,FMCGIETF.NS,2024-05-31,58.150001525878906,58.150001525878906,56.150001525878906,56.310001373291016,56.310001373291016,178539.0
Nifty FMCG,Nifty FMCG,^CNXFMCG,FMCGIETF.NS,2024-06-03,56.93000030517578,57.689998626708984,56.40999984741211,56.58000183105469,56.58000183105469,279987.0
Nifty FMCG,Nifty FMCG,^CNXFMCG,FMCGIETF.NS,2024-06-04,58.29999923706055,58.77000045776367,55.90999984741211,57.810001373291016,57.810001373291016,1023057.0
Nifty FMCG,Nifty FMCG,^CNXFMCG,FMCGIETF.NS,2024-06-05,57.959999084472656,67.94999694824219,57.959999084472656,60.45000076293945,60.45000076293945,4434184.0
Nifty FMCG,Nifty FMCG,^CNXFMCG,FMCGIETF.NS,2024-06-06,61.0,61.220001220703125,58.90999984741211,59.790000915527344,59.790000915527344,1657682.0
Nifty FMCG,Nifty FMCG,^CNXFMCG,FMCGIETF.NS,2024-06-07,60.470001220703125,60.849998474121094,59.95000076293945,60.720001220703125,60.720001220703125,9980594.0
Nifty FMCG,Nifty FMCG,^CNXFMCG,FMCGIETF.NS,2024-06-10,60.720001220703125,61.380001068115234,60.209999084472656,60.58000183105469,60.58000183105469,4340205.0
Nifty FMCG,Nifty FMCG,^CNXFMCG,FMCGIETF.NS,2024-06-11,60.93000030517578,61.27000045776367,60.29999923706055,60.439998626708984,60.439998626708984,2131690.0
Nifty FMCG,Nifty FMCG,^CNXFMCG,FMCGIETF.NS,2024-06-12,60.58000183105469,60.58000183105469,60.060001373291016,60.11000061035156,60.11000061035156,3029323.0
Nifty FMCG,Nifty FMCG,^CNXFMCG,FMCGIETF.NS,2024-06-13,60.150001525878906,60.7400016784668,59.70000076293945,59.77000045776367,59.77000045776367,1189951.0
Nifty FMCG,Nifty FMCG,^CNXFMCG,FMCGIETF.NS,2024-06-14,59.77000045776367,60.380001068115234,59.27000045776367,59.790000915527344,59.790000915527344,678320.0
Nifty FMCG,Nifty FMCG,^CNXFMCG,FMCGIETF.NS,2024-06-18,60.939998626708984,60.95000076293945,59.810001373291016,59.97999954223633,59.97999954223633,616026.0
Nifty FMCG,Nifty FMCG,^CNXFMCG,FMCGIETF.NS,2024-06-19,60.0099983215332,60.34000015258789,59.2599983215332,59.38999938964844,59.38999938964844,610764.0
Nifty FMCG,Nifty FMCG,^CNXFMCG,FMCGIETF.NS,2024-06-20,59.599998474121094,59.84000015258789,59.08000183105469,59.470001220703125,59.470001220703125,454859.0
Nifty FMCG,Nifty FMCG,^CNXFMCG,FMCGIETF.NS,2024-06-21,59.77000045776367,59.779998779296875,58.5,58.7599983215332,58.7599983215332,954002.0
Nifty FMCG,Nifty FMCG,^CNXFMCG,FMCGIETF.NS,2024-06-24,58.7599983215332,59.11000061035156,58.5,59.08000183105469,59.08000183105469,318678.0
Nifty FMCG,Nifty FMCG,^CNXFMCG,FMCGIETF.NS,2024-06-25,59.47999954223633,59.47999954223633,58.75,58.970001220703125,58.970001220703125,313227.0
Nifty FMCG,Nifty FMCG,^CNXFMCG,FMCGIETF.NS,2024-06-26,58.97999954223633,59.31999969482422,58.599998474121094,59.18000030517578,59.18000030517578,362832.0
Nifty FMCG,Nifty FMCG,^CNXFMCG,FMCGIETF.NS,2024-06-27,59.20000076293945,59.5,58.95000076293945,59.2400016784668,59.2400016784668,338174.0
Nifty FMCG,Nifty FMCG,^CNXFMCG,FMCGIETF.NS,2024-06-28,59.0,59.79999923706055,59.0,59.56999969482422,59.56999969482422,966869.0
Nifty FMCG,Nifty FMCG,^CNXFMCG,FMCGIETF.NS,2024-07-01,59.599998474121094,59.93000030517578,59.2599983215332,59.81999969482422,59.81999969482422,367338.0
Nifty FMCG,Nifty FMCG,^CNXFMCG,FMCGIETF.NS,2024-07-02,60.099998474121094,60.33000183105469,59.20000076293945,59.70000076293945,59.70000076293945,423913.0
Nifty FMCG,Nifty FMCG,^CNXFMCG,FMCGIETF.NS,2024-07-03,59.970001220703125,59.970001220703125,59.33000183105469,59.779998779296875,59.779998779296875,303485.0
Nifty FMCG,Nifty FMCG,^CNXFMCG,FMCGIETF.NS,2024-07-04,61.54999923706055,61.54999923706055,59.709999084472656,59.83000183105469,59.83000183105469,522412.0
Nifty FMCG,Nifty FMCG,^CNXFMCG,FMCGIETF.NS,2024-07-05,59.84000015258789,60.4900016784668,59.810001373291016,60.310001373291016,60.310001373291016,670522.0
Nifty FMCG,Nifty FMCG,^CNXFMCG,FMCGIETF.NS,2024-07-08,60.66999816894531,61.59000015258789,60.5,61.439998626708984,61.439998626708984,3099867.0
Nifty FMCG,Nifty FMCG,^CNXFMCG,FMCGIETF.NS,2024-07-09,61.5,62.290000915527344,61.45000076293945,62.040000915527344,62.040000915527344,1571034.0
Nifty FMCG,Nifty FMCG,^CNXFMCG,FMCGIETF.NS,2024-07-10,62.2599983215332,62.470001220703125,61.27000045776367,62.209999084472656,62.209999084472656,1367526.0
Nifty FMCG,Nifty FMCG,^CNXFMCG,FMCGIETF.NS,2024-07-11,62.290000915527344,62.45000076293945,61.720001220703125,62.31999969482422,62.31999969482422,784955.0
Nifty FMCG,Nifty FMCG,^CNXFMCG,FMCGIETF.NS,2024-07-12,62.31999969482422,62.650001525878906,62.130001068115234,62.560001373291016,62.560001373291016,1070071.0
Nifty FMCG,Nifty FMCG,^CNXFMCG,FMCGIETF.NS,2024-07-15,62.90999984741211,63.0099983215332,62.470001220703125,62.959999084472656,62.959999084472656,706655.0
Nifty FMCG,Nifty FMCG,^CNXFMCG,FMCGIETF.NS,2024-07-16,63.09000015258789,63.790000915527344,62.90999984741211,63.47999954223633,63.47999954223633,915233.0
Nifty FMCG,Nifty FMCG,^CNXFMCG,FMCGIETF.NS,2024-07-18,63.599998474121094,64.18000030517578,63.189998626708984,64.06999969482422,64.06999969482422,1046524.0
Nifty FMCG,Nifty FMCG,^CNXFMCG,FMCGIETF.NS,2024-07-19,64.55999755859375,64.5999984741211,63.27000045776367,63.88999938964844,63.88999938964844,1148294.0
Nifty FMCG,Nifty FMCG,^CNXFMCG,FMCGIETF.NS,2024-07-22,63.880001068115234,64.4000015258789,62.0,63.790000915527344,63.790000915527344,932966.0
Nifty FMCG,Nifty FMCG,^CNXFMCG,FMCGIETF.NS,2024-07-23,64.29000091552734,66.0,63.7599983215332,65.45999908447266,65.45999908447266,1629373.0
Nifty FMCG,Nifty FMCG,^CNXFMCG,FMCGIETF.NS,2024-07-24,66.0,66.97000122070312,64.80999755859375,65.19999694824219,65.19999694824219,1123644.0
Nifty FMCG,Nifty FMCG,^CNXFMCG,FMCGIETF.NS,2024-07-25,65.20999908447266,65.9800033569336,64.41000366210938,65.0199966430664,65.0199966430664,612380.0
Nifty FMCG,Nifty FMCG,^CNXFMCG,FMCGIETF.NS,2024-07-26,65.30000305175781,65.81999969482422,64.7699966430664,65.62999725341797,65.62999725341797,532089.0
Nifty FMCG,Nifty FMCG,^CNXFMCG,FMCGIETF.NS,2024-07-29,65.69999694824219,66.30000305175781,65.20999908447266,65.4000015258789,65.4000015258789,646121.0
Nifty FMCG,Nifty FMCG,^CNXFMCG,FMCGIETF.NS,2024-07-30,66.05999755859375,66.05999755859375,64.7699966430664,64.86000061035156,64.86000061035156,498232.0
Nifty FMCG,Nifty FMCG,^CNXFMCG,FMCGIETF.NS,2024-07-31,64.87000274658203,65.37000274658203,64.80000305175781,65.0,65.0,279406.0
Nifty FMCG,Nifty FMCG,^CNXFMCG,FMCGIETF.NS,2024-08-01,66.0,66.0,64.88999938964844,65.22000122070312,65.22000122070312,328811.0
Nifty FMCG,Nifty FMCG,^CNXFMCG,FMCGIETF.NS,2024-08-02,67.19999694824219,67.19999694824219,64.51000213623047,64.7300033569336,64.7300033569336,328938.0
Nifty FMCG,Nifty FMCG,^CNXFMCG,FMCGIETF.NS,2024-08-05,62.95000076293945,65.16000366210938,62.95000076293945,64.51000213623047,64.51000213623047,816301.0
Nifty FMCG,Nifty FMCG,^CNXFMCG,FMCGIETF.NS,2024-08-06,64.51000213623047,65.37999725341797,64.33000183105469,64.44999694824219,64.44999694824219,520855.0
Nifty FMCG,Nifty FMCG,^CNXFMCG,FMCGIETF.NS,2024-08-07,65.20999908447266,65.5,64.55000305175781,65.41000366210938,65.41000366210938,384933.0
Nifty FMCG,Nifty FMCG,^CNXFMCG,FMCGIETF.NS,2024-08-08,65.83999633789062,65.8499984741211,64.9000015258789,65.25,65.25,395973.0
Nifty FMCG,Nifty FMCG,^CNXFMCG,FMCGIETF.NS,2024-08-09,65.30000305175781,65.80000305175781,65.0,65.16999816894531,65.16999816894531,486925.0
Nifty FMCG,Nifty FMCG,^CNXFMCG,FMCGIETF.NS,2024-08-12,65.75,65.75,64.5999984741211,64.69999694824219,64.69999694824219,504818.0
Nifty FMCG,Nifty FMCG,^CNXFMCG,FMCGIETF.NS,2024-08-13,65.69999694824219,65.69999694824219,64.31999969482422,64.5,64.5,314783.0
Nifty FMCG,Nifty FMCG,^CNXFMCG,FMCGIETF.NS,2024-08-14,64.81999969482422,64.87999725341797,64.0,64.36000061035156,64.36000061035156,346960.0
Nifty FMCG,Nifty FMCG,^CNXFMCG,FMCGIETF.NS,2024-08-16,65.36000061035156,65.6500015258789,64.30000305175781,65.12000274658203,65.12000274658203,278973.0
Nifty FMCG,Nifty FMCG,^CNXFMCG,FMCGIETF.NS,2024-08-19,65.66000366210938,65.77999877929688,64.58999633789062,65.2300033569336,65.2300033569336,495090.0
Nifty FMCG,Nifty FMCG,^CNXFMCG,FMCGIETF.NS,2024-08-20,66.55000305175781,66.55000305175781,64.97000122070312,65.27999877929688,65.27999877929688,343164.0
Nifty FMCG,Nifty FMCG,^CNXFMCG,FMCGIETF.NS,2024-08-21,65.27999877929688,66.26000213623047,65.27999877929688,66.19000244140625,66.19000244140625,370300.0
Nifty FMCG,Nifty FMCG,^CNXFMCG,FMCGIETF.NS,2024-08-22,66.2300033569336,66.68000030517578,66.11000061035156,66.56999969482422,66.56999969482422,415568.0
Nifty FMCG,Nifty FMCG,^CNXFMCG,FMCGIETF.NS,2024-08-23,67.12000274658203,67.12000274658203,66.20999908447266,66.5,66.5,432207.0
Nifty FMCG,Nifty FMCG,^CNXFMCG,FMCGIETF.NS,2024-08-26,66.55999755859375,66.94000244140625,66.3499984741211,66.72000122070312,66.72000122070312,315184.0
Nifty FMCG,Nifty FMCG,^CNXFMCG,FMCGIETF.NS,2024-08-28,66.1500015258789,66.6500015258789,65.66000366210938,65.83000183105469,65.83000183105469,1020054.0
Nifty FMCG,Nifty FMCG,^CNXFMCG,FMCGIETF.NS,2024-08-29,65.5,66.83000183105469,65.30999755859375,66.16999816894531,66.16999816894531,228098.0
Nifty FMCG,Nifty FMCG,^CNXFMCG,FMCGIETF.NS,2024-08-30,66.58999633789062,66.5999984741211,65.91999816894531,66.12999725341797,66.12999725341797,738184.0
Nifty FMCG,Nifty FMCG,^CNXFMCG,FMCGIETF.NS,2024-09-02,67.4000015258789,67.4000015258789,65.9000015258789,66.72000122070312,66.72000122070312,902204.0
Nifty FMCG,Nifty FMCG,^CNXFMCG,FMCGIETF.NS,2024-09-03,66.75,67.0999984741211,66.4800033569336,66.61000061035156,66.61000061035156,306819.0
Nifty FMCG,Nifty FMCG,^CNXFMCG,FMCGIETF.NS,2024-09-04,66.30000305175781,67.01000213623047,66.0,66.72000122070312,66.72000122070312,592856.0
Nifty FMCG,Nifty FMCG,^CNXFMCG,FMCGIETF.NS,2024-09-05,67.0999984741211,67.12000274658203,66.5199966430664,66.80999755859375,66.80999755859375,216145.0
Nifty FMCG,Nifty FMCG,^CNXFMCG,FMCGIETF.NS,2024-09-06,66.80999755859375,66.98999786376953,65.91000366210938,66.16999816894531,66.16999816894531,409078.0
Nifty FMCG,Nifty FMCG,^CNXFMCG,FMCGIETF.NS,2024-09-09,66.18000030517578,67.70999908447266,65.91999816894531,67.5999984741211,67.5999984741211,487373.0
Nifty FMCG,Nifty FMCG,^CNXFMCG,FMCGIETF.NS,2024-09-10,67.7300033569336,68.0,67.20999908447266,67.7300033569336,67.7300033569336,470493.0
Nifty FMCG,Nifty FMCG,^CNXFMCG,FMCGIETF.NS,2024-09-11,68.30000305175781,68.52999877929688,67.44000244140625,67.95999908447266,67.95999908447266,709324.0
Nifty FMCG,Nifty FMCG,^CNXFMCG,FMCGIETF.NS,2024-09-12,68.54000091552734,68.62999725341797,67.73999786376953,68.58000183105469,68.58000183105469,1707053.0
Nifty FMCG,Nifty FMCG,^CNXFMCG,FMCGIETF.NS,2024-09-13,69.11000061035156,69.11000061035156,68.13999938964844,68.30999755859375,68.30999755859375,688134.0
Nifty FMCG,Nifty FMCG,^CNXFMCG,FMCGIETF.NS,2024-09-16,68.37999725341797,68.75,67.5,67.87000274658203,67.87000274658203,758783.0
Nifty FMCG,Nifty FMCG,^CNXFMCG,FMCGIETF.NS,2024-09-17,67.86000061035156,68.38999938964844,67.69999694824219,67.9000015258789,67.9000015258789,594535.0
Nifty FMCG,Nifty FMCG,^CNXFMCG,FMCGIETF.NS,2024-09-18,67.88999938964844,68.30000305175781,67.4000015258789,67.79000091552734,67.79000091552734,499205.0
Nifty FMCG,Nifty FMCG,^CNXFMCG,FMCGIETF.NS,2024-09-19,68.01000213623047,68.5999984741211,67.87999725341797,68.06999969482422,68.06999969482422,1638040.0
Nifty FMCG,Nifty FMCG,^CNXFMCG,FMCGIETF.NS,2024-09-20,68.62999725341797,69.20999908447266,68.18000030517578,69.12000274658203,69.12000274658203,889703.0
Nifty FMCG,Nifty FMCG,^CNXFMCG,FMCGIETF.NS,2024-09-23,71.19999694824219,71.19999694824219,68.87999725341797,69.62000274658203,69.62000274658203,420722.0
Nifty FMCG,Nifty FMCG,^CNXFMCG,FMCGIETF.NS,2024-09-24,69.62000274658203,69.63999938964844,68.94999694824219,69.08000183105469,69.08000183105469,533027.0
Nifty FMCG,Nifty FMCG,^CNXFMCG,FMCGIETF.NS,2024-09-25,69.08000183105469,69.31999969482422,68.19999694824219,68.69000244140625,68.69000244140625,570799.0
Nifty FMCG,Nifty FMCG,^CNXFMCG,FMCGIETF.NS,2024-09-26,68.87999725341797,69.37000274658203,68.58000183105469,69.19000244140625,69.19000244140625,610289.0
Nifty FMCG,Nifty FMCG,^CNXFMCG,FMCGIETF.NS,2024-09-27,69.23999786376953,69.70999908447266,68.30000305175781,69.16000366210938,69.16000366210938,611693.0
Nifty FMCG,Nifty FMCG,^CNXFMCG,FMCGIETF.NS,2024-09-30,69.1500015258789,69.66999816894531,68.5999984741211,68.79000091552734,68.79000091552734,409610.0
Nifty FMCG,Nifty FMCG,^CNXFMCG,FMCGIETF.NS,2024-10-01,68.80000305175781,69.66999816894531,68.27999877929688,68.73999786376953,68.73999786376953,428687.0
Nifty FMCG,Nifty FMCG,^CNXFMCG,FMCGIETF.NS,2024-10-03,68.73999786376953,68.76000213623047,67.5999984741211,67.87000274658203,67.87000274658203,555070.0
Nifty FMCG,Nifty FMCG,^CNXFMCG,FMCGIETF.NS,2024-10-04,68.68000030517578,68.68000030517578,66.43000030517578,66.93000030517578,66.93000030517578,966670.0
Nifty FMCG,Nifty FMCG,^CNXFMCG,FMCGIETF.NS,2024-10-07,68.9000015258789,68.9000015258789,65.69999694824219,65.9800033569336,65.9800033569336,696398.0
Nifty FMCG,Nifty FMCG,^CNXFMCG,FMCGIETF.NS,2024-10-08,66.9800033569336,66.98999786376953,65.79000091552734,66.45999908447266,66.45999908447266,236781.0
Nifty FMCG,Nifty FMCG,^CNXFMCG,FMCGIETF.NS,2024-10-09,66.37999725341797,66.77999877929688,65.30000305175781,65.48999786376953,65.48999786376953,1321404.0
Nifty FMCG,Nifty FMCG,^CNXFMCG,FMCGIETF.NS,2024-10-10,66.05999755859375,66.05999755859375,64.9000015258789,65.13999938964844,65.13999938964844,1153704.0
Nifty FMCG,Nifty FMCG,^CNXFMCG,FMCGIETF.NS,2024-10-11,65.19999694824219,65.62999725341797,64.9000015258789,65.16999816894531,65.16999816894531,641517.0
Nifty FMCG,Nifty FMCG,^CNXFMCG,FMCGIETF.NS,2024-10-14,65.29000091552734,65.66000366210938,64.91999816894531,65.45999908447266,65.45999908447266,626983.0
Nifty FMCG,Nifty FMCG,^CNXFMCG,FMCGIETF.NS,2024-10-15,65.52999877929688,65.76000213623047,65.16000366210938,65.69999694824219,65.69999694824219,426211.0
Nifty FMCG,Nifty FMCG,^CNXFMCG,FMCGIETF.NS,2024-10-16,65.73999786376953,65.88999938964844,65.1500015258789,65.43000030517578,65.43000030517578,544700.0
Nifty FMCG,Nifty FMCG,^CNXFMCG,FMCGIETF.NS,2024-10-17,65.5999984741211,65.5999984741211,64.30000305175781,64.86000061035156,64.86000061035156,486713.0
Nifty FMCG,Nifty FMCG,^CNXFMCG,FMCGIETF.NS,2024-10-18,64.55999755859375,64.69000244140625,63.41999816894531,64.12999725341797,64.12999725341797,832495.0
Nifty FMCG,Nifty FMCG,^CNXFMCG,FMCGIETF.NS,2024-10-21,64.25,65.12000274658203,62.70000076293945,63.25,63.25,2155033.0
Nifty FMCG,Nifty FMCG,^CNXFMCG,FMCGIETF.NS,2024-10-22,63.2599983215332,63.77000045776367,62.83000183105469,63.15999984741211,63.15999984741211,580352.0
Nifty FMCG,Nifty FMCG,^CNXFMCG,FMCGIETF.NS,2024-10-23,63.79999923706055,63.79999923706055,62.7599983215332,62.9900016784668,62.9900016784668,559444.0
Nifty FMCG,Nifty FMCG,^CNXFMCG,FMCGIETF.NS,2024-10-24,63.0099983215332,63.18000030517578,61.0099983215332,61.2400016784668,61.2400016784668,2123387.0
Nifty FMCG,Nifty FMCG,^CNXFMCG,FMCGIETF.NS,2024-10-25,62.2400016784668,62.2400016784668,61.349998474121094,61.83000183105469,61.83000183105469,641438.0
Nifty FMCG,Nifty FMCG,^CNXFMCG,FMCGIETF.NS,2024-10-28,62.0,62.47999954223633,61.0099983215332,62.16999816894531,62.16999816894531,667675.0
Nifty FMCG,Nifty FMCG,^CNXFMCG,FMCGIETF.NS,2024-10-29,62.220001220703125,62.38999938964844,61.54999923706055,62.15999984741211,62.15999984741211,328676.0
Nifty FMCG,Nifty FMCG,^CNXFMCG,FMCGIETF.NS,2024-10-31,62.720001220703125,62.720001220703125,61.93000030517578,62.18000030517578,62.18000030517578,1463515.0
Nifty FMCG,Nifty FMCG,^CNXFMCG,FMCGIETF.NS,2024-11-01,64.05000305175781,64.05000305175781,62.5099983215332,62.95000076293945,62.95000076293945,151321.0
Nifty FMCG,Nifty FMCG,^CNXFMCG,FMCGIETF.NS,2024-11-04,62.95000076293945,62.95000076293945,61.15999984741211,61.70000076293945,61.70000076293945,960461.0
Nifty FMCG,Nifty FMCG,^CNXFMCG,FMCGIETF.NS,2024-11-06,61.41999816894531,61.900001525878906,61.400001525878906,61.709999084472656,61.709999084472656,811798.0
Nifty FMCG,Nifty FMCG,^CNXFMCG,FMCGIETF.NS,2024-11-07,61.720001220703125,61.970001220703125,61.0,61.18000030517578,61.18000030517578,559288.0
Nifty FMCG,Nifty FMCG,^CNXFMCG,FMCGIETF.NS,2024-11-08,61.709999084472656,61.709999084472656,60.86000061035156,61.380001068115234,61.380001068115234,341385.0
Nifty FMCG,Nifty FMCG,^CNXFMCG,FMCGIETF.NS,2024-11-11,61.540000915527344,61.59000015258789,60.61000061035156,60.880001068115234,60.880001068115234,386150.0
Nifty FMCG,Nifty FMCG,^CNXFMCG,FMCGIETF.NS,2024-11-12,60.880001068115234,60.880001068115234,59.599998474121094,59.93000030517578,59.93000030517578,758488.0
Nifty FMCG,Nifty FMCG,^CNXFMCG,FMCGIETF.NS,2024-11-13,60.93000030517578,60.93000030517578,59.43000030517578,59.599998474121094,59.599998474121094,523764.0
Nifty FMCG,Nifty FMCG,^CNXFMCG,FMCGIETF.NS,2024-11-14,59.650001525878906,59.779998779296875,58.70000076293945,58.77000045776367,58.77000045776367,2016299.0
Nifty FMCG,Nifty FMCG,^CNXFMCG,FMCGIETF.NS,2024-11-18,59.06999969482422,59.29999923706055,58.400001525878906,59.11000061035156,59.11000061035156,730322.0
Nifty FMCG,Nifty FMCG,^CNXFMCG,FMCGIETF.NS,2024-11-19,59.0099983215332,60.0099983215332,59.0099983215332,59.09000015258789,59.09000015258789,801847.0
Nifty FMCG,Nifty FMCG,^CNXFMCG,FMCGIETF.NS,2024-11-21,59.33000183105469,59.33000183105469,58.40999984741211,58.790000915527344,58.790000915527344,526967.0
Nifty FMCG,Nifty FMCG,^CNXFMCG,FMCGIETF.NS,2024-11-22,58.790000915527344,60.099998474121094,58.439998626708984,59.900001525878906,59.900001525878906,353757.0
Nifty FMCG,Nifty FMCG,^CNXFMCG,FMCGIETF.NS,2024-11-25,60.150001525878906,60.97999954223633,60.13999938964844,60.45000076293945,60.45000076293945,651862.0
Nifty FMCG,Nifty FMCG,^CNXFMCG,FMCGIETF.NS,2024-11-26,60.900001525878906,61.16999816894531,60.40999984741211,60.810001373291016,60.810001373291016,280990.0
Nifty FMCG,Nifty FMCG,^CNXFMCG,FMCGIETF.NS,2024-11-27,61.34000015258789,61.34000015258789,60.439998626708984,60.9900016784668,60.9900016784668,364299.0
Nifty FMCG,Nifty FMCG,^CNXFMCG,FMCGIETF.NS,2024-11-28,61.310001373291016,61.720001220703125,60.5,60.72999954223633,60.72999954223633,423864.0
Nifty FMCG,Nifty FMCG,^CNXFMCG,FMCGIETF.NS,2024-11-29,60.7400016784668,61.130001068115234,60.540000915527344,60.97999954223633,60.97999954223633,310849.0
Nifty FMCG,Nifty FMCG,^CNXFMCG,FMCGIETF.NS,2024-12-02,61.970001220703125,61.970001220703125,60.5099983215332,60.970001220703125,60.970001220703125,308075.0
Nifty FMCG,Nifty FMCG,^CNXFMCG,FMCGIETF.NS,2024-12-03,60.970001220703125,60.970001220703125,60.04999923706055,60.720001220703125,60.720001220703125,2844682.0
Nifty FMCG,Nifty FMCG,^CNXFMCG,FMCGIETF.NS,2024-12-04,60.970001220703125,60.970001220703125,60.18000030517578,60.290000915527344,60.290000915527344,771422.0
Nifty FMCG,Nifty FMCG,^CNXFMCG,FMCGIETF.NS,2024-12-05,60.70000076293945,60.77000045776367,59.86000061035156,60.630001068115234,60.630001068115234,805515.0
Nifty FMCG,Nifty FMCG,^CNXFMCG,FMCGIETF.NS,2024-12-06,60.70000076293945,60.939998626708984,60.63999938964844,60.779998779296875,60.779998779296875,447168.0
Nifty FMCG,Nifty FMCG,^CNXFMCG,FMCGIETF.NS,2024-12-09,61.380001068115234,61.9900016784668,59.25,59.40999984741211,59.40999984741211,6103686.0
Nifty FMCG,Nifty FMCG,^CNXFMCG,FMCGIETF.NS,2024-12-10,59.54999923706055,59.66999816894531,59.31999969482422,59.4900016784668,59.4900016784668,1146354.0
Nifty FMCG,Nifty FMCG,^CNXFMCG,FMCGIETF.NS,2024-12-11,59.5,59.849998474121094,59.400001525878906,59.720001220703125,59.720001220703125,1263810.0
Nifty FMCG,Nifty FMCG,^CNXFMCG,FMCGIETF.NS,2024-12-12,59.900001525878906,59.90999984741211,58.959999084472656,59.08000183105469,59.08000183105469,2076216.0
Nifty FMCG,Nifty FMCG,^CNXFMCG,FMCGIETF.NS,2024-12-13,59.66999816894531,59.88999938964844,58.38999938964844,59.81999969482422,59.81999969482422,1782778.0
Nifty FMCG,Nifty FMCG,^CNXFMCG,FMCGIETF.NS,2024-12-16,59.81999969482422,60.13999938964844,59.400001525878906,59.599998474121094,59.599998474121094,1396147.0
Nifty FMCG,Nifty FMCG,^CNXFMCG,FMCGIETF.NS,2024-12-17,59.7599983215332,59.790000915527344,59.150001525878906,59.400001525878906,59.400001525878906,960069.0
Nifty FMCG,Nifty FMCG,^CNXFMCG,FMCGIETF.NS,2024-12-18,59.65999984741211,59.68000030517578,59.20000076293945,59.369998931884766,59.369998931884766,702128.0
Nifty FMCG,Nifty FMCG,^CNXFMCG,FMCGIETF.NS,2024-12-19,59.29999923706055,59.369998931884766,58.93000030517578,59.060001373291016,59.060001373291016,964481.0
Nifty FMCG,Nifty FMCG,^CNXFMCG,FMCGIETF.NS,2024-12-20,59.060001373291016,59.400001525878906,58.25,58.47999954223633,58.47999954223633,1219964.0
Nifty FMCG,Nifty FMCG,^CNXFMCG,FMCGIETF.NS,2024-12-23,59.0,59.209999084472656,58.529998779296875,59.02000045776367,59.02000045776367,879754.0
Nifty FMCG,Nifty FMCG,^CNXFMCG,FMCGIETF.NS,2024-12-24,59.209999084472656,59.540000915527344,58.869998931884766,59.369998931884766,59.369998931884766,510121.0
Nifty FMCG,Nifty FMCG,^CNXFMCG,FMCGIETF.NS,2024-12-26,59.380001068115234,60.34000015258789,59.060001373291016,59.20000076293945,59.20000076293945,431633.0
Nifty FMCG,Nifty FMCG,^CNXFMCG,FMCGIETF.NS,2024-12-27,59.779998779296875,59.779998779296875,59.04999923706055,59.369998931884766,59.369998931884766,306574.0
Nifty FMCG,Nifty FMCG,^CNXFMCG,FMCGIETF.NS,2024-12-30,60.349998474121094,60.349998474121094,59.0099983215332,59.439998626708984,59.439998626708984,696243.0
Nifty FMCG,Nifty FMCG,^CNXFMCG,FMCGIETF.NS,2024-12-31,59.97999954223633,59.97999954223633,59.119998931884766,59.560001373291016,59.560001373291016,2269357.0
Nifty FMCG,Nifty FMCG,^CNXFMCG,FMCGIETF.NS,2025-01-01,59.59000015258789,59.95000076293945,59.54999923706055,59.810001373291016,59.810001373291016,484100.0
Nifty FMCG,Nifty FMCG,^CNXFMCG,FMCGIETF.NS,2025-01-02,60.36000061035156,60.54999923706055,59.68000030517578,60.47999954223633,60.47999954223633,922616.0
Nifty FMCG,Nifty FMCG,^CNXFMCG,FMCGIETF.NS,2025-01-03,60.630001068115234,60.900001525878906,60.20000076293945,60.650001525878906,60.650001525878906,901081.0
Nifty FMCG,Nifty FMCG,^CNXFMCG,FMCGIETF.NS,2025-01-06,60.59000015258789,61.0,59.36000061035156,59.540000915527344,59.540000915527344,682125.0
Nifty FMCG,Nifty FMCG,^CNXFMCG,FMCGIETF.NS,2025-01-07,59.900001525878906,60.09000015258789,59.599998474121094,59.650001525878906,59.650001525878906,493276.0
Nifty FMCG,Nifty FMCG,^CNXFMCG,FMCGIETF.NS,2025-01-08,60.150001525878906,60.150001525878906,59.08000183105469,59.93000030517578,59.93000030517578,687973.0
Nifty FMCG,Nifty FMCG,^CNXFMCG,FMCGIETF.NS,2025-01-09,60.41999816894531,61.099998474121094,59.689998626708984,60.540000915527344,60.540000915527344,921048.0
Nifty FMCG,Nifty FMCG,^CNXFMCG,FMCGIETF.NS,2025-01-10,60.9900016784668,60.9900016784668,59.83000183105469,59.970001220703125,59.970001220703125,993179.0
Nifty FMCG,Nifty FMCG,^CNXFMCG,FMCGIETF.NS,2025-01-13,60.0,60.0,59.099998474121094,59.20000076293945,59.20000076293945,840502.0
Nifty FMCG,Nifty FMCG,^CNXFMCG,FMCGIETF.NS,2025-01-14,59.65999984741211,59.65999984741211,58.45000076293945,58.529998779296875,58.529998779296875,1428689.0
Nifty FMCG,Nifty FMCG,^CNXFMCG,FMCGIETF.NS,2025-01-15,58.720001220703125,59.290000915527344,58.040000915527344,58.43000030517578,58.43000030517578,1093491.0
Nifty FMCG,Nifty FMCG,^CNXFMCG,FMCGIETF.NS,2025-01-16,59.959999084472656,59.959999084472656,57.79999923706055,58.130001068115234,58.130001068115234,1252837.0
Nifty FMCG,Nifty FMCG,^CNXFMCG,FMCGIETF.NS,2025-01-17,58.400001525878906,58.939998626708984,58.0,58.7400016784668,58.7400016784668,720325.0
Nifty FMCG,Nifty FMCG,^CNXFMCG,FMCGIETF.NS,2025-01-20,60.33000183105469,60.33000183105469,58.36000061035156,58.650001525878906,58.650001525878906,685187.0
Nifty FMCG,Nifty FMCG,^CNXFMCG,FMCGIETF.NS,2025-01-21,59.220001220703125,59.650001525878906,58.45000076293945,58.529998779296875,58.529998779296875,614055.0
Nifty FMCG,Nifty FMCG,^CNXFMCG,FMCGIETF.NS,2025-01-22,59.290000915527344,59.290000915527344,58.31999969482422,58.560001373291016,58.560001373291016,652781.0
Nifty FMCG,Nifty FMCG,^CNXFMCG,FMCGIETF.NS,2025-01-23,58.7400016784668,58.77000045776367,57.61000061035156,58.720001220703125,58.720001220703125,745557.0
Nifty FMCG,Nifty FMCG,^CNXFMCG,FMCGIETF.NS,2025-01-24,57.7599983215332,59.279998779296875,57.7599983215332,59.0099983215332,59.0099983215332,832989.0
Nifty FMCG,Nifty FMCG,^CNXFMCG,FMCGIETF.NS,2025-01-27,59.290000915527344,59.400001525878906,58.25,58.5099983215332,58.5099983215332,618226.0
Nifty FMCG,Nifty FMCG,^CNXFMCG,FMCGIETF.NS,2025-01-28,58.970001220703125,58.970001220703125,58.11000061035156,58.34000015258789,58.34000015258789,592327.0
Nifty FMCG,Nifty FMCG,^CNXFMCG,FMCGIETF.NS,2025-01-29,59.20000076293945,59.20000076293945,57.63999938964844,57.91999816894531,57.91999816894531,1414141.0
Nifty FMCG,Nifty FMCG,^CNXFMCG,FMCGIETF.NS,2025-01-30,57.5,58.5,57.369998931884766,58.380001068115234,58.380001068115234,525950.0
Nifty FMCG,Nifty FMCG,^CNXFMCG,FMCGIETF.NS,2025-01-31,56.650001525878906,59.650001525878906,56.650001525878906,59.41999816894531,59.41999816894531,2827003.0
Nifty FMCG,Nifty FMCG,^CNXFMCG,FMCGIETF.NS,2025-02-01,59.43000030517578,62.18000030517578,58.90999984741211,61.29999923706055,61.29999923706055,0.0
Nifty FMCG,Nifty FMCG,^CNXFMCG,FMCGIETF.NS,2025-02-03,61.5,61.869998931884766,60.11000061035156,60.439998626708984,60.439998626708984,2619912.0
Nifty FMCG,Nifty FMCG,^CNXFMCG,FMCGIETF.NS,2025-02-04,60.95000076293945,60.95000076293945,59.5,60.220001220703125,60.220001220703125,2233557.0
Nifty FMCG,Nifty FMCG,^CNXFMCG,FMCGIETF.NS,2025-02-05,60.22999954223633,60.349998474121094,59.290000915527344,59.349998474121094,59.349998474121094,1830194.0
Nifty FMCG,Nifty FMCG,^CNXFMCG,FMCGIETF.NS,2025-02-06,60.09000015258789,60.959999084472656,58.59000015258789,58.79999923706055,58.79999923706055,1159628.0
Nifty FMCG,Nifty FMCG,^CNXFMCG,FMCGIETF.NS,2025-02-07,59.189998626708984,59.20000076293945,57.81999969482422,58.02000045776367,58.02000045776367,2751937.0
Nifty FMCG,Nifty FMCG,^CNXFMCG,FMCGIETF.NS,2025-02-10,58.58000183105469,58.66999816894531,57.54999923706055,57.7599983215332,57.7599983215332,729294.0
Nifty FMCG,Nifty FMCG,^CNXFMCG,FMCGIETF.NS,2025-02-11,58.900001525878906,58.900001525878906,56.25,56.650001525878906,56.650001525878906,1920289.0
Nifty FMCG,Nifty FMCG,^CNXFMCG,FMCGIETF.NS,2025-02-12,57.0,57.11000061035156,56.189998626708984,56.7599983215332,56.7599983215332,834531.0
Nifty FMCG,Nifty FMCG,^CNXFMCG,FMCGIETF.NS,2025-02-13,57.189998626708984,57.189998626708984,56.36000061035156,56.40999984741211,56.40999984741211,731459.0
Nifty FMCG,Nifty FMCG,^CNXFMCG,FMCGIETF.NS,2025-02-14,56.88999938964844,57.029998779296875,56.06999969482422,56.25,56.25,1056541.0
Nifty FMCG,Nifty FMCG,^CNXFMCG,FMCGIETF.NS,2025-02-17,56.97999954223633,56.97999954223633,55.709999084472656,56.029998779296875,56.029998779296875,707582.0
Nifty FMCG,Nifty FMCG,^CNXFMCG,FMCGIETF.NS,2025-02-18,56.029998779296875,56.18000030517578,55.36000061035156,55.52000045776367,55.52000045776367,1001144.0
Nifty FMCG,Nifty FMCG,^CNXFMCG,FMCGIETF.NS,2025-02-19,55.91999816894531,55.939998626708984,55.130001068115234,55.36000061035156,55.36000061035156,1070823.0
Nifty FMCG,Nifty FMCG,^CNXFMCG,FMCGIETF.NS,2025-02-20,55.369998931884766,55.439998626708984,54.93000030517578,55.38999938964844,55.38999938964844,816942.0
Nifty FMCG,Nifty FMCG,^CNXFMCG,FMCGIETF.NS,2025-02-21,55.599998474121094,55.599998474121094,54.95000076293945,55.0099983215332,55.0099983215332,1145967.0
Nifty FMCG,Nifty FMCG,^CNXFMCG,FMCGIETF.NS,2025-02-24,55.0,55.38999938964844,54.79999923706055,55.34000015258789,55.34000015258789,689826.0
Nifty FMCG,Nifty FMCG,^CNXFMCG,FMCGIETF.NS,2025-02-25,55.790000915527344,55.790000915527344,55.119998931884766,55.43000030517578,55.43000030517578,849997.0
Nifty FMCG,Nifty FMCG,^CNXFMCG,FMCGIETF.NS,2025-02-27,56.900001525878906,56.900001525878906,54.619998931884766,55.09000015258789,55.09000015258789,728634.0
Nifty FMCG,Nifty FMCG,^CNXFMCG,FMCGIETF.NS,2025-02-28,56.75,56.75,53.529998779296875,53.68000030517578,53.68000030517578,2788215.0
Nifty FMCG,Nifty FMCG,^CNXFMCG,FMCGIETF.NS,2025-03-03,54.2400016784668,54.470001220703125,53.119998931884766,53.75,53.75,1008320.0
Nifty FMCG,Nifty FMCG,^CNXFMCG,FMCGIETF.NS,2025-03-04,54.11000061035156,54.11000061035156,53.13999938964844,53.459999084472656,53.459999084472656,798420.0
Nifty FMCG,Nifty FMCG,^CNXFMCG,FMCGIETF.NS,2025-03-05,53.959999084472656,55.900001525878906,53.439998626708984,54.29999923706055,54.29999923706055,1690616.0
Nifty FMCG,Nifty FMCG,^CNXFMCG,FMCGIETF.NS,2025-03-06,54.790000915527344,54.97999954223633,54.04999923706055,54.790000915527344,54.790000915527344,842855.0
Nifty FMCG,Nifty FMCG,^CNXFMCG,FMCGIETF.NS,2025-03-07,54.79999923706055,55.459999084472656,54.5099983215332,54.88999938964844,54.88999938964844,585410.0
Nifty FMCG,Nifty FMCG,^CNXFMCG,FMCGIETF.NS,2025-03-10,54.849998474121094,55.47999954223633,54.560001373291016,54.880001068115234,54.880001068115234,1126198.0
Nifty FMCG,Nifty FMCG,^CNXFMCG,FMCGIETF.NS,2025-03-11,54.880001068115234,55.11000061035156,54.0099983215332,54.95000076293945,54.95000076293945,1129737.0
Nifty FMCG,Nifty FMCG,^CNXFMCG,FMCGIETF.NS,2025-03-12,55.2400016784668,55.2400016784668,54.65999984741211,54.88999938964844,54.88999938964844,632014.0
Nifty FMCG,Nifty FMCG,^CNXFMCG,FMCGIETF.NS,2025-03-13,55.22999954223633,55.2400016784668,54.70000076293945,54.7400016784668,54.7400016784668,1548675.0
Nifty FMCG,Nifty FMCG,^CNXFMCG,FMCGIETF.NS,2025-03-17,55.83000183105469,55.939998626708984,54.400001525878906,54.61000061035156,54.61000061035156,1132934.0
Nifty FMCG,Nifty FMCG,^CNXFMCG,FMCGIETF.NS,2025-03-18,54.61000061035156,55.54999923706055,54.52000045776367,55.34000015258789,55.34000015258789,1973435.0
Nifty FMCG,Nifty FMCG,^CNXFMCG,FMCGIETF.NS,2025-03-19,55.5,55.720001220703125,55.189998626708984,55.22999954223633,55.22999954223633,1505586.0
Nifty FMCG,Nifty FMCG,^CNXFMCG,FMCGIETF.NS,2025-03-20,55.59000015258789,56.0099983215332,55.22999954223633,55.83000183105469,55.83000183105469,644380.0
Nifty FMCG,Nifty FMCG,^CNXFMCG,FMCGIETF.NS,2025-03-21,56.04999923706055,56.099998474121094,55.650001525878906,55.900001525878906,55.900001525878906,880825.0
Nifty FMCG,Nifty FMCG,^CNXFMCG,FMCGIETF.NS,2025-03-24,56.209999084472656,56.310001373291016,55.90999984741211,56.189998626708984,56.189998626708984,916284.0
Nifty FMCG,Nifty FMCG,^CNXFMCG,FMCGIETF.NS,2025-03-25,56.470001220703125,56.56999969482422,55.91999816894531,56.02000045776367,56.02000045776367,2073686.0
Nifty FMCG,Nifty FMCG,^CNXFMCG,FMCGIETF.NS,2025-03-26,56.540000915527344,56.540000915527344,55.79999923706055,55.88999938964844,55.88999938964844,740100.0
Nifty FMCG,Nifty FMCG,^CNXFMCG,FMCGIETF.NS,2025-03-27,56.38999938964844,56.38999938964844,55.599998474121094,56.25,56.25,893271.0
Nifty FMCG,Nifty FMCG,^CNXFMCG,FMCGIETF.NS,2025-03-28,56.25,56.97999954223633,56.25,56.470001220703125,56.470001220703125,1189400.0
Nifty FMCG,Nifty FMCG,^CNXFMCG,FMCGIETF.NS,2025-04-01,56.63999938964844,56.97999954223633,55.83000183105469,55.9900016784668,55.9900016784668,1122892.0
Nifty FMCG,Nifty FMCG,^CNXFMCG,FMCGIETF.NS,2025-04-02,56.619998931884766,56.68000030517578,55.779998779296875,56.61000061035156,56.61000061035156,503142.0
Nifty FMCG,Nifty FMCG,^CNXFMCG,FMCGIETF.NS,2025-04-03,56.880001068115234,58.279998779296875,54.900001525878906,56.75,56.75,879726.0
Nifty FMCG,Nifty FMCG,^CNXFMCG,FMCGIETF.NS,2025-04-04,56.68000030517578,57.150001525878906,56.209999084472656,56.72999954223633,56.72999954223633,1113985.0
Nifty FMCG,Nifty FMCG,^CNXFMCG,FMCGIETF.NS,2025-04-07,56.0,56.25,54.470001220703125,55.91999816894531,55.91999816894531,1084784.0
Nifty FMCG,Nifty FMCG,^CNXFMCG,FMCGIETF.NS,2025-04-08,56.4900016784668,57.619998931884766,56.459999084472656,57.29999923706055,57.29999923706055,1553494.0
Nifty FMCG,Nifty FMCG,^CNXFMCG,FMCGIETF.NS,2025-04-09,57.29999923706055,58.41999816894531,57.29999923706055,58.27000045776367,58.27000045776367,1592953.0
Nifty FMCG,Nifty FMCG,^CNXFMCG,FMCGIETF.NS,2025-04-11,58.4900016784668,58.88999938964844,58.22999954223633,58.7599983215332,58.7599983215332,1148766.0
Nifty FMCG,Nifty FMCG,^CNXFMCG,FMCGIETF.NS,2025-04-15,59.0,59.36000061035156,58.56999969482422,58.91999816894531,58.91999816894531,905274.0
Nifty FMCG,Nifty FMCG,^CNXFMCG,FMCGIETF.NS,2025-04-16,59.2400016784668,59.47999954223633,58.75,59.369998931884766,59.369998931884766,915382.0
Nifty FMCG,Nifty FMCG,^CNXFMCG,FMCGIETF.NS,2025-04-17,59.65999984741211,59.81999969482422,58.68000030517578,59.7599983215332,59.7599983215332,988581.0
Nifty FMCG,Nifty FMCG,^CNXFMCG,FMCGIETF.NS,2025-04-21,60.20000076293945,60.20000076293945,59.25,59.349998474121094,59.349998474121094,1498222.0
Nifty FMCG,Nifty FMCG,^CNXFMCG,FMCGIETF.NS,2025-04-22,59.790000915527344,60.400001525878906,59.2599983215332,60.310001373291016,60.310001373291016,1142508.0
Nifty FMCG,Nifty FMCG,^CNXFMCG,FMCGIETF.NS,2025-04-23,60.36000061035156,60.68000030517578,60.209999084472656,60.61000061035156,60.61000061035156,1080367.0
Nifty FMCG,Nifty FMCG,^CNXFMCG,FMCGIETF.NS,2025-04-24,60.81999969482422,61.18000030517578,60.0,60.060001373291016,60.060001373291016,1588609.0
Nifty FMCG,Nifty FMCG,^CNXFMCG,FMCGIETF.NS,2025-04-25,60.59000015258789,60.59000015258789,59.029998779296875,59.790000915527344,59.790000915527344,1236454.0
Nifty FMCG,Nifty FMCG,^CNXFMCG,FMCGIETF.NS,2025-04-28,59.97999954223633,59.9900016784668,59.400001525878906,59.84000015258789,59.84000015258789,703785.0
Nifty FMCG,Nifty FMCG,^CNXFMCG,FMCGIETF.NS,2025-04-29,60.119998931884766,60.119998931884766,59.459999084472656,59.61000061035156,59.61000061035156,665703.0
Nifty FMCG,Nifty FMCG,^CNXFMCG,FMCGIETF.NS,2025-04-30,59.650001525878906,59.9900016784668,59.22999954223633,59.52000045776367,59.52000045776367,518594.0
Nifty FMCG,Nifty FMCG,^CNXFMCG,FMCGIETF.NS,2025-05-02,59.65999984741211,59.7599983215332,59.0,59.36000061035156,59.36000061035156,704970.0
Nifty FMCG,Nifty FMCG,^CNXFMCG,FMCGIETF.NS,2025-05-05,59.66999816894531,60.130001068115234,59.38999938964844,60.0099983215332,60.0099983215332,921555.0
Nifty FMCG,Nifty FMCG,^CNXFMCG,FMCGIETF.NS,2025-05-06,60.38999938964844,60.38999938964844,59.68000030517578,59.939998626708984,59.939998626708984,946272.0
Nifty FMCG,Nifty FMCG,^CNXFMCG,FMCGIETF.NS,2025-05-07,59.939998626708984,59.939998626708984,59.11000061035156,59.63999938964844,59.63999938964844,404783.0
Nifty FMCG,Nifty FMCG,^CNXFMCG,FMCGIETF.NS,2025-05-08,59.63999938964844,59.84000015258789,58.90999984741211,59.04999923706055,59.04999923706055,587023.0
Nifty FMCG,Nifty FMCG,^CNXFMCG,FMCGIETF.NS,2025-05-09,58.95000076293945,58.959999084472656,58.119998931884766,58.66999816894531,58.66999816894531,627620.0
Nifty FMCG,Nifty FMCG,^CNXFMCG,FMCGIETF.NS,2025-05-12,59.02000045776367,60.29999923706055,59.02000045776367,60.209999084472656,60.209999084472656,1037320.0
Nifty FMCG,Nifty FMCG,^CNXFMCG,FMCGIETF.NS,2025-05-13,60.27000045776367,60.47999954223633,59.459999084472656,59.59000015258789,59.59000015258789,1345318.0
Nifty FMCG,Nifty FMCG,^CNXFMCG,FMCGIETF.NS,2025-05-14,59.79999923706055,59.810001373291016,59.290000915527344,59.61000061035156,59.61000061035156,769421.0
Nifty FMCG,Nifty FMCG,^CNXFMCG,FMCGIETF.NS,2025-05-15,59.900001525878906,60.099998474121094,59.31999969482422,59.95000076293945,59.95000076293945,996635.0
Nifty FMCG,Nifty FMCG,^CNXFMCG,FMCGIETF.NS,2025-05-16,60.22999954223633,60.54999923706055,59.79999923706055,60.369998931884766,60.369998931884766,881385.0
Nifty FMCG,Nifty FMCG,^CNXFMCG,FMCGIETF.NS,2025-05-19,60.369998931884766,60.65999984741211,60.06999969482422,60.22999954223633,60.22999954223633,1682716.0
Nifty FMCG,Nifty FMCG,^CNXFMCG,FMCGIETF.NS,2025-05-20,60.529998779296875,60.61000061035156,59.34000015258789,59.439998626708984,59.439998626708984,842095.0
Nifty FMCG,Nifty FMCG,^CNXFMCG,FMCGIETF.NS,2025-05-21,59.720001220703125,60.0,59.349998474121094,59.66999816894531,59.66999816894531,497934.0
Nifty FMCG,Nifty FMCG,^CNXFMCG,FMCGIETF.NS,2025-05-22,59.66999816894531,59.66999816894531,58.5099983215332,58.81999969482422,58.81999969482422,1976486.0
Nifty FMCG,Nifty FMCG,^CNXFMCG,FMCGIETF.NS,2025-05-23,59.11000061035156,59.75,58.90999984741211,59.63999938964844,59.63999938964844,1916759.0
Nifty FMCG,Nifty FMCG,^CNXFMCG,FMCGIETF.NS,2025-05-26,59.63999938964844,60.20000076293945,59.63999938964844,60.13999938964844,60.13999938964844,1697865.0
Nifty FMCG,Nifty FMCG,^CNXFMCG,FMCGIETF.NS,2025-05-27,60.220001220703125,60.380001068115234,59.5,59.810001373291016,59.810001373291016,1285499.0
Nifty FMCG,Nifty FMCG,^CNXFMCG,FMCGIETF.NS,2025-05-28,59.81999969482422,59.81999969482422,59.099998474121094,59.29999923706055,59.29999923706055,1231251.0
Nifty FMCG,Nifty FMCG,^CNXFMCG,FMCGIETF.NS,2025-05-29,59.689998626708984,59.689998626708984,58.91999816894531,59.2400016784668,59.2400016784668,1119231.0
Nifty FMCG,Nifty FMCG,^CNXFMCG,FMCGIETF.NS,2025-05-30,59.25,59.4900016784668,58.75,58.869998931884766,58.869998931884766,1249732.0
Nifty FMCG,Nifty FMCG,^CNXFMCG,FMCGIETF.NS,2025-06-02,59.0099983215332,59.779998779296875,58.90999984741211,59.40999984741211,59.40999984741211,957230.0
Nifty FMCG,Nifty FMCG,^CNXFMCG,FMCGIETF.NS,2025-06-03,59.0,60.08000183105469,58.93000030517578,59.04999923706055,59.04999923706055,869798.0
Nifty FMCG,Nifty FMCG,^CNXFMCG,FMCGIETF.NS,2025-06-04,59.34000015258789,60.0,58.86000061035156,59.5,59.5,700667.0
Nifty FMCG,Nifty FMCG,^CNXFMCG,FMCGIETF.NS,2025-06-05,59.47999954223633,59.4900016784668,58.91999816894531,59.27000045776367,59.27000045776367,1066934.0
Nifty FMCG,Nifty FMCG,^CNXFMCG,FMCGIETF.NS,2025-06-06,59.470001220703125,59.470001220703125,59.18000030517578,59.380001068115234,59.380001068115234,932013.0
Nifty FMCG,Nifty FMCG,^CNXFMCG,FMCGIETF.NS,2025-06-09,60.08000183105469,60.08000183105469,59.310001373291016,59.66999816894531,59.66999816894531,1210921.0
Nifty FMCG,Nifty FMCG,^CNXFMCG,FMCGIETF.NS,2025-06-10,60.11000061035156,60.11000061035156,59.349998474121094,59.84000015258789,59.84000015258789,1400611.0
Nifty FMCG,Nifty FMCG,^CNXFMCG,FMCGIETF.NS,2025-06-11,61.33000183105469,61.33000183105469,59.400001525878906,59.45000076293945,59.45000076293945,1574879.0
Nifty FMCG,Nifty FMCG,^CNXFMCG,FMCGIETF.NS,2025-06-12,59.5099983215332,59.709999084472656,58.59000015258789,58.70000076293945,58.70000076293945,2378065.0
Nifty FMCG,Nifty FMCG,^CNXFMCG,FMCGIETF.NS,2025-06-13,60.15999984741211,60.15999984741211,57.959999084472656,58.11000061035156,58.11000061035156,3481045.0
Nifty FMCG,Nifty FMCG,^CNXFMCG,FMCGIETF.NS,2025-06-16,59.29999923706055,59.29999923706055,57.9900016784668,58.439998626708984,58.439998626708984,1494324.0
Nifty FMCG,Nifty FMCG,^CNXFMCG,FMCGIETF.NS,2025-06-17,59.61000061035156,59.61000061035156,58.04999923706055,58.209999084472656,58.209999084472656,1344395.0
Nifty FMCG,Nifty FMCG,^CNXFMCG,FMCGIETF.NS,2025-06-18,59.369998931884766,60.119998931884766,57.81999969482422,58.0099983215332,58.0099983215332,1186260.0
Nifty FMCG,Nifty FMCG,^CNXFMCG,FMCGIETF.NS,2025-06-19,58.5,58.5,57.70000076293945,57.81999969482422,57.81999969482422,930196.0
Nifty FMCG,Nifty FMCG,^CNXFMCG,FMCGIETF.NS,2025-06-20,57.83000183105469,58.400001525878906,57.779998779296875,58.220001220703125,58.220001220703125,534342.0
Nifty FMCG,Nifty FMCG,^CNXFMCG,FMCGIETF.NS,2025-06-23,59.66999816894531,59.66999816894531,57.689998626708984,57.970001220703125,57.970001220703125,1606153.0
Nifty FMCG,Nifty FMCG,^CNXFMCG,FMCGIETF.NS,2025-06-24,58.70000076293945,58.70000076293945,57.95000076293945,58.0,58.0,1265488.0
Nifty FMCG,Nifty FMCG,^CNXFMCG,FMCGIETF.NS,2025-06-25,59.7400016784668,59.7400016784668,57.959999084472656,58.2599983215332,58.2599983215332,911808.0
Nifty FMCG,Nifty FMCG,^CNXFMCG,FMCGIETF.NS,2025-06-26,58.4900016784668,58.650001525878906,58.220001220703125,58.61000061035156,58.61000061035156,1153205.0
Nifty FMCG,Nifty FMCG,^CNXFMCG,FMCGIETF.NS,2025-06-27,58.90999984741211,58.90999984741211,58.54999923706055,58.68000030517578,58.68000030517578,886644.0
Nifty FMCG,Nifty FMCG,^CNXFMCG,FMCGIETF.NS,2025-06-30,60.13999938964844,60.13999938964844,58.349998474121094,58.560001373291016,58.560001373291016,1406245.0
Nifty FMCG,Nifty FMCG,^CNXFMCG,FMCGIETF.NS,2025-07-01,58.560001373291016,58.97999954223633,53.0,58.16999816894531,58.16999816894531,1449599.0
Nifty FMCG,Nifty FMCG,^CNXFMCG,FMCGIETF.NS,2025-07-02,58.459999084472656,58.790000915527344,57.939998626708984,58.08000183105469,58.08000183105469,1255342.0
Nifty FMCG,Nifty FMCG,^CNXFMCG,FMCGIETF.NS,2025-07-03,59.529998779296875,59.529998779296875,58.0099983215332,58.15999984741211,58.15999984741211,1103230.0
Nifty FMCG,Nifty FMCG,^CNXFMCG,FMCGIETF.NS,2025-07-04,59.61000061035156,59.61000061035156,58.16999816894531,58.40999984741211,58.40999984741211,778255.0
Nifty FMCG,Nifty FMCG,^CNXFMCG,FMCGIETF.NS,2025-07-07,58.16999816894531,59.33000183105469,56.939998626708984,59.220001220703125,59.220001220703125,2129228.0
Nifty FMCG,Nifty FMCG,^CNXFMCG,FMCGIETF.NS,2025-07-08,58.97999954223633,59.4900016784668,58.97999954223633,59.220001220703125,59.220001220703125,1925023.0
Nifty FMCG,Nifty FMCG,^CNXFMCG,FMCGIETF.NS,2025-07-09,59.34000015258789,59.599998474121094,59.15999984741211,59.5099983215332,59.5099983215332,2358588.0
Nifty FMCG,Nifty FMCG,^CNXFMCG,FMCGIETF.NS,2025-07-10,59.54999923706055,59.790000915527344,59.11000061035156,59.150001525878906,59.150001525878906,952231.0
Nifty FMCG,Nifty FMCG,^CNXFMCG,FMCGIETF.NS,2025-07-11,59.45000076293945,59.900001525878906,59.36000061035156,59.5,59.5,1834045.0
Nifty FMCG,Nifty FMCG,^CNXFMCG,FMCGIETF.NS,2025-07-14,59.86000061035156,60.47999954223633,59.310001373291016,59.68000030517578,59.68000030517578,955964.0
Nifty FMCG,Nifty FMCG,^CNXFMCG,FMCGIETF.NS,2025-07-15,59.720001220703125,60.060001373291016,59.43000030517578,60.0099983215332,60.0099983215332,1447871.0
Nifty FMCG,Nifty FMCG,^CNXFMCG,FMCGIETF.NS,2025-07-16,59.68000030517578,60.61000061035156,59.61000061035156,60.310001373291016,60.310001373291016,931585.0
Nifty FMCG,Nifty FMCG,^CNXFMCG,FMCGIETF.NS,2025-07-17,60.47999954223633,60.63999938964844,60.29999923706055,60.45000076293945,60.45000076293945,1473445.0
Nifty FMCG,Nifty FMCG,^CNXFMCG,FMCGIETF.NS,2025-07-18,60.79999923706055,60.79999923706055,60.0099983215332,60.2400016784668,60.2400016784668,775576.0
Nifty FMCG,Nifty FMCG,^CNXFMCG,FMCGIETF.NS,2025-07-21,60.70000076293945,61.7400016784668,59.790000915527344,59.9900016784668,59.9900016784668,1376846.0
Nifty FMCG,Nifty FMCG,^CNXFMCG,FMCGIETF.NS,2025-07-22,60.5,61.7400016784668,59.63999938964844,59.77000045776367,59.77000045776367,679503.0
Nifty FMCG,Nifty FMCG,^CNXFMCG,FMCGIETF.NS,2025-07-23,59.529998779296875,60.060001373291016,58.27000045776367,59.45000076293945,59.45000076293945,885563.0
Nifty FMCG,Nifty FMCG,^CNXFMCG,FMCGIETF.NS,2025-07-24,59.810001373291016,59.810001373291016,58.56999969482422,58.779998779296875,58.779998779296875,1507796.0
Nifty FMCG,Nifty FMCG,^CNXFMCG,FMCGIETF.NS,2025-07-25,59.06999969482422,59.06999969482422,58.150001525878906,58.25,58.25,1433951.0
Nifty FMCG,Nifty FMCG,^CNXFMCG,FMCGIETF.NS,2025-07-28,58.38999938964844,58.650001525878906,58.02000045776367,58.38999938964844,58.38999938964844,769067.0
Nifty FMCG,Nifty FMCG,^CNXFMCG,FMCGIETF.NS,2025-07-29,59.04999923706055,59.04999923706055,58.16999816894531,58.56999969482422,58.56999969482422,705795.0
Nifty FMCG,Nifty FMCG,^CNXFMCG,FMCGIETF.NS,2025-07-30,58.56999969482422,58.65999984741211,58.349998474121094,58.56999969482422,58.56999969482422,715705.0
Nifty FMCG,Nifty FMCG,^CNXFMCG,FMCGIETF.NS,2025-07-31,58.650001525878906,59.810001373291016,58.0,59.45000076293945,59.45000076293945,1509419.0
Nifty FMCG,Nifty FMCG,^CNXFMCG,FMCGIETF.NS,2025-08-01,59.45000076293945,60.7400016784668,59.439998626708984,59.900001525878906,59.900001525878906,2057392.0
Nifty FMCG,Nifty FMCG,^CNXFMCG,FMCGIETF.NS,2025-08-04,60.349998474121094,60.349998474121094,59.66999816894531,59.79999923706055,59.79999923706055,595773.0
Nifty FMCG,Nifty FMCG,^CNXFMCG,FMCGIETF.NS,2025-08-05,60.09000015258789,60.09000015258789,59.220001220703125,59.47999954223633,59.47999954223633,1237447.0
Nifty FMCG,Nifty FMCG,^CNXFMCG,FMCGIETF.NS,2025-08-06,59.869998931884766,59.869998931884766,58.790000915527344,58.88999938964844,58.88999938964844,707275.0
Nifty FMCG,Nifty FMCG,^CNXFMCG,FMCGIETF.NS,2025-08-07,59.18000030517578,59.18000030517578,58.619998931884766,58.9900016784668,58.9900016784668,409274.0
Nifty FMCG,Nifty FMCG,^CNXFMCG,FMCGIETF.NS,2025-08-08,57.5099983215332,59.34000015258789,57.5099983215332,58.54999923706055,58.54999923706055,272546.0
Nifty FMCG,Nifty FMCG,^CNXFMCG,FMCGIETF.NS,2025-08-11,58.560001373291016,59.02000045776367,58.2599983215332,58.95000076293945,58.95000076293945,725589.0
Nifty FMCG,Nifty FMCG,^CNXFMCG,FMCGIETF.NS,2025-08-12,59.2400016784668,59.279998779296875,58.61000061035156,58.650001525878906,58.650001525878906,380962.0
Nifty FMCG,Nifty FMCG,^CNXFMCG,FMCGIETF.NS,2025-08-13,58.939998626708984,59.06999969482422,58.41999816894531,58.70000076293945,58.70000076293945,321251.0
Nifty FMCG,Nifty FMCG,^CNXFMCG,FMCGIETF.NS,2025-08-14,58.70000076293945,59.08000183105469,58.279998779296875,58.349998474121094,58.349998474121094,558101.0
Nifty FMCG,Nifty FMCG,^CNXFMCG,FMCGIETF.NS,2025-08-18,59.4900016784668,60.0099983215332,58.349998474121094,59.119998931884766,59.119998931884766,1322151.0
Nifty FMCG,Nifty FMCG,^CNXFMCG,FMCGIETF.NS,2025-08-19,59.529998779296875,59.75,58.90999984741211,59.70000076293945,59.70000076293945,547958.0
Nifty FMCG,Nifty FMCG,^CNXFMCG,FMCGIETF.NS,2025-08-20,59.70000076293945,60.4900016784668,59.380001068115234,60.349998474121094,60.349998474121094,1619568.0
Nifty FMCG,Nifty FMCG,^CNXFMCG,FMCGIETF.NS,2025-08-21,60.08000183105469,61.0,59.90999984741211,60.02000045776367,60.02000045776367,778922.0
Nifty FMCG,Nifty FMCG,^CNXFMCG,FMCGIETF.NS,2025-08-22,60.33000183105469,60.33000183105469,59.45000076293945,59.56999969482422,59.56999969482422,592692.0
Nifty FMCG,Nifty FMCG,^CNXFMCG,FMCGIETF.NS,2025-08-25,59.97999954223633,59.97999954223633,59.119998931884766,59.52000045776367,59.52000045776367,678660.0
Nifty FMCG,Nifty FMCG,^CNXFMCG,FMCGIETF.NS,2025-08-26,59.81999969482422,60.310001373291016,59.290000915527344,60.040000915527344,60.040000915527344,1052887.0
Nifty FMCG,Nifty FMCG,^CNXFMCG,FMCGIETF.NS,2025-08-28,60.459999084472656,60.459999084472656,59.189998626708984,59.27000045776367,59.27000045776367,1063971.0
Nifty FMCG,Nifty FMCG,^CNXFMCG,FMCGIETF.NS,2025-08-29,59.560001373291016,60.279998779296875,59.22999954223633,59.9900016784668,59.9900016784668,798966.0
Nifty FMCG,Nifty FMCG,^CNXFMCG,FMCGIETF.NS,2025-09-01,60.40999984741211,60.40999984741211,59.70000076293945,59.95000076293945,59.95000076293945,663276.0
Nifty FMCG,Nifty FMCG,^CNXFMCG,FMCGIETF.NS,2025-09-02,60.349998474121094,60.599998474121094,59.83000183105469,60.56999969482422,60.56999969482422,1078212.0
Nifty FMCG,Nifty FMCG,^CNXFMCG,FMCGIETF.NS,2025-09-03,60.849998474121094,62.08000183105469,60.52000045776367,60.869998931884766,60.869998931884766,1104756.0
Nifty FMCG,Nifty FMCG,^CNXFMCG,FMCGIETF.NS,2025-09-04,61.72999954223633,62.29999923706055,60.90999984741211,61.0,61.0,3689405.0
Nifty FMCG,Nifty FMCG,^CNXFMCG,FMCGIETF.NS,2025-09-05,61.459999084472656,62.150001525878906,59.900001525878906,60.20000076293945,60.20000076293945,3106057.0
Nifty FMCG,Nifty FMCG,^CNXFMCG,FMCGIETF.NS,2025-09-08,60.22999954223633,60.630001068115234,60.0,60.040000915527344,60.040000915527344,822845.0
Nifty FMCG,Nifty FMCG,^CNXFMCG,FMCGIETF.NS,2025-09-09,61.540000915527344,61.540000915527344,59.959999084472656,60.369998931884766,60.369998931884766,1282175.0
Nifty FMCG,Nifty FMCG,^CNXFMCG,FMCGIETF.NS,2025-09-10,60.88999938964844,61.72999954223633,60.20000076293945,60.56999969482422,60.56999969482422,1121144.0
Nifty FMCG,Nifty FMCG,^CNXFMCG,FMCGIETF.NS,2025-09-11,59.04999923706055,60.88999938964844,59.04999923706055,60.70000076293945,60.70000076293945,1021144.0
Nifty FMCG,Nifty FMCG,^CNXFMCG,FMCGIETF.NS,2025-09-12,61.11000061035156,61.11000061035156,60.25,60.36000061035156,60.36000061035156,912923.0
Nifty FMCG,Nifty FMCG,^CNXFMCG,FMCGIETF.NS,2025-09-15,60.369998931884766,60.72999954223633,60.2400016784668,60.400001525878906,60.400001525878906,1078282.0
Nifty FMCG,Nifty FMCG,^CNXFMCG,FMCGIETF.NS,2025-09-16,60.779998779296875,60.779998779296875,60.15999984741211,60.29999923706055,60.29999923706055,1579692.0
Nifty FMCG,Nifty FMCG,^CNXFMCG,FMCGIETF.NS,2025-09-17,60.68000030517578,60.68000030517578,60.0099983215332,60.130001068115234,60.130001068115234,1442120.0
Nifty FMCG,Nifty FMCG,^CNXFMCG,FMCGIETF.NS,2025-09-18,60.66999816894531,60.66999816894531,60.04999923706055,60.43000030517578,60.43000030517578,1289754.0
Nifty FMCG,Nifty FMCG,^CNXFMCG,FMCGIETF.NS,2025-09-19,60.439998626708984,60.59000015258789,60.04999923706055,60.119998931884766,60.119998931884766,1096626.0
Nifty FMCG,Nifty FMCG,^CNXFMCG,FMCGIETF.NS,2025-09-22,60.209999084472656,60.38999938964844,59.68000030517578,59.79999923706055,59.79999923706055,1055927.0
Nifty FMCG,Nifty FMCG,^CNXFMCG,FMCGIETF.NS,2025-09-23,60.0099983215332,60.09000015258789,58.849998474121094,59.040000915527344,59.040000915527344,2458206.0
Nifty FMCG,Nifty FMCG,^CNXFMCG,FMCGIETF.NS,2025-09-24,59.060001373291016,59.400001525878906,58.86000061035156,59.08000183105469,59.08000183105469,1097887.0
Nifty FMCG,Nifty FMCG,^CNXFMCG,FMCGIETF.NS,2025-09-25,59.38999938964844,59.400001525878906,58.79999923706055,58.880001068115234,58.880001068115234,642914.0
Nifty FMCG,Nifty FMCG,^CNXFMCG,FMCGIETF.NS,2025-09-26,58.86000061035156,59.18000030517578,58.40999984741211,58.5,58.5,1464884.0
Nifty FMCG,Nifty FMCG,^CNXFMCG,FMCGIETF.NS,2025-09-29,58.900001525878906,58.900001525878906,58.099998474121094,58.72999954223633,58.72999954223633,1800216.0
Nifty FMCG,Nifty FMCG,^CNXFMCG,FMCGIETF.NS,2025-09-30,58.869998931884766,58.939998626708984,58.27000045776367,58.40999984741211,58.40999984741211,737443.0
Nifty FMCG,Nifty FMCG,^CNXFMCG,FMCGIETF.NS,2025-10-01,58.7599983215332,58.90999984741211,58.150001525878906,58.84000015258789,58.84000015258789,597786.0
Nifty FMCG,Nifty FMCG,^CNXFMCG,FMCGIETF.NS,2025-10-03,59.099998474121094,59.099998474121094,58.439998626708984,58.93000030517578,58.93000030517578,957390.0
Nifty FMCG,Nifty FMCG,^CNXFMCG,FMCGIETF.NS,2025-10-06,59.11000061035156,59.119998931884766,58.56999969482422,58.810001373291016,58.810001373291016,475167.0
Nifty FMCG,Nifty FMCG,^CNXFMCG,FMCGIETF.NS,2025-10-07,58.810001373291016,59.060001373291016,58.459999084472656,58.540000915527344,58.540000915527344,1339617.0
Nifty FMCG,Nifty FMCG,^CNXFMCG,FMCGIETF.NS,2025-10-08,58.41999816894531,58.619998931884766,58.099998474121094,58.22999954223633,58.22999954223633,1001469.0
Nifty FMCG,Nifty FMCG,^CNXFMCG,FMCGIETF.NS,2025-10-09,58.2599983215332,58.52000045776367,58.09000015258789,58.459999084472656,58.459999084472656,725269.0
Nifty FMCG,Nifty FMCG,^CNXFMCG,FMCGIETF.NS,2025-10-10,58.459999084472656,58.790000915527344,58.31999969482422,58.72999954223633,58.72999954223633,944705.0
Nifty FMCG,Nifty FMCG,^CNXFMCG,FMCGIETF.NS,2025-10-13,58.72999954223633,58.7400016784668,58.099998474121094,58.209999084472656,58.209999084472656,1752049.0
Nifty FMCG,Nifty FMCG,^CNXFMCG,FMCGIETF.NS,2025-10-14,58.5,58.540000915527344,57.849998474121094,57.93000030517578,57.93000030517578,1543754.0
Nifty FMCG,Nifty FMCG,^CNXFMCG,FMCGIETF.NS,2025-10-15,57.959999084472656,58.5,57.95000076293945,58.380001068115234,58.380001068115234,823384.0
Nifty FMCG,Nifty FMCG,^CNXFMCG,FMCGIETF.NS,2025-10-16,58.66999816894531,59.599998474121094,58.36000061035156,59.5099983215332,59.5099983215332,2174242.0
Nifty FMCG,Nifty FMCG,^CNXFMCG,FMCGIETF.NS,2025-10-17,59.5099983215332,60.529998779296875,59.5099983215332,60.290000915527344,60.290000915527344,3061146.0
Nifty FMCG,Nifty FMCG,^CNXFMCG,FMCGIETF.NS,2025-10-20,60.59000015258789,60.720001220703125,60.22999954223633,60.29999923706055,60.29999923706055,1099540.0
Nifty FMCG,Nifty FMCG,^CNXFMCG,FMCGIETF.NS,2025-10-21,60.599998474121094,60.70000076293945,59.869998931884766,60.33000183105469,60.33000183105469,358722.0
Nifty FMCG,Nifty FMCG,^CNXFMCG,FMCGIETF.NS,2025-10-23,60.689998626708984,61.189998626708984,60.349998474121094,60.5,60.5,2491003.0
Nifty FMCG,Nifty FMCG,^CNXFMCG,FMCGIETF.NS,2025-10-24,60.83000183105469,60.83000183105469,59.630001068115234,60.060001373291016,60.060001373291016,1174107.0
Nifty FMCG,Nifty FMCG,^CNXFMCG,FMCGIETF.NS,2025-10-27,60.060001373291016,60.38999938964844,59.959999084472656,60.16999816894531,60.16999816894531,1168419.0
Nifty FMCG,Nifty FMCG,^CNXFMCG,FMCGIETF.NS,2025-10-28,60.16999816894531,60.470001220703125,59.619998931884766,59.83000183105469,59.83000183105469,668672.0
Nifty FMCG,Nifty FMCG,^CNXFMCG,FMCGIETF.NS,2025-10-29,59.95000076293945,60.349998474121094,59.84000015258789,60.29999923706055,60.29999923706055,848432.0
Nifty FMCG,Nifty FMCG,^CNXFMCG,FMCGIETF.NS,2025-10-30,60.310001373291016,60.400001525878906,59.7599983215332,60.060001373291016,60.060001373291016,469208.0
Nifty FMCG,Nifty FMCG,^CNXFMCG,FMCGIETF.NS,2025-10-31,60.150001525878906,60.45000076293945,59.849998474121094,59.88999938964844,59.88999938964844,584461.0
Nifty FMCG,Nifty FMCG,^CNXFMCG,FMCGIETF.NS,2025-11-03,60.18000030517578,60.18000030517578,59.43000030517578,59.970001220703125,59.970001220703125,835618.0
Nifty FMCG,Nifty FMCG,^CNXFMCG,FMCGIETF.NS,2025-11-04,59.970001220703125,59.970001220703125,59.529998779296875,59.650001525878906,59.650001525878906,988204.0
Nifty FMCG,Nifty FMCG,^CNXFMCG,FMCGIETF.NS,2025-11-06,59.81999969482422,60.04999923706055,59.349998474121094,59.40999984741211,59.40999984741211,504435.0
Nifty FMCG,Nifty FMCG,^CNXFMCG,FMCGIETF.NS,2025-11-07,59.40999984741211,59.66999816894531,59.09000015258789,59.22999954223633,59.22999954223633,422829.0
Nifty FMCG,Nifty FMCG,^CNXFMCG,FMCGIETF.NS,2025-11-10,59.59000015258789,59.59000015258789,58.95000076293945,59.16999816894531,59.16999816894531,283102.0
Nifty FMCG,Nifty FMCG,^CNXFMCG,FMCGIETF.NS,2025-11-11,59.38999938964844,59.4900016784668,58.90999984741211,59.43000030517578,59.43000030517578,549719.0
Nifty FMCG,Nifty FMCG,^CNXFMCG,FMCGIETF.NS,2025-11-12,59.4900016784668,59.63999938964844,59.2400016784668,59.40999984741211,59.40999984741211,749138.0
Nifty FMCG,Nifty FMCG,^CNXFMCG,FMCGIETF.NS,2025-11-13,59.400001525878906,59.56999969482422,59.119998931884766,59.189998626708984,59.189998626708984,824287.0
Nifty FMCG,Nifty FMCG,^CNXFMCG,FMCGIETF.NS,2025-11-14,59.209999084472656,59.4900016784668,58.810001373291016,59.400001525878906,59.400001525878906,768398.0
Nifty FMCG,Nifty FMCG,^CNXFMCG,FMCGIETF.NS,2025-11-17,59.689998626708984,59.81999969482422,59.40999984741211,59.47999954223633,59.47999954223633,717522.0
Nifty FMCG,Nifty FMCG,^CNXFMCG,FMCGIETF.NS,2025-11-18,59.7400016784668,59.970001220703125,59.02000045776367,59.130001068115234,59.130001068115234,556028.0
Nifty FMCG,Nifty FMCG,^CNXFMCG,FMCGIETF.NS,2025-11-19,59.41999816894531,59.41999816894531,59.060001373291016,59.20000076293945,59.20000076293945,448021.0
Nifty FMCG,Nifty FMCG,^CNXFMCG,FMCGIETF.NS,2025-11-20,59.25,59.650001525878906,59.16999816894531,59.2599983215332,59.2599983215332,624319.0
Nifty FMCG,Nifty FMCG,^CNXFMCG,FMCGIETF.NS,2025-11-21,59.900001525878906,59.900001525878906,59.099998474121094,59.310001373291016,59.310001373291016,469147.0
Nifty FMCG,Nifty FMCG,^CNXFMCG,FMCGIETF.NS,2025-11-24,59.310001373291016,59.650001525878906,58.939998626708984,59.02000045776367,59.02000045776367,786510.0
Nifty FMCG,Nifty FMCG,^CNXFMCG,FMCGIETF.NS,2025-11-25,59.27000045776367,59.27000045776367,58.59000015258789,58.849998474121094,58.849998474121094,3726348.0
Nifty FMCG,Nifty FMCG,^CNXFMCG,FMCGIETF.NS,2025-11-26,58.9900016784668,59.29999923706055,58.81999969482422,59.22999954223633,59.22999954223633,418159.0
Nifty FMCG,Nifty FMCG,^CNXFMCG,FMCGIETF.NS,2025-11-27,59.38999938964844,59.45000076293945,59.099998474121094,59.33000183105469,59.33000183105469,676806.0
Nifty FMCG,Nifty FMCG,^CNXFMCG,FMCGIETF.NS,2025-11-28,59.4900016784668,59.4900016784668,59.15999984741211,59.380001068115234,59.380001068115234,385543.0
Nifty FMCG,Nifty FMCG,^CNXFMCG,FMCGIETF.NS,2025-12-01,59.43000030517578,59.58000183105469,59.02000045776367,59.290000915527344,59.290000915527344,690144.0
Nifty FMCG,Nifty FMCG,^CNXFMCG,FMCGIETF.NS,2025-12-02,59.560001373291016,59.56999969482422,59.04999923706055,59.16999816894531,59.16999816894531,699059.0
Nifty FMCG,Nifty FMCG,^CNXFMCG,FMCGIETF.NS,2025-12-03,59.060001373291016,59.529998779296875,58.58000183105469,58.810001373291016,58.810001373291016,680341.0
Nifty FMCG,Nifty FMCG,^CNXFMCG,FMCGIETF.NS,2025-12-04,58.7599983215332,59.150001525878906,58.54999923706055,59.08000183105469,59.08000183105469,542418.0
Nifty FMCG,Nifty FMCG,^CNXFMCG,FMCGIETF.NS,2025-12-05,59.41999816894531,59.43000030517578,58.279998779296875,59.029998779296875,59.029998779296875,1318833.0
Nifty FMCG,Nifty FMCG,^CNXFMCG,FMCGIETF.NS,2025-12-08,59.369998931884766,59.4900016784668,58.220001220703125,58.38999938964844,58.38999938964844,876535.0
Nifty FMCG,Nifty FMCG,^CNXFMCG,FMCGIETF.NS,2025-12-09,59.0,59.0,57.95000076293945,58.36000061035156,58.36000061035156,1014284.0
Nifty FMCG,Nifty FMCG,^CNXFMCG,FMCGIETF.NS,2025-12-10,56.900001525878906,58.709999084472656,56.900001525878906,58.209999084472656,58.209999084472656,650369.0
Nifty FMCG,Nifty FMCG,^CNXFMCG,FMCGIETF.NS,2025-12-11,58.54999923706055,58.54999923706055,57.959999084472656,58.33000183105469,58.33000183105469,537211.0
Nifty FMCG,Nifty FMCG,^CNXFMCG,FMCGIETF.NS,2025-12-12,58.58000183105469,59.4900016784668,58.0099983215332,58.599998474121094,58.599998474121094,1193175.0
Nifty FMCG,Nifty FMCG,^CNXFMCG,FMCGIETF.NS,2025-12-15,58.599998474121094,59.060001373291016,58.099998474121094,58.720001220703125,58.720001220703125,679893.0
Nifty FMCG,Nifty FMCG,^CNXFMCG,FMCGIETF.NS,2025-12-16,58.790000915527344,59.20000076293945,58.52000045776367,58.7400016784668,58.7400016784668,1463384.0
Nifty FMCG,Nifty FMCG,^CNXFMCG,FMCGIETF.NS,2025-12-17,58.88999938964844,58.88999938964844,58.310001373291016,58.43000030517578,58.43000030517578,538206.0
Nifty FMCG,Nifty FMCG,^CNXFMCG,FMCGIETF.NS,2025-12-18,58.400001525878906,58.4900016784668,58.130001068115234,58.34000015258789,58.34000015258789,450833.0
Nifty FMCG,Nifty FMCG,^CNXFMCG,FMCGIETF.NS,2025-12-19,58.34000015258789,58.68000030517578,58.25,58.599998474121094,58.599998474121094,349114.0
Nifty FMCG,Nifty FMCG,^CNXFMCG,FMCGIETF.NS,2025-12-22,58.779998779296875,58.939998626708984,58.650001525878906,58.86000061035156,58.86000061035156,418542.0
Nifty FMCG,Nifty FMCG,^CNXFMCG,FMCGIETF.NS,2025-12-23,59.279998779296875,59.31999969482422,58.70000076293945,59.25,59.25,1037121.0
Nifty FMCG,Nifty FMCG,^CNXFMCG,FMCGIETF.NS,2025-12-24,59.2400016784668,59.290000915527344,58.900001525878906,58.97999954223633,58.97999954223633,1611726.0
Nifty FMCG,Nifty FMCG,^CNXFMCG,FMCGIETF.NS,2025-12-26,58.900001525878906,59.08000183105469,58.18000030517578,58.970001220703125,58.970001220703125,712791.0
Nifty FMCG,Nifty FMCG,^CNXFMCG,FMCGIETF.NS,2025-12-29,58.97999954223633,59.18000030517578,58.7599983215332,58.88999938964844,58.88999938964844,657501.0
Nifty FMCG,Nifty FMCG,^CNXFMCG,FMCGIETF.NS,2025-12-30,58.88999938964844,59.09000015258789,58.65999984741211,58.779998779296875,58.779998779296875,590807.0
Nifty FMCG,Nifty FMCG,^CNXFMCG,FMCGIETF.NS,2025-12-31,59.119998931884766,59.27000045776367,58.720001220703125,59.220001220703125,59.220001220703125,1175070.0
Nifty FMCG,Nifty FMCG,^CNXFMCG,FMCGIETF.NS,2026-01-01,59.470001220703125,59.470001220703125,57.2599983215332,57.5099983215332,57.5099983215332,5939971.0
Nifty FMCG,Nifty FMCG,^CNXFMCG,FMCGIETF.NS,2026-01-02,58.939998626708984,58.939998626708984,56.599998474121094,56.849998474121094,56.849998474121094,7126081.0
Nifty FMCG,Nifty FMCG,^CNXFMCG,FMCGIETF.NS,2026-01-05,56.52000045776367,57.33000183105469,55.41999816894531,57.220001220703125,57.220001220703125,4787583.0
Nifty FMCG,Nifty FMCG,^CNXFMCG,FMCGIETF.NS,2026-01-06,57.4900016784668,57.4900016784668,56.88999938964844,57.31999969482422,57.31999969482422,5314766.0
Nifty FMCG,Nifty FMCG,^CNXFMCG,FMCGIETF.NS,2026-01-07,57.97999954223633,57.97999954223633,57.099998474121094,57.279998779296875,57.279998779296875,5598708.0
Nifty FMCG,Nifty FMCG,^CNXFMCG,FMCGIETF.NS,2026-01-08,57.290000915527344,57.33000183105469,56.630001068115234,56.75,56.75,3875893.0
Nifty FMCG,Nifty FMCG,^CNXFMCG,FMCGIETF.NS,2026-01-09,57.08000183105469,57.08000183105469,56.040000915527344,56.13999938964844,56.13999938964844,2636036.0
Nifty FMCG,Nifty FMCG,^CNXFMCG,FMCGIETF.NS,2026-01-12,57.540000915527344,57.540000915527344,55.959999084472656,56.459999084472656,56.459999084472656,1773764.0
Nifty FMCG,Nifty FMCG,^CNXFMCG,FMCGIETF.NS,2026-01-13,56.5099983215332,56.72999954223633,56.02000045776367,56.29999923706055,56.29999923706055,3715369.0
Nifty FMCG,Nifty FMCG,^CNXFMCG,FMCGIETF.NS,2026-01-14,57.70000076293945,57.70000076293945,55.75,55.77000045776367,55.77000045776367,12400620.0
Nifty FMCG,Nifty FMCG,^CNXFMCG,FMCGIETF.NS,2026-01-16,56.369998931884766,56.369998931884766,55.66999816894531,55.7400016784668,55.7400016784668,3181339.0
Nifty FMCG,Nifty FMCG,^CNXFMCG,FMCGIETF.NS,2026-01-19,55.77000045776367,56.290000915527344,55.65999984741211,56.130001068115234,56.130001068115234,1361714.0
Nifty FMCG,Nifty FMCG,^CNXFMCG,FMCGIETF.NS,2026-01-20,56.459999084472656,56.470001220703125,55.2400016784668,55.400001525878906,55.400001525878906,1415824.0
Nifty FMCG,Nifty FMCG,^CNXFMCG,FMCGIETF.NS,2026-01-21,56.0,56.0,54.81999969482422,55.0099983215332,55.0099983215332,1760545.0
Nifty FMCG,Nifty FMCG,^CNXFMCG,FMCGIETF.NS,2026-01-22,55.209999084472656,55.75,55.20000076293945,55.630001068115234,55.630001068115234,1069193.0
Nifty FMCG,Nifty FMCG,^CNXFMCG,FMCGIETF.NS,2026-01-23,55.63999938964844,55.95000076293945,54.0,55.06999969482422,55.06999969482422,2279259.0
Nifty FMCG,Nifty FMCG,^CNXFMCG,FMCGIETF.NS,2026-01-27,56.470001220703125,56.470001220703125,54.650001525878906,54.90999984741211,54.90999984741211,1759383.0
Nifty FMCG,Nifty FMCG,^CNXFMCG,FMCGIETF.NS,2026-01-28,55.34000015258789,55.36000061035156,54.06999969482422,54.58000183105469,54.58000183105469,3500951.0
Nifty FMCG,Nifty FMCG,^CNXFMCG,FMCGIETF.NS,2026-01-29,54.68000030517578,54.68000030517578,53.599998474121094,54.060001373291016,54.060001373291016,3701673.0
Nifty FMCG,Nifty FMCG,^CNXFMCG,FMCGIETF.NS,2026-01-30,54.060001373291016,54.88999938964844,53.900001525878906,54.779998779296875,54.779998779296875,2585562.0
Nifty FMCG,Nifty FMCG,^CNXFMCG,FMCGIETF.NS,2026-02-02,54.5,54.5,52.709999084472656,54.060001373291016,54.060001373291016,2922600.0
Nifty FMCG,Nifty FMCG,^CNXFMCG,FMCGIETF.NS,2026-02-03,54.599998474121094,55.209999084472656,54.04999923706055,54.41999816894531,54.41999816894531,2389797.0
Nifty FMCG,Nifty FMCG,^CNXFMCG,FMCGIETF.NS,2026-02-04,54.41999816894531,54.79999923706055,54.29999923706055,54.529998779296875,54.529998779296875,1494670.0
Nifty FMCG,Nifty FMCG,^CNXFMCG,FMCGIETF.NS,2026-02-05,55.0,55.029998779296875,53.93000030517578,54.25,54.25,2644590.0
Nifty FMCG,Nifty FMCG,^CNXFMCG,FMCGIETF.NS,2026-02-06,54.2599983215332,55.689998626708984,53.95000076293945,55.61000061035156,55.61000061035156,3245530.0
Nifty FMCG,Nifty FMCG,^CNXFMCG,FMCGIETF.NS,2026-02-09,55.779998779296875,56.0,55.20000076293945,55.689998626708984,55.689998626708984,2726673.0
Nifty FMCG,Nifty FMCG,^CNXFMCG,FMCGIETF.NS,2026-02-10,57.08000183105469,57.08000183105469,55.56999969482422,55.849998474121094,55.849998474121094,1024475.0
Nifty FMCG,Nifty FMCG,^CNXFMCG,FMCGIETF.NS,2026-02-11,55.849998474121094,56.099998474121094,55.630001068115234,55.900001525878906,55.900001525878906,2074507.0
Nifty FMCG,Nifty FMCG,^CNXFMCG,FMCGIETF.NS,2026-02-12,56.150001525878906,56.29999923706055,55.25,55.599998474121094,55.599998474121094,1660554.0
Nifty FMCG,Nifty FMCG,^CNXFMCG,FMCGIETF.NS,2026-02-13,55.400001525878906,55.459999084472656,54.470001220703125,54.540000915527344,54.540000915527344,2046909.0
Nifty FMCG,Nifty FMCG,^CNXFMCG,FMCGIETF.NS,2026-02-16,55.900001525878906,55.900001525878906,54.43000030517578,54.790000915527344,54.790000915527344,1279910.0
Nifty FMCG,Nifty FMCG,^CNXFMCG,FMCGIETF.NS,2026-02-17,54.880001068115234,55.5099983215332,54.7599983215332,55.43000030517578,55.43000030517578,1421890.0
Nifty FMCG,Nifty FMCG,^CNXFMCG,FMCGIETF.NS,2026-02-18,55.209999084472656,55.97999954223633,55.209999084472656,55.95000076293945,55.95000076293945,1159284.0
Nifty FMCG,Nifty FMCG,^CNXFMCG,FMCGIETF.NS,2026-02-19,57.34000015258789,57.34000015258789,54.900001525878906,55.08000183105469,55.08000183105469,1717707.0
Nifty FMCG,Nifty FMCG,^CNXFMCG,FMCGIETF.NS,2026-02-20,53.70000076293945,55.599998474121094,53.70000076293945,55.40999984741211,55.40999984741211,758588.0
Nifty FMCG,Nifty FMCG,^CNXFMCG,FMCGIETF.NS,2026-02-23,55.869998931884766,55.869998931884766,55.31999969482422,55.650001525878906,55.650001525878906,1621124.0
Nifty FMCG,Nifty FMCG,^CNXFMCG,FMCGIETF.NS,2026-02-24,55.650001525878906,55.90999984741211,55.34000015258789,55.779998779296875,55.779998779296875,1182239.0
Nifty FMCG,Nifty FMCG,^CNXFMCG,FMCGIETF.NS,2026-02-25,54.29999923706055,56.099998474121094,54.29999923706055,55.63999938964844,55.63999938964844,1216644.0
Nifty FMCG,Nifty FMCG,^CNXFMCG,FMCGIETF.NS,2026-02-26,56.099998474121094,56.099998474121094,55.29999923706055,55.540000915527344,55.540000915527344,599467.0
Nifty FMCG,Nifty FMCG,^CNXFMCG,FMCGIETF.NS,2026-02-27,56.25,56.25,54.70000076293945,54.790000915527344,54.790000915527344,1182794.0
Nifty FMCG,Nifty FMCG,^CNXFMCG,FMCGIETF.NS,2026-03-02,56.150001525878906,56.150001525878906,53.5099983215332,54.36000061035156,54.36000061035156,1700001.0
Nifty FMCG,Nifty FMCG,^CNXFMCG,FMCGIETF.NS,2026-03-04,54.29999923706055,54.34000015258789,53.119998931884766,53.220001220703125,53.220001220703125,6665943.0
Nifty FMCG,Nifty FMCG,^CNXFMCG,FMCGIETF.NS,2026-03-05,53.25,53.709999084472656,52.86000061035156,53.439998626708984,53.439998626708984,1902851.0
Nifty FMCG,Nifty FMCG,^CNXFMCG,FMCGIETF.NS,2026-03-06,53.439998626708984,53.63999938964844,53.099998474121094,53.38999938964844,53.38999938964844,921209.0
Nifty FMCG,Nifty FMCG,^CNXFMCG,FMCGIETF.NS,2026-03-09,53.099998474121094,53.2400016784668,52.20000076293945,52.63999938964844,52.63999938964844,1455693.0
Nifty FMCG,Nifty FMCG,^CNXFMCG,FMCGIETF.NS,2026-03-10,53.099998474121094,53.29999923706055,52.72999954223633,52.97999954223633,52.97999954223633,2647824.0
Nifty FMCG,Nifty FMCG,^CNXFMCG,FMCGIETF.NS,2026-03-11,52.7400016784668,53.189998626708984,52.25,52.470001220703125,52.470001220703125,1787316.0
Nifty FMCG,Nifty FMCG,^CNXFMCG,FMCGIETF.NS,2026-03-12,52.43000030517578,52.470001220703125,51.279998779296875,51.43000030517578,51.43000030517578,5252888.0
Nifty FMCG,Nifty FMCG,^CNXFMCG,FMCGIETF.NS,2026-03-13,51.380001068115234,51.95000076293945,51.130001068115234,51.29999923706055,51.29999923706055,2305947.0
Nifty FMCG,Nifty FMCG,^CNXFMCG,FMCGIETF.NS,2026-03-16,52.58000183105469,52.58000183105469,51.099998474121094,51.7400016784668,51.7400016784668,1509623.0
Nifty FMCG,Nifty FMCG,^CNXFMCG,FMCGIETF.NS,2026-03-17,53.290000915527344,53.290000915527344,51.34000015258789,51.470001220703125,51.470001220703125,1046508.0
Nifty FMCG,Nifty FMCG,^CNXFMCG,FMCGIETF.NS,2026-03-18,51.79999923706055,51.849998474121094,51.29999923706055,51.439998626708984,51.439998626708984,1606045.0
Nifty FMCG,Nifty FMCG,^CNXFMCG,FMCGIETF.NS,2026-03-19,51.16999816894531,51.29999923706055,49.7599983215332,50.220001220703125,50.220001220703125,1835128.0
Nifty FMCG,Nifty FMCG,^CNXFMCG,FMCGIETF.NS,2026-03-20,50.70000076293945,51.02000045776367,50.209999084472656,50.290000915527344,50.290000915527344,1021841.0
Nifty FMCG,Nifty FMCG,^CNXFMCG,FMCGIETF.NS,2026-03-23,50.0099983215332,50.130001068115234,48.81999969482422,48.95000076293945,48.95000076293945,2536740.0
Nifty FMCG,Nifty FMCG,^CNXFMCG,FMCGIETF.NS,2026-03-24,49.91999816894531,50.0,48.95000076293945,49.560001373291016,49.560001373291016,1894421.0
Nifty FMCG,Nifty FMCG,^CNXFMCG,FMCGIETF.NS,2026-03-25,49.560001373291016,50.93000030517578,49.560001373291016,50.4900016784668,50.4900016784668,1684680.0
Nifty FMCG,Nifty FMCG,^CNXFMCG,FMCGIETF.NS,2026-03-27,50.4900016784668,50.4900016784668,49.560001373291016,49.68000030517578,49.68000030517578,2167408.0
Nifty FMCG,Nifty FMCG,^CNXFMCG,FMCGIETF.NS,2026-03-30,49.68000030517578,49.68000030517578,48.54999923706055,48.66999816894531,48.66999816894531,3477122.0
Nifty FMCG,Nifty FMCG,^CNXFMCG,FMCGIETF.NS,2026-04-01,49.25,49.86000061035156,48.70000076293945,49.13999938964844,49.13999938964844,1477659.0
Nifty FMCG,Nifty FMCG,^CNXFMCG,FMCGIETF.NS,2026-04-02,48.849998474121094,49.630001068115234,48.56999969482422,49.52000045776367,49.52000045776367,1599890.0
Nifty FMCG,Nifty FMCG,^CNXFMCG,FMCGIETF.NS,2026-04-06,50.75,50.75,49.060001373291016,49.900001525878906,49.900001525878906,1103148.0
Nifty FMCG,Nifty FMCG,^CNXFMCG,FMCGIETF.NS,2026-04-07,49.90999984741211,50.349998474121094,49.310001373291016,50.27000045776367,50.27000045776367,949095.0
Nifty FMCG,Nifty FMCG,^CNXFMCG,FMCGIETF.NS,2026-04-08,50.75,52.0,50.75,51.119998931884766,51.119998931884766,1764024.0
Nifty FMCG,Nifty FMCG,^CNXFMCG,FMCGIETF.NS,2026-04-09,51.5099983215332,51.5099983215332,50.83000183105469,51.0,51.0,976223.0
Nifty FMCG,Nifty FMCG,^CNXFMCG,FMCGIETF.NS,2026-04-10,50.779998779296875,51.79999923706055,50.779998779296875,51.65999984741211,51.65999984741211,1650598.0
Nifty FMCG,Nifty FMCG,^CNXFMCG,FMCGIETF.NS,2026-04-13,51.65999984741211,51.65999984741211,50.630001068115234,50.97999954223633,50.97999954223633,1098994.0
Nifty FMCG,Nifty FMCG,^CNXFMCG,FMCGIETF.NS,2026-04-15,51.29999923706055,51.90999984741211,51.29999923706055,51.709999084472656,51.709999084472656,1150107.0
Nifty FMCG,Nifty FMCG,^CNXFMCG,FMCGIETF.NS,2026-04-16,52.06999969482422,52.06999969482422,51.529998779296875,51.81999969482422,51.81999969482422,1276880.0
Nifty FMCG,Nifty FMCG,^CNXFMCG,FMCGIETF.NS,2026-04-17,52.369998931884766,53.599998474121094,51.79999923706055,53.209999084472656,53.209999084472656,3050004.0
Nifty FMCG,Nifty FMCG,^CNXFMCG,FMCGIETF.NS,2026-04-20,53.95000076293945,53.95000076293945,52.880001068115234,53.150001525878906,53.150001525878906,1935723.0
Nifty FMCG,Nifty FMCG,^CNXFMCG,FMCGIETF.NS,2026-04-21,53.150001525878906,54.689998626708984,53.04999923706055,54.400001525878906,54.400001525878906,2655554.0
Nifty FMCG,Nifty FMCG,^CNXFMCG,FMCGIETF.NS,2026-04-22,54.689998626708984,55.099998474121094,54.400001525878906,54.709999084472656,54.709999084472656,3264320.0
Nifty FMCG,Nifty FMCG,^CNXFMCG,FMCGIETF.NS,2026-04-23,55.38999938964844,55.38999938964844,54.22999954223633,54.58000183105469,54.58000183105469,1115319.0
Nifty FMCG,Nifty FMCG,^CNXFMCG,FMCGIETF.NS,2026-04-24,54.970001220703125,54.970001220703125,54.0,54.380001068115234,54.380001068115234,2096833.0
Nifty FMCG,Nifty FMCG,^CNXFMCG,FMCGIETF.NS,2026-04-27,53.02000045776367,54.900001525878906,53.02000045776367,54.52000045776367,54.52000045776367,692304.0
Nifty FMCG,Nifty FMCG,^CNXFMCG,FMCGIETF.NS,2026-04-28,55.4900016784668,55.4900016784668,54.29999923706055,54.349998474121094,54.349998474121094,716158.0
Nifty FMCG,Nifty FMCG,^CNXFMCG,FMCGIETF.NS,2026-04-29,55.4900016784668,55.59000015258789,54.34000015258789,55.279998779296875,55.279998779296875,2174437.0
Nifty FMCG,Nifty FMCG,^CNXFMCG,FMCGIETF.NS,2026-04-30,56.65999984741211,56.65999984741211,54.18000030517578,54.66999816894531,54.66999816894531,1030107.0
Nifty FMCG,Nifty FMCG,^CNXFMCG,FMCGIETF.NS,2026-05-04,55.220001220703125,55.4900016784668,54.619998931884766,54.75,54.75,933759.0
Nifty FMCG,Nifty FMCG,^CNXFMCG,FMCGIETF.NS,2026-05-05,55.349998474121094,55.349998474121094,54.560001373291016,55.150001525878906,55.150001525878906,1126189.0
Nifty FMCG,Nifty FMCG,^CNXFMCG,FMCGIETF.NS,2026-05-06,56.52000045776367,56.52000045776367,54.83000183105469,55.11000061035156,55.11000061035156,1317564.0
Nifty FMCG,Nifty FMCG,^CNXFMCG,FMCGIETF.NS,2026-05-07,56.47999954223633,56.47999954223633,54.650001525878906,54.709999084472656,54.709999084472656,1259931.0
Nifty FMCG,Nifty FMCG,^CNXFMCG,FMCGIETF.NS,2026-05-08,55.310001373291016,55.310001373291016,54.369998931884766,54.79999923706055,54.79999923706055,995077.0
Nifty FMCG,Nifty FMCG,^CNXFMCG,FMCGIETF.NS,2026-05-11,55.380001068115234,55.380001068115234,54.2599983215332,54.650001525878906,54.650001525878906,2681452.0
Nifty FMCG,Nifty FMCG,^CNXFMCG,FMCGIETF.NS,2026-05-12,54.650001525878906,54.91999816894531,53.810001373291016,53.849998474121094,53.849998474121094,4057934.0
Nifty FMCG,Nifty FMCG,^CNXFMCG,FMCGIETF.NS,2026-05-13,53.849998474121094,54.41999816894531,53.83000183105469,54.029998779296875,54.029998779296875,1062592.0
Nifty FMCG,Nifty FMCG,^CNXFMCG,FMCGIETF.NS,2026-05-14,54.150001525878906,54.54999923706055,53.959999084472656,54.18000030517578,54.18000030517578,659562.0
Nifty FMCG,Nifty FMCG,^CNXFMCG,FMCGIETF.NS,2026-05-15,55.29999923706055,55.29999923706055,54.220001220703125,54.5099983215332,54.5099983215332,890499.0
Nifty FMCG,Nifty FMCG,^CNXFMCG,FMCGIETF.NS,2026-05-18,54.5099983215332,54.849998474121094,53.77000045776367,54.560001373291016,54.560001373291016,3131342.0
Nifty FMCG,Nifty FMCG,^CNXFMCG,FMCGIETF.NS,2026-05-19,54.70000076293945,55.08000183105469,54.25,54.41999816894531,54.41999816894531,798682.0
Nifty FMCG,Nifty FMCG,^CNXFMCG,FMCGIETF.NS,2026-05-20,54.41999816894531,54.41999816894531,53.83000183105469,54.11000061035156,54.11000061035156,631157.0
Nifty FMCG,Nifty FMCG,^CNXFMCG,FMCGIETF.NS,2026-05-21,54.38999938964844,54.540000915527344,53.7599983215332,53.83000183105469,53.83000183105469,527188.0
Nifty FMCG,Nifty FMCG,^CNXFMCG,FMCGIETF.NS,2026-05-22,53.84000015258789,54.060001373291016,53.52000045776367,53.68000030517578,53.68000030517578,922286.0
Nifty FMCG,Nifty FMCG,^CNXFMCG,FMCGIETF.NS,2026-05-25,54.470001220703125,54.470001220703125,53.56999969482422,53.70000076293945,53.70000076293945,495118.0
Nifty FMCG,Nifty FMCG,^CNXFMCG,FMCGIETF.NS,2026-05-26,53.93000030517578,53.93000030517578,53.58000183105469,53.70000076293945,53.70000076293945,597802.0
Nifty FMCG,Nifty FMCG,^CNXFMCG,FMCGIETF.NS,2026-05-27,53.88999938964844,53.900001525878906,53.5099983215332,53.56999969482422,53.56999969482422,606141.0
Nifty FMCG,Nifty FMCG,^CNXFMCG,FMCGIETF.NS,2026-05-29,53.720001220703125,53.720001220703125,52.52000045776367,52.650001525878906,52.650001525878906,3294935.0
Nifty FMCG,Nifty FMCG,^CNXFMCG,FMCGIETF.NS,2026-06-01,53.0099983215332,53.11000061035156,51.650001525878906,51.75,51.75,1382694.0
Nifty FMCG,Nifty FMCG,^CNXFMCG,FMCGIETF.NS,2026-06-02,53.040000915527344,53.040000915527344,51.34000015258789,52.189998626708984,52.189998626708984,1051287.0
Nifty FMCG,Nifty FMCG,^CNXFMCG,FMCGIETF.NS,2026-06-03,52.45000076293945,52.5099983215332,51.400001525878906,51.619998931884766,51.619998931884766,985405.0
Nifty FMCG,Nifty FMCG,^CNXFMCG,FMCGIETF.NS,2026-06-04,51.619998931884766,52.060001373291016,51.33000183105469,51.720001220703125,51.720001220703125,1647677.0
Nifty FMCG,Nifty FMCG,^CNXFMCG,FMCGIETF.NS,2026-06-05,52.9900016784668,52.9900016784668,51.5099983215332,51.77000045776367,51.77000045776367,872272.0
Nifty FMCG,Nifty FMCG,^CNXFMCG,FMCGIETF.NS,2026-06-08,51.77000045776367,52.810001373291016,50.90999984741211,51.470001220703125,51.470001220703125,664588.0
Nifty FMCG,Nifty FMCG,^CNXFMCG,FMCGIETF.NS,2026-06-09,51.470001220703125,51.9900016784668,51.470001220703125,51.849998474121094,51.849998474121094,360062.0
Nifty FMCG,Nifty FMCG,^CNXFMCG,FMCGIETF.NS,2026-06-10,51.86000061035156,52.880001068115234,51.849998474121094,52.459999084472656,52.459999084472656,1143394.0
Nifty FMCG,Nifty FMCG,^CNXFMCG,FMCGIETF.NS,2026-06-11,53.060001373291016,53.060001373291016,51.900001525878906,51.97999954223633,51.97999954223633,522416.0
Nifty FMCG,Nifty FMCG,^CNXFMCG,FMCGIETF.NS,2026-06-12,52.5099983215332,52.619998931884766,52.099998474121094,52.349998474121094,52.349998474121094,4217536.0
Nifty FMCG,Nifty FMCG,^CNXFMCG,FMCGIETF.NS,2026-06-15,52.349998474121094,52.9900016784668,52.349998474121094,52.650001525878906,52.650001525878906,1515000.0
Nifty FMCG,Nifty FMCG,^CNXFMCG,FMCGIETF.NS,2026-06-16,53.060001373291016,53.29999923706055,52.439998626708984,53.119998931884766,53.119998931884766,591982.0
Nifty FMCG,Nifty FMCG,^CNXFMCG,FMCGIETF.NS,2026-06-17,53.119998931884766,53.43000030517578,52.900001525878906,53.0,53.0,879068.0
Nifty FMCG,Nifty FMCG,^CNXFMCG,FMCGIETF.NS,2026-06-18,54.31999969482422,54.31999969482422,52.86000061035156,53.04999923706055,53.04999923706055,4301765.0
Nifty FMCG,Nifty FMCG,^CNXFMCG,FMCGIETF.NS,2026-06-19,53.040000915527344,53.08000183105469,52.63999938964844,52.95000076293945,52.95000076293945,526895.0
Nifty FMCG,Nifty FMCG,^CNXFMCG,FMCGIETF.NS,2026-06-22,54.27000045776367,54.27000045776367,52.650001525878906,52.77000045776367,52.77000045776367,603851.0
Nifty FMCG,Nifty FMCG,^CNXFMCG,FMCGIETF.NS,2026-06-23,52.709999084472656,53.029998779296875,52.4900016784668,52.529998779296875,52.529998779296875,682215.0
Nifty FMCG,Nifty FMCG,^CNXFMCG,FMCGIETF.NS,2026-06-24,52.790000915527344,52.84000015258789,52.439998626708984,52.59000015258789,52.59000015258789,426960.0
Nifty FMCG,Nifty FMCG,^CNXFMCG,FMCGIETF.NS,2026-06-25,52.630001068115234,53.150001525878906,52.619998931884766,52.91999816894531,52.91999816894531,802031.0
Nifty FMCG,Nifty FMCG,^CNXFMCG,FMCGIETF.NS,2026-06-29,52.9900016784668,53.27000045776367,52.540000915527344,52.599998474121094,52.599998474121094,796602.0
Nifty FMCG,Nifty FMCG,^CNXFMCG,FMCGIETF.NS,2026-06-30,52.5099983215332,52.97999954223633,52.27000045776367,52.349998474121094,52.349998474121094,2851525.0
Nifty FMCG,Nifty FMCG,^CNXFMCG,FMCGIETF.NS,2026-07-01,52.790000915527344,53.45000076293945,52.349998474121094,53.36000061035156,53.36000061035156,1156802.0
Nifty FMCG,Nifty FMCG,^CNXFMCG,FMCGIETF.NS,2026-07-02,53.369998931884766,53.72999954223633,53.220001220703125,53.650001525878906,53.650001525878906,1192898.0
Nifty FMCG,Nifty FMCG,^CNXFMCG,FMCGIETF.NS,2026-07-03,53.650001525878906,54.59000015258789,53.599998474121094,53.720001220703125,53.720001220703125,800618.0
Nifty FMCG,Nifty FMCG,^CNXFMCG,FMCGIETF.NS,2026-07-06,54.790000915527344,54.790000915527344,53.56999969482422,53.9900016784668,53.9900016784668,1549110.0
Nifty FMCG,Nifty FMCG,^CNXFMCG,FMCGIETF.NS,2026-07-07,54.59000015258789,54.59000015258789,53.65999984741211,53.939998626708984,53.939998626708984,1150927.0
Nifty FMCG,Nifty FMCG,^CNXFMCG,FMCGIETF.NS,2026-07-08,54.130001068115234,54.130001068115234,52.310001373291016,52.529998779296875,52.529998779296875,2941551.0
Nifty FMCG,Nifty FMCG,^CNXFMCG,FMCGIETF.NS,2026-07-09,52.72999954223633,53.2400016784668,52.709999084472656,52.88999938964844,52.88999938964844,543781.0
Nifty FMCG,Nifty FMCG,^CNXFMCG,FMCGIETF.NS,2026-07-10,53.43000030517578,53.43000030517578,52.75,52.81999969482422,52.81999969482422,1899488.0
Nifty FMCG,Nifty FMCG,^CNXFMCG,FMCGIETF.NS,2026-07-13,54.13999938964844,54.13999938964844,52.36000061035156,52.47999954223633,52.47999954223633,2220983.0
Nifty FMCG,Nifty FMCG,^CNXFMCG,FMCGIETF.NS,2026-07-14,52.47999954223633,52.75,52.099998474121094,52.150001525878906,52.150001525878906,1077910.0
Nifty FMCG,Nifty FMCG,^CNXFMCG,FMCGIETF.NS,2026-07-15,52.15999984741211,52.31999969482422,51.77000045776367,51.90999984741211,51.90999984741211,1085710.0
Nifty FMCG,Nifty FMCG,^CNXFMCG,FMCGIETF.NS,2026-07-16,52.75,52.75,51.91999816894531,52.029998779296875,52.029998779296875,850217.0
Nifty FMCG,Nifty FMCG,^CNXFMCG,FMCGIETF.NS,2026-07-17,52.130001068115234,52.439998626708984,51.77000045776367,52.310001373291016,52.310001373291016,603093.0
Nifty FMCG,Nifty FMCG,^CNXFMCG,FMCGIETF.NS,2026-07-20,52.5,52.709999084472656,52.18000030517578,52.619998931884766,52.619998931884766,388342.0
Nifty FMCG,Nifty FMCG,^CNXFMCG,FMCGIETF.NS,2026-07-21,53.0,53.0,52.25,52.439998626708984,52.439998626708984,470670.0
Nifty FMCG,Nifty FMCG,^CNXFMCG,FMCGIETF.NS,2026-07-22,52.439998626708984,52.95000076293945,52.150001525878906,52.81999969482422,52.81999969482422,918960.0
Nifty FMCG,Nifty FMCG,^CNXFMCG,FMCGIETF.NS,2026-07-23,53.369998931884766,53.369998931884766,52.400001525878906,52.720001220703125,52.720001220703125,707440.0
Nifty FMCG,Nifty FMCG,^CNXFMCG,FMCGIETF.NS,2026-07-24,52.5,52.88999938964844,52.310001373291016,52.689998626708984,52.689998626708984,419687.0
Nifty FMCG,Nifty FMCG,^CNXFMCG,FMCGIETF.NS,2026-07-27,52.97999954223633,53.400001525878906,52.689998626708984,53.18000030517578,53.18000030517578,704739.0
Nifty FMCG,Nifty FMCG,^CNXFMCG,FMCGIETF.NS,2026-07-28,51.849998474121094,53.63999938964844,51.849998474121094,52.43000030517578,52.43000030517578,2320475.0
Nifty FMCG,Nifty FMCG,^CNXFMCG,FMCGIETF.NS,2026-07-29,52.689998626708984,53.45000076293945,52.630001068115234,53.27000045776367,53.27000045776367,1384693.0
Nifty FMCG,Nifty FMCG,^CNXFMCG,FMCGIETF.NS,2026-07-30,54.099998474121094,54.58000183105469,53.099998474121094,53.22999954223633,53.22999954223633,1090171.0
Nifty FMCG,Nifty FMCG,^CNXFMCG,FMCGIETF.NS,2026-07-31,53.0,53.59000015258789,52.650001525878906,52.720001220703125,52.720001220703125,2087198.0
Nifty FMCG,Nifty FMCG,^CNXFMCG,FMCGIETF.NS,2026-08-03,53.0099983215332,53.70000076293945,52.43000030517578,53.029998779296875,53.029998779296875,1740791.0
Nifty FMCG,Nifty FMCG,^CNXFMCG,FMCGIETF.NS,2026-08-04,54.349998474121094,54.349998474121094,52.650001525878906,53.25,53.25,1024195.0
Nifty FMCG,Nifty FMCG,^CNXFMCG,FMCGIETF.NS,2026-08-05,53.349998474121094,53.58000183105469,52.93000030517578,53.150001525878906,53.150001525878906,1036553.0
Nifty FMCG,Nifty FMCG,^CNXFMCG,FMCGIETF.NS,2026-08-06,52.93000030517578,53.279998779296875,52.689998626708984,53.040000915527344,53.040000915527344,820037.0
Nifty FMCG,Nifty FMCG,^CNXFMCG,FMCGIETF.NS,2026-08-07,53.849998474121094,53.849998474121094,52.880001068115234,52.9900016784668,52.9900016784668,2963447.0
Nifty FMCG,Nifty FMCG,^CNXFMCG,FMCGIETF.NS,2026-08-10,54.04999923706055,54.04999923706055,52.900001525878906,52.97999954223633,52.97999954223633,884652.0
Nifty FMCG,Nifty FMCG,^CNXFMCG,FMCGIETF.NS,2026-08-11,54.4900016784668,54.4900016784668,52.5099983215332,52.560001373291016,52.560001373291016,1053546.0
Nifty FMCG,Nifty FMCG,^CNXFMCG,FMCGIETF.NS,2026-08-12,53.439998626708984,53.439998626708984,51.900001525878906,52.040000915527344,52.040000915527344,2412908.0
Nifty FMCG,Nifty FMCG,^CNXFMCG,FMCGIETF.NS,2026-08-13,52.279998779296875,52.459999084472656,52.02000045776367,52.43000030517578,52.43000030517578,716848.0
Nifty FMCG,Nifty FMCG,^CNXFMCG,FMCGIETF.NS,2026-08-14,52.65999984741211,52.65999984741211,52.2599983215332,52.36000061035156,52.36000061035156,2050319.0
Nifty FMCG,Nifty FMCG,^CNXFMCG,FMCGIETF.NS,2026-08-17,52.900001525878906,52.900001525878906,51.84000015258789,51.97999954223633,51.97999954223633,1528629.0
Nifty FMCG,Nifty FMCG,^CNXFMCG,FMCGIETF.NS,2026-08-18,52.939998626708984,52.939998626708984,51.2599983215332,51.349998474121094,51.349998474121094,3930217.0
Nifty FMCG,Nifty FMCG,^CNXFMCG,FMCGIETF.NS,2026-08-19,51.47999954223633,51.540000915527344,50.939998626708984,51.04999923706055,51.04999923706055,1017354.0
Nifty FMCG,Nifty FMCG,^CNXFMCG,FMCGIETF.NS,2026-08-20,52.31999969482422,52.31999969482422,51.130001068115234,51.560001373291016,51.560001373291016,1034772.0
Nifty FMCG,Nifty FMCG,^CNXFMCG,FMCGIETF.NS,2026-08-21,51.560001373291016,51.68000030517578,51.04999923706055,51.20000076293945,51.20000076293945,1512133.0
Nifty FMCG,Nifty FMCG,^CNXFMCG,FMCGIETF.NS,2026-08-24,51.29999923706055,51.439998626708984,50.779998779296875,51.0,51.0,1317821.0
Nifty FMCG,Nifty FMCG,^CNXFMCG,FMCGIETF.NS,2026-08-25,49.720001220703125,51.400001525878906,49.720001220703125,51.16999816894531,51.16999816894531,590863.0
Nifty FMCG,Nifty FMCG,^CNXFMCG,FMCGIETF.NS,2026-08-26,51.68000030517578,51.68000030517578,50.91999816894531,51.0,51.0,1661553.0
