Date,Open,High,Low,Close,Adj Close,Volume,Price,rolling_1y_return,running_max,drawdown,daily_return,rolling_volatility_30d,rolling_volatility_90d,sma50,sma200
2023-08-28,4259.89990234375,4310.0,4245.0,4264.10009765625,4143.43701171875,197684,4143.43701171875,,4143.43701171875,0.0,,,,,
2023-08-29,4274.89990234375,4329.9501953125,4244.10009765625,4318.85009765625,4196.63720703125,187724,4196.63720703125,,4196.63720703125,0.0,0.012839629313064371,,,,
2023-08-30,4335.0,4365.0,4323.5,4345.9501953125,4222.97119140625,187244,4222.97119140625,,4222.97119140625,0.0,0.006275020468978987,,,,
2023-08-31,4360.0,4390.0,4346.0,4381.5498046875,4257.5634765625,432110,4257.5634765625,,4257.5634765625,0.0,0.008191456580770806,,,,
2023-09-01,4381.35009765625,4399.0,4271.0,4291.4501953125,4170.01318359375,164901,4170.01318359375,,4257.5634765625,-0.0205634733224076,-0.0205634733224076,,,,
2023-09-04,4300.0,4328.0,4245.25,4309.2998046875,4187.357421875,298303,4187.357421875,,4257.5634765625,-0.016489725889931584,0.004159276606004125,,,,
2023-09-05,4339.4501953125,4450.0,4315.10009765625,4440.7998046875,4315.13623046875,306152,4315.13623046875,,4315.13623046875,0.0,0.030515381353936055,,,,
2023-09-06,4469.89990234375,4540.0,4443.0498046875,4500.2998046875,4372.953125,504897,4372.953125,,4372.953125,0.0,0.013398625545819609,,,,
2023-09-07,4506.9501953125,4507.0,4442.5498046875,4448.60009765625,4322.7158203125,193416,4322.7158203125,,4372.953125,-0.011488187330501054,-0.011488187330501054,,,,
2023-09-08,4464.89990234375,4515.0,4435.0,4458.5498046875,4332.3837890625,231272,4332.3837890625,,4372.953125,-0.009277331537254963,0.002236549695117551,,,,
2023-09-11,4484.9501953125,4678.0,4460.0498046875,4618.85009765625,4488.1484375,684497,4488.1484375,,4488.1484375,0.0,0.03595356644781611,,,,
2023-09-12,4641.89990234375,4641.89990234375,4384.0,4401.89990234375,4277.33740234375,433279,4277.33740234375,,4488.1484375,-0.04697060226325234,-0.04697060226325234,,,,
2023-09-13,4419.0,4423.2001953125,4260.0,4341.10009765625,4218.25830078125,362583,4218.25830078125,,4488.1484375,-0.06013395957756795,-0.013812120954060814,,,,
2023-09-14,4360.0498046875,4387.5,4316.2998046875,4366.2001953125,4242.64794921875,138301,4242.64794921875,,4488.1484375,-0.054699725666381815,0.005781923888582785,,,,
2023-09-15,4390.0,4396.89990234375,4340.60009765625,4379.39990234375,4255.47412109375,223156,4255.47412109375,,4488.1484375,-0.051841938751886474,0.00302315252844898,,,,
2023-09-18,4377.0,4385.7998046875,4305.7001953125,4320.2998046875,4198.0458984375,105351,4198.0458984375,,4488.1484375,-0.06463746533839987,-0.013495140852011533,,,,
2023-09-20,4302.0,4427.89990234375,4285.10009765625,4329.0498046875,4206.54931640625,275335,4206.54931640625,,4488.1484375,-0.06274282702882417,0.002025565745223279,,,,
2023-09-21,4345.0,4356.2001953125,4260.0,4276.2001953125,4155.19384765625,146287,4155.19384765625,,4488.1484375,-0.07418528920786172,-0.01220845517006186,,,,
2023-09-22,4317.0,4317.0,4165.0,4187.0,4068.51806640625,250138,4068.51806640625,,4488.1484375,-0.09349743595545912,-0.020859623985747366,,,,
2023-09-25,4219.2998046875,4219.64990234375,4123.0,4176.89990234375,4058.704345703125,274277,4058.704345703125,,4488.1484375,-0.09568402154632949,-0.0024121118655356932,,,,
2023-09-26,4160.10009765625,4223.0,4151.2998046875,4205.2001953125,4086.203857421875,179832,4086.203857421875,,4488.1484375,-0.0895568820139151,0.006775440972403679,,,,
2023-09-27,4225.0,4240.25,4168.7998046875,4233.35009765625,4113.55712890625,217834,4113.55712890625,,4488.1484375,-0.08346232612627358,0.00669405454030203,,,,
2023-09-28,4250.0,4250.0,4087.699951171875,4101.7001953125,3985.63232421875,259081,3985.63232421875,,4488.1484375,-0.11196512777575662,-0.031098341576093258,,,,
2023-09-29,4120.0,4147.9501953125,4089.60009765625,4098.25,3982.280029296875,270878,3982.280029296875,,4488.1484375,-0.11271204935568158,-0.0008410948750853242,,,,
2023-10-03,4103.9501953125,4149.9501953125,4058.14990234375,4091.949951171875,3976.158203125,303772,3976.158203125,,4488.1484375,-0.1140760475070629,-0.0015372666228486986,,,,
2023-10-04,4055.199951171875,4089.85009765625,3978.35009765625,3997.5,3884.381103515625,438394,3884.381103515625,,4488.1484375,-0.13452481405019823,-0.023081853115714646,,,,
2023-10-05,4032.0,4107.14990234375,3997.5,4067.800048828125,3952.691650390625,310894,3952.691650390625,,4488.1484375,-0.11930460736000892,0.017585953863583192,,,,
2023-10-06,4080.050048828125,4145.0,4068.0,4133.10009765625,4016.143798828125,207353,4016.143798828125,,4488.1484375,-0.10516689571318905,0.01605289611478522,,,,
2023-10-09,4122.10009765625,4122.10009765625,4060.0,4099.7001953125,3983.689208984375,122211,3983.689208984375,,4488.1484375,-0.11239807139636859,-0.008081032818899603,,,,
2023-10-10,4119.89990234375,4205.85009765625,4088.050048828125,4192.7001953125,4074.057373046875,244817,4074.057373046875,,4488.1484375,-0.09226322841581036,0.02268454172044687,,,,
2023-10-11,4213.2998046875,4226.2998046875,4170.0,4185.39990234375,4066.964111328125,158952,4066.964111328125,,4488.1484375,-0.09384367117912973,-0.0017410804682520542,0.28281663054459616,,,
2023-10-12,4202.0498046875,4236.9501953125,4190.10009765625,4216.0498046875,4096.74609375,246829,4096.74609375,,4488.1484375,-0.08720797656327517,0.007322902687761701,0.28100736006178023,,,
2023-10-13,4200.0,4235.0,4190.0,4229.2001953125,4109.52490234375,149733,4109.52490234375,,4488.1484375,-0.08436074261553428,0.003119258138366332,0.28047987866540786,,,
2023-10-16,4239.9501953125,4299.39990234375,4225.89990234375,4281.4501953125,4160.29638671875,264960,4160.29638671875,,4488.1484375,-0.07304839742864455,0.012354587350485113,0.2818898600356977,,,
2023-10-17,4287.9501953125,4307.85009765625,4254.25,4283.60009765625,4162.384765625,130579,4162.384765625,,4488.1484375,-0.07258308775020328,0.0005019783957982416,0.2754757996410152,,,
2023-10-18,4298.0,4339.39990234375,4083.050048828125,4098.2998046875,3982.32861328125,621225,3982.32861328125,,4488.1484375,-0.11270122440524788,-0.04325793084549545,0.30235099188855524,,,
2023-10-19,4098.2998046875,4121.60009765625,4032.25,4094.14990234375,3978.295654296875,388946,3978.295654296875,,4488.1484375,-0.11359980408471615,-0.0010127137602168323,0.28675090996304975,,,
2023-10-20,4089.949951171875,4094.0,4001.0,4015.300048828125,3901.677490234375,204827,3901.677490234375,,4488.1484375,-0.13067102290233135,-0.019259042243314983,0.28659221999759393,,,
2023-10-23,4021.699951171875,4041.199951171875,3930.0,3942.699951171875,3831.131591796875,162161,3831.131591796875,,4488.1484375,-0.14638928610594226,-0.01808091484087837,0.28879060888337454,,,
2023-10-25,3949.0,4020.25,3895.300048828125,3930.5,3819.27685546875,261645,3819.27685546875,,4488.1484375,-0.14903062840849945,-0.003094317186469908,0.2882263102720553,,,
2023-10-26,3930.0,3995.35009765625,3850.0,3958.25,3846.241943359375,302100,3846.241943359375,,4488.1484375,-0.14302256333085572,0.007060260073059155,0.26459064178832814,,,
2023-10-27,3989.949951171875,4085.5,3969.050048828125,4008.5,3895.069580078125,262816,3895.069580078125,,4488.1484375,-0.13214332495478542,0.012694894766839049,0.23745726854823926,,,
2023-10-30,4036.60009765625,4101.0,3990.550048828125,4070.199951171875,3955.023681640625,114014,3955.023681640625,,4488.1484375,-0.1187850097391916,0.015392305664870154,0.24096864865800527,,,
2023-10-31,4099.0,4125.0,4028.85009765625,4109.2998046875,3993.017578125,205697,3993.017578125,,4488.1484375,-0.1103196265163634,0.009606490262180856,0.24229776432757716,,,
2023-11-01,4120.0,4147.0,4044.89990234375,4055.0,3940.254150390625,187184,3940.254150390625,,4488.1484375,-0.12207579467103469,-0.01321392323024806,0.24399175574668341,,,
2023-11-02,4089.699951171875,4112.7001953125,4067.550048828125,4076.949951171875,3961.582763671875,170196,3961.582763671875,,4488.1484375,-0.117323587033907,0.0054130044578812875,0.24270254117847012,,,
2023-11-03,4105.5,4180.0,4078.050048828125,4167.5,4049.5703125,183990,4049.5703125,,4488.1484375,-0.0977191666245999,0.02221020084067904,0.2523383274114037,,,
2023-11-06,4195.0,4223.5498046875,4141.2998046875,4203.7001953125,4084.746337890625,231433,4084.746337890625,,4488.1484375,-0.08988163052692599,0.008686359953312905,0.25164257808805385,,,
2023-11-07,4214.0,4233.14990234375,4173.0,4208.7998046875,4089.70166015625,122172,4089.70166015625,,4488.1484375,-0.08877753997942495,0.0012131285166128158,0.24410270059252115,,,
2023-11-08,4239.0,4288.0,4218.0498046875,4275.5498046875,4154.56298828125,216669,4154.56298828125,,4488.1484375,-0.0743258503732922,0.015859672297592997,0.24805833411357908,,4096.464765625,
2023-11-09,4284.89990234375,4372.9501953125,4216.0,4310.5,4188.5234375,522498,4188.5234375,,4488.1484375,-0.06675915562340395,0.008174253059718195,0.2483792774338051,,4097.366494140625,
2023-11-10,4328.0,4382.9501953125,4223.0,4239.2998046875,4119.3388671875,640836,4119.3388671875,,4488.1484375,-0.08217410262792801,-0.01651765146951023,0.25278162627822764,,4095.82052734375,
2023-11-13,4235.89990234375,4307.85009765625,4202.5498046875,4262.75,4142.125,157036,4142.125,,4488.1484375,-0.07709714647778965,0.005531502395688337,0.23508171396096758,,4094.203603515625,
2023-11-15,4292.7001953125,4304.9501953125,4252.0,4258.7998046875,4138.2861328125,95758,4138.2861328125,,4488.1484375,-0.07795248075225902,-0.0009267868998400486,0.23508891694875658,,4091.818056640625,
2023-11-16,4285.0,4286.89990234375,4210.0498046875,4232.75,4112.9736328125,130755,4112.9736328125,,4488.1484375,-0.08359233432494961,-0.006116662595971101,0.2359572393577786,,4090.677265625,
2023-11-17,4242.0,4298.0,4215.75,4285.0498046875,4163.79345703125,121481,4163.79345703125,,4488.1484375,-0.07226921858436197,0.012355981038467911,0.22637991509455216,,4090.205986328125,
2023-11-20,4316.0,4365.35009765625,4295.0,4347.0,4223.9912109375,243547,4223.9912109375,,4488.1484375,-0.05885661542639209,0.014457430352265987,0.22473392489952768,,4088.3830859375,
2023-11-21,4393.9501953125,4429.89990234375,4335.0498046875,4345.2998046875,4222.33935546875,345900,4222.33935546875,,4488.1484375,-0.05922466374113766,-0.0003910650818762518,0.2210205270492122,,4085.370810546875,
2023-11-22,4360.10009765625,4375.64990234375,4220.2998046875,4234.39990234375,4114.57763671875,176385,4114.57763671875,,4488.1484375,-0.08323494777043006,-0.02552180430746942,0.23321569960979407,,4081.208046875,
2023-11-23,4250.0,4279.9501953125,4220.0,4260.5498046875,4139.98779296875,82762,4139.98779296875,,4488.1484375,-0.0775733355034004,0.006175641461528825,0.22474428615098088,,4077.360126953125,
2023-11-24,4265.0,4276.4501953125,4224.0,4262.35009765625,4141.73681640625,116246,4141.73681640625,,4488.1484375,-0.07718363728778743,0.00042247067502731994,0.22463312052222661,,4070.43189453125,
2023-11-28,4289.0,4289.0,4195.5498046875,4255.25,4134.83740234375,184551,4134.83740234375,,4488.1484375,-0.07872088904284369,-0.0016658262869746476,0.2238413507706728,,4067.58189453125,
2023-11-29,4263.25,4274.2001953125,4231.64990234375,4244.0498046875,4123.9541015625,78223,4123.9541015625,,4488.1484375,-0.08114578673346295,-0.0026320988523227395,0.2238561435800146,,4065.695810546875,
2023-11-30,4256.0,4465.0,4234.10009765625,4419.75,4294.6826171875,558962,4294.6826171875,,4488.1484375,-0.04310593176821598,0.041399227881879996,0.251646623804547,,4066.73650390625,
2023-12-01,4449.0,4449.0,4375.7998046875,4387.25,4263.1025390625,150704,4263.1025390625,,4488.1484375,-0.050142258343588986,-0.007353297307376105,0.25285806852406345,,4066.889072265625,
2023-12-04,4419.75,4683.0,4419.10009765625,4630.75,4499.7119140625,798523,4499.7119140625,,4499.7119140625,0.0,0.055501685176925886,0.2646505736744964,,4072.922392578125,
2023-12-05,4662.7001953125,4865.0498046875,4591.64990234375,4846.60009765625,4709.45361328125,860640,4709.45361328125,,4709.45361328125,0.0,0.046612250567256375,0.2911487741302283,,4082.980478515625,
2023-12-06,4855.0,4885.4501953125,4721.75,4738.39990234375,4604.3154296875,248801,4604.3154296875,,4709.45361328125,-0.02232492179076717,-0.02232492179076717,0.2935673200993671,,4091.96291015625,
2023-12-07,4750.0498046875,4790.25,4699.5498046875,4744.7998046875,4610.53369140625,177991,4610.53369140625,,4709.45361328125,-0.02100454320136702,0.0013505290446993445,0.28517246025710424,,4102.80322265625,
2023-12-08,4789.89990234375,4843.35009765625,4684.4501953125,4746.7998046875,4612.4775390625,231897,4612.4775390625,,4709.45361328125,-0.020591788810758294,0.00042161011855812447,0.28434199270274957,,4113.878686523438,
2023-12-11,4778.0,4833.5,4760.0498046875,4786.85009765625,4651.39404296875,148181,4651.39404296875,,4709.45361328125,-0.012328302830877158,0.008437223504433655,0.28439514827927553,,4125.182490234375,
2023-12-12,4798.10009765625,4819.75,4690.0498046875,4721.2998046875,4587.69921875,201663,4587.69921875,,4709.45361328125,-0.02585318903829681,-0.013693706366381453,0.2896425099768421,,4134.66533203125,
2023-12-13,4730.9501953125,4777.2998046875,4675.0498046875,4767.35009765625,4632.44677734375,166968,4632.44677734375,,4709.45361328125,-0.016351543567672322,0.00975381263245545,0.28844944536914174,,4147.60162109375,
2023-12-14,4801.39990234375,4834.9501953125,4734.7001953125,4792.39990234375,4656.787109375,150017,4656.787109375,,4709.45361328125,-0.011183145271401296,0.005254314447883823,0.2881789525916463,,4161.091762695312,
2023-12-15,4806.0498046875,4929.5498046875,4763.60009765625,4835.10009765625,4698.2783203125,371899,4698.2783203125,,4709.45361328125,-0.0023729489419397343,0.00890983632341058,0.2829163988793158,,4175.534165039063,
2023-12-18,4834.0,4957.0,4781.85009765625,4888.39990234375,4750.0712890625,356079,4750.0712890625,,4750.0712890625,0.0,0.01102381877337466,0.2832766378802347,,4192.84796875,
2023-12-19,4922.0,4925.60009765625,4800.0498046875,4838.9501953125,4702.02001953125,223298,4702.02001953125,,4750.0712890625,-0.01011590492165726,-0.01011590492165726,0.2829137911865094,,4207.834536132813,
2023-12-20,4854.0,4895.0,4562.14990234375,4614.35009765625,4483.775390625,347680,4483.775390625,,4750.0712890625,-0.05606145302506771,-0.046415078625719475,0.3196099689774095,,4217.18716796875,
2023-12-21,4599.2001953125,4705.4501953125,4529.10009765625,4684.5,4551.9404296875,191984,4551.9404296875,,4750.0712890625,-0.04171113385839398,0.015202598953780067,0.32138081107483374,,4228.552192382813,
2023-12-22,4723.0,4765.0,4686.10009765625,4759.0,4624.33251953125,155535,4624.33251953125,,4750.0712890625,-0.026470922619788007,0.015903567052770073,0.3213951818092325,,4239.5576953125,
2023-12-26,4771.35009765625,4824.0,4747.25,4771.35009765625,4636.3330078125,121004,4636.3330078125,,4750.0712890625,-0.02394454195074791,0.002595074690361354,0.32113805490445557,,4250.945073242187,
2023-12-27,4799.9501953125,4822.89990234375,4724.0,4733.60009765625,4599.6513671875,165313,4599.6513671875,,4750.0712890625,-0.031666876710115144,-0.007911778675774417,0.31740307150905034,,4261.003178710937,
2023-12-28,4746.7001953125,4765.39990234375,4622.0,4642.9501953125,4511.56591796875,478064,4511.56591796875,,4750.0712890625,-0.05021090349589741,-0.01915046210830773,0.3242703665056885,,4269.043999023437,
2023-12-29,4669.0,4688.0,4618.60009765625,4674.85009765625,4542.56396484375,147991,4542.56396484375,,4750.0712890625,-0.043685096831400316,0.006870795515042882,0.3242265082252045,,4276.689350585937,
2024-01-01,4674.85009765625,4715.0,4653.7998046875,4682.2001953125,4549.70556640625,84544,4549.70556640625,,4750.0712890625,-0.04218162433006245,0.0015721521188849508,0.32304724514555416,,4284.435766601562,
2024-01-02,4699.9501953125,4713.0,4600.0,4701.60009765625,4568.556640625,178550,4568.556640625,,4750.0712890625,-0.03821303668756615,0.004143361354620678,0.3219810432514693,,4296.160327148437,
2024-01-03,4714.0,4829.89990234375,4699.10009765625,4775.5498046875,4640.4140625,291954,4640.4140625,,4750.0712890625,-0.023085385437266237,0.015728692348043083,0.3223848632829398,,4309.4026953125,
2024-01-04,4818.89990234375,4866.0,4770.0498046875,4824.75,4688.22119140625,266936,4688.22119140625,,4750.0712890625,-0.013020877770543282,0.010302341183858532,0.322799841439811,,4325.133569335938,
2024-01-05,4855.9501953125,4900.0,4802.0,4832.35009765625,4695.60693359375,118877,4695.60693359375,,4750.0712890625,-0.011466008014271223,0.0015753826208197985,0.3108203093882211,,4342.423076171875,
2024-01-08,4856.0,4856.0,4740.0,4752.9501953125,4618.453125,60882,4618.453125,,4750.0712890625,-0.027708671313115607,-0.01643106198727351,0.31667293061218066,,4358.4066015625,
2024-01-09,4784.0,4973.64990234375,4780.0,4920.39990234375,4781.1650390625,571239,4781.1650390625,,4781.1650390625,0.0,0.0352308250530311,0.32922667190928234,0.28148146840463867,4377.1050634765625,
2024-01-10,4929.9501953125,4957.60009765625,4873.4501953125,4935.7001953125,4796.03271484375,241276,4796.03271484375,,4796.03271484375,0.0,0.0031096345053516217,0.3286765522225338,0.2808660026697362,4395.124326171875,
2024-01-11,4947.9501953125,4990.0498046875,4860.0,4871.85009765625,4733.9892578125,87455,4733.9892578125,,4796.03271484375,-0.012936412389186858,-0.012936412389186858,0.33213855920939234,0.28180629514763245,4410.703637695313,
2024-01-12,4909.89990234375,4909.89990234375,4771.64990234375,4783.9501953125,4648.576171875,145377,4648.576171875,,4796.03271484375,-0.03074552484022286,-0.018042517903170796,0.31969726652361546,0.2834372686918592,4423.814809570313,
2024-01-15,4809.0,4809.0,4725.0,4752.89990234375,4618.4052734375,104057,4618.4052734375,,4796.03271484375,-0.03703632814190194,-0.006490352598724991,0.3194679365744923,0.2813574844827221,4437.37783203125,
2024-01-16,4770.0,4842.2998046875,4750.0498046875,4809.2998046875,4673.2080078125,192280,4673.2080078125,,4796.03271484375,-0.025609647459473472,0.01186615966558735,0.27953084025505126,0.2818750460853646,4451.610336914063,
2024-01-17,4798.0,4863.7001953125,4731.39990234375,4773.0498046875,4637.98486328125,163852,4637.98486328125,,4796.03271484375,-0.03295387270260708,-0.007537251599407768,0.24541872760780975,0.2779006720999304,4463.378627929687,
2024-01-18,4765.0,4797.39990234375,4665.0,4710.35009765625,4577.0595703125,151382,4577.0595703125,,4796.03271484375,-0.045657141548164804,-0.013136156060165938,0.2396606523865579,0.27808304438862536,4473.224892578125,
2024-01-19,4738.4501953125,4844.10009765625,4738.4501953125,4820.4501953125,4684.0439453125,132723,4684.0439453125,,4796.03271484375,-0.023350293083832407,0.023374040332338364,0.24912191502787753,0.2798842349455625,4485.11173828125,
2024-01-23,4750.9501953125,4897.0,4735.89990234375,4770.5498046875,4635.5556640625,348426,4635.5556640625,,4796.03271484375,-0.03346037450590622,-0.010351798961776182,0.2511551612464509,0.28052454077656125,4494.731591796875,
2024-01-24,4764.9501953125,4814.89990234375,4613.7998046875,4731.25,4597.36767578125,293735,4597.36767578125,,4796.03271484375,-0.04142278647258402,-0.008238060558156013,0.25110353988800976,0.2745749023497811,4502.9084765625,
2024-01-25,4768.0,4794.9501953125,4665.0,4739.2998046875,4605.189453125,114581,4605.189453125,,4796.03271484375,-0.03979190157066459,0.001701359972785088,0.24789449329326768,0.262609528796592,4512.62548828125,
2024-01-29,4751.0,4807.14990234375,4715.39990234375,4791.5498046875,4655.96142578125,87854,4655.96142578125,,4796.03271484375,-0.02920565754878579,0.01102494765373807,0.24834513847129513,0.26194256024392215,4522.902216796875,
2024-01-30,4825.0,4860.0,4715.9501953125,4729.75,4595.91015625,152802,4595.91015625,,4796.03271484375,-0.041726687554563435,-0.01289771629093206,0.25075141179270594,0.2628870327704318,4532.054697265625,
2024-01-31,4749.0,4762.75,4631.0,4671.60009765625,4539.40576171875,292837,4539.40576171875,,4796.03271484375,-0.0535081740228206,-0.012294495020623852,0.2515009822299778,0.2638051746481449,4540.58333984375,
2024-02-01,4692.0,4698.0,4340.2998046875,4546.0498046875,4417.408203125,825760,4417.408203125,,4796.03271484375,-0.07894535634565314,-0.02687522662604147,0.25958135217958545,0.2667989723924112,4545.655634765625,
2024-02-02,4546.0498046875,4594.9501953125,4463.0,4480.4501953125,4353.6650390625,315504,4353.6650390625,,4796.03271484375,-0.09223616728303774,-0.014429991780566365,0.261009117070192,0.2679866999511672,4548.249111328125,
2024-02-05,4500.0,4538.5,4343.75,4368.2001953125,4244.5908203125,290961,4244.5908203125,,4796.03271484375,-0.11497876001231899,-0.025053424590856355,0.23585973860099776,0.270564057015341,4548.694140625,
2024-02-06,4378.0,4423.60009765625,4362.0498046875,4403.0,4278.40625,177927,4278.40625,,4796.03271484375,-0.10792805129157956,0.007966711308349472,0.23225337166704618,0.268448187528116,4551.970712890625,
2024-02-07,4434.5498046875,4629.2998046875,4434.5,4575.10009765625,4445.63671875,281178,4445.63671875,,4796.03271484375,-0.07305955086779792,0.03908709434734026,0.2562304808740801,0.2759622094026022,4558.08369140625,
2024-02-08,4610.0,4610.0,4440.10009765625,4450.39990234375,4324.46484375,132187,4324.46484375,,4796.03271484375,-0.09832457348221257,-0.027256360037009597,0.26679003712402277,0.2798500254551715,4561.738251953125,
2024-02-09,4464.0,4501.4501953125,4412.7001953125,4489.4501953125,4362.41015625,203496,4362.41015625,,4796.03271484375,-0.0904127607911609,0.008774568384997128,0.2680565992042472,0.2799960677185532,4566.28970703125,
2024-02-12,4484.89990234375,4552.2998046875,4400.0,4428.39990234375,4303.08740234375,149594,4303.08740234375,,4796.03271484375,-0.10278189116065273,-0.01359861906181803,0.26537220924341437,0.2758505766085844,4569.872373046875,
2024-02-13,4448.0,4485.35009765625,4375.7998046875,4464.85009765625,4338.5068359375,290402,4338.5068359375,,4796.03271484375,-0.09539673853562436,0.008231167597120725,0.26577146902866156,0.27609667668428667,4570.748857421875,
2024-02-14,4441.85009765625,4621.10009765625,4427.85009765625,4558.39990234375,4429.40869140625,371445,4429.40869140625,,4796.03271484375,-0.07644318653265159,0.020952336577131803,0.27347608665726875,0.2780458625451753,4574.07498046875,
2024-02-15,4575.0,4587.89990234375,4460.64990234375,4468.60009765625,4342.1494140625,286311,4342.1494140625,,4796.03271484375,-0.09463724035419496,-0.01969998332126066,0.278454459312333,0.27726088486552863,4570.92373046875,
2024-02-16,4510.0,4539.7001953125,4469.4501953125,4524.14990234375,4396.1279296875,185797,4396.1279296875,,4796.03271484375,-0.08338241395196122,0.012431289317264227,0.2768362922700974,0.27654149388472943,4564.657216796875,
2024-02-19,4540.0,4555.85009765625,4449.14990234375,4488.85009765625,4361.8271484375,155541,4361.8271484375,,4796.03271484375,-0.09053432122395266,-0.007802498425572013,0.27500807992047466,0.27582587557420046,4559.807451171875,
2024-02-20,4514.75,4547.0,4461.60009765625,4524.5,4396.46826171875,169172,4396.46826171875,,4796.03271484375,-0.08331145279479546,0.00794188125810047,0.2763947991674208,0.27562427804202483,4555.526142578125,
2024-02-21,4640.0,5134.0,4640.0,4984.7001953125,4843.6455078125,4404765,4843.6455078125,,4843.6455078125,0.0,0.10171283390976438,0.40509856563738883,0.3210156986719272,4560.149501953125,
2024-02-22,5200.0,5450.0,5081.60009765625,5425.0,5271.48583984375,4222692,5271.48583984375,,5271.48583984375,0.0,0.08833023212395918,0.46749868889875,0.3518468821392502,4572.551337890625,
2024-02-23,5420.0,5518.10009765625,5320.64990234375,5392.0498046875,5239.46875,1578299,5239.46875,,5271.48583984375,-0.006073636696840468,-0.006073636696840468,0.4683498605211718,0.35210816185263855,4585.586728515625,
2024-02-26,5359.0498046875,5432.2998046875,5136.0498046875,5296.2001953125,5146.33154296875,1164768,5146.33154296875,,5271.48583984375,-0.023741749608628293,-0.017776078353602176,0.4700198887268271,0.35381573214826173,4595.864423828125,
2024-02-27,5270.0,5474.75,5245.5,5450.5,5296.26513671875,656105,5296.26513671875,,5296.26513671875,0.0,0.02913407200802065,0.4713827376504047,0.35621238548976,4608.653984375,
2024-02-28,5440.0,5552.0,5380.25,5428.60009765625,5274.98486328125,785448,5274.98486328125,,5296.26513671875,-0.00401797736483489,-0.00401797736483489,0.47092389355620573,0.35637983768399784,4620.188115234375,
2024-02-29,5444.9501953125,5485.0,5350.4501953125,5444.9501953125,5290.8720703125,527441,5290.8720703125,,5296.26513671875,-0.0010182772703088983,0.0030118014445577046,0.47047651506023513,0.3477244060258102,4631.004130859375,
2024-03-01,5498.0,5524.60009765625,5455.0,5489.85009765625,5334.5009765625,345570,5334.5009765625,,5334.5009765625,0.0,0.008246070906685832,0.4691736301619104,0.3477374038458614,4643.65375,
2024-03-04,5490.0,5665.0,5488.85009765625,5631.5498046875,5472.19140625,484602,5472.19140625,,5472.19140625,0.0,0.025811304617330277,0.4696118908657655,0.34756488802098,4663.4220703125,
2024-03-05,5620.0,5695.0,5571.4501953125,5680.85009765625,5520.0966796875,340244,5520.0966796875,,5520.0966796875,0.0,0.008754312464798852,0.46691815742622095,0.3456337703656165,4682.7851953125,
2024-03-06,5660.0,5720.0,5588.4501953125,5700.7001953125,5539.384765625,401305,5539.384765625,,5539.384765625,0.0,0.003494157268744136,0.46445048011951895,0.34541071594027617,4701.086240234375,
2024-03-07,5697.0498046875,5792.0,5675.0,5770.75,5607.45263671875,289128,5607.45263671875,,5607.45263671875,0.0,0.012287983950157955,0.4626534903653532,0.3456367894976633,4720.5086328125,
2024-03-11,5801.0498046875,5933.89990234375,5770.75,5841.35009765625,5676.0546875,693540,5676.0546875,,5676.0546875,0.0,0.012234084748577123,0.4626050014765955,0.3456064333382539,4742.03669921875,
2024-03-12,5850.0,5855.0,5690.0,5718.0,5556.19482421875,310813,5556.19482421875,,5676.0546875,-0.021116756247118174,-0.021116756247118174,0.46973389983216096,0.34771774454474047,4762.92927734375,
2024-03-13,5749.89990234375,5809.35009765625,5572.7001953125,5597.25,5438.8623046875,454668,5438.8623046875,,5676.0546875,-0.04178824832939909,-0.021117423568340787,0.4732465990888493,0.3501112656362668,4780.855244140625,
2024-03-14,5614.89990234375,5658.2998046875,5520.0,5625.39990234375,5466.2158203125,354416,5466.2158203125,,5676.0546875,-0.03696914119760231,0.005029271581563188,0.4700663081794708,0.3489485793264132,4799.18544921875,
2024-03-15,5650.0,5789.7998046875,5585.5,5616.5498046875,5457.6162109375,810054,5457.6162109375,,5676.0546875,-0.03848420929480345,-0.001573229023091982,0.4600117903188222,0.34905727903661576,4816.966640625,
2024-03-18,5645.0,5785.0,5616.5498046875,5766.75,5603.56591796875,306134,5603.56591796875,,5676.0546875,-0.012770977998307065,0.026742391071536975,0.4584584551066686,0.3498157126223188,4836.229677734375,
2024-03-19,5787.5,5787.5,5611.5,5628.60009765625,5469.3251953125,245880,5469.3251953125,,5676.0546875,-0.03642133551721527,-0.023956302936632756,0.45776422324505683,0.35278945311324955,4851.8517578125,
2024-03-20,5680.0,5769.85009765625,5560.0,5733.7001953125,5571.451171875,272707,5571.451171875,,5676.0546875,-0.018428912578196455,0.018672500338803744,0.45863084337623805,0.35367944074917806,4869.368642578125,
2024-03-21,5760.0,5877.0,5750.0,5864.89990234375,5698.9384765625,381358,5698.9384765625,,5698.9384765625,0.0,0.022882243917179634,0.45181782850183094,0.3545582834893197,4890.978349609375,
2024-03-22,5875.0,6034.0498046875,5835.0498046875,5967.39990234375,5798.5380859375,514271,5798.5380859375,,5798.5380859375,0.0,0.01747687043554058,0.4393208016836215,0.3552273966920499,4911.325810546875,
2024-03-26,5881.0,5986.60009765625,5875.2998046875,5929.7998046875,5762.001953125,383434,5762.001953125,,5798.5380859375,-0.0063009214169182926,-0.0063009214169182926,0.4419052253989747,0.3539769485789119,4930.6451953125,
2024-03-27,6110.0,6341.89990234375,6086.0,6279.35009765625,6101.66064453125,1232034,6101.66064453125,,6101.66064453125,0.0,0.058948034757613677,0.45841249535147693,0.3657317199860403,4957.998623046875,
2024-03-28,6280.0,6471.9501953125,6222.7998046875,6360.85009765625,6180.8544921875,722060,6180.8544921875,,6180.8544921875,0.0,0.012979064597312462,0.4582711404754369,0.36588024949847675,4988.644189453125,
2024-04-01,6422.4501953125,6568.2998046875,6397.0498046875,6504.64990234375,6320.5849609375,396061,6320.5849609375,,6320.5849609375,0.0,0.022606982404555387,0.45856902815629147,0.36662683725527734,5022.687783203125,
2024-04-02,6545.0,6545.0,6372.64990234375,6429.85009765625,6247.90185546875,280233,6247.90185546875,,6320.5849609375,-0.011499427017902075,-0.011499427017902075,0.4541898482509862,0.3674516182774985,5054.18166015625,
2024-04-03,6458.0,6520.0,6431.85009765625,6504.0498046875,6320.00244140625,217760,6320.00244140625,,6320.5849609375,-9.216228163222429e-05,0.011539967753237068,0.4541997835410491,0.36726638777634635,5087.82201171875,
2024-04-04,6593.0,6622.4501953125,6490.0498046875,6501.7998046875,6317.8154296875,325004,6317.8154296875,,6320.5849609375,-0.0004381764135940047,-0.00034604602435306386,0.45180371063901636,0.36726461283810663,5122.63712890625,
2024-04-05,6521.10009765625,6683.7001953125,6515.0,6669.85009765625,6481.1103515625,382254,6481.1103515625,,6481.1103515625,0.0,0.025846738274067693,0.45310834559877694,0.36533142721905654,5158.57845703125,
2024-04-08,6670.0,6747.89990234375,6630.5,6699.75,6510.16455078125,179056,6510.16455078125,,6510.16455078125,0.0,0.004482904570780155,0.36808391279342223,0.36533113503313436,5196.070634765625,
2024-04-09,6719.0,6721.60009765625,6495.64990234375,6529.7998046875,6345.02294921875,317551,6345.02294921875,,6510.16455078125,-0.025366732326709385,-0.025366732326709385,0.29934220037409504,0.36883742353321525,5231.023740234375,
2024-04-10,6578.64990234375,6666.0,6560.0,6641.5498046875,6453.611328125,234204,6453.611328125,,6510.16455078125,-0.008686911400644037,0.017113945808441944,0.2985102982363796,0.36921331710859834,5267.992177734375,
2024-04-12,6650.0,6773.10009765625,6642.0,6752.9501953125,6561.859375,418148,6561.859375,,6561.859375,0.0,0.01677325165264487,0.2901274474103331,0.3694726233664738,5306.11013671875,
2024-04-15,6660.0,6729.0498046875,6547.0498046875,6561.0498046875,6375.38916015625,333967,6375.38916015625,,6561.859375,-0.028417282996673454,-0.028417282996673454,0.3019109220525821,0.36869947753857446,5341.699716796875,
2024-04-16,6569.7001953125,6666.0,6525.0,6644.85009765625,6456.818359375,268622,6456.818359375,,6561.859375,-0.016007812667427013,0.01277242803116252,0.30080867410972995,0.3683806679919543,5380.04796875,
2024-04-18,6643.4501953125,6644.0,6310.0,6369.5,6189.259765625,1041299,6189.259765625,,6561.859375,-0.056782626399243696,-0.04143814783972011,0.33183172831114277,0.36637302277912703,5415.485,
2024-04-19,6369.5,6369.5,6245.0,6292.60009765625,6114.53564453125,286043,6114.53564453125,,6561.859375,-0.06817027078833882,-0.012073191936257999,0.3355499473916378,0.3600646145157742,5450.702412109375,
2024-04-22,6375.0,6544.10009765625,6308.0,6525.2998046875,6340.650390625,384870,6340.650390625,,6561.859375,-0.033711326581880585,0.036979872101323696,0.34311046530074274,0.3618528390824763,5492.623603515625,
2024-04-23,6569.7998046875,6569.7998046875,6295.39990234375,6307.4501953125,6128.9658203125,550348,6128.9658203125,,6561.859375,-0.06597117218585624,-0.033385308646805,0.36055411102481966,0.3671515721080287,5529.634794921875,
2024-04-24,6366.7998046875,6381.5,6300.0498046875,6343.85009765625,6164.33544921875,239797,6164.33544921875,,6561.859375,-0.06058098826313996,0.005770896745586063,0.3606008684511359,0.36713670017300903,5564.00876953125,
2024-04-25,6374.0,6461.2001953125,6345.5,6431.7001953125,6249.69970703125,260935,6249.69970703125,,6561.859375,-0.047571831416876376,0.013848087683696608,0.3609474679164967,0.36745480148366927,5602.513466796875,
2024-04-26,6470.0,6489.9501953125,6377.7998046875,6410.4501953125,6229.05029296875,163903,6229.05029296875,,6561.859375,-0.050718715993704144,-0.0033040649999980243,0.3606279842443257,0.3664845577840652,5639.84626953125,
2024-04-29,6460.60009765625,6463.9501953125,6349.2001953125,6451.89990234375,6269.328125,158748,6269.328125,,6561.859375,-0.04458054238628062,0.006466127280544631,0.3531481262231086,0.36637109555535047,5679.171083984375,
2024-04-30,6500.0,6642.5,6454.0,6540.75,6355.6640625,393914,6355.6640625,,6561.859375,-0.03142330560840467,0.013771162679413917,0.345750938235303,0.366755287217081,5719.514228515625,
2024-05-02,6585.0,6747.9501953125,6545.0,6682.5,6493.40234375,317802,6493.40234375,,6561.859375,-0.010432566036208346,0.021671737193079466,0.3489312236770731,0.36788656424307264,5760.7941015625,
2024-05-03,6709.85009765625,6790.0,6638.10009765625,6698.5498046875,6532.26318359375,337954,6532.26318359375,,6561.859375,-0.004510336128050629,0.005984665324358707,0.3481945601315877,0.3677053856589595,5804.596376953125,
2024-05-06,6710.0,7028.0,6710.0,6940.35009765625,6768.0615234375,689802,6768.0615234375,,6768.0615234375,0.0,0.03609749534219242,0.3539883603391712,0.3708689316001813,5852.035048828125,
2024-05-07,6977.0,7040.0,6826.5498046875,6888.4501953125,6717.44921875,384249,6717.44921875,,6768.0615234375,-0.007478109427970114,-0.007478109427970114,0.34474817367591964,0.36138899460501644,5899.147490234375,
2024-05-08,6905.60009765625,7218.0,6802.7998046875,7186.75,7008.34423828125,545654,7008.34423828125,,7008.34423828125,0.0,0.04330438683768434,0.3590275325554401,0.36671007100000746,5951.385009765625,
2024-05-09,7205.0,7205.0,6961.0498046875,6985.10009765625,6811.7001953125,412297,6811.7001953125,,7008.34423828125,-0.028058559380492953,-0.028058559380492953,0.3707497008692068,0.37039069515298123,5990.746103515625,
2024-05-10,7040.0,7210.0,7030.0,7178.35009765625,7000.1533203125,509593,7000.1533203125,,7008.34423828125,-0.0011687379629569117,0.02766609210571014,0.3745928871463059,0.3723815329288927,6025.319453125,
2024-05-13,7550.0,8188.9501953125,7400.0,7984.25,7786.046875,3294820,7786.046875,,7786.046875,0.0,0.11226804881645314,0.4815594875126476,0.41282039835222384,6076.251015625,
2024-05-14,8035.0,8119.89990234375,7915.89990234375,8080.85009765625,7880.2490234375,856307,7880.2490234375,,7880.2490234375,0.0,0.012098841677921524,0.4592426267225896,0.4106953561415513,6130.929365234375,
2024-05-15,8080.0,8125.0,7965.2001953125,8084.2998046875,7883.61279296875,460611,7883.61279296875,,7883.61279296875,0.0,0.00042686081635823214,0.4597277666669844,0.4108220547207396,6182.676318359375,
2024-05-16,8084.2998046875,8377.650390625,8027.60009765625,8305.150390625,8098.98095703125,1059012,8098.98095703125,,8098.98095703125,0.0,0.027318460421417834,0.46118123046259807,0.41221035888041635,6239.156240234375,
2024-05-17,8300.0,8390.099609375,8235.0,8371.349609375,8163.53662109375,319044,8163.53662109375,,8163.53662109375,0.0,0.007970837862812274,0.45720813192812926,0.41219154543193703,6296.60953125,
2024-05-21,8350.0,8599.7998046875,8350.0,8549.2998046875,8337.0703125,375839,8337.0703125,,8337.0703125,0.0,0.02125717069215516,0.4584794122199563,0.41263443013799006,6356.66091796875,
2024-05-22,8555.0,8590.0,8384.5498046875,8413.2001953125,8204.3486328125,326374,8204.3486328125,,8337.0703125,-0.01591946267845512,-0.01591946267845512,0.46362790163919576,0.4143435251441525,6411.3040625,
2024-05-23,8460.0,8490.0,8356.5498046875,8423.5498046875,8214.4404296875,203242,8214.4404296875,,8337.0703125,-0.014708989874853029,0.0012300546120918021,0.4614077723583234,0.4143557002407872,6465.1909375,
2024-05-24,8477.7998046875,8508.75,8375.7998046875,8422.2001953125,8213.125,163314,8213.125,,8337.0703125,-0.014866770682522068,-0.00016013625015109945,0.4619398982419549,0.4126905522608109,6518.6657421875,
2024-05-27,8459.9501953125,8470.0,8261.099609375,8398.349609375,8189.865234375,229846,8189.865234375,,8337.0703125,-0.017656691452426765,-0.0028320238185830515,0.45223741952524177,0.4101575003120166,6570.313994140625,
2024-05-28,8365.099609375,8374.7001953125,8177.14990234375,8233.650390625,8029.255859375,328008,8029.255859375,,8337.0703125,-0.036921177534449345,-0.019610746990790573,0.45893424994404225,0.4124165185463955,6617.378017578125,
2024-05-29,8133.0,8248.4501953125,8124.9501953125,8198.349609375,7994.83154296875,226167,7994.83154296875,,8337.0703125,-0.04105024387501233,-0.0042873607478899345,0.4593750887116718,0.41154118205424545,6666.150751953125,
2024-05-30,8142.2998046875,8291.650390625,8109.14990234375,8264.650390625,8059.486328125,319976,8059.486328125,,8337.0703125,-0.03329514733236816,0.008087072855601507,0.44693499017708227,0.40950746905194824,6718.563232421875,
2024-05-31,8328.0,8351.0,8166.89990234375,8317.9501953125,8111.462890625,516112,8111.462890625,,8337.0703125,-0.027060755567425265,0.0064491160334398945,0.44675036736705026,0.40892152762899964,6771.468173828125,
2024-06-03,8500.5,8765.0,8395.25,8728.0,8511.3349609375,537121,8511.3349609375,,8511.3349609375,0.0,0.04929715831834236,0.4367791847846072,0.4150385426020901,6832.542548828125,
2024-06-04,8750.0,8750.0,6982.39990234375,7666.75,7476.427734375,1346607,7476.427734375,,8511.3349609375,-0.12159164588306925,-0.12159164588306925,0.5792226203478503,0.4669875951930366,6869.99978515625,
2024-06-05,7850.0,7899.9501953125,7238.14990234375,7812.7001953125,7618.75537109375,1097810,7618.75537109375,,8511.3349609375,-0.1048695174071066,0.019036850455245835,0.5735610148952489,0.466407319179722,6912.988388671875,
2024-06-06,7801.0498046875,8144.7001953125,7801.0498046875,7987.5,7789.21630859375,483840,7789.21630859375,,8511.3349609375,-0.08484199666185044,0.02237385625304955,0.5622866921226501,0.46630543600103225,6957.34369140625,
2024-06-07,8049.9501953125,8101.2001953125,7920.0,8073.25,7872.83740234375,323673,7872.83740234375,,8511.3349609375,-0.07501732237353065,0.010735495130330674,0.5622507861542952,0.4655344712764882,7000.821669921875,
2024-06-10,8178.0498046875,8200.0,7994.2998046875,8061.9501953125,7861.818359375,271789,7861.818359375,,8511.3349609375,-0.07631195394652379,-0.0013996279112115095,0.562798549246299,0.46506915418603384,7042.087275390625,
2024-06-11,8145.0,8334.400390625,8072.10009765625,8095.25,7894.291015625,434290,7894.291015625,,8511.3349609375,-0.07249672914347793,0.004130425655443526,0.5618787514440913,0.46501741017265563,7084.733056640625,
2024-06-12,8120.14990234375,8325.0,8120.0,8281.0,8075.4296875,436181,8075.4296875,,8511.3349609375,-0.05121467730245299,0.022945527535845445,0.5633772901414049,0.4657782589121481,7124.2084375,
2024-06-13,8350.0,8489.900390625,8305.0498046875,8446.599609375,8236.919921875,386195,8236.919921875,,8511.3349609375,-0.03224112789849287,0.01999772651416576,0.5641151501354328,0.4651392608211432,7165.32974609375,
2024-06-14,8506.650390625,9145.0,8453.0498046875,9020.0,8796.0849609375,1242412,8796.0849609375,,8796.0849609375,0.0,0.06788521005011972,0.5883042131488634,0.4750031890176756,7214.83974609375,
2024-06-18,9149.9501953125,9149.9501953125,8801.099609375,8867.0,8646.8828125,517839,8646.8828125,,8796.0849609375,-0.016962335982438903,-0.016962335982438903,0.593684789439591,0.4732395777876535,7262.819365234375,
2024-06-19,8904.0,8913.75,8521.0,8544.0,8331.900390625,601292,8331.900390625,,8796.0849609375,-0.05277172428118826,-0.03642728006208884,0.6031963882726454,0.477593505059648,7303.05732421875,
2024-06-20,8600.0,8665.599609375,8385.599609375,8539.2998046875,8327.3173828125,409555,8327.3173828125,,8796.0849609375,-0.05329275242414644,-0.0005500555212658575,0.6020187351387726,0.47458849707720957,7343.24736328125,
2024-06-21,8590.0,8640.5,8355.0,8399.400390625,8190.8916015625,318529,8190.8916015625,,8796.0849609375,-0.06880258229230396,-0.01638292081091819,0.5963348806176781,0.476332598942504,7377.44298828125,
2024-06-24,8389.0498046875,8565.349609375,8250.75,8465.2998046875,8255.154296875,435447,8255.154296875,,8796.0849609375,-0.0614967529832553,0.007845628832426677,0.5875833305939732,0.47336023863072174,7412.342783203125,5299.902443847656
2024-06-25,8494.9501953125,8597.849609375,8385.0498046875,8399.650390625,8191.1357421875,244800,8191.1357421875,,8796.0849609375,-0.06877482669125146,-0.007754979784173721,0.5857736545110399,0.47044067890120805,7449.2650390625,5320.1409375
2024-06-26,8426.0,8435.0,8235.7001953125,8390.849609375,8182.5537109375,336425,8182.5537109375,,8796.0849609375,-0.06975049157945024,-0.0010477217714509601,0.4914732866181884,0.4706555765974042,7483.84388671875,5340.070520019532
2024-06-27,8380.5,8690.849609375,8327.5498046875,8643.0498046875,8428.4921875,654170,8428.4921875,,8796.0849609375,-0.041790498280762534,0.0300564451210088,0.4973562752270312,0.47079780129350884,7521.17654296875,5361.098125
2024-06-28,8720.0,8720.150390625,8437.0,8490.900390625,8280.1181640625,400414,8280.1181640625,,8796.0849609375,-0.05865868726443124,-0.01760386319839602,0.500817483265708,0.4727317824649267,7559.271123046875,5381.2108984375
2024-07-01,8490.900390625,8645.849609375,8461.349609375,8587.400390625,8374.224609375,251582,8374.224609375,,8796.0849609375,-0.04796001328272048,0.01136535052373322,0.4959577506234218,0.4722394577642621,7597.619248046875,5402.231955566406
2024-07-02,8589.9501953125,8670.0,8414.0498046875,8514.2001953125,8302.841796875,240074,8302.841796875,,8796.0849609375,-0.05607530694086538,-0.008524110091349457,0.4964217310882876,0.47078243106254664,7639.890888671875,5422.8093774414065
2024-07-03,8536.0,8642.7001953125,8530.0,8617.849609375,8403.9189453125,235527,8403.9189453125,,8796.0849609375,-0.04458415503790247,0.012173801562200381,0.4939011753537664,0.47077523986250847,7685.6785546875,5443.253291015625
2024-07-04,8680.0,8808.7001953125,8580.150390625,8715.7998046875,8499.4365234375,329126,8499.4365234375,,8796.0849609375,-0.033725053682107986,0.011365837622491215,0.49222610280563744,0.4700850422915995,7728.85427734375,5463.885708007812
2024-07-05,8715.9501953125,8715.9501953125,8604.4501953125,8679.400390625,8463.939453125,222477,8463.939453125,,8796.0849609375,-0.037760607052742645,-0.0041764027785389235,0.4925165905389995,0.4705169909040469,7775.55375,5484.591826171875
2024-07-08,8700.0,8700.0,8492.0,8559.5498046875,8347.0654296875,161299,8347.0654296875,,8796.0849609375,-0.051047657366208865,-0.013808466386695195,0.49449633682811095,0.44415551657563507,7819.208349609375,5504.665234375
2024-07-09,8615.0,8714.9501953125,8567.150390625,8591.0,8377.734375,195613,8377.734375,,8796.0849609375,-0.04756099876198916,0.0036742188701937017,0.49441474944770525,0.4220052322564532,7861.76904296875,5524.1131640625
2024-07-10,8624.9501953125,8624.9501953125,8381.599609375,8542.849609375,8330.7802734375,178905,8330.7802734375,,8796.0849609375,-0.0528990669788173,-0.005604630018184342,0.4909354502499069,0.42196950354491214,7903.803642578125,5544.380378417969
2024-07-11,8585.0498046875,8590.0,8427.0,8457.9501953125,8247.9873046875,134239,8247.9873046875,,8796.0849609375,-0.06231154640775349,-0.009938200988685697,0.4918077130524943,0.4209470355079104,7943.376826171875,5564.5290234375
2024-07-12,8400.0,8500.0,8191.0,8209.25,8005.46142578125,406193,8005.46142578125,,8796.0849609375,-0.0898835719149289,-0.029404249782055025,0.49940360651570287,0.4230733899234014,7976.3727734375,5583.343090820313
2024-07-15,8210.2998046875,8265.0,8114.75,8251.150390625,8046.32177734375,279190,8046.32177734375,,8796.0849609375,-0.0852382835003721,0.005104059515034454,0.4992742323354353,0.42280094502195187,8007.431162109375,5602.297329101562
2024-07-16,8289.0,8299.9501953125,8184.9501953125,8232.2998046875,8027.93896484375,212920,8027.93896484375,,8796.0849609375,-0.08732816923722386,-0.0022846230872547446,0.4771113895350557,0.4229662692046296,8037.344677734375,5621.446794433594
2024-07-18,8234.7001953125,8249.900390625,7713.35009765625,7893.14990234375,7697.2080078125,715249,7697.2080078125,,8796.0849609375,-0.12492796033746811,-0.04119749271632478,0.33782274203889606,0.4299250480781458,8055.927607421875,5638.900087890625
2024-07-19,7900.0,7909.7001953125,7600.0,7620.5,7431.32666015625,355166,7431.32666015625,,8796.0849609375,-0.1551551976637333,-0.03454257016133466,0.34873722756868974,0.433281457877709,8070.20515625,5655.280751953125
2024-07-22,7525.14990234375,7759.85009765625,7425.0,7716.9501953125,7525.38232421875,363722,7525.38232421875,,8796.0849609375,-0.14446229684704148,0.012656645086911444,0.34428371491035326,0.43345757827704484,8080.54591796875,5672.565073242187
2024-07-23,7766.9501953125,7812.0498046875,7053.2001953125,7503.0498046875,7316.79150390625,714300,7316.79150390625,,8796.0849609375,-0.1681763493191163,-0.02771830205107284,0.350943453602729,0.4366586543452711,8090.647744140625,5688.855509033203
2024-07-24,7549.9501953125,7637.9501953125,7435.0,7522.60009765625,7335.85693359375,388681,7335.85693359375,,8796.0849609375,-0.16600885892172157,0.0026057090293363228,0.35121514059769565,0.43640569022336456,8097.36181640625,5705.103774414062
2024-07-25,7450.0,7766.0,7410.0498046875,7623.7998046875,7434.54443359375,304924,7434.54443359375,,8796.0849609375,-0.15478937884186095,0.013452756902615048,0.3536760766452493,0.43648057471804425,8090.331767578125,5721.7087109375
2024-07-26,7698.9501953125,7870.0,7649.35009765625,7851.25,7656.34814453125,237187,7656.34814453125,,8796.0849609375,-0.12957319324082284,0.029834203416050142,0.35838963888902964,0.4367109014633303,8085.85375,5740.062290039063
2024-07-29,7899.0,7994.5,7812.0498046875,7974.2998046875,7776.34375,207473,7776.34375,,8796.0849609375,-0.1159312598122989,0.015672694501811524,0.3563454525800045,0.4350687390117088,8083.708369140625,5759.032608642578
2024-07-30,7990.0,8049.0,7830.0,7843.4501953125,7648.7421875,136915,7648.7421875,,8796.0849609375,-0.13043789123601357,-0.016408940576990272,0.29114446831230356,0.4364511893535388,8074.70359375,5777.395528564453
2024-07-31,7798.2001953125,7948.0,7790.0,7896.85009765625,7700.81689453125,274082,7700.81689453125,,8796.0849609375,-0.12451767704270955,0.006808270661332161,0.29044203779841365,0.4363672072697531,8065.44919921875,5796.477707519532
2024-08-01,7896.85009765625,7948.0,7735.0,7769.7998046875,7576.92041015625,143518,7576.92041015625,,8796.0849609375,-0.1386030894648509,-0.01608874565800744,0.2761527626758789,0.43599009470059863,8050.246201171875,5814.598851318359
2024-08-02,7695.0498046875,7779.9501953125,7547.5498046875,7578.7998046875,7390.66162109375,195829,7390.66162109375,,8796.0849609375,-0.1597782815974481,-0.02458238690389769,0.2829888333564465,0.436103921141804,8033.9724609375,5831.471440429687
2024-08-05,7402.10009765625,7597.89990234375,7236.7998046875,7465.7001953125,7280.369140625,335130,7280.369140625,,8796.0849609375,-0.17231709641773996,-0.014923221508878592,0.28245663428312057,0.4364667955826738,8015.29103515625,5847.95484008789
2024-08-06,7446.75,7650.0,7428.0,7465.7001953125,7280.369140625,271285,7280.369140625,,8796.0849609375,-0.17231709641773996,0.0,0.28056278829162395,0.43524549229185655,7996.63591796875,5863.986398925781
2024-08-07,7556.0,7915.0,7470.35009765625,7870.39990234375,7675.02294921875,470318,7675.02294921875,,8796.0849609375,-0.12745011180511212,0.05420793931883927,0.327036609789871,0.44295280416909777,7986.339072265625,5882.026693115235
2024-08-08,7881.0,8154.0,7776.0,7942.2998046875,7745.13720703125,630662,7745.13720703125,,8796.0849609375,-0.1194790362500362,0.009135380868097176,0.3286120600873294,0.44273816864836546,7980.65669921875,5900.268648681641
2024-08-09,8150.0,8263.75,7921.0,7972.10009765625,7774.19873046875,1288936,7774.19873046875,,8796.0849609375,-0.11617512052314649,0.003752228354472198,0.31514388767140256,0.43274897709577975,7976.24404296875,5918.592017822266
2024-08-12,7989.9501953125,7989.9501953125,7630.85009765625,7674.7001953125,7484.18115234375,499233,7484.18115234375,,8796.0849609375,-0.14914633208066752,-0.037305140784266166,0.32824923949385415,0.4376393795925299,7964.737939453125,5935.211441650391
2024-08-13,7788.75,7788.75,7525.0,7544.7998046875,7357.50537109375,485092,7357.50537109375,,8796.0849609375,-0.163547714265191,-0.01692580372808461,0.327613590064088,0.4374975248946902,7949.6587890625,5951.187044677735
2024-08-14,7600.0,7815.0,7451.0,7756.9501953125,7564.3896484375,505429,7564.3896484375,,8796.0849609375,-0.14002767344447342,0.028118807518178635,0.3402818699813438,0.43903918758410637,7930.7198828125,5969.097349853516
2024-08-16,7841.0,7925.0,7724.35009765625,7911.2001953125,7714.810546875,383686,7714.810546875,,8796.0849609375,-0.1229267815015802,0.019885397953894435,0.34396016314888644,0.4397468911976125,7935.4875390625,5987.779924316406
2024-08-19,7954.9501953125,7984.39990234375,7808.9501953125,7822.60009765625,7628.40966796875,140445,7628.40966796875,,8796.0849609375,-0.13274943320287091,-0.011199351997211116,0.3421995372213242,0.44032735714769716,7935.680625,6006.413585205079
2024-08-20,7868.9501953125,7881.0,7735.5498046875,7800.75,7607.10205078125,180753,7607.10205078125,,8796.0849609375,-0.13517183104033215,-0.002793192567642211,0.34219481255831724,0.43862845348262897,7932.03833984375,6025.2934375
2024-08-21,7825.0,7930.0,7765.7998046875,7921.5498046875,7724.90283203125,139006,7724.90283203125,,8796.0849609375,-0.12177942046527046,0.015485631777202524,0.34491968289870517,0.43917944890130906,7929.0796484375,6044.821567382813
2024-08-22,7950.0,7950.0,7830.60009765625,7859.5498046875,7664.44140625,112842,7664.44140625,,8796.0849609375,-0.12865309506593126,-0.007826820232682663,0.3447845909305904,0.43702820802837866,7925.132109375,6063.912564697265
2024-08-23,7859.7998046875,7914.60009765625,7768.89990234375,7795.75,7612.55126953125,141683,7612.55126953125,,8796.0849609375,-0.13455232602483946,-0.006770243774899987,0.3448854536684033,0.4365905534240196,7919.497314453125,6082.499973144531
2024-08-26,7820.0,7832.60009765625,7700.0,7790.39990234375,7607.32666015625,186052,7607.32666015625,,8796.0849609375,-0.13514629588736382,-0.0006863151642618748,0.34425701042517903,0.4359187792876285,7910.13525390625,6100.761488037109
2024-08-27,7828.7001953125,8024.25,7828.7001953125,7906.9501953125,7721.13818359375,465311,7721.13818359375,,8796.0849609375,-0.12220741183350059,0.014960777750427479,0.33804563869014226,0.4333790708591875,7899.819619140625,6119.402091064453
2024-08-28,7929.9501953125,7955.9501953125,7845.0498046875,7938.39990234375,7751.84912109375,153307,7751.84912109375,,8796.0849609375,-0.11871597926589983,0.003977514295140594,0.3378850165348175,0.43303856404883795,7878.93490234375,6138.460065917969
2024-08-29,7953.5,8014.4501953125,7789.2998046875,7876.5,7691.40380859375,261097,7691.40380859375,,8796.0849609375,-0.1255878219968911,-0.007797534698594788,0.33844117116291267,0.42701205228200245,7859.825322265625,6157.109171142578
2024-08-30,7931.64990234375,7960.0,7843.2998046875,7936.0498046875,7749.55419921875,328066,7749.55419921875,,8796.0849609375,-0.1189768819157937,0.0075604391697685625,0.3172144300241361,0.42634212442597713,7848.1783984375,6175.609090576172
2024-09-02,7945.0,7947.35009765625,7636.64990234375,7699.25,7518.31884765625,278992,7518.31884765625,,8796.0849609375,-0.1452653218966934,-0.02983853594904995,0.31297400283711097,0.425921511758868,7831.998427734375,6192.776953125
2024-09-03,7748.64990234375,7828.7998046875,7680.7001953125,7767.89990234375,7585.35546875,199718,7585.35546875,,8796.0849609375,-0.1376441334484858,0.008916437630820617,0.31190527600533574,0.4217612715487169,7819.887705078125,6210.255222167969
2024-09-04,7754.89990234375,7765.0,7575.0,7639.0498046875,7459.533203125,301420,7459.533203125,,8796.0849609375,-0.1519484820517295,-0.016587523965535977,0.3047565032392656,0.42296130738137766,7803.975283203125,6226.780073242187
2024-09-05,7655.0,7678.0,7611.39990234375,7650.10009765625,7470.32373046875,165098,7470.32373046875,,8796.0849609375,-0.1507217399964096,0.0014465419014730863,0.30471604189087326,0.4225258449567625,7789.55904296875,6243.189074707031
2024-09-06,7650.0,7650.0,7500.0498046875,7516.39990234375,7339.76513671875,170226,7339.76513671875,,8796.0849609375,-0.16556454726007253,-0.01747696598709625,0.30671987954820823,0.4237253722568203,7772.703271484375,6259.291206054688
2024-09-09,7500.0,7630.0,7431.5498046875,7600.89990234375,7422.27978515625,197525,7422.27978515625,0.7913340456640354,8796.0849609375,-0.15618370921633618,0.011242137439071875,0.295398880891859,0.423937526423196,7752.5790234375,6275.691979980469
2024-09-10,7600.89990234375,7640.85009765625,7510.0,7535.7001953125,7358.61181640625,175153,7358.61181640625,0.7534543620013838,8796.0849609375,-0.16342192588122095,-0.00857795321557786,0.29194048532750766,0.42386448377820946,7734.148896484375,6291.793608398438
2024-09-11,7559.89990234375,7654.89990234375,7532.5498046875,7568.9501953125,7391.08056640625,137928,7391.08056640625,0.7502086164942601,8796.0849609375,-0.15973065298604194,0.004412347166840691,0.28903242729152284,0.4225764410031254,7714.486015625,6308.184143066406
2024-09-12,7622.10009765625,7756.0,7615.0498046875,7720.2001953125,7538.7763671875,267442,7538.7763671875,0.770678560328643,8796.0849609375,-0.14293956906209715,0.019982978057708323,0.29458708290324603,0.42361766223309294,7699.20470703125,6325.059057617187
2024-09-13,7774.25,7869.89990234375,7652.2998046875,7684.39990234375,7503.81787109375,282303,7503.81787109375,0.7994710186088432,8796.0849609375,-0.14691389357680995,-0.0046371578610431285,0.29118589432052766,0.41978594435157907,7681.202685546875,6341.458190917969
2024-09-16,7730.0,7897.0,7699.10009765625,7765.2001953125,7582.71923828125,355094,7582.71923828125,0.810860281156961,8796.0849609375,-0.1379438384286511,0.010514829723072605,0.28326761656406335,0.41977673186492465,7662.86833984375,6358.260090332031
2024-09-17,7819.5,7883.64990234375,7762.5498046875,7873.64990234375,7688.6201171875,157996,7688.6201171875,0.7817792316494931,8796.0849609375,-0.12590429136009218,0.013966082031840354,0.2815176716186154,0.41437836913181464,7647.361953125,6376.130302734375
2024-09-18,7873.64990234375,7917.5,7760.0,7785.25,7602.2978515625,164835,7602.2978515625,0.7384814413171876,8796.0849609375,-0.13571800575784387,-0.011227276716667456,0.2840698933010529,0.4119439976010961,7632.4666015625,6393.441853027343
2024-09-19,7830.0,7832.85009765625,7350.0498046875,7502.7001953125,7326.3876953125,438617,7326.3876953125,0.6948575848742371,8796.0849609375,-0.16708538766414527,-0.03629299478095194,0.2583538855027713,0.4143606873170534,7611.43966796875,6409.365107421875
2024-09-20,7560.0,7769.7998046875,7516.60009765625,7695.75,7514.90087890625,474901,7514.90087890625,0.7345879877674517,8796.0849609375,-0.145653900311429,0.025730713611342493,0.2685224869753696,0.37156379056031036,7595.122080078125,6426.265424804687
2024-09-23,7750.0,7959.0,7750.0,7939.64990234375,7753.0693359375,267031,7753.0693359375,0.7274538585127845,8796.0849609375,-0.11857725677183928,0.03169282747291735,0.28443757195047176,0.3748200763582916,7585.223720703125,6444.411000976563
2024-09-24,7870.0,8100.0,7870.0,8078.2001953125,7888.36376953125,333336,7888.36376953125,0.844222942339983,8796.0849609375,-0.10319604635895918,0.017450435141425302,0.2655699738303829,0.3759427744839285,7582.881767578125,6462.379406738281
2024-09-25,8099.0,8194.599609375,7992.4501953125,8178.35009765625,7986.16015625,302067,7986.16015625,0.8932363991960637,8796.0849609375,-0.09207787422294034,0.012397550312840178,0.2610770343916991,0.3737279003615101,7581.67853515625,6480.994694824219
2024-09-26,8214.0,8214.0,7962.5498046875,8070.39990234375,7880.7470703125,231382,7880.7470703125,0.8575067185962666,8796.0849609375,-0.10406196560059622,-0.013199470568468818,0.2537109956056497,0.37414802821271614,7578.734697265625,6497.899870605469
2024-09-27,8090.0,8187.25,8065.0,8133.4501953125,7942.3154296875,339640,7942.3154296875,0.8663761554367415,8796.0849609375,-0.0970624471047633,0.007812502904316565,0.24846326120682014,0.37264725662681425,7583.636845703125,6514.0641796875
2024-09-30,7975.0,8196.0,7975.0,8055.0,7865.708984375,266470,7865.708984375,0.8736595965524325,8796.0849609375,-0.10577159960302829,-0.009645354177970966,0.24783548834166608,0.3720481652141371,7592.3244921875,6530.371147460937
2024-10-01,8100.0,8303.25,8085.0498046875,8268.099609375,8073.80029296875,368953,8073.80029296875,0.9193404583370912,8796.0849609375,-0.08211433509070698,0.02645550566479349,0.25808780318796765,0.3747058894485932,7603.2928515625,6547.68748046875
2024-10-03,8201.0,8260.0,8045.7998046875,8110.2998046875,7919.708984375,320792,7919.708984375,0.9059782226146047,8796.0849609375,-0.09963250473982399,-0.019085350516775068,0.2619448013554248,0.37607727942172,7615.351201171875,6564.223637695312
2024-10-04,8090.0498046875,8104.2001953125,7880.0,7930.39990234375,7744.037109375,305714,7744.037109375,0.9034048719895107,8796.0849609375,-0.11960410298837898,-0.022181607347768417,0.26933003687111773,0.3778618095004469,7623.5148046875,6579.686853027344
2024-10-07,7903.0,8060.0,7672.14990234375,7758.2998046875,7575.98046875,193223,7575.98046875,0.8666007236448621,8796.0849609375,-0.13870994852890317,-0.02170142501274297,0.27621324359549065,0.37817983709143066,7626.343525390625,6594.628259277344
2024-10-08,7769.9501953125,8177.0,7745.0498046875,8154.64990234375,7963.0166015625,190857,7963.0166015625,0.9487565670760827,8796.0849609375,-0.09470899418031664,0.05108726644808237,0.3133766439561295,0.3877807284197672,7632.47689453125,6611.281108398438
2024-10-09,8152.75,8579.7998046875,8080.7998046875,8458.0498046875,8259.2861328125,567692,8259.2861328125,1.007820937935668,8796.0849609375,-0.06102701719104209,0.03720569051581113,0.32784686623984105,0.3924783584186966,7642.1357421875,6629.293603515625
2024-10-10,8499.0,8619.7001953125,8444.0,8510.2998046875,8310.3095703125,321074,8310.3095703125,1.0850667834598764,8796.0849609375,-0.05522631861587035,0.006177705515891363,0.32799772671636157,0.3924671287585826,7655.36708984375,6647.353759765625
2024-10-11,8505.349609375,8608.0,8421.349609375,8553.7001953125,8352.6884765625,226675,8352.6884765625,1.0974638687167562,8796.0849609375,-0.050408390362766786,0.0050995580719872535,0.32659701226646876,0.38380457851297245,7668.404521484375,6665.366845703125
2024-10-14,8592.599609375,8689.0,8539.25,8570.5,8369.0947265625,181469,8369.0947265625,1.1048193504938864,8796.0849609375,-0.048543213972036314,0.0019641879433234255,0.3263141452455147,0.32390552990355015,7684.2480078125,6683.702219238281
2024-10-15,8620.0,8678.0,8545.0,8648.2998046875,8445.06640625,192358,8445.06640625,1.1741086111778913,8796.0849609375,-0.03990622603650795,0.009077646050100752,0.3116858031636802,0.3228019985059171,7705.336103515625,6703.5086743164065
2024-10-16,8680.0,8940.599609375,8617.5,8769.349609375,8563.2705078125,660651,8563.2705078125,1.1664403058018031,8796.0849609375,-0.026467963208507528,0.013996823219178056,0.3127187103918667,0.32155898591917553,7730.994130859375,6723.565324707031
2024-10-17,8775.0,8815.0,8420.0498046875,8690.7001953125,8486.4697265625,407941,8486.4697265625,1.1130891102651197,8796.0849609375,-0.035199209165210354,-0.008968627252862404,0.3090683338783974,0.32160443206420863,7755.116142578125,6742.876010742188
2024-10-18,8669.0498046875,8850.0,8560.0498046875,8783.0,8576.6015625,197602,8576.6015625,1.1529293859463925,8796.0849609375,-0.024952396368634777,0.010620651323999697,0.30942667177535443,0.3219754451537093,7773.14771484375,6762.577353515625
2024-10-21,8830.099609375,8871.2998046875,8260.0,8279.7001953125,8085.12841796875,337458,8085.12841796875,0.984539656082974,8796.0849609375,-0.08082647520186925,-0.05730394969962793,0.35282535963296635,0.33646068102709825,7779.9475390625,6780.004738769531
2024-10-22,8271.25,8378.0,8155.0498046875,8177.5498046875,7985.37841796875,267921,7985.37841796875,0.9634740310902352,8796.0849609375,-0.09216674765751054,-0.012337466375711648,0.35492344796831615,0.3349688543864087,7784.1711328125,6797.373801269531
2024-10-23,8150.0498046875,8199.900390625,7620.25,7703.7998046875,7522.76123046875,553732,7522.76123046875,0.8362771473549415,8796.0849609375,-0.14476028097994142,-0.0579330325108971,0.39508414692337795,0.3470239827011719,7784.942734375,6812.2747875976565
2024-10-24,7775.0,7905.0,7581.25,7648.10009765625,7468.37109375,482630,7468.37109375,0.8173319960880705,8796.0849609375,-0.15094372929362776,-0.007230076171826139,0.39566053219835434,0.32713858041448585,7787.160048828125,6826.868115234375
2024-10-25,7716.7001953125,7737.35009765625,7415.10009765625,7521.64990234375,7344.89208984375,287311,7344.89208984375,0.7654732757241629,8796.0849609375,-0.16498167963796928,-0.016533592446897116,0.3943079363283511,0.32708237559137227,7782.77009765625,6840.749792480468
2024-10-28,7520.0,7587.7001953125,7317.0,7338.9501953125,7166.48583984375,497757,7166.48583984375,0.7217259439896282,8796.0849609375,-0.18526414061831264,-0.024289839499030075,0.40014125936610395,0.32403955838364573,7771.803603515625,6853.380151367188
2024-10-29,7339.5,7507.9501953125,7200.0498046875,7492.5,7316.4267578125,352099,7316.4267578125,0.8372232601327472,8796.0849609375,-0.16821781618708875,0.0209225164633855,0.4039133264356065,0.3261962868691815,7765.5639453125,6866.521179199219
2024-10-30,7503.4501953125,7531.2998046875,7390.0,7426.89990234375,7252.36865234375,262509,7252.36865234375,0.8229838309052311,8796.0849609375,-0.17550038630245546,-0.008755381224905823,0.4020221500840679,0.3254416884750017,7758.46927734375,6879.304987792969
2024-10-31,7460.0,7479.85009765625,7318.0498046875,7429.4501953125,7254.85888671875,520624,7254.85888671875,0.8594204428421244,8796.0849609375,-0.1752172791717196,0.00034336842132187684,0.40102009191409893,0.32509694004137146,7749.0683984375,6892.487016601563
2024-11-01,7474.0,7500.0,7384.0,7430.39990234375,7255.7861328125,39200,7255.7861328125,0.8939015690164263,8796.0849609375,-0.17511186339892204,0.0001278103555464316,0.38701004317767657,0.3249162352400581,7740.89529296875,6904.860122070312
2024-11-04,7444.0,7452.0,7261.0,7360.85009765625,7187.87158203125,331535,7187.87158203125,0.881998046760887,8796.0849609375,-0.1828328609885146,-0.009360054105525983,0.38001036162308205,0.32520724641483817,7732.40169921875,6916.81931640625
2024-11-05,7400.9501953125,7438.5,6935.0,7132.85009765625,6965.22900390625,2177411,6965.22900390625,0.8109180614422549,8796.0849609375,-0.2081444148347692,-0.030974757351199478,0.3762565286874135,0.32461648309206187,7719.55974609375,6927.975515136719
2024-11-06,7150.0,7197.9501953125,7037.10009765625,7164.0498046875,6995.69580078125,658234,6995.69580078125,0.7960387245870288,8796.0849609375,-0.20468073786822105,0.004374127090137847,0.37187553846679045,0.323689620072402,7705.0508984375,6939.71111328125
2024-11-07,7190.0,7240.5498046875,6975.10009765625,6999.75,6835.25732421875,418991,6835.25732421875,0.7282468764847811,8796.0849609375,-0.22292049763350197,-0.022933884081206446,0.3726601861394844,0.32486628720612143,7686.7190625,6950.795373535157
2024-11-08,7030.0498046875,7118.89990234375,6949.0,7045.4501953125,6879.8828125,565723,6879.8828125,0.7229783435440282,8796.0849609375,-0.21784716233951296,0.006528721036314522,0.3732308361315561,0.32499280875112846,7670.488642578125,6961.828747558594
2024-11-11,7040.0,7268.14990234375,6995.35009765625,7237.7998046875,7067.71240234375,408263,7067.71240234375,0.7937199308940714,8796.0849609375,-0.1964933906697438,0.027301277501774246,0.382853228010397,0.3278183791127878,7656.851806640625,6973.9773852539065
2024-11-12,7296.0498046875,7308.75,6935.25,6964.25,6800.59130859375,547081,6800.59130859375,0.7166349194962878,8796.0849609375,-0.22686157093815373,-0.03779456188135488,0.3952098550250787,0.33255288998906846,7642.497255859375,6985.095043945313
2024-11-13,6940.0,6999.0,6782.0,6802.0,6642.15380859375,509564,6642.15380859375,0.640211996836084,8796.0849609375,-0.24487384579720806,-0.023297606459571574,0.38753810704949837,0.33439949785624423,7623.63322265625,6994.885593261719
2024-11-14,6808.0,6834.14990234375,6629.85009765625,6680.14990234375,6523.16748046875,599381,6523.16748046875,0.5969577890208313,8796.0849609375,-0.25840103757098076,-0.01791381704697248,0.3872142335988833,0.3348639022920787,7604.905908203125,7004.32365234375
2024-11-18,6700.35009765625,6745.4501953125,6605.0,6625.89990234375,6470.19189453125,327357,6470.19189453125,0.5820694104821456,8796.0849609375,-0.2644236699321686,-0.008121144535398805,0.3842909021043129,0.3348283043354255,7584.903271484375,7013.6877734375
2024-11-19,6672.25,6788.39990234375,6626.2998046875,6701.60009765625,6544.11328125,415057,6544.11328125,0.5751628509927373,8796.0849609375,-0.2560197735342794,0.011424914117497798,0.3842886807068575,0.33561388069531495,7568.990234375,7023.382392578125
2024-11-21,6701.60009765625,6830.0,6615.5,6760.7998046875,6601.92138671875,337186,6601.92138671875,0.576193015326478,8796.0849609375,-0.24944774680585768,0.008833604032249864,0.3489898325464583,0.3358988425450144,7552.58306640625,7033.112192382812
2024-11-22,6774.9501953125,6939.0,6761.10009765625,6904.64990234375,6742.3916015625,254886,6742.3916015625,0.6367654662423785,8796.0849609375,-0.23347811765066384,0.02127717169221932,0.3346146423244268,0.3350017654196179,7540.258662109375,7043.844599609375
2024-11-25,7090.0,7299.9501953125,7051.0,7259.85009765625,7089.244140625,745341,7089.244140625,0.7114993247729124,8796.0849609375,-0.19404551319051633,0.05144354697257869,0.3730545710485114,0.34643948185884355,7534.22193359375,7056.593791503907
2024-11-26,7300.0,7390.0,7250.4501953125,7329.7001953125,7157.45361328125,456499,7157.45361328125,0.729569532790338,8796.0849609375,-0.18629098683485223,0.009621543750394368,0.37434779575933697,0.34690357135044375,7526.595478515625,7070.294018554688
2024-11-27,7329.7001953125,7540.10009765625,7316.5,7496.2001953125,7320.04052734375,475285,7320.04052734375,0.7797440929224289,8796.0849609375,-0.16780697778030906,0.02271574820419464,0.38238168109243637,0.342409973430973,7522.919931640625,7085.125895996094
2024-11-28,7520.0,7520.0,7340.7001953125,7394.85009765625,7221.072265625,358113,7221.072265625,0.7342532332940368,8796.0849609375,-0.17905837680138015,-0.013520179478386463,0.3811849912263094,0.33824370221744493,7515.6869921875,7100.008303222657
2024-11-29,7435.0,7471.9501953125,7375.0,7421.25,7246.8515625,191937,7246.8515625,0.7156407768404391,8796.0849609375,-0.17612760737504063,0.003570009539680008,0.37787097909015976,0.3376149836216196,7506.85162109375,7114.850529785156
2024-12-02,7378.0,7508.9501953125,7340.0498046875,7490.75,7314.71875,353136,7314.71875,0.7323853281773807,8796.0849609375,-0.16841199437205223,0.009365058317351238,0.3800422417858264,0.33474539336608744,7501.1000390625,7129.195939941406
2024-12-03,7533.0,7635.0,7480.0498046875,7537.5498046875,7360.41796875,339612,7360.41796875,0.7888635526196337,8796.0849609375,-0.16321658994463428,0.006247570181697082,0.37872328260940996,0.33487442251299954,7501.78064453125,7144.375705566406
2024-12-04,7575.0,7722.5,7575.0,7664.2001953125,7484.09228515625,395551,7484.09228515625,0.8077570899767004,8796.0849609375,-0.14915643511945065,0.01680262139070532,0.3492134763993107,0.3352948168175405,7501.16447265625,7159.984116210938
2024-12-05,7650.0,7682.0,7420.0,7488.39990234375,7312.42333984375,424954,7312.42333984375,0.7655451478417883,8796.0849609375,-0.1686729525331483,-0.022937844533662877,0.3531803919782498,0.3337552968858377,7492.351552734375,7175.030795898438
2024-12-06,7540.0,7574.0,7490.0,7552.39990234375,7374.91943359375,228818,7374.91943359375,0.7836056695756461,8796.0849609375,-0.16156796275331564,0.008546563956366215,0.3131041889924957,0.3330023269879616,7482.082666015625,7190.212858886719
2024-12-09,7575.9501953125,7640.0,7532.5498046875,7569.75,7391.86181640625,209644,7391.86181640625,0.7924209713210901,8796.0849609375,-0.15964183506267382,0.002297297342032767,0.3125348360702357,0.3319207562604577,7470.19669921875,7205.025124511719
2024-12-10,7636.0,7710.0,7570.2001953125,7693.25,7512.45947265625,265407,7512.45947265625,0.7492467179276698,8796.0849609375,-0.14593145632195437,0.01631492298494175,0.3120773846340325,0.33286595459100105,7462.830947265625,7220.876674804687
2024-12-11,7703.0,7787.0,7650.0,7728.75,7547.12548828125,173332,7547.12548828125,0.7703363733636444,8796.0849609375,-0.1419903830173025,0.004614469569010904,0.30288108325914836,0.3318438775019245,7454.9271484375,7236.631662597656
2024-12-12,7744.0,7755.0,7634.25,7657.0498046875,7477.11083984375,118184,7477.11083984375,0.6616865663057856,8796.0849609375,-0.14995013428714898,-0.009276995399932653,0.29902348970420245,0.32959167570476205,7447.155185546875,7252.208081054688
2024-12-13,7615.0,7718.60009765625,7561.35009765625,7703.25,7522.224609375,132883,7522.224609375,0.5972605799028115,8796.0849609375,-0.14482128779105496,0.006033583090790717,0.2979458998582938,0.32870759848925385,7436.123671875,7267.8368627929685
2024-12-16,7703.25,7943.75,7689.2998046875,7890.35009765625,7704.92724609375,340801,7704.92724609375,0.67341429225597,8796.0849609375,-0.12405038374338906,0.024288378266589694,0.30520994416786096,0.33109108893083583,7431.828037109375,7282.143271484375
2024-12-17,7890.35009765625,7960.0,7781.0,7817.4501953125,7633.74169921875,213086,7633.74169921875,0.6557175828576143,8796.0849609375,-0.13214325087588352,-0.00923896418504011,0.30696130579779796,0.31893552615591353,7429.62212890625,7293.95455078125
2024-12-18,7812.0498046875,7814.75,7620.5,7657.14990234375,7477.2080078125,201768,7477.2080078125,0.6210828008351159,8796.0849609375,-0.14993908755793006,-0.02050550013006991,0.3121615136564155,0.3204217062929007,7427.6466796875,7305.143247070312
2024-12-19,7620.0,7620.0,7335.10009765625,7351.89990234375,7179.130859375,233391,7179.130859375,0.5434363962836661,8796.0849609375,-0.18382656701739752,-0.03986476611671852,0.32113322151672197,0.3271444041390296,7411.96896484375,7315.3072436523435
2024-12-20,7359.7998046875,7407.4501953125,6886.0,6921.25,6758.60205078125,557249,6758.60205078125,0.47320077636274305,8796.0849609375,-0.23163520125197745,-0.05857656265515687,0.3646210341898752,0.33571263915550265,7381.955283203125,7322.618928222656
2024-12-23,6966.0,7056.0,6893.0,6959.2001953125,6795.6591796875,167980,6795.6591796875,0.4669697260038761,8796.0849609375,-0.22742228959061705,0.005482957663111243,0.35895102416153307,0.33477842343511516,7351.662275390625,7330.222299804687
2024-12-24,7007.89990234375,7015.9501953125,6841.85009765625,6878.2001953125,6716.5634765625,159850,6716.5634765625,0.4423170565475878,8796.0849609375,-0.23641443819721375,-0.011639150968815515,0.35996460914343786,0.3316970126740725,7318.939775390625,7337.350756835937
2024-12-26,6880.0,6955.4501953125,6843.0498046875,6945.2998046875,6782.0859375,119925,6782.0859375,0.4435257928799965,8796.0849609375,-0.22896538998673388,0.009755354976713981,0.3516640743522983,0.33031234847881524,7287.199599609375,7344.588681640625
2024-12-27,6968.7998046875,7006.9501953125,6822.0498046875,6846.89990234375,6685.9990234375,155724,6685.9990234375,0.40755761683675384,8796.0849609375,-0.2398892174041829,-0.014167752362324038,0.33660612242840726,0.33060361739187694,7252.018251953125,7350.657719726562
2024-12-30,6812.0,6885.35009765625,6668.10009765625,6701.9501953125,6544.45556640625,901044,6544.45556640625,0.3918391540703552,8796.0849609375,-0.2559808601816038,-0.02117012828375764,0.3353999728357588,0.33227267892576856,7211.641953125,7355.779514160156
2024-12-31,6701.9501953125,6948.39990234375,6701.9501953125,6912.25,6749.81298828125,362642,6749.81298828125,0.5053860642516226,8796.0849609375,-0.2326344028898688,0.031378839659196744,0.3432110793202976,0.3356141344884637,7176.908818359375,7361.831655273438
2025-01-01,6912.0,6947.7001953125,6846.25,6928.4501953125,6765.6328125,74460,6765.6328125,0.4863183991545501,8796.0849609375,-0.23083589545286654,0.002343742596456533,0.34203540543366434,0.33548348755266166,7140.689443359375,7367.622556152343
2025-01-02,6910.5,6937.89990234375,6795.0,6891.7001953125,6729.74658203125,323524,6729.74658203125,0.4552903697144637,8796.0849609375,-0.23491569125157885,-0.005304194221484759,0.34134454995070623,0.3354230675801143,7113.581806640625,7372.891015625
2025-01-03,6900.0,6931.89990234375,6767.0,6800.14990234375,6640.3466796875,149381,6640.3466796875,0.43224109840645975,8796.0849609375,-0.24507929275619889,-0.013284289572277785,0.3430376391556138,0.3360359992232451,7086.681171875,7378.311774902344
2025-01-06,6800.0498046875,6826.9501953125,6573.7998046875,6620.2998046875,6464.7236328125,208851,6464.7236328125,0.4054812238444532,8796.0849609375,-0.2650453398845434,-0.02644787318292019,0.34569952868443893,0.33750765286680595,7065.520419921875,7383.441081542969
2025-01-07,6627.64990234375,6741.89990234375,6627.64990234375,6706.2001953125,6548.60546875,207775,6548.60546875,0.4515149701499628,8796.0849609375,-0.2555090704749128,0.012975316610867482,0.31106816101384405,0.3382746911950418,7047.125107421875,7388.853029785157
2025-01-08,6699.9501953125,6717.9501953125,6567.4501953125,6657.0,6500.56103515625,162710,6500.56103515625,0.43103346160142597,8796.0849609375,-0.26097109520604145,-0.007336590030200818,0.3092257055211195,0.3382518377437397,7030.238486328125,7394.06775390625
2025-01-09,6638.0,6692.0,6457.5,6482.4501953125,6330.11376953125,193962,6330.11376953125,0.39132382901237284,8796.0849609375,-0.2803487235920722,-0.02622039308656432,0.3063502964236684,0.34036628881536257,7013.511044921875,7397.700493164062
2025-01-10,6480.0,6545.9501953125,6363.0,6415.64990234375,6264.8828125,259956,6264.8828125,0.3713046166027034,8796.0849609375,-0.2877646316148953,-0.010304863294120614,0.30568224114809694,0.33740185561084357,6992.480166015625,7401.67828125
2025-01-13,6352.0,6383.89990234375,6080.0,6109.25,5965.68359375,389091,5965.68359375,0.2855929478275949,8796.0849609375,-0.3217796758168001,-0.04775815090316182,0.3291440827512777,0.34553487708214525,6966.74646484375,7403.649443359375
2025-01-14,6134.9501953125,6255.39990234375,6061.0498046875,6146.60009765625,6002.15625,254776,6002.15625,0.28026302619899,8796.0849609375,-0.3176332110643596,0.006113742989690474,0.327936153860052,0.34498873253420176,6941.692412109375,7405.165532226562
2025-01-15,6190.4501953125,6229.9501953125,6106.7001953125,6193.75,6048.197265625,252993,6048.197265625,0.2880544200483268,8796.0849609375,-0.3123989487954679,0.007670745929848177,0.32843720825886663,0.345330894307058,6917.540634765625,7406.413828125
2025-01-16,6238.10009765625,6353.0498046875,6220.2001953125,6308.25,6160.00732421875,170841,6160.00732421875,0.33378149728839124,8796.0849609375,-0.2996876051590335,0.01848650989431566,0.3295016193924163,0.3460417017867439,6896.983349609375,7408.403854980469
2025-01-17,6300.0,6553.7001953125,6251.64990234375,6527.5,6374.10498046875,385172,6374.10498046875,0.3331698296109429,8796.0849609375,-0.2753474973496176,0.03475607170274797,0.3461309300253007,0.3507384541122149,6885.160869140625,7409.766076660157
2025-01-20,6547.5498046875,6579.64990234375,6455.0498046875,6525.25,6371.90771484375,131130,6371.90771484375,0.328578867930291,8796.0849609375,-0.2755972977590905,-0.0003447175143385106,0.34420957288799686,0.3505350176759728,6872.685107421875,7410.721342773438
2025-01-21,6525.25,6542.2001953125,6263.39990234375,6281.2001953125,6133.59326171875,337700,6133.59326171875,0.2956500168639977,8796.0849609375,-0.3026905391481095,-0.037400801108564696,0.35628378053949666,0.35553391092626296,6858.651826171875,7409.786384277344
2025-01-22,6323.64990234375,6340.0,6114.0,6279.64990234375,6132.07958984375,303115,6132.07958984375,0.31913071080652644,8796.0849609375,-0.30286262387463525,-0.0002467838688370305,0.35047455593420535,0.3536275853531533,6843.69576171875,7409.207272949218
2025-01-23,6279.64990234375,6488.9501953125,6260.2001953125,6330.25,6181.490234375,243034,6181.490234375,0.3384469028578969,8796.0849609375,-0.2972452788000166,0.008057730466037416,0.3515643443220778,0.3540019385458329,6825.971318359375,7408.514711914063
2025-01-24,6360.0,6379.89990234375,6152.2998046875,6178.89990234375,6033.6962890625,145838,6033.6962890625,0.29112512838623594,8796.0849609375,-0.3140475204755845,-0.02390911248077754,0.355147412371865,0.3552667483167394,6810.63341796875,7407.0941162109375
2025-01-27,6100.0,6177.7998046875,6009.0,6083.2998046875,5940.34326171875,241956,5940.34326171875,0.2808026409806168,8796.0849609375,-0.3246605406724472,-0.015471946692606098,0.35381971791446143,0.35486834640624887,6796.59720703125,7404.390280761719
2025-01-28,6100.0,6184.75,5909.39990234375,5998.9501953125,5857.9755859375,270318,5857.9755859375,0.27985565753463537,8796.0849609375,-0.33402466984435,-0.013865810804579382,0.34099007818121224,0.3550770908359603,6783.293369140625,7401.1293359375
2025-01-29,6015.0,6139.2001953125,6015.0,6110.85009765625,5967.24560546875,119869,5967.24560546875,0.2739516697832005,8796.0849609375,-0.32160209548126606,0.018653205007129303,0.35018472386448635,0.3522254306262936,6773.234443359375,7399.24044921875
2025-01-30,6125.0,6133.9501953125,5678.0,5719.35009765625,5584.94677734375,854672,5584.94677734375,0.20480632357442663,8796.0849609375,-0.3650644801470292,-0.06406621302375048,0.38481528164437484,0.364036559507329,6754.05111328125,7394.8971264648435
2025-01-31,5740.0,5947.85009765625,5710.10009765625,5874.64990234375,5736.59619140625,511763,5736.59619140625,0.24780017522340247,8796.0849609375,-0.34782392201963963,0.027153242476309902,0.38770623759140715,0.36288797752623725,6736.744609375,7390.770810546875
2025-02-01,5920.0,5943.39990234375,5405.0,5499.5,5370.2626953125,510445,5370.2626953125,0.16613284859938493,8796.0849609375,-0.38947125691017326,-0.06385903484762245,0.3940446706140504,0.375160814731393,6709.30203125,7385.745178222656
2025-02-03,5480.10009765625,5499.0,5105.5,5197.35009765625,5075.21337890625,1444875,5075.21337890625,0.09004626859739306,8796.0849609375,-0.42301451140538715,-0.05494131910228295,0.4153102730655397,0.38366057761130073,6669.021416015625,7378.837153320313
2025-02-04,5271.35009765625,5650.0,5265.0,5629.5498046875,5497.25634765625,1337087,5497.25634765625,0.19611919310052328,8796.0849609375,-0.3750337369330794,0.08315767973502508,0.4941574042353196,0.41057562385492236,6635.817470703125,7375.377136230469
2025-02-05,5676.0,5805.5498046875,5640.0498046875,5744.9501953125,5609.94482421875,699315,5609.94482421875,0.2358324236022169,8796.0849609375,-0.3622225286440578,0.020499039782007733,0.4981342900841717,0.4121253817224309,6601.615556640625,7372.854182128906
2025-02-06,5794.9501953125,5874.35009765625,5642.25,5681.39990234375,5547.8876953125,384010,5547.8876953125,0.255914654069725,8796.0849609375,-0.369277613853198,-0.01106198560783389,0.4977636726152941,0.4121918043405097,6568.151865234375,7368.890368652344
2025-02-07,5712.7998046875,5758.85009765625,5601.0498046875,5685.75,5552.13525390625,284417,5552.13525390625,0.27527846173067627,8796.0849609375,-0.368794721906086,0.0007656172631862468,0.4959056579227515,0.40912930323721824,6534.2575390625,7366.006215820313
2025-02-10,5674.9501953125,5724.2998046875,5558.5,5580.5,5449.35888671875,376402,5449.35888671875,0.28383609101749685,8796.0849609375,-0.3804790527923745,-0.018511142558206073,0.4850702268279409,0.4090697711096759,6496.950341796875,7362.431333007812
2025-02-11,5596.0,5596.0,5408.64990234375,5436.85009765625,5309.08447265625,350160,5309.08447265625,0.24090237402216075,8796.0849609375,-0.39642642195552424,-0.025741452706368628,0.4873660925527795,0.40956538727267855,6455.923671875,7357.728256835938
2025-02-12,5423.0,5510.0,5226.2998046875,5449.5498046875,5321.48583984375,348968,5321.48583984375,0.19701320114613785,8796.0849609375,-0.39501654844445955,0.0023358767884316123,0.48818021036002274,0.4085735473866952,6412.67154296875,7353.190434570312
2025-02-13,5450.10009765625,5569.0,5403.89990234375,5442.75,5314.84619140625,297830,5314.84619140625,0.2290182446708091,8796.0849609375,-0.3957713897706844,-0.0012477057418412985,0.4881527101528115,0.397991686220245,6372.72,7348.418024902344
2025-02-14,5455.0,5495.9501953125,5223.0,5263.75,5140.052734375,296054,5140.052734375,0.17825984954919383,8796.0849609375,-0.4156431233666522,-0.03288777336847104,0.49073934894606336,0.39462750573424177,6328.022666015625,7342.339968261719
2025-02-17,5263.0,5275.9501953125,5142.0,5241.89990234375,5118.71630859375,252290,5118.71630859375,0.1895450475409246,8796.0849609375,-0.4180687963650377,-0.004151013011706839,0.4871326724453638,0.39418119574344335,6282.559755859375,7335.466538085938
2025-02-18,5440.0,5515.0,5093.0,5142.0498046875,5021.212890625,3924895,5021.212890625,0.15735968168411918,8796.0849609375,-0.4291536617797935,-0.019048412158543138,0.4882334238276982,0.3944893590160147,6232.73482421875,7327.9112866210935
2025-02-19,5089.9501953125,5193.9501953125,5019.75,5123.85009765625,5003.43994140625,938108,5003.43994140625,0.1295954584443091,8796.0849609375,-0.43117421402521605,-0.003539572929069257,0.48534057299095285,0.39430862148214113,6181.86111328125,7319.088178710937
2025-02-20,5100.0,5356.0,5072.0,5344.64990234375,5219.0517578125,757479,5219.0517578125,0.20195121358792045,8796.0849609375,-0.40666196597807236,0.04309271599763642,0.5067254654779991,0.40187841167996446,6136.699931640625,7311.59619140625
2025-02-21,5327.0,5365.9501953125,5185.0498046875,5291.39990234375,5167.052734375,597090,5167.052734375,0.17536450645154478,8796.0849609375,-0.41257357593505006,-0.009963308633539003,0.49098174926619886,0.40066714789878366,6089.596494140625,7302.389733886719
2025-02-24,5248.2001953125,5409.0,5194.89990234375,5389.9501953125,5263.28759765625,557026,5263.28759765625,0.2066703742585656,8796.0849609375,-0.4016329286233633,0.018624710880348783,0.4946169250939184,0.40260377048721047,6040.763701171875,7294.647670898437
2025-02-25,5389.0,5391.89990234375,5241.4501953125,5301.7998046875,5177.20849609375,415818,5177.20849609375,0.17758350291599245,8796.0849609375,-0.41141899844246665,-0.01635462626074835,0.4946343789773745,0.40217535530389104,5991.633037109375,7285.532946777344
2025-02-27,5301.7998046875,5317.7001953125,5105.2001953125,5144.7001953125,5023.80029296875,541660,5023.80029296875,0.03719404833934936,8796.0849609375,-0.42885950791983873,-0.029631451628951755,0.49469312053992065,0.3946335985896021,5942.5648828125,7271.721713867188
2025-02-28,5110.0,5119.0,4918.0,4935.39990234375,4819.4189453125,784607,4819.4189453125,-0.08575701581409345,8796.0849609375,-0.4520949983185657,-0.04068261788636374,0.48856083117761456,0.3989592808946468,5895.37064453125,7256.4175634765625
2025-03-03,4954.7998046875,5145.0,4890.0,5088.2998046875,4968.7255859375,558162,4968.7255859375,-0.05167378163339553,8796.0849609375,-0.43512078293887624,0.03098021614622648,0.5015455655823452,0.39343805894296163,5859.573115234375,7241.843127441406
2025-03-04,5000.0,5212.0,5000.0,5191.39990234375,5069.40234375,506485,5069.40234375,-0.014948356625770765,8796.0849609375,-0.4236751502216396,0.020262088551928903,0.4997891492124438,0.39554089955309646,5825.047978515625,7226.695234375
2025-03-05,5100.0,5356.0,5100.0,5312.2998046875,5187.4609375,445752,5187.4609375,-0.020543571065658295,8796.0849609375,-0.4102534297318665,0.02328846395385309,0.5066904726817226,0.39757222592684177,5794.465927734375,7211.814855957031
2025-03-06,5342.0,5432.0,5283.60009765625,5370.0,5243.8056640625,532908,5243.8056640625,-0.0059107656281226495,8796.0849609375,-0.4038477700761536,0.010861715826173457,0.5073863930773992,0.39672920474014667,5763.700322265625,7196.348532714844
2025-03-07,5370.0,5370.0498046875,5280.0,5326.5498046875,5201.37646484375,482112,5201.37646484375,-0.016915095333889685,8796.0849609375,-0.408671415983074,-0.008091298941440783,0.5043190572190852,0.39470889770569545,5734.00787109375,7181.333671875
2025-03-10,5328.0,5410.75,5139.64990234375,5160.2998046875,5039.03369140625,342786,5039.03369140625,-0.05538798970220571,8796.0849609375,-0.42712766943656466,-0.031211502288822857,0.5093468109322127,0.39733901342973993,5703.89943359375,7165.456638183594
2025-03-11,5100.0,5182.0,5080.0,5129.2998046875,5008.76171875,549888,5008.76171875,-0.08468813553756527,8796.0849609375,-0.4305691974334729,-0.006007495585488298,0.5086632994777994,0.39729692181539245,5669.078408203125,7149.434821777344
2025-03-12,5154.35009765625,5178.60009765625,5035.0,5139.7001953125,5018.91845703125,222937,5018.91845703125,-0.09079156611521921,8796.0849609375,-0.4294145089184852,0.0020277942636457436,0.5042909889258961,0.39736278719539586,5634.14412109375,7133.580087890625
2025-03-13,5152.0,5304.7001953125,5111.0,5118.5498046875,4998.26513671875,367022,4998.26513671875,-0.09768587159068676,8796.0849609375,-0.43176252174512564,-0.004115093817387283,0.47247707619686463,0.39725100700908894,5599.5144921875,7118.425134277344
2025-03-17,5160.0,5218.4501953125,5101.0,5187.64990234375,5065.7412109375,276511,5065.7412109375,-0.0966056177156116,8796.0849609375,-0.42409137321502344,0.013499898939544064,0.46645714992829934,0.39557799632055185,5568.0223828125,7103.779682617187
2025-03-18,5187.64990234375,5187.64990234375,5187.64990234375,5187.64990234375,5065.7412109375,0,5065.7412109375,-0.10752424177775333,8796.0849609375,-0.42409137321502344,0.0,0.4302270291573296,0.39540778955972766,5540.042734375,7088.81095703125
2025-03-19,5432.60009765625,5512.7998046875,5346.75,5475.60009765625,5346.92431640625,580679,5346.92431640625,-0.037664357430433615,8796.0849609375,-0.3921245258371894,0.05550680418921594,0.43030511307986363,0.4060072203609025,5516.009111328125,7074.988264160156
2025-03-20,5500.0,5505.60009765625,5340.64990234375,5460.7001953125,5332.37451171875,442929,5332.37451171875,-0.01957905661207371,8796.0849609375,-0.39377864863751644,-0.0027211540366965936,0.3551296268168743,0.40572612545586517,5492.645380859375,7059.093461914063
2025-03-21,5469.9501953125,5572.64990234375,5433.39990234375,5457.5,5329.24951171875,685475,5329.24951171875,-0.025056879035910362,8796.0849609375,-0.3941339203309888,-0.0005860428582299404,0.34936530354968554,0.4025970139196676,5472.628095703125,7048.357570800781
2025-03-24,5471.14990234375,5598.0,5471.14990234375,5532.2001953125,5402.1943359375,310148,5402.1943359375,-0.01015496012506889,8796.0849609375,-0.38584104633730987,0.013687635390001507,0.35082566566993373,0.3991330001253711,5455.374326171875,7037.274765625
2025-03-25,5593.0,5594.9501953125,5397.5,5414.14990234375,5286.91845703125,265207,5286.91845703125,-0.056508206662139626,8796.0849609375,-0.39894640848628615,-0.021338713814753052,0.3558628033840855,0.39885375657273964,5441.7990234375,7024.763276367187
2025-03-26,5454.2001953125,5622.85009765625,5407.5498046875,5523.7001953125,5393.89404296875,729146,5393.89404296875,-0.013791674411387844,8796.0849609375,-0.3867846812618939,0.020234014730306615,0.3573775339756162,0.39971072843593347,5429.633779296875,7012.368559570313
2025-03-27,5485.0,5578.4501953125,5445.0498046875,5540.35009765625,5410.15234375,403518,5410.15234375,-0.028950954275475893,8796.0849609375,-0.3849363247654013,0.0030142047010439654,0.34906844077599114,0.39964608057444745,5416.872880859375,7000.1102294921875
2025-03-28,5559.9501953125,5625.0,5503.75,5546.25,5415.91357421875,420034,5415.91357421875,-0.04966274043977148,8796.0849609375,-0.3842813480917636,0.0010648924656262437,0.34904122043796726,0.3990603189431717,5401.991005859375,6987.718342285156
2025-04-01,5539.5,5548.0,5373.0,5399.14990234375,5272.27099609375,380081,5272.27099609375,-0.09075858122240199,8796.0849609375,-0.4006116335270341,-0.026522317270493145,0.35791551641045505,0.4007777143556689,5379.954326171875,6973.702548828125
2025-04-02,5425.2001953125,5431.89990234375,5211.10009765625,5313.14990234375,5188.29150390625,682715,5188.29150390625,-0.09956790259461823,8796.0849609375,-0.4101590051770857,-0.01592852344838136,0.3476105528488994,0.3994451680602379,5356.282001953125,6958.459406738281
2025-04-03,5250.0,5354.14990234375,5242.7001953125,5327.2998046875,5202.10888671875,224578,5202.10888671875,-0.14742736612511276,8796.0849609375,-0.40858814917991637,0.0026631855211096678,0.3473721241383401,0.38896267440320054,5337.652314453125,6940.489526367188
2025-04-04,5325.0,5331.0498046875,5075.7001953125,5095.89990234375,4976.14697265625,457097,4976.14697265625,-0.19490954220876433,8796.0849609375,-0.4342770681780813,-0.04343659830715818,0.3661463215800435,0.394133742242842,5314.533662109375,6922.135847167969
2025-04-07,4684.4501953125,5022.35009765625,4684.4501953125,4963.5498046875,4846.9072265625,765239,4846.9072265625,-0.23315527652624368,8796.0849609375,-0.44896993968485843,-0.025971850671597463,0.3737015092543423,0.3933048094091927,5287.842001953125,6904.710881347656
2025-04-08,5041.0498046875,5119.9501953125,4970.0,5064.39990234375,4945.38720703125,304029,4945.38720703125,-0.20847232856217435,8796.0849609375,-0.43777405186589247,0.020318107169258415,0.3558650753511484,0.3951220459002005,5266.0758203125,6887.80123046875
2025-04-09,5074.0,5090.89990234375,4970.0,5036.2001953125,4917.85009765625,353532,4917.85009765625,-0.2218594623577408,8796.0849609375,-0.44090466161981023,-0.005568241317049583,0.355189596074517,0.39492936546088486,5245.62595703125,6871.436022949219
2025-04-11,5149.5,5173.9501953125,5052.0498046875,5143.2998046875,5022.43310546875,416323,5022.43310546875,-0.20503643049332065,8796.0849609375,-0.429014939285733,0.021266001552658675,0.3565636918014743,0.39656768578706514,5228.915107421875,6855.272416992188
2025-04-15,5220.0,5288.5,5158.5,5246.5,5123.2080078125,334196,5123.2080078125,-0.20951692998447868,8796.0849609375,-0.41755814881687314,0.020064956611173024,0.3588327128242795,0.39823527604931974,5212.03435546875,6839.9327783203125
2025-04-16,5280.0,5457.5,5252.5,5379.5,5253.08251953125,566818,5253.08251953125,-0.19309527761462564,8796.0849609375,-0.4027931127473593,0.02535023202663278,0.35487705354791405,0.3997356685849055,5205.3970703125,6825.285422363281
2025-04-17,5422.5,5645.0,5294.5,5571.5,5440.5703125,1143784,5440.5703125,-0.1425452112557155,8796.0849609375,-0.38147819891906365,0.035691004714214936,0.34443982886793356,0.40372809673675647,5199.476552734375,6810.345812988281
2025-04-21,5678.5,5699.0,5519.0,5629.0,5496.7197265625,684672,5496.7197265625,-0.14827227003776045,8796.0849609375,-0.3750947437441928,0.010320501498435553,0.33561280206889516,0.40388212633669646,5202.005693359375,6796.428820800781
2025-04-22,5649.0,5704.0,5591.5,5682.5,5548.9619140625,325345,5548.9619140625,-0.15436134836972182,8796.0849609375,-0.3691554892085668,0.009504248005868465,0.3324011652277562,0.4043265223176539,5211.4806640625,6782.302507324219
2025-04-23,5715.0,5792.0,5609.0,5713.0,5578.7451171875,376059,5578.7451171875,-0.1249561435319857,8796.0849609375,-0.36576952792496575,0.0053673468274348934,0.32701777548116845,0.4032701169747477,5213.110439453125,6768.682023925781
2025-04-24,5720.0,5733.0,5621.5,5688.5,5554.8212890625,374809,5554.8212890625,-0.13969683210970962,8796.0849609375,-0.3684893547833059,-0.004288388808317056,0.32665215045254736,0.4030704311822801,5212.00796875,6754.436535644531
2025-04-25,5698.0,5708.5,5385.0,5499.0,5369.7744140625,638225,5369.7744140625,-0.13240442033373712,8796.0849609375,-0.38952676811227827,-0.033312840390447684,0.34135592152316596,0.40611189102326023,5208.445703125,6738.788225097656
2025-04-28,5499.0,5558.5,5459.0,5536.0,5405.904296875,205197,5405.904296875,-0.11589291302767024,8796.0849609375,-0.3854192722237155,0.006728380007525514,0.3273949381585827,0.4061589949021818,5205.521083984375,6723.498049316407
2025-04-29,5582.0,5625.0,5560.0,5583.5,5452.2880859375,224766,5452.2880859375,-0.14010586453417972,8796.0849609375,-0.3801460410909461,0.008580209066836986,0.3268108648852325,0.40397822699188596,5205.57966796875,6709.024162597656
2025-04-30,5590.0,5604.0,5469.0,5522.5,5392.72216796875,316444,5392.72216796875,-0.12012526646888866,8796.0849609375,-0.38691790814694615,-0.010924939590478022,0.3293049369312521,0.4040557216144208,5207.252421875,6694.0991015625
2025-05-02,5505.0,5531.0,5420.0,5441.0,5345.56396484375,203903,5345.56396484375,-0.13282396636587468,8796.0849609375,-0.3922791800462542,-0.008744786335388555,0.330397463392621,0.40313511505238936,5207.733984375,6679.173020019532
2025-05-05,5499.0,5504.5,5415.5,5487.5,5391.248046875,241475,5391.248046875,-0.1373588652892307,8796.0849609375,-0.38708549646610135,0.008546166939859212,0.32926790292536334,0.39885323453935934,5209.262021484375,6664.889323730469
2025-05-06,5500.0,5500.0,5310.0,5334.0,5240.4404296875,400370,5240.4404296875,-0.15870956514786483,8796.0849609375,-0.4042303532810617,-0.02797267272369608,0.34073621051954583,0.3899371825451085,5211.269775390625,6651.06421875
2025-05-07,5270.5,5445.0,5270.0,5397.5,5302.8271484375,270305,5302.8271484375,-0.154163405917201,8796.0849609375,-0.39713779801050075,0.011904861735775984,0.30171916257172393,0.3904582849468591,5214.9519921875,6637.346745605469
2025-05-08,5402.0,5439.5,5210.0,5287.5,5194.75634765625,345691,5194.75634765625,-0.1826571863187978,8796.0849609375,-0.40942403686121454,-0.020379846024793258,0.3073404100996058,0.3913135542135807,5218.422861328125,6623.180832519532
2025-05-09,5190.0,5468.0,5190.0,5440.5,5345.07275390625,321841,5345.07275390625,-0.17684559327346083,8796.0849609375,-0.3923350243155719,0.028936180292232327,0.31911137122159017,0.39432603122727744,5225.255517578125,6611.42015625
2025-05-12,5515.0,5715.0,5472.5,5587.0,5489.0029296875,669665,5489.0029296875,-0.15970885198356266,8796.0849609375,-0.3759720427822614,0.026927636424792123,0.3261690086089941,0.39682293323632895,5230.654541015625,6601.708537597657
2025-05-13,5590.0,5699.0,5528.0,5636.5,5537.634765625,638165,5537.634765625,-0.1817989912697433,8796.0849609375,-0.37044323807500035,0.008859867003253585,0.32009520108786893,0.3958700261577834,5238.066181640625,6591.769799804688
2025-05-14,5620.0,5745.0,5591.5,5635.0,5536.1611328125,400038,5536.1611328125,-0.17585366818110715,8796.0849609375,-0.37061077088295336,-0.0002661123159742873,0.31528265137620587,0.391939653956016,5243.52365234375,6582.8666479492185
2025-05-15,5640.0,5747.5,5608.0,5735.0,5634.4072265625,356216,5634.4072265625,-0.19604302599949042,8796.0849609375,-0.3594414729297958,0.017746248960800903,0.3189461505250005,0.39325684168314384,5252.667626953125,6574.359399414063
2025-05-16,5745.0,5866.0,5701.0,5820.0,5717.91650390625,418266,5717.91650390625,-0.16057425606589992,8796.0849609375,-0.34994755856737136,0.014821306658499678,0.32124771335668056,0.39417933684736156,5266.549951171875,6565.776259765625
2025-05-19,5869.5,5913.0,5824.0,5838.0,5735.6005859375,181786,5735.6005859375,-0.18064643394389934,8796.0849609375,-0.34793710936073186,0.0030927492591346084,0.30964883994978065,0.3937457851105778,5284.873583984375,6556.172521972656
2025-05-20,5897.5,5898.0,5710.0,5738.5,5637.845703125,444180,5637.845703125,-0.2759039608113071,8796.0849609375,-0.35905056304457184,-0.01704353037625639,0.31025727547638976,0.3923585629792468,5298.255986328125,6545.4800317382815
2025-05-21,5750.0,5899.5,5722.0,5886.5,5783.25,266662,5783.25,-0.26610821779877625,8796.0849609375,-0.34251999319210613,0.025790754932226045,0.3172279633951787,0.3942525450649016,5312.532939453125,6536.152570800781
2025-05-22,5893.5,5959.0,5826.5,5924.0,5820.091796875,286074,5820.091796875,-0.26174814140214575,8796.0849609375,-0.3383315619708741,0.0063704313102495025,0.28397822553126145,0.39430326501837765,5325.185556640625,6526.7489453125
2025-05-23,5950.0,5989.5,5875.0,5961.0,5856.44287109375,208138,5856.44287109375,-0.2768913889087006,8796.0849609375,-0.3341989195077577,0.006245790528298656,0.26795938853301354,0.39214187710825327,5337.43830078125,6518.146557617188
2025-05-26,5965.0,6048.0,5965.0,5996.5,5891.3203125,219984,5891.3203125,-0.2783372469626183,8796.0849609375,-0.33023380985259443,0.0059553968465053675,0.26472054334816125,0.3919418096465433,5351.237177734375,6510.6498510742185
2025-05-27,6000.0,6050.0,5958.0,6014.5,5909.00439453125,244514,5909.00439453125,-0.2912373084257528,8796.0849609375,-0.32822336064595503,0.0030017179669774574,0.2626272337665263,0.38368499977632864,5368.636591796875,6503.79302734375
2025-05-28,6014.5,6062.0,5981.0,6015.0,5909.49560546875,160963,5909.49560546875,-0.27971178822968434,8796.0849609375,-0.3281675163766373,8.312922189634975e-05,0.2592721649785273,0.3835537477411378,5386.65126953125,6496.938659667969
2025-05-29,6015.0,6070.0,5986.5,6043.5,5937.49609375,160875,5937.49609375,-0.27718800269200095,8796.0849609375,-0.3249842264919218,0.004738219663847021,0.2556032416171163,0.38342157069718935,5405.022822265625,6488.251025390625
2025-05-30,6080.0,6118.0,5945.5,5971.0,5866.267578125,296253,5866.267578125,-0.28574475877026106,8796.0849609375,-0.3330819786102016,-0.011996389471308877,0.2527367093717076,0.3826710504260872,5422.38287109375,6478.856677246094
2025-06-02,5960.0,5990.5,5891.0,5974.5,5869.7060546875,159034,5869.7060546875,-0.2832963807449709,8796.0849609375,-0.33269106872497767,0.000586143832804753,0.23404421791423302,0.3780630294740981,5438.46216796875,6469.334213867188
2025-06-03,5974.5,6080.0,5966.0,5995.0,5889.8466796875,197089,5889.8466796875,-0.2664517381382877,8796.0849609375,-0.33040134266054755,0.003431283408803054,0.23292852345151197,0.3781240257204234,5454.94427734375,6461.362541503906
2025-06-04,6009.0,6050.0,5970.0,6041.5,5935.53125,171316,5935.53125,-0.2575789473362765,8796.0849609375,-0.32520760356919265,0.007756495677562203,0.23252066262938245,0.3731954712715923,5466.716416015625,6454.252670898438
2025-06-05,6041.0,6080.0,6010.0,6031.5,5925.70654296875,135626,5925.70654296875,-0.2647538190752987,8796.0849609375,-0.32632454446674886,-0.001655236341523758,0.2326199143353861,0.3732045772204319,5478.583056640625,6446.059255371094
2025-06-06,6069.5,6175.5,6026.5,6051.5,5945.35595703125,336263,5945.35595703125,-0.2670426978217795,8796.0849609375,-0.32409066267163644,0.0033159613828355194,0.2318430551050541,0.3729951468297483,5490.905185546875,6437.211982421875
2025-06-09,6093.5,6240.5,6071.0,6215.0,6105.9873046875,270782,6105.9873046875,-0.28260521613698275,8796.0849609375,-0.30582897598152414,0.027017952973241277,0.2165895734214441,0.37354790299799756,5504.981044921875,6429.599870605469
2025-06-10,6260.0,6260.0,6160.0,6168.0,6059.81201171875,207893,6059.81201171875,-0.18947761858821388,8796.0849609375,-0.31107850383099456,-0.0075622975719752406,0.21918876255759503,0.37282970489811684,5520.438916015625,6421.863420410156
2025-06-11,6190.0,6195.0,6034.0,6077.0,5970.408203125,294907,5970.408203125,-0.2163538645987675,8796.0849609375,-0.32124254942523145,-0.014753561401056103,0.2252142901852163,0.3729294677385171,5531.96919921875,6413.090947265625
2025-06-12,6079.0,6099.0,5975.0,6021.0,5915.390625,369396,5915.390625,-0.2405666512979464,8796.0849609375,-0.32749732963362277,-0.009215044642375214,0.22434000662823855,0.3719995583856807,5542.07396484375,6404.345693359375
2025-06-13,5890.0,6017.5,5885.0,5999.0,5893.77685546875,220342,5893.77685546875,-0.25137830819239737,8796.0849609375,-0.3299545329948038,-0.003653819485716525,0.22246497408152766,0.3558442908410381,5551.63123046875,6395.751821289063
2025-06-16,6001.0,6045.0,5941.0,6014.0,5908.51318359375,133245,5908.51318359375,-0.24845463053111472,8796.0849609375,-0.32827920491527274,0.0025003199962221334,0.22192832908400806,0.3530640598197552,5564.35607421875,6387.25775390625
2025-06-17,6040.0,6084.0,6014.0,6034.5,5928.65380859375,101944,5928.65380859375,-0.2489947739626911,8796.0849609375,-0.3259894788508426,0.003408746731059953,0.20136784292985418,0.3358276047703153,5579.1633203125,6378.29533203125
2025-06-18,6001.0,6089.5,6000.0,6044.0,5937.98681640625,165662,5937.98681640625,-0.2646847231426346,8796.0849609375,-0.3249284377338062,0.0015742204071642618,0.20015479130642655,0.32205198379303807,5593.88087890625,6369.226020507813
2025-06-19,6044.0,6068.5,5850.0,5869.0,5766.05712890625,130952,5766.05712890625,-0.299974118530255,8796.0849609375,-0.34447459812942793,-0.02895420498829171,0.2104538431087737,0.2955539550255142,5609.67908203125,6359.599287109375
2025-06-20,5897.0,5991.0,5853.5,5968.5,5863.8115234375,241725,5863.8115234375,-0.33336119995679003,8796.0849609375,-0.33336119995679003,0.016953421089289877,0.20053456448565304,0.2949404033592505,5630.01716796875,6350.170573730469
2025-06-23,5900.0,5959.0,5880.0,5923.5,5819.6005859375,88496,5819.6005859375,-0.32697126674081434,8796.0849609375,-0.3383874062401918,-0.0075396245809215,0.18963534549674788,0.2946026395344591,5647.501435546875,6341.676982421875
2025-06-24,5975.0,6067.0,5940.5,6003.5,5898.19775390625,228616,5898.19775390625,-0.29209454297571014,8796.0849609375,-0.32945193457094446,0.013505594895751427,0.1915595980910871,0.29538075929747964,5667.108388671875,6333.241193847656
2025-06-25,6051.0,6065.0,5941.0,5966.5,5861.8466796875,138938,5861.8466796875,-0.2960702216314832,8796.0849609375,-0.33358457703406086,-0.006163081628566158,0.1929698993203677,0.2938083573657492,5683.89666015625,6325.252761230468
2025-06-26,5985.0,6025.0,5953.0,6012.5,5907.0400390625,110098,5907.0400390625,-0.2788282001027008,8796.0849609375,-0.32844668221202367,0.007709747771398323,0.187971329472803,0.2905073986332704,5699.57330078125,6317.436342773438
2025-06-27,6060.0,6175.0,6030.0,6069.5,5963.0400390625,241168,5963.0400390625,-0.27765856038332115,8796.0849609375,-0.32208021346499704,0.009480213377542679,0.18533666859358142,0.2908217130100307,5713.772451171875,6310.552717285156
2025-06-30,6090.0,6133.5,6060.0,6080.5,5973.8466796875,157658,5973.8466796875,-0.27069372701029826,8796.0849609375,-0.3208516395400075,0.0018122703443559374,0.18527615410701506,0.2907869690663128,5724.437978515625,6303.310551757812
2025-07-01,6114.5,6144.5,5921.5,5949.5,5845.14453125,365605,5845.14453125,-0.2856576641303459,8796.0849609375,-0.33548339321326703,-0.021544267092611813,0.18958344914011874,0.2875944926801238,5731.406474609375,6295.7432153320315
2025-07-02,5979.0,5989.5,5842.0,5906.0,5802.40771484375,284183,5802.40771484375,-0.31157227345490135,8796.0849609375,-0.3403420111775136,-0.00731150721385343,0.1761860782046968,0.2878217110634081,5736.475390625,6287.799851074219
2025-07-03,5930.0,5938.5,5862.5,5871.5,5768.5126953125,193225,5768.5126953125,-0.30332966498605174,8796.0849609375,-0.3441954322940415,-0.005841543924005821,0.1760064739986597,0.2859872348519026,5740.2707421875,6278.948532714844
2025-07-04,5892.0,5901.5,5841.0,5862.0,5759.17919921875,153889,5759.17919921875,-0.3122731395607289,8796.0849609375,-0.34525652892228,-0.001618007376725461,0.17496206768137695,0.2859055583781137,5744.357900390625,6270.225339355468
2025-07-07,5862.0,5862.0,5802.0,5844.0,5741.4951171875,89857,5741.4951171875,-0.3084903629804837,8796.0849609375,-0.3472669781289195,-0.0030705906900151403,0.1740216877275858,0.2772985219293682,5751.792314453125,6261.01921875
2025-07-08,5848.0,5885.0,5822.0,5840.0,5737.56494140625,242940,5737.56494140625,-0.31727507383843545,8796.0849609375,-0.3477137877946632,-0.000684521313879527,0.17364943897183552,0.2766737378272565,5758.42552734375,6251.263942871094
2025-07-09,5840.5,5940.0,5821.0,5898.0,5794.54833984375,204872,5794.54833984375,-0.3182432360233439,8796.0849609375,-0.3412355194865969,0.009931634590533145,0.17646834991339944,0.2755137145212748,5765.270732421875,6242.2251953125
2025-07-10,5898.0,5929.0,5826.5,5893.5,5790.126953125,189571,5790.126953125,-0.3159063831692218,8796.0849609375,-0.34173817342165835,-0.0007630252539870819,0.17574249092716768,0.2739286799934558,5773.218828125,6234.543891601563
2025-07-11,5880.0,5897.0,5718.0,5756.5,5655.52978515625,280804,5655.52978515625,-0.32245292279109605,8796.0849609375,-0.3570401138379323,-0.023245978725234373,0.1847748934896924,0.2720832500439183,5779.41814453125,6225.247036132812
2025-07-14,5756.5,5782.5,5577.0,5647.5,5548.44189453125,456678,5548.44189453125,-0.33771570615936963,8796.0849609375,-0.36921460863880873,-0.01893507676434969,0.1917100925773145,0.26488344637066985,5782.562021484375,6214.223898925781
2025-07-15,5679.5,5725.0,5590.5,5608.0,5509.63427734375,454138,5509.63427734375,-0.33864126810413053,8796.0849609375,-0.37362652795971574,-0.00699432704265146,0.19161743731327685,0.26058632876784,5787.9458984375,6202.330251464844
2025-07-16,5608.0,5618.0,5502.5,5551.0,5453.63427734375,590118,5453.63427734375,-0.3387921106226318,8796.0849609375,-0.37999299670674247,-0.01016401401274103,0.19060197205678095,0.25928176195483815,5790.962041015625,6189.667622070312
2025-07-17,5568.0,5664.0,5468.0,5637.5,5538.6171875,1071876,5538.6171875,-0.3081451657910539,8796.0849609375,-0.37033154953636493,0.015582803289413416,0.19787052305816072,0.2577173764882753,5797.8392578125,6177.95697265625
2025-07-18,5684.0,5727.5,5630.5,5646.5,5547.45947265625,425486,5547.45947265625,-0.31055957912640475,8796.0849609375,-0.36932629717744414,0.0015964788424456255,0.19751840187382488,0.2571648204500226,5801.8869921875,6165.982692871094
2025-07-21,5666.0,5845.5,5635.5,5836.0,5733.63525390625,428913,5733.63525390625,-0.28578987969201064,8796.0849609375,-0.34816054194920476,0.033560548241527766,0.20663712920060856,0.26249713595563196,5806.779638671875,6155.32232421875
2025-07-22,5850.5,5872.0,5731.0,5755.0,5654.056640625,346363,5654.056640625,-0.26544058119694125,8796.0849609375,-0.35720759113468337,-0.01387925979892668,0.20890977082016274,0.2579978395471249,5809.108076171875,6143.223605957031
2025-07-23,5771.5,5788.0,5675.0,5711.0,5610.828125,186980,5610.828125,-0.24497624965364828,8796.0849609375,-0.36212210887944973,-0.0076455752696918955,0.20620346813012194,0.25814571776695194,5810.601416015625,6131.679201660157
2025-07-24,5711.0,5734.5,5655.0,5699.0,5599.0390625,116292,5599.0390625,-0.2559794544284145,8796.0849609375,-0.3634623713430747,-0.002101127006095882,0.20506420066433115,0.2582093930675689,5809.894052734375,6120.954211425781
2025-07-25,5699.0,5710.0,5610.5,5643.0,5544.0205078125,340538,5544.0205078125,-0.24228802954783013,8796.0849609375,-0.36971726257387016,-0.009826428084060201,0.2063386347583832,0.2587277929346127,5806.4161328125,6110.794411621094
2025-07-28,5640.0,5644.0,5525.0,5545.5,5448.2314453125,265335,5448.2314453125,-0.2573149265816618,8796.0849609375,-0.38060722815803505,-0.01727790551370012,0.2105466889948867,0.25973668531342486,5800.66875,6098.220485839844
2025-07-29,5545.0,5592.0,5478.0,5579.0,5481.1435546875,209954,5481.1435546875,-0.26274654706206446,8796.0849609375,-0.3768655510913447,0.006040879449663805,0.21133776309954616,0.25987136870946836,5797.53470703125,6084.329772949219
2025-07-30,5610.0,5610.0,5470.0,5554.0,5456.58154296875,331867,5456.58154296875,-0.28731277105440167,8796.0849609375,-0.37965793109083623,-0.004481183802920952,0.21104512652307036,0.243095749907545,5791.001337890625,6070.0611328125
2025-07-31,5510.0,5574.5,5489.5,5510.0,5413.353515625,255793,5413.353515625,-0.3038690559911269,8796.0849609375,-0.3845723933244005,-0.007922181131784445,0.19664646531175378,0.2434368434702429,5782.866572265625,6055.364458007813
2025-08-01,5539.0,5539.0,5360.5,5387.5,5293.001953125,382061,5293.001953125,-0.3079905397027085,8796.0849609375,-0.39825479441925904,-0.022232348608421715,0.19657461396655504,0.2463333432190255,5771.59775390625,6039.983994140625
2025-08-04,5310.0,5364.0,5014.5,5092.5,5003.17724609375,1957165,5003.17724609375,-0.35030564748958437,8796.0849609375,-0.4312040790519486,-0.05475620632638101,0.24661639795814738,0.2617412767702929,5753.834892578125,6022.774548339844
2025-08-05,5070.0,5099.0,5019.5,5084.0,4994.826171875,614211,4994.826171875,-0.3407841310857853,8796.0849609375,-0.43215348714155166,-0.0016691541810296417,0.24061962222095232,0.2594124217066388,5735.551328125,6004.932326660156
2025-08-06,5124.0,5124.0,5024.5,5097.0,5007.59814453125,385429,5007.59814453125,-0.322442509038836,8796.0849609375,-0.4307014806280892,0.002557040468828875,0.24170846745910426,0.2570881979086738,5717.51337890625,5987.53796875
2025-08-07,5092.5,5140.0,5017.0,5118.5,5028.720703125,355953,5028.720703125,-0.3092766855646968,8796.0849609375,-0.4283001215362259,0.004218101769371652,0.2403053586603862,0.2571452643102637,5699.33787109375,5969.798564453125
2025-08-08,5143.5,5143.5,5005.5,5022.0,4943.34912109375,348746,4943.34912109375,-0.32100295663450706,8796.0849609375,-0.4380057556234791,-0.01697679928380147,0.23844970518177458,0.2585665552122927,5680.879501953125,5954.08966796875
2025-08-11,5057.0,5122.5,5002.5,5047.0,4967.95751953125,429040,4967.95751953125,-0.35271105345203635,8796.0849609375,-0.43520810205978755,0.004978082234267767,0.23953904904233864,0.2550709806579331,5662.84453125,5939.0025634765625
2025-08-12,5079.5,5089.5,5017.0,5071.5,4992.07373046875,273262,4992.07373046875,-0.3554570310340265,8796.0849609375,-0.432466403787818,0.0048543512787073695,0.2368723866360682,0.25388690194270563,5644.889072265625,5926.349125976562
2025-08-13,5097.5,5102.0,5038.5,5087.0,5007.3310546875,231709,5007.3310546875,-0.35590390363154767,8796.0849609375,-0.4307318452556408,0.0030563098709115444,0.23794840491368238,0.25390075000257156,5626.325068359375,5914.04392578125
2025-08-14,5100.0,5105.5,5023.5,5030.0,4951.2236328125,237754,4951.2236328125,-0.338441503214821,8796.0849609375,-0.43711052646713056,-0.011205055400216879,0.23866101286018598,0.24392691305225644,5606.83541015625,5902.075583496094
2025-08-18,5090.0,5090.0,5003.5,5037.5,4958.6064453125,307068,4958.6064453125,-0.3260478660615147,8796.0849609375,-0.4362711970913018,0.0014911086728284229,0.23920984846903792,0.23992379977327252,5587.100419921875,5891.036186523437
2025-08-19,5038.0,5082.0,5007.5,5068.0,4988.62841796875,204663,4988.62841796875,-0.3405114424533643,8796.0849609375,-0.43285809082987137,0.0060545181367701595,0.24125804118588695,0.2377425744791792,5564.7532421875,5879.397194824219
2025-08-20,5084.0,5140.5,5070.0,5121.5,5041.29052734375,312054,5041.29052734375,-0.34654383322662397,8796.0849609375,-0.426871096660435,0.010556430538164463,0.24499841016664786,0.2381640073628706,5544.3828125,5868.341804199219
2025-08-21,5150.0,5195.0,5112.0,5141.5,5060.97705078125,377717,5060.97705078125,-0.3365619741121142,8796.0849609375,-0.42463299601396265,0.0039050563205436095,0.2425914173693734,0.23561271928674074,5526.194189453125,5857.372395019531
2025-08-22,5170.0,5170.0,5051.0,5063.0,4983.70703125,219900,4983.70703125,-0.34486128909784075,8796.0849609375,-0.4334175882358884,-0.015267806740858814,0.2443444307711476,0.2345912185666025,5507.560517578125,5846.011999511718
2025-08-25,5100.0,5113.5,5045.0,5100.5,5020.619140625,246352,5020.619140625,-0.3500734896228026,8796.0849609375,-0.42922116340155325,0.007406556834810951,0.24043276692006518,0.2309512887249927,5490.09736328125,5835.175737304688
2025-08-26,5100.5,5109.5,5011.0,5022.0,4943.34912109375,482397,4943.34912109375,-0.35502812806910156,8796.0849609375,-0.4380057556234791,-0.015390535981112285,0.23871350229995789,0.22406521553312098,5470.79408203125,5825.066337890625
2025-08-28,5022.0,5039.5,4953.0,5000.5,4922.185546875,335387,4922.185546875,-0.35341183624263617,8796.0849609375,-0.4404117776563192,-0.00428122183975288,0.2385206460550153,0.2233137110907792,5450.664716796875,5814.698786621094
2025-08-29,5003.0,5060.5,4939.5,4999.0,4920.708984375,251338,4920.708984375,-0.3531618656331065,8796.0849609375,-0.44057964353148504,-0.00029998107262274587,0.23788885017778055,0.22259353211604457,5430.31916015625,5805.126044921875
2025-09-01,5042.0,5140.5,5017.60009765625,5127.39990234375,5047.09814453125,242505,5047.09814453125,-0.3463271833088586,8796.0849609375,-0.4262108464225972,0.02568515239523017,0.2465071018880629,0.22685583298063133,5415.93998046875,5795.962121582032
2025-09-02,5127.39990234375,5174.5,5097.0,5148.2001953125,5067.57275390625,306762,5067.57275390625,-0.3462756208558354,8796.0849609375,-0.4238831506959273,0.004056709179944384,0.2470061953077981,0.22694418492202875,5400.015205078125,5785.961423339843
2025-09-03,5150.0,5209.89990234375,5148.2001953125,5188.39990234375,5107.14306640625,213167,5107.14306640625,-0.3359933773468059,8796.0849609375,-0.4193845228773321,0.007808533675120577,0.22420472941551278,0.22066865272092254,5385.7660546875,5777.494182128907
2025-09-04,5220.0,5221.7998046875,5145.0,5162.7998046875,5081.94384765625,350954,5081.94384765625,-0.3442275881922895,8796.0849609375,-0.42224934499557076,-0.004934112560064263,0.2221833032240582,0.22045561824460674,5369.4409765625,5769.693132324219
2025-09-05,5162.7998046875,5185.2001953125,5070.0,5117.39990234375,5037.2548828125,259197,5037.2548828125,-0.33000249325914044,8796.0849609375,-0.42732989674583344,-0.008793675448492078,0.22239636228544205,0.2203260757374965,5352.949140625,5762.263569335937
2025-09-08,5140.0,5187.2998046875,5097.60009765625,5108.2998046875,5028.29736328125,101582,5028.29736328125,-0.3371045847492933,8796.0849609375,-0.428348249748451,-0.001778254176062033,0.22241587127551682,0.21966461505584034,5335.374287109375,5755.054096679687
2025-09-09,5111.0,5150.0,5091.0,5131.89990234375,5051.52783203125,150868,5051.52783203125,-0.3228091229736697,8796.0849609375,-0.4257072487971,0.004619947284669079,0.22277499128171852,0.2194138732737136,5317.14404296875,5747.591169433594
2025-09-10,5129.7998046875,5195.0,5121.0,5161.89990234375,5081.0576171875,184147,5081.0576171875,-0.31983434714298886,8796.0849609375,-0.4223500978273915,0.005845713641129402,0.21995907283758453,0.21914382585662315,5299.28826171875,5739.986850585938
2025-09-11,5181.7001953125,5237.0,5157.10009765625,5218.10009765625,5136.3779296875,178386,5136.3779296875,-0.3001985984549196,8796.0849609375,-0.41606090067369506,0.010887558588761115,0.2219816554930889,0.21498980229780626,5285.1129296875,5731.956782226563
2025-09-12,5224.0,5265.0,5201.0,5248.60009765625,5166.39990234375,196396,5166.39990234375,-0.3039335552028116,8796.0849609375,-0.4126477944122646,0.005844969561668689,0.22302079265806513,0.21426708111178802,5272.3927734375,5722.342561035156
2025-09-15,5248.60009765625,5383.2998046875,5241.2001953125,5338.7998046875,5255.1875,435154,5255.1875,-0.28584526115599695,8796.0849609375,-0.40255380395508433,0.017185583643258395,0.22875414090012727,0.2134679628834442,5262.12626953125,5712.83123046875
2025-09-16,5370.0,5376.89990234375,5316.60009765625,5349.0,5265.22802734375,154462,5265.22802734375,-0.28762405171509975,8796.0849609375,-0.4014123271061977,0.0019105935504204474,0.21969958120669433,0.20789073164226363,5252.24724609375,5702.55716796875
2025-09-17,5375.60009765625,5415.7998046875,5331.7001953125,5385.7998046875,5301.451171875,196332,5301.451171875,-0.2967756418734545,8796.0849609375,-0.39729422857803287,0.006879691504932728,0.14700981872343197,0.2031687414335991,5243.4463671875,5692.9590625
2025-09-18,5410.10009765625,5471.2998046875,5396.0,5436.0,5350.865234375,293576,5350.865234375,-0.2869142979885435,8796.0849609375,-0.39167649492499934,0.009320855912462012,0.14809016279093884,0.2032290752046782,5235.712373046875,5683.479130859375
2025-09-19,5458.7998046875,5464.7001953125,5418.0,5436.89990234375,5351.7509765625,272034,5351.7509765625,-0.2942174425311356,8796.0849609375,-0.39157579760438077,0.00016553251646289624,0.1482218316560452,0.20323055990289607,5226.85642578125,5673.664291992188
2025-09-22,5430.0,5455.2998046875,5341.0,5362.7998046875,5278.8115234375,155891,5278.8115234375,-0.3134253685343358,8796.0849609375,-0.3998680609748366,-0.013629082041453633,0.15504189290490564,0.202122623994253,5216.6301171875,5663.256259765625
2025-09-23,5360.2001953125,5375.39990234375,5285.0,5298.7001953125,5215.71533203125,167342,5215.71533203125,-0.31392909961305127,8796.0849609375,-0.40704127402205637,-0.011952726693519544,0.15040707688965868,0.20128583306155387,5207.833828125,5651.914375
2025-09-24,5298.0,5349.7998046875,5223.60009765625,5237.2998046875,5155.27734375,137979,5155.27734375,-0.2963411768328339,8796.0849609375,-0.4139122840850161,-0.011587670038294196,0.15498996724572975,0.20195072671363695,5199.970537109375,5641.128645019531
2025-09-25,5237.0,5265.0,5184.0,5200.7001953125,5119.25048828125,308529,5119.25048828125,-0.3187866918310801,8796.0849609375,-0.41800806710993477,-0.006988344771096999,0.15641107104670152,0.20039852842348554,5192.162861328125,5629.850300292968
2025-09-26,5200.89990234375,5210.0,5121.0,5173.39990234375,5092.37744140625,348241,5092.37744140625,-0.3431791693385545,8796.0849609375,-0.4210631816289896,-0.005249410423755707,0.1572595976613169,0.1953189203612211,5184.937724609375,5618.352878417969
2025-09-29,5173.39990234375,5246.0,5167.10009765625,5207.7998046875,5126.2392578125,228230,5126.2392578125,-0.35015176688319527,8796.0849609375,-0.4172135352742048,0.006649510331052655,0.15408605504865733,0.19535065862617815,5176.690166015625,5606.42177734375
2025-09-30,5201.0,5232.60009765625,5175.10009765625,5183.2998046875,5102.12255859375,215173,5102.12255859375,-0.3611294465963334,8796.0849609375,-0.41995528905737645,-0.004704559815852494,0.1550291805285239,0.19500665240536663,5167.783427734375,5594.196762695313
2025-10-01,5185.0,5208.0,5143.0,5199.0,5117.57666015625,94280,5117.57666015625,-0.3506229023090168,8796.0849609375,-0.4181983595107509,0.003028955377888831,0.1544183683710651,0.1947530619175909,5155.462255859375,5582.399091796875
2025-10-03,5190.0,5208.5,5148.5,5183.5,5102.31982421875,291382,5102.31982421875,-0.35757779083580077,8796.0849609375,-0.419932862531726,-0.00298126182579439,0.1520256049309185,0.19461978050977158,5144.42751953125,5570.299567871094
2025-10-06,5190.5,5244.5,5176.0,5218.0,5136.279296875,156474,5136.279296875,-0.3470036449253249,8796.0849609375,-0.4160721139365203,0.0066556926704315345,0.15277671448895375,0.19508658520242853,5134.93654296875,5557.456328125
2025-10-07,5233.0,5343.0,5209.5,5219.5,5137.755859375,382453,5137.755859375,-0.3636508616829017,8796.0849609375,-0.4159042480613545,0.00028747706552834096,0.14526027228293273,0.19482677752899816,5125.71087890625,5544.976398925781
2025-10-08,5236.5,5236.5,5101.0,5128.5,5048.18115234375,399870,5048.18115234375,-0.3625799682408233,8796.0849609375,-0.4260877225763282,-0.017434597805538132,0.15343466944144096,0.19586365125540275,5115.794091796875,5532.831264648437
2025-10-09,5120.0,5162.0,5075.0,5146.5,5065.89892578125,212517,5065.89892578125,-0.34583230242421903,8796.0849609375,-0.42407344309674344,0.0035097340810112954,0.14633082979850212,0.1960167261696878,5108.14744140625,5522.265104980469
2025-10-10,5151.0,5210.0,5147.5,5186.0,5104.78076171875,180079,5104.78076171875,-0.3261887642430771,8796.0849609375,-0.41965308607311647,0.007675209574281805,0.1467846379897457,0.19645081105342468,5100.620185546875,5513.995998535156
2025-10-13,5160.0,5175.5,5101.0,5147.5,5066.88330078125,284296,5066.88330078125,-0.36369801115483946,8796.0849609375,-0.4239615325132996,-0.007423915483637744,0.14887811684085678,0.19606479032625077,5092.826220703125,5505.352119140625
2025-10-14,5169.5,5169.5,5081.5,5119.5,5039.322265625,299352,5039.322265625,-0.38985982752131865,8796.0849609375,-0.4270948623161205,-0.005439445418448985,0.13022832240514995,0.1961656316910729,5085.345595703125,5496.965913085937
2025-10-15,5119.5,5228.0,5097.5,5173.5,5092.4765625,218559,5092.4765625,-0.3872097640390907,8796.0849609375,-0.42105191285496224,0.010547905863767415,0.13331589071647618,0.19706280443112387,5081.335087890625,5488.517866210937
2025-10-16,5190.0,5260.0,5077.5,5212.0,5130.373046875,542569,5130.373046875,-0.3857818280580273,8796.0849609375,-0.41674357743718327,0.0074416610287542095,0.13313801004046483,0.19164954924056163,5083.87900390625,5480.739736328125
2025-10-17,5208.5,5227.0,5176.0,5202.0,5120.5302734375,145812,5120.5302734375,-0.38816198875303054,8796.0849609375,-0.4178625722492173,-0.001918529773092259,0.13241530948250788,0.19140659060461582,5086.3930859375,5473.620109863281
2025-10-20,5228.0,5273.5,5203.5,5231.5,5149.56787109375,141485,5149.56787109375,-0.39022766389584895,8796.0849609375,-0.4145613765712307,0.0056708184710636544,0.13041794735139395,0.1905412084632911,5089.23248046875,5465.618884277344
2025-10-21,5248.0,5262.0,5220.0,5240.0,5157.9345703125,26961,5157.9345703125,-0.39766768250439144,8796.0849609375,-0.4136101921231603,0.001624738119428537,0.13021339045528857,0.19017275003264675,5091.8167578125,5457.580393066406
2025-10-23,5244.0,5279.5,5165.0,5181.5,5100.35107421875,333500,5100.35107421875,-0.3990020304609416,8796.0849609375,-0.4201566836986137,-0.011164060983864132,0.13424874532576633,0.19083329206015814,5094.956796875,5449.433415527344
2025-10-24,5198.0,5210.0,5151.5,5181.0,5099.85888671875,245669,5099.85888671875,-0.4053753284964088,8796.0849609375,-0.42021263899033556,-9.650071001732208e-05,0.13323784656063173,0.190727324354315,5097.59482421875,5441.7309765625
2025-10-27,5198.0,5240.0,5172.0,5238.0,5155.96630859375,72330,5155.96630859375,-0.3622901156232843,8796.0849609375,-0.4138339577788458,0.011001759680276058,0.13331815410497178,0.19170831833218532,5100.87267578125,5435.187189941406
2025-10-28,5260.0,5275.0,5141.5,5175.5,5094.44482421875,236636,5094.44482421875,-0.36202837767147045,8796.0849609375,-0.42082814719927664,-0.011932095885199723,0.13664647108569297,0.19243033431040713,5102.614951171875,5427.91638671875
2025-10-29,5175.5,5300.0,5175.5,5289.0,5206.16748046875,193168,5206.16748046875,-0.3079446069107328,8796.0849609375,-0.40812674006801897,0.021930290758843007,0.1425274187290936,0.19080100664047495,5107.713828125,5421.4444189453125
2025-10-30,5297.5,5306.0,5237.0,5279.0,5196.32421875,121312,5196.32421875,-0.30422254685514905,8796.0849609375,-0.4092457903912552,-0.0018906924826520566,0.1424470460887395,0.1883528456808769,5112.46818359375,5415.775471191406
2025-10-31,5284.0,5295.5,5204.5,5220.0,5138.248046875,146857,5138.248046875,-0.3004324659881684,8796.0849609375,-0.41584829276963264,-0.011176394972708281,0.14403239820988836,0.18879330870844965,5115.460576171875,5410.142297363282
2025-11-03,5215.0,5279.0,5205.0,5256.0,5173.68408203125,79178,5173.68408203125,-0.27807237778006255,8796.0849609375,-0.41181967829926114,0.006896520921717997,0.14268765684228904,0.18764498119306042,5118.108447265625,5406.182299804687
2025-11-04,5263.0,5270.5,5225.5,5244.0,5161.8720703125,101847,5161.8720703125,-0.29448182272847345,8796.0849609375,-0.41316254978938494,-0.0022830948955260277,0.1426779916804842,0.18747751626436146,5120.12634765625,5401.98087890625
2025-11-06,5258.0,5280.5,5172.0,5228.0,5146.12255859375,302941,5146.12255859375,-0.2904218186797942,8796.0849609375,-0.4149530636132841,-0.0030511239922682565,0.1378602024060421,0.18687007825463653,5123.374658203125,5397.470505371094
2025-11-07,5099.0,5151.0,4962.5,5016.5,4937.93505859375,1147124,4937.93505859375,-0.3193616670293232,8796.0849609375,-0.43862126383242017,-0.04045521606405156,0.17705429420967622,0.1969977390918961,5121.7209765625,5391.360144042968
2025-11-10,4964.0,5009.0,4921.5,4992.0,4913.81884765625,207748,4913.81884765625,-0.3227723698422259,8796.0849609375,-0.44136296210438974,-0.0048838655533812725,0.17487409805488974,0.19694785338068385,5121.13037109375,5384.058713378906
2025-11-11,5021.5,5026.5,4941.0,4978.5,4900.5302734375,202095,4900.5302734375,-0.3182223391847745,8796.0849609375,-0.44287369946967925,-0.0027043272515201444,0.1741532360002137,0.19418257988298898,5120.697265625,5376.701826171875
2025-11-12,4994.0,5000.0,4911.0,4924.0,4846.8837890625,322415,4846.8837890625,-0.3041314526278657,8796.0849609375,-0.44897260422255947,-0.01094707743482004,0.17602173082278041,0.19456532813713412,5119.22076171875,5370.268278808594
2025-11-13,4933.0,4959.0,4896.0,4913.0,4836.0556640625,308690,4836.0556640625,-0.3087098407677433,8796.0849609375,-0.4502036206404416,-0.0022340385021062392,0.1742846686211767,0.19445318329995734,5114.999912109375,5363.788159179688
2025-11-14,4913.0,4963.0,4899.0,4952.5,4874.9375,120184,4874.9375,-0.2867953218488096,8796.0849609375,-0.44578326361681464,0.008039989329824637,0.17639233794668974,0.19516061901239729,5111.14720703125,5357.255395507813
2025-11-17,4955.0,5060.0,4926.0,5041.5,4962.54345703125,201519,4962.54345703125,-0.2786877927608232,8796.0849609375,-0.4358236102687286,0.0179706831177322,0.18480925523284542,0.19792155213466894,5108.25521484375,5351.899631347656
2025-11-18,5041.5,5095.0,4998.5,5080.5,5000.9326171875,185933,5000.9326171875,-0.29242556395912167,8796.0849609375,-0.4314592640480256,0.007735783170192301,0.1863935311174978,0.19852534197840968,5106.634990234375,5347.202578125
2025-11-19,5081.5,5099.0,5037.0,5083.0,5003.3935546875,241340,5003.3935546875,-0.26427080710396067,8796.0849609375,-0.43117948758941604,0.000492095712616214,0.18516013076933913,0.19761964798195777,5105.957763671875,5342.92966796875
2025-11-20,5083.0,5172.0,5083.0,5147.0,5066.39111328125,315841,5066.39111328125,-0.23723670675523156,8796.0849609375,-0.4240174878050216,0.012590966092349332,0.18918208460302535,0.19902900733560125,5106.719638671875,5338.425395507813
2025-11-21,5130.0,5132.0,5068.5,5092.0,5012.2529296875,195539,5012.2529296875,-0.2316228358853476,8796.0849609375,-0.4301722923384216,-0.010685748964747277,0.18486237465551572,0.19621597902847607,5105.934140625,5335.561926269531
2025-11-24,5092.0,5100.0,5024.5,5057.0,4977.80078125,453211,4977.80078125,-0.23065639127993287,8796.0849609375,-0.43408905173655143,-0.006873585375837821,0.1855137585237194,0.19416770209682976,5103.86900390625,5331.76794921875
2025-11-25,5042.5,5092.0,5035.0,5070.5,4991.08935546875,179842,4991.08935546875,-0.23731617394688576,8796.0849609375,-0.4325783143712618,0.0026695673054664137,0.18415498906609654,0.1940146598818832,5100.963232421875,5329.872082519531
2025-11-26,5070.5,5206.5,5058.0,5197.5,5116.1005859375,157689,5116.1005859375,-0.22505884480392524,8796.0849609375,-0.41836616987471453,0.025046882867719944,0.19739974684440384,0.19821828370209063,5099.95724609375,5330.076518554688
2025-11-27,5235.0,5264.5,5188.5,5240.5,5158.4267578125,123457,5158.4267578125,-0.23492626019867013,8796.0849609375,-0.4135542368314383,0.0082731312967812,0.19787654908423039,0.1968982039396177,5098.02203125,5328.382370605469
2025-11-28,5260.0,5260.5,5170.0,5175.0,5093.95263671875,82669,5093.95263671875,-0.28145334880938966,8796.0849609375,-0.4208841024909986,-0.01249879548955568,0.1993345323977015,0.19784045271324358,5094.5965234375,5325.802409667969
2025-12-01,5218.0,5219.5,5148.5,5189.5,5108.22607421875,68252,5108.22607421875,-0.2863067858742372,8796.0849609375,-0.4192613990310631,0.0028020357702411847,0.19829772770641327,0.18918962763767863,5090.732021484375,5323.6041015625
2025-12-02,5171.0,5221.5,5161.0,5183.0,5101.82763671875,149427,5101.82763671875,-0.30303287015132563,8796.0849609375,-0.419988817823448,-0.001252575239826026,0.19825312171850876,0.1879716281634356,5085.75126953125,5321.352563476563
2025-12-03,5183.0,5183.0,5088.5,5107.0,5027.01806640625,81229,5027.01806640625,-0.3038404988222133,8796.0849609375,-0.42849368909796626,-0.014663288460410207,0.20188404922925887,0.18903041834619377,5079.256611328125,5319.240859375
2025-12-04,5100.0,5182.0,5095.0,5172.5,5091.4921875,90233,5091.4921875,-0.29742010808573116,8796.0849609375,-0.4211638234384061,0.012825520068170615,0.20559233809602503,0.19046229303297227,5075.510224609375,5318.152897949219
2025-12-05,5172.5,5194.0,5140.5,5173.5,5092.4765625,99564,5092.4765625,-0.30380418761828676,8796.0849609375,-0.42105191285496224,0.0001933372307663106,0.2030204996550898,0.18988213417245287,5073.04544921875,5317.0078515625
2025-12-08,5171.5,5194.0,5049.0,5057.5,4978.29296875,130551,4978.29296875,-0.32363990878150495,8796.0849609375,-0.43403309644482946,-0.022422016547081536,0.21319576068122978,0.19133016996983307,5069.50576171875,5315.325085449219
2025-12-09,5051.0,5128.0,4981.0,5117.0,5036.86083984375,113585,5036.86083984375,-0.32699108349669526,8796.0849609375,-0.4273746942859322,0.011764649340927802,0.21357126076459676,0.19215849565210202,5067.85796875,5314.809125976562
2025-12-10,5109.5,5192.0,5098.0,5152.0,5071.31298828125,118196,5071.31298828125,-0.30647984223659397,8796.0849609375,-0.4234579348878025,0.006840004028892066,0.21190877284592397,0.19248885528401924,5067.4366796875,5314.572109375
2025-12-11,5154.0,5257.5,5147.0,5242.5,5160.39599609375,197330,5160.39599609375,-0.3002776447173847,8796.0849609375,-0.41333036015334856,0.017566063861243153,0.20831955031118168,0.1945103721100329,5068.119814453125,5315.268024902343
2025-12-12,5270.0,5299.0,5230.0,5278.0,5195.33984375,200377,5195.33984375,-0.2971540901618407,8796.0849609375,-0.40935770097469903,0.006771543827780224,0.20922327582564998,0.19134553352795397,5069.98416015625,5316.227524414063
2025-12-15,5288.0,5298.0,5200.5,5285.0,5202.22998046875,191017,5202.22998046875,-0.30751972780635195,8796.0849609375,-0.40857438240179433,0.0013262148244332916,0.2064992525083133,0.1675481599038187,5071.6772265625,5316.143415527344
2025-12-16,5280.0,5280.0,5227.0,5242.0,5159.90380859375,71299,5159.90380859375,-0.31630873017736927,8796.0849609375,-0.41338631544507054,-0.008136159307433388,0.20704526469689588,0.16813244379405515,5072.82890625,5316.107670898437
2025-12-17,5238.0,5262.5,5152.0,5171.0,5090.01513671875,85858,5090.01513671875,-0.31925375379013154,8796.0849609375,-0.42133174482477387,-0.013544568749247143,0.21066249245580715,0.16970361738871445,5071.903623046875,5315.24130859375
2025-12-18,5185.0,5185.0,5075.5,5097.5,5017.66650390625,362593,5017.66650390625,-0.3329544430709105,8796.0849609375,-0.4295568396406827,-0.014213834511136447,0.214343863045481,0.17127507407075127,5069.5018359375,5314.443598632813
2025-12-19,5106.0,5191.5,5100.0,5177.0,5095.92138671875,351488,5095.92138671875,-0.3386152491832698,8796.0849609375,-0.42066028132411093,0.015595871656990168,0.1834645114221989,0.17078721005877953,5070.456640625,5314.804204101562
2025-12-22,5180.5,5233.0,5170.0,5181.0,5099.85888671875,67499,5099.85888671875,-0.3319319558270254,8796.0849609375,-0.42021263899033556,0.0007726767548381641,0.18258774922016724,0.17061257195714002,5071.13583984375,5316.206403808594
2025-12-23,5185.0,5215.0,5151.0,5204.0,5122.49853515625,64953,5122.49853515625,-0.3149182783461355,8796.0849609375,-0.4176388065935318,0.0044392695838033625,0.1823989802830259,0.17058294387701203,5071.4901953125,5316.975268554687
2025-12-24,5212.5,5266.0,5202.0,5215.0,5133.326171875,103441,5133.326171875,-0.2849655101116382,8796.0849609375,-0.41640784568685174,0.00211374130113251,0.17851483816966943,0.1705477944259116,5072.819052734375,5317.294887695312
2025-12-26,5215.0,5244.5,5164.5,5183.0,5101.82763671875,54254,5101.82763671875,-0.24513566586909608,8796.0849609375,-0.419988817823448,-0.006136086837580601,0.17966915850981233,0.1697859871537767,5074.06916015625,5316.866721191406
2025-12-29,5218.5,5218.5,5155.0,5165.0,5084.109375,53679,5084.109375,-0.25185927655162454,8796.0849609375,-0.4220031528142347,-0.0034729244067809306,0.17931878054214564,0.169897960082081,5073.90181640625,5316.068239746094
2025-12-30,5155.0,5169.0,5100.0,5138.5,5058.0244140625,107504,5058.0244140625,-0.24693268637860488,8796.0849609375,-0.424968672253092,-0.0051306844549346975,0.17323534543816999,0.16986263274977892,5072.45484375,5315.3514794921875
2025-12-31,5150.0,5207.5,5141.5,5170.0,5089.03076171875,106827,5089.03076171875,-0.24963634955138014,8796.0849609375,-0.4214436554082177,0.0061301300899310185,0.17272987700355558,0.16925967494191207,5071.824853515625,5315.60146484375
2026-01-01,5183.0,5195.5,5146.0,5176.5,5095.42919921875,37884,5095.42919921875,-0.23789561120829839,8796.0849609375,-0.4207162366158328,0.0012572998277258218,0.17273844195633897,0.16915179651019574,5070.742080078125,5316.034802246094
2026-01-02,5156.5,5220.0,5156.5,5205.5,5123.97509765625,63490,5123.97509765625,-0.21705097610281843,8796.0849609375,-0.417470940718366,0.005602255928092825,0.16970657537686137,0.16736756093385508,5070.062890625,5316.560085449219
2026-01-05,5230.0,5249.5,5131.0,5168.5,5087.5546875,101498,5087.5546875,-0.24626731194881923,8796.0849609375,-0.42161146577218134,-0.007107842927048802,0.1679777812364258,0.16740035756009972,5069.806962890625,5317.006533203125
2026-01-06,5168.5,5254.5,5160.5,5224.5,5142.677734375,122892,5142.677734375,-0.23988222877340792,8796.0849609375,-0.4153446951441354,0.010834880460437235,0.1690136425893661,0.16623150178073823,5070.66333984375,5317.391215820313
2026-01-07,5215.0,5307.5,5181.5,5299.0,5216.0107421875,123203,5216.0107421875,-0.2249320715709412,8796.0849609375,-0.40700768974478285,0.014259693412698837,0.173210217377006,0.16761297685610774,5071.864228515625,5318.142563476563
2026-01-08,5312.0,5368.0,4983.5,5021.0,4942.36474609375,681840,4942.36474609375,-0.2557068200652527,8796.0849609375,-0.43811766620692294,-0.0524626979542967,0.22087366427484947,0.1897579174277126,5068.822626953125,5316.119765625
2026-01-09,5050.0,5138.0,4983.5,5093.0,5013.23681640625,329338,5013.23681640625,-0.2245241867786969,8796.0849609375,-0.43006043726617993,0.014339708611857294,0.22378091381690696,0.18634905203049376,5064.964013671875,5314.524077148438
2026-01-12,5075.0,5075.5,4951.0,5048.0,4968.94140625,172796,4968.94140625,-0.24122144325813644,8796.0849609375,-0.4350962469875458,-0.00883569074799928,0.22237187150215865,0.18680139063174572,5060.416357421875,5312.722536621094
2026-01-13,5050.0,5081.5,4923.0,4966.0,4888.2255859375,113004,4888.2255859375,-0.2480301993164803,8796.0849609375,-0.4442725817627271,-0.016244067642048332,0.22655412384430149,0.18823052627591683,5055.415908203125,5310.152692871094
2026-01-14,4960.5,4992.0,4925.0,4935.0,4857.71142578125,107017,4857.71142578125,-0.23260282474497018,8796.0849609375,-0.4477416433158795,-0.0062423796978668955,0.22699350579306926,0.18833213497187246,5049.096455078125,5308.006657714844
2026-01-15,4935.0,4935.0,4935.0,4935.0,4857.71142578125,0,4857.71142578125,-0.22461256320885892,8796.0849609375,-0.4477416433158795,0.0,0.223575419378505,0.18780060939617202,5043.0132421875,5305.325744628906
2026-01-16,4935.0,4960.0,4852.0,4872.5,4796.1904296875,186282,4796.1904296875,-0.19603674007916372,8796.0849609375,-0.4547357772251083,-0.01266460493458721,0.22203533012477075,0.188917932680372,5036.014599609375,5302.255935058593
2026-01-19,4877.5,4942.0,4839.0,4865.5,4789.2998046875,238177,4789.2998046875,-0.20207012193534613,8796.0849609375,-0.45551915130921505,-0.001436687116789237,0.2219524451688851,0.18872906969657025,5033.04189453125,5299.122866210938
2026-01-20,4855.0,4855.0,4673.0,4691.5,4618.025390625,413609,4618.025390625,-0.2364625048075728,8796.0849609375,-0.4749908156716117,-0.03576189026522547,0.23559364752995857,0.19739743700636955,5027.126025390625,5295.851638183593
2026-01-21,4692.5,4751.5,4637.5,4707.5,4633.7744140625,349292,4633.7744140625,-0.2477647882260946,8796.0849609375,-0.47320035735891464,0.0034103371257923065,0.23245457187773197,0.1965187611319468,5021.790908203125,5293.079052734375
2026-01-22,4725.0,4807.0,4719.0,4755.5,4681.02294921875,145026,4681.02294921875,-0.2656187867061912,8796.0849609375,-0.46782881588721725,0.01019655488900395,0.2338473581179687,0.19708620574223346,5018.47369140625,5290.473623046875
2026-01-23,4760.0,4775.0,4668.5,4694.5,4620.97802734375,114255,4620.97802734375,-0.27478892756420525,8796.0849609375,-0.4746551394324824,-0.01282730773302898,0.2276262293298216,0.19563013596240358,5014.172138671875,5288.697778320313
2026-01-27,4694.5,4777.0,4649.5,4707.5,4633.7744140625,178884,4633.7744140625,-0.24452531879102335,8796.0849609375,-0.47320035735891464,0.0027691944525660706,0.22633772206701616,0.1956759509704604,5009.348876953125,5287.632114257813
2026-01-28,4759.0,5075.0,4750.0,5043.5,4964.51220703125,419235,4964.51220703125,-0.1904031684041222,8796.0849609375,-0.43559978910184094,0.07137546272538264,0.3139626329680516,0.23008537193618325,5009.388251953125,5287.727739257813
2026-01-29,5050.0,5547.5,4983.5,5474.0,5388.27001953125,2492153,5388.27001953125,-0.12832184226914845,8796.0849609375,-0.38742405928774015,0.08535739158820688,0.40125352336522485,0.27094388032878114,5017.135,5290.079838867187
2026-01-30,5440.0,5605.5,5400.0,5578.5,5491.13330078125,634906,5491.13330078125,-0.08992215754458399,8796.0849609375,-0.37572984740747695,0.01909022392663018,0.4015948371214855,0.27277767966328165,5026.889794921875,5292.42333984375
2026-02-02,5490.0,5537.0,5368.5,5468.0,5382.36376953125,156864,5382.36376953125,-0.09393051337340674,8796.0849609375,-0.3880955227884032,-0.019808211764687056,0.40397867451090147,0.27387314404087765,5033.209248046875,5293.719118652344
2026-02-03,5641.5,5769.0,5608.0,5668.5,5579.7236328125,646658,5579.7236328125,-0.047499677839724086,8796.0849609375,-0.3656582834759472,0.03666787897140544,0.4143315935336216,0.27970576349086773,5044.558662109375,5295.35232421875
2026-02-04,5661.0,5867.0,5582.5,5755.0,5664.869140625,509746,5664.869140625,-0.050672703092132454,8796.0849609375,-0.35597835107526865,0.015259807369631728,0.41567396773952775,0.27991932581725437,5058.300029296875,5296.473818359375
2026-02-05,5750.0,5840.5,5663.0,5770.0,5679.63427734375,205411,5679.63427734375,0.016954055924778944,8796.0849609375,-0.35429974783481333,0.0026064391519413643,0.41568465846879604,0.27958493288357583,5072.070927734375,5297.388391113282
2026-02-06,5769.0,5845.0,5726.5,5816.0,5724.9140625,304093,5724.9140625,-0.002036421689180501,8796.0849609375,-0.3491520275300035,0.00797230648051972,0.4158284195883519,0.27958255800524906,5084.247197265625,5298.268151855469
2026-02-09,5845.0,5850.0,5748.0,5815.5,5724.42138671875,137449,5724.42138671875,0.06594811306258475,8796.0849609375,-0.3492080383329276,-8.605819683427107e-05,0.41491985544416754,0.27945520667741125,5095.56708984375,5298.996533203125
2026-02-10,5850.0,5884.0,5806.0,5870.0,5778.068359375,155125,5778.068359375,0.1384877694778266,8796.0849609375,-0.34310907806884516,0.009371597412572763,0.41453418954492055,0.27958033108831326,5109.249404296875,5300.112768554687
2026-02-11,5851.0,5861.0,5781.0,5825.5,5734.26513671875,91365,5734.26513671875,0.043114014350731145,8796.0849609375,-0.34808893249848927,-0.0075809457299303995,0.41509425947298006,0.27998312109811035,5121.770185546875,5301.935222167969
2026-02-12,5819.0,5864.5,5760.0,5788.5,5697.8447265625,169801,5697.8447265625,0.015668585894869524,8796.0849609375,-0.3522294575523046,-0.00635136487202792,0.41624686808322886,0.280189713288545,5133.69052734375,5303.394924316406
2026-02-13,5788.5,5855.0,5726.5,5780.5,5689.9697265625,152957,5689.9697265625,0.02561011308322758,8796.0849609375,-0.35312474221985524,-0.0013821015450434793,0.416473662447039,0.28008388963523495,5146.949560546875,5304.583332519531
2026-02-16,5781.0,5914.0,5742.5,5888.0,5795.78662109375,188248,5795.78662109375,0.04388426362921849,8796.0849609375,-0.3410947430780584,0.018597092711629903,0.41860269530475436,0.28157017107623095,5161.03544921875,5306.598654785156
2026-02-17,5922.5,5940.0,5806.0,5836.0,5744.6005859375,116120,5744.6005859375,0.05417916223839048,8796.0849609375,-0.3469139268835312,-0.00883159413943202,0.41904562745144736,0.2802978358592841,5174.0779296875,5308.593837890625
2026-02-18,5836.0,5909.0,5771.5,5881.5,5789.38818359375,178419,5789.38818359375,0.09046827440988015,8796.0849609375,-0.34182216187044334,0.0077964685248768095,0.41873174310422584,0.28047275542702876,5190.299833984375,5310.584538574219
2026-02-19,5885.0,5908.0,5695.0,5719.5,5629.92529296875,136031,5629.92529296875,0.05796115265695345,8796.0849609375,-0.3599510102539182,-0.02754399697655341,0.42751489246883195,0.2844883604600642,5202.161123046875,5312.531962890625
2026-02-20,5725.0,6246.0,5719.5,5987.0,5893.23583984375,4034978,5893.23583984375,0.10882528442172368,8796.0849609375,-0.3300160394067363,0.0467698118843336,0.4123357506842294,0.2941032185228761,5218.599580078125,5315.484006347656
2026-02-23,6090.0,6090.0,5775.0,5917.5,5824.82421875,831004,5824.82421875,0.13322265738549155,8796.0849609375,-0.33779354740007184,-0.01160849878622261,0.4147356049803491,0.2947165009372949,5231.88814453125,5318.634345703125
2026-02-24,5881.5,6075.0,5881.5,6056.0,5961.15478515625,782563,5961.15478515625,0.1645800286193122,8796.0849609375,-0.3222945422163247,0.023405095379085417,0.41568891498039245,0.2965791130424594,5247.204443359375,5321.714755859375
2026-02-25,6101.0,6180.0,6046.5,6167.5,6070.9091796875,363747,6070.9091796875,0.20905233694081482,8796.0849609375,-0.30981690074075263,0.018411599511649612,0.4113902411554432,0.29772311421982134,5264.57802734375,5324.624287109375
2026-02-26,6170.0,6205.5,6110.5,6133.0,6036.94970703125,283878,6036.94970703125,0.20655984237406977,8796.0849609375,-0.3136776493359583,-0.0055938034404919845,0.4112053462197046,0.29792504043353,5282.1189453125,5327.120861816406
2026-02-27,6128.0,6128.0,6039.0,6073.0,5977.888671875,602254,5977.888671875,0.14539746859696923,8796.0849609375,-0.3203921178089817,-0.009783257774611198,0.41374344598534224,0.2985079695032053,5299.876416015625,5329.3294995117185
2026-03-02,5840.0,6073.0,5835.0,5983.0,5889.29833984375,275442,5889.29833984375,0.139779027348385,8796.0849609375,-0.33046368174051155,-0.01481966909956911,0.41469132396835734,0.2998055359829585,5317.309052734375,5330.603955078125
2026-03-04,5900.0,5911.5,5793.5,5830.5,5739.18701171875,275613,5739.18701171875,0.09041866043467173,8796.0849609375,-0.34752937958127017,-0.02548883066585872,0.42477472853866616,0.30248509085520453,5330.174365234375,5330.710307617188
2026-03-05,5844.0,6000.5,5833.5,5929.0,5836.14453125,268401,5836.14453125,0.12727631804927753,8796.0849609375,-0.3365065756904677,0.0168939467093987,0.4063901551023871,0.3035671073893189,5344.900078125,5331.21302734375
2026-03-06,5900.0,6118.0,5869.0,6062.0,5967.0615234375,377080,5967.0615234375,0.18775850461033006,8796.0849609375,-0.3216230232044597,0.02243210247561489,0.4082012385228619,0.305159566553835,5361.791337890625,5332.859106445312
2026-03-09,5982.0,6000.0,5853.0,5982.5,5888.80615234375,249926,5888.80615234375,0.22189131494189063,8796.0849609375,-0.3305196370322334,-0.013114557439432684,0.4130583445749989,0.30531665459804525,5376.9009375,5333.386887207032
2026-03-10,6032.5,6250.0,6032.0,6224.5,6127.01611328125,474110,6127.01611328125,0.23311622010721367,8796.0849609375,-0.30343827504046494,0.04045131640862243,0.4185426254799017,0.3103078498055049,5397.40470703125,5334.9215087890625
2026-03-11,6230.0,6325.0,6181.0,6280.0,6181.6474609375,599883,6181.6474609375,0.2194035986428997,8796.0849609375,-0.2972274041929387,0.00891646874207308,0.4180274426433123,0.3104513554345317,5419.35546875,5336.547531738282
2026-03-12,6242.0,6429.5,6146.0,6409.0,6308.626953125,596298,6308.626953125,0.2161300160392774,8796.0849609375,-0.2827914940407059,0.020541367489798956,0.37711055620426476,0.31114166272590976,5444.36751953125,5338.634064941406
2026-03-13,6439.5,6554.0,6339.5,6392.5,6292.38525390625,1070957,6292.38525390625,0.19996537953914006,8796.0849609375,-0.28463796315632695,-0.002574522053599093,0.29896409354361686,0.3111637381535533,5468.434609375,5340.550969238281
2026-03-16,6400.0,6417.0,6162.5,6218.0,6120.6181640625,371084,6120.6181640625,0.1767304684504054,8796.0849609375,-0.30416563832164767,-0.027297611781973874,0.31045260605181585,0.31501311720443886,5488.938388671875,5341.60658203125
2026-03-17,6237.5,6337.5,6176.5,6310.5,6211.66943359375,297126,6211.66943359375,0.23271043894533894,8796.0849609375,-0.29381429793150826,0.0148761558212962,0.30372796333973395,0.31561299840324825,5510.692275390625,5342.9774487304685
2026-03-18,6320.5,6415.5,6280.5,6337.5,6238.24658203125,280678,6238.24658203125,0.24546683039018347,8796.0849609375,-0.29079282320092914,0.004278583836700323,0.2884726464783335,0.30722526374003284,5533.70611328125,5344.83734375
2026-03-19,6261.0,6322.0,6178.5,6214.0,6116.6806640625,212355,6116.6806640625,0.21872485405562636,8796.0849609375,-0.30461328065542304,-0.01948719345575578,0.2940896107305834,0.3092224089023557,5553.186171875,5346.072216796875
2026-03-20,6250.0,6380.0,6250.0,6297.0,6198.380859375,274862,6198.380859375,0.2401064549056915,8796.0849609375,-0.2953250352967979,0.013356949594003797,0.29569782000456923,0.3096069781804087,5572.83357421875,5347.614887695312
2026-03-23,6264.0,6264.0,5975.0,6041.5,5946.88232421875,274731,5946.88232421875,0.17394120161108262,8796.0849609375,-0.32391713465385596,-0.04057487606232857,0.3211080994770729,0.3172075928732842,5592.92392578125,5347.671643066406
2026-03-24,6200.0,6244.5,6045.0,6162.0,6065.4951171875,280421,6065.4951171875,0.1973558981045893,8796.0849609375,-0.3104324089496936,0.019945374147676942,0.32548527313217995,0.31844504260110384,5613.969091796875,5348.3705859375
2026-03-25,6200.0,6290.0,6185.5,6212.5,6115.2041015625,231844,6115.2041015625,0.14368630257190973,8796.0849609375,-0.30478114653058874,0.008195371262296858,0.32527577141820097,0.3184525038305672,5636.894345703125,5349.219826660156
2026-03-27,6190.0,6190.0,5987.0,6105.0,6009.3876953125,425645,6009.3876953125,0.12696279717523673,8796.0849609375,-0.3168110901611835,-0.01730382248778295,0.32898836141469073,0.3191381852001407,5659.317587890625,5348.736828613281
2026-03-30,5995.0,6100.0,5911.0,5941.5,5848.4482421875,342351,5848.4482421875,0.09742436140906108,8796.0849609375,-0.33510780441982413,-0.026781339678007,0.33856029179985514,0.3226883333101076,5679.13232421875,5347.680009765625
2026-04-01,6180.0,6188.5,6012.0,6063.0,5968.0458984375,339497,5968.0458984375,0.10474476246360398,8796.0849609375,-0.32151111262101584,0.02044946818325033,0.3430581962824955,0.3241590175852922,5701.339013671875,5347.668198242188
2026-04-02,6021.5,6158.0,5916.5,6142.0,6045.80810546875,275527,6045.80810546875,0.14354101630378424,8796.0849609375,-0.3126705651073681,0.013029760218769226,0.3410655595335917,0.3241998097540608,5726.3313671875,5348.320285644531
2026-04-06,6150.0,6247.5,6088.0,6193.5,6096.501953125,259645,6096.501953125,0.13025986505466114,8796.0849609375,-0.30690733659361724,0.008384958101861573,0.3401247759705409,0.32362876574185717,5752.47541015625,5349.333911132812
2026-04-07,6175.0,6280.0,6081.5,6269.0,6170.8193359375,253657,6170.8193359375,0.14059992101077334,8796.0849609375,-0.29845842061082084,0.01219016796581296,0.340989663698648,0.3236573426228362,5783.5312890625,5350.645441894531
2026-04-08,6399.0,6584.5,6370.0,6565.0,6462.18359375,626418,6462.18359375,0.19318440096824752,8796.0849609375,-0.2653341091578939,0.04721646218285125,0.35267454549023924,0.3321593269566553,5820.09947265625,5353.313090820313
2026-04-09,6575.0,6642.0,6483.5,6614.0,6510.41650390625,591302,6510.41650390625,0.23484102177787292,8796.0849609375,-0.2598506571027527,0.007463871840920566,0.32972254629179015,0.3301650843872165,5856.68734375,5356.175239257813
2026-04-10,6642.0,6905.5,6612.5,6859.5,6752.07177734375,798909,6752.07177734375,0.3014056307861912,8796.0849609375,-0.2323776080689307,0.037118250927956176,0.3403499158567854,0.3349889815833347,5899.30921875,5361.1053125
2026-04-13,6725.0,6878.5,6688.0,6828.5,6721.556640625,320237,6721.556640625,0.2920830353600399,8796.0849609375,-0.23584678064448727,-0.004519373864054876,0.33694611734975805,0.3341944531760254,5941.06486328125,5365.394038085938
2026-04-15,6890.0,6993.0,6844.0,6873.0,6765.35986328125,499662,6765.35986328125,0.3595578869468006,8796.0849609375,-0.23086692621484328,0.006516827127737601,0.3343484796709257,0.33423653613051996,5977.08181640625,5370.122834472656
2026-04-16,6873.5,6907.0,6732.5,6883.5,6775.69580078125,548523,6775.69580078125,0.39794212764139836,8796.0849609375,-0.229691865088683,0.0015277734974745716,0.3332393805499876,0.3341606676813542,6004.83033203125,5374.510324707031
2026-04-17,6880.0,7083.0,6833.5,7029.5,6919.4091796875,558816,6919.4091796875,0.39916428987595265,8796.0849609375,-0.21335353052910722,0.021210128543504014,0.33415048416068255,0.33406956670141047,6033.395849609375,5379.798137207032
2026-04-20,7054.5,7319.5,6993.5,7158.0,7045.896484375,559841,7045.896484375,0.4327188394239456,8796.0849609375,-0.1989735756685963,0.018280072966173844,0.33075683019286944,0.3346123445419895,6066.66650390625,5385.492419433594
2026-04-21,7200.0,7300.0,7184.0,7255.0,7141.37744140625,260767,7141.37744140625,0.4218959797852273,8796.0849609375,-0.18811863765295977,0.013551285807702262,0.31733137361872044,0.33494733483998007,6097.899580078125,5391.384106445313
2026-04-22,7253.0,7822.5,7161.0,7587.0,7468.177734375,1729200,7468.177734375,0.457715111896023,8796.0849609375,-0.15096571172966133,0.0457615208900648,0.3352749023195697,0.33913428634344306,6133.965751953125,5398.85576171875
2026-04-23,7587.0,7650.0,7533.5,7575.5,7456.85791015625,376857,7456.85791015625,0.4195204210920429,8796.0849609375,-0.15225262792806327,-0.0015157411381154784,0.33378862912498997,0.33908336354823015,6169.510224609375,5406.914328613281
2026-04-24,7575.5,7594.0,7304.0,7328.5,7213.7265625,343502,7213.7265625,0.3259136723085958,8796.0849609375,-0.17989348732584887,-0.03260506644830996,0.3487780798776246,0.344719908020261,6199.286474609375,5413.970922851562
2026-04-27,7330.5,7475.0,7282.5,7430.5,7314.12890625,267337,7314.12890625,0.3306352279351268,8796.0849609375,-0.1684790519041952,0.013918235308770122,0.33487871643571077,0.3443718897788063,6231.080625,5421.69900390625
2026-04-28,7449.0,7490.0,7251.5,7288.0,7173.86083984375,296110,7173.86083984375,0.29282935275935795,8796.0849609375,-0.1844256994217176,-0.019177685846689108,0.34266013092375985,0.34653526650272704,6258.996474609375,5428.772412109375
2026-04-29,7340.0,7373.0,7212.0,7264.5,7150.728515625,361430,7150.728515625,0.28178082443565877,8796.0849609375,-0.18705554262144541,-0.0032245292646705392,0.3403286291221354,0.34671177375447776,6287.3257421875,5435.818579101562
2026-04-30,7250.0,7305.0,7102.0,7230.0,7145.8759765625,327820,7145.8759765625,0.28642770031734477,8796.0849609375,-0.18760721294796567,-0.0006786076484230907,0.34003489699466954,0.34621063353714526,6316.2863671875,5442.860134277344
2026-05-01,7230.0,7230.0,7230.0,7230.0,7145.8759765625,0,7145.8759765625,0.33075906463569504,8796.0849609375,-0.18760721294796567,0.0,0.32682104854045024,0.3450228625880266,6345.4044921875,5449.616772460938
2026-05-04,7269.0,7363.0,7185.0,7236.5,7152.30029296875,364239,7152.30029296875,0.3230534430850527,8796.0849609375,-0.18687685206186921,0.0008990243361794992,0.32580102644245934,0.3436871983307045,6372.534765625,5456.427639160156
2026-05-05,7248.0,7349.0,7215.0,7328.0,7242.73583984375,324323,7242.73583984375,0.3283846571724922,8796.0849609375,-0.17659551129758433,0.012644260331729162,0.32656051151532633,0.3434448825974313,6402.497470703125,5464.363669433594
2026-05-06,7389.0,7389.0,7135.0,7182.5,7098.9287109375,282411,7098.9287109375,0.31639058898734596,8796.0849609375,-0.19294450400796426,-0.01985536019623113,0.32680395105255594,0.34574476982360053,6428.68828125,5472.116103515625
2026-05-07,7183.0,7279.5,7000.0,7188.0,7104.36474609375,367185,7104.36474609375,0.3290206221115548,8796.0849609375,-0.1923264977949285,0.0007657542958383612,0.32610333047010476,0.345783579330042,6458.1770703125,5480.089755859375
2026-05-08,7210.0,7210.0,6991.5,7012.5,6930.90673828125,443952,6930.90673828125,0.28558483639028687,8796.0849609375,-0.21204640825313903,-0.024415695704232188,0.30952357428563776,0.3490001958129564,6478.93048828125,5487.476118164062
2026-05-11,6662.0,6687.0,6323.5,6387.5,6313.1787109375,2419336,6313.1787109375,0.2047038403819752,8796.0849609375,-0.2822740186146824,-0.08912658194228373,0.409847291303497,0.38164246571650506,6488.697578125,5491.34892578125
2026-05-12,6360.0,6403.0,6171.5,6328.5,6254.865234375,976463,6254.865234375,0.17953405971718728,8796.0849609375,-0.288903499437283,-0.009236785339447606,0.41054677192632805,0.3820262049351186,6494.571787109375,5494.885954589844
2026-05-13,6344.0,6395.0,6212.5,6305.0,6231.638671875,367052,6231.638671875,0.19960172428232692,8796.0849609375,-0.29154405629901714,-0.0037133593818062804,0.4071330532073032,0.38195244192970346,6497.786376953125,5497.375971679688
2026-05-14,6350.0,6439.0,6220.0,6429.0,6354.19580078125,327209,6354.19580078125,0.18879500679153893,8796.0849609375,-0.27761091110424996,0.019666918343546058,0.40127426337228833,0.38297627348610636,6504.131298828125,5500.876667480468
2026-05-15,6425.0,6433.5,6307.0,6381.0,6306.75439453125,249403,6306.75439453125,0.14897996508999967,8796.0849609375,-0.28300437950077884,-0.007466154291966731,0.39892626934296366,0.3833510263079053,6510.70861328125,5504.356298828125
2026-05-18,6310.0,6445.0,6225.0,6413.5,6338.8759765625,370285,6338.8759765625,0.14469015109324723,8796.0849609375,-0.27935257507029665,0.005093203258256462,0.3977073256315632,0.38334091185291846,6519.700166015625,5508.055483398438
2026-05-19,6430.5,6463.5,6310.0,6329.0,6255.359375,344676,6255.359375,0.12990919608984175,8796.0849609375,-0.2888473221007526,-0.013175301405374706,0.39955201023770504,0.3839124584920653,6530.02361328125,5511.612177734375
2026-05-20,6260.0,6624.0,6259.5,6605.0,6528.14794921875,546490,6528.14794921875,0.15862196087688774,8796.0849609375,-0.257834823309509,0.04360877734842372,0.4170741305912795,0.3897781774977837,6543.863681640625,5517.011760253907
2026-05-21,6673.0,6718.0,6566.0,6598.0,6521.2294921875,498808,6521.2294921875,0.14049050694120124,8796.0849609375,-0.2586213615321358,-0.001059788639146575,0.39468158376353285,0.38936247622087117,6554.947041015625,5522.212189941406
2026-05-22,6600.5,6741.0,6594.0,6689.5,6611.6650390625,371775,6611.6650390625,0.15274153769928267,8796.0849609375,-0.2483400207678509,0.01386786755217595,0.396082094510309,0.37837993936165437,6569.40421875,5527.987607421875
2026-05-25,6734.0,6826.0,6712.5,6755.0,6676.40283203125,263153,6676.40283203125,0.18421169779985092,8796.0849609375,-0.24098017905915392,0.009791450804944146,0.3819894076471029,0.37808806169966663,6580.391953125,5534.302854003906
2026-05-26,6755.0,6822.0,6722.0,6804.0,6724.83251953125,200573,6724.83251953125,0.16281200355012326,8796.0849609375,-0.23547435598956434,0.007253859408789642,0.3823266935712429,0.37756377736382224,6591.255654296875,5541.462006835937
2026-05-27,6841.5,7244.0,6808.0,7219.0,7135.00390625,636096,7135.00390625,0.22592635224087365,8796.0849609375,-0.1888432253740373,0.06099354675785151,0.42069588388329626,0.3880183320137149,6607.783193359375,5552.121140136719
2026-05-28,7219.0,7219.0,7219.0,7219.0,7135.00390625,0,7135.00390625,0.21831699946514904,8796.0849609375,-0.1888432253740373,0.0,0.4207378550265631,0.3876692147058746,6624.63556640625,5562.822028808594
2026-05-29,7280.0,7340.0,7121.0,7253.0,7168.6083984375,1105117,7168.6083984375,0.216808460274583,8796.0849609375,-0.18502283342276193,0.004709807118404408,0.4169150995140041,0.3875919651301086,6645.59537109375,5573.627080078125
2026-06-01,7253.0,7254.0,7004.0,7027.5,6945.73193359375,452205,6945.73193359375,0.17544876765060202,8796.0849609375,-0.21036097713482482,-0.03109061793532053,0.4241591645020278,0.39112967614992133,6660.27662109375,5583.212136230469
2026-06-02,6970.0,7169.0,6957.0,7146.0,7062.85302734375,511846,7062.85302734375,0.19517019706515448,8796.0849609375,-0.1970458381530935,0.016862311253840856,0.4251942972247346,0.39155194497253504,6676.76875,5593.809655761719
2026-06-03,7146.0,7247.0,7083.0,7196.0,7112.271484375,309040,7112.271484375,0.19785703806384092,8796.0849609375,-0.19142760489924104,0.0069969538994973934,0.4032020126428739,0.38555533348149407,6696.68056640625,5604.531225585937
2026-06-04,7192.0,7327.0,7122.5,7156.0,7072.73681640625,298566,7072.73681640625,0.20566215608372684,8796.0849609375,-0.19592218040008258,-0.005558655635629739,0.40339024556494885,0.3859585262348629,6714.167685546875,5614.934541015625
2026-06-05,7175.0,7217.0,7108.5,7167.5,7084.10302734375,249982,7084.10302734375,0.2068922977303851,8796.0849609375,-0.19462999063748065,0.0016070456504382324,0.39246354568480574,0.38589872215366194,6736.912099609375,5625.318400878907
2026-06-08,7105.5,7129.5,6893.0,6958.0,6877.04052734375,240753,6877.04052734375,0.1676094304900697,8796.0849609375,-0.21817029304696656,-0.02922917682037718,0.3987499782526872,0.38899628968001887,6753.1430078125,5634.947485351562
2026-06-09,7000.0,7063.5,6908.0,6931.0,6850.35498046875,254364,6850.35498046875,0.15412668082048264,8796.0849609375,-0.2212040912644131,-0.003880382377985936,0.3953880443512076,0.3892499038906732,6767.846025390625,5644.406228027344
2026-06-10,6905.5,6951.5,6769.0,6801.0,6721.86767578125,463997,6721.86767578125,0.13435716518179563,8796.0849609375,-0.23581142000874633,-0.018756298769017632,0.39861763784740933,0.3744384279374589,6782.095625,5653.072424316406
2026-06-11,6782.0,6815.5,6653.0,6719.0,6640.82177734375,262862,6640.82177734375,0.11697631316591073,8796.0849609375,-0.2450252803565507,-0.012057050561930405,0.3997146631603235,0.34885477936149917,6797.943095703125,5661.070080566406
2026-06-12,6783.0,6854.5,6722.0,6770.5,6691.72216796875,188800,6691.72216796875,0.09592795301614654,8796.0849609375,-0.23923857060430942,0.007664772874744985,0.4006854872766179,0.3478447556133134,6812.41662109375,5669.223806152344
2026-06-15,6880.0,6977.5,6821.0,6922.5,6841.95361328125,227935,6841.95361328125,0.1290702747956467,8796.0849609375,-0.22215921700783292,0.02245034111422206,0.4068029517203966,0.3473794182557724,6828.33953125,5678.5150390625
2026-06-16,6955.0,7079.5,6939.0,7021.0,6939.3076171875,366666,6939.3076171875,0.1622836129622367,8796.0849609375,-0.21109133802092128,0.014228977483458971,0.4072956922646587,0.343208940627712,6845.19564453125,5688.1084814453125
2026-06-17,7021.0,7187.5,6980.0,7164.0,7080.64404296875,298071,7080.64404296875,0.19698672358915426,8796.0849609375,-0.19502323199319305,0.020367511224200996,0.407885402938587,0.3438457722295963,6863.392138671875,5698.794956054688
2026-06-18,7175.0,7254.0,7089.5,7229.0,7144.8876953125,239735,7144.8876953125,0.21227658775083458,8796.0849609375,-0.18771956762102637,0.00907313684375155,0.4086885015275677,0.34401021084805694,6877.046220703125,5709.908466796875
2026-06-19,7288.0,7304.0,7183.0,7248.0,7163.66650390625,241827,7163.66650390625,0.21243133108303813,8796.0849609375,-0.1855846622992673,0.002628286040950556,0.4018108560424621,0.34389833858268365,6890.111220703125,5721.123254394532
2026-06-22,7250.0,7290.5,7200.0,7258.0,7173.55029296875,150159,7173.55029296875,0.20997962177695162,8796.0849609375,-0.18446100454625647,0.0013797109423101528,0.29637821164015044,0.34387312776891493,6898.540791015625,5731.755515136719
2026-06-23,7253.5,7285.0,7109.0,7158.5,7075.2080078125,186185,7075.2080078125,0.19151628768595197,8796.0849609375,-0.1956412382062288,-0.013709011736161014,0.2984469877156493,0.3447811839928632,6905.613818359375,5741.79369140625
2026-06-24,7174.5,7199.0,6935.0,6967.5,6886.43017578125,280561,6886.43017578125,0.19430488145155111,8796.0849609375,-0.21710281263048603,-0.026681594636200123,0.31095762302153457,0.3478284855759922,6908.035224609375,5750.690126953125
2026-06-25,7040.0,7098.0,6963.0,6993.0,6911.63330078125,231515,6911.63330078125,0.17869294965495297,8796.0849609375,-0.2142375464226305,0.00365982437295842,0.307172299624828,0.3475287308688421,6910.753974609375,5759.83857421875
2026-06-26,6993.0,6993.0,6993.0,6993.0,6911.63330078125,0,6911.63330078125,0.18764736492097778,8796.0849609375,-0.2142375464226305,0.0,0.305723501457376,0.3474939882006379,6910.59845703125,5769.210466308594
2026-06-29,7000.0,7268.0,6886.5,7128.0,7045.0625,915384,7045.0625,0.19444325096326343,8796.0849609375,-0.19906838880179178,0.019305017122894563,0.3092288823633957,0.34758941388977943,6910.58177734375,5779.294291992188
2026-06-30,7070.0,7100.0,6993.0,7031.0,6949.19140625,367996,6949.19140625,0.18549525191956517,8796.0849609375,-0.20996768026791035,-0.013608267314874745,0.3094367788450124,0.34811831725968745,6906.738056640625,5788.782609863281
2026-07-01,7046.0,7073.5,6915.0,6937.0,6856.28515625,146578,6856.28515625,0.16069725461656992,8796.0849609375,-0.22052990771484693,-0.013369361206030606,0.2889576025564188,0.348982402602875,6894.500205078125,5797.658747558594
2026-07-02,6950.0,6961.0,6830.5,6861.0,6781.16943359375,264804,6781.16943359375,0.1372000505064317,8796.0849609375,-0.22906958451308512,-0.010955746580606607,0.291221620846202,0.346081614208244,6880.986435546875,5805.882705078125
2026-07-03,6881.0,6975.0,6752.0,6950.5,6869.6279296875,345071,6869.6279296875,0.14995049220895962,8796.0849609375,-0.21901300860612372,0.013044725833796234,0.29092660643536716,0.338327197737676,6874.104462890625,5814.398845214844
2026-07-06,6985.5,7085.0,6891.0,7073.0,6990.70263671875,238108,6990.70263671875,0.1959845645123457,8796.0849609375,-0.20524839542094753,0.0176246382293892,0.2937532816621555,0.33855089266323724,6867.6359375,5823.076420898437
2026-07-07,7107.0,7107.0,6868.0,6978.0,6896.80810546875,229515,6896.80810546875,0.18861142553380028,8796.0849609375,-0.2159229775409448,-0.013431343904805493,0.29645915864293576,0.3376452532610029,6862.0948828125,5831.234321289063
2026-07-08,6908.5,6943.5,6725.0,6771.5,6692.7109375,331230,6692.7109375,0.16021430323599772,8796.0849609375,-0.23912616042004664,-0.02959298922742437,0.24976419859566407,0.34051960629235284,6852.93453125,5838.190620117188
2026-07-09,6780.0,6861.5,6780.0,6820.0,6740.646484375,119092,6740.646484375,0.17041791047053878,8796.0849609375,-0.23367651468698736,0.007162351298696024,0.251124151342864,0.34045598544370503,6844.82994140625,5845.1395263671875
2026-07-10,6835.0,6911.0,6812.0,6836.0,6756.46044921875,110261,6756.46044921875,0.17677718282697685,8796.0849609375,-0.23187867338441026,0.002346060556714713,0.25068706575095145,0.3399268980548935,6837.041630859375,5852.163073730469
2026-07-13,6800.0,6872.0,6715.5,6807.0,6727.7978515625,297882,6727.7978515625,0.17258766049165608,8796.0849609375,-0.23513723645918028,-0.004242250490723132,0.23506479842138223,0.3389404977383806,6828.55158203125,5859.408005371094
2026-07-14,6778.5,6920.0,6744.0,6892.0,6811.80859375,187662,6811.80859375,0.17555471009042956,8796.0849609375,-0.22558631209219393,0.012487108566733962,0.23251109850378252,0.33625899105669904,6819.933037109375,5867.388471679687
2026-07-15,6940.0,7270.0,6926.5,7204.5,7120.67236328125,763817,7120.67236328125,0.22979555041330113,8796.0849609375,-0.1904725346670233,0.04534240287001601,0.26797297223155647,0.3430959341726598,6820.36791015625,5877.2154467773435
2026-07-16,7210.5,7924.5,7191.0,7667.5,7578.28515625,2577801,7578.28515625,0.33997794090666766,8796.0849609375,-0.13844793565496727,0.06426539091006278,0.3252738593315866,0.3568609644754289,6829.846318359375,5889.5106201171875
2026-07-17,7667.5,7706.5,7485.0,7506.0,7418.66455078125,366304,7418.66455078125,0.33707168459191417,8796.0849609375,-0.1565947141567221,-0.02106289248526194,0.3323755439137397,0.358117189329634,6839.601474609375,5901.142055664062
2026-07-20,7495.5,7574.0,7416.5,7517.0,7429.53662109375,272955,7429.53662109375,0.3484627558030229,8796.0849609375,-0.15535870173065058,0.001465502347232528,0.31915917538714034,0.3524145372770152,6861.9286328125,5912.658542480469
2026-07-21,7525.5,7633.0,7492.5,7532.0,7444.36181640625,254098,7444.36181640625,0.3650276930619749,8796.0849609375,-0.15367327061233627,0.0019954401019315338,0.3185487471444001,0.3522417891703478,6885.718564453125,5924.369738769531
2026-07-22,7532.0,7639.0,7485.5,7506.0,7418.66455078125,212131,7418.66455078125,0.3394434566671791,8796.0849609375,-0.1565947141567221,-0.0034519098156092776,0.31251032618074953,0.35101177650002907,6909.45908203125,5935.875178222656
2026-07-23,7519.0,7684.5,7486.0,7528.0,7440.40869140625,304111,7440.40869140625,0.34122812939516844,8796.0849609375,-0.15412268930457895,0.002931004694464834,0.3090359048317492,0.3509275008610483,6931.18333984375,5947.5656225585935
2026-07-24,7498.0,7583.0,7333.0,7375.5,7289.68310546875,258917,7289.68310546875,0.2713894035206348,8796.0849609375,-0.17125822023758575,-0.02025770252534509,0.3166431840599724,0.34945193149602105,6950.8419140625,5958.3326416015625
2026-07-27,7419.0,7434.0,7225.0,7327.5,7242.2412109375,370848,7242.2412109375,0.28089293603838783,8796.0849609375,-0.1766517441453168,-0.006508087367427362,0.31231640880373374,0.3490846935584738,6968.90921875,5968.855068359375
2026-07-28,7327.5,7350.0,7190.0,7243.5,7159.21875,293933,7159.21875,0.2759647222307313,8796.0849609375,-0.18609031383924246,-0.011463642057670809,0.3125095876332436,0.34978014045789985,6986.98640625,5979.410256347656
2026-07-29,7247.0,7458.0,7085.0,7310.5,7225.439453125,570622,7225.439453125,0.2904784861241536,8796.0849609375,-0.1785618846097523,0.009249710818655998,0.30822357961033753,0.3481361962913947,7000.932236328125,5990.207958984375
2026-07-30,7332.0,7332.0,7195.0,7291.5,7206.66015625,335960,7206.66015625,0.29989781713371166,8796.0849609375,-0.18069684544271347,-0.002599052555464665,0.3073742647204731,0.3476977604055272,7014.640849609375,6000.717355957031
2026-07-31,7350.5,7485.0,7201.5,7284.5,7199.74169921875,348950,7199.74169921875,0.321482351013777,8796.0849609375,-0.18148338366534034,-0.000960008780939936,0.30733075944997457,0.34022949394152485,7026.4023828125,6011.381647949219
2026-08-03,7243.5,7657.0,7243.0,7601.0,7512.55908203125,1207164,7512.55908203125,0.370618924148862,8796.0849609375,-0.14592013203672483,0.043448417440648424,0.33177470000763837,0.34589612941392023,7043.1255078125,6023.74783203125
2026-08-04,7601.0,7894.5,7600.5,7700.0,7610.4072265625,718380,7610.4072265625,0.3947206995136232,8796.0849609375,-0.1347960757132829,0.013024608986475172,0.3299945507902437,0.34621096901946147,7060.837001953125,6036.3374853515625
2026-08-05,7748.0,7833.0,7675.0,7690.5,7601.017578125,267379,7601.017578125,0.40412362802199575,8796.0849609375,-0.13586355612976342,-0.0012337905394507187,0.31838455295213663,0.34462666347115933,7070.157275390625,6048.690708007813
2026-08-06,7737.0,7784.5,7671.0,7735.0,7645.0,159592,7645.0,0.444359943129508,8796.0849609375,-0.13086332908894682,0.005786386023047374,0.3184542219807787,0.34098823738408285,7080.357197265625,6061.313056640625
2026-08-07,7657.5,7670.0,7580.0,7600.0,7600.0,179322,7600.0,0.519034730567207,8796.0849609375,-0.13597924147495044,-0.005886200130804431,0.3194810037513357,0.3400644492848641,7088.985029296875,6073.565217285156
2026-08-10,7639.5,7723.5,7535.0,7649.5,7649.5,202217,7649.5,0.5314847277514898,8796.0849609375,-0.13035173785034648,0.006513157894736832,0.31606681815943666,0.3396903492954006,7103.060390625,6086.023044433594
2026-08-11,7649.5,7714.0,7561.5,7611.5,7611.5,147983,7611.5,0.5199901789867956,8796.0849609375,-0.13467184164297175,-0.004967644944113947,0.31311506162588904,0.3398084711651357,7114.033330078125,6098.5787890625
2026-08-12,7611.5,7741.0,7585.5,7710.0,7710.0,224512,7710.0,0.5331931230956557,8796.0849609375,-0.12347367786471941,0.012940944623267336,0.3102718725456405,0.3398701823087922,7125.987900390625,6111.629494628906
2026-08-13,7750.0,7772.0,7659.0,7710.0,7710.0,131083,7710.0,0.5596713505628568,8796.0849609375,-0.12347367786471941,0.0,0.3072622928068414,0.331439653968492,7138.7331640625,6124.399663085937
2026-08-14,7710.0,7825.0,7639.0,7649.0,7649.0,163080,7649.0,0.5396669496323951,8796.0849609375,-0.13040858132130206,-0.007911802853437067,0.30817952654988473,0.3317440191453359,7150.031103515625,6137.172438964843
2026-08-17,7652.5,7760.0,7627.0,7660.0,7660.0,93962,7660.0,0.5344324650591117,8796.0849609375,-0.12915802496027895,0.0014380964832003684,0.30541313966653033,0.32638122542208664,7165.69029296875,6149.4416015625
2026-08-18,7660.0,7734.0,7528.5,7546.0,7546.0,126259,7546.0,0.506990434142752,8796.0849609375,-0.14211833633815474,-0.014882506527415185,0.3061290848428359,0.3273915926410031,7179.603193359375,6161.18998046875
2026-08-19,7525.0,7543.0,7391.5,7430.0,7430.0,187000,7430.0,0.5006391451923677,8796.0849609375,-0.15530602159985285,-0.015372382719321509,0.29548984807839274,0.3284883978091533,7193.76583984375,6172.648740234375
2026-08-20,7450.5,7481.5,7393.0,7479.0,7479.0,195920,7479.0,0.5082866693464034,8796.0849609375,-0.14973536144620447,0.006594885598923295,0.29543586051097825,0.32860975997409014,7210.529404296875,6184.175319824219
2026-08-21,7474.0,7545.0,7405.0,7424.0,7424.0,85392,7424.0,0.4881846026573522,8796.0849609375,-0.15598814325131993,-0.007353924321433336,0.29713611823835523,0.3271849578440244,7225.1749609375,6195.485959472656
2026-08-24,7460.0,7566.5,7429.5,7504.0,7504.0,118675,7504.0,0.48850774604213276,8796.0849609375,-0.14689318789842476,0.010775862068965525,0.29700675820678435,0.32630207495042324,7238.415888671875,6207.275346679688
2026-08-25,7510.0,7627.0,7435.0,7627.0,7627.0,178245,7627.0,0.5070212576487854,8796.0849609375,-0.1329096940433483,0.01639125799573571,0.29821082722052095,0.32664803423829814,7252.169736328125,6220.720671386719
2026-08-26,7630.0,7699.0,7581.0,7609.0,7609.0,200058,7609.0,0.5267751399286269,8796.0849609375,-0.13495605899774965,-0.0023600367116821674,0.27151694318103153,0.3177560554460868,7262.73685546875,6234.196577148437
2026-08-27,7600.0,7693.0,7490.0,7490.0,7490.0,189460,7490.0,0.49184787577167133,8796.0849609375,-0.14848480508518136,-0.015639374425022945,0.2034073171216016,0.31887487263877845,7269.6391015625,6247.14392578125
2026-08-28,7501.0,7529.0,7440.0,7509.0,7509.0,98511,7509.0,0.5190106577660818,8796.0849609375,-0.14632475318886873,0.0025367156208278008,0.19375735669178154,0.31400764333306813,7276.545771484375,6260.4545068359375
