Date,Open,High,Low,Close,Adj Close,Volume,Price,rolling_1y_return,running_max,drawdown,daily_return,rolling_volatility_30d,rolling_volatility_90d,sma50,sma200
2023-08-28,816.0,824.0,798.5,807.4500122070312,796.7499389648438,5067265,796.7499389648438,,796.7499389648438,0.0,,,,,
2023-08-29,809.5,830.7999877929688,800.0499877929688,823.5499877929688,812.6365356445312,5935085,812.6365356445312,,812.6365356445312,0.0,0.019939250576319845,,,,
2023-08-30,828.0,833.0,816.5999755859375,818.7000122070312,807.850830078125,8592012,807.850830078125,,812.6365356445312,-0.005889109529896408,-0.005889109529896408,,,,
2023-08-31,803.9000244140625,810.9000244140625,787.7000122070312,792.2000122070312,781.7020263671875,9998925,781.7020263671875,,812.6365356445312,-0.038066845287491824,-0.032368356554648536,,,,
2023-09-01,780.0,808.0,779.6500244140625,799.5,788.9053344726562,11900199,788.9053344726562,,812.6365356445312,-0.02920272487263076,0.009214902689896665,,,,
2023-09-04,807.5499877929688,811.75,795.5499877929688,801.0499877929688,790.4347534179688,12522148,790.4347534179688,,812.6365356445312,-0.02732067935999638,0.0019386596572259496,,,,
2023-09-05,805.0,810.9000244140625,797.5,804.9500122070312,794.2830810546875,10483413,794.2830810546875,,812.6365356445312,-0.022585071904608567,0.004868621502379433,,,,
2023-09-06,806.0,808.5,800.4500122070312,807.0499877929688,796.355224609375,6729598,796.355224609375,,812.6365356445312,-0.020035169871168712,0.0026088224766616097,,,,
2023-09-07,809.7000122070312,812.9500122070312,805.0499877929688,809.9000244140625,799.16748046875,9787939,799.16748046875,,812.6365356445312,-0.016574513432500826,0.0035314088141438216,,,,
2023-09-08,810.9000244140625,828.7999877929688,810.1500244140625,825.0,814.0673828125,11683222,814.0673828125,,814.0673828125,0.0,0.01864428008883756,,,,
2023-09-11,840.0,887.2000122070312,835.0,882.4500122070312,870.7560424804688,20638175,870.7560424804688,,870.7560424804688,0.0,0.06963632355852001,,,,
2023-09-12,889.5,889.5,853.0499877929688,858.75,847.3700561523438,8036897,847.3700561523438,,870.7560424804688,-0.026857104845929958,-0.026857104845929958,,,,
2023-09-13,859.0,867.2000122070312,843.1500244140625,849.7000122070312,838.4400024414062,7180448,838.4400024414062,,870.7560424804688,-0.037112622207025714,-0.010538552366939014,,,,
2023-09-14,854.0499877929688,857.8499755859375,841.0,849.7999877929688,838.5386962890625,6234825,838.5386962890625,,870.7560424804688,-0.03699927949926218,0.0001177112821058035,,,,
2023-09-15,846.0,854.5999755859375,841.5,845.6500244140625,834.4437255859375,4013431,834.4437255859375,,870.7560424804688,-0.04170205559652573,-0.004883460621730618,,,,
2023-09-18,848.0499877929688,848.0499877929688,828.1500244140625,831.25,820.2344970703125,2801202,820.2344970703125,,870.7560424804688,-0.05802032135917046,-0.017028384395421536,,,,
2023-09-20,832.0,837.5999755859375,815.0,818.0499877929688,807.2094116210938,3016411,807.2094116210938,,870.7560424804688,-0.0729786849119688,-0.01587970939498562,,,,
2023-09-21,821.1500244140625,842.4000244140625,820.0,831.0999755859375,820.0864868164062,6437320,820.0864868164062,,870.7560424804688,-0.058190300373596404,0.015952583071909165,,,,
2023-09-22,833.9000244140625,838.7000122070312,822.0999755859375,827.0499877929688,816.0902099609375,3156509,816.0902099609375,,870.7560424804688,-0.06277973376309631,-0.004872994397191466,,,,
2023-09-25,828.7000122070312,831.7000122070312,818.9500122070312,825.6500244140625,814.708740234375,2395763,814.708740234375,,870.7560424804688,-0.06436625129403095,-0.001692790465687155,,,,
2023-09-26,826.0999755859375,831.0,819.0,821.3499755859375,810.4656982421875,1569635,810.4656982421875,,870.7560424804688,-0.06923907650015948,-0.005208047714041819,,,,
2023-09-27,825.7999877929688,833.0,821.5,830.7000122070312,819.6918334960938,2463842,819.6918334960938,,870.7560424804688,-0.05864353101577291,0.01138374551065735,,,,
2023-09-28,833.25,841.3499755859375,819.1500244140625,823.0999755859375,812.1925048828125,5057959,812.1925048828125,,870.7560424804688,-0.06725596463371064,-0.0091489609958606,,,,
2023-09-29,826.5,832.5,822.2999877929688,825.1500244140625,814.2153930664062,1468496,814.2153930664062,,870.7560424804688,-0.0649328246439711,0.0024906511343461,,,,
2023-10-03,826.0,836.75,824.25,831.4000244140625,820.382568359375,2453090,820.382568359375,,870.7560424804688,-0.05785027225030559,0.007574378162690687,,,,
2023-10-04,830.9500122070312,845.4500122070312,819.3499755859375,824.5999755859375,813.672607421875,4096647,813.672607421875,,870.7560424804688,-0.06555617448945139,-0.008179063276440357,,,,
2023-10-05,830.8499755859375,832.0,820.25,825.2000122070312,814.2647094726562,2083505,814.2647094726562,,870.7560424804688,-0.0648761883373088,0.0007276907756024187,,,,
2023-10-06,830.0,836.5,826.4000244140625,830.75,819.7411499023438,1877058,819.7411499023438,,870.7560424804688,-0.05858689470911049,0.00672562664939047,,,,
2023-10-09,815.0,818.7999877929688,785.0,790.0499877929688,779.5804443359375,5994282,779.5804443359375,,870.7560424804688,-0.10470854486958825,-0.04899193552890524,,,,
2023-10-10,800.5499877929688,823.7000122070312,800.5499877929688,819.5,808.6401977539062,7591327,808.6401977539062,,870.7560424804688,-0.07133553107437185,0.03727614466102014,,,,
2023-10-11,827.4000244140625,827.4000244140625,812.3499755859375,814.8499755859375,804.0518188476562,3281387,804.0518188476562,,870.7560424804688,-0.07660495061601447,-0.0056741909677441305,0.3324451488058698,,,
2023-10-12,818.5499877929688,823.25,812.5499877929688,814.9500122070312,804.1505737304688,2563606,804.1505737304688,,870.7560424804688,-0.0764915378138119,0.0001228215402262478,0.32730472461262966,,,
2023-10-13,812.0,824.7999877929688,805.8499755859375,813.75,802.9664306640625,3801000,802.9664306640625,,870.7560424804688,-0.07785144002365829,-0.0014725389809933098,0.3268814114900052,,,
2023-10-16,818.5,818.5,803.25,805.6500244140625,794.9738159179688,2664794,794.9738159179688,,870.7560424804688,-0.08703037689709725,-0.009953859141388688,0.31378721495393014,,,
2023-10-17,812.0,814.4000244140625,804.0,805.0999755859375,794.4310302734375,2162192,794.4310302734375,,870.7560424804688,-0.08765372674257754,-0.0006827717261410626,0.3127760219725918,,,
2023-10-18,808.9500122070312,809.0499877929688,795.4000244140625,798.5999755859375,788.0171508789062,2271927,788.0171508789062,,870.7560424804688,-0.09501960085843253,-0.008073550944156405,0.31369772280667024,,,
2023-10-19,796.75,797.2999877929688,787.4500122070312,792.8499755859375,782.3433837890625,2862500,782.3433837890625,,870.7560424804688,-0.10153550980771908,-0.007200055333206334,0.31404810875873607,,,
2023-10-20,791.7999877929688,803.0,788.6500244140625,793.6500244140625,783.1328125,2434862,783.1328125,,870.7560424804688,-0.10062890833448812,0.001009056543833875,0.313952756032074,,,
2023-10-23,793.6500244140625,795.7999877929688,769.9000244140625,771.4500122070312,761.2269897460938,2002377,761.2269897460938,,870.7560424804688,-0.1257861529417199,-0.027972040507377227,0.32367603218021657,,,
2023-10-25,772.5,783.3499755859375,761.0499877929688,769.0999755859375,758.9080810546875,2581498,758.9080810546875,,870.7560424804688,-0.12844925096031135,-0.0030462775527437813,0.3180472015774619,,,
2023-10-26,764.0,771.7999877929688,754.5,770.3499755859375,760.1415405273438,3855358,760.1415405273438,,870.7560424804688,-0.12703271244380265,0.0016253081281492054,0.23487061110237148,,,
2023-10-27,774.9000244140625,786.4000244140625,773.0499877929688,782.4000244140625,772.0319213867188,2995404,772.0319213867188,,870.7560424804688,-0.11337747460531045,0.01564232478483696,0.23185743089168673,,,
2023-10-30,785.9000244140625,794.4000244140625,779.7999877929688,785.0,774.597412109375,3522068,774.597412109375,,870.7560424804688,-0.11043119505340737,0.003323037107129112,0.23141868059987902,,,
2023-10-31,789.7999877929688,791.0999755859375,782.5,784.75,774.3507690429688,2825760,774.3507690429688,,870.7560424804688,-0.11071444668115804,-0.0003184145241779124,0.23137872056706996,,,
2023-11-01,784.75,790.5,767.2000122070312,769.0999755859375,758.9080810546875,2693768,758.9080810546875,,870.7560424804688,-0.12844925096031135,-0.019942755409627977,0.23675397824547978,,,
2023-11-02,776.9000244140625,783.5,772.0499877929688,774.2999877929688,764.0392456054688,1741799,764.0392456054688,,870.7560424804688,-0.12255648157318833,0.00676124642611553,0.23457805449187807,,,
2023-11-03,780.0,798.7999877929688,777.2999877929688,795.4000244140625,784.859619140625,4310765,784.859619140625,,870.7560424804688,-0.09864579646803939,0.02725039800626594,0.24584758324554407,,,
2023-11-06,801.5,806.25,799.2999877929688,802.5,791.865478515625,2270316,791.865478515625,,870.7560424804688,-0.09060007638891954,0.008926257899050771,0.2425030560459715,,,
2023-11-07,803.0,808.4000244140625,796.0,797.5499877929688,786.9810791015625,2394891,786.9810791015625,,870.7560424804688,-0.09620945395941405,-0.006168218651504409,0.24270931457722011,,,
2023-11-08,802.0,823.7999877929688,800.0499877929688,818.7000122070312,807.850830078125,5123208,807.850830078125,,870.7560424804688,-0.07224206245316378,0.026518745533740118,0.2555402122482801,,801.0541125488281,
2023-11-09,825.0,827.7000122070312,798.0999755859375,806.2000122070312,795.5164794921875,4982049,795.5164794921875,,870.7560424804688,-0.0864071672404948,-0.015268104118609016,0.25890969779114664,,801.029443359375,
2023-11-10,808.0,818.7999877929688,806.2000122070312,808.5999755859375,797.8846435546875,3903183,797.8846435546875,,870.7560424804688,-0.08368750300967998,0.002976888755355178,0.25669615049346856,,800.7344055175781,
2023-11-13,810.0,828.0,807.5,809.8499755859375,799.1181030273438,1050882,799.1181030273438,,870.7560424804688,-0.08227096449317128,0.0015459120345531208,0.25553194723116307,,800.5597509765626,
2023-11-15,818.0,818.0,809.0499877929688,810.75,800.0061645507812,1694698,800.0061645507812,,870.7560424804688,-0.08125109040661571,0.0011113019716024741,0.25542690819369873,,800.9258337402343,
2023-11-16,814.4000244140625,818.4000244140625,808.0999755859375,813.5999755859375,802.8184204101562,1689762,802.8184204101562,,870.7560424804688,-0.07802141903808424,0.003515292736468112,0.2545868508741443,,801.2040954589844,
2023-11-17,811.7000122070312,821.9500122070312,809.0499877929688,810.0499877929688,799.3154907226562,3218979,799.3154907226562,,870.7560424804688,-0.08204427907764411,-0.004363290126938479,0.2538383494673239,,801.3817102050781,
2023-11-20,810.0499877929688,816.0,801.0999755859375,803.5999755859375,792.9508666992188,3227659,792.9508666992188,,870.7560424804688,-0.08935358698127571,-0.007962593115370842,0.254730341784733,,801.3550659179688,
2023-11-21,805.0,814.9000244140625,799.2999877929688,801.3499755859375,790.730712890625,3643664,790.730712890625,,870.7560424804688,-0.09190327219766459,-0.0027998630203097674,0.2537926736949738,,801.2425756835937,
2023-11-22,804.0,804.9500122070312,788.5499877929688,791.9000244140625,781.406005859375,3212329,781.406005859375,,870.7560424804688,-0.10261202020093696,-0.01179251909561252,0.2122665160156679,,800.8873461914062,
2023-11-23,795.0,804.7000122070312,791.4500122070312,793.0999755859375,782.5900268554688,3776615,782.5900268554688,,870.7560424804688,-0.10125225817996841,0.001515244299653995,0.18092547074726165,,800.2577990722656,
2023-11-24,795.9000244140625,802.9500122070312,785.0,795.5499877929688,785.0076293945312,4421350,785.0076293945312,,870.7560424804688,-0.09847581745361345,0.003089232492236915,0.18075269555809115,,798.5428308105469,
2023-11-28,806.0,854.4000244140625,806.0,837.7000122070312,826.5990600585938,15929818,826.5990600585938,,870.7560424804688,-0.050711083549977776,0.05298219928912218,0.23860254288696411,,798.1274108886719,
2023-11-29,850.0,850.0,833.2999877929688,835.5499877929688,824.4775390625,8057644,824.4775390625,,870.7560424804688,-0.05314749615304193,-0.002566565943038168,0.23872312498737847,,797.8481616210937,
2023-11-30,839.0,839.0,823.0,825.5,814.5607299804688,5998210,814.5607299804688,,870.7560424804688,-0.0645362303084569,-0.012027991803521432,0.23962332631492012,,797.3686022949219,
2023-12-01,839.2000122070312,839.2000122070312,825.5,827.7999877929688,816.8302612304688,2932775,816.8302612304688,,870.7560424804688,-0.06192983869096669,0.0027862026322511557,0.23963259135292356,,797.0163330078125,
2023-12-04,865.0,883.3499755859375,858.5,878.6500244140625,867.0064086914062,11064795,867.0064086914062,,870.7560424804688,-0.004306181761749461,0.061427875340162474,0.2949514908129335,,797.9517712402344,
2023-12-05,884.0,1024.300048828125,880.0,1013.0999755859376,999.6746826171876,46564412,999.6746826171876,,999.6746826171876,0.0,0.15301879270537433,0.5227248485819597,,801.8010766601562,
2023-12-06,1045.0,1082.5,1008.0999755859376,1017.9500122070312,1004.46044921875,41008947,1004.46044921875,,1004.46044921875,0.0,0.004787324001277238,0.5223567834675147,,805.4885559082031,
2023-12-07,1029.0,1058.75,1021.6500244140624,1039.6500244140625,1025.8729248046875,14840081,1025.8729248046875,,1025.8729248046875,0.0,0.021317390448366336,0.5116131600037708,,809.6842102050781,
2023-12-08,1048.0,1055.0,992.2999877929688,1022.9500122070312,1009.3941650390624,12202462,1009.3941650390624,,1025.8729248046875,-0.01606315886420573,-0.01606315886420573,0.5159721407734665,,813.5779187011718,
2023-12-11,1026.800048828125,1048.0,1015.6500244140624,1031.9000244140625,1018.2255249023438,7889666,1018.2255249023438,,1025.8729248046875,-0.007454529423124856,0.008749168728293233,0.5153767508486596,,817.733115234375,
2023-12-12,1037.050048828125,1048.449951171875,1023.25,1041.949951171875,1028.142333984375,4902289,1028.142333984375,,1028.142333984375,0.0,0.00973930513378396,0.5151255281859699,,821.9021252441406,
2023-12-13,1045.0,1075.0,1028.800048828125,1063.5,1049.4068603515625,8151639,1049.4068603515625,,1049.4068603515625,0.0,0.02068247329606665,0.5156068688565495,,826.6464123535156,
2023-12-14,1080.0,1089.9000244140625,1063.0,1074.699951171875,1060.4583740234375,8004131,1060.4583740234375,,1060.4583740234375,0.0,0.010531200137354313,0.5145595248489031,,831.5712719726563,
2023-12-15,1079.0,1086.5,1067.050048828125,1078.550048828125,1064.2574462890625,11672787,1064.2574462890625,,1064.2574462890625,0.0,0.0035824812728961763,0.5067204096116945,,836.44876953125,
2023-12-18,1079.0,1102.4000244140625,1072.75,1094.300048828125,1079.7987060546875,5448342,1079.7987060546875,,1079.7987060546875,0.0,0.01460291381546397,0.5065533589927668,,841.7712915039062,
2023-12-19,1095.0,1099.0,1068.5999755859375,1074.0,1059.7677001953125,5993252,1059.7677001953125,,1079.7987060546875,-0.018550685185170557,-0.018550685185170557,0.511978280723615,,846.6813513183594,
2023-12-20,1078.0,1083.8499755859375,1005.0,1012.1500244140624,998.7373046875,8467564,998.7373046875,,1079.7987060546875,-0.07507084506830486,-0.0575884653745955,0.5487593427433002,,850.2612744140625,
2023-12-21,996.1500244140624,1028.0,989.25,1018.9500122070312,1005.4472045898438,5352057,1005.4472045898438,,1079.7987060546875,-0.06885681659733178,0.006718383173284215,0.5470731211797304,,854.7786096191406,
2023-12-22,1034.0,1050.949951171875,1019.0,1027.5,1013.8838500976562,5252106,1013.8838500976562,,1079.7987060546875,-0.061043651550451994,0.008390938349919663,0.5444707267514688,,858.8834826660157,
2023-12-26,1034.0999755859375,1041.0,1026.0999755859375,1028.75,1015.1173095703124,2176775,1015.1173095703124,,1079.7987060546875,-0.05990134653958301,0.001216568813614538,0.5403941724941268,,863.1047924804687,
2023-12-27,1037.0,1037.050048828125,1018.0,1024.4000244140625,1010.8250122070312,2803997,1010.8250122070312,,1079.7987060546875,-0.06387643684040778,-0.004228375698861808,0.5414580597346109,,867.23828125,
2023-12-28,1029.550048828125,1031.199951171875,1014.6500244140624,1016.9500122070312,1003.4736328125,4865603,1003.4736328125,,1079.7987060546875,-0.07068453852946355,-0.007272652838773985,0.5430354661047349,,871.2484252929687,
2023-12-29,1021.7999877929688,1034.9000244140625,1017.5999755859376,1024.3499755859375,1010.7755737304688,2429250,1010.7755737304688,,1079.7987060546875,-0.06392222174113538,0.007276664457543491,0.5426347289536814,,875.5644604492187,
2024-01-01,1026.550048828125,1057.949951171875,1023.0,1047.8499755859375,1033.9642333984375,3989711,1033.9642333984375,,1079.7987060546875,-0.042447237989122644,0.022941452356616043,0.5440475539179609,,880.3551245117187,
2024-01-02,1047.8499755859375,1082.9000244140625,1031.0999755859375,1078.4000244140625,1064.109375,6344621,1064.109375,,1079.7987060546875,-0.014529866508186884,0.02915491718942853,0.5455618671792845,,885.8769689941406,
2024-01-03,1105.0,1144.0,1062.75,1094.25,1079.749267578125,33060778,1079.749267578125,,1079.7987060546875,-4.578490072759678e-05,0.014697636300897265,0.5429815854775666,,891.8250866699219,
2024-01-04,1117.0,1131.0,1103.550048828125,1123.199951171875,1108.3155517578125,9771995,1108.3155517578125,,1108.3155517578125,0.0,0.026456405239117853,0.5431985071443434,,898.3287414550781,
2024-01-05,1129.0999755859375,1160.0,1125.4000244140625,1154.25,1138.9541015625,10622789,1138.9541015625,,1138.9541015625,0.0,0.027644247846287273,0.540298891097819,,905.8832836914063,
2024-01-08,1160.0,1182.0,1152.0,1168.8499755859375,1153.3607177734375,8760094,1153.3607177734375,,1153.3607177734375,0.0,0.01264898751510124,0.5391749004662875,,913.7723364257813,
2024-01-09,1182.0,1229.9000244140625,1178.5,1197.0999755859375,1181.236328125,14701104,1181.236328125,,1181.236328125,0.0,0.024169030488030208,0.5390864397859922,0.39125831355116036,922.1942321777344,
2024-01-10,1220.0,1220.0,1197.0,1214.3499755859375,1198.2578125,7036728,1198.2578125,,1198.2578125,0.0,0.014409889003345056,0.5264420464804858,0.3907565083637939,930.71875,
2024-01-11,1221.0,1223.5999755859375,1200.0,1202.949951171875,1187.0087890625,3721202,1187.0087890625,,1198.2578125,-0.009387815643805753,-0.009387815643805753,0.5285566621569519,0.391066451894921,938.9669775390626,
2024-01-12,1210.4000244140625,1218.75,1201.050048828125,1207.0999755859375,1191.103759765625,3912779,1191.103759765625,,1198.2578125,-0.005970378544371102,0.003449823405569985,0.5241424853343714,0.3860469862495906,947.3020373535156,
2024-01-15,1214.0,1215.3499755859375,1189.0999755859375,1203.0999755859375,1187.1568603515625,2825654,1187.1568603515625,,1198.2578125,-0.009264243498047331,-0.0033136486907229257,0.5254964303212619,0.38622616041939173,955.8670129394532,
2024-01-16,1203.5999755859375,1212.0,1186.800048828125,1193.3499755859375,1177.5360107421875,3173587,1177.5360107421875,,1198.2578125,-0.017293274904320755,-0.008104109853289243,0.5082180052854491,0.3868042890333308,964.1369482421875,
2024-01-17,1180.0,1204.699951171875,1159.449951171875,1166.8499755859375,1151.38720703125,5268593,1151.38720703125,,1198.2578125,-0.039115626854091534,-0.022206372860271384,0.2878616460037719,0.38941916738690535,971.4675,
2024-01-18,1171.050048828125,1184.300048828125,1143.449951171875,1154.050048828125,1138.7568359375,5918594,1138.7568359375,,1198.2578125,-0.049656239201444796,-0.010969699000144661,0.2915060270552373,0.39025982018047245,978.4053271484376,
2024-01-19,1162.25,1166.800048828125,1150.0,1152.449951171875,1137.1781005859375,2732559,1137.1781005859375,,1198.2578125,-0.05097376480828286,-0.0013863673979729318,0.2874252549415322,0.39037284556325147,985.409267578125,
2024-01-23,1199.1500244140625,1207.199951171875,1130.25,1137.0999755859375,1122.031494140625,7201014,1122.031494140625,,1198.2578125,-0.06361428864823282,-0.013319467229898407,0.2859001880759561,0.3906911303718281,991.692880859375,
2024-01-24,1138.0,1146.75,1118.3499755859375,1120.5999755859375,1105.75,18373913,1105.75,,1198.2578125,-0.07720192727723196,-0.01451072828672706,0.29023930669461206,0.3756609501901822,997.8975512695313,
2024-01-25,1122.1500244140625,1155.75,1111.5999755859375,1146.300048828125,1131.109619140625,4305042,1131.109619140625,,1198.2578125,-0.0560381853211368,0.022934315297874708,0.29540840392485235,0.37371893745199447,1004.56205078125,
2024-01-29,1155.0,1204.9000244140625,1151.0,1196.6500244140625,1180.7923583984375,6768033,1180.7923583984375,,1198.2578125,-0.014575706429255986,0.043923894215982084,0.31432808016126446,0.3790100333868109,1012.1955358886719,
2024-01-30,1200.0,1217.199951171875,1181.0,1187.3499755859375,1171.6156005859375,4683729,1171.6156005859375,,1198.2578125,-0.022234123271416162,-0.007771694783786365,0.31556308394014615,0.3794732965787752,1019.627724609375,
2024-01-31,1195.800048828125,1214.25,1191.6500244140625,1207.6500244140625,1191.646484375,5510242,1191.646484375,,1198.2578125,-0.005517450465193585,0.017096805282419192,0.3180075769989997,0.3797996215768065,1027.404285888672,
2024-02-01,1213.5999755859375,1239.5,1200.300048828125,1218.8499755859375,1202.6981201171875,7433628,1202.6981201171875,,1202.6981201171875,0.0,0.009274256994081576,0.31683230099191817,0.37817617095575373,1035.4719384765624,
2024-02-02,1233.050048828125,1287.5,1231.699951171875,1261.449951171875,1244.7335205078125,10450227,1244.7335205078125,,1244.7335205078125,0.0,0.03495091551862517,0.3219492065719864,0.3799692801737966,1044.5075915527343,
2024-02-05,1269.5,1291.25,1248.8499755859375,1258.550048828125,1241.8721923828125,5611298,1241.8721923828125,,1244.7335205078125,-0.0022987475454446793,-0.0022987475454446793,0.2619821297178411,0.37971989330947814,1053.5304211425782,
2024-02-06,1266.0,1284.5999755859375,1248.8499755859375,1273.0999755859375,1256.229248046875,4408002,1256.229248046875,,1256.229248046875,0.0,0.011560815800630175,0.26224531116573113,0.37951888826429014,1063.0268859863281,
2024-02-07,1280.0,1286.3499755859375,1252.1500244140625,1255.6500244140625,1239.0106201171875,3359763,1239.0106201171875,,1256.229248046875,-0.013706596910124658,-0.013706596910124658,0.26937567897763876,0.38065621533846905,1072.1552978515624,
2024-02-08,1264.050048828125,1264.5,1236.75,1245.199951171875,1228.6988525390625,3354609,1228.6988525390625,,1256.229248046875,-0.02191510470769209,-0.008322582075325324,0.2725080040232652,0.3809269324812206,1081.0291223144532,
2024-02-09,1252.5999755859375,1275.5,1232.0999755859375,1271.5,1254.6505126953125,3538164,1254.6505126953125,,1256.229248046875,-0.0012567255172708514,0.021121253676294804,0.27371587668147507,0.38174332751448864,1089.5901513671874,
2024-02-12,1278.0,1279.75,1243.9000244140625,1249.3499755859375,1232.7939453125,2204823,1232.7939453125,,1256.229248046875,-0.018655275516639258,-0.017420442714249584,0.2799429135759401,0.38286158778909124,1097.7564794921875,
2024-02-13,1249.949951171875,1271.0,1226.6500244140625,1264.800048828125,1248.039306640625,2245009,1248.039306640625,,1256.229248046875,-0.006519464038099221,0.012366512170256083,0.28036974694783867,0.3830405198494257,1106.4260510253907,
2024-02-14,1261.949951171875,1281.550048828125,1248.6500244140625,1267.8499755859375,1251.048828125,3382943,1251.048828125,,1256.229248046875,-0.004123785471425112,0.002411399599645536,0.2766443878484842,0.3830409558847936,1115.1104223632813,
2024-02-15,1275.0,1277.550048828125,1262.0999755859375,1267.050048828125,1250.259521484375,3382824,1250.259521484375,,1256.229248046875,-0.0047520996440589824,-0.0006309159345986304,0.268824515092409,0.3825148505589354,1122.7754846191406,
2024-02-16,1269.800048828125,1311.0,1265.550048828125,1306.8499755859375,1289.531982421875,5476230,1289.531982421875,,1289.531982421875,0.0,0.03141144719367839,0.27798817368290923,0.384968956349461,1128.5726306152344,
2024-02-19,1313.4000244140625,1327.0,1302.1500244140625,1307.0,1289.6800537109375,2700240,1289.6800537109375,,1289.6800537109375,0.0,0.00011482560423536903,0.2716228128107807,0.3850634418084173,1134.277022705078,
2024-02-20,1311.0,1312.9000244140625,1293.699951171875,1300.5,1283.26611328125,1856718,1283.26611328125,,1289.6800537109375,-0.004973280319589324,-0.004973280319589324,0.26456642961541077,0.37437808365289543,1139.4248864746094,
2024-02-21,1304.800048828125,1315.0,1281.449951171875,1291.0,1273.89208984375,2770510,1273.89208984375,,1289.6800537109375,-0.012241767887902988,-0.007304816468293618,0.26529469611943945,0.371189279849651,1144.714844970703,
2024-02-22,1296.0,1317.0,1281.0,1310.949951171875,1293.57763671875,2556009,1293.57763671875,,1293.57763671875,0.0,0.015453072541972146,0.2605403722873931,0.37110084683675937,1150.2218872070312,
2024-02-23,1312.050048828125,1332.0,1298.0,1320.699951171875,1303.198486328125,2924829,1303.198486328125,,1303.198486328125,0.0,0.007437396362060644,0.2587018318567184,0.37099948286094325,1155.7230102539063,
2024-02-26,1320.0,1343.0,1316.75,1338.1500244140625,1320.4171142578125,2802425,1320.4171142578125,,1320.4171142578125,0.0,0.013212590492030385,0.2576417279153158,0.37101648369585627,1161.1432153320313,
2024-02-27,1336.8499755859375,1339.199951171875,1314.25,1329.449951171875,1311.83251953125,2197456,1311.83251953125,,1320.4171142578125,-0.00650142643098639,-0.00650142643098639,0.2593286685572299,0.3706461997653294,1166.1706982421874,
2024-02-28,1334.5,1334.9000244140625,1295.1500244140625,1299.5,1282.2794189453125,2121625,1282.2794189453125,,1320.4171142578125,-0.028883066495193566,-0.02252810488071877,0.26940329678922675,0.3735258036461796,1170.5311376953125,
2024-02-29,1300.0,1329.9000244140625,1293.050048828125,1320.5,1303.0010986328125,2672239,1303.0010986328125,,1320.4171142578125,-0.013189783316909898,0.016160034530183554,0.2701169751762641,0.3732157851126257,1174.995185546875,
2024-03-01,1335.0,1349.0,1312.4000244140625,1322.0999755859375,1304.579833984375,3301090,1304.579833984375,,1320.4171142578125,-0.0119941495020226,0.0012116147509153574,0.25903612785853486,0.3726470172439226,1179.8914282226563,
2024-03-04,1345.25,1356.550048828125,1336.4000244140625,1342.5999755859375,1324.8082275390625,2170214,1324.8082275390625,,1324.8082275390625,0.0,0.01550567702162553,0.25683022314463216,0.37289130811896604,1186.4128466796874,
2024-03-05,1344.050048828125,1354.949951171875,1334.0,1338.300048828125,1320.5653076171875,1815438,1320.5653076171875,,1324.8082275390625,-0.0032026672492490027,-0.0032026672492490027,0.25728743510793123,0.36875993729540774,1192.7152087402344,
2024-03-06,1342.699951171875,1344.5999755859375,1304.0,1324.800048828125,1307.244140625,2758443,1307.244140625,,1324.8082275390625,-0.0132578335105068,-0.010087473080921727,0.255438296846357,0.36945791729053395,1198.5824145507813,
2024-03-07,1329.800048828125,1335.3499755859375,1315.0,1325.449951171875,1307.885498046875,1640786,1307.885498046875,,1324.8082275390625,-0.012773720105605624,0.0004906179358115104,0.24898294555563785,0.3695035867564965,1204.4377783203124,
2024-03-11,1331.0,1342.3499755859375,1322.050048828125,1326.949951171875,1309.3656005859375,2217673,1309.3656005859375,,1324.8082275390625,-0.011656499885882243,0.0011316759313202418,0.2438572877779872,0.36926289791348804,1210.4085900878906,
2024-03-12,1335.0,1346.949951171875,1293.449951171875,1301.300048828125,1284.0555419921875,3139768,1284.0555419921875,,1324.8082275390625,-0.03076119599783611,-0.019330016446456044,0.2242521131175421,0.37169022694726195,1216.0202282714845,
2024-03-13,1307.0,1308.0,1188.0999755859375,1209.550048828125,1193.5213623046875,8670336,1193.5213623046875,,1324.8082275390625,-0.09909876954663155,-0.0705064358408033,0.3081842891161834,0.39295724550440514,1219.6751440429687,
2024-03-14,1210.0,1276.0,1195.699951171875,1267.8499755859375,1251.048828125,7195603,1251.048828125,,1324.8082275390625,-0.055675529394225265,0.04819977893753569,0.33453120632887184,0.39717637251213145,1224.0168359375,
2024-03-15,1273.800048828125,1288.8499755859375,1256.6500244140625,1283.0,1265.998046875,4024586,1265.998046875,,1324.8082275390625,-0.04439146696220864,0.01194934874956477,0.3351370864183077,0.3973042641861236,1228.054609375,
2024-03-18,1250.0,1270.050048828125,1227.25,1266.5999755859375,1249.8153076171875,4858444,1249.8153076171875,,1324.8082275390625,-0.056606623028889524,-0.012782594173630923,0.32258664783291124,0.3968673408849279,1231.4559301757813,
2024-03-19,1271.050048828125,1272.8499755859375,1237.25,1241.199951171875,1224.751953125,2311324,1224.751953125,,1324.8082275390625,-0.07552510041391047,-0.0200536465983695,0.3279081689843153,0.3991112662650467,1233.784658203125,
2024-03-20,1248.0,1252.949951171875,1230.199951171875,1245.4000244140625,1228.8963623046875,2772098,1228.8963623046875,,1324.8082275390625,-0.07239679165681134,0.0033838763588929233,0.32620000921590836,0.39866347558980286,1235.5835034179688,
2024-03-21,1260.0,1268.699951171875,1251.300048828125,1262.449951171875,1245.7203369140625,3155563,1245.7203369140625,,1324.8082275390625,-0.05969761432710308,0.013690311994921212,0.3262449427857858,0.39730259668739165,1237.4306958007812,
2024-03-22,1262.449951171875,1289.0999755859375,1255.050048828125,1281.5999755859375,1264.6165771484375,3076926,1264.6165771484375,,1324.8082275390625,-0.04543423654790835,0.015168926503347668,0.32789559793805473,0.39614231558023894,1239.09830078125,
2024-03-26,1281.5999755859375,1314.0,1281.0,1304.199951171875,1286.9171142578125,3610644,1286.9171142578125,,1324.8082275390625,-0.02860120619241302,0.017634228043776012,0.3262032661334739,0.3966410417302262,1240.8714868164063,
2024-03-27,1315.0,1343.0,1312.0999755859375,1322.800048828125,1305.2706298828125,4938400,1305.2706298828125,,1324.8082275390625,-0.014747491184095907,0.01426161438189033,0.3235243331867961,0.3968415592564996,1243.2367236328125,
2024-03-28,1334.0,1358.699951171875,1314.0,1341.8499755859375,1324.0682373046875,4188741,1324.0682373046875,,1324.8082275390625,-0.0005585640389247359,0.014401310342486262,0.32413806650973803,0.39702335628973306,1245.8960131835938,
2024-04-01,1356.800048828125,1381.75,1350.25,1375.9000244140625,1357.6669921875,3251462,1357.6669921875,,1357.6669921875,0.0,0.025375395267548395,0.33104152172107715,0.3983325370101119,1249.3062158203124,
2024-04-02,1397.800048828125,1424.949951171875,1388.199951171875,1404.1500244140625,1385.5426025390625,5769001,1385.5426025390625,,1385.5426025390625,0.0,0.02053199386297866,0.3347179153391681,0.39864929073503547,1253.46634765625,
2024-04-03,1399.8499755859375,1402.0,1389.199951171875,1397.199951171875,1378.6845703125,2727582,1378.6845703125,,1385.5426025390625,-0.004949708665756614,-0.004949708665756614,0.3249580308632946,0.3983730378357707,1258.012294921875,
2024-04-04,1408.5999755859375,1408.5999755859375,1362.25,1366.8499755859375,1348.73681640625,4197697,1348.73681640625,,1385.5426025390625,-0.02656416776024384,-0.021721976550054478,0.33239180463990164,0.4008695917249836,1262.21189453125,
2024-04-05,1367.0,1381.9000244140625,1357.3499755859375,1375.550048828125,1357.3216552734375,1853120,1357.3216552734375,,1385.5426025390625,-0.020368155561517165,0.00636509566785759,0.3320354263408777,0.3997046710516081,1266.614765625,
2024-04-08,1381.949951171875,1381.949951171875,1337.0,1348.6500244140625,1330.778076171875,14038860,1330.778076171875,,1385.5426025390625,-0.039525689261975305,-0.019555850301537503,0.3369092083433678,0.40199087898812097,1270.789697265625,
2024-04-09,1356.1500244140625,1364.9000244140625,1346.0999755859375,1356.5,1338.5240478515625,1935801,1338.5240478515625,,1385.5426025390625,-0.033935120148118614,0.0058206336716708496,0.3346359323770209,0.4019565726428095,1275.4451782226563,
2024-04-10,1359.0,1359.9000244140625,1348.199951171875,1352.300048828125,1334.3797607421875,3984001,1334.3797607421875,,1385.5426025390625,-0.03692621338608937,-0.0030961618627822762,0.3343652736390498,0.39437910193667475,1279.5105810546875,
2024-04-12,1350.0,1358.4000244140625,1341.0,1344.199951171875,1326.3870849609375,2183230,1326.3870849609375,,1385.5426025390625,-0.04269483844792654,-0.005989805913126589,0.3329021375736705,0.39462207888773193,1282.4224755859375,
2024-04-15,1320.0,1335.0,1308.5999755859375,1315.550048828125,1298.1168212890625,3372368,1298.1168212890625,,1385.5426025390625,-0.0630985875784611,-0.021313735629978292,0.338281931101277,0.39609917548689216,1284.9525,
2024-04-16,1302.0,1322.0,1294.4000244140625,1304.3499755859375,1287.065185546875,2696593,1287.065185546875,,1385.5426025390625,-0.07107498305120585,-0.008513591042763724,0.3326088103968319,0.39676822111361765,1286.8608740234374,
2024-04-18,1315.949951171875,1336.5,1291.0,1295.550048828125,1278.3818359375,6219274,1278.3818359375,,1385.5426025390625,-0.07734209428507366,-0.006746627682020168,0.32975438626839315,0.3857383873565487,1288.3745483398438,
2024-04-19,1280.0,1316.0,1270.0,1310.0,1292.6402587890625,3899281,1292.6402587890625,,1385.5426025390625,-0.06705123579726291,0.01115349299460755,0.3314375850239661,0.29311335521404097,1289.3326831054687,
2024-04-22,1321.0999755859375,1331.0,1315.0,1321.0999755859375,1303.59326171875,8903130,1303.59326171875,,1385.5426025390625,-0.05914602746255293,0.008473357421149963,0.3291806129534957,0.29324081040763333,1290.5671044921876,
2024-04-23,1321.0999755859375,1338.550048828125,1318.9000244140625,1322.0999755859375,1304.579833984375,3847872,1304.579833984375,,1385.5426025390625,-0.058433979876418074,0.0007568098843377946,0.32908008624816804,0.29163213521737075,1291.5341162109376,
2024-04-24,1331.0,1332.9000244140625,1318.050048828125,1320.5,1303.0010986328125,2553035,1303.0010986328125,,1385.5426025390625,-0.05957341459944243,-0.0012101485171213122,0.327764396780657,0.28996011599353466,1292.81392578125,
2024-04-25,1320.5,1336.949951171875,1316.800048828125,1330.550048828125,1312.91796875,6097087,1312.91796875,,1385.5426025390625,-0.05241602362567199,0.007610791830945374,0.32848685685881635,0.2899025371048466,1294.4983081054688,
2024-04-26,1340.0,1341.5999755859375,1321.0999755859375,1324.5999755859375,1307.0467529296875,2565490,1307.0467529296875,,1385.5426025390625,-0.056653508499506455,-0.004471883209811178,0.32877055187506493,0.2899416488553938,1295.5462329101563,
2024-04-29,1334.300048828125,1335.75,1307.0,1317.25,1299.7940673828125,2191564,1299.7940673828125,,1385.5426025390625,-0.06188805382029561,-0.005548910573105692,0.32406717450750505,0.28868989595363287,1296.8862353515624,
2024-04-30,1323.550048828125,1334.6500244140625,1316.25,1324.9000244140625,1307.3428955078125,2321071,1307.3428955078125,,1385.5426025390625,-0.05643977087961494,0.005807710863152238,0.24416867380134558,0.28842799750396975,1298.0723071289062,
2024-05-02,1333.949951171875,1348.699951171875,1306.550048828125,1338.800048828125,1321.0587158203125,7991511,1321.0587158203125,,1385.5426025390625,-0.046540529753889004,0.010491371743120537,0.20504181481373035,0.2887334440751976,1299.4725048828125,
2024-05-03,1353.0,1354.0,1310.449951171875,1320.300048828125,1302.8037109375,3528822,1302.8037109375,,1385.5426025390625,-0.059715876978405524,-0.013818465950226178,0.20764884313751175,0.2892956941506695,1300.523388671875,
2024-05-06,1322.5,1322.5,1257.0,1289.949951171875,1272.8558349609375,4000668,1272.8558349609375,,1385.5426025390625,-0.0813304241757864,-0.02298725105335475,0.2155085587283918,0.2902926049511873,1300.1898657226564,
2024-05-07,1291.0999755859375,1301.1500244140625,1265.0,1287.6500244140625,1270.58642578125,3474340,1270.58642578125,,1385.5426025390625,-0.08296834507084139,-0.001782927113467725,0.20653958664433594,0.27220188836523435,1299.8079931640625,
2024-05-08,1293.3499755859375,1293.699951171875,1269.050048828125,1277.25,1260.32421875,1627418,1260.32421875,,1385.5426025390625,-0.09037497913062709,-0.00807674851786655,0.20820255666425222,0.27272792497374737,1299.3491552734374,
2024-05-09,1279.0,1285.800048828125,1240.0,1244.550048828125,1228.0577392578125,2591646,1228.0577392578125,,1385.5426025390625,-0.11366295268918669,-0.02560172931072424,0.21817411992500346,0.2766093386475348,1298.4324682617187,
2024-05-10,1250.0,1278.699951171875,1245.75,1266.75,1249.96337890625,2022402,1249.96337890625,,1385.5426025390625,-0.09785280032844756,0.017837630062635723,0.21995713051895152,0.27782358649465033,1297.5601831054687,
2024-05-13,1267.0,1313.0,1261.6500244140625,1306.4000244140625,1289.0880126953125,2495810,1289.0880126953125,,1385.5426025390625,-0.06961503000123781,0.03130062404171996,0.23282727163874,0.2817327220902096,1297.2779736328125,
2024-05-14,1306.4000244140625,1339.9000244140625,1285.25,1331.25,1313.608642578125,2989543,1313.608642578125,,1385.5426025390625,-0.05191753745364136,0.019021687923032493,0.23572323418840357,0.2824892727376222,1297.1418041992188,
2024-05-15,1337.8499755859375,1353.949951171875,1333.0,1337.8499755859375,1320.1212158203125,2189768,1320.1212158203125,,1385.5426025390625,-0.047217159976793655,0.004957772833624086,0.23238609578772393,0.2824200884015587,1297.307578125,
2024-05-16,1352.199951171875,1366.75,1310.5,1345.050048828125,1327.225830078125,4822618,1327.225830078125,,1385.5426025390625,-0.042089483465950206,0.005381789318034569,0.22032977198896367,0.2804536409710709,1298.2065063476562,
2024-05-17,1330.0,1343.300048828125,1321.1500244140625,1335.699951171875,1317.9996337890625,1945123,1317.9996337890625,,1385.5426025390625,-0.048748388267690124,-0.0069514893999007565,0.21158133495192455,0.2773859997125603,1298.5064770507813,
2024-05-21,1344.0,1398.800048828125,1333.0,1385.5,1367.1396484375,4200578,1367.1396484375,,1385.5426025390625,-0.013282127931568688,0.03728378475126504,0.23932221276111032,0.28271437791179593,1299.7576733398437,
2024-05-22,1394.3499755859375,1394.3499755859375,1364.199951171875,1378.199951171875,1359.9364013671875,1878562,1359.9364013671875,,1385.5426025390625,-0.018480991580447026,-0.005268845123865051,0.23105545623938883,0.2801650389182874,1300.4602368164062,
2024-05-23,1384.0,1448.800048828125,1369.9000244140625,1443.3499755859375,1424.22314453125,7821034,1424.22314453125,,1424.22314453125,0.0,0.0472718746990175,0.26776776715461664,0.2870081130694718,1302.5333935546876,
2024-05-24,1435.0,1444.949951171875,1382.1500244140625,1416.0999755859375,1397.334228515625,19100263,1397.334228515625,,1424.22314453125,-0.01887970724171517,-0.01887970724171517,0.26730723553426794,0.2887411714900435,1304.3351953125,
2024-05-27,1445.0,1457.050048828125,1423.5999755859375,1431.6500244140625,1412.67822265625,5517078,1412.67822265625,,1424.22314453125,-0.008106118707121412,0.010980904802514457,0.2684039298177112,0.2867491252435708,1306.4310498046875,
2024-05-28,1438.0,1438.0,1398.0,1400.5,1381.9410400390625,4070886,1381.9410400390625,,1424.22314453125,-0.029687836947842605,-0.021758091916638023,0.2767636447465102,0.28875090818421767,1307.88255859375,
2024-05-29,1406.0,1427.8499755859375,1382.9000244140625,1410.0,1391.3150634765625,3214475,1391.3150634765625,,1424.22314453125,-0.023105986713562676,0.0067832296501122435,0.2763101675309467,0.2882522817119897,1310.0277490234375,
2024-05-30,1410.0,1413.6500244140625,1373.6500244140625,1383.5,1365.1663818359375,3477661,1365.1663818359375,,1424.22314453125,-0.041465947890314436,-0.01879422017848764,0.2745745667768532,0.29031582578540066,1313.4606494140626,
2024-05-31,1391.0,1451.0,1391.0,1437.4000244140625,1418.35205078125,8238969,1418.35205078125,,1424.22314453125,-0.0041223131168341975,0.038959111250444156,0.2929051889557671,0.2968011219269247,1316.8067138671875,
2024-06-03,1549.0,1621.4000244140625,1535.0,1583.949951171875,1562.9599609375,23398347,1562.9599609375,,1562.9599609375,0.0,0.10195487789974123,0.40726945226147193,0.3400222975947684,1322.7459521484375,
2024-06-04,1558.0,1558.0,1188.0,1248.949951171875,1232.399169921875,52109624,1232.399169921875,,1562.9599609375,-0.2114966469245616,-0.2114966469245616,0.7525446134378345,0.49331808990620024,1322.3976293945314,
2024-06-05,1281.0,1368.0,1160.5999755859375,1354.5999755859375,1336.649169921875,20879925,1336.649169921875,,1562.9599609375,-0.14479628184453197,0.08459109884552163,0.7916568695645075,0.5121597313828246,1324.6355737304686,
2024-06-06,1384.0,1404.0,1344.800048828125,1352.949951171875,1335.02099609375,12153840,1335.02099609375,,1562.9599609375,-0.14583800643685518,-0.0012181011029395172,0.7917076485979064,0.5121563485260814,1326.75806640625,
2024-06-07,1357.699951171875,1385.0,1355.050048828125,1378.8499755859375,1360.577880859375,5884018,1360.577880859375,,1562.9599609375,-0.1294864136869709,0.01914343283019826,0.7931692067591001,0.5122274974341354,1329.0552172851562,
2024-06-10,1404.0,1415.3499755859375,1381.25,1384.050048828125,1365.708984375,4843234,1365.708984375,,1562.9599609375,-0.12620347385238473,0.003771267773649223,0.7930431046934916,0.5114014729111603,1331.0770654296875,
2024-06-11,1391.0,1418.800048828125,1384.050048828125,1403.449951171875,1384.8519287109375,4122878,1384.8519287109375,,1562.9599609375,-0.11395559494673757,0.01401685465567759,0.7934147460777999,0.5106293810064872,1333.03576171875,
2024-06-12,1411.75,1414.449951171875,1390.5999755859375,1393.949951171875,1375.4776611328125,3258265,1375.4776611328125,,1562.9599609375,-0.11995336060447204,-0.0067691479383292785,0.7935401525021142,0.5060951221723055,1334.43990234375,
2024-06-13,1403.5999755859375,1411.0,1388.050048828125,1404.449951171875,1385.838623046875,2839159,1385.838623046875,,1562.9599609375,-0.11332429641024422,0.007532628269316666,0.793605058312587,0.5058860533734616,1335.6753100585938,
2024-06-14,1409.0,1442.0,1395.449951171875,1430.699951171875,1417.7978515625,5651491,1417.7978515625,,1562.9599609375,-0.09287640950695142,0.023061291541550677,0.7954340925947397,0.5064745679730578,1336.8779272460938,
2024-06-18,1447.0,1458.5999755859375,1434.050048828125,1445.0,1431.968994140625,5651898,1431.968994140625,,1562.9599609375,-0.08380954731450929,0.009995178482255174,0.7938742405526048,0.5065034151796436,1337.806455078125,
2024-06-19,1446.0,1452.0,1420.449951171875,1448.4000244140625,1435.3382568359375,4484742,1435.3382568359375,,1562.9599609375,-0.0816538537717959,0.0023528880227847715,0.7896428159804482,0.5035147741282042,1338.9395288085936,
2024-06-20,1459.300048828125,1476.800048828125,1444.0999755859375,1469.4000244140625,1456.14892578125,4905603,1456.14892578125,,1562.9599609375,-0.06833894522299999,0.014498790683101781,0.7897801508682848,0.5038818887776031,1341.0877709960937,
2024-06-21,1479.949951171875,1498.9000244140625,1470.0,1485.5,1472.1036376953125,25891893,1472.1036376953125,,1562.9599609375,-0.05813093458113272,0.010956785828415638,0.7887868935226313,0.5038514867487079,1343.3834106445313,
2024-06-24,1474.8499755859375,1479.6500244140625,1450.199951171875,1460.25,1447.0814208984375,3009931,1447.0814208984375,,1562.9599609375,-0.0741404405328181,-0.016997591851650617,0.7861340516645575,0.5041774806064302,1345.7094775390624,1102.3115420532226
2024-06-25,1466.1500244140625,1468.9000244140625,1437.0,1456.1500244140625,1443.018310546875,3343186,1443.018310546875,,1562.9599609375,-0.07674006589310267,-0.002807796640108773,0.785888686175351,0.5039340520231507,1347.7993627929689,1105.5428839111328
2024-06-26,1458.9000244140625,1474.5,1451.050048828125,1467.800048828125,1454.5633544921875,3217949,1454.5633544921875,,1562.9599609375,-0.06935341221427938,0.008000621933159868,0.7822882568741566,0.5030256975889326,1350.2030346679687,1108.752518005371
2024-06-27,1475.5999755859375,1494.0,1459.0,1485.5,1472.1036376953125,7803408,1472.1036376953125,,1562.9599609375,-0.05813093458113272,0.012058796304027952,0.7814883337524472,0.502191643052393,1353.1173657226564,1112.073782043457
2024-06-28,1480.0,1494.0,1445.0,1478.0999755859375,1464.7703857421875,11534763,1464.7703857421875,,1562.9599609375,-0.06282283465304905,-0.004981478046345855,0.7820333567191351,0.5020660663882848,1356.4504370117188,1115.489123840332
2024-07-01,1483.0,1491.4000244140625,1471.5999755859375,1474.5,1461.2027587890625,3372730,1461.2027587890625,,1562.9599609375,-0.06510544395993434,-0.0024356219840676596,0.7823071358678526,0.5021288687054185,1359.9331884765625,1118.850610961914
2024-07-02,1479.5,1489.5999755859375,1455.050048828125,1474.8499755859375,1461.5496826171875,5368562,1461.5496826171875,,1562.9599609375,-0.06488347805114869,0.00023742346915112122,0.7816702922584784,0.5021168224552652,1363.5965454101563,1122.2061856079101
2024-07-03,1479.800048828125,1514.0,1470.800048828125,1510.6500244140625,1497.02685546875,4435563,1497.02685546875,,1562.9599609375,-0.04218476935852011,0.024273668745925736,0.7778629086915683,0.5010847920557175,1367.68427734375,1125.7199044799804
2024-07-04,1514.6500244140625,1520.0,1494.3499755859375,1503.6500244140625,1490.0899658203125,2980840,1490.0899658203125,,1562.9599609375,-0.04662307220811879,-0.004633777692829355,0.7777971898526292,0.5012034328498993,1371.4142114257813,1129.188578186035
2024-07-05,1508.0,1509.5,1493.9000244140625,1500.449951171875,1486.918701171875,2111633,1486.918701171875,,1562.9599609375,-0.048652084292686304,-0.0021282370334543277,0.7671985726166155,0.501111767046674,1375.0609887695311,1132.6273342895508
2024-07-08,1496.0,1501.050048828125,1469.0,1475.300048828125,1461.9957275390625,2177821,1461.9957275390625,,1562.9599609375,-0.06459809331128152,-0.016761490465598494,0.7667058236908355,0.5018671967034298,1378.2408813476563,1135.8669760131836
2024-07-09,1480.0,1503.949951171875,1475.0,1478.0,1464.67138671875,2256634,1464.67138671875,,1562.9599609375,-0.06288617538212193,0.0018301415861121662,0.7663103889326808,0.5013554732373902,1381.2759497070313,1138.836552734375
2024-07-10,1492.0,1494.449951171875,1460.0,1487.800048828125,1474.3829345703125,2082079,1474.3829345703125,,1562.9599609375,-0.05667261387429079,0.006630530192385908,0.7629298609775865,0.5013321091108647,1384.6226733398437,1141.971617126465
2024-07-11,1495.0,1498.5,1477.9000244140625,1483.8499755859375,1470.468505859375,1765496,1470.468505859375,,1562.9599609375,-0.059177110987952974,-0.0026549606748387244,0.7630552001000893,0.5010215223133838,1388.036162109375,1145.1317596435547
2024-07-12,1490.0,1497.0,1481.1500244140625,1486.699951171875,1473.2928466796875,2018935,1473.2928466796875,,1562.9599609375,-0.057370064812170884,0.0019207081342160759,0.7602534764499512,0.5008280899451221,1391.3551611328126,1148.3055303955077
2024-07-15,1494.0,1505.0,1485.300048828125,1495.050048828125,1481.5675048828125,1913095,1481.5675048828125,,1562.9599609375,-0.052075842048996845,0.005616438185913397,0.7529468412086102,0.49916545070854457,1394.5653369140625,1151.5411492919923
2024-07-16,1496.0,1510.5999755859375,1493.25,1499.050048828125,1485.531494140625,2170314,1485.531494140625,,1562.9599609375,-0.0495396355197939,0.0026755373918152525,0.6916535912146564,0.49860214512402096,1398.219892578125,1154.8676342773438
2024-07-18,1490.0,1504.25,1472.199951171875,1493.9000244140625,1480.427978515625,3263419,1480.427978515625,,1562.9599609375,-0.05280492430040906,-0.003435481270595564,0.2821873810340788,0.49868311979123237,1402.3713354492188,1158.2337271118165
2024-07-19,1492.550048828125,1502.199951171875,1465.5,1469.300048828125,1456.0498046875,2568243,1456.0498046875,,1562.9599609375,-0.06840236405408162,-0.016466977240303327,0.1669547168013187,0.49908849306622777,1406.0806030273438,1161.4135437011719
2024-07-22,1470.0,1475.0,1442.550048828125,1467.3499755859375,1454.1173095703125,1721261,1454.1173095703125,,1562.9599609375,-0.06963879695414665,-0.0013272177304417543,0.16697845601475417,0.49904751702405786,1409.95646484375,1164.6036791992187
2024-07-23,1468.0,1517.0,1419.0,1507.3499755859375,1493.756591796875,5987213,1493.756591796875,,1562.9599609375,-0.04427712217216062,0.027260030511758293,0.17528744407456015,0.5004826232697486,1415.2704418945314,1167.9989184570313
2024-07-24,1508.0,1513.550048828125,1480.0,1484.800048828125,1471.4100341796875,2201442,1471.4100341796875,,1562.9599609375,-0.05857471019468641,-0.014959972555037448,0.18297330945442938,0.5012826950516384,1419.699375,1171.3036401367187
2024-07-25,1471.0,1499.449951171875,1466.8499755859375,1487.0,1473.5902099609375,2211808,1473.5902099609375,,1562.9599609375,-0.057179808318926106,0.0014816915275865927,0.17972609449504845,0.5012816372571746,1423.3894189453124,1174.573132019043
2024-07-26,1495.9000244140625,1547.9000244140625,1490.0,1542.75,1528.83740234375,4500728,1528.83740234375,,1562.9599609375,-0.02183201070184959,0.03749155769993684,0.20471585709755705,0.5034981925612944,1427.693994140625,1178.1563565063477
2024-07-29,1547.9000244140625,1559.0,1540.0,1548.699951171875,1534.7337646484375,1928637,1534.7337646484375,,1562.9599609375,-0.018059449374590364,0.003856762200903807,0.2043806638984651,0.4881195280803514,1431.9862451171875,1181.7589483642578
2024-07-30,1554.5999755859375,1556.9000244140625,1536.0,1546.25,1532.3057861328125,2800881,1532.3057861328125,,1562.9599609375,-0.019612898328054684,-0.0015820193518588654,0.19618700002116293,0.48222645639630907,1436.0878442382811,1185.318564453125
2024-07-31,1557.0,1577.9000244140625,1547.0,1569.9000244140625,1555.7425537109375,2622023,1555.7425537109375,,1562.9599609375,-0.004617781265639942,0.015295098269695995,0.19849538294327934,0.4824396658222378,1440.8427026367187,1189.0289141845703
2024-08-01,1580.949951171875,1604.949951171875,1568.5,1590.1500244140625,1575.81005859375,7160588,1575.81005859375,,1575.81005859375,0.0,0.01289898822587654,0.2006115424983617,0.4820069173751144,1445.0161108398438,1192.8366409301757
2024-08-02,1579.949951171875,1599.699951171875,1550.199951171875,1588.0,1573.6793212890625,4313297,1573.6793212890625,,1575.81005859375,-0.001352153638737974,-0.001352153638737974,0.19809392157783492,0.480479941275981,1449.2909692382811,1196.6063317871094
2024-08-05,1540.0,1563.449951171875,1471.550048828125,1493.8499755859375,1480.3782958984375,7147230,1480.3782958984375,,1575.81005859375,-0.06056044773598901,-0.059288461205805554,0.26564599904893865,0.49175345852609786,1450.414072265625,1200.1103210449219
2024-08-06,1524.9000244140625,1539.75,1488.0999755859375,1494.0999755859375,1480.6260986328125,3159971,1480.6260986328125,,1575.81005859375,-0.06040319354597823,0.00016739149382405394,0.2605292617762239,0.49140903563992183,1452.0799096679686,1203.4702505493165
2024-08-07,1520.0,1547.8499755859375,1514.199951171875,1543.800048828125,1529.8779296875,2258441,1529.8779296875,,1575.81005859375,-0.029148264827830728,0.03326419215503895,0.2765565956902835,0.4936647272337861,1454.4239038085936,1207.0993811035157
2024-08-08,1538.0,1556.0,1513.800048828125,1519.0,1505.3016357421875,2468123,1505.3016357421875,,1575.81005859375,-0.04474423961634311,-0.016064218895119664,0.2808551899342429,0.4939856024626405,1456.8911157226562,1210.6051364135742
2024-08-09,1541.5,1543.5,1519.0,1533.800048828125,1519.9681396484375,1503033,1519.9681396484375,,1575.81005859375,-0.03543696059101542,0.009743232557519077,0.2801634526936355,0.4937325314211543,1459.4641772460936,1214.1901449584961
2024-08-12,1500.0,1524.25,1457.3499755859375,1501.4000244140625,1487.8603515625,9230512,1487.8603515625,,1575.81005859375,-0.05581237824420038,-0.021123987568163027,0.28708877914921055,0.4948258141923997,1461.918056640625,1217.6545776367188
2024-08-13,1505.8499755859375,1517.449951171875,1479.5,1483.449951171875,1470.0721435546875,2485446,1470.0721435546875,,1575.81005859375,-0.06710067273807274,-0.01195556289213029,0.2893041507100986,0.49373438243591805,1462.9524584960936,1221.032783203125
2024-08-14,1488.0,1488.0,1452.0,1461.949951171875,1448.7659912109375,2648057,1448.7659912109375,,1575.81005859375,-0.08062143447427061,-0.01449326989642219,0.2924926415979782,0.4933696458804467,1460.6685791015625,1224.336527404785
2024-08-16,1471.199951171875,1497.199951171875,1457.050048828125,1493.449951171875,1479.98193359375,1985315,1479.98193359375,,1575.81005859375,-0.06081197697488794,0.021546573133402358,0.29061646072643893,0.49445443060423905,1465.620234375,1227.8247201538086
2024-08-19,1500.949951171875,1507.0,1490.0,1496.449951171875,1482.954833984375,1343387,1482.954833984375,,1575.81005859375,-0.05892539148546805,0.002008741000916192,0.29037704327519004,0.4929174834945446,1468.54634765625,1231.3238302612306
2024-08-20,1504.949951171875,1510.0,1486.300048828125,1492.550048828125,1479.0902099609375,990643,1479.0902099609375,,1575.81005859375,-0.06137785966357212,-0.0026060294857761512,0.29041081766702453,0.49289884374411064,1471.4277319335938,1234.9131463623046
2024-08-21,1499.0999755859375,1517.0,1492.550048828125,1503.5,1489.9412841796875,1551436,1489.9412841796875,,1575.81005859375,-0.05449183037370098,0.007336316707171386,0.2867088340684191,0.49170368567026196,1474.015,1238.5683123779297
2024-08-22,1507.0,1509.5,1490.4000244140625,1492.300048828125,1478.8424072265625,1442064,1478.8424072265625,,1575.81005859375,-0.0615351138535829,-0.00744920425453921,0.2876761705613906,0.4918952455945375,1476.2776684570313,1242.1618167114257
2024-08-23,1493.0,1503.0,1486.0999755859375,1491.300048828125,1477.8514404296875,1181075,1477.8514404296875,,1575.81005859375,-0.062163975683389494,-0.0006700962807345556,0.2870976463254482,0.49184614282083516,1478.1376586914062,1245.6909143066407
2024-08-26,1495.5,1497.0,1480.0,1482.550048828125,1469.1802978515625,1087057,1469.1802978515625,,1575.81005859375,-0.06766663289187513,-0.00586739799475644,0.28752955755327075,0.4918408044388516,1480.0117114257812,1249.1638287353517
2024-08-27,1484.9000244140625,1496.9000244140625,1475.5999755859375,1478.3499755859375,1465.0181884765625,910064,1465.0181884765625,,1575.81005859375,-0.07030788356311035,-0.0028329466309113815,0.2876024719129393,0.49036787827243034,1481.595302734375,1252.6171658325195
2024-08-28,1479.4000244140625,1486.4000244140625,1467.0,1469.800048828125,1456.5452880859375,1225101,1456.5452880859375,,1575.81005859375,-0.07568473741958737,-0.005783477950834004,0.2875562352904445,0.4902257173101168,1482.3702514648437,1256.1053518676758
2024-08-29,1472.050048828125,1483.0,1452.5999755859375,1476.050048828125,1462.7388916015625,3359850,1462.7388916015625,,1575.81005859375,-0.07175431225073658,0.004252256051553438,0.28773939631600154,0.4900229180799839,1482.9856494140624,1259.5988500976562
2024-08-30,1480.949951171875,1487.0,1466.0,1481.9000244140625,1468.5361328125,1996592,1468.5361328125,,1575.81005859375,-0.06807541632078495,0.003963278233882317,0.287850151035053,0.48979050186912787,1483.6496069335938,1263.0172326660156
2024-09-02,1490.0,1499.5,1478.800048828125,1494.5,1481.0224609375,2054244,1481.0224609375,,1575.81005859375,-0.06015166430707919,0.008502567860612764,0.28459819994946567,0.48979160997947985,1484.1470776367187,1266.463017578125
2024-09-03,1494.5,1498.0999755859375,1476.5999755859375,1479.550048828125,1466.2073974609375,882478,1466.2073974609375,,1575.81005859375,-0.06955321838129513,-0.010003267247671865,0.2862476009702404,0.49019510938068767,1484.0291528320313,1269.859149169922
2024-09-04,1472.0,1475.1500244140625,1461.050048828125,1472.0999755859375,1458.824462890625,1122071,1458.824462890625,,1575.81005859375,-0.07423838619707934,-0.005035395799460329,0.2750317218387311,0.49030354037800405,1484.264013671875,1273.1140173339843
2024-09-05,1476.75,1476.800048828125,1463.0,1465.550048828125,1452.3336181640625,959956,1452.3336181640625,,1575.81005859375,-0.07835743892882474,-0.0044493665219330625,0.2719466682104608,0.4903116343391243,1484.4503198242187,1276.3981030273437
2024-09-06,1465.5999755859375,1468.75,1427.550048828125,1442.4000244140625,1429.3924560546875,3340767,1429.3924560546875,,1575.81005859375,-0.09291576845862082,-0.01579606904533104,0.27555414828932684,0.49107622592095884,1483.9469018554687,1279.5556420898438
2024-09-09,1431.0,1441.5999755859375,1411.0,1435.9000244140625,1422.950927734375,1621371,1422.950927734375,0.7859441942136907,1575.81005859375,-0.09700352528260048,-0.004506479863544244,0.25049575245225647,0.4910369303247502,1482.96384765625,1282.6748062133788
2024-09-10,1439.0,1464.0,1435.0,1453.4000244140625,1440.2930908203125,1542798,1440.2930908203125,0.7723705834588943,1575.81005859375,-0.08599828833074752,0.012187463915955155,0.2534122415785999,0.4913107905191378,1482.4743017578126,1285.8762408447265
2024-09-11,1454.949951171875,1457.8499755859375,1425.0999755859375,1430.5999755859375,1417.69873046875,1637596,1417.69873046875,0.7549016200573171,1575.81005859375,-0.10033653945964671,-0.015687335095590837,0.25649380046160464,0.4919197939502315,1481.6042211914062,1288.9506423950195
2024-09-12,1444.0,1475.0,1440.199951171875,1472.5999755859375,1459.3199462890625,4003674,1459.3199462890625,0.8668493838643048,1575.81005859375,-0.07392395528217599,0.029358293779772726,0.26793628902368144,0.4934667387103601,1481.5596264648439,1292.2506646728516
2024-09-13,1472.949951171875,1475.6500244140625,1450.0,1452.0999755859375,1439.0048828125,1683544,1439.0048828125,0.824052671382179,1575.81005859375,-0.08681577772344895,-0.013920911262963354,0.26625468436235455,0.49241061398602143,1480.3991870117188,1295.480934753418
2024-09-16,1455.0999755859375,1461.1500244140625,1438.800048828125,1440.699951171875,1427.7076416015625,1673805,1427.7076416015625,0.8062308564089848,1575.81005859375,-0.0939849420204576,-0.007850731672888633,0.2665955002178822,0.49264290938298066,1479.1515405273437,1298.6658193969727
2024-09-17,1442.800048828125,1445.0,1420.0999755859375,1426.5999755859375,1413.7347412109375,1321316,1413.7347412109375,0.7798877691486417,1575.81005859375,-0.10285206424399163,-0.00978694796012336,0.2081321943185421,0.4927483779303203,1477.687861328125,1301.8274630737305
2024-09-18,1430.0,1439.25,1415.050048828125,1428.800048828125,1415.9150390625,1421406,1415.9150390625,0.7779942861014431,1575.81005859375,-0.10146845976725138,0.0015422255590147316,0.20826323456156826,0.49056450258831114,1476.7662475585937,1304.9940881347657
2024-09-19,1433.0,1438.0,1394.449951171875,1408.199951171875,1395.500732421875,2072872,1395.500732421875,0.7461930903436498,1575.81005859375,-0.11442326134964687,-0.014417748295223687,0.18368761639892595,0.49060214837109845,1475.3828344726562,1308.0465536499023
2024-09-20,1418.949951171875,1453.050048828125,1409.199951171875,1438.699951171875,1425.7255859375,4407151,1425.7255859375,0.7513606564260051,1575.81005859375,-0.0952427431451891,0.021658787282160752,0.19268259357420311,0.4892201417934618,1474.4096875,1311.0421862792969
2024-09-23,1448.0,1458.949951171875,1443.8499755859375,1456.1500244140625,1443.018310546875,1139915,1443.018310546875,0.6572016042934807,1575.81005859375,-0.08426887956622009,0.012129069422573302,0.1940372432218846,0.48866181425527166,1473.86068359375,1314.1348901367187
2024-09-24,1456.1500244140625,1465.8499755859375,1447.0,1456.6500244140625,1443.5137939453125,1537307,1443.5137939453125,0.7035223081871465,1575.81005859375,-0.08395444865131685,0.0003433659814404688,0.18509235214697517,0.4886316814155261,1473.2651025390626,1317.279655456543
2024-09-25,1459.0,1464.0,1438.199951171875,1452.550048828125,1439.4508056640625,1227806,1439.4508056640625,0.7168202870480973,1575.81005859375,-0.08653279764654775,-0.0028146515109809256,0.18224030855658,0.4886397018866708,1472.4227685546875,1320.392758178711
2024-09-26,1456.8499755859375,1475.75,1448.0,1472.5999755859375,1459.3199462890625,2066994,1459.3199462890625,0.7403131814277097,1575.81005859375,-0.07392395528217599,0.013803278685744047,0.18199927457191972,0.4888685955950158,1471.8985375976563,1323.3543258666991
2024-09-27,1485.0,1485.0,1452.449951171875,1456.699951171875,1443.563232421875,2694100,1443.563232421875,0.7299707435731753,1575.81005859375,-0.0839230752784329,-0.010797299048269426,0.17312158486637394,0.4855509977762424,1471.1612426757813,1325.5737686157227
2024-09-30,1456.699951171875,1468.75,1444.0,1448.199951171875,1435.1400146484375,2042408,1435.1400146484375,0.7496703927650263,1575.81005859375,-0.08926840083178944,-0.00583501822729704,0.1735185472804166,0.48557295975206255,1470.743046875,1327.727166442871
2024-10-01,1448.199951171875,1472.8499755859375,1448.0,1467.5,1454.2659912109375,1687795,1454.2659912109375,0.8015969217831342,1575.81005859375,-0.0771311661072136,0.013326906341737832,0.17834214630763373,0.47972006165952635,1470.7460205078125,1329.8691317749024
2024-10-03,1452.75,1469.0,1414.199951171875,1425.199951171875,1412.347412109375,3967953,1412.347412109375,0.7221932501194339,1575.81005859375,-0.10373245531269726,-0.02882456122532151,0.19458414498018411,0.4811569837004486,1469.1178369140625,1331.883898010254
2024-10-04,1424.800048828125,1446.4000244140625,1404.199951171875,1413.699951171875,1400.9510498046875,2611371,1400.9510498046875,0.7166619972953046,1575.81005859375,-0.11096452128571022,-0.008069092779139031,0.19475127966215014,0.48105020250423053,1467.7086572265625,1333.7975256347656
2024-10-07,1410.0,1423.9000244140625,1337.0,1355.199951171875,1342.9786376953125,4531821,1342.9786376953125,0.6484156501241967,1575.81005859375,-0.1477534805852273,-0.041380754964605804,0.22605397677795744,0.48471580966601197,1465.09642578125,1335.3717071533204
2024-10-08,1342.0,1424.3499755859375,1342.0,1418.550048828125,1405.757568359375,3031170,1405.757568359375,0.7345059407305099,1575.81005859375,-0.10791433225532876,0.046746038173620885,0.26797416756255105,0.4908314641617587,1462.6348291015624,1337.1534606933594
2024-10-09,1424.75,1432.949951171875,1404.3499755859375,1408.1500244140625,1395.451171875,1507508,1395.451171875,0.7024095090995561,1575.81005859375,-0.11445471218764902,-0.00733156037452698,0.26850968257779456,0.48992139116250577,1459.8491772460939,1338.8284246826172
2024-10-10,1417.0,1430.050048828125,1406.8499755859375,1417.199951171875,1404.4195556640625,1628495,1404.4195556640625,0.7291707904478875,1575.81005859375,-0.10876342741626877,0.006426870369826032,0.2691414928243527,0.485744128158234,1457.2914526367188,1340.529235229492
2024-10-11,1415.199951171875,1426.8499755859375,1405.199951171875,1408.25,1395.55029296875,1158809,1395.55029296875,0.7139817115382525,1575.81005859375,-0.11439181051164471,-0.006315251492719942,0.26906635703675547,0.45442036853963597,1454.087607421875,1342.1079931640625
2024-10-14,1418.0,1426.0,1407.1500244140625,1410.300048828125,1397.5819091796875,762384,1397.5819091796875,0.7035733852495338,1575.81005859375,-0.11310255854891105,0.001455781437024184,0.26872771338686924,0.2817881266460745,1450.5230444335937,1343.7970642089845
2024-10-15,1415.949951171875,1424.699951171875,1407.0,1420.300048828125,1407.49169921875,1018477,1407.49169921875,0.7298010113409044,1575.81005859375,-0.10681386278572624,0.007090668513932696,0.2683013381679243,0.24449628333736526,1447.1992919921875,1345.8408361816407
2024-10-16,1418.0,1418.4000244140625,1392.0,1403.800048828125,1391.1405029296875,1450465,1391.1405029296875,0.7084622319327021,1575.81005859375,-0.1171902379077725,-0.011617259482339048,0.26878312329734655,0.24534402650862622,1445.4145361328126,1347.7693026733398
2024-10-17,1403.800048828125,1408.0,1387.550048828125,1394.699951171875,1382.12255859375,1418861,1382.12255859375,0.6860475514232793,1575.81005859375,-0.12291297351715491,-0.006482410882974077,0.268975912067034,0.24359383593251857,1443.4444653320313,1349.6104962158204
2024-10-18,1389.0,1410.550048828125,1376.0,1405.5999755859375,1392.9241943359375,1290065,1392.9241943359375,0.786761333556101,1575.81005859375,-0.11605831760016783,0.007815251748135577,0.2702168125506579,0.24385126954998376,1440.705390625,1351.4995306396484
2024-10-21,1409.9000244140625,1412.9000244140625,1371.300048828125,1375.5,1363.0955810546875,1644382,1363.0955810546875,0.685663889627113,1575.81005859375,-0.13498738403084476,-0.021414383785235747,0.2733174459441362,0.24542523212660766,1437.86126953125,1353.2608834838868
2024-10-22,1374.699951171875,1387.0999755859375,1353.9000244140625,1362.8499755859375,1350.5596923828125,2467299,1350.5596923828125,0.6796923540554829,1575.81005859375,-0.14294258688255268,-0.009196632170266006,0.2741117383192253,0.24564671252455592,1434.4731005859376,1354.9963137817383
2024-10-23,1362.800048828125,1370.800048828125,1335.199951171875,1340.449951171875,1328.3616943359375,1916219,1328.3616943359375,0.6518817964322827,1575.81005859375,-0.15702930877255283,-0.016436147304019322,0.2741589159801538,0.24681374664278097,1431.2831274414064,1356.5842443847657
2024-10-24,1345.0,1359.0,1336.199951171875,1354.4000244140625,1342.1859130859375,1115993,1342.1859130859375,0.6715342781838767,1575.81005859375,-0.14825653906302527,0.010406968831565777,0.2737237905393262,0.2443106177804725,1428.7254028320312,1358.1253527832032
2024-10-25,1360.0,1368.0,1304.1500244140625,1318.699951171875,1306.807861328125,2078274,1306.807861328125,0.6438376147258806,1575.81005859375,-0.17070724723364317,-0.026358533056327293,0.2663583456969532,0.2474455365721387,1425.886240234375,1359.3388452148438
2024-10-28,1326.8499755859375,1364.0999755859375,1303.1500244140625,1352.199951171875,1340.0057373046875,2126411,1340.0057373046875,0.6867489892023315,1575.81005859375,-0.1496400660746472,0.025403792676012227,0.2772001761285486,0.2512788461825788,1423.0867163085939,1360.6401275634767
2024-10-29,1364.699951171875,1377.449951171875,1322.0,1372.699951171875,1360.32080078125,3790528,1360.32080078125,0.7262578603321401,1575.81005859375,-0.13674824363337434,0.01516043022130975,0.28113772289153277,0.25139411956052005,1420.6340356445312,1361.9001538085938
2024-10-30,1379.949951171875,1414.9000244140625,1358.050048828125,1396.199951171875,1383.60888671875,2526884,1383.60888671875,0.7685442420662207,1575.81005859375,-0.12196975823756318,0.017119554390497616,0.2850006635005278,0.25240796354535905,1418.7244091796874,1363.123427734375
2024-10-31,1407.949951171875,1408.0,1372.0999755859375,1375.949951171875,1363.54150390625,1891761,1363.54150390625,0.7411369848664717,1575.81005859375,-0.13470440395394356,-0.01450365273389509,0.2877521656728441,0.2519823298991216,1416.1964135742187,1364.174331665039
2024-11-01,1386.5,1397.949951171875,1378.4000244140625,1394.4000244140625,1381.8251953125,243881,1381.8251953125,0.8152603808404191,1575.81005859375,-0.12310167854516785,0.013408973143737235,0.28786035660817944,0.25302724201857313,1414.2560693359376,1365.1772760009765
2024-11-04,1394.199951171875,1395.0,1336.0,1349.25,1337.0823974609375,1700308,1337.0823974609375,0.7618502567567025,1575.81005859375,-0.15149520072606504,-0.032379491996050835,0.29477591779543766,0.25821998462359474,1411.4406884765624,1365.8713989257812
2024-11-05,1350.0,1353.050048828125,1295.9000244140625,1329.3499755859375,1317.36181640625,4852958,1317.36181640625,0.7330480524618321,1575.81005859375,-0.16400976804154854,-0.01474896468021425,0.29389616223332066,0.25833520356555895,1408.4043188476562,1366.5231640625
2024-11-06,1330.0,1382.0,1315.199951171875,1370.0,1357.645263671875,3645515,1357.645263671875,0.7585351409217398,1575.81005859375,-0.1384461240947814,0.030578878759001782,0.3094202048499835,0.2636219797929213,1406.2568603515624,1367.3558715820313
2024-11-07,1372.949951171875,1372.949951171875,1350.0,1353.0999755859375,1340.897705078125,1292794,1340.897705078125,0.731089833396948,1575.81005859375,-0.1490740284557267,-0.01233573971189994,0.31090272885443954,0.2643253747888747,1403.9439086914062,1368.124575805664
2024-11-08,1353.0999755859375,1367.300048828125,1338.5999755859375,1362.0999755859375,1349.8165283203125,1400491,1349.8165283203125,0.7431590207995404,1575.81005859375,-0.1434141945223485,0.0066513822854725735,0.3083893721160472,0.26461554336297066,1401.6854614257813,1368.9859783935547
2024-11-11,1355.0999755859375,1357.949951171875,1339.050048828125,1347.9000244140625,1335.74462890625,1269498,1335.74462890625,0.7600875023624833,1575.81005859375,-0.15234414095676863,-0.010425046010936967,0.30830331877832007,0.2616799607651072,1399.0296313476563,1369.9077655029296
2024-11-12,1348.050048828125,1354.800048828125,1320.0,1326.0,1314.0419921875,1038042,1314.0419921875,0.7198619046671841,1575.81005859375,-0.16611650939698364,-0.016247594225043405,0.31077791342319855,0.26283917242440336,1395.6900219726563,1370.7841912841798
2024-11-13,1322.0,1329.25,1284.8499755859375,1287.9000244140625,1276.2857666015625,1437072,1276.2857666015625,0.6261325407453375,1575.81005859375,-0.19007639300099555,-0.02873289119405109,0.31573974887401546,0.2668277997027943,1391.8915893554688,1371.4797296142578
2024-11-14,1289.949951171875,1296.6500244140625,1260.6500244140625,1264.550048828125,1253.146240234375,2963013,1253.146240234375,0.5825241461257211,1575.81005859375,-0.20476060334791846,-0.018130364666529508,0.3099459994065124,0.2670584082652055,1387.7780249023438,1372.1353033447265
2024-11-18,1264.0,1288.9000244140625,1261.300048828125,1279.300048828125,1267.7633056640625,1445637,1267.7633056640625,0.6109196768890215,1575.81005859375,-0.19548469769547472,0.011664293408368387,0.3128444104867441,0.26791862940069916,1384.0866186523438,1372.945369873047
2024-11-19,1285.0,1321.449951171875,1282.0,1289.6500244140625,1278.0198974609375,2631778,1278.0198974609375,0.5819998567524449,1575.81005859375,-0.18897592353139303,0.008090304989149866,0.29248702227458706,0.2680545726794476,1381.0591674804687,1373.6799212646483
2024-11-21,1160.699951171875,1160.699951171875,995.6500244140624,1114.6500244140625,1104.5980224609375,46926687,1104.5980224609375,0.38852940314454587,1575.81005859375,-0.29902844798015904,-0.1356957550853003,0.46065909299575974,0.34974855110299896,1374.692109375,1373.2989495849608
2024-11-22,1072.5999755859375,1155.9000244140625,1054.0,1136.75,1126.498779296875,27086168,1126.498779296875,0.4118566993320809,1575.81005859375,-0.2851303536530536,0.019826902086194975,0.4674555530006519,0.3517286607640507,1368.4162231445312,1373.0733654785156
2024-11-25,1185.0,1191.4000244140625,1139.699951171875,1166.800048828125,1156.27783203125,10532688,1156.27783203125,0.4469423576450817,1575.81005859375,-0.26623273806037884,0.026435051046359792,0.4758461003582699,0.354837979997436,1363.1878051757812,1372.896522216797
2024-11-26,1172.050048828125,1174.449951171875,1119.3499755859375,1128.8499755859375,1118.669921875,5802555,1118.669921875,0.39832662727437174,1575.81005859375,-0.290098501545739,-0.032524977228166385,0.4820216033016781,0.35825832859753776,1356.3748046875,1372.476381225586
2024-11-27,1102.0,1231.699951171875,1102.0,1199.949951171875,1189.1287841796875,24434211,1189.1287841796875,0.481192700551349,1575.81005859375,-0.24538571276739796,0.0629844969699298,0.5225410529991507,0.37482573819683324,1351.3772827148437,1372.1983575439453
2024-11-28,1196.6500244140625,1226.9000244140625,1163.1500244140625,1167.5999755859375,1157.0704345703125,15602469,1157.0704345703125,0.447576642764939,1575.81005859375,-0.26572975704769897,-0.026959527038520226,0.525109533038908,0.37636882550298906,1345.9645385742188,1371.7743487548828
2024-11-29,1175.0,1215.5999755859375,1168.9000244140625,1190.050048828125,1179.318115234375,9412850,1179.318115234375,0.4872524449635449,1575.81005859375,-0.25161150685457845,0.019227594102622092,0.5298078674588094,0.37808125741268006,1341.2762060546875,1371.3897930908204
2024-12-02,1201.9000244140625,1220.9000244140625,1189.4000244140625,1215.800048828125,1204.8358154296875,6941125,1204.8358154296875,0.5236992768691686,1575.81005859375,-0.23541812107426152,0.021637673385726863,0.5353300405730957,0.3769631700296893,1337.0546215820314,1371.2189190673828
2024-12-03,1226.949951171875,1309.5,1220.0,1288.6500244140625,1277.0289306640625,16753958,1277.0289306640625,0.6342706878220254,1575.81005859375,-0.18960478536119973,0.059919463141646645,0.5657494099898193,0.3903157303295573,1334.685185546875,1371.4605694580077
2024-12-04,1301.0,1301.0,1262.0,1269.550048828125,1258.10107421875,4874025,1258.10107421875,0.6076119437324496,1575.81005859375,-0.20161629419888516,-0.014821791418202168,0.5641294237232768,0.3909437392515727,1331.3326953125,1371.477822265625
2024-12-05,1274.0,1284.800048828125,1254.199951171875,1277.050048828125,1265.5335693359375,4369917,1265.5335693359375,0.612129006073522,1575.81005859375,-0.1968996755450988,0.005907709062090261,0.5641611837747562,0.38557203986364996,1327.7830004882812,1371.6415203857423
2024-12-06,1279.0,1282.5,1256.0999755859375,1259.050048828125,1247.6959228515625,2232531,1247.6959228515625,0.5094330288291389,1575.81005859375,-0.2082193434118551,-0.014094961142543938,0.563664215167957,0.3859965645477284,1323.8666430664061,1371.6398034667968
2024-12-09,1257.800048828125,1277.550048828125,1249.0,1266.8499755859375,1255.4254150390625,2849557,1255.4254150390625,0.5226920753554867,1575.81005859375,-0.20331425212541043,0.0061950127799044186,0.5630260564016062,0.3862395176223841,1320.1861352539063,1371.6616864013672
2024-12-10,1272.9000244140625,1272.9000244140625,1244.4000244140625,1248.75,1237.4886474609375,2406907,1237.4886474609375,0.5192098046398697,1575.81005859375,-0.21469682166817106,-0.014287401993982152,0.5594877277158535,0.3856799103286114,1315.7495092773438,1371.59783203125
2024-12-11,1254.0999755859375,1258.3499755859375,1230.75,1233.800048828125,1222.6734619140625,2595435,1222.6734619140625,0.4968513287843104,1575.81005859375,-0.2240984532075052,-0.011971976936736017,0.5545150926931784,0.38516086902418245,1311.3317138671875,1371.2635394287108
2024-12-12,1233.800048828125,1268.0,1223.449951171875,1244.0,1232.781494140625,5457302,1232.781494140625,0.4218827932325113,1575.81005859375,-0.21768395409231178,0.008267155983527008,0.5529721370613593,0.3855792385166019,1307.2845434570313,1370.9790466308593
2024-12-13,1241.949951171875,1262.0,1230.0,1259.949951171875,1248.587646484375,2818291,1248.587646484375,0.24899396593252066,1575.81005859375,-0.20765346072317092,0.012821536029601566,0.5517748899051803,0.37417086044474496,1303.1709765625,1370.805654296875
2024-12-16,1258.0,1261.8499755859375,1240.949951171875,1243.1500244140625,1231.939208984375,1337624,1231.939208984375,0.22646860803982238,1575.81005859375,-0.2182184634081119,-0.013333815649126946,0.5515697991487396,0.3746712379807757,1299.5628125,1370.595889892578
2024-12-17,1235.0999755859375,1259.5,1229.050048828125,1231.9000244140625,1220.7906494140625,2684726,1220.7906494140625,0.19000182176216884,1575.81005859375,-0.2252932751911142,-0.00904960203312588,0.5496831364675145,0.3701350708249997,1295.9596044921875,1370.2319549560548
2024-12-18,1236.0,1238.9000244140625,1207.25,1210.050048828125,1199.1376953125,1931870,1199.1376953125,0.18797763732475592,1575.81005859375,-0.23903411532820884,-0.01773682826941303,0.5446171638966145,0.37032264792079655,1293.0827856445312,1369.7116510009766
2024-12-19,1187.5,1209.0,1185.0,1205.0,1194.13330078125,1541271,1194.13330078125,0.1727591496940497,1575.81005859375,-0.2422098753152443,-0.004173327676056271,0.5435010296552338,0.3697786960289787,1288.8503002929688,1369.0802319335937
2024-12-20,1205.0,1215.9000244140625,1176.199951171875,1182.449951171875,1171.7864990234375,3045185,1171.7864990234375,0.1397123338773496,1575.81005859375,-0.2563910271843691,-0.018713825117507632,0.5360167015313079,0.3694550079849844,1284.3770068359374,1368.3800018310546
2024-12-23,1189.949951171875,1199.0,1174.25,1191.800048828125,1181.05224609375,1540796,1181.05224609375,0.12544742245927853,1575.81005859375,-0.25051103738497593,0.007907368004354431,0.536596811281829,0.3694914598462304,1279.9096606445312,1367.873865966797
2024-12-24,1198.0,1203.0999755859375,1180.0,1182.199951171875,1171.538818359375,1380778,1171.538818359375,0.104747576196218,1575.81005859375,-0.2565482039092617,-0.00805504393716705,0.5358368567860213,0.36903941922385264,1275.4294311523438,1367.2165545654298
2024-12-26,1187.0,1249.0,1182.550048828125,1243.949951171875,1232.73193359375,3827047,1232.73193359375,0.15830238058670654,1575.81005859375,-0.21771540493031394,0.05223310937325154,0.559688361563929,0.37806449317129964,1272.132431640625,1366.8573150634766
2024-12-27,1248.449951171875,1250.949951171875,1225.75,1230.699951171875,1219.6014404296875,2595142,1219.6014404296875,0.1294711075231827,1575.81005859375,-0.22604794037292952,-0.010651539727524972,0.5586886742005216,0.37830244266589075,1268.3746264648437,1366.3312811279297
2024-12-30,1233.75,1258.800048828125,1212.0,1218.5,1207.511474609375,8312636,1207.511474609375,0.13941147138833698,1575.81005859375,-0.23372016314773625,-0.009913046524488323,0.5534608387933139,0.37853959114710783,1264.7020458984375,1365.7660119628906
2024-12-31,1222.0,1236.800048828125,1208.1500244140625,1231.0999755859375,1219.997802734375,1717204,1219.997802734375,0.22154023586423088,1575.81005859375,-0.22579641113403048,0.010340546145981122,0.5520571375035838,0.37878185360097444,1261.45955078125,1365.3297802734376
2025-01-01,1223.0,1231.800048828125,1206.3499755859375,1218.699951171875,1207.7095947265625,1937930,1207.7095947265625,0.20116659453961927,1575.81005859375,-0.23359443726084583,-0.010072319786372574,0.5515633938340564,0.3789154992811558,1257.7552587890625,1364.828900756836
2025-01-02,1223.800048828125,1228.4000244140625,1208.0999755859375,1226.0,1214.94384765625,3772207,1214.94384765625,0.19830673655491005,1575.81005859375,-0.2290036219590681,0.005990059995611308,0.5512958443704193,0.3791434353372451,1254.7922241210938,1364.3567919921875
2025-01-03,1234.5,1237.5999755859375,1197.0,1199.550048828125,1188.732421875,3040564,1188.732421875,0.17102960482289187,1575.81005859375,-0.245637242006297,-0.021574187014333668,0.3825352726719399,0.38051910824438007,1251.5556787109374,1363.8801763916015
2025-01-06,1199.550048828125,1200.9000244140625,1158.050048828125,1163.050048828125,1152.5615234375,2298522,1152.5615234375,0.14021864271146378,1575.81005859375,-0.26859108611983107,-0.03042812475867973,0.3906552423789375,0.38346830413658395,1248.0396752929687,1363.6753771972656
2025-01-07,1163.050048828125,1182.1500244140625,1162.050048828125,1174.0,1163.4127197265625,2010913,1163.4127197265625,0.1593854404183903,1575.81005859375,-0.2617049793648418,0.009414852108457383,0.38410422281994777,0.3839277705936726,1244.4642114257813,1363.2371966552735
2025-01-08,1183.550048828125,1183.550048828125,1141.0999755859375,1152.300048828125,1141.9085693359375,2900996,1141.9085693359375,0.12973502626453093,1575.81005859375,-0.2753513895228118,-0.018483681694385412,0.375682519950544,0.3847305738989599,1241.1662255859376,1362.6167492675781
2025-01-09,1156.699951171875,1156.699951171875,1129.949951171875,1132.3499755859375,1122.1383056640625,1884725,1122.1383056640625,0.08527768119774715,1575.81005859375,-0.28789748514141567,-0.017313350825777674,0.3297410218215985,0.3853732363920088,1236.808876953125,1361.9783642578125
2025-01-10,1134.9000244140625,1137.4000244140625,1106.300048828125,1112.199951171875,1102.1700439453125,1902237,1102.1700439453125,0.03576762862869476,1575.81005859375,-0.30056922918179174,-0.01779483118788383,0.3246775826727149,0.3857236475453053,1231.6458618164063,1361.365454711914
2025-01-13,1100.9000244140625,1106.449951171875,1058.949951171875,1066.6500244140625,1057.0308837890625,2273302,1057.0308837890625,-0.021040425283195385,1575.81005859375,-0.32921428060158786,-0.04095480584345268,0.3379992572007763,0.3907640183773966,1225.1143017578124,1360.506127319336
2025-01-14,1078.8499755859375,1131.4000244140625,1075.050048828125,1117.0999755859375,1107.02587890625,6277854,1107.02587890625,-0.001163633271695108,1575.81005859375,-0.29748774424364455,0.04729757274259949,0.3618724096972219,0.3998213749834786,1219.9839892578125,1359.8126550292968
2025-01-15,1125.0,1141.949951171875,1118.5,1128.9000244140625,1118.719482421875,3135942,1118.719482421875,-0.017765965382508075,1575.81005859375,-0.29006705070773686,0.01056308053717614,0.31274816882850714,0.4004283692863531,1214.721875,1359.083169555664
2025-01-16,1179.949951171875,1190.0,1145.4000244140625,1150.75,1140.3724365234375,3997547,1140.3724365234375,-0.011261248150599257,1575.81005859375,-0.2763262105706421,0.01935512381950022,0.318313881330068,0.40146046227623833,1210.78767578125,1358.3504461669922
2025-01-17,1163.0,1173.6500244140625,1145.5,1163.5,1153.007568359375,2464355,1153.007568359375,-0.023897639357598366,1575.81005859375,-0.26830802857781166,0.011079829213039627,0.3199313193272942,0.40205176908891066,1207.5005908203125,1357.589130859375
2025-01-20,1172.0,1172.0,1146.5,1148.699951171875,1138.3409423828125,1312101,1138.3409423828125,-0.05000332106508798,1575.81005859375,-0.27761538506825767,-0.012720320645797423,0.31953807354756875,0.4017215665425112,1203.1145043945312,1356.6604943847656
2025-01-21,1150.0,1154.25,1104.0,1106.199951171875,1096.22412109375,3134022,1096.22412109375,-0.07648188354228769,1575.81005859375,-0.30434247762574995,-0.036998424391994744,0.3331363371426482,0.4053012843105917,1198.2210327148437,1355.353280029297
2025-01-22,1115.5,1118.050048828125,1080.449951171875,1102.25,1092.309814453125,1906032,1092.309814453125,-0.08294318987956162,1575.81005859375,-0.3068264741069744,-0.0035707174886094872,0.33178927856907164,0.40169657207769327,1193.0708984375,1353.8871160888673
2025-01-23,1102.25,1114.25,1089.6500244140625,1104.0,1094.0439453125,1968815,1094.0439453125,-0.07843353995485336,1575.81005859375,-0.3057260046373719,0.0015875815052006637,0.3312643835967943,0.40132869859811016,1188.236884765625,1352.4639129638672
2025-01-24,1104.1500244140625,1115.0,1088.25,1094.1500244140625,1084.2828369140625,2400140,1084.2828369140625,-0.07919347941584276,1575.81005859375,-0.3119203478865502,-0.008922044164916376,0.32970583329742104,0.40137150397807175,1183.6417016601563,1351.1416430664062
2025-01-27,1085.0999755859375,1093.5999755859375,1067.550048828125,1082.0,1072.242431640625,2371555,1072.242431640625,-0.06873862668206365,1575.81005859375,-0.3195611198233548,-0.011104487559450149,0.32633411308246735,0.4014431555719484,1179.5608349609374,1349.716246948242
2025-01-28,1087.0,1096.6500244140625,1061.25,1080.699951171875,1070.9542236328125,2404643,1070.9542236328125,-0.05954090475238982,1575.81005859375,-0.3203786092160561,-0.0012014148757771848,0.3254898331373798,0.4013864712541988,1175.9169946289062,1348.4171276855468
2025-01-29,1085.0,1102.8499755859375,1074.5,1096.949951171875,1087.0576171875,4603700,1087.0576171875,-0.04407443598554406,1575.81005859375,-0.3101594882840206,0.0150364910089833,0.3299904333259587,0.4019926301516271,1172.302880859375,1347.1597955322266
2025-01-30,1103.9000244140625,1118.5,1010.75,1077.050048828125,1067.3370361328125,14097862,1067.3370361328125,-0.04874592049637927,1575.81005859375,-0.32267405559950413,-0.018141247292585816,0.3301424716418896,0.4007498259823064,1168.0892236328125,1345.8245819091796
2025-01-31,1085.0,1109.25,1074.0,1099.3499755859375,1089.4359130859375,4659891,1089.4359130859375,-0.014753865624293483,1575.81005859375,-0.3086502353855083,0.020704684841813314,0.33759977562812715,0.40191497973253754,1167.7859814453125,1344.6398260498047
2025-02-01,1105.9000244140625,1117.5,1063.0,1084.0999755859375,1074.323486328125,4919797,1074.323486328125,-0.0502039164476773,1575.81005859375,-0.31824049448773717,-0.013871790507626103,0.33590843315146246,0.40230452796785016,1166.7424755859374,1343.520859375
2025-02-03,1084.0,1094.0,1055.0,1084.8499755859375,1075.0667724609375,3961203,1075.0667724609375,-0.08953783041152164,1575.81005859375,-0.31776880938282304,0.0006918643614066688,0.33458142281844655,0.4023506895881398,1165.1182543945313,1342.4608673095704
2025-02-04,1100.0,1127.9000244140625,1091.75,1125.0999755859375,1114.9537353515625,4071098,1114.9537353515625,-0.04836216349973299,1575.81005859375,-0.29245677214007304,0.037101846985112985,0.3536104582959409,0.4069538381917731,1165.0439306640626,1341.6437268066406
2025-02-05,1126.0,1154.9000244140625,1123.550048828125,1144.3499755859375,1134.0301513671875,2979646,1134.0301513671875,-0.04835018922414003,1575.81005859375,-0.28035098825349936,0.017109603215607727,0.3204024880450477,0.4080503262622535,1163.9419580078124,1340.8506762695313
2025-02-06,1155.5999755859375,1169.4000244140625,1140.0999755859375,1164.050048828125,1153.5526123046875,6263278,1153.5526123046875,-0.0408627127543123,1575.81005859375,-0.26796214682490627,0.017215116294715616,0.324457089654501,0.40931282178657374,1163.8716015625,1340.1004730224608
2025-02-07,1160.0,1175.6500244140625,1132.800048828125,1146.0999755859375,1135.764404296875,4079540,1135.764404296875,-0.08754413247140758,1575.81005859375,-0.2792504413187785,-0.015420369923373811,0.3260641362002395,0.40907403845990026,1163.00052734375,1339.2563958740234
2025-02-10,1150.0,1158.8499755859375,1127.25,1144.199951171875,1133.8814697265625,2415627,1133.8814697265625,-0.08695800044370539,1575.81005859375,-0.2804453407675058,-0.0016578566498376412,0.32401847228586156,0.4066249782389309,1161.5814404296875,1338.4107977294923
2025-02-11,1144.199951171875,1160.0,1114.050048828125,1140.0999755859375,1129.8184814453125,4901591,1129.8184814453125,-0.10062714810859552,1575.81005859375,-0.28302368976273673,-0.0035832566187273818,0.3231995377136644,0.4065079466690521,1158.6372314453124,1337.4953002929688
2025-02-12,1140.0,1144.199951171875,1098.949951171875,1128.949951171875,1118.76904296875,2862155,1118.76904296875,-0.09704644592720668,1575.81005859375,-0.2900355998697347,-0.009779835131062509,0.32303510564353544,0.40125725482168667,1155.8505908203124,1336.553911743164
2025-02-13,1133.800048828125,1151.6500244140625,1106.050048828125,1111.550048828125,1101.5260009765625,3763868,1101.5260009765625,-0.10350205121434097,1575.81005859375,-0.30097793514558324,-0.015412512618718566,0.3203636834784352,0.3934098780262766,1152.570439453125,1335.562571411133
2025-02-14,1120.0,1120.0,1042.1500244140625,1062.699951171875,1053.116455078125,4565339,1053.116455078125,-0.1606296379572989,1575.81005859375,-0.3316983545479306,-0.043947710590144795,0.33281802818545797,0.39943597297317435,1148.6788500976563,1334.2914392089845
2025-02-17,1058.949951171875,1089.300048828125,1040.0,1082.9000244140625,1073.13427734375,2518527,1073.13427734375,-0.1295104251410628,1575.81005859375,-0.3189951596695524,0.019008175372342784,0.33701021104926415,0.40081142796259905,1145.03302734375,1333.0518170166015
2025-02-18,1082.9000244140625,1087.9000244140625,1061.949951171875,1085.1500244140625,1075.364013671875,1715308,1075.364013671875,-0.13835725529634468,1575.81005859375,-0.3175801818199283,0.002077779430961879,0.33377405202260896,0.400840856684223,1141.7905346679688,1331.9146185302734
2025-02-19,1061.5999755859375,1091.699951171875,1054.550048828125,1082.8499755859375,1073.084716796875,1792268,1073.084716796875,-0.14225193080181164,1575.81005859375,-0.31902661050755454,-0.0021195584434867687,0.3305208498919072,0.4007838650207551,1138.798759765625,1330.915762939453
2025-02-20,1074.199951171875,1126.0,1074.0,1111.699951171875,1101.674560546875,3714173,1101.674560546875,-0.11884329483937217,1575.81005859375,-0.3008836600966951,0.02664267163858214,0.33626840689358417,0.4034500776131635,1136.17662109375,1330.0712036132813
2025-02-21,1111.699951171875,1119.0999755859375,1080.0,1083.25,1073.4810791015625,2360177,1073.4810791015625,-0.167542105403657,1575.81005859375,-0.3187750812686555,-0.025591479058313826,0.32259886978981006,0.40502946664721884,1132.6744897460937,1329.136987915039
2025-02-24,1083.25,1083.25,1065.699951171875,1070.4000244140625,1060.7470703125,1669749,1060.7470703125,-0.1775114554495152,1575.81005859375,-0.32685601000725384,-0.011862350475445815,0.29253058855655123,0.4052774753498971,1129.2506469726563,1328.3004345703125
2025-02-25,1074.5999755859375,1091.4000244140625,1067.75,1080.3499755859375,1070.607421875,1665355,1070.607421875,-0.1657167513466805,1575.81005859375,-0.320598687616953,0.00929566702418061,0.2921083094288459,0.4053928155159967,1126.246982421875,1327.4036547851563
2025-02-27,1083.0,1087.949951171875,1069.0999755859375,1078.949951171875,1069.2198486328125,1819078,1069.2198486328125,-0.16066685933817337,1575.81005859375,-0.32147923361589514,-0.0012960616691386484,0.28547582035354796,0.40414346627015263,1123.6486254882811,1326.3043139648437
2025-02-28,1074.0,1082.9000244140625,1059.199951171875,1069.4000244140625,1059.756103515625,2849138,1059.756103515625,-0.18075570152575426,1575.81005859375,-0.32748487183706054,-0.008851075042507484,0.28338427293257,0.4041273426632114,1120.9610815429687,1325.0350512695313
2025-03-03,1074.949951171875,1081.0,1040.5999755859375,1053.050048828125,1043.5535888671875,2274285,1043.5535888671875,-0.19923664751369496,1575.81005859375,-0.33776689444510033,-0.015288909018487784,0.28427361445854554,0.40401876149919325,1118.3964233398438,1323.6522131347656
2025-03-04,1047.949951171875,1063.0,1036.5,1057.949951171875,1048.4093017578125,1788886,1048.4093017578125,-0.2060014290657628,1575.81005859375,-0.33468548697207134,0.004653055619209701,0.2656768605827523,0.40361888818600344,1115.743564453125,1322.2581304931641
2025-03-05,1056.800048828125,1118.6500244140625,1055.0,1112.699951171875,1102.66552734375,3785743,1102.66552734375,-0.15944641489924383,1575.81005859375,-0.3002547982668884,0.051750996004107375,0.3068503728207381,0.4115818972247046,1114.3660986328125,1321.1814599609374
2025-03-06,1118.199951171875,1148.75,1101.8499755859375,1136.199951171875,1125.95361328125,4020627,1125.95361328125,-0.1219124344931326,1575.81005859375,-0.28547631287107733,0.021119809552403,0.31262277750322653,0.4108494368330757,1112.2305322265624,1319.9755297851561
2025-03-07,1136.199951171875,1156.949951171875,1134.0999755859375,1144.5,1134.1788330078125,2211623,1134.1788330078125,-0.12956417749926574,1575.81005859375,-0.2802566357394929,0.007305114197904361,0.3116179781332981,0.4101521340343267,1110.522080078125,1318.8467419433593
2025-03-10,1146.0,1168.6500244140625,1136.949951171875,1142.9000244140625,1132.59326171875,2430740,1132.59326171875,-0.13183292258960744,1575.81005859375,-0.28126283016020714,-0.0013979905486841693,0.3094180133206728,0.4089174356651764,1109.0237158203124,1317.3885925292968
2025-03-11,1137.300048828125,1145.9000244140625,1124.4000244140625,1135.0,1124.7645263671875,2399428,1124.7645263671875,-0.15099823281100255,1575.81005859375,-0.28623090058777434,-0.006912221373877925,0.3103742199912205,0.40845123135239825,1107.1190502929687,1316.0257440185546
2025-03-12,1139.0,1155.1500244140625,1105.0,1128.300048828125,1118.125,2842848,1118.125,-0.15329821739938665,1575.81005859375,-0.2904443058335262,-0.00590303677929116,0.3085535936829402,0.40769252765999414,1105.3273583984376,1314.5529779052733
2025-03-13,1135.0,1139.449951171875,1115.050048828125,1119.199951171875,1109.10693359375,1358839,1109.10693359375,-0.15156863272419763,1575.81005859375,-0.29616711890802694,-0.00806534726103969,0.30444213266612985,0.4045835128489419,1103.2106201171875,1313.188807373047
2025-03-17,1114.800048828125,1148.550048828125,1111.199951171875,1137.1500244140625,1126.8951416015625,1489537,1126.8951416015625,-0.13838394623657324,1575.81005859375,-0.2848788244141546,0.016038316477000825,0.3021704516345124,0.4050615189063246,1101.9738745117188,1311.866707763672
2025-03-18,1137.1500244140625,1137.1500244140625,1137.1500244140625,1137.1500244140625,1126.8951416015625,0,1126.8951416015625,-0.13935791417058763,1575.81005859375,-0.2848788244141546,0.0,0.29877303450064446,0.4014407392595592,1101.460546875,1310.6753515625
2025-03-19,1160.0,1184.5,1158.800048828125,1173.5,1162.9173583984375,2416781,1162.9173583984375,-0.09434029886729545,1575.81005859375,-0.26201933281462686,0.03196589945864847,0.3112849786832749,0.404960232880336,1101.4506396484376,1309.398178100586
2025-03-20,1185.0,1186.949951171875,1161.199951171875,1177.449951171875,1166.83154296875,1919013,1166.83154296875,-0.022362246859494395,1575.81005859375,-0.25953541379852063,0.0033658320963607657,0.29385517778638237,0.404815975450763,1101.9490991210937,1307.4175360107422
2025-03-21,1182.0,1202.550048828125,1172.050048828125,1188.800048828125,1178.079345703125,3127446,1178.079345703125,-0.058326646235892676,1575.81005859375,-0.25239762287439593,0.009639611477898047,0.2912331075965569,0.4049259793105478,1103.067919921875,1307.1459368896485
2025-03-24,1196.0,1210.8499755859375,1186.050048828125,1200.800048828125,1189.97119140625,2135192,1189.97119140625,-0.06005290107391181,1575.81005859375,-0.2448511259864795,0.010094265506392919,0.2885992517077836,0.4045283208242985,1104.8239428710938,1306.4125469970704
2025-03-25,1205.0,1209.0999755859375,1174.550048828125,1182.449951171875,1171.7864990234375,2090037,1171.7864990234375,-0.06243227148698827,1575.81005859375,-0.2563910271843691,-0.015281624054547693,0.2885301086663217,0.40251701172922855,1107.1190551757813,1305.5963745117188
2025-03-26,1183.0,1202.199951171875,1173.050048828125,1181.5999755859375,1170.9442138671875,1676081,1170.9442138671875,-0.04393358109821344,1575.81005859375,-0.25692553650016936,-0.0007188042846986153,0.2884621066427044,0.4014256745019161,1108.397421875,1304.6482061767579
2025-03-27,1182.0,1212.0,1175.0,1196.75,1185.9576416015625,2004036,1185.9576416015625,-0.034940880305477706,1575.81005859375,-0.24739810160882658,0.012821642189760007,0.28999703743280997,0.40152905942313627,1109.7421850585938,1303.7494494628907
2025-03-28,1197.699951171875,1205.0,1175.199951171875,1182.949951171875,1172.281982421875,1670913,1172.281982421875,-0.0589525211365749,1575.81005859375,-0.2560765962694658,-0.01153132177741134,0.2906473415353969,0.40169434208370325,1110.3803759765624,1302.6865997314453
2025-04-01,1179.0,1202.0,1168.050048828125,1174.75,1164.156005859375,1584541,1164.156005859375,-0.0794395495871083,1575.81005859375,-0.2612332942599277,-0.006931759324417919,0.28732365483971495,0.33060394187626335,1110.6033447265625,1301.6299914550782
2025-04-02,1182.4000244140625,1198.949951171875,1167.3499755859375,1195.449951171875,1184.6693115234375,1232853,1184.6693115234375,-0.07945173904485925,1575.81005859375,-0.2482156684666461,0.017620753198725803,0.2553994293678818,0.3302647970160544,1111.529912109375,1300.6241448974608
2025-04-03,1170.25,1205.800048828125,1170.25,1199.9000244140625,1189.0792236328125,1300511,1189.0792236328125,-0.08901710004800434,1575.81005859375,-0.2454171636054001,0.003722483621783068,0.2514341835490745,0.32744222165112546,1113.3870141601562,1299.4805517578125
2025-04-04,1196.0,1200.0999755859375,1143.0,1148.3499755859375,1137.9940185546875,1785093,1137.9940185546875,-0.14053219728975463,1575.81005859375,-0.27783554093427265,-0.042961986100515825,0.2853209224745509,0.33087225865878067,1114.3006982421875,1298.0106768798828
2025-04-07,1049.949951171875,1119.0,1041.5,1110.6500244140625,1100.6341552734375,2192949,1100.6341552734375,-0.18931950057939173,1575.81005859375,-0.30154389529938563,-0.032829577899450624,0.3025761548528165,0.31815958985465936,1114.4325024414063,1296.3371563720702
2025-04-08,1135.0,1155.6500244140625,1111.050048828125,1131.3499755859375,1121.1474609375,2423486,1121.1474609375,-0.19082425983657791,1575.81005859375,-0.28852626950610405,0.01863771496257649,0.2975332116736252,0.3166330873765215,1115.169794921875,1294.6621490478515
2025-04-09,1133.8499755859375,1135.5999755859375,1112.0,1131.800048828125,1121.5933837890625,1537177,1121.5933837890625,-0.18647571174686017,1575.81005859375,-0.28824328942920296,0.00039773791325337093,0.28688029550470173,0.3149325372345281,1116.1568139648436,1292.9095977783204
2025-04-11,1163.0,1170.300048828125,1148.0,1164.550048828125,1154.048095703125,3536245,1154.048095703125,-0.14434893326474096,1575.81005859375,-0.2676477159100029,0.028936254781051884,0.29448720907686643,0.31660861769364,1117.81869140625,1291.4444311523437
2025-04-15,1200.0,1225.9000244140625,1179.0,1210.800048828125,1199.8809814453125,3176522,1199.8809814453125,-0.11599363586106493,1575.81005859375,-0.2385624302232947,0.03971488355887187,0.31278495838584325,0.30740180522656596,1120.0751586914062,1290.228744506836
2025-04-16,1210.0,1235.5,1201.5999755859375,1232.9000244140625,1221.7816162109375,1909731,1221.7816162109375,-0.08190430990152575,1575.81005859375,-0.2246644133613075,0.01825233927722114,0.3150352885299578,0.30802234227649933,1123.1640502929688,1289.0648358154297
2025-04-17,1232.9000244140625,1282.5,1218.5999755859375,1259.4000244140625,1248.042724609375,4280765,1248.042724609375,-0.06759783164704225,1575.81005859375,-0.20799926501095822,0.0214941099538557,0.3160133530777423,0.3099867399009797,1126.3361865234374,1287.94453125
2025-04-21,1259.4000244140625,1260.0,1209.4000244140625,1243.0999755859375,1231.8895263671875,6049182,1231.8895263671875,-0.07680739575815698,1575.81005859375,-0.21824999171123238,-0.012942824731615898,0.3147326513947996,0.309844020377876,1129.4875073242188,1286.780126953125
2025-04-22,1249.5999755859375,1255.5999755859375,1227.0,1233.199951171875,1222.078857421875,2932537,1222.078857421875,-0.07864086488910171,1575.81005859375,-0.22447578579841287,-0.007963919438656153,0.3172240466861249,0.309954216281389,1132.4277490234374,1285.584507446289
2025-04-23,1240.0999755859375,1242.800048828125,1216.800048828125,1239.0999755859375,1227.9256591796875,2580999,1227.9256591796875,-0.05407152958673889,1575.81005859375,-0.22076543903045898,0.004784308084788469,0.28505567684868877,0.30912621845837707,1134.6871875,1284.4163873291016
2025-04-24,1238.0,1248.0,1231.5999755859375,1236.4000244140625,1225.2501220703125,2133285,1225.2501220703125,-0.04802791977493914,1575.81005859375,-0.22246331949186604,-0.0021789080547126582,0.2806827556996519,0.30847696314077544,1136.5115869140625,1283.0575036621094
2025-04-25,1236.300048828125,1243.4000244140625,1181.199951171875,1193.0,1182.241455078125,3628854,1182.241455078125,-0.07520474568450874,1575.81005859375,-0.2497563722031606,-0.03510194875109707,0.3011574160972523,0.31376034205118214,1137.0853637695313,1281.5182611083985
2025-04-28,1188.0999755859375,1214.699951171875,1184.0999755859375,1209.9000244140625,1198.989013671875,2646406,1198.989013671875,-0.07244958098776799,1575.81005859375,-0.2391284678422153,0.014165937526394057,0.30320088925763516,0.31392722203587287,1138.3498559570312,1280.0786126708983
2025-04-29,1212.0,1223.9000244140625,1202.5,1216.4000244140625,1205.430419921875,2381980,1205.430419921875,-0.07530174071891882,1575.81005859375,-0.23504078848335386,0.005372364697715959,0.30212434650387626,0.31328084352294344,1139.7808349609375,1278.7957861328125
2025-04-30,1215.0999755859375,1226.5,1203.9000244140625,1216.5,1205.5294189453125,1824334,1205.5294189453125,-0.07592514651751758,1575.81005859375,-0.23497796427246775,8.212753038372433e-05,0.30117652681610463,0.3129104792978628,1141.2950537109375,1277.5000762939453
2025-05-02,1255.0,1295.0,1242.699951171875,1263.0999755859375,1251.709228515625,10694521,1251.709228515625,-0.0393644104912928,1575.81005859375,-0.20567252271974457,0.0383066633170297,0.316394053962371,0.3179022507228582,1143.953857421875,1276.386707763672
2025-05-05,1290.0,1377.0,1285.699951171875,1347.0999755859375,1334.9517822265625,14191797,1334.9517822265625,0.016782323039984393,1575.81005859375,-0.1528472768996848,0.06650310776221802,0.3631140014868183,0.3363153527320888,1148.622373046875,1275.7091241455078
2025-05-06,1350.0,1356.300048828125,1315.0,1320.800048828125,1308.8890380859375,3604276,1308.8890380859375,0.0014095021100970495,1575.81005859375,-0.16938654443290735,-0.01952335993525922,0.3702166180704409,0.336455545344712,1153.7378247070312,1274.887105102539
2025-05-07,1298.800048828125,1341.300048828125,1298.699951171875,1338.199951171875,1326.132080078125,3269847,1326.132080078125,0.02026321965628375,1575.81005859375,-0.1584442091570587,0.013173799680836984,0.36236167774600153,0.3368568683949537,1158.7977807617187,1274.1099279785155
2025-05-08,1340.0,1366.9000244140625,1316.4000244140625,1333.0999755859375,1321.0780029296875,5077662,1321.0780029296875,0.01050612465105405,1575.81005859375,-0.16165149744721452,-0.0038111416082625693,0.3631766178075146,0.336590434759823,1163.712060546875,1273.287660522461
2025-05-09,1300.0,1324.9000244140625,1292.5999755859375,1306.300048828125,1294.519775390625,2979366,1294.519775390625,-0.02008914525287253,1575.81005859375,-0.1785051958953403,-0.02010345148444348,0.3696199433452989,0.3273917344706147,1168.14076171875,1272.358119506836
2025-05-12,1360.0,1375.0,1345.5,1362.0999755859375,1349.8165283203125,3662785,1349.8165283203125,0.03608587923731199,1575.81005859375,-0.1434141945223485,0.0427160356920786,0.3864576422834701,0.33423564626381747,1173.1036010742187,1271.826953125
2025-05-13,1360.5999755859375,1391.9000244140625,1347.0999755859375,1369.199951171875,1356.8524169921875,3356599,1356.8524169921875,0.06599064852762981,1575.81005859375,-0.1389492600376976,0.005212477788096415,0.38188219182033206,0.3337509424983972,1178.7710278320312,1271.3406286621093
2025-05-14,1380.0,1381.9000244140625,1362.0,1371.800048828125,1359.4290771484375,1557379,1359.4290771484375,0.06992255667500968,1575.81005859375,-0.13731412632205842,0.001898998095873905,0.3816062510550147,0.33341755302996684,1184.74466796875,1270.6689910888672
2025-05-15,1375.5999755859375,1409.9000244140625,1371.9000244140625,1406.199951171875,1393.5186767578125,3706424,1393.5186767578125,0.10568269341036385,1575.81005859375,-0.11568106247437837,0.025076409047305237,0.3853496632902613,0.33517010886195914,1191.2028930664062,1270.2795343017578
2025-05-16,1410.9000244140625,1424.9000244140625,1401.0,1407.4000244140625,1394.7080078125,2777119,1394.7080078125,0.13570230716953424,1575.81005859375,-0.11492631982744494,0.0008534733509668602,0.38220380581810437,0.3350989454956886,1197.71265625,1269.8851232910156
2025-05-19,1407.5,1410.5999755859375,1392.0,1398.300048828125,1385.6900634765625,1317210,1385.6900634765625,0.10858452884361847,1575.81005859375,-0.12064905543682736,-0.006465829611232765,0.38206826983524084,0.33306844169852273,1204.2313354492187,1269.1693865966797
2025-05-20,1399.0,1407.300048828125,1381.4000244140625,1384.5999755859375,1372.113525390625,2970441,1372.113525390625,0.0644063957446297,1575.81005859375,-0.12926464842146235,-0.009797672974485527,0.38314730721147694,0.3291610111755847,1210.8025341796874,1268.3562854003906
2025-05-21,1380.0,1391.0,1370.199951171875,1384.5999755859375,1372.113525390625,1993690,1372.113525390625,0.044537528847006236,1575.81005859375,-0.12926464842146235,0.0,0.38342277636576744,0.32894963174627617,1217.2766186523438,1267.5553240966797
2025-05-22,1380.0999755859375,1408.0,1358.5999755859375,1371.4000244140625,1359.03271484375,3186493,1359.03271484375,0.029475701592492243,1575.81005859375,-0.13756565556095746,-0.009533329644244248,0.3584671908157107,0.32770660528186324,1222.4039624023437,1266.5717749023438
2025-05-23,1383.0999755859375,1398.5,1375.0,1395.4000244140625,1382.8162841796875,1715309,1382.8162841796875,0.04188469877676382,1575.81005859375,-0.12247273925024305,0.017500365573371646,0.34008419894096886,0.3270305338284017,1227.5412158203126,1265.6068060302734
2025-05-26,1395.800048828125,1410.5999755859375,1394.800048828125,1400.199951171875,1387.57275390625,1024835,1387.57275390625,0.052786903982040334,1575.81005859375,-0.11945431091833658,0.0034396975078898606,0.3387469577305506,0.3252186826115632,1232.6090942382812,1264.6762731933593
2025-05-27,1397.0,1419.0,1385.4000244140625,1404.199951171875,1391.536865234375,2571237,1391.536865234375,0.017845446019182143,1575.81005859375,-0.11693870866887346,0.0028568673728750493,0.33838326210472186,0.31669218103669095,1237.7879663085937,1264.2320660400392
2025-05-28,1405.0,1427.800048828125,1403.0,1411.0,1398.2755126953125,2035398,1398.2755126953125,0.02819184139021602,1575.81005859375,-0.11266240174711728,0.004842593559174269,0.33222639672742377,0.30781817565661473,1243.2581860351563,1263.8203131103517
2025-05-29,1421.0,1441.0,1410.5,1438.5999755859375,1425.6265869140625,1662886,1425.6265869140625,0.0009854090548953032,1575.81005859375,-0.0953055673560752,0.019560575845334105,0.319682601666198,0.30882860021955844,1249.4082177734374,1263.2990563964843
2025-05-30,1442.0,1457.5,1428.800048828125,1432.800048828125,1419.87890625,2575127,1419.87890625,0.0161340624700248,1575.81005859375,-0.09895301244802479,-0.00403168734142656,0.3187568824432069,0.3077743292181246,1255.6236572265625,1262.8719427490234
2025-06-02,1432.800048828125,1482.0,1425.300048828125,1468.0,1454.761474609375,3164701,1454.761474609375,0.029789693985652343,1575.81005859375,-0.07681673519231025,0.024567284016847823,0.3202418754299317,0.3096454171853925,1262.1809838867186,1262.545909423828
2025-06-03,1470.0,1472.0,1426.699951171875,1432.300048828125,1419.3834228515625,3677200,1419.3834228515625,0.027094052298672233,1575.81005859375,-0.09926744336292814,-0.024318798906406314,0.3274930194488248,0.31188874034879027,1268.0307495117188,1262.2035247802735
2025-06-04,1432.300048828125,1441.0999755859375,1423.0999755859375,1436.199951171875,1423.248291015625,1446972,1423.248291015625,0.022951830521599437,1575.81005859375,-0.09681482025458754,0.0027229204609828805,0.32529234532919593,0.30459020708781115,1273.2373681640624,1261.969405517578
2025-06-05,1443.800048828125,1467.699951171875,1438.0,1456.699951171875,1443.563232421875,2019939,1443.563232421875,0.05742659036219888,1575.81005859375,-0.0839230752784329,0.014273645388854339,0.32632457340485754,0.30494940418946453,1278.772001953125,1261.9433917236329
2025-06-06,1456.699951171875,1478.9000244140625,1453.699951171875,1471.699951171875,1458.4281005859375,1269864,1458.4281005859375,0.02825536141229046,1575.81005859375,-0.07448991543597838,0.01029734467476251,0.3257402051182486,0.3051604146763401,1284.3789770507813,1261.8356225585937
2025-06-09,1482.0,1484.0,1463.0999755859375,1467.0999755859375,1453.8695068359375,1493331,1453.8695068359375,-0.06979734403185067,1575.81005859375,-0.07738277281123085,-0.0031256897396372274,0.30305198376621706,0.30465246311187705,1289.656943359375,1261.6901959228517
2025-06-10,1472.0,1494.0,1469.800048828125,1473.800048828125,1460.5091552734375,2125187,1460.5091552734375,0.18509423806738123,1575.81005859375,-0.07316929010036066,0.0045668805943595014,0.3023807513491241,0.30366028057886135,1295.431396484375,1261.5972906494142
2025-06-11,1473.800048828125,1476.0,1448.800048828125,1456.4000244140625,1443.26611328125,2192673,1443.26611328125,0.07976434337336746,1575.81005859375,-0.08411162537620931,-0.01180618548670398,0.30713249994262953,0.3046538303178135,1300.8778344726563,1261.3639147949218
2025-06-12,1459.800048828125,1465.5999755859375,1440.0999755859375,1445.800048828125,1432.76171875,2192452,1432.76171875,0.07321287301266266,1575.81005859375,-0.09077765373030178,-0.007278210466237889,0.30914032671702857,0.30454976140304524,1305.813916015625,1261.133511352539
2025-06-13,1405.0,1423.800048828125,1397.0999755859375,1405.0,1399.103515625,3380550,1399.103515625,0.02831564095492367,1575.81005859375,-0.11213695585015027,-0.02349183586114012,0.3047931914078285,0.30574331824301515,1310.3503466796874,1260.7397717285157
2025-06-16,1389.0,1411.199951171875,1375.0,1400.5999755859375,1394.7220458984375,2823300,1394.7220458984375,0.021243955963806682,1575.81005859375,-0.11491741133884825,-0.003131626557742795,0.24053873422521416,0.3044769379207778,1314.9616674804688,1260.36748046875
2025-06-17,1400.5,1414.800048828125,1384.0,1392.300048828125,1386.4569091796875,1571621,1386.4569091796875,0.0011589545679759894,1575.81005859375,-0.12016241956409446,-0.005926009948043709,0.2332959404737859,0.30352430499646105,1318.9974194335937,1259.9746740722655
2025-06-18,1387.0,1395.199951171875,1365.199951171875,1372.5999755859375,1366.8394775390625,1732093,1366.8394775390625,-0.006280133685803269,1575.81005859375,-0.13261152885467198,-0.014149326611406776,0.23538004343239327,0.30485929035301906,1322.5526245117187,1259.5261450195312
2025-06-19,1370.5,1372.5999755859375,1331.5999755859375,1338.0,1332.384765625,2950283,1332.384765625,-0.03857148771359287,1575.81005859375,-0.1544762908709837,-0.02520757739313817,0.24714514511254054,0.30286152932545646,1326.440439453125,1258.8743743896484
2025-06-20,1338.0,1356.699951171875,1334.5999755859375,1349.300048828125,1343.6373291015625,4541583,1343.6373291015625,-0.05230683794534463,1575.81005859375,-0.14733547880724784,0.00844543090470129,0.24032010792145572,0.3019963767503823,1331.3005029296876,1258.2498803710937
2025-06-23,1341.0,1364.9000244140625,1335.699951171875,1354.800048828125,1349.1142578125,3921155,1349.1142578125,-0.05786070555099487,1575.81005859375,-0.14385985134753676,0.004076195705726482,0.20619913136469167,0.30092833280967024,1335.8598388671876,1257.5903393554688
2025-06-24,1395.0999755859375,1418.699951171875,1385.0999755859375,1389.5,1383.6685791015625,7635176,1383.6685791015625,-0.035998258590470344,1575.81005859375,-0.12193187779474779,0.025612598109436613,0.21872156096749404,0.30206520296879846,1341.1013427734374,1257.1776452636718
2025-06-25,1399.699951171875,1404.0,1385.5,1393.0999755859375,1387.25341796875,1915989,1387.25341796875,-0.04731350385437827,1575.81005859375,-0.11965695966763124,0.0025908219073060845,0.21876248687546807,0.30198828947301526,1345.76544921875,1256.8197900390626
2025-06-26,1399.0,1433.0,1395.199951171875,1429.300048828125,1423.3016357421875,2877806,1423.3016357421875,-0.033151199890741445,1575.81005859375,-0.09678096799792024,0.0259853155209524,0.21965417270903484,0.30436749680355507,1350.2338623046876,1256.6746301269532
2025-06-27,1434.9000244140625,1456.800048828125,1427.0,1440.199951171875,1434.15576171875,2888390,1434.15576171875,-0.008932226613525662,1575.81005859375,-0.08989300208009332,0.007626019463472744,0.22054436537952127,0.3037315712399997,1354.4813452148437,1256.6984466552735
2025-06-30,1440.800048828125,1453.5,1432.699951171875,1450.199951171875,1444.11376953125,1586196,1444.11376953125,0.0007591442023766604,1575.81005859375,-0.08357370759520699,0.0069434632403986285,0.22001113915668982,0.30220599639002976,1358.4027661132814,1256.804260864258
2025-07-01,1450.300048828125,1459.800048828125,1442.0,1447.0,1440.92724609375,2134736,1440.92724609375,-0.009374709156754535,1575.81005859375,-0.08559585704153272,-0.0022065598325637925,0.21772088093941042,0.2916579654547262,1362.5835205078124,1256.807431640625
2025-07-02,1458.0,1458.0,1440.0,1443.9000244140625,1437.84033203125,1219600,1437.84033203125,-0.02327506351231101,1575.81005859375,-0.0875547949513813,-0.002142310842458195,0.21795664288285493,0.2906510822944859,1366.89875,1256.9081396484376
2025-07-03,1444.0,1451.0999755859375,1426.699951171875,1431.0999755859375,1425.093994140625,978007,1425.093994140625,-0.027087106612589507,1575.81005859375,-0.09564354766692107,-0.008864918869411653,0.21766698628940812,0.2913700715811903,1370.8421166992186,1256.7370098876954
2025-07-04,1432.0,1439.9000244140625,1416.5999755859375,1424.4000244140625,1418.422119140625,608462,1418.422119140625,-0.02927768880199144,1575.81005859375,-0.09987748116900441,-0.004681708734604051,0.21309850969485347,0.29153647011343486,1374.705556640625,1256.634096069336
2025-07-07,1424.4000244140625,1437.800048828125,1417.0,1435.5999755859375,1429.5750732421875,764520,1429.5750732421875,-0.021877196345281402,1575.81005859375,-0.09279988064174582,0.007862930189159512,0.2139342795156781,0.28895568750913936,1379.6522290039063,1256.6434332275392
2025-07-08,1438.0,1449.9000244140625,1430.0,1448.5,1442.4210205078125,824935,1442.4210205078125,-0.03647618929577534,1575.81005859375,-0.0846479163897289,0.008985850065566181,0.21511030102658346,0.2850132350383939,1384.520869140625,1256.7868646240233
2025-07-09,1448.4000244140625,1455.800048828125,1438.300048828125,1443.0,1436.944091796875,1008636,1436.944091796875,-0.03566621831063743,1575.81005859375,-0.08812354384943999,-0.0037970388902189844,0.21532651147092463,0.2841047596836846,1389.151142578125,1256.8920098876954
2025-07-10,1444.0,1450.199951171875,1437.199951171875,1443.0999755859375,1437.0435791015625,1035509,1437.0435791015625,-0.03354260191293901,1575.81005859375,-0.08806040977808105,6.92353343845209e-05,0.20801195122905028,0.28399454142786407,1393.78142578125,1257.0997241210937
2025-07-11,1444.0,1453.9000244140625,1428.300048828125,1431.699951171875,1425.69140625,819864,1425.69140625,-0.024832029673693023,1575.81005859375,-0.09526443337829404,-0.007899671949169296,0.2090194282586599,0.28452036802176084,1397.2610693359375,1257.0995532226561
2025-07-14,1432.0,1446.5,1426.0999755859375,1433.0,1426.986083984375,718442,1426.986083984375,-0.025729527507736716,1575.81005859375,-0.09444283833432643,0.0009081051682708896,0.195907977399297,0.2838022160193973,1399.1017553710938,1257.0193920898437
2025-07-15,1434.4000244140625,1449.300048828125,1429.0,1445.0999755859375,1439.0352783203125,735108,1439.0352783203125,-0.02397454244836439,1575.81005859375,-0.08679648890900915,0.008443806475178839,0.18404697188503616,0.2821345990253558,1401.7046801757813,1256.9969995117187
2025-07-16,1447.5,1474.0,1442.9000244140625,1456.699951171875,1450.5865478515625,2488981,1450.5865478515625,-0.01352083225760281,1575.81005859375,-0.07946611970095985,0.008027092667757918,0.18523599517067582,0.28222227887494034,1404.19376953125,1257.0526782226561
2025-07-17,1455.0,1464.0,1448.9000244140625,1452.5,1446.4041748046875,1168071,1446.4041748046875,-0.01825073130274002,1575.81005859375,-0.08212022958182164,-0.0028832288932152395,0.18093569943870533,0.27048479597690744,1406.70029296875,1256.9880993652343
2025-07-18,1452.4000244140625,1456.5,1429.0999755859375,1443.0999755859375,1437.0435791015625,1147990,1437.0435791015625,-0.030051904914566663,1575.81005859375,-0.08806040977808105,-0.006471632110982339,0.1792657231949098,0.2692354989479015,1409.5507690429688,1256.9555010986328
2025-07-21,1442.0999755859375,1453.0999755859375,1430.0,1450.5,1444.41259765625,815780,1444.41259765625,-0.027679585822690478,1575.81005859375,-0.08338407298577521,0.005127901938293711,0.1797827651167454,0.2691582519642463,1411.4426904296874,1257.0018640136718
2025-07-22,1454.5,1454.5,1417.0999755859375,1420.699951171875,1414.7376708984375,976668,1414.7376708984375,-0.04437251157807276,1575.81005859375,-0.10221561083259822,-0.020544633026577053,0.1885678136942905,0.27190289516773475,1412.6003955078124,1256.8042224121093
2025-07-23,1430.0,1438.5,1419.0,1420.800048828125,1414.8372802734375,740816,1414.8372802734375,-0.028304337036676896,1575.81005859375,-0.10215239929612097,7.040837114113963e-05,0.1857704706102149,0.27146056858185935,1413.7085595703124,1256.8166717529298
2025-07-24,1423.199951171875,1426.0,1405.0,1411.5999755859375,1405.67578125,598011,1405.67578125,-0.03331335649571965,1575.81005859375,-0.10796623388454418,-0.006475302249363213,0.18553395706509515,0.27151358039873386,1413.9517016601562,1256.8402954101562
2025-07-25,1411.699951171875,1416.699951171875,1390.0,1396.300048828125,1390.4400634765625,744410,1390.4400634765625,-0.06916557147776703,1575.81005859375,-0.11763473275618719,-0.01083871400266223,0.1752915254183244,0.2718640704111234,1413.8663427734375,1257.0776025390626
2025-07-28,1396.300048828125,1404.0999755859375,1373.5,1376.0,1370.2252197265625,790020,1370.2252197265625,-0.0687672450932657,1575.81005859375,-0.13046295633539173,-0.014538450294258709,0.18003204944923282,0.27241733325788964,1413.5570458984375,1256.8999407958984
2025-07-29,1376.0,1398.699951171875,1373.5999755859375,1395.9000244140625,1390.041748046875,782760,1390.041748046875,-0.05669721565012109,1575.81005859375,-0.1178875014369779,0.014462241706707957,0.18436567230953382,0.2731426477637474,1413.9156103515625,1256.8728936767577
2025-07-30,1398.800048828125,1403.0999755859375,1391.5,1394.0,1388.149658203125,627316,1388.149658203125,-0.09202269902930604,1575.81005859375,-0.11908821076957254,-0.001361174832632539,0.17940492325113708,0.26861122000052423,1414.2363330078124,1256.7915441894531
2025-07-31,1382.0999755859375,1395.800048828125,1370.300048828125,1373.0999755859375,1367.33740234375,1412892,1367.33740234375,-0.10907192254484155,1575.81005859375,-0.13229554863740411,-0.01499280408015602,0.1687752486313188,0.2701205106836594,1414.4024267578125,1256.6504797363282
2025-08-01,1371.0,1375.9000244140625,1342.800048828125,1347.0999755859375,1341.446533203125,1239941,1341.446533203125,-0.12455689631726341,1575.81005859375,-0.14872574528415605,-0.018935245314174454,0.17663686546001164,0.27202913643772575,1413.5750317382813,1256.3698028564454
2025-08-04,1349.800048828125,1397.0,1345.199951171875,1388.9000244140625,1383.0711669921875,1368323,1383.0711669921875,-0.11098969190427699,1575.81005859375,-0.12231099208337481,0.031029662948750314,0.1980152521759092,0.2761078098407702,1413.485,1256.2477001953125
2025-08-05,1392.0,1394.199951171875,1346.0,1358.0999755859375,1352.400390625,3000067,1352.400390625,-0.14177449036473366,1575.81005859375,-0.14177449036473366,-0.022175848285441613,0.19460719779790933,0.2775541501398568,1412.7022705078125,1256.053999633789
2025-08-06,1374.0,1386.9000244140625,1358.0999755859375,1367.0999755859375,1361.362548828125,2293293,1361.362548828125,-0.13491743177194482,1575.81005859375,-0.13608715631438317,0.006626852717029452,0.19554760675901223,0.27764174750334897,1411.9640112304687,1255.950199584961
2025-08-07,1351.0,1357.9000244140625,1315.0,1345.4000244140625,1339.753662109375,2857406,1339.753662109375,-0.09499236389690369,1575.81005859375,-0.14980003154379617,-0.015872984560469372,0.18343839570063755,0.27857425828119997,1410.246552734375,1255.6843469238281
2025-08-08,1345.4000244140625,1356.9000244140625,1317.699951171875,1325.0,1319.4393310546875,1561061,1319.4393310546875,-0.10886392434049519,1575.81005859375,-0.16269138919435966,-0.015162735978421327,0.1849848720025665,0.2791212355145264,1408.2377612304688,1255.466065673828
2025-08-11,1325.0,1348.300048828125,1313.699951171875,1339.4000244140625,1333.7789306640625,2053173,1333.7789306640625,-0.12817950714766735,1575.81005859375,-0.15359156175565702,0.010867949190140225,0.18710200615799477,0.2791939375062839,1405.8181103515626,1255.3821618652344
2025-08-12,1342.0,1349.5999755859375,1328.199951171875,1330.5,1324.916259765625,1260241,1324.916259765625,-0.11983337538035932,1575.81005859375,-0.15921576173464846,-0.006644782500818902,0.18746709862804278,0.2782180830117805,1403.9287670898439,1255.3649346923828
2025-08-13,1335.199951171875,1339.300048828125,1316.5999755859375,1319.5999755859375,1314.0618896484375,1205658,1314.0618896484375,-0.13546747765885758,1575.81005859375,-0.1661038825827118,-0.008192495214080608,0.18812215424321482,0.2786498570783883,1401.7450390625,1255.2243145751954
2025-08-14,1324.800048828125,1329.0,1290.5,1300.300048828125,1294.843017578125,2298528,1294.843017578125,-0.12972812521126387,1575.81005859375,-0.1783000682622622,-0.014625545586330224,0.19042856532124997,0.2698100739979542,1398.770634765625,1255.1644903564454
2025-08-18,1321.9000244140625,1332.0,1295.0,1327.199951171875,1321.6300048828125,10225114,1321.6300048828125,-0.1009760910868881,1575.81005859375,-0.16130120018256977,0.020687440053381856,0.202437266040549,0.2653101685434373,1396.0346728515624,1255.072611694336
2025-08-19,1332.0,1371.699951171875,1325.0,1369.4000244140625,1363.6529541015625,3150673,1363.6529541015625,-0.05874864376008304,1575.81005859375,-0.13463367830099782,0.031796303854705554,0.2236272507715623,0.2685168125426778,1394.230341796875,1255.0892724609375
2025-08-20,1369.4000244140625,1374.5999755859375,1358.0,1370.5999755859375,1364.847900390625,1594619,1364.847900390625,-0.0777942153142046,1575.81005859375,-0.13387537225862567,0.0008762832841511248,0.22155576339344665,0.26850831655708385,1392.3171166992188,1254.9954675292968
2025-08-21,1371.0999755859375,1377.800048828125,1355.300048828125,1361.800048828125,1356.0848388671875,1227167,1356.0848388671875,-0.08555216397003518,1575.81005859375,-0.13943636070113985,-0.006420540721738699,0.22189688735708848,0.265082032057207,1390.5734912109374,1254.9581842041016
2025-08-22,1364.0,1364.0,1338.199951171875,1341.199951171875,1335.5712890625,1210284,1335.5712890625,-0.09703189158572545,1575.81005859375,-0.15245414142465785,-0.015127040150248683,0.22511146031365287,0.2587572628375136,1388.6296826171874,1254.7269146728515
2025-08-25,1341.300048828125,1348.9000244140625,1332.5,1340.4000244140625,1334.774658203125,1214246,1334.774658203125,-0.1041427790639361,1575.81005859375,-0.1529596787862394,-0.0005964719861073497,0.22453886779650614,0.25718255699147025,1387.34310546875,1254.7153759765624
2025-08-26,1335.199951171875,1339.9000244140625,1310.0,1315.4000244140625,1309.879638671875,1652272,1309.879638671875,-0.11425339693332315,1575.81005859375,-0.16875791499845538,-0.018651102924566842,0.22936745037305967,0.25694692665439367,1385.6462573242188,1254.6779650878907
2025-08-28,1316.9000244140625,1338.800048828125,1311.199951171875,1315.4000244140625,1309.879638671875,1785681,1309.879638671875,-0.1136594634363075,1575.81005859375,-0.16875791499845538,0.0,0.22708080363614058,0.25591668903490805,1384.1147119140626,1254.4391369628906
2025-08-29,1318.0,1322.9000244140625,1303.0,1312.800048828125,1307.29052734375,1592903,1307.29052734375,-0.11019054008861262,1575.81005859375,-0.1704009501561542,-0.0019766024691781903,0.22468585198024071,0.25553132942861423,1382.9237329101563,1254.2711010742187
2025-09-01,1318.300048828125,1338.5,1316.0999755859375,1335.300048828125,1329.6961669921875,983914,1329.6961669921875,-0.09236883374471494,1575.81005859375,-0.15618246010004155,0.01713899028547461,0.23241935264654678,0.2568989906858004,1382.8699609375,1254.1704992675782
2025-09-02,1340.9000244140625,1348.800048828125,1328.199951171875,1336.199951171875,1330.59228515625,1495993,1330.59228515625,-0.08647379793813603,1575.81005859375,-0.15561378866710107,0.0006739270115290186,0.23233368381048386,0.25684296740434126,1382.6090600585937,1254.144737548828
2025-09-03,1338.0,1344.800048828125,1327.5999755859375,1332.4000244140625,1326.8082275390625,1774676,1326.8082275390625,-0.09292886436735714,1575.81005859375,-0.15801512986717214,-0.0028438896417793957,0.2312176760164614,0.24955724791760497,1382.162939453125,1254.208568725586
2025-09-04,1338.0,1348.0,1326.0,1328.199951171875,1322.6258544921875,1350147,1322.6258544921875,-0.09935763585256097,1575.81005859375,-0.16066923974803382,-0.0031522061440878435,0.2249805224652995,0.24873066724471815,1380.9420849609376,1254.4402691650391
2025-09-05,1330.0,1335.699951171875,1312.800048828125,1321.800048828125,1316.2528076171875,1135666,1316.2528076171875,-0.11125398680045129,1575.81005859375,-0.1647135386406855,-0.004818480489667154,0.22500835886232792,0.24883242605100014,1379.5220727539063,1254.755802001953
2025-09-08,1321.9000244140625,1363.4000244140625,1321.9000244140625,1348.300048828125,1342.6416015625,1445628,1342.6416015625,-0.08427579625666803,1575.81005859375,-0.14796736177666558,0.020048423671045423,0.23370343384496595,0.2508365598658608,1377.9088720703126,1255.1301934814453
2025-09-09,1354.699951171875,1385.0,1348.300048828125,1380.9000244140625,1375.104736328125,3515252,1375.104736328125,-0.05738848551840936,1575.81005859375,-0.12736644316430756,0.024178555712742744,0.24328555989888548,0.24600541119051142,1376.7278515625,1255.6156176757813
2025-09-10,1400.0,1404.9000244140625,1385.0,1389.0999755859375,1383.270263671875,2553605,1383.270263671875,-0.04755336764805629,1575.81005859375,-0.1221846464755385,0.005938113023706171,0.24005724331622574,0.21995278005790153,1375.5109814453126,1257.008978881836
2025-09-11,1404.9000244140625,1423.0999755859375,1388.0,1393.0999755859375,1387.25341796875,4041646,1387.25341796875,-0.029480383716482428,1575.81005859375,-0.11965695966763124,0.0028795199329318955,0.23649290259906025,0.2173604297544894,1374.4375048828124,1258.3127520751952
2025-09-12,1395.5,1406.5,1391.0999755859375,1393.0999755859375,1387.25341796875,1466190,1387.25341796875,-0.025086957722753378,1575.81005859375,-0.11965695966763124,0.0,0.23645573823116908,0.21634184546286198,1373.4257666015626,1259.4676300048827
2025-09-15,1393.0999755859375,1409.0,1392.199951171875,1395.199951171875,1389.3446044921875,1254831,1389.3446044921875,-0.03537369348839092,1575.81005859375,-0.1183299047272004,0.0015074293538230865,0.23210880714875168,0.2162183558020476,1372.7107788085937,1260.8210034179688
2025-09-16,1400.0,1412.5999755859375,1396.5999755859375,1408.199951171875,1402.2900390625,1636246,1402.2900390625,-0.010868805251137648,1575.81005859375,-0.11011480640382443,0.009317655625865395,0.2257658986580626,0.21381331961468808,1372.3881372070311,1261.8868096923827
2025-09-17,1410.0,1413.0999755859375,1396.199951171875,1406.0999755859375,1400.1988525390625,1062568,1400.1988525390625,-0.040512770280664245,1575.81005859375,-0.11144186134425527,-0.0014912653339786974,0.20786465380507255,0.20183995134704108,1371.8006127929686,1263.1024517822266
2025-09-18,1410.0,1415.0,1401.0,1412.800048828125,1406.870849609375,1416920,1406.870849609375,-0.022330732568690004,1575.81005859375,-0.10720785037705372,0.004765035379234783,0.19669958779004365,0.20181167663491267,1371.089609375,1264.2402154541016
2025-09-19,1447.800048828125,1460.0,1425.0,1427.800048828125,1421.807861328125,8069167,1421.807861328125,-0.004132344817332045,1575.81005859375,-0.09772890864972417,0.010617187585411525,0.19795855664621378,0.20251106423506887,1370.786884765625,1265.3250756835937
2025-09-22,1433.0,1461.699951171875,1425.0,1444.199951171875,1438.1390380859375,5490489,1438.1390380859375,0.017262288436157736,1575.81005859375,-0.08736523780706784,0.011486205135029515,0.19288149196732784,0.1991043299034697,1370.8087939453126,1266.130626220703
2025-09-23,1453.0,1455.0,1423.0999755859375,1441.5999755859375,1435.5499267578125,2550337,1435.5499267578125,0.013867278158379515,1575.81005859375,-0.08900827296476665,-0.0018003205945726908,0.18605432009751344,0.1991377839250848,1371.0059643554687,1267.0178704833984
2025-09-24,1445.0,1452.4000244140625,1429.0999755859375,1431.5999755859375,1425.5919189453125,2603193,1425.5919189453125,0.021563003031330963,1575.81005859375,-0.0953275674496531,-0.006936719947449044,0.18656828028829603,0.19918529559231313,1370.9780810546874,1267.8181622314453
2025-09-25,1431.699951171875,1439.9000244140625,1404.0999755859375,1407.199951171875,1401.2943115234375,1970560,1401.2943115234375,-0.017136028598376818,1575.81005859375,-0.11074668937324217,-0.017043872863596876,0.19321097997401826,0.20059904894652972,1370.22326171875,1268.5861541748047
2025-09-26,1407.199951171875,1416.699951171875,1390.300048828125,1392.0,1386.1580810546875,1899079,1386.1580810546875,-0.03940367844025394,1575.81005859375,-0.12035205417352624,-0.010801607017368431,0.19454349443995642,0.20145915052807023,1368.9346923828125,1269.239817504883
2025-09-29,1393.5999755859375,1401.300048828125,1377.5999755859375,1383.199951171875,1377.39501953125,1978395,1377.39501953125,-0.045804047520288105,1575.81005859375,-0.12591304261604042,-0.006321834171157392,0.18986345058977108,0.20109149116055633,1367.5545092773436,1269.9393493652344
2025-09-30,1389.699951171875,1408.0,1387.199951171875,1403.5,1397.60986328125,1999250,1397.60986328125,-0.02906729581738643,1575.81005859375,-0.11308481903683587,0.014676141167462298,0.18550750425927273,0.20045917905952398,1366.7658349609376,1270.8140313720703
2025-10-01,1406.0,1426.9000244140625,1392.699951171875,1422.699951171875,1416.729248046875,1602493,1416.729248046875,-0.029185305354382574,1575.81005859375,-0.10095176742864453,0.013680058554207175,0.16663356705935306,0.20165702554724346,1366.21216796875,1271.7337701416016
2025-10-03,1413.0,1431.0,1412.5,1419.0999755859375,1413.1444091796875,1576970,1413.1444091796875,-0.021072040738495112,1575.81005859375,-0.10322668555576109,-0.0025303627154797947,0.1670056818844783,0.20166591264966485,1366.180302734375,1272.556553955078
2025-10-06,1419.0999755859375,1419.0999755859375,1395.0,1400.5,1394.6224365234375,1338654,1394.6224365234375,-0.028232491402537807,1575.81005859375,-0.11498062287532551,-0.013106921370478863,0.1707440031563016,0.20274249545191395,1365.776005859375,1273.3699700927734
2025-10-07,1400.800048828125,1415.0,1397.300048828125,1399.5,1393.6265869140625,1608151,1393.6265869140625,-0.04169760185781546,1575.81005859375,-0.11561258330986135,-0.0007140639525758941,0.16389414083457765,0.200038913883618,1365.5350219726563,1274.2341497802734
2025-10-08,1399.4000244140625,1411.0999755859375,1386.0,1394.300048828125,1388.448486328125,1704405,1388.448486328125,-0.01692142144088782,1575.81005859375,-0.11889857616014088,-0.0037155581233588864,0.16448424778310605,0.20002235030392782,1365.4951904296875,1275.1807037353515
2025-10-09,1394.5,1399.800048828125,1388.4000244140625,1395.5999755859375,1389.742919921875,1250770,1389.742919921875,-0.008000372235971498,1575.81005859375,-0.11807713604640968,0.0009322878064947915,0.15317817421655835,0.1956069788794654,1365.8855444335939,1276.1587518310546
2025-10-10,1400.5,1418.0,1395.699951171875,1409.4000244140625,1403.485107421875,1359246,1403.485107421875,0.04505393312167483,1575.81005859375,-0.10935642289633396,0.009888294664435193,0.15471855756529806,0.1921235862522431,1366.1544116210937,1277.3172448730468
2025-10-13,1400.800048828125,1441.9000244140625,1396.0,1437.800048828125,1431.7659912109375,2245061,1431.7659912109375,0.01850135715926915,1575.81005859375,-0.09140953669971952,0.02015046945600507,0.162440931341292,0.19502778438287033,1367.02673828125,1278.5708135986329
2025-10-14,1440.0,1442.199951171875,1422.0,1429.0,1423.0028076171875,2640234,1423.0028076171875,0.019743890934691644,1575.81005859375,-0.09697060260735191,-0.0061205417977125975,0.15890590121621787,0.19382517843840938,1368.1400463867187,1279.828133544922
2025-10-15,1430.0,1456.300048828125,1430.0,1450.699951171875,1444.6116943359375,2675240,1444.6116943359375,0.028618327414894562,1575.81005859375,-0.08325772737793902,0.015185413973240136,0.16311657653889244,0.19473704396076616,1370.203349609375,1280.8875323486327
2025-10-16,1454.0,1490.5,1453.0,1479.5,1473.2908935546875,6512312,1473.2908935546875,0.0557060544343122,1575.81005859375,-0.06505807250053375,0.01985253153577249,0.16943965852550186,0.19747985594192338,1372.007744140625,1282.1559796142578
2025-10-17,1479.5,1489.0,1462.5,1479.4000244140625,1473.1912841796875,3290072,1473.1912841796875,0.054100138606100856,1575.81005859375,-0.065121284037011,-6.761012060529925e-05,0.16861298934944646,0.19734347920374373,1374.4235620117188,1283.4843786621093
2025-10-20,1488.0,1489.0,1459.0999755859375,1467.0,1460.8433837890625,2660484,1460.8433837890625,0.03790550565941264,1575.81005859375,-0.07295719060664174,-0.008381735979045457,0.1704749163232472,0.19683747988790098,1376.4131787109375,1284.6886065673827
2025-10-21,1477.0,1481.5,1470.0,1473.5,1467.3160400390625,394024,1467.3160400390625,0.05475761574690141,1575.81005859375,-0.06884968017751292,0.00443076672135212,0.16318271705136397,0.1965510953660305,1378.9644262695313,1285.9866387939453
2025-10-23,1478.800048828125,1483.5,1450.300048828125,1453.0999755859375,1447.001708984375,2999137,1447.001708984375,0.046941676761745876,1575.81005859375,-0.0817410378280764,-0.013844550526515564,0.15744149234904964,0.19388380807356176,1381.515673828125,1287.146928100586
2025-10-24,1463.0,1463.5,1422.300048828125,1429.0,1423.0028076171875,1907383,1423.0028076171875,0.02159386232471161,1575.81005859375,-0.09697060260735191,-0.016585261246188754,0.16555619641202832,0.19588369334968675,1383.3001513671875,1288.3182800292968
2025-10-27,1429.0,1429.800048828125,1410.0,1420.5999755859375,1414.6380615234375,2280976,1414.6380615234375,0.03781281458551078,1575.81005859375,-0.10227882236907548,-0.005878235832687317,0.166633060310215,0.195879411454295,1385.0945874023437,1289.6286627197267
2025-10-28,1425.9000244140625,1435.0,1410.0,1417.9000244140625,1411.949462890625,2068057,1411.949462890625,0.04545505900557534,1575.81005859375,-0.10398499159813324,-0.0019005558424726177,0.1667938963090665,0.1943879327729001,1387.0523388671875,1290.871346435547
2025-10-29,1424.0999755859375,1464.800048828125,1421.5999755859375,1454.800048828125,1448.694580078125,3578596,1448.694580078125,0.09058744034496069,1575.81005859375,-0.08066675156843628,0.02602438554158537,0.18231346142706703,0.1941557461878244,1390.1293701171876,1292.4052764892579
2025-10-30,1458.0,1463.0,1449.5999755859375,1457.9000244140625,1451.7816162109375,1380931,1451.7816162109375,0.08165463670604245,1575.81005859375,-0.07870773619346949,0.002130908871520676,0.1808050936456616,0.1937575869863403,1392.73240234375,1294.0534930419922
2025-10-31,1457.9000244140625,1461.699951171875,1443.0,1451.5,1445.408447265625,1141853,1445.408447265625,0.10606041640784025,1575.81005859375,-0.08275211255123927,-0.004389895060075255,0.18137697354035182,0.19388666086338854,1394.3675122070313,1295.7696850585937
2025-11-03,1451.5,1457.4000244140625,1435.300048828125,1444.699951171875,1438.6368408203125,1059573,1438.6368408203125,0.07360498598611476,1575.81005859375,-0.08704933505491808,-0.004684908586304992,0.18179532407347126,0.18950443099737935,1395.843291015625,1297.67771484375
2025-11-04,1449.5999755859375,1466.300048828125,1432.0,1444.4000244140625,1438.3382568359375,3554714,1438.3382568359375,0.05735224809462669,1575.81005859375,-0.08723881473411332,-0.00020754646058196435,0.17941120187688162,0.18947499035780288,1397.488359375,1299.3342767333984
2025-11-06,1452.0999755859375,1466.300048828125,1434.300048828125,1436.800048828125,1430.7701416015625,2745063,1430.7701416015625,0.03408568370405329,1575.81005859375,-0.09204149713425547,-0.005261707528396942,0.17700655862084302,0.18471616763197773,1399.3923364257812,1300.894530029297
2025-11-07,1435.0,1464.0,1425.0,1448.300048828125,1442.221923828125,2184538,1442.221923828125,0.05770298864865686,1575.81005859375,-0.0847742619975651,0.00800392871893707,0.17846843883973368,0.18476069804583664,1401.5412817382812,1302.4037774658202
2025-11-10,1452.199951171875,1463.9000244140625,1441.0,1444.9000244140625,1438.836181640625,1161695,1438.836181640625,0.04125774122625692,1575.81005859375,-0.08692283451684546,-0.0023475875186483863,0.1773625254739357,0.18444425629872804,1404.1204125976562,1303.8329205322266
2025-11-11,1453.0,1476.0,1437.800048828125,1474.4000244140625,1468.2122802734375,2258827,1468.2122802734375,0.0980716544182394,1575.81005859375,-0.06828093127945423,0.02041656931320457,0.1786310576133802,0.1875279893334312,1407.2870654296876,1305.4822772216796
2025-11-12,1477.0,1515.0,1475.5,1506.9000244140625,1500.575927734375,4641466,1500.575927734375,0.1390765308713222,1575.81005859375,-0.047743146738455144,0.022042893861989876,0.18407036854150177,0.19097949072845483,1411.1527734375,1307.5040362548827
2025-11-13,1515.0,1515.0,1487.800048828125,1499.0,1492.7091064453125,2304918,1492.7091064453125,0.09948389788371159,1575.81005859375,-0.052735386282910635,-0.005242534645307884,0.1836361519305531,0.19056982992427343,1414.4130322265626,1309.5060327148437
2025-11-14,1500.0,1523.5999755859375,1497.0,1512.699951171875,1506.3515625,2345593,1506.3515625,0.12339036512277057,1575.81005859375,-0.04407796213443049,0.00913939360038829,0.18119587099331677,0.19089112452646342,1417.9282177734376,1311.5675708007811
2025-11-17,1518.9000244140625,1519.0,1503.0,1507.5999755859375,1501.27294921875,1750560,1501.27294921875,0.11220519064684087,1575.81005859375,-0.04730082091335097,-0.0033714661355821463,0.17882922846024726,0.19062958307738523,1421.4175122070312,1313.6525213623047
2025-11-18,1518.9000244140625,1518.9000244140625,1490.199951171875,1495.0,1488.725830078125,1818617,1488.725830078125,0.11452877882589041,1575.81005859375,-0.055263150555936114,-0.008357653514741936,0.18089617614185957,0.19068223729698078,1424.73951171875,1315.7349383544922
2025-11-19,1499.0,1499.5,1478.0,1484.199951171875,1477.9710693359375,1746304,1477.9710693359375,0.12475177971713292,1575.81005859375,-0.062088059867522305,-0.007224137933861896,0.17745420674779427,0.1909829456080195,1427.973876953125,1317.7700225830079
2025-11-20,1500.0,1505.0,1487.5999755859375,1491.0999755859375,1484.8421630859375,1459401,1484.8421630859375,0.16340885555725482,1575.81005859375,-0.057727703292484445,0.004649004227861742,0.1774230420674997,0.19111527339238482,1430.8178881835938,1319.7589453125
2025-11-21,1492.0,1492.300048828125,1467.0999755859375,1479.800048828125,1473.5897216796875,1165365,1473.5897216796875,0.175912015986325,1575.81005859375,-0.06486843789110197,-0.00757820708893675,0.17888469165312162,0.19107633140870528,1432.787587890625,1321.7902087402344
2025-11-24,1482.0,1490.199951171875,1471.300048828125,1485.9000244140625,1479.6640625,2485518,1479.6640625,0.1671453621422987,1575.81005859375,-0.06101369614276386,0.004122138428998223,0.17895088951767776,0.19117435687537243,1434.7154638671875,1323.7413494873047
2025-11-25,1490.0,1492.4000244140625,1474.5,1483.9000244140625,1477.6724853515625,1355333,1477.6724853515625,0.15622025000336692,1575.81005859375,-0.06227753954671755,-0.001345965749193545,0.1776888356147911,0.19072012076602712,1436.5238452148437,1325.758094482422
2025-11-26,1484.300048828125,1523.0,1484.300048828125,1506.199951171875,1499.8787841796875,3986754,1499.8787841796875,0.35785032535012395,1575.81005859375,-0.04818555002867764,0.015027889500724978,0.17366103599757912,0.19187271762393257,1438.7763525390626,1327.8821545410156
2025-11-27,1511.800048828125,1513.9000244140625,1501.0,1509.0999755859375,1502.7666015625,861910,1502.7666015625,0.3340152951612425,1575.81005859375,-0.046352957726665256,0.001925367178516213,0.17210828880753226,0.19180537021127708,1441.0447924804687,1329.8212188720704
2025-11-28,1510.0,1534.300048828125,1503.0999755859375,1516.9000244140625,1510.533935546875,2612938,1510.533935546875,0.3063762823276637,1575.81005859375,-0.041423852253568705,0.005168689519915448,0.16777106942430153,0.19159684662454304,1443.2096704101561,1331.7037377929687
2025-12-01,1530.0,1549.0,1523.0,1530.5,1524.076904296875,4059126,1524.076904296875,0.36240089636304273,1575.81005859375,-0.03282956217644761,0.0089656832139271,0.16024449730729098,0.1919594510291204,1445.6872314453126,1333.5563592529297
2025-12-02,1528.0999755859375,1530.0,1510.0,1518.0999755859375,1511.7288818359375,1974536,1511.7288818359375,0.27129113511350544,1575.81005859375,-0.04066554621119656,-0.008101968100247658,0.16246424290197234,0.18917504480308736,1447.7843920898438,1335.436181640625
2025-12-03,1514.0,1524.0,1488.5999755859375,1497.699951171875,1491.4144287109375,1958074,1491.4144287109375,0.28895733928659784,1575.81005859375,-0.05355698132687836,-0.01343789443271659,0.1656079422403225,0.1906684740596558,1449.1765234375,1337.2238464355469
2025-12-04,1497.699951171875,1509.0999755859375,1490.199951171875,1505.5999755859375,1499.2813720703125,1591805,1499.2813720703125,0.2713120850961819,1575.81005859375,-0.04856466431730455,0.005274820471043995,0.16578924040799028,0.1904375937650969,1450.3993701171876,1339.0711608886718
2025-12-05,1504.5999755859375,1514.0,1493.300048828125,1509.4000244140625,1503.0654296875,1141428,1503.0654296875,0.2475271820762177,1575.81005859375,-0.04616332311723359,0.0025239142483055588,0.15993410137226396,0.18943779765675592,1451.7496801757814,1340.9926428222657
2025-12-08,1509.4000244140625,1510.9000244140625,1472.5999755859375,1480.5,1474.2867431640625,1070689,1474.2867431640625,0.15446620492569796,1575.81005859375,-0.0644261120659978,-0.019146662517160573,0.162575947343351,0.19065664410725291,1452.7235766601561,1342.856446533203
2025-12-09,1476.9000244140625,1499.199951171875,1460.9000244140625,1497.199951171875,1490.91650390625,1327921,1490.91650390625,0.18505304101427034,1575.81005859375,-0.053872961544146336,0.011279868600389875,0.1636577872725704,0.1900884644740451,1454.5160205078125,1345.0454467773438
2025-12-10,1500.0,1521.0,1493.5999755859375,1498.0999755859375,1491.812744140625,1677388,1491.812744140625,0.17880140067989103,1575.81005859375,-0.053304212646087645,0.0006011337536520056,0.16332608686845437,0.1900522096065784,1456.6291137695312,1347.138839111328
2025-12-11,1496.0,1515.0,1495.0,1504.0,1497.6881103515625,1451645,1497.6881103515625,0.20036307157969402,1575.81005859375,-0.049575739040467415,0.003938407306154357,0.14665548388582925,0.1882090063007981,1459.0349755859374,1349.2504595947266
2025-12-12,1512.0,1527.4000244140625,1509.5,1522.800048828125,1516.4091796875,1152570,1516.4091796875,0.20788472299671978,1575.81005859375,-0.037695456113066794,0.01249997860471952,0.15029195199598197,0.1860812659756784,1461.4109619140625,1351.4670819091798
2025-12-15,1522.800048828125,1522.800048828125,1508.0999755859375,1512.5999755859375,1506.251953125,850425,1506.251953125,0.21718446162355298,1575.81005859375,-0.04414117367090775,-0.006698209624788176,0.1512235256486467,0.17968841648177594,1463.201416015625,1353.4899688720702
2025-12-16,1512.5999755859375,1512.5999755859375,1494.199951171875,1499.0,1492.7091064453125,1122212,1492.7091064453125,0.22085671517603434,1575.81005859375,-0.052735386282910635,-0.008991089871512092,0.1532355466280712,0.17619138445410779,1464.7927099609376,1355.586109008789
2025-12-17,1494.0999755859375,1500.0,1479.300048828125,1486.300048828125,1480.0623779296875,964352,1480.0623779296875,0.2005877643072851,1575.81005859375,-0.06076092746197315,-0.008472332928779025,0.15578170012498924,0.17667526542274173,1466.5015087890624,1357.682685546875
2025-12-18,1486.4000244140625,1498.0,1476.0,1495.699951171875,1489.4228515625,683681,1489.4228515625,0.1928861027547728,1575.81005859375,-0.05482082473083194,0.006324377791364411,0.15535337413181927,0.1745681245232824,1468.4174340820311,1359.7767626953125
2025-12-19,1495.0,1503.699951171875,1490.699951171875,1496.4000244140625,1490.1199951171875,1276175,1490.1199951171875,0.20957266742541591,1575.81005859375,-0.05437842144060956,0.0004680628835229683,0.15409412484537593,0.1723557390196991,1470.4508642578126,1361.8812634277344
2025-12-22,1497.5,1515.0,1497.5,1508.699951171875,1502.3682861328125,1116833,1502.3682861328125,0.23065186226147594,1575.81005859375,-0.04660572640745597,0.008219667580973367,0.15505935353766814,0.17200088970205388,1472.7033715820312,1364.0943243408203
2025-12-23,1508.699951171875,1513.800048828125,1491.199951171875,1493.5999755859375,1487.3316650390625,928446,1487.3316650390625,0.24033434263065012,1575.81005859375,-0.05614787967126278,-0.01000861189133273,0.14768216377983376,0.1725365931529055,1474.380302734375,1366.3132147216797
2025-12-24,1503.0,1507.199951171875,1492.0,1494.300048828125,1488.02880859375,1318023,1488.02880859375,0.2461161644350942,1575.81005859375,-0.0557054763810404,0.0004687209793716729,0.13278670232261267,0.171788210817554,1475.5055590820311,1368.5113122558594
2025-12-26,1499.5999755859375,1501.4000244140625,1485.0,1487.0999755859375,1480.8590087890625,876540,1480.8590087890625,0.26376179451052284,1575.81005859375,-0.060255390100391715,-0.0048183205615913716,0.13265361913891452,0.1699654556784862,1476.6626831054687,1370.402279663086
2025-12-29,1487.0999755859375,1487.0999755859375,1451.0,1454.4000244140625,1448.2962646484375,1568472,1448.2962646484375,0.2262762036468573,1575.81005859375,-0.080919520249227,-0.02198909143096106,0.14375908325077766,0.17135517001794645,1476.7363745117189,1372.013992919922
2025-12-30,1450.0,1470.5,1447.300048828125,1461.199951171875,1455.067626953125,3463973,1455.067626953125,0.24201401110276843,1575.81005859375,-0.0766224526757846,0.004675398583818824,0.14462582107549452,0.16341297012303133,1476.3719091796875,1373.6184368896484
2025-12-31,1468.5,1475.0,1461.300048828125,1469.800048828125,1463.631591796875,707055,1463.631591796875,0.1873072741208135,1575.81005859375,-0.07118780984110662,0.005885612933113515,0.14422117407338325,0.1636367230412609,1476.1807153320312,1375.273628540039
2026-01-01,1472.800048828125,1490.9000244140625,1470.4000244140625,1481.0999755859375,1474.8841552734375,981252,1474.8841552734375,0.20931650814860414,1575.81005859375,-0.06404699777737077,0.007688111912607765,0.14467859956643236,0.16356988838121175,1476.4615307617187,1377.0242266845703
2026-01-02,1480.0999755859375,1495.0,1478.300048828125,1489.5,1483.2489013671875,1251176,1483.2489013671875,0.22835180663356636,1575.81005859375,-0.05873877801564731,0.00567145973047567,0.1449959020342496,0.161457552985358,1476.7801879882813,1378.8498461914062
2026-01-05,1488.0,1496.800048828125,1479.0999755859375,1493.0,1486.7342529296875,790039,1486.7342529296875,0.218636828359426,1575.81005859375,-0.056526993959889804,0.0023498089628026797,0.1433296606475212,0.1614391230180419,1477.5748388671875,1380.737982788086
2026-01-06,1490.0,1493.0,1470.699951171875,1473.199951171875,1467.017333984375,1675609,1467.017333984375,0.21471034128574784,1575.81005859375,-0.06903923732182637,-0.013261898625433033,0.14811455854174824,0.1598016473204869,1478.4551293945312,1382.43859375
2026-01-07,1473.199951171875,1480.4000244140625,1459.0,1465.300048828125,1459.1505126953125,2124534,1459.1505126953125,0.2010024294622026,1575.81005859375,-0.07403147686628186,-0.005362459670259279,0.14882999057974802,0.1601775635058804,1479.3453784179687,1384.0998706054688
2026-01-08,1468.0,1489.0,1460.300048828125,1465.199951171875,1459.0509033203125,1974347,1459.0509033203125,0.22740061301511094,1575.81005859375,-0.07409468840275912,-6.826531885051335e-05,0.14150211186393086,0.16010052942107192,1480.2874072265624,1385.580538330078
2026-01-09,1463.0,1463.0,1431.0,1435.9000244140625,1429.8739013671875,2280396,1429.8739013671875,0.24060527120722108,1575.81005859375,-0.09261024603231416,-0.01999724744813758,0.15162684326596454,0.16173024730463037,1479.9109936523437,1386.8957501220702
2026-01-12,1435.9000244140625,1447.0999755859375,1403.9000244140625,1443.5,1437.4420166015625,1539180,1437.4420166015625,0.23553919621869457,1575.81005859375,-0.08780756363217201,0.005292855004304098,0.15167551064035587,0.1618999053814435,1479.6242016601564,1388.1925634765626
2026-01-13,1443.5,1449.0,1420.0,1428.5999755859375,1422.6044921875,919873,1422.6044921875,0.24581295770010514,1575.81005859375,-0.09722337128814262,-0.01032217247214029,0.15028703933268342,0.1628715381624724,1479.1681225585937,1389.3557299804688
2026-01-14,1429.0,1438.9000244140625,1423.0,1430.0,1423.9986572265625,1278819,1423.9986572265625,0.26900458708061326,1575.81005859375,-0.09633864217281596,0.000980008882805361,0.14951740201993718,0.16273241139966582,1478.8753588867187,1390.6167907714844
2026-01-15,1430.0,1430.0,1430.0,1430.0,1423.9986572265625,0,1423.9986572265625,0.29199542761045905,1575.81005859375,-0.09633864217281596,0.0,0.14556398300400944,0.16245477272035946,1478.5885668945311,1391.8820629882812
2026-01-16,1430.0,1448.0,1416.0999755859375,1421.9000244140625,1415.9326171875,1556318,1415.9326171875,0.33953760377550024,1575.81005859375,-0.10145730479022597,-0.005664359301273625,0.14458943247578898,0.15955688246467156,1478.29181640625,1393.031937866211
2026-01-19,1421.0,1421.0,1395.5999755859375,1403.0,1397.1119384765625,1130162,1397.1119384765625,0.262040901751023,1575.81005859375,-0.11340079925410385,-0.013292072293893065,0.14765193300638427,0.15618941250847904,1477.3896166992188,1394.1560876464844
2026-01-20,1409.0,1412.9000244140625,1359.5999755859375,1367.5999755859375,1361.8604736328125,1799611,1361.8604736328125,0.2173386581992569,1575.81005859375,-0.1357711760971152,-0.025231668181283196,0.1545445548825463,0.16157635545567922,1475.8501025390624,1395.1446099853515
2026-01-21,1371.699951171875,1390.4000244140625,1345.0,1378.5999755859375,1372.8143310546875,2141532,1372.8143310546875,0.20382980777742854,1575.81005859375,-0.12881992117769292,0.00804330372600881,0.15228785448627044,0.1620782321582824,1473.9421435546874,1396.0853350830077
2026-01-22,1400.0,1421.699951171875,1388.5,1414.199951171875,1408.264892578125,1689638,1408.264892578125,0.2213839104126245,1575.81005859375,-0.10632319872684526,0.02582327465666978,0.1731570685104593,0.16776762031210646,1472.0959228515626,1397.1812634277344
2026-01-23,1417.0,1417.0,1292.0,1308.4000244140625,1302.908935546875,6380222,1302.908935546875,0.1445682809401403,1575.81005859375,-0.1731814831099704,-0.07481259923931904,0.27228602858826284,0.20952278473679023,1468.2999194335937,1398.0058380126952
2026-01-27,1334.300048828125,1368.300048828125,1322.0,1363.9000244140625,1358.176025390625,3838632,1358.176025390625,0.2389583473455359,1575.81005859375,-0.138109305760709,0.042418229191553136,0.3008170261573082,0.22097844192084107,1465.3364086914062,1399.2935473632813
2026-01-28,1373.9000244140625,1384.300048828125,1363.699951171875,1381.9000244140625,1376.1004638671875,2938285,1376.1004638671875,0.2598078362558198,1575.81005859375,-0.12673456019488982,0.01319743401552631,0.30447723550123906,0.22211035746833904,1462.832958984375,1400.5683123779297
2026-01-29,1384.9000244140625,1429.0,1371.5999755859375,1417.800048828125,1411.849853515625,3918681,1411.849853515625,0.29048733331488585,1575.81005859375,-0.1040482031346105,0.025978764332345916,0.3150110192074942,0.2262231073437319,1461.295439453125,1402.0195947265624
2026-01-30,1417.800048828125,1428.5,1407.0,1419.800048828125,1413.8414306640625,2227414,1413.8414306640625,0.30394153861915263,1575.81005859375,-0.10278435973065692,0.0014106154018278527,0.3144557297542006,0.22553942533209295,1460.0128466796875,1403.318561401367
2026-02-02,1348.0,1406.0,1348.0,1403.0999755859375,1397.2115478515625,2796673,1397.2115478515625,0.3030742923628813,1575.81005859375,-0.11333758771762659,-0.011762197974838795,0.31499823101502133,0.22555327238495254,1458.260234375,1404.3052142333984
2026-02-03,1477.199951171875,1537.0,1477.199951171875,1530.800048828125,1524.3756103515625,11977119,1524.3756103515625,0.4233807353415042,1575.81005859375,-0.032640005032134045,0.09101274799477221,0.4145718497999591,0.2723296977097503,1459.2759521484375,1405.8181842041015
2026-02-04,1529.9000244140625,1572.300048828125,1508.5,1567.9000244140625,1561.3199462890625,6632728,1561.3199462890625,0.4362807652538254,1575.81005859375,-0.00919534192948257,0.024235717028416426,0.4195362750629403,0.2748026633704128,1460.9090698242187,1407.3845703125
2026-02-05,1568.0,1577.699951171875,1548.5999755859375,1570.199951171875,1563.6102294921875,3285127,1563.6102294921875,0.46496390227165496,1575.81005859375,-0.0077419413812154225,0.0014668890950688684,0.4180886057340076,0.2730712684275261,1462.6278247070313,1409.043173828125
2026-02-06,1563.0,1575.5,1527.0,1550.699951171875,1544.1920166015625,4429173,1544.1920166015625,0.4174234556188645,1575.81005859375,-0.020064627598838536,-0.012418832087668918,0.4201622602409858,0.27328858788938976,1463.5140893554687,1410.6537396240235
2026-02-09,1575.9000244140625,1583.9000244140625,1554.5,1561.699951171875,1555.1458740234375,1761025,1555.1458740234375,0.44755829488443055,1575.81005859375,-0.013113372679416146,0.007093585062032615,0.42000656569436967,0.2731447939245008,1464.5616748046875,1412.2898406982422
2026-02-10,1565.0,1568.0,1525.0,1554.699951171875,1548.17529296875,1643366,1548.17529296875,0.44007361461355443,1575.81005859375,-0.017536863325813057,-0.004482268301078007,0.4143560194730146,0.27240725437545527,1465.314501953125,1413.9044665527344
2026-02-11,1554.699951171875,1559.4000244140625,1539.199951171875,1553.4000244140625,1546.8807373046875,1359416,1546.8807373046875,0.3873945512339412,1575.81005859375,-0.018358380904662464,-0.0008361815809501127,0.41441844555254154,0.27161837452346926,1465.7705786132813,1415.7276629638673
2026-02-12,1542.0999755859375,1551.0,1532.5,1543.699951171875,1537.221435546875,1107584,1537.221435546875,0.35553841641123896,1575.81005859375,-0.024488118245235335,-0.006244373935797465,0.41501447895816085,0.2718307377269148,1466.2804296875,1417.4188250732423
2026-02-13,1543.0,1543.0,1507.0,1519.0,1512.6251220703125,1838361,1512.6251220703125,0.31127536441379355,1575.81005859375,-0.040096797313137866,-0.016000501234106346,0.41784437543054154,0.27230102821269997,1466.7046435546874,1418.9547985839845
2026-02-16,1517.5,1545.5,1495.300048828125,1540.0999755859375,1533.6365966796875,1644108,1533.6365966796875,0.35031225743434513,1575.81005859375,-0.02676303637235189,0.013890734923545978,0.4192896959608665,0.2731289666663534,1467.391748046875,1420.5953344726563
2026-02-17,1545.0,1576.5,1535.699951171875,1566.300048828125,1559.7266845703125,3168457,1559.7266845703125,0.37556413629939933,1575.81005859375,-0.010206416652645434,0.017011910088158944,0.4217101856948218,0.27427050970212374,1468.5249731445313,1422.1354217529297
2026-02-18,1565.0,1565.0,1540.0,1550.800048828125,1544.291748046875,1326139,1544.291748046875,0.366849430601764,1575.81005859375,-0.020001338597243068,-0.009895923866744427,0.42076782480568214,0.2749249452619748,1469.9250732421874,1423.1821215820312
2026-02-19,1550.0,1550.800048828125,1506.699951171875,1513.300048828125,1506.9490966796875,984392,1506.9490966796875,0.3469706783098576,1575.81005859375,-0.04369877038068526,-0.024181085869568464,0.4271349226705048,0.27781383250636527,1470.2457250976563,1424.172421875
2026-02-20,1513.300048828125,1529.199951171875,1505.199951171875,1511.5,1505.1566162109375,1126987,1505.1566162109375,0.3664285862308603,1575.81005859375,-0.04483626817680264,-0.0011894764545792302,0.4271812638284425,0.2759242796328608,1470.5126025390625,1425.067544555664
2026-02-23,1511.0,1564.5,1510.800048828125,1555.800048828125,1549.270751953125,3113728,1549.270751953125,0.4711295645249347,1575.81005859375,-0.016841691354799848,0.0293086681260053,0.4296312966373846,0.2797850636973775,1471.5442553710936,1426.2085083007812
2026-02-24,1553.699951171875,1564.0,1536.4000244140625,1555.4000244140625,1548.8724365234375,1360612,1548.8724365234375,0.44331652545592615,1575.81005859375,-0.017094460035590564,-0.0002570986570199496,0.4296781396777967,0.2787748277058076,1472.1935205078125,1427.4802716064453
2026-02-25,1567.0,1584.0,1518.5,1528.699951171875,1522.2843017578125,2153982,1522.2843017578125,0.4155990738056312,1575.81005859375,-0.033967137437683204,-0.01716612300578102,0.4319521135579562,0.2785404536899655,1472.5141674804688,1428.3426104736327
2026-02-26,1537.5999755859375,1554.5999755859375,1526.0,1550.5999755859375,1544.092529296875,1353287,1544.092529296875,0.438928823724136,1575.81005859375,-0.020127761670197475,0.014325988590882854,0.43324319867117717,0.2794949588995225,1473.5418359375,1429.2788110351562
2026-02-27,1545.0,1545.0999755859375,1516.199951171875,1521.0,1514.61669921875,1596106,1514.61669921875,0.37483132810735786,1575.81005859375,-0.03883295390918429,-0.01908941952562082,0.43792200296263584,0.2810473244943202,1474.2329223632812,1430.054749145508
2026-03-02,1462.0,1497.300048828125,1430.0,1470.300048828125,1464.1295166015625,4207514,1464.1295166015625,0.363908079150262,1575.81005859375,-0.07087182962383864,-0.03333330646838184,0.4495503075436378,0.2866216762814623,1473.7270556640624,1430.4078033447265
2026-03-04,1435.0,1450.5,1409.0,1434.4000244140625,1428.380126953125,3386838,1428.380126953125,0.34657937497986113,1575.81005859375,-0.09355818668411797,-0.024416821902079056,0.4538668628159244,0.2886207770130087,1472.4922583007813,1430.5761639404298
2026-03-05,1447.199951171875,1505.5,1447.199951171875,1499.300048828125,1493.0078125,3236481,1493.0078125,0.39454274460869354,1575.81005859375,-0.05254582913859718,0.04524543875077014,0.4641435137880414,0.29697277163673996,1472.305048828125,1431.1127526855469
2026-03-06,1489.0,1497.800048828125,1470.0,1477.5,1471.29931640625,2576061,1471.29931640625,0.37604938618336314,1575.81005859375,-0.06632191590448733,-0.01454010884068968,0.466821128219281,0.2978688308179514,1471.9844018554688,1431.608681640625
2026-03-09,1405.0,1436.0999755859375,1405.0,1421.300048828125,1415.335205078125,4874245,1415.335205078125,0.3355291848595212,1575.81005859375,-0.10183641907885299,-0.03803720337804628,0.47596689629676703,0.3047881485507825,1470.5305297851562,1431.8247900390625
2026-03-10,1450.0,1470.300048828125,1416.5,1424.0999755859375,1418.1234130859375,2706284,1418.1234130859375,0.35893683679949606,1575.81005859375,-0.10006703831331787,0.0019699983423069334,0.41885259253955226,0.3016607667784931,1469.2758178710938,1432.1202435302735
2026-03-11,1425.0,1454.9000244140625,1405.699951171875,1410.800048828125,1404.8792724609375,2212011,1404.8792724609375,0.34001030905148455,1575.81005859375,-0.1084716937810074,-0.00933920172446756,0.4032667187193665,0.3020352750776747,1468.4074780273438,1432.2305584716796
2026-03-12,1402.5,1418.5999755859375,1375.300048828125,1391.5,1385.66015625,2699173,1385.66015625,0.2566459383091133,1575.81005859375,-0.12066803439079421,-0.013680261775996794,0.40397580267047,0.3028004096273228,1467.0193286132812,1432.2209954833984
2026-03-13,1388.699951171875,1390.0,1354.0,1363.199951171875,1357.4788818359375,2688559,1357.4788818359375,0.20562593860325862,1575.81005859375,-0.1385517090509315,-0.02033779659965773,0.4009191900469697,0.3045712759556239,1464.8962744140624,1432.0507055664064
2026-03-16,1356.5999755859375,1383.0999755859375,1347.0,1373.9000244140625,1368.134033203125,3322087,1368.134033203125,0.2062771702191526,1575.81005859375,-0.13179001127582257,0.00784922072067662,0.401690239443238,0.3048887134319596,1462.7612719726562,1431.8999981689453
2026-03-17,1379.0,1379.0,1351.199951171875,1365.5,1359.769287109375,2605905,1359.769287109375,0.20058041405427174,1575.81005859375,-0.13709823103754615,-0.006113981445345806,0.40068228366510056,0.30493072590746734,1460.2916796875,1431.5707116699218
2026-03-18,1367.0999755859375,1411.0999755859375,1367.0999755859375,1401.9000244140625,1396.0166015625,1956685,1396.0166015625,0.24116343362233694,1575.81005859375,-0.11409589375999885,0.026656959233268385,0.3047386078849082,0.30796592886862817,1458.4773266601562,1431.4514001464843
2026-03-19,1377.0,1379.5999755859375,1350.5,1356.0,1350.3092041015625,2160622,1350.3092041015625,0.20765496174538844,1575.81005859375,-0.1431015453051645,-0.03274129935831649,0.30563576967012507,0.3127350180578242,1456.1431640625,1430.9291387939454
2026-03-20,1364.9000244140625,1393.5,1358.0,1365.4000244140625,1359.6697998046875,4213342,1359.6697998046875,0.22591407430756827,1575.81005859375,-0.1371613651089051,0.006932186846310584,0.3069936010111209,0.3109887145581876,1454.1535498046876,1430.630570678711
2026-03-23,1350.0,1350.0,1293.5,1303.5999755859375,1298.1290283203125,3361416,1298.1290283203125,0.15195192560275794,1575.81005859375,-0.1762147847445774,-0.04526155651410002,0.3283966167517179,0.3174003408386416,1450.9351123046874,1430.0049743652344
2026-03-24,1343.0,1361.0,1313.5999755859375,1344.199951171875,1338.5587158203125,3132212,1338.5587158203125,0.18782898816826044,1575.81005859375,-0.15055833758616832,0.031144583179310903,0.3435014081378963,0.32196427962764973,1449.10880859375,1429.4799517822266
2026-03-25,1359.699951171875,1392.699951171875,1354.800048828125,1375.9000244140625,1370.125732421875,1856531,1370.125732421875,0.1781797928520077,1575.81005859375,-0.13052609040675078,0.02358284043013925,0.35319269439904677,0.32415288578246176,1447.7624829101562,1429.0384399414063
2026-03-27,1375.0,1375.0,1330.0999755859375,1337.800048828125,1332.1856689453125,2667313,1332.1856689453125,0.14171208086803588,1575.81005859375,-0.15460263647882,-0.02769093564099301,0.359733437766977,0.32722883117347895,1445.9541064453124,1428.4300207519532
2026-03-30,1325.0,1337.300048828125,1307.0999755859375,1312.5999755859375,1307.09130859375,2856500,1307.09130859375,0.1095104191081675,1575.81005859375,-0.17052737322910871,-0.018836984165600312,0.36204114682716726,0.328353216933381,1443.6159594726562,1427.6629315185546
2026-04-01,1351.199951171875,1405.4000244140625,1348.699951171875,1385.4000244140625,1379.5858154296875,3684039,1379.5858154296875,0.1593438777281324,1575.81005859375,-0.12452277613913232,0.05546246567420887,0.40060371295178016,0.34160266441694653,1442.7277026367187,1427.344530029297
2026-04-02,1354.4000244140625,1384.199951171875,1332.5999755859375,1377.5999755859375,1371.8184814453125,3210456,1371.8184814453125,0.17070685025692045,1575.81005859375,-0.12945188161222887,-0.005630192698056868,0.3975376467805508,0.341593786641156,1441.845419921875,1427.0398138427734
2026-04-06,1379.800048828125,1391.800048828125,1348.0999755859375,1387.0999755859375,1381.2786865234375,2519628,1381.2786865234375,0.1796280900194165,1575.81005859375,-0.1234484898794922,0.006896105575249223,0.39408852024553287,0.34162143222089375,1441.5287548828126,1426.9506896972657
2026-04-07,1375.0,1390.0,1368.4000244140625,1381.0,1375.2042236328125,1812944,1375.2042236328125,0.159572800404308,1575.81005859375,-0.1273033090929485,-0.004397709853841247,0.39366481916581414,0.34159314140749314,1441.7956298828126,1426.8531005859375
2026-04-08,1464.9000244140625,1505.699951171875,1449.0,1453.300048828125,1447.200927734375,7636467,1447.200927734375,0.23451605452856272,1575.81005859375,-0.08161461475512188,0.052353463481498164,0.42041617804548537,0.35288645771672067,1443.2833618164063,1427.156820678711
2026-04-09,1437.0,1456.199951171875,1415.199951171875,1447.4000244140625,1441.32568359375,3159307,1441.32568359375,0.238086370159444,1575.81005859375,-0.0853430108956238,-0.004059729390736955,0.4205090549204224,0.3520309462688766,1443.9445776367188,1427.5292517089845
2026-04-10,1442.0,1478.0999755859375,1438.300048828125,1475.300048828125,1469.1085205078125,4026881,1469.1085205078125,0.24010009056332993,1575.81005859375,-0.06771218238139554,0.01927589109824912,0.4151747451631584,0.35352177054607803,1447.2685693359374,1428.2128704833985
2026-04-13,1426.800048828125,1477.9000244140625,1421.0,1465.300048828125,1459.1505126953125,3629785,1459.1505126953125,0.22712640478015622,1575.81005859375,-0.07403147686628186,-0.006778265644431736,0.41544324683039935,0.35359161871382155,1449.2880590820312,1428.7904364013673
2026-04-15,1484.300048828125,1515.0,1480.9000244140625,1511.800048828125,1505.455322265625,4415637,1505.455322265625,0.32290266707871873,1575.81005859375,-0.044646711032489184,0.031734087174310144,0.42367471732549705,0.35728524373235054,1451.87515625,1429.5721417236327
2026-04-16,1524.9000244140625,1555.800048828125,1510.0,1549.800048828125,1543.2958984375,7476052,1543.2958984375,0.402187903258453,1575.81005859375,-0.020633299031779018,0.025135635453416905,0.4279935644973576,0.35944400074605193,1454.5040771484375,1430.3702783203125
2026-04-17,1559.0,1578.5,1549.199951171875,1573.4000244140625,1566.796875,6024587,1566.796875,0.3974940224989221,1575.81005859375,-0.005719714469771375,0.015227783982510124,0.42601399572595006,0.35950146969120444,1457.5631860351561,1431.2679956054687
2026-04-20,1572.4000244140625,1600.5,1566.0999755859375,1578.4000244140625,1571.77587890625,2998603,1571.77587890625,0.4013776308097883,1575.81005859375,-0.0025600672273281555,0.0031778234854151766,0.4130351046779874,0.35944467794208984,1461.05447265625,1432.0103668212892
2026-04-21,1578.5,1611.9000244140625,1578.4000244140625,1594.0999755859375,1587.409912109375,4276868,1587.409912109375,0.37551451973257355,1587.409912109375,0.0,0.009946731854673985,0.40537258394453457,0.35976132226827656,1462.3151586914062,1432.7766375732422
2026-04-22,1588.9000244140625,1603.4000244140625,1582.0,1588.5999755859375,1581.9329833984375,1918773,1581.9329833984375,0.3184082487022384,1587.409912109375,-0.0034502296282500344,-0.0034502296282500344,0.3862677261074499,0.3582454800451825,1462.7274194335937,1433.465733642578
2026-04-23,1575.0,1611.0,1566.199951171875,1602.9000244140625,1596.1729736328125,2406876,1596.1729736328125,0.3064306685043763,1596.1729736328125,0.0,0.009001639376519988,0.3834096691454264,0.3580812211129098,1463.3786743164062,1434.2419622802734
2026-04-24,1612.0,1618.800048828125,1556.5,1585.0999755859375,1578.4476318359375,2290223,1578.4476318359375,0.2647384586372843,1596.1729736328125,-0.011104900339549695,-0.011104900339549695,0.36590703292616805,0.3586541731057686,1464.0637866210936,1434.9449987792968
2026-04-27,1600.0,1649.9000244140625,1593.0,1628.5,1621.66552734375,3787783,1621.66552734375,0.31640499625482055,1621.66552734375,0.0,0.027379999587027415,0.37210264423660805,0.36135539029251285,1465.3941796875,1435.9278564453125
2026-04-28,1628.4000244140625,1648.0,1624.5,1637.5999755859375,1630.7274169921875,2500914,1630.7274169921875,0.3343880446736527,1630.7274169921875,0.0,0.005588013986633111,0.36970045420036984,0.36092488479970286,1467.0452221679689,1436.9893829345704
2026-04-29,1645.0,1672.0,1644.9000244140625,1661.0999755859375,1654.1287841796875,2345365,1654.1287841796875,0.34709196099438455,1654.1287841796875,0.0,0.014350262921722923,0.36614254654660444,0.36136179890533776,1469.1901831054688,1438.1121514892577
2026-04-30,1650.0,1677.0,1596.800048828125,1657.300048828125,1650.3447265625,6313698,1650.3447265625,0.34694516395876995,1654.1287841796875,-0.002287643896520475,-0.002287643896520475,0.3584406061089988,0.360995407596024,1471.4526489257812,1439.1517700195313
2026-05-01,1657.300048828125,1657.300048828125,1657.300048828125,1657.300048828125,1650.3447265625,0,1650.3447265625,0.39594557395506125,1654.1287841796875,-0.002287643896520475,0.0,0.35895831943790424,0.36061954696908166,1474.207041015625,1440.2187731933593
2026-05-04,1702.0,1748.5999755859375,1687.300048828125,1742.5999755859375,1735.2867431640625,7171346,1735.2867431640625,0.4472916126643969,1735.2867431640625,0.0,0.05146925683732029,0.37955772205754734,0.3701291438005751,1478.2400439453124,1441.709989013672
2026-05-05,1749.800048828125,1757.4000244140625,1718.699951171875,1725.0,1717.7606201171875,4357699,1717.7606201171875,0.4250184761626614,1735.2867431640625,-0.010099842643250145,-0.010099842643250145,0.3791743899437118,0.37067224290720613,1481.40072265625,1443.1703350830078
2026-05-06,1750.0,1762.4000244140625,1718.5999755859375,1748.300048828125,1740.962890625,3001204,1740.962890625,0.44414799279483774,1740.962890625,0.0,0.01350727815976449,0.36003905977125694,0.3710350101100512,1485.3341455078125,1444.740219116211
2026-05-07,1748.300048828125,1755.9000244140625,1708.0,1732.800048828125,1725.5279541015625,3280485,1725.5279541015625,0.3785373749683294,1740.962890625,-0.008865746999292101,-0.008865746999292101,0.36362655115416936,0.3709360036759724,1489.70572265625,1446.1726824951172
2026-05-08,1740.4000244140625,1792.0,1727.699951171875,1760.4000244140625,1753.0120849609375,4984856,1753.0120849609375,0.3131650957737915,1753.0120849609375,0.0,0.015927954568365932,0.3267953163400448,0.37166606329104296,1494.66283203125,1447.684810180664
2026-05-11,1757.0999755859375,1785.5999755859375,1733.0999755859375,1767.300048828125,1759.883056640625,4111229,1759.883056640625,0.3445624536776637,1759.883056640625,0.0,0.003919523281461279,0.32115761066418236,0.3714936548979188,1498.875078125,1449.2522045898438
2026-05-12,1752.0,1765.9000244140625,1683.199951171875,1688.199951171875,1681.114990234375,3441070,1681.114990234375,0.26768292200226185,1759.883056640625,-0.04475755710530416,-0.04475755710530416,0.35422940154640775,0.3775929421526679,1501.5199291992187,1450.4725616455078
2026-05-13,1688.199951171875,1752.300048828125,1688.0,1737.800048828125,1730.5069580078125,3018421,1730.5069580078125,0.30992034851095496,1759.883056640625,-0.016692074238664145,0.02938048144258798,0.3440214063265108,0.3803533871552553,1505.6843823242189,1451.9030334472657
2026-05-14,1761.0,1782.5,1745.4000244140625,1773.4000244140625,1765.95751953125,3051398,1765.95751953125,0.3641796387377454,1765.95751953125,0.0,0.020485650958750767,0.33515334387465245,0.3815356368820971,1510.1216821289063,1453.6591326904297
2026-05-15,1796.800048828125,1823.9000244140625,1766.199951171875,1795.0999755859375,1787.56640625,5622212,1787.56640625,0.32430324325218884,1787.56640625,0.0,0.012236357035635637,0.30674090448473257,0.38179088691749624,1515.5806762695313,1455.5227783203125
2026-05-18,1785.5,1793.0,1745.0,1787.699951171875,1780.1973876953125,2562978,1780.1973876953125,0.3120051712341554,1787.56640625,-0.00412237471510013,-0.00412237471510013,0.30615286159502386,0.3819066363851987,1521.9020336914064,1457.3953863525392
2026-05-19,1790.800048828125,1805.0,1758.800048828125,1762.800048828125,1755.4019775390625,2274987,1755.4019775390625,0.29127882215174083,1787.56640625,-0.017993417530380196,-0.013928461151350602,0.3132066837585555,0.3828724670468838,1528.442470703125,1459.2201959228516
2026-05-20,1749.0,1777.800048828125,1744.300048828125,1772.5999755859375,1765.1607666015625,1283223,1765.1607666015625,0.26669329664703145,1787.56640625,-0.012534157931195722,0.005559290229455671,0.3110463345302265,0.38202401108432166,1533.8855297851562,1461.1948736572265
2026-05-21,1781.4000244140625,1800.800048828125,1776.800048828125,1793.300048828125,1785.7740478515625,1628329,1785.7740478515625,0.2803927688437249,1787.56640625,-0.0010026807351999345,0.011677849202192725,0.2822682571743698,0.38211503484511516,1540.1750244140626,1463.17353515625
2026-05-22,1793.300048828125,1802.300048828125,1780.5,1786.9000244140625,1779.40087890625,1487044,1779.40087890625,0.28412617352678793,1787.56640625,-0.004567957484096996,-0.0035688551712239613,0.2821018792046963,0.38222735311559203,1547.456337890625,1465.1297912597656
2026-05-25,1809.0,1813.300048828125,1793.0,1802.9000244140625,1795.333740234375,1516143,1795.333740234375,0.30844402231459966,1795.333740234375,0.0,0.008954059491034227,0.2798397109644809,0.3804700360253209,1555.0005444335939,1467.2697729492188
2026-05-26,1805.0,1820.5,1800.0,1811.199951171875,1803.5987548828125,2104926,1803.5987548828125,0.31446758705286326,1803.5987548828125,0.0,0.004603609046727186,0.27695012688565496,0.3804590707908584,1562.9749340820313,1469.5805340576171
2026-05-27,1810.0,1842.800048828125,1809.9000244140625,1824.5,1816.843017578125,2102406,1816.843017578125,0.3368648140210593,1816.843017578125,0.0,0.007343242314542975,0.267046754501656,0.3798809123724576,1571.5985913085938,1471.7493933105468
2026-05-28,1824.5,1824.5,1824.5,1824.5,1816.843017578125,0,1816.843017578125,0.3138715810364572,1816.843017578125,0.0,0.0,0.26162304281836335,0.3798992283171427,1580.7858740234376,1474.0716064453125
2026-05-29,1836.4000244140625,1840.699951171875,1796.4000244140625,1804.5999755859373,1797.0264892578125,3554087,1797.0264892578125,0.2950863183201613,1816.843017578125,-0.010907121929955244,-0.010907121929955244,0.2642050300479592,0.38058026314449045,1589.3637231445311,1476.2499261474609
2026-06-01,1809.0999755859373,1814.9000244140625,1777.0,1783.5,1776.0150146484375,1224826,1776.0150146484375,0.27629749453264063,1816.843017578125,-0.02247194861343149,-0.011692356643030255,0.26843750173810166,0.3810963657073031,1597.6886376953125,1478.4312329101563
2026-06-02,1745.199951171875,1817.800048828125,1745.199951171875,1814.5,1806.885009765625,2256569,1806.885009765625,0.2922238810309119,1816.843017578125,-0.005480940134153234,0.0173816070599484,0.27067179863175606,0.3808844597436905,1605.906005859375,1480.868461303711
2026-06-03,1829.4000244140625,1840.0,1781.9000244140625,1803.800048828125,1796.22998046875,2967709,1796.22998046875,0.2599582506081781,1816.843017578125,-0.011345524577490718,-0.005896905026765986,0.27138555309257,0.37817024687336515,1614.8244213867188,1483.1807165527343
2026-06-04,1794.300048828125,1826.4000244140625,1786.199951171875,1790.9000244140625,1783.384033203125,1369988,1783.384033203125,0.2560113579778205,1816.843017578125,-0.018416001851167763,-0.00715161611002213,0.273030627463638,0.3784919965556731,1623.2987060546875,1485.4730554199218
2026-06-05,1801.5,1827.9000244140625,1796.699951171875,1824.199951171875,1816.544189453125,1640762,1816.544189453125,0.24868868275529077,1816.843017578125,-0.00016447657948914784,0.018593951517240637,0.27246623212502485,0.37745989578883554,1633.6670092773438,1487.9854669189453
2026-06-08,1805.5999755859373,1832.800048828125,1791.5999755859375,1805.0,1797.4248046875,2574439,1797.4248046875,0.26634197338760424,1816.843017578125,-0.010687887012114983,-0.010525141571910201,0.2673121034039266,0.3545134411605328,1642.8443310546875,1490.4983758544922
2026-06-09,1828.0,1832.5999755859373,1792.4000244140625,1826.4000244140625,1818.735107421875,1776339,1818.735107421875,0.2778761927225164,1818.735107421875,0.0,0.01185601905503919,0.2683381019156341,0.34873440349977414,1651.8165185546875,1492.9839013671874
2026-06-10,1826.0,1857.800048828125,1812.199951171875,1821.199951171875,1813.5567626953125,2933100,1813.5567626953125,0.25630573151457803,1818.735107421875,-0.0028472231637420853,-0.0028472231637420853,0.26707835509783795,0.3485025620006767,1661.4439404296875,1495.2334204101562
2026-06-11,1814.5999755859373,1820.4000244140625,1781.699951171875,1787.0999755859375,1779.5999755859375,2229041,1779.5999755859375,0.22021783238472037,1818.735107421875,-0.02151777445557368,-0.01872386230630485,0.27417144899145,0.34829586869995033,1670.8941137695313,1497.307180786133
2026-06-12,1804.0,1818.0,1777.9000244140625,1812.9000244140625,1812.9000244140625,2325897,1812.9000244140625,0.24694824115231961,1818.735107421875,-0.003208319333585563,0.0187120978225237,0.2779317220570642,0.3493007923751524,1679.5603979492187,1499.591256713867
2026-06-15,1839.0,1840.300048828125,1798.9000244140625,1804.800048828125,1804.800048828125,1421741,1804.800048828125,0.23573347165374603,1818.735107421875,-0.007661950625401093,-0.004467965953365516,0.2380885079293006,0.34864042101648207,1688.220029296875,1501.9374005126954
2026-06-16,1804.800048828125,1828.0,1797.0999755859375,1822.0,1822.0,2215994,1822.0,0.2624144523546683,1822.0,0.0,0.00953011453154784,0.236628575609121,0.3155429095595085,1697.0344555664062,1504.3735272216798
2026-06-17,1824.0,1833.0,1806.300048828125,1828.5999755859373,1828.5999755859373,2697924,1828.5999755859373,0.27627640497073225,1828.5999755859373,0.0,0.0036223795751577637,0.23420006008421182,0.313340471267823,1706.1023706054686,1506.96712890625
2026-06-18,1833.0,1849.5,1820.0,1842.0999755859373,1842.0999755859373,1643528,1842.0999755859373,0.3166287948058255,1842.0999755859373,0.0,0.0073826972439252625,0.23253221648853667,0.3134710336305422,1714.0003515625,1509.6282305908203
2026-06-19,1842.0999755859373,1849.0,1830.0,1835.300048828125,1835.300048828125,4382841,1835.300048828125,0.3158894664534255,1842.0999755859373,-0.0036913994071626766,-0.0036913994071626766,0.22946244560610973,0.31267236862442993,1721.8798388671876,1512.2682781982421
2026-06-22,1835.300048828125,1836.800048828125,1808.0999755859373,1827.199951171875,1827.199951171875,1524494,1827.199951171875,0.31789162654392045,1842.0999755859373,-0.00808860789942889,-0.004413500485341393,0.2300108922368756,0.3127461147867739,1729.0416674804687,1514.7557971191407
2026-06-23,1832.5999755859373,1842.0,1779.0999755859375,1784.0,1784.0,3309685,1784.0,0.30520081495745033,1842.0999755859373,-0.031540077279169854,-0.023642705957915955,0.1993208728578209,0.31549909797292247,1735.5386572265625,1517.0228356933594
2026-06-24,1786.0,1818.0,1775.0,1813.300048828125,1813.300048828125,2141905,1813.300048828125,0.3609432467336382,1842.0999755859373,-0.015634290830849995,0.016423794186168683,0.187046882811579,0.31641584653178756,1741.6955517578126,1519.4552947998047
2026-06-25,1813.300048828125,1831.4000244140625,1790.9000244140625,1796.0,1796.0,1850390,1796.0,0.33667021680687803,1842.0999755859373,-0.025025772866249407,-0.009540643226312984,0.18088173050280099,0.31670587320767546,1746.7496337890625,1521.8221655273437
2026-06-26,1796.0,1796.0,1796.0,1796.0,1796.0,0,1796.0,0.3312438065194685,1842.0999755859373,-0.025025772866249407,0.0,0.17750127795337936,0.3152699281242635,1751.3336962890626,1524.2209014892578
2026-06-29,1809.5,1809.5,1770.5,1776.0999755859375,1776.0999755859375,1693498,1776.0999755859375,0.2836166134083833,1842.0999755859373,-0.035828674271061955,-0.011080191767295355,0.1801058763176122,0.31539547990717404,1755.4201782226562,1526.388193359375
2026-06-30,1786.9000244140625,1816.300048828125,1782.5999755859375,1810.199951171875,1810.199951171875,2230098,1810.199951171875,0.3048805126192542,1842.0999755859373,-0.017317205817732773,0.019199355922905115,0.18342836191797005,0.3157147658482415,1759.8759790039062,1528.5636694335938
2026-07-01,1829.5,1881.699951171875,1815.4000244140625,1848.199951171875,1848.199951171875,4123193,1848.199951171875,0.29853005488054696,1848.199951171875,0.0,0.020992156129161277,0.19195161923723514,0.316689944403668,1765.201318359375,1530.8883178710937
2026-07-02,1858.5,1888.0,1845.5,1883.199951171875,1883.199951171875,3089068,1883.199951171875,0.31310698700883943,1883.199951171875,0.0,0.018937344943553258,0.1963646084769597,0.3147349816474297,1770.9418579101562,1533.3680505371094
2026-07-03,1885.0,1891.0999755859373,1865.0,1874.199951171875,1874.199951171875,1645113,1874.199951171875,0.297820151510797,1883.199951171875,-0.00477909952918143,-0.00477909952918143,0.19668568003236583,0.31491698125340123,1776.856904296875,1535.802783203125
2026-07-06,1872.800048828125,1883.5,1859.300048828125,1864.4000244140625,1864.4000244140625,1042695,1864.4000244140625,0.29388907695951816,1883.199951171875,-0.009982969012989673,-0.005228858720055407,0.19650185670684464,0.31192208049608716,1781.7115942382814,1538.1780603027344
2026-07-07,1872.0,1880.5,1828.699951171875,1833.9000244140625,1833.9000244140625,1818238,1833.9000244140625,0.275454571387141,1883.199951171875,-0.02617880630632674,-0.01635915018268974,0.20276268732509356,0.3134484272418836,1785.7750463867187,1540.336110229492
2026-07-08,1824.9000244140625,1850.4000244140625,1783.199951171875,1791.699951171875,1791.699951171875,1413919,1791.699951171875,0.25725036982723704,1883.199951171875,-0.0485875118800112,-0.02301110893745184,0.21286873975261503,0.3146145310766931,1788.5264697265625,1542.2936157226563
2026-07-09,1795.300048828125,1821.0,1795.300048828125,1800.0999755859375,1800.0999755859375,1106782,1800.0999755859375,0.2690862270792551,1883.199951171875,-0.04412700602197139,0.004688298623086062,0.21337408085745443,0.3139585411498617,1791.5215747070313,1544.259761352539
2026-07-10,1800.0999755859375,1852.9000244140625,1800.0999755859375,1828.0999755859373,1828.0999755859373,1489787,1828.0999755859373,0.27877158031296667,1883.199951171875,-0.02925869637562928,0.015554691616995076,0.21562960957357305,0.3127507135941596,1795.0766796875,1546.291221923828
2026-07-13,1811.0,1825.9000244140625,1807.0999755859373,1810.300048828125,1810.300048828125,1156618,1810.300048828125,0.25504275318367076,1883.199951171875,-0.038710654329820904,-0.009736845356122847,0.21472872252962097,0.3075918460146872,1796.5769458007812,1548.152026977539
2026-07-14,1819.300048828125,1840.9000244140625,1808.5999755859373,1821.9000244140625,1821.9000244140625,1636778,1821.9000244140625,0.26789903296502393,1883.199951171875,-0.03255093901190198,0.006407764057370757,0.209626964446022,0.30424774030998775,1798.6597338867186,1550.0837774658203
2026-07-15,1826.0,1838.0,1817.199951171875,1829.0999755859373,1829.0999755859373,917984,1829.0999755859373,0.272821508119808,1883.199951171875,-0.028727685316831342,0.003951891473403135,0.20901498447586417,0.2956961346038611,1800.4224755859375,1552.1013177490233
2026-07-16,1828.5,1859.699951171875,1817.5,1826.4000244140625,1826.4000244140625,1952268,1826.4000244140625,0.28106265942785447,1883.199951171875,-0.030161389247311265,-0.001476109129032066,0.20780886480127342,0.2943784473203964,1802.4399169921876,1554.2268463134765
2026-07-17,1825.5999755859373,1841.5,1817.0999755859373,1837.4000244140625,1837.4000244140625,962152,1837.4000244140625,0.28760892978279484,1883.199951171875,-0.024320267600533962,0.006022776967235854,0.20159707296517557,0.28628886636046824,1804.12767578125,1556.4830560302735
2026-07-20,1836.0999755859373,1853.699951171875,1828.0,1844.0,1844.0,754950,1844.0,0.28141403326287806,1883.199951171875,-0.020815607576604722,0.0035920188844245082,0.19904932062885264,0.28628418164359165,1805.8100146484376,1558.8160809326173
2026-07-21,1840.0,1857.4000244140625,1833.0,1846.5,1846.5,1372166,1846.5,0.2729333542592256,1883.199951171875,-0.01948807992960988,0.0013557483731019282,0.19634857937270928,0.28552865645832687,1809.11771484375,1561.060531616211
2026-07-22,1837.0999755859373,1847.199951171875,1811.9000244140625,1819.4000244140625,1819.4000244140625,1436881,1819.4000244140625,0.2578780233814948,1883.199951171875,-0.03387846665889682,-0.014676401617079615,0.20107853149302599,0.2857002268468748,1810.895576171875,1563.0738854980468
2026-07-23,1818.300048828125,1825.5,1769.0,1778.5,1778.5,2592430,1778.5,0.23761034520046742,1883.199951171875,-0.05559683192786957,-0.022479951558335487,0.2044148032187944,0.2862217292495714,1811.14642578125,1564.9006634521484
2026-07-24,1764.9000244140625,1784.9000244140625,1755.199951171875,1768.300048828125,1768.300048828125,1685770,1768.300048828125,0.22423471776514914,1883.199951171875,-0.06101311879933424,-0.005735142632485202,0.19718223626841946,0.28649486832366233,1810.7610986328125,1566.769051513672
2026-07-27,1784.0,1785.0,1752.0999755859375,1770.4000244140625,1770.4000244140625,2266975,1770.4000244140625,0.25139809367609445,1883.199951171875,-0.05989800853999572,0.0011875674534584935,0.1969380370112586,0.28609634051661503,1810.5651513671876,1568.652918701172
2026-07-28,1770.4000244140625,1783.0,1758.9000244140625,1774.699951171875,1774.699951171875,1776549,1774.699951171875,0.25434915796740176,1883.199951171875,-0.057614699879576126,0.0024287882391074156,0.19483859068177345,0.28330573405293485,1810.9511108398438,1570.5841760253907
2026-07-29,1785.0,1792.0,1705.0999755859375,1719.699951171875,1719.699951171875,5088460,1719.699951171875,0.223397296951811,1883.199951171875,-0.08682030811346264,-0.0309911542870569,0.21298751854843065,0.28269807278405407,1810.04189453125,1572.2339611816406
2026-07-30,1726.699951171875,1727.699951171875,1658.4000244140625,1664.0999755859375,1664.0999755859375,5395211,1664.0999755859375,0.19681532436941884,1883.199951171875,-0.11634451001849078,-0.03233120728302019,0.22839808085844535,0.2886629048398315,1807.6084130859374,1573.5370355224609
2026-07-31,1674.0,1708.0999755859375,1650.0,1696.5,1696.5,4703646,1696.5,0.23811762882203258,1883.199951171875,-0.09913973874930038,0.01946999873168931,0.23771134967419205,0.27853858921861757,1805.9503955078126,1574.8607055664063
2026-08-03,1713.4000244140625,1715.9000244140625,1692.800048828125,1701.0,1701.0,1664693,1701.0,0.22370425376795144,1883.199951171875,-0.09675018898470966,0.0026525198938991412,0.23810125645396857,0.27447509890948174,1804.063720703125,1576.2506915283202
2026-08-04,1703.0999755859375,1713.9000244140625,1690.0,1706.699951171875,1706.699951171875,1099071,1706.699951171875,0.22947834989283056,1883.199951171875,-0.09372345187783582,0.00335094131209579,0.2297562899402391,0.27221875421412833,1802.1257446289062,1577.5611328125
2026-08-05,1708.199951171875,1710.699951171875,1688.0999755859375,1700.0,1700.0,2333361,1700.0,0.24329225331365456,1883.199951171875,-0.0972812000435076,-0.003925676078724072,0.2235445201763463,0.2675994885150975,1799.7888842773436,1578.6946783447265
2026-08-06,1704.0,1706.0,1685.800048828125,1695.0,1695.0,1254956,1695.0,0.2635613556305185,1883.199951171875,-0.09993625533749728,-0.002941176470588225,0.2224389631883185,0.2652632671517939,1797.3520239257812,1579.803721923828
2026-08-07,1695.0,1702.300048828125,1676.699951171875,1693.5,1693.5,2387389,1693.5,0.224448922381133,1883.199951171875,-0.10073277192569419,-0.0008849557522123686,0.222390410435459,0.250047102781406,1795.281494140625,1580.9670050048828
2026-08-10,1690.0,1690.0,1673.0999755859375,1681.0,1681.0,2177216,1681.0,0.24297509203109624,1883.199951171875,-0.1073704101606684,-0.007381163271331537,0.22131378766329493,0.25022347719916954,1793.3811938476563,1582.0354248046874
2026-08-11,1700.0,1703.4000244140625,1661.800048828125,1668.199951171875,1668.199951171875,2263466,1668.199951171875,0.22538992468088592,1883.199951171875,-0.11416737764155638,-0.007614544216612118,0.21274918785815583,0.2506601580163778,1790.6074926757813,1583.141416015625
2026-08-12,1669.800048828125,1672.699951171875,1640.4000244140625,1665.0,1665.0,1494540,1665.0,0.24276577634319807,1883.199951171875,-0.11586658710143538,-0.0019182060097934217,0.20066117003888118,0.25050904331195223,1787.9828930664062,1584.3514019775391
2026-08-13,1665.0,1669.9000244140625,1641.0999755859375,1658.0,1658.0,1992956,1658.0,0.25659434350398325,1883.199951171875,-0.11958366451302094,-0.004204204204204198,0.18915966555258262,0.23593210644891388,1785.4752124023437,1585.5682116699218
2026-08-14,1658.0,1700.0,1657.199951171875,1700.0,1700.0,1978204,1700.0,0.2745740399075003,1883.199951171875,-0.0972812000435076,0.02533172496984326,0.2075501308844737,0.23903396554300893,1783.1443286132812,1587.0084643554687
2026-08-17,1700.0,1704.0,1678.0999755859375,1691.0,1691.0,1594217,1691.0,0.2763070779274266,1883.199951171875,-0.10206029957268903,-0.0052941176470587825,0.20755586040192506,0.237521660940984,1781.0158325195312,1588.2199914550781
2026-08-18,1691.5999755859375,1693.699951171875,1667.0,1682.4000244140625,1682.4000244140625,1298165,1682.4000244140625,0.28030501277544073,1883.199951171875,-0.10662698171421414,-0.0050857336404124265,0.20386771235037837,0.23736794633749314,1778.289130859375,1589.3730834960938
2026-08-19,1684.0,1684.0,1667.0,1681.9000244140625,1681.9000244140625,1217074,1681.9000244140625,0.29892195546599076,1883.199951171875,-0.10689248724361311,-0.00029719447975762314,0.1947135563942693,0.23187768924778368,1775.65599609375,1590.5555413818358
2026-08-20,1690.0,1698.5,1680.4000244140625,1696.0,1696.0,1661649,1696.0,0.28326384368852353,1883.199951171875,-0.09940524427869935,0.00838336130641859,0.19611134810293676,0.22868188302662587,1773.9839965820313,1591.8423571777344
2026-08-21,1697.199951171875,1702.0,1684.9000244140625,1700.0,1700.0,1113535,1700.0,0.24665149947923415,1883.199951171875,-0.0972812000435076,0.002358490566037652,0.1895183085618708,0.22744951513063724,1771.72599609375,1593.1506658935548
2026-08-24,1700.0,1700.0,1672.0999755859375,1672.0999755859375,1672.0999755859375,1061245,1672.0999755859375,0.22511817991394922,1883.199951171875,-0.11209642154810728,-0.016411779067095567,0.19273931147682916,0.22927522525001148,1769.0719946289062,1594.3573150634766
2026-08-25,1674.0,1702.699951171875,1671.0,1702.699951171875,1702.699951171875,1300541,1702.699951171875,0.25559987278836793,1883.199951171875,-0.09584749611302756,0.018300326555064084,0.2004804841273311,0.23064182120996382,1766.6859936523438,1595.6597052001953
2026-08-26,1711.9000244140625,1719.699951171875,1690.5,1691.5,1691.5,1937255,1691.5,0.26649922310574903,1883.199951171875,-0.10179479404329006,-0.006577759730460264,0.20000619087986976,0.23086748100056265,1763.943994140625,1596.923024291992
2026-08-27,1703.0,1719.0,1691.199951171875,1714.0,1714.0,2044450,1714.0,0.28411188320535574,1883.199951171875,-0.08984704522033649,0.013301803133313639,0.2051991046467098,0.23140895099949338,1761.3819946289063,1598.151962890625
2026-08-28,1712.0,1723.9000244140625,1699.199951171875,1707.5,1707.5,3267967,1707.5,0.3035548836618942,1883.199951171875,-0.09329861710252307,-0.0037922987164527022,0.20381758014331725,0.23065740639642843,1758.8259936523436,1599.1865832519532
