Date,Open,High,Low,Close,Adj Close,Volume,Price,rolling_1y_return,running_max,drawdown,daily_return,rolling_volatility_30d,rolling_volatility_90d,sma50,sma200
2023-08-28,439.2000122070313,444.5,432.1000061035156,438.8500061035156,433.7861328125,3347943,433.7861328125,,433.7861328125,0.0,,,,,
2023-08-29,440.0,447.5,436.4500122070313,441.2000122070313,436.1090393066406,4051913,436.1090393066406,,436.1090393066406,0.0,0.005354957935330473,,,,
2023-08-30,444.7000122070313,445.5,440.2000122070313,444.0499877929688,438.9261474609375,2230876,438.9261474609375,,438.9261474609375,0.0,0.00645964174183522,,,,
2023-08-31,439.8500061035156,442.3500061035156,425.1000061035156,428.3999938964844,423.4567260742188,12006942,423.4567260742188,,438.9261474609375,-0.035243790957100396,-0.035243790957100396,,,,
2023-09-01,427.5499877929688,437.3999938964844,425.5,433.8999938964844,428.8932800292969,3846763,428.8932800292969,,438.9261474609375,-0.022857757483070618,0.012838511281847431,,,,
2023-09-04,435.3500061035156,443.9500122070313,435.1499938964844,441.1499938964844,436.0596008300781,4347480,436.0596008300781,,438.9261474609375,-0.00653081764994301,0.016708867064300303,,,,
2023-09-05,441.2999877929688,444.4500122070313,437.5,440.2000122070313,435.12060546875,2261743,435.12060546875,,438.9261474609375,-0.008670119140091082,-0.0021533647224843966,,,,
2023-09-06,441.0,442.0,433.5,437.75,432.6988525390625,2410656,432.6988525390625,,438.9261474609375,-0.014187568815159701,-0.005565705000521781,,,,
2023-09-07,437.9500122070313,440.6000061035156,435.2000122070313,439.4500122070313,434.3792419433594,2211370,434.3792419433594,,438.9261474609375,-0.010359158468641438,0.0038835078818360014,,,,
2023-09-08,440.0499877929688,441.2000122070313,436.8999938964844,439.2000122070313,434.1321411132813,1913450,434.1321411132813,,438.9261474609375,-0.010922125226278112,-0.0005688596650534894,,,,
2023-09-11,439.25,453.3999938964844,439.25,450.8999938964844,445.6971130371094,5287778,445.6971130371094,,445.6971130371094,0.0,0.026639289812016687,,,,
2023-09-12,453.8999938964844,453.8999938964844,436.6499938964844,445.0,439.8652038574219,5467782,439.8652038574219,,445.6971130371094,-0.013084915762516802,-0.013084915762516802,,,,
2023-09-13,447.0,449.9500122070313,440.3500061035156,443.8999938964844,438.7778625488281,2583760,438.7778625488281,,445.6971130371094,-0.0155245575658578,-0.0024719875522278834,,,,
2023-09-14,444.7999877929688,446.3999938964844,441.7000122070313,445.2000122070313,440.0628967285156,2000637,440.0628967285156,,445.6971130371094,-0.012641356974920859,0.0029286668480101863,,,,
2023-09-15,445.0,448.1000061035156,442.5,445.0499877929688,439.9146118164063,2963506,439.9146118164063,,445.6971130371094,-0.01297406030139936,-0.00033696299599828006,,,,
2023-09-18,445.0,445.7000122070313,433.0,436.6499938964844,431.6115417480469,3707587,431.6115417480469,,445.6971130371094,-0.031603460908865566,-0.018874276610354124,,,,
2023-09-20,436.5,438.3500061035156,425.0499877929688,428.1499938964844,423.2096252441406,2289507,423.2096252441406,,445.6971130371094,-0.05045464091012952,-0.019466385143173226,,,,
2023-09-21,427.5,430.6000061035156,423.2000122070313,426.1000061035156,421.1832885742188,2680700,421.1832885742188,,445.6971130371094,-0.05500108424720607,-0.004788021228848138,,,,
2023-09-22,426.0,428.5,418.0499877929688,420.9500122070313,416.09271240234375,2666687,416.09271240234375,,445.6971130371094,-0.06642268879201985,-0.012086367882988891,,,,
2023-09-25,420.5,425.9500122070313,414.7000122070313,422.8999938964844,418.0201721191406,3913804,418.0201721191406,,445.6971130371094,-0.06209809332030458,0.004632284246625096,,,,
2023-09-26,423.2999877929688,434.0,422.4500122070313,429.75,424.7911682128906,6162665,424.7911682128906,,445.6971130371094,-0.046906170609361975,0.016197773565387097,,,,
2023-09-27,428.0,431.8500061035156,426.0,430.4500122070313,425.4830932617188,1952178,425.4830932617188,,445.6971130371094,-0.04535371485277606,0.0016288593092439463,,,,
2023-09-28,431.0,431.5,418.6499938964844,419.8999938964844,415.0547790527344,3461405,415.0547790527344,,445.6971130371094,-0.06875147513424362,-0.02450935036934565,,,,
2023-09-29,423.7999877929688,428.5,420.0,424.7999877929688,419.8982849121094,2835399,419.8982849121094,,445.6971130371094,-0.05788421636657981,0.011669558101292443,,,,
2023-10-03,424.0499877929688,434.3999938964844,422.5,432.2000122070313,427.212890625,2833284,427.212890625,,445.6971130371094,-0.04147260969709343,0.017419946629269267,,,,
2023-10-04,430.0,434.0,424.2999877929688,429.6499938964844,424.69232177734375,3214525,424.69232177734375,,445.6971130371094,-0.047127950003159946,-0.0059000299451843485,,,,
2023-10-05,430.0,434.8500061035156,428.75,432.8500061035156,427.8553771972656,1287179,427.8553771972656,,445.6971130371094,-0.04003107787318838,0.007447875221017419,,,,
2023-10-06,434.0,437.0,431.7999877929688,435.7000122070313,430.6725158691406,1547935,430.6725158691406,,445.6971130371094,-0.03371033091416453,0.00658432456857061,,,,
2023-10-09,430.1000061035156,437.5,427.5,430.2000122070313,425.2359924316406,4370429,425.2359924316406,,445.6971130371094,-0.04590812910148945,-0.012623334986976209,,,,
2023-10-10,430.1499938964844,438.8500061035156,428.0,437.2000122070313,432.15521240234375,3288646,432.15521240234375,,445.6971130371094,-0.030383640007194956,0.01627148240941856,,,,
2023-10-11,438.8999938964844,447.0,438.0,445.1000061035156,439.9640502929688,3228077,439.9640502929688,,445.6971130371094,-0.01286313636871872,0.018069521474046057,0.22466932566277195,,,
2023-10-12,449.0,450.3500061035156,444.0499877929688,445.6000061035156,440.4582824707031,1700298,440.4582824707031,,445.6971130371094,-0.011754239399728972,0.0011233467311821954,0.22422026944095372,,,
2023-10-13,444.5,445.7999877929688,438.8999938964844,439.8999938964844,434.8240356445313,950920,434.8240356445313,,445.6971130371094,-0.02439566484621314,-0.012791783127716672,0.2266489778841898,,,
2023-10-16,439.0,444.7999877929688,438.9500122070313,443.25,438.1353759765625,1353905,438.1353759765625,,445.6971130371094,-0.01696608938976296,0.00761535715734496,0.2017608281748112,,,
2023-10-17,443.5499877929688,444.5,440.1000061035156,442.6499938964844,437.5423278808594,1043674,437.5423278808594,,445.6971130371094,-0.018296697280987373,-0.001353572727108121,0.19882730353839675,,,
2023-10-18,442.3999938964844,444.0,431.5,433.0,428.0036315917969,1919224,428.0036315917969,,445.6971130371094,-0.03969844301827308,-0.02180062517667969,0.20323114691421595,,,
2023-10-19,432.5499877929688,440.0499877929688,430.1000061035156,437.4500122070313,432.40228271484375,1131689,432.40228271484375,,445.6971130371094,-0.0298292942300451,0.010277135048335273,0.20555476841157982,,,
2023-10-20,437.0,439.5499877929688,428.1000061035156,430.8500061035156,425.8784790039063,2066618,425.8784790039063,,445.6971130371094,-0.044466597277584174,-0.015087347989880318,0.20955712203581944,,,
2023-10-23,432.75,432.75,411.6000061035156,415.9500122070313,411.150390625,1925177,411.150390625,,445.6971130371094,-0.07751165848191832,-0.034582842536101,0.23119155505964056,,,
2023-10-25,417.0,422.75,413.6000061035156,417.9500122070313,413.1273498535156,3289897,413.1273498535156,,445.6971130371094,-0.07307600213439558,0.004808360331387318,0.23194974213071615,,,
2023-10-26,414.6000061035156,422.5,407.75,416.2999877929688,411.4963073730469,2296586,411.4963073730469,,445.6971130371094,-0.0767355333109705,-0.003948038010669341,0.21604521542074143,,,
2023-10-27,419.4500122070313,423.9500122070313,415.1000061035156,417.25,412.4353942871094,1693364,412.4353942871094,,445.6971130371094,-0.07462852636254469,0.002282127195885497,0.21412694020827971,,,
2023-10-30,420.2000122070313,423.6000061035156,416.0,421.9500122070313,417.0811767578125,1290400,417.0811767578125,,445.6971130371094,-0.06420489485404024,0.01126426716779072,0.21756807157287789,,,
2023-10-31,423.9500122070313,427.4500122070313,421.0,424.4500122070313,419.5523376464844,1078687,419.5523376464844,,445.6971130371094,-0.058660410009090946,0.005924891906850194,0.2182818566926718,,,
2023-11-01,425.5,425.5,404.0499877929688,406.6499938964844,401.9577026367188,5188883,401.9577026367188,,445.6971130371094,-0.09813707363356594,-0.04193668687073515,0.24767776801504268,,,
2023-11-02,411.0,423.3999938964844,410.1499938964844,419.7000122070313,414.8571166992188,3289570,414.8571166992188,,445.6971130371094,-0.06919496545027604,0.032091471261487925,0.26267908207549484,,,
2023-11-03,421.0,423.9500122070313,417.25,420.8999938964844,416.0432739257813,1579359,416.0432739257813,,445.6971130371094,-0.06653361272470049,0.0028591945969254073,0.25708771595539026,,,
2023-11-06,421.9500122070313,425.0,420.0,421.25,416.3892517089844,1061040,416.3892517089844,,445.6971130371094,-0.06575735061062593,0.0008315908581779663,0.2567778175058819,,,
2023-11-07,421.7999877929688,423.3500061035156,418.1000061035156,419.5499877929688,414.7088317871094,662939,414.7088317871094,,445.6971130371094,-0.06952766877675487,-0.004035694761519548,0.25460509611093524,,,
2023-11-08,421.6000061035156,426.0,419.2000122070313,421.0,416.1421203613281,1055490,416.1421203613281,,445.6971130371094,-0.06631183333090263,0.003456132265238443,0.2544424901856716,,426.8639630126953,
2023-11-09,422.3999938964844,423.5499877929688,415.9500122070313,418.2999877929688,413.4732666015625,882283,413.4732666015625,,445.6971130371094,-0.07229987696344775,-0.0064133228269426246,0.2503210811663491,,426.45770568847655,
2023-11-10,418.75,419.8500061035156,415.4500122070313,418.1000061035156,413.2756042480469,1025880,413.2756042480469,,445.6971130371094,-0.07274336727948028,-0.0004780535272335129,0.2502194631890363,,426.0010369873047,
2023-11-13,421.8500061035156,422.1499938964844,418.3999938964844,419.3999938964844,414.5605773925781,698694,414.5605773925781,,445.6971130371094,-0.06986030363167006,0.0031092402535330965,0.2401256173381602,,425.5137255859375,
2023-11-15,421.0,423.5,417.7000122070313,418.1499938964844,413.3250122070313,2736651,413.3250122070313,,445.6971130371094,-0.07263251181836294,-0.0029804213254381873,0.23771889944348734,,425.31109130859375,
2023-11-16,420.0,420.6499938964844,417.0,419.8999938964844,415.0547790527344,1724084,415.0547790527344,,445.6971130371094,-0.06875147513424362,0.004185004039476414,0.23211852786891307,,425.0343212890625,
2023-11-17,422.0,428.0,418.0,421.1000061035156,416.240966796875,2116735,416.240966796875,,445.6971130371094,-0.06609005393710465,0.0028579064836882218,0.23185302002247443,,424.63794860839846,
2023-11-20,421.1000061035156,424.25,418.2000122070313,421.5,416.6363830566406,1481395,416.6363830566406,,445.6971130371094,-0.06520286789034935,0.000949969588069477,0.23066322336216644,,424.26826416015626,
2023-11-21,422.3999938964844,424.2999877929688,419.1000061035156,420.1499938964844,415.3019409179688,1003554,415.3019409179688,,445.6971130371094,-0.06819692394240351,-0.0032028939212694896,0.22968918323953966,,423.9203259277344,
2023-11-22,420.0,421.2000122070313,413.25,414.25,409.4700317382813,1457858,409.4700317382813,,445.6971130371094,-0.08128183970492031,-0.014042576268237128,0.23034334550625943,,423.4221417236328,
2023-11-23,416.75,416.75,408.6000061035156,415.6000061035156,410.804443359375,1212949,410.804443359375,,445.6971130371094,-0.07828785212442957,0.0032588749301842856,0.22480926947793242,,422.95558776855466,
2023-11-24,415.9500122070313,416.0,411.3500061035156,414.2999877929688,409.5194396972656,1929621,409.5194396972656,,445.6971130371094,-0.08117098424380309,-0.0031280179240545936,0.2169590195497545,,422.23203430175784,
2023-11-28,421.0,435.4500122070313,417.25,431.2000122070313,426.2244567871094,7654493,426.2244567871094,,445.6971130371094,-0.04369033516350973,0.04079175606948682,0.2502934324299942,,421.95921936035154,
2023-11-29,435.0,437.2999877929688,428.0499877929688,435.6499938964844,430.6230773925781,4081524,430.6230773925781,,445.6971130371094,-0.03382125484684517,0.010319962957136886,0.24977362348746937,,421.7961236572266,
2023-11-30,436.0,443.0,430.7000122070313,439.25,434.1815490722656,6906477,434.1815490722656,,445.6971130371094,-0.0258371966701183,0.008263541520426632,0.24995694087255593,,421.6784967041016,
2023-12-01,444.0,444.0,438.0,442.0,436.8998107910156,2478791,436.8998107910156,,445.6971130371094,-0.019738297576455843,0.006260656917729923,0.25062010028093196,,421.6182006835937,
2023-12-04,460.0,475.7999877929688,453.25,474.5499877929688,469.07421875,13146040,469.07421875,,469.07421875,0.0,0.07364253122639708,0.3210119800942753,,422.3674542236328,
2023-12-05,475.0,513.5,474.5499877929688,509.0499877929688,503.1761169433594,22838581,503.1761169433594,,503.1761169433594,0.0,0.07270043168058749,0.3786828321400115,,423.9667840576172,
2023-12-06,515.0,523.6500244140625,499.5,501.1000061035156,495.31787109375,13223984,495.31787109375,,503.1761169433594,-0.015617287039269345,-0.015617287039269345,0.3789341989082025,,425.4494757080078,
2023-12-07,503.7000122070313,508.3999938964844,496.3500061035156,505.1000061035156,499.2716979980469,3608185,499.2716979980469,,503.1761169433594,-0.007759547430491454,0.007982403089083157,0.3595755798315491,,427.11305541992186,
2023-12-08,508.9500122070313,509.6000061035156,482.3500061035156,494.3500061035156,488.645751953125,4085720,488.645751953125,,503.1761169433594,-0.028877294650830998,-0.021282892836764544,0.3686280896651441,,428.52556701660154,
2023-12-11,497.8999938964844,506.5,489.5,504.0,498.1843872070313,4277828,498.1843872070313,,503.1761169433594,-0.009920442501626048,0.01952055290725485,0.36947332049465376,,429.99343139648437,
2023-12-12,506.0499877929688,510.5,497.75,501.3500061035156,495.5649719238281,3392736,495.5649719238281,,503.1761169433594,-0.015126204848049274,-0.005257923271920206,0.37089106064288097,,431.39506896972654,
2023-12-13,504.0,513.4000244140625,502.0499877929688,509.0499877929688,503.1761169433594,3481573,503.1761169433594,,503.1761169433594,0.0,0.015358520982595047,0.37154724563976343,,433.1574957275391,
2023-12-14,514.7999877929688,523.4000244140625,511.8500061035156,520.25,514.2468872070312,5858223,514.2468872070312,,514.2468872070312,0.0,0.022001780074387023,0.3742306440550552,,435.0444677734375,
2023-12-15,523.7000122070312,529.4000244140625,514.5,522.4000244140625,516.3720703125,5777967,516.3720703125,,516.3720703125,0.0,0.0041326124831031485,0.34444179497717786,,436.8276513671875,
2023-12-18,530.0,532.5,524.2999877929688,525.6500244140625,519.5845947265625,2875095,519.5845947265625,,519.5845947265625,0.0,0.0062213365105481255,0.33719742782870826,,438.7254968261719,
2023-12-19,528.4000244140625,530.5499877929688,517.0,522.3499755859375,516.3226318359375,2762093,516.3226318359375,,519.5845947265625,-0.006278020795327133,-0.006278020795327133,0.3393800504761819,,440.4948419189453,
2023-12-20,524.0,526.2999877929688,486.0,490.4500122070313,484.7907409667969,5434428,484.7907409667969,,519.5845947265625,-0.06696475244435662,-0.061070131202693334,0.3930304420914747,,441.57720642089845,
2023-12-21,481.0,505.8999938964844,480.4500122070313,503.8999938964844,498.0855407714844,3610387,498.0855407714844,,519.5845947265625,-0.04137738911676592,0.027423790681674776,0.3970410523817164,,443.0341973876953,
2023-12-22,505.1000061035156,510.3999938964844,498.25,503.7999877929688,497.9866943359375,2571515,497.9866943359375,,519.5845947265625,-0.041567630391334376,-0.00019845273041607658,0.3974194460934324,,444.3508270263672,
2023-12-26,504.0,508.5499877929688,502.6499938964844,505.3500061035156,499.5188293457031,1869260,499.5188293457031,,519.5845947265625,-0.0386188612682391,0.003076658527611409,0.3957293878523872,,445.5419226074219,
2023-12-27,520.9500122070312,523.0,513.1500244140625,517.0,511.0343627929688,5618393,511.0343627929688,,519.5845947265625,-0.016455899617449865,0.02305325199121988,0.3979337760230715,,446.9534442138672,
2023-12-28,518.0,519.9500122070312,512.0499877929688,514.25,508.3161010742188,1945694,508.3161010742188,,519.5845947265625,-0.021687505300794885,-0.00531913686565777,0.39947060966220166,,448.42328552246096,
2023-12-29,514.5999755859375,522.4500122070312,511.6000061035156,520.9000244140625,514.889404296875,2686563,514.889404296875,,519.5845947265625,-0.009036431174712534,0.012931526679491157,0.398635407667489,,449.9583660888672,
2024-01-01,520.8499755859375,539.7000122070312,519.7999877929688,534.2999877929688,528.134765625,4251624,528.134765625,,528.134765625,0.0,0.02572467255606603,0.401882919936018,,451.77021484375,
2024-01-02,537.0,537.0,518.5,530.9000244140625,524.7740478515625,2655551,524.7740478515625,,528.134765625,-0.006363371609252821,-0.006363371609252821,0.40386555137994884,,453.7056231689453,
2024-01-03,538.4500122070312,549.0,528.1500244140625,536.0999755859375,529.9140014648438,13711402,529.9140014648438,,529.9140014648438,0.0,0.009794603285593784,0.4033253141383697,,455.65585754394533,
2024-01-04,538.3499755859375,554.5499877929688,536.75,549.4500122070312,543.1099853515625,6112049,543.1099853515625,,543.1099853515625,0.0,0.024902123458223402,0.40454938261981205,,458.00048767089845,
2024-01-05,550.0,557.9000244140625,538.4000244140625,542.3499755859375,536.0918579101562,5130749,536.0918579101562,,543.1099853515625,-0.012922110862799374,-0.012922110862799374,0.40400040598612097,,460.49931701660154,
2024-01-08,544.25,544.25,526.9000244140625,530.2000122070312,524.0821533203125,3333769,524.0821533203125,,543.1099853515625,-0.03503495156498182,-0.022402326042893272,0.4140720094317696,,462.7184130859375,
2024-01-09,535.8499755859375,538.7999877929688,523.25,525.2000122070312,519.1397705078125,2741683,519.1397705078125,,543.1099853515625,-0.04413510244749741,-0.009430549735738203,0.4160051220990006,0.3053582962249575,464.8712823486328,
2024-01-10,528.7000122070312,528.7000122070312,518.25,526.1500244140625,520.0787963867188,1792977,520.0787963867188,,543.1099853515625,-0.0424061232273889,0.0018088112917793442,0.4047084840808556,0.30531152448060883,467.024150390625,
2024-01-11,529.1500244140625,541.9500122070312,525.4000244140625,538.25,532.0391845703125,2505937,532.0391845703125,,543.1099853515625,-0.02038408624375354,0.022997261697053073,0.40728113871983085,0.30722216425375626,469.323310546875,
2024-01-12,543.0,544.75,531.0999755859375,532.4000244140625,526.2567138671875,2315342,526.2567138671875,,543.1099853515625,-0.0310310470050843,-0.010868505310929422,0.4106843890474955,0.30143566441872777,471.45739807128905,
2024-01-15,537.0,537.2000122070312,526.5,531.4500122070312,525.317626953125,1838608,525.317626953125,,543.1099853515625,-0.03276013860603255,-0.0017844654316362396,0.41142906387546013,0.30102141304822555,473.9245965576172,
2024-01-16,533.7999877929688,534.9500122070312,525.0,528.7000122070312,522.599365234375,2732941,522.599365234375,,543.1099853515625,-0.037765131686744224,-0.005174510770780905,0.35980688938480365,0.30030903361730715,476.07944152832033,
2024-01-17,528.0,539.3499755859375,518.25,520.5499877929688,514.5433959960938,6229815,514.5433959960938,,543.1099853515625,-0.05259816634926573,-0.015415191395550809,0.29875252415250797,0.30166881037917775,478.04944396972655,
2024-01-18,522.6500244140625,526.9500122070312,509.0,524.1500244140625,518.1019287109375,2084710,518.1019287109375,,543.1099853515625,-0.04604602624721943,0.006915903969489046,0.2950299220433784,0.30150056450699,480.0836975097656,
2024-01-19,526.8499755859375,538.0,525.25,537.0999755859375,530.9024658203125,2661086,530.9024658203125,,543.1099853515625,-0.02247706700392904,0.02470659999514635,0.30203818811197697,0.30383800014106377,482.4075701904297,
2024-01-23,543.7999877929688,543.7999877929688,517.0499877929688,525.0499877929688,518.991455078125,2682760,518.991455078125,,543.1099853515625,-0.044408187888177464,-0.02243540293937696,0.30283513458392597,0.3066356089136842,484.4645568847656,
2024-01-24,525.0499877929688,531.0,514.5,527.4500122070312,521.3638305664062,3893697,521.3638305664062,,543.1099853515625,-0.04004005702653335,0.0045711262971066535,0.29846825360106827,0.30385999366483724,486.6223681640625,
2024-01-25,530.0,566.0,526.3499755859375,560.1500244140625,553.6865234375,8019238,553.6865234375,,553.6865234375,0.0,0.061996423564669945,0.3449010666277919,0.31895745130963643,489.4305865478516,
2024-01-29,570.9000244140625,578.9000244140625,562.7999877929688,574.0999755859375,567.4754638671875,7828638,567.4754638671875,,567.4754638671875,0.0,0.02490387583226772,0.34873728662620107,0.3209697037883755,492.48888427734374,
2024-01-30,574.2000122070312,583.9500122070312,568.0499877929688,570.8499755859375,564.2630004882812,4572466,564.2630004882812,,567.4754638671875,-0.005660973175851902,-0.005660973175851902,0.3457040270286468,0.3213014402294508,495.50764404296876,
2024-01-31,573.4000244140625,586.4500122070312,547.0,560.2999877929688,553.834716796875,13741694,553.834716796875,,567.4754638671875,-0.02403759799120586,-0.01848124665693518,0.35141238580735706,0.3232581501948719,498.2832427978516,
2024-02-01,568.0,569.7999877929688,554.0499877929688,565.0499877929688,558.5299072265625,6228014,558.5299072265625,,567.4754638671875,-0.015763776956387754,0.008477602229131298,0.3516766170967202,0.3213080781048034,501.1290216064453,
2024-02-02,570.6500244140625,572.25,554.5499877929688,557.4000244140625,550.9682006835938,3263916,550.9682006835938,,567.4754638671875,-0.029088946103680624,-0.013538588435697552,0.3539007510653191,0.32028237357936046,503.8156579589844,
2024-02-05,560.0,563.1500244140625,551.0,555.0,548.595947265625,2366641,548.595947265625,,567.4754638671875,-0.0332693090779711,-0.004305608590523868,0.2994829309873216,0.320249601306584,506.4815380859375,
2024-02-06,558.9500122070312,568.0,549.9500122070312,566.5999755859375,560.0620727539062,2969565,560.0620727539062,,567.4754638671875,-0.013063809072485832,0.02090085707966316,0.29567882244566324,0.3205656281079429,509.49337890625,
2024-02-07,570.0,575.9500122070312,564.2999877929688,568.2000122070312,561.6436157226562,2248160,561.6436157226562,,567.4754638671875,-0.010276828719234521,0.0028238708630514697,0.2954282640595142,0.32056192678143974,512.5101623535156,
2024-02-08,570.0,571.25,559.6500244140625,563.3499755859375,556.8495483398438,2089376,556.8495483398438,,567.4754638671875,-0.01872488980392406,-0.00853578185277526,0.2977143272580355,0.3204565880739883,515.4567645263672,
2024-02-09,564.7000122070312,582.25,552.5499877929688,576.2000122070312,569.55126953125,6956624,569.55126953125,,569.55126953125,0.0,0.022809969459927526,0.29757838507384105,0.3221161018578591,518.32330078125,
2024-02-12,582.0999755859375,587.2000122070312,560.25,563.5,556.997802734375,3475737,556.997802734375,,569.55126953125,-0.022040977640532144,-0.022040977640532144,0.30585657333188,0.32153548150906913,520.8507952880859,
2024-02-13,566.3499755859375,570.0,552.5,568.25,561.6929931640625,2529788,561.6929931640625,,569.55126953125,-0.01379731165142517,0.008429459517862004,0.3048925049693051,0.3213473047024732,523.4010241699219,
2024-02-14,560.1500244140625,573.3499755859375,559.6500244140625,570.9000244140625,564.3124389648438,2094616,564.3124389648438,,569.55126953125,-0.009198172046421593,0.004663483135201041,0.29731615551700447,0.32048355061423334,525.9492767333984,
2024-02-15,573.9000244140625,574.7999877929688,568.8499755859375,572.25,565.6469116210938,1240706,565.6469116210938,,569.55126953125,-0.006855147409941864,0.0023647762553273832,0.296160141741796,0.3201101997006914,527.8807305908203,
2024-02-16,573.2000122070312,590.6500244140625,573.0499877929688,585.0999755859375,578.3485717773438,9619487,578.3485717773438,,578.3485717773438,0.0,0.022455103873630478,0.3010400294034494,0.32163044703290883,529.3841796875,
2024-02-19,588.7999877929688,594.0,581.9000244140625,584.8499755859375,578.1015014648438,3141571,578.1015014648438,,578.3485717773438,-0.0004271996587468241,-0.0004271996587468241,0.2939607963277054,0.32165745635744675,531.0398522949218,
2024-02-20,584.8499755859375,590.0,579.4500122070312,588.7999877929688,582.0059204101562,1867263,582.0059204101562,,582.0059204101562,0.0,0.0067538640453608245,0.290650825983061,0.3205434682718402,532.694536743164,
2024-02-21,591.9000244140625,596.7000122070312,583.25,587.7999877929688,581.0173950195312,4209055,581.0173950195312,,582.0059204101562,-0.0016984799569192965,-0.0016984799569192965,0.28102202428093764,0.3199565929074289,534.5419696044922,
2024-02-22,593.0,595.0,583.0,592.75,585.9102783203125,1838366,585.9102783203125,,585.9102783203125,0.0,0.00842123375775472,0.2785854475039314,0.319118219713875,536.2964874267578,
2024-02-23,593.7999877929688,608.7000122070312,587.25,602.9500122070312,595.9926147460938,4824640,595.9926147460938,,595.9926147460938,0.0,0.01720798695439396,0.2810073075237427,0.319929335054246,538.3050402832031,
2024-02-26,602.9500122070312,615.25,602.5999755859375,608.5999755859375,601.577392578125,5715227,601.577392578125,,601.577392578125,0.0,0.009370548717974492,0.2760288507639528,0.31886878170191174,540.2730657958984,
2024-02-27,607.9500122070312,612.5,599.0,603.3499755859375,596.3880004882812,3604237,596.3880004882812,,601.577392578125,-0.008626308358437584,-0.008626308358437584,0.2750366229858442,0.31947765630543745,541.9158880615234,
2024-02-28,603.9000244140625,606.0,585.0999755859375,589.25,582.4507446289062,2831925,582.4507446289062,,601.577392578125,-0.03179416012834102,-0.02336944379827255,0.28609330467588057,0.3225592477950038,543.2374615478516,
2024-02-29,589.25,609.7000122070312,584.0,605.9000244140625,598.9086303710938,3263796,598.9086303710938,,601.577392578125,-0.004436274101980442,0.028256270412484685,0.293492960971365,0.32236770487439714,544.8239422607422,
2024-03-01,608.0999755859375,620.0,607.0,617.5999755859375,610.4735717773438,4011709,610.4735717773438,,610.4735717773438,0.0,0.019310026304152794,0.29003055522127075,0.32322356272158653,546.7069610595703,
2024-03-04,621.25,621.75,612.5499877929688,617.1500244140625,610.0287475585938,1878206,610.0287475585938,,610.4735717773438,-0.0007286543419969815,-0.0007286543419969815,0.29063754729115493,0.3217068532515846,549.2117211914062,
2024-03-05,625.0,625.0,610.7999877929688,613.0999755859375,606.0255126953125,2430074,606.0255126953125,,610.4735717773438,-0.007286243479928345,-0.0065623708379362045,0.28689809512190967,0.31549878306145535,551.3705206298828,
2024-03-06,612.9500122070312,613.6500244140625,595.5,598.2999877929688,591.3963012695312,4127035,591.3963012695312,,610.4735717773438,-0.031249953134368402,-0.02413959663301546,0.28833132668933104,0.31911974353275924,553.2387127685547,
2024-03-07,598.2999877929688,606.5999755859375,596.5,603.1500244140625,596.1903686523438,2393414,596.1903686523438,,610.4735717773438,-0.023396922955101318,0.008106353341272632,0.2885187591090024,0.31888659069114816,555.1721435546875,
2024-03-11,604.9000244140625,612.4000244140625,600.2000122070312,602.0499877929688,595.1029663085938,2547145,595.1029663085938,,610.4735717773438,-0.025178166884439745,-0.0018239179982192377,0.2320283363977365,0.319035063146464,556.853515625,
2024-03-12,605.0,605.9000244140625,584.0499877929688,587.5499877929688,580.770263671875,2900178,580.770263671875,,610.4735717773438,-0.04865617363089114,-0.02408440799014011,0.23437279534772762,0.3223102351112717,558.3025988769531,
2024-03-13,589.3499755859375,590.3499755859375,550.7999877929688,559.25,552.796875,5946259,552.796875,,610.4735717773438,-0.09447861372511634,-0.04816601403628251,0.27374586964019026,0.33384416169316267,559.0607482910157,
2024-03-14,555.5,584.7000122070312,551.7000122070312,582.4500122070312,575.7291870117188,3200499,575.7291870117188,,610.4735717773438,-0.05691382292679692,0.0414841563851438,0.2940128280309194,0.33101940699142995,560.01263671875,
2024-03-15,583.7999877929688,603.8499755859375,575.8499755859375,600.75,593.8180541992188,3693325,593.8180541992188,,610.4735717773438,-0.027282946139066788,0.03141905533987077,0.30604357621634115,0.3308609316769163,561.3935168457032,
2024-03-18,595.0,595.0,582.2000122070312,584.6500244140625,577.90380859375,6348109,577.90380859375,,610.4735717773438,-0.05335163500816187,-0.026799868230563573,0.3142814270801396,0.3349001150450315,562.3533129882812,
2024-03-19,582.0,588.5999755859375,572.5499877929688,580.2999877929688,573.6039428710938,2021483,573.6039428710938,,610.4735717773438,-0.06039512701410987,-0.007440452301429534,0.31493974195990837,0.3353986897294642,562.9631921386718,
2024-03-20,581.3499755859375,587.5,566.5999755859375,576.3499755859375,569.6995239257812,1678012,569.6995239257812,,610.4735717773438,-0.066790848509383,-0.0068068202700446445,0.310449940910155,0.3356136046130951,563.6353454589844,
2024-03-21,580.0,590.9000244140625,580.0,587.2000122070312,580.4243774414062,1977799,580.4243774414062,,610.4735717773438,-0.04922276037020201,0.018825456341827973,0.31481035804121826,0.3365591428947691,564.7621899414063,
2024-03-22,588.0,594.7000122070312,581.5499877929688,589.3499755859375,582.549560546875,1818091,582.549560546875,,610.4735717773438,-0.045741556262902994,0.0036614297883850178,0.3134850842960214,0.33610489395709137,566.0303857421875,
2024-03-26,589.3499755859375,600.4000244140625,586.5,595.0499877929688,588.1837768554688,2175165,588.1837768554688,,610.4735717773438,-0.036512301190991914,0.009671651461387265,0.3080606920964688,0.336148043225005,567.3924853515625,
2024-03-27,598.0,610.0,596.9500122070312,601.5,594.5593872070312,5070366,594.5593872070312,,610.4735717773438,-0.026068588889081035,0.010839486912827878,0.30111442769310265,0.33632920016856743,568.6428894042969,
2024-03-28,607.5,617.0,602.25,612.3499755859375,605.2840576171875,3861492,605.2840576171875,,610.4735717773438,-0.008500800689942078,0.018038013764337002,0.3040727875984551,0.3368910061709871,570.2234362792968,
2024-04-01,619.4000244140625,626.6500244140625,613.2999877929688,621.5,614.3285522460938,3976554,614.3285522460938,,614.3285522460938,0.0,0.014942562116226243,0.3061102306495091,0.3373460299569188,572.0036547851563,
2024-04-02,622.0,637.0999755859375,619.6500244140625,634.7000122070312,627.3762817382812,4503263,627.3762817382812,,627.3762817382812,0.0,0.021239008742931942,0.3106163638421626,0.3384794443851396,574.0991931152344,
2024-04-03,632.0,640.2999877929688,626.5,634.9500122070312,627.6234130859375,4389047,627.6234130859375,,627.6234130859375,0.0,0.00039391248099396314,0.3055463155225525,0.33849859275196836,576.3607934570313,
2024-04-04,640.0,640.7999877929688,623.5999755859375,624.7000122070312,617.4916381835938,2100754,617.4916381835938,,627.6234130859375,-0.016143079896473567,-0.016143079896473567,0.3103940314847225,0.3400522581080026,578.3485876464844,
2024-04-05,624.75,633.25,618.2000122070312,627.2000122070312,619.9628295898438,2386291,619.9628295898438,,627.6234130859375,-0.012205700642090034,0.004001983595307124,0.31015983765195715,0.3385823082855983,580.129794921875,
2024-04-08,627.2000122070312,634.5,622.0999755859375,630.5499877929688,623.2741088867188,2965491,623.2741088867188,,627.6234130859375,-0.006929799157481709,0.005341093270165409,0.3100435822073992,0.33857266443316836,582.2154479980469,
2024-04-09,631.4000244140625,633.9500122070312,618.5499877929688,623.0999755859375,615.9100952148438,2431726,615.9100952148438,,627.6234130859375,-0.018662971499901482,-0.011815048253854932,0.31224072039444667,0.3394642491776096,584.1063732910156,
2024-04-10,620.4000244140625,628.75,620.4000244140625,625.6500244140625,618.4307250976562,1293786,618.4307250976562,,627.6234130859375,-0.014646821320897008,0.004092528929783512,0.308932541574329,0.333947085304602,585.4012573242187,
2024-04-12,623.5,630.2999877929688,605.5999755859375,608.8499755859375,601.8245239257812,4161320,601.8245239257812,,627.6234130859375,-0.04110568315688967,-0.02685216063489204,0.3185174910766728,0.33783907712395367,586.0882385253906,
2024-04-15,600.0,615.5999755859375,593.4500122070312,606.8499755859375,599.8475952148438,2647237,599.8475952148438,,627.6234130859375,-0.044255547661174566,-0.0032848922440742445,0.31760491709314265,0.3379740292871851,586.7999304199219,
2024-04-16,604.9500122070312,622.0,601.25,617.5499877929688,610.4241333007812,1983635,610.4241333007812,,627.6234130859375,-0.027403821187278132,0.017632042155890204,0.3131550529764559,0.33874133372118925,587.93171875,
2024-04-18,637.7999877929688,637.7999877929688,611.0,615.25,608.1506958007812,4944023,608.1506958007812,,627.6234130859375,-0.031026116743178234,-0.003724357173932047,0.30319474546943537,0.31775758931406944,588.9241345214843,
2024-04-19,612.0,614.1500244140625,601.0499877929688,609.6500244140625,602.6153564453125,2001911,602.6153564453125,,627.6234130859375,-0.03984564010712066,-0.009101920615547598,0.29918633332621547,0.2957337308186139,589.9570776367187,
2024-04-22,616.0,621.0999755859375,613.0999755859375,616.2999877929688,609.1885986328125,1566507,609.1885986328125,,627.6234130859375,-0.029372413566414846,0.010907857088597872,0.30092359863121665,0.29454289033160763,591.1689306640625,
2024-04-23,621.25,639.0,618.75,636.5499877929688,629.2048950195312,3751042,629.2048950195312,,629.2048950195312,0.0,0.0328573063114459,0.3146809694988663,0.29877119555075765,592.551787109375,
2024-04-24,641.0,646.7999877929688,635.0999755859375,644.4500122070312,637.0137939453125,4701815,637.0137939453125,,637.0137939453125,0.0,0.012410740901084072,0.3065872260161271,0.29640788176680954,594.0591906738281,
2024-04-25,644.0,649.0,629.2000122070312,638.3499755859375,630.9840698242188,3367321,630.9840698242188,,637.0137939453125,-0.00946560997329271,-0.00946560997329271,0.30810127315490593,0.29583541427237686,595.5418811035156,
2024-04-26,642.0,642.0,630.0999755859375,632.3499755859375,625.0533447265625,1663147,625.0533447265625,,637.0137939453125,-0.01877580883244856,-0.009399167714817969,0.30971232643142005,0.29623572604522463,596.6519226074219,
2024-04-29,638.0,638.2999877929688,625.0999755859375,629.6500244140625,622.384521484375,2217374,622.384521484375,,637.0137939453125,-0.022965393528343925,-0.004269752757430689,0.3004967725054401,0.29569144304867345,597.9596569824218,
2024-04-30,634.0,634.0,616.25,619.9000244140625,612.7470703125,5514688,612.7470703125,,637.0137939453125,-0.038094502604908764,-0.0154847218065286,0.2655231558088764,0.29535744626149935,598.9807385253906,
2024-05-02,615.0,630.9000244140625,609.1500244140625,625.7000122070312,618.4801025390625,6286712,618.4801025390625,,637.0137939453125,-0.029094646901541177,0.009356278478228619,0.24084139940769542,0.2955874645759434,600.064091796875,
2024-05-03,629.5,634.4500122070312,616.2999877929688,622.4500122070312,615.2676391601562,2566478,615.2676391601562,,637.0137939453125,-0.034137651322230456,-0.005194125673110617,0.22553127346222193,0.295762520806079,601.0565063476563,
2024-05-06,625.0499877929688,625.75,599.8499755859375,607.4500122070312,600.440673828125,3525659,600.440673828125,,637.0137939453125,-0.057413388006362864,-0.024098399441696894,0.22272689911392862,0.2986724535536765,601.4983483886718,
2024-05-07,610.7000122070312,612.2000122070312,588.7999877929688,593.9500122070312,587.0964965820312,2548462,587.0964965820312,,637.0137939453125,-0.07836140730033647,-0.022223972871487252,0.23174775750505594,0.282114126640478,601.6782482910156,
2024-05-08,590.9500122070312,601.0,588.0,594.5499877929688,587.6895141601562,2526772,587.6895141601562,,637.0137939453125,-0.07743047364746813,0.001010085363440938,0.2305997878625807,0.2788936912173615,601.7919201660156,
2024-05-09,596.0,596.1500244140625,572.0,574.2999877929688,567.6731567382812,2481928,567.6731567382812,,637.0137939453125,-0.1088526463101741,-0.03405940881977376,0.24579181165577701,0.2853279390862209,601.5250354003906,
2024-05-10,576.0,586.0,573.2999877929688,581.7999877929688,575.086669921875,3039660,575.086669921875,,637.0137939453125,-0.09721473006085946,0.013059474621259337,0.24870761800152266,0.2859609703549189,601.3085632324219,
2024-05-13,584.0499877929688,591.75,569.4000244140625,588.2000122070312,581.4127807617188,2203837,581.4127807617188,,637.0137939453125,-0.08728384489012664,0.01100027382081925,0.24920033378767953,0.2841210594441805,601.0169665527344,
2024-05-14,587.0999755859375,616.9500122070312,587.0,610.2000122070312,603.1590576171875,3537595,603.1590576171875,,637.0137939453125,-0.053146001938902176,0.03740247475636593,0.2704714495018989,0.29010867811710644,601.0485998535156,
2024-05-15,612.0,618.25,609.9000244140625,613.25,606.1737670898438,1479399,606.1737670898438,,637.0137939453125,-0.048413436488498385,0.004998199785917201,0.2657735080227848,0.2895706799780687,601.2443151855468,
2024-05-16,613.0999755859375,616.4500122070312,606.2000122070312,615.4000244140625,608.2990112304688,2013842,608.2990112304688,,637.0137939453125,-0.04507717570289993,0.003505998207127936,0.26229923883527684,0.28678512558555663,601.7612805175781,
2024-05-17,616.0,622.1500244140625,611.1500244140625,620.7000122070312,613.537841796875,2065379,613.537841796875,,637.0137939453125,-0.03685312998175505,0.008612262176473262,0.25580491604574085,0.28668295990529385,602.0538647460937,
2024-05-21,620.9000244140625,634.75,613.2999877929688,631.7000122070312,624.410888671875,3811359,624.410888671875,,637.0137939453125,-0.019784352227888213,0.017721884673251864,0.26127189658680483,0.2876065801672681,602.3326110839844,
2024-05-22,631.7000122070312,635.75,621.6500244140625,633.0499877929688,625.7453002929688,2209062,625.7453002929688,,637.0137939453125,-0.017689559879940586,0.002137072951966079,0.2568154105443075,0.284981476989869,602.6469421386719,
2024-05-23,635.0,648.2999877929688,626.5999755859375,646.5,639.0401000976562,4718924,639.0401000976562,,639.0401000976562,0.0,0.021246343837441506,0.2635922118160129,0.2857404537411793,603.3072338867188,
2024-05-24,648.0,656.9500122070312,627.3499755859375,635.2999877929688,627.9693603515625,4865705,627.9693603515625,,639.0401000976562,-0.01732401416499829,-0.01732401416499829,0.2685939703152998,0.2846309801314589,604.0386950683594,
2024-05-27,638.7000122070312,638.7000122070312,626.5999755859375,632.5,625.20166015625,1632214,625.20166015625,,639.0401000976562,-0.02165504158391862,-0.004407380948909689,0.26651937899125505,0.28417506266895576,604.6189208984375,
2024-05-28,633.9000244140625,636.5,627.0,629.6500244140625,622.384521484375,2482711,622.384521484375,,639.0401000976562,-0.02606343265584743,-0.004505967996263682,0.26671520694312567,0.2843976476490776,605.1645520019531,
2024-05-29,626.5499877929688,633.5,620.4000244140625,630.0999755859375,622.8292846679688,1702062,622.8292846679688,,639.0401000976562,-0.025367446310818664,0.0007146115757072913,0.2539461831937346,0.28220973599315546,606.005732421875,
2024-05-30,628.9500122070312,630.9500122070312,616.3499755859375,619.1500244140625,612.0056762695312,2485481,612.0056762695312,,639.0401000976562,-0.04230473772145704,-0.017378130195351282,0.25936869863547884,0.28325247403996057,607.1899084472657,
2024-05-31,625.0,639.8499755859375,622.6500244140625,634.0499877929688,626.7337646484375,3662225,626.7337646484375,,639.0401000976562,-0.01925753242611561,0.024065280682821433,0.26363216455181526,0.28560995990426047,608.21,
2024-06-03,668.0,676.6500244140625,653.4500122070312,670.7999877929688,663.0596923828125,11189978,663.0596923828125,,663.0596923828125,0.0,0.05796070003465004,0.3104615846500725,0.3002083361842268,609.5948327636719,
2024-06-04,670.7999877929688,670.9500122070312,518.3499755859375,556.5999755859375,550.1774291992188,20044195,550.1774291992188,,663.0596923828125,-0.17024449605424363,-0.17024449605424363,0.5904171146436873,0.4162198716387631,609.0403051757812,
2024-06-05,575.0,601.8499755859375,550.25,598.9000244140625,591.9893798828125,6564509,591.9893798828125,,663.0596923828125,-0.1071853911743561,0.07599721192570708,0.6317627532148602,0.43459740856514006,609.4080139160156,
2024-06-06,608.0,622.25,603.75,610.0499877929688,603.0106811523438,3774112,603.0106811523438,,663.0596923828125,-0.09056350720803563,0.018617396939980546,0.6266282615257687,0.43381022190200585,610.0742370605469,
2024-06-07,610.0499877929688,624.0,607.2999877929688,621.2999877929688,614.130859375,3023546,614.130859375,,663.0596923828125,-0.07379250099184709,0.018441096601151008,0.6279592744432534,0.43273422052852895,610.7483666992188,
2024-06-10,626.0,643.0499877929688,624.0,640.3499755859375,632.9610595703125,4340712,632.9610595703125,,663.0596923828125,-0.04539354926603323,0.03066154372127783,0.6336726952927082,0.4353236292054476,611.7565966796875,
2024-06-11,645.9000244140625,650.0,637.5999755859375,639.75,632.3679809570312,2706589,632.3679809570312,,663.0596923828125,-0.046288006612927424,-0.000936990679464289,0.6329482021227604,0.4235677977830175,612.6402807617187,
2024-06-12,644.75,675.75,638.0,668.7000122070312,660.9839477539062,5320428,660.9839477539062,,663.0596923828125,-0.003130554688744125,0.04525208052685925,0.6453721329374327,0.42804869694287684,613.9687719726562,
2024-06-13,678.7000122070312,680.4500122070312,654.6500244140625,664.5,656.8323974609375,8012245,656.8323974609375,,663.0596923828125,-0.009391756117003935,-0.0062808640165561425,0.6436473054363437,0.4280816721357628,614.9997387695313,
2024-06-14,689.0,689.0,672.2000122070312,677.2000122070312,671.4066772460938,15699653,671.4066772460938,,671.4066772460938,0.0,0.02218873466274629,0.6457899880528354,0.42796330084208706,616.1413012695313,
2024-06-18,682.9500122070312,682.9500122070312,670.2999877929688,674.0999755859375,668.3331298828125,2670571,668.3331298828125,,671.4066772460938,-0.004577773006202435,-0.004577773006202435,0.6457195372314977,0.42800624653304564,616.9604382324219,
2024-06-19,674.6500244140625,675.2999877929688,654.2999877929688,666.7999877929688,661.0955810546875,3104511,661.0955810546875,,671.4066772460938,-0.015357452555728623,-0.010829253413479623,0.6419041615810098,0.42774495708074495,617.6298815917969,
2024-06-20,666.0,669.5,657.0499877929688,659.1500244140625,653.5111083984375,2840525,653.5111083984375,,671.4066772460938,-0.026653844017546002,-0.01147258108146787,0.6388274959776551,0.42823114856952854,618.3502709960937,
2024-06-21,659.1500244140625,667.9500122070312,653.0,657.4500122070312,651.8256225585938,3723454,651.8256225585938,,671.4066772460938,-0.029164223936252065,-0.002579123473469891,0.6390785830656381,0.427148275212375,618.9875268554688,
2024-06-24,655.0499877929688,662.4500122070312,643.25,657.75,652.123046875,2151184,652.123046875,,671.4066772460938,-0.028721237105042374,0.00045629430036631113,0.6288232379938337,0.4271547246518134,619.5645056152343,528.2771183776855
2024-06-25,662.4000244140625,666.5499877929688,644.0,648.7999877929688,643.2495727539062,2786086,643.2495727539062,,671.4066772460938,-0.041937480585804376,-0.0136070549317584,0.6307657197857025,0.4275942298574394,620.1112951660157,529.3244355773926
2024-06-26,648.7999877929688,665.9000244140625,648.0499877929688,657.0499877929688,651.4290161132812,4247865,651.4290161132812,,671.4066772460938,-0.02975493364879067,0.012715816233436206,0.6309374738992366,0.4265343121450205,620.7712609863281,530.4010354614257
2024-06-27,658.0,678.1500244140625,652.4500122070312,660.6500244140625,654.998291015625,6564930,654.998291015625,,671.4066772460938,-0.024438818955109243,0.005479146329157469,0.6232605653910392,0.42464788655406904,621.834736328125,531.4813961791992
2024-06-28,666.0,674.9500122070312,660.0,670.25,664.51611328125,3948035,664.51611328125,,671.4066772460938,-0.010262876730846249,0.01453106427326234,0.6240643471820057,0.4250249108205653,623.1281066894531,532.6866931152343
2024-07-01,668.0,701.7999877929688,664.0499877929688,695.0,689.0543823242188,6820204,689.0543823242188,,689.0543823242188,0.0,0.03692652225060966,0.6313683018400111,0.42895564339382947,624.7007116699219,533.987498626709
2024-07-02,696.9500122070312,706.9500122070312,679.2999877929688,692.3499755859375,686.4270629882812,5783589,686.4270629882812,,689.0543823242188,-0.0038129346584740986,-0.0038129346584740986,0.6317750559094456,0.4290898303509123,626.2662390136719,535.2393359375
2024-07-03,695.0,699.4000244140625,687.6500244140625,692.7000122070312,686.7741088867188,1357858,686.7741088867188,,689.0543823242188,-0.0033092793486175776,0.0005055830650479987,0.6306305646254042,0.42777419074071016,627.9494140625,536.4976034545898
2024-07-04,693.2999877929688,694.6500244140625,671.75,682.0999755859375,676.2647094726562,4072206,676.2647094726562,,689.0543823242188,-0.01856119513879617,-0.015302556223469987,0.633098504176038,0.42876465655999974,629.2909362792968,537.7154327392578
2024-07-05,682.0999755859375,691.0,677.0,686.0,680.13134765625,4592446,680.13134765625,,689.0543823242188,-0.012949681326850926,0.005717640044545336,0.6308941746600281,0.42873647701709766,630.3094653320312,538.9441932678222
2024-07-08,686.4500122070312,688.5499877929688,679.2000122070312,683.5499877929688,677.7023315429688,2099399,677.7023315429688,,689.0543823242188,-0.016474825605141463,-0.0035713926753291325,0.6283173187823234,0.42879506091435315,631.1232360839844,540.1620442199707
2024-07-09,682.0,688.0,671.4000244140625,677.6500244140625,671.8528442382812,2756185,671.8528442382812,,689.0543823242188,-0.024963977484499522,-0.008631351896590922,0.6288899275673555,0.42903164494803303,631.9406115722657,541.2928228759765
2024-07-10,680.0,681.6500244140625,656.2000122070312,665.0,659.31103515625,7590766,659.31103515625,,689.0543823242188,-0.04316545679260142,-0.01866749421333569,0.6317339860980901,0.4296071372644547,632.6257653808593,542.3900520324707
2024-07-11,680.0,687.9500122070312,672.5999755859375,679.1500244140625,673.3399658203125,6139579,673.3399658203125,,689.0543823242188,-0.022805771078475146,0.02127816753550582,0.6339671639926653,0.43068528889205826,633.6448742675781,543.5628625488281
2024-07-12,680.5,682.4500122070312,673.75,676.5,670.712646484375,1807744,670.712646484375,,689.0543823242188,-0.026618705736949355,-0.003901920974996198,0.6313211875359588,0.4304390438737983,634.8041857910156,544.7161112976074
2024-07-15,686.5499877929688,690.4500122070312,681.5,684.2000122070312,678.3468017578125,2184021,678.3468017578125,,689.0543823242188,-0.015539529014080067,0.011382154956303348,0.628862625722054,0.42863511413835703,636.0015197753906,545.9082722473145
2024-07-16,689.4500122070312,692.0,683.25,685.3499755859375,679.4869384765625,2484802,679.4869384765625,,689.0543823242188,-0.013884889339771278,0.0016807578598374562,0.6072591910320917,0.4263394210635367,637.2859057617187,547.1476492309571
2024-07-18,685.3499755859375,692.4500122070312,679.0,690.25,684.3450317382812,3034365,684.3450317382812,,689.0543823242188,-0.006834512205049159,0.007149649223001653,0.32150619341776826,0.42540815415190575,638.9639929199219,548.4533262634277
2024-07-19,691.0499877929688,692.4500122070312,670.4000244140625,677.9000244140625,672.1007080078125,2613915,672.1007080078125,,689.0543823242188,-0.02460426165380525,-0.017892032765062016,0.2561923014063401,0.4266468215644799,640.6640771484375,549.7079133605957
2024-07-22,677.8499755859375,688.5999755859375,673.75,687.0999755859375,681.221923828125,3014997,681.221923828125,,689.0543823242188,-0.011366967103052739,0.013571204005049964,0.25416211497409613,0.42690589771526527,642.5347253417968,551.0335594177246
2024-07-23,688.0,695.0,662.5999755859375,691.3499755859375,685.435546875,4681258,685.435546875,,689.0543823242188,-0.005251886559392016,0.0061853896644965545,0.25065094049869463,0.4247236168197832,644.8899731445313,552.370636291504
2024-07-24,691.3499755859375,693.0,680.0999755859375,682.4000244140625,676.5621948242188,1157565,676.5621948242188,,689.0543823242188,-0.018129465279450252,-0.01294556737133945,0.24172752735954028,0.42532896016280713,646.9194836425781,553.6294914245606
2024-07-25,678.0999755859375,685.0,672.5,675.9000244140625,670.1177978515625,1226783,670.1177978515625,,689.0543823242188,-0.027481988299358995,-0.009525209983585636,0.24400806684958784,0.42570876855171674,648.693583984375,554.8526649475098
2024-07-26,676.0499877929688,691.4500122070312,676.0499877929688,686.4000244140625,680.5279541015625,1914855,680.5279541015625,,689.0543823242188,-0.012374100566483803,0.015534815346459396,0.2112922112357337,0.42407471517297085,650.2409619140625,556.1800308227539
2024-07-29,692.0,693.5,671.0,679.8499755859375,674.0339965820312,3176753,674.0339965820312,,689.0543823242188,-0.021798549036903148,-0.009542528679963747,0.21248459719037313,0.4159501546402753,651.5981665039062,557.4507093811035
2024-07-30,679.8499755859375,681.0499877929688,671.2000122070312,674.4500122070312,668.68017578125,1526425,668.68017578125,,689.0543823242188,-0.029568357833013703,-0.007942953660987406,0.20409115874256947,0.41104877660292716,652.8057897949219,558.6580458068847
2024-07-31,677.75,686.6500244140625,672.3499755859375,679.9500122070312,674.1331787109375,5007055,674.1331787109375,,689.0543823242188,-0.0216546095577409,0.008154874523260025,0.20497431137771158,0.4081698807805068,654.0176965332031,559.9052500915527
2024-08-01,680.0,681.0,655.0,664.0,658.319580078125,7613696,658.319580078125,,689.0543823242188,-0.04460432011537829,-0.023457677402929367,0.21403647244936613,0.4075456611531819,654.6958703613282,561.057571105957
2024-08-02,661.0,662.2999877929688,648.5999755859375,652.7999877929688,647.2153930664062,3552731,647.2153930664062,,689.0543823242188,-0.060719429889825594,-0.01686747189017368,0.21708709586980054,0.4084546761133376,655.1252722167969,562.1402854919434
2024-08-05,647.0,650.5499877929688,633.75,636.1500244140625,630.7078247070312,3071394,630.7078247070312,,689.0543823242188,-0.08467627391089416,-0.02550552495540115,0.2290785287657895,0.4107478042917799,654.9586267089844,563.1676446533203
2024-08-06,638.0999755859375,649.0,622.9500122070312,625.5499877929688,620.1985473632812,2519055,620.1985473632812,,689.0543823242188,-0.09992801254479067,-0.0166626715763859,0.23346593639978547,0.4107972091807826,654.8032104492188,564.107861328125
2024-08-07,634.0,648.0,633.5499877929688,643.2999877929688,637.7966918945312,2259244,637.7966918945312,,689.0543823242188,-0.07438845429992402,0.028375017332863628,0.2460222910429098,0.4133096720465301,655.0551110839843,565.0970245361328
2024-08-08,644.9500122070312,645.25,637.0999755859375,638.5,633.0377197265625,1121594,633.0377197265625,,689.0543823242188,-0.08129498053362483,-0.007461581768059222,0.2437803561934177,0.41332851937706205,655.2681750488281,566.0599217224121
2024-08-09,645.0,645.5,630.0999755859375,632.0,626.5933227539062,2605583,626.5933227539062,,689.0543823242188,-0.09064750355353357,-0.010180115294614489,0.24447645646888566,0.4134327519462834,655.3434558105469,567.018768157959
2024-08-12,621.0999755859375,641.0,617.75,635.4500122070312,630.0138549804688,3209718,630.0138549804688,,689.0543823242188,-0.08568340737432512,0.005458935009918564,0.24073673321784042,0.4124942488243177,655.7036193847656,567.9781605529785
2024-08-13,635.2999877929688,638.9500122070312,622.0999755859375,624.4000244140625,619.058349609375,1379099,619.058349609375,,689.0543823242188,-0.1015827407972405,-0.017389308638987577,0.21518973391114332,0.4129025960180119,655.5501110839843,568.8857406616211
2024-08-14,626.5,628.9000244140625,617.5,623.2000122070312,617.86865234375,930171,617.86865234375,,689.0543823242188,-0.10330930592205989,-0.0019217853476586333,0.2152337671351911,0.4114150037638051,654.6462902832031,569.8350657653808
2024-08-16,625.0,641.9500122070312,623.4500122070312,640.5,635.0206298828125,958226,635.0206298828125,,689.0543823242188,-0.07841725388807108,0.02775990896123348,0.2332829270386005,0.41399551708300425,656.343154296875,570.8481575012207
2024-08-19,643.0,643.6500244140625,632.2000122070312,633.7000122070312,628.2787475585938,938492,628.2787475585938,,689.0543823242188,-0.08820150676732563,-0.010616792600049663,0.23143704236363916,0.4134699964365514,657.0689416503906,571.8601588439941
2024-08-20,636.0,639.4500122070312,624.6500244140625,626.4500122070312,621.0908203125,1390850,621.0908203125,,689.0543823242188,-0.09863308870117604,-0.011440665905101954,0.23158369602500503,0.41391175519222234,657.4305444335937,572.9098609924316
2024-08-21,627.0,631.75,624.7999877929688,629.25,623.8668212890625,1038309,623.8668212890625,,689.0543823242188,-0.09460437769117003,0.004469557246339129,0.23255765863877007,0.4138847123588235,657.625263671875,573.9635583496093
2024-08-22,629.4500122070312,639.5,622.4500122070312,631.7999877929688,626.39501953125,5299763,626.39501953125,,689.0543823242188,-0.09093529393371713,0.004052464654176635,0.2326291650421666,0.41341395946913,657.4939428710937,575.0380519104004
2024-08-23,656.0,660.0,631.5999755859375,633.5999755859375,628.1795654296875,14351644,628.1795654296875,,689.0543823242188,-0.08834544624648799,0.002848914571148553,0.22772378328341156,0.41338894628248446,657.4101745605469,576.1167727661133
2024-08-26,638.9500122070312,639.9000244140625,625.4000244140625,627.6500244140625,622.2805786132812,3688932,622.2805786132812,,689.0543823242188,-0.09690643499821561,-0.009390606032164128,0.21820145408600264,0.41114084151199215,656.6361071777344,577.1427697753907
2024-08-27,628.7999877929688,629.8499755859375,622.0499877929688,624.4500122070312,619.10791015625,2374774,619.10791015625,,689.0543823242188,-0.10151081534672979,-0.005098453279871573,0.21829417310409827,0.41120207181150786,655.8816174316406,578.1405476379394
2024-08-28,626.0499877929688,627.25,615.0999755859375,616.4000244140625,611.1267700195312,2570418,611.1267700195312,,689.0543823242188,-0.11309355880131455,-0.01289135545805653,0.21613466139091617,0.41081540592056054,654.6760192871094,579.1863929748536
2024-08-29,617.7000122070312,619.0,600.7000122070312,612.5,607.2601318359375,6301579,607.2601318359375,,689.0543823242188,-0.1187050726132598,-0.006327063996018678,0.21575012058969667,0.4109117820903808,653.4545593261719,580.1484080505371
2024-08-30,612.6500244140625,621.6500244140625,609.4000244140625,617.0499877929688,611.7711791992188,3540177,611.7711791992188,,689.0543823242188,-0.1121583507883942,0.00742852548156403,0.21587290244639848,0.4107680594218711,652.4680712890626,581.1270475769043
2024-09-02,620.0,624.2000122070312,616.2999877929688,620.4000244140625,615.0925903320312,2224671,615.0925903320312,,689.0543823242188,-0.10733810551020695,0.005429172288174966,0.21305754223187126,0.410477835563839,651.6997009277344,582.1205642700195
2024-09-03,622.25,622.5,614.1500244140625,617.7999877929688,612.5148315429688,2546441,612.5148315429688,,689.0543823242188,-0.11107911471817045,-0.004190846759625222,0.20729311991861993,0.4068628491452202,650.9134851074218,583.1095942687988
2024-09-04,615.0,629.0,612.5999755859375,627.0999755859375,621.7352294921875,2347174,621.7352294921875,,689.0543823242188,-0.09769788068825569,0.015053346424268366,0.21240725157107043,0.4071142292162106,650.3057287597657,584.1375598144531
2024-09-05,628.9500122070312,636.75,627.4000244140625,631.8499755859375,626.444580078125,2834101,626.444580078125,,689.0543823242188,-0.09086336848320653,0.007574527487824501,0.21251823046950397,0.4069822154504858,649.96962890625,585.202416381836
2024-09-06,627.0,631.0,620.2999877929688,623.25,617.918212890625,2085086,617.918212890625,,689.0543823242188,-0.10323738047154929,-0.013610728640092384,0.21402042600945423,0.4073261896998285,649.2994128417969,586.2256294250489
2024-09-09,622.9000244140625,631.5,614.75,630.1500244140625,624.7592163085938,1675042,624.7592163085938,0.4402470919434396,689.0543823242188,-0.09330927669127342,0.011071049979197944,0.2111026787148681,0.4076565682076708,648.6946313476562,587.2766226196289
2024-09-10,630.1500244140625,631.0,623.7000122070312,627.0499877929688,621.6856689453125,1466555,621.6856689453125,0.4255280512729471,689.0543823242188,-0.09776980613876629,-0.0049195710652198965,0.210235553146664,0.4068744893939398,647.8380224609375,588.3184259033203
2024-09-11,627.0,632.0,620.6500244140625,623.0,617.6703491210938,1659410,617.6703491210938,0.4072306985905043,689.0543823242188,-0.10359709630224345,-0.0064587620799281265,0.20995200684433482,0.4067608157738884,646.410341796875,589.3315037536621
2024-09-12,626.0999755859375,629.7000122070312,620.5999755859375,628.1500244140625,622.7763061523438,1052634,622.7763061523438,0.4706964556354465,689.0543823242188,-0.09618700333682717,0.008266475861299583,0.2100017294311708,0.4068669825775718,645.1373266601563,590.3641804504394
2024-09-13,628.1500244140625,635.75,625.5,629.5999755859375,624.2138061523438,1898585,624.2138061523438,0.4554058905042879,689.0543823242188,-0.09410081095945455,0.002308212412384769,0.2007898062479882,0.4047445184431189,643.8861206054687,591.402067565918
2024-09-16,631.0,633.8499755859375,626.25,627.2999877929688,621.9335327148438,737033,621.9335327148438,0.42625808841483614,689.0543823242188,-0.09741009030807213,-0.0036530326869179675,0.19570076891852947,0.4029460115950311,642.7994970703126,592.4352255249023
2024-09-17,625.9500122070312,627.4000244140625,620.7000122070312,623.0,617.6703491210938,1091216,617.6703491210938,0.4195382644673542,689.0543823242188,-0.10359709630224345,-0.0068547254159789794,0.1826470330175395,0.4031590649293923,641.5502770996094,593.4762271118165
2024-09-18,623.0,626.0,615.0,620.0999755859375,614.7951049804688,736543,614.7951049804688,0.4208383067643269,689.0543823242188,-0.10776983536955287,-0.004654981649542145,0.1767082511328186,0.3989217348386105,640.2921325683594,594.4961804199219
2024-09-19,624.0,624.0,598.0,608.4000244140625,603.1952514648438,2512582,603.1952514648438,0.38863737771220896,689.0543823242188,-0.12460428822724756,-0.018867836490001788,0.16274458937625896,0.3998144157741575,638.9189807128906,595.4645594787597
2024-09-20,611.0,618.7999877929688,607.0499877929688,616.5499877929688,611.2754516601562,1799104,611.2754516601562,0.4080400729893243,689.0543823242188,-0.11287778244978264,0.0133956628068439,0.16760153723062945,0.40000644585373146,637.9582690429687,596.389814453125
2024-09-23,620.0,624.0,617.0999755859375,622.0499877929688,616.7284545898438,1601273,616.7284545898438,0.38373894860408053,689.0543823242188,-0.10496403417450972,0.00892069674134266,0.1677634820500822,0.3954582651652886,636.8260388183594,597.3203413391113
2024-09-24,620.0,623.9000244140625,615.9000244140625,618.2999877929688,613.0105590820312,1309122,613.0105590820312,0.3936327622785385,689.0543823242188,-0.11035968305678201,-0.0060284157154465445,0.16753622172790916,0.3955392659178982,635.6719970703125,598.2144863891601
2024-09-25,618.2999877929688,619.5999755859375,610.0,616.0499877929688,610.77978515625,1456337,610.77978515625,0.3920022801703702,689.0543823242188,-0.11359712553303003,-0.003639046493949083,0.16033107799218116,0.39556363923154414,634.3206567382813,599.0838862609863
2024-09-26,616.0499877929688,627.0499877929688,610.8499755859375,625.1500244140625,619.8019409179688,1936586,619.8019409179688,0.40843944246528485,689.0543823242188,-0.10050359330515779,0.014771536290138831,0.16614820316271062,0.39606096737281377,633.1269567871094,599.8375248718262
2024-09-27,625.0,636.4500122070312,623.1500244140625,634.0,628.5762329101562,3874843,628.5762329101562,0.428859637816454,689.0543823242188,-0.08776977690797982,0.014156606188086673,0.15044551141041723,0.39566518277741325,632.0115808105469,600.4645254516602
2024-09-30,634.0,643.2999877929688,628.0499877929688,632.5499877929688,627.1386108398438,4215188,627.1386108398438,0.4530163125385922,689.0543823242188,-0.08985614644163453,-0.0022871085399723823,0.14738613027447778,0.39567941654758765,631.1123388671875,601.1236291503906
2024-10-01,630.2000122070312,634.75,623.0,632.4500122070312,627.0394897460938,1508022,627.0394897460938,0.4816286122612832,689.0543823242188,-0.08999999734265574,-0.00015805292807158366,0.14336087222404725,0.394096611080015,630.0286901855469,601.7624681091309
2024-10-03,623.0,633.0,613.0499877929688,617.4500122070312,612.1678466796875,1552493,612.1678466796875,0.45344761600581496,689.0543823242188,-0.11158268144988603,-0.023717235213412513,0.1587815934365074,0.39504157848443594,628.5633361816406,602.3800785827636
2024-10-04,615.4500122070312,622.0,604.5999755859375,610.7000122070312,605.4755859375,1538542,605.4755859375,0.45514585545548125,689.0543823242188,-0.12129492030048894,-0.010932068351001134,0.16090585829071988,0.3954003237575134,627.1416040039062,602.916534576416
2024-10-07,615.0,619.3499755859375,586.6500244140625,590.3499755859375,585.2996215820312,3195158,585.2996215820312,0.4001707587815022,689.0543823242188,-0.15057557633146013,-0.03332250684266469,0.1854993560932382,0.3992451715026881,625.4452404785156,603.365207824707
2024-10-08,588.7000122070312,610.4000244140625,584.4500122070312,606.4000244140625,601.2123413085938,3481559,601.2123413085938,0.4153127143342277,689.0543823242188,-0.1274820148728013,0.027187305680381746,0.20281354643738872,0.4018940018291839,623.8589282226562,603.8553889465333
2024-10-09,610.0,617.4000244140625,605.75,607.9500122070312,602.7490844726562,3148946,602.7490844726562,0.41662287883645566,689.0543823242188,-0.1252517944381254,0.0025560738835095353,0.20270513377937666,0.4008443190836195,622.4332299804687,604.2978999328614
2024-10-10,610.7999877929688,613.4500122070312,582.0,585.25,580.2432861328125,6417410,580.2432861328125,0.3979920613300305,689.0543823242188,-0.15791365526822476,-0.03733858568948967,0.22636589684506966,0.4036363878843725,620.6644921875,604.6172560119629
2024-10-11,588.9500122070312,592.7999877929688,583.0499877929688,585.2000122070312,580.1937255859375,1939238,580.1937255859375,0.3817482624568953,689.0543823242188,-0.15798558071873547,-8.541339134715553e-05,0.22596247349180557,0.3913232534105697,618.785703125,604.9203016662598
2024-10-14,587.9500122070312,590.7999877929688,583.4000244140625,588.9000244140625,583.8621215820312,1202564,583.8621215820312,0.3666772103432039,689.0543823242188,-0.15266176870883275,0.006322708837275037,0.22560863788681615,0.26714137980121927,617.2965539550781,605.2579991149902
2024-10-15,590.2000122070312,597.0,586.5499877929688,590.3499755859375,585.2996215820312,1805205,585.2996215820312,0.37817330704860286,689.0543823242188,-0.15057557633146013,0.002462053876872483,0.22498471368442174,0.23492732036537156,616.0582385253906,605.7605435180664
2024-10-16,590.3499755859375,594.4500122070312,576.4000244140625,589.0499877929688,584.0108032226562,20191089,584.0108032226562,0.36497245178572135,689.0543823242188,-0.15244599235730083,-0.0022019805102408974,0.22485610082737167,0.23282476292814555,615.1242980957031,606.1901698303222
2024-10-17,588.0,595.7999877929688,569.2999877929688,571.25,566.363037109375,3483057,566.363037109375,0.31506659060051057,689.0543823242188,-0.17805756463081912,-0.030218218594413537,0.23400961025351114,0.23598029206174548,614.047587890625,606.5320515441895
2024-10-18,571.5,577.4000244140625,558.9500122070312,573.9500122070312,569.0399780273438,5208678,569.0399780273438,0.33817453873879333,689.0543823242188,-0.17417261594369338,0.004726545947686622,0.2330349917797703,0.2301103578382139,612.6724536132813,606.8796572875976
2024-10-21,574.2999877929688,577.9000244140625,566.2999877929688,571.9000244140625,567.0075073242188,3650658,567.0075073242188,0.3120459757322682,689.0543823242188,-0.17712226803975772,-0.0035717537986889036,0.23090455294760878,0.2301480023915328,611.3518493652343,607.1595230102539
2024-10-22,569.0,583.25,556.0999755859375,558.5,553.7221069335938,5527745,553.7221069335938,0.25856216335146986,689.0543823242188,-0.19640289483994244,-0.023430731020336104,0.2345707189134152,0.21942008602834345,609.8944250488281,607.3865530395508
2024-10-23,561.0,564.5499877929688,551.7000122070312,555.8499755859375,551.0947875976562,4336713,551.0947875976562,0.25118498057602556,689.0543823242188,-0.20021582949841654,-0.004744833740677357,0.23456472314349686,0.2193477167433175,608.3160437011719,607.5675799560547
2024-10-24,557.0,562.5499877929688,553.5,558.9000244140625,554.1187133789062,1330005,554.1187133789062,0.27435161802301655,689.0543823242188,-0.1958273140795752,0.005487124627746809,0.23598459578019762,0.2159178511863921,607.0172509765625,607.6974996948243
2024-10-25,556.0499877929688,561.0,545.2000122070312,552.7000122070312,547.9717407226562,1607719,547.9717407226562,0.2506904732385027,689.0543823242188,-0.20474819581827908,-0.011093241408085652,0.23425728336735196,0.21640942392711696,605.6193127441406,607.8134881591797
2024-10-28,552.7000122070312,582.25,547.0499877929688,569.4000244140625,564.5288696289062,6419282,564.5288696289062,0.2902268732789315,689.0543823242188,-0.18071942634670002,0.030215297023190812,0.2540684862128356,0.2225395707537135,604.2094775390625,607.9865625
2024-10-29,570.0,576.25,566.6500244140625,575.0,570.0809326171875,2417223,570.0809326171875,0.3319534941724398,689.0543823242188,-0.17266191574854683,0.00983486104427378,0.2568607200288702,0.22273428083180719,603.0455212402344,608.1214172363282
2024-10-30,574.9000244140625,585.75,570.4500122070312,579.7000122070312,574.74072265625,2364199,574.74072265625,0.3291805932376961,689.0543823242188,-0.16589932899400828,0.008173909654669353,0.25847217125750843,0.22330175598393226,602.1185192871094,608.3146615600585
2024-10-31,579.7000122070312,586.7999877929688,574.3499755859375,580.5499877929688,575.58349609375,2016146,575.58349609375,0.3515205028438888,689.0543823242188,-0.16467624202276332,0.0014663541389672297,0.25859007555172325,0.2233306382816064,601.1528527832031,608.5721682739257
2024-11-01,582.9500122070312,585.5,580.0499877929688,582.4500122070312,577.4672241210938,216563,577.4672241210938,0.40451581048791274,689.0543823242188,-0.16194245485637182,0.0032727276583290887,0.25401014203492367,0.22247884158168263,600.174296875,608.8638055419922
2024-11-04,579.9500122070312,580.7000122070312,566.0,571.4000244140625,566.5117797851562,1059806,566.5117797851562,0.37127638725934453,689.0543823242188,-0.17784169970114616,-0.018971543108116107,0.25502808531825283,0.22322409220066908,598.9409411621094,609.0959704589844
2024-11-05,571.0,575.0,565.3499755859375,572.0,567.1066284179688,625470,567.1066284179688,0.3781572720258981,689.0543823242188,-0.17697841713873652,0.0010500198831489005,0.2530025849713742,0.22295752219874634,597.8374621582032,609.2713076782227
2024-11-06,572.0,585.0,572.0,582.6500244140625,577.66552734375,1682970,577.66552734375,0.4006206434882713,689.0543823242188,-0.16165466447618826,0.018618895277660474,0.26014232622470174,0.22389282573226502,597.0086145019532,609.5283517456055
2024-11-07,584.2000122070312,585.0499877929688,569.4000244140625,570.7000122070312,565.8177490234375,822608,565.8177490234375,0.3566130061822286,689.0543823242188,-0.17884892174271827,-0.020509754796675383,0.2656882985592913,0.21651927258924708,596.1024340820312,609.730852355957
2024-11-08,574.7000122070312,574.7000122070312,561.5,564.9000244140625,560.0673828125,901220,560.0673828125,0.33491660648167776,689.0543823242188,-0.1871942227210549,-0.010162930061600628,0.26147188289878015,0.2169222926248154,595.1585791015625,609.9181924438476
2024-11-11,564.0,567.7999877929688,558.5499877929688,560.4000244140625,555.6058959960938,745179,555.6058959960938,0.3822496555022832,689.0543823242188,-0.1936690190954099,-0.007965982225213608,0.25649525579161875,0.21709005974274506,594.0352734375,610.1235049438477
2024-11-12,561.9500122070312,565.5,554.5,556.5999755859375,551.83837890625,761972,551.83837890625,0.330189013742642,689.0543823242188,-0.19913668200633383,-0.0067809163239517245,0.25656850171410517,0.21610645904976022,592.7701892089843,610.2921871948242
2024-11-13,554.0,558.25,541.25,545.3499755859375,540.6845703125,838603,540.6845703125,0.2995873366984263,689.0543823242188,-0.21532380580943278,-0.02021209292448445,0.26042665984013247,0.2177777321345747,591.333583984375,610.3410977172852
2024-11-14,545.3499755859375,552.2999877929688,541.0499877929688,544.5,539.8419189453125,1535042,539.8419189453125,0.2964837990645579,689.0543823242188,-0.21654671562439576,-0.0015584897617856308,0.2542832418222183,0.21777450777726062,589.6957177734375,610.4453500366211
2024-11-18,541.0,555.0,537.9000244140625,550.5499877929688,545.840087890625,1707792,545.840087890625,0.31620078004712426,689.0543823242188,-0.20784178739350578,0.011110972925242768,0.2571146054137096,0.21868657544321624,588.0836279296875,610.5677313232422
2024-11-19,551.0499877929688,560.3499755859375,546.9000244140625,549.5499877929688,544.8486328125,1267125,544.8486328125,0.30928499220270833,689.0543823242188,-0.20928065071628266,-0.0018163837726841159,0.24087254517873405,0.21690675177457533,586.622236328125,610.5235418701172
2024-11-21,494.6000061035156,500.0,453.0499877929688,484.1499938964844,480.0081787109375,38274180,480.0081787109375,0.1609170833612572,689.0543823242188,-0.3033812845194551,-0.11900636286239186,0.4033599089683528,0.2892060746066016,583.7272155761718,610.086205444336
2024-11-22,477.1499938964844,514.8499755859375,477.1499938964844,499.8500061035156,495.5738525390625,11645446,495.5738525390625,0.1991364780429199,689.0543823242188,-0.28079137837065293,0.03242793460296167,0.4186065958225765,0.2954150952335473,581.2049792480469,609.7427597045898
2024-11-25,513.5,514.2999877929688,503.2000122070313,504.9500122070313,500.6302490234375,5805213,500.6302490234375,0.20761663391199314,689.0543823242188,-0.27345321085574725,0.010203113942490516,0.4104241096442769,0.29525708903252107,578.8641772460937,609.4767373657227
2024-11-26,507.2999877929688,508.2999877929688,491.7000122070313,493.7000122070313,489.4764709472656,4602794,489.4764709472656,0.18424110927526116,689.0543823242188,-0.2896402903697757,-0.02227947292024235,0.41334928515914793,0.2968552389062835,576.1981805419922,609.1314701843262
2024-11-27,497.0,523.5,489.0499877929688,515.0,510.5942687988281,8458453,510.5942687988281,0.23018525401427814,689.0543823242188,-0.25899278504467926,0.04314364245270874,0.4355307924794562,0.3064520525572719,573.9257897949219,608.9296005249023
2024-11-28,518.5,522.5499877929688,510.6499938964844,513.0,508.6113586425781,6194006,508.6113586425781,0.221915667159162,689.0543823242188,-0.261870511690233,-0.003883533908272785,0.4350909009186429,0.3054268977112074,571.6593463134766,608.7296775817871
2024-11-29,515.5,535.7000122070312,513.5,531.5,526.953125,6608627,526.953125,0.26477942500850227,689.0543823242188,-0.23525176166421324,0.036062439514472855,0.4505453623973179,0.31112732077534194,569.8450018310547,608.5641328430175
2024-12-02,532.0,541.0,530.0499877929688,538.7999877929688,534.1906127929688,3153526,534.1906127929688,0.286270446057181,689.0543823242188,-0.22474825427985223,0.013734595070422628,0.44546379584676854,0.3119897801963811,568.2329119873046,608.4268678283692
2024-12-03,541.0999755859375,571.9500122070312,539.0,566.5499877929688,561.7032470703125,5596923,561.7032470703125,0.3717810914898243,689.0543823242188,-0.18482015138535768,0.05150340275261733,0.47108304755238517,0.32431583130048264,567.403071899414,608.4511363220215
2024-12-04,572.7000122070312,572.7000122070312,560.4000244140625,564.7000122070312,559.8690795898438,1530852,559.8690795898438,0.3628603308461924,689.0543823242188,-0.18748201310123858,-0.003265367416042664,0.4710636380478267,0.3240655822084212,566.3749444580078,608.4027253723144
2024-12-05,569.0,573.3499755859375,563.4000244140625,571.0999755859375,566.2142944335938,3051624,566.2142944335938,0.38263105373499173,689.0543823242188,-0.17827342956049208,0.011333390385477982,0.46678031870832615,0.32350562305458946,565.3646612548828,608.4488078308106
2024-12-06,571.7000122070312,573.5499877929688,564.5,565.2999877929688,560.4639282226562,855417,560.4639282226562,0.3149501848097769,689.0543823242188,-0.18661873053882883,-0.01015581250326758,0.46763974866333435,0.3235486465903099,564.3137286376954,608.4426625061035
2024-12-09,568.0,576.75,565.0,571.2999877929688,566.41259765625,1156965,566.41259765625,0.3153326595636192,689.0543823242188,-0.17798563918030852,0.010613831031834886,0.4683028702209613,0.3240466810229429,563.4263848876953,608.4531632995605
2024-12-10,571.75,574.5499877929688,566.0999755859375,573.5,568.5938110351562,1086901,568.5938110351562,0.30957617211071065,689.0543823242188,-0.1748201221545712,0.003850926670649457,0.4669030986894009,0.3237585787069422,562.402222290039,608.4678977966308
2024-12-11,578.0,584.2000122070312,575.4500122070312,578.4500122070312,573.50146484375,2670785,573.50146484375,0.31266127995206583,689.0543823242188,-0.16769781956933838,0.008631212147137246,0.45956867595505496,0.3220948865916349,561.3007269287109,608.4436622619629
2024-12-12,578.0,579.7000122070312,570.2000122070312,571.75,566.8587646484375,2304456,566.8587646484375,0.208462844449256,689.0543823242188,-0.17733813296943068,-0.01158270833209174,0.46016187729103764,0.3214935165928813,560.0951300048828,608.3874485778808
2024-12-13,570.0,574.9500122070312,564.0499877929688,572.75,567.8502197265625,2266790,567.8502197265625,0.1285317418801164,689.0543823242188,-0.1758992696466538,0.0017490336922634242,0.4595750476102501,0.3188986979388581,558.9113446044922,608.3166700744629
2024-12-16,573.25,578.75,571.8499755859375,576.9500122070312,572.0142822265625,1121729,572.0142822265625,0.15484281026132396,689.0543823242188,-0.1698561145535037,0.007333029653497691,0.4600497051794056,0.31807999187743524,558.1082733154296,608.271654510498
2024-12-17,576.0,578.5,569.5499877929688,571.0999755859375,566.2142944335938,1085240,566.2142944335938,0.13408049505703956,689.0543823242188,-0.17827342956049208,-0.010139585624317493,0.46091686442640395,0.3146240354717878,557.3230474853516,608.1731745910645
2024-12-18,577.0,579.0,563.0999755859375,564.5499877929688,559.7203369140625,1635003,559.7203369140625,0.14545216995512855,689.0543823242188,-0.18769787803091142,-0.011469080846903346,0.45877402659252314,0.3149240074862928,556.8114617919922,607.9918132019043
2024-12-19,555.75,564.4000244140625,553.6500244140625,563.2999877929688,558.4810180664062,1365391,558.4810180664062,0.12103275896985788,689.0543823242188,-0.18949645718438257,-0.002214175126258655,0.458807841127196,0.31456030602025836,555.9568353271484,607.7763313293457
2024-12-20,563.5,569.5999755859375,547.0,548.7999877929688,544.1051025390625,2113009,544.1051025390625,0.09794907502601968,689.0543823242188,-0.21035970963022432,-0.02574109962970017,0.46109764216859733,0.3170471728935844,554.7839556884766,607.5149168395997
2024-12-23,551.0,554.5,547.25,550.6500244140625,545.9392700195312,832775,545.9392700195312,0.08498645232994151,689.0543823242188,-0.20769784791434354,0.003370980113786226,0.45775555016357494,0.31598857582452494,554.0978753662109,607.3323594665527
2024-12-24,552.0,557.0,542.0,543.0999755859375,538.453857421875,978111,538.453857421875,0.04707266260048004,689.0543823242188,-0.21856115970753975,-0.01371107192451726,0.45850296331848445,0.31668052194362556,553.2630780029297,607.0300856018066
2024-12-26,544.0,550.75,540.4000244140625,548.7999877929688,544.1051025390625,1688865,544.1051025390625,0.053707459835654836,689.0543823242188,-0.21035970963022432,0.010495319216851318,0.4591488940629048,0.31349257510455336,552.4679376220703,606.6982432556152
2024-12-27,550.0,553.4500122070312,546.5,547.9500122070312,543.2623901367188,1167271,543.2623901367188,0.04557062632431763,689.0543823242188,-0.21158270802332835,-0.0015488044468086049,0.4587549212131254,0.3131142334263955,551.627192993164,606.3644114685059
2024-12-30,548.0,558.9000244140625,541.4500122070312,544.5999755859375,539.9410400390625,3433945,539.9410400390625,0.0457435075412882,689.0543823242188,-0.21640286472337444,-0.006113712559451034,0.45519006541097257,0.3127579970806601,550.7457977294922,606.0339891052246
2024-12-31,545.9500122070312,549.0499877929688,533.5,535.7999877929688,531.21630859375,1065733,531.21630859375,0.09576413842881704,689.0543823242188,-0.2290647556700418,-0.016158674370596704,0.45768737956971023,0.31357366950427656,550.0428631591797,605.7330891418457
2025-01-01,537.0,542.0,530.5499877929688,538.5999755859375,533.9923095703125,844154,533.9923095703125,0.07208956265466404,689.0543823242188,-0.2250360446600358,0.0052257450150789975,0.45674963325975676,0.31363954185470994,549.341909790039,605.4220988464356
2025-01-02,544.0,550.7000122070312,538.5,549.8499755859375,545.1460571289062,2762768,545.1460571289062,0.09470004586338487,689.0543823242188,-0.2088490094350779,0.020887468524722452,0.4608222634583696,0.3158045734202045,548.9046807861328,605.1723143005371
2025-01-03,551.7999877929688,553.7000122070312,546.0499877929688,548.7000122070312,544.0059814453125,2142459,544.0059814453125,0.08906001032609945,689.0543823242188,-0.21050356053124564,-0.0020913215250939476,0.29063359037836584,0.315515883783668,548.7103582763672,604.9884928894043
2025-01-06,547.6500244140625,548.0,526.0999755859375,529.9000244140625,525.3667602539062,3644057,525.3667602539062,0.02804585856537356,689.0543823242188,-0.2375539961275408,-0.03426289751793843,0.298787012353625,0.3202509073286918,548.1957977294921,604.8513423156738
2025-01-07,532.6500244140625,539.7000122070312,525.2999877929688,535.75,531.166748046875,758887,531.166748046875,0.04495361631151584,689.0543823242188,-0.2291366811205524,0.011039883433366926,0.2989935570750552,0.3203686476369034,547.7367584228516,604.6285301208496
2025-01-08,537.0,540.5499877929688,530.25,538.0499877929688,533.447021484375,1397351,533.447021484375,0.03604194810115002,689.0543823242188,-0.22582740177193483,0.004292952158403418,0.28991161072134186,0.3203942987106724,547.4462640380859,604.3266749572754
2025-01-09,539.0,539.9000244140625,522.1500244140625,525.25,520.7565307617188,1332797,520.7565307617188,-0.013970363898596516,689.0543823242188,-0.24424465743156876,-0.02378959898837485,0.27389790345785475,0.32225822353786754,546.5708172607422,604.0409385681153
2025-01-10,522.0999755859375,523.9500122070312,508.4500122070313,511.25,506.8763427734375,1984355,506.8763427734375,-0.03410554533212651,689.0543823242188,-0.26438847821602207,-0.026653891345305825,0.2850065917958612,0.32474503292283424,545.3067254638672,603.7073005676269
2025-01-13,504.0,514.0,491.2000122070313,493.2000122070313,488.9807739257813,2284737,488.9807739257813,-0.0772450386778053,689.0543823242188,-0.2903596777420935,-0.03530559100418529,0.2816642752081864,0.3294960190524355,543.5915264892578,603.3037068176269
2025-01-14,494.1000061035156,517.4000244140625,494.1000061035156,515.3499755859375,510.9412536621094,1755495,510.9412536621094,-0.05923060256133916,689.0543823242188,-0.2584892183129638,0.044910722276498616,0.31017354455566293,0.33763073828836454,542.298681640625,602.9562911987305
2025-01-15,518.0,524.9000244140625,512.75,519.2999877929688,514.8574829101562,1765699,514.8574829101562,-0.03960958310909224,689.0543823242188,-0.2528057347614374,0.0076647348789664616,0.26855484066710766,0.33763797628182995,541.0464868164063,602.6178308105468
2025-01-16,534.0,543.0999755859375,528.2000122070312,540.1500244140625,535.5291137695312,4303187,535.5291137695312,0.02184191996750262,689.0543823242188,-0.22280573564721873,0.04015019990101276,0.29592861884619165,0.3442983015763782,540.4268334960938,602.3545574951172
2025-01-17,542.0,542.6500244140625,530.2000122070312,536.25,531.6624755859375,964325,531.6624755859375,0.02412202992245338,689.0543823242188,-0.22841724945916397,-0.0072202203095493855,0.2939175623819119,0.3437898876043682,539.7179504394531,602.0400729370117
2025-01-20,538.75,539.0999755859375,530.0,535.3499755859375,530.7701416015625,669217,530.7701416015625,0.02055716420112219,689.0543823242188,-0.22971226188091964,-0.0016783843610395088,0.2928813711488318,0.3437428107374158,538.7800427246094,601.6675033569336
2025-01-21,535.3499755859375,548.6500244140625,530.5499877929688,531.75,527.2009887695312,2560552,527.2009887695312,-0.009093683211864767,689.0543823242188,-0.23489204583351897,-0.006724479303341302,0.2908772937491234,0.34375391321358245,538.0077075195312,601.2318655395508
2025-01-22,533.75,538.6500244140625,526.4000244140625,536.6500244140625,532.05908203125,1658282,532.05908203125,0.011025737080718523,689.0543823242188,-0.22784166869879685,0.00921487888908823,0.29226333743949956,0.3438340218615548,537.4475415039062,600.7552795410156
2025-01-23,535.7999877929688,552.0,530.75,548.7999877929688,544.1051025390625,1841473,544.1051025390625,0.035764030411288505,689.0543823242188,-0.21035970963022432,0.0226403813310061,0.2994436061672507,0.3461487674447998,537.2175256347656,600.3376879882812
2025-01-24,551.9000244140625,561.9000244140625,547.0,551.7999877929688,547.0794677734375,3859868,547.0794677734375,0.04684296263560084,689.0543823242188,-0.2060431196618937,0.005466527000932642,0.29857094504973164,0.3463083782672714,537.1223474121093,599.9856271362305
2025-01-27,548.75,552.2000122070312,533.3499755859375,534.9000244140625,530.3240356445312,1868811,530.3240356445312,0.030669210354722587,689.0543823242188,-0.23035967951365643,-0.030627053501202095,0.31047645787579226,0.349679008043773,536.91513671875,599.5374331665039
2025-01-28,539.9000244140625,550.9500122070312,526.1500244140625,543.1500244140625,538.5034790039062,1310270,538.5034790039062,0.0393774837776204,689.0543823242188,-0.2184891456788881,0.015423482266712751,0.3134815175661516,0.35076978412233284,536.8883679199218,599.1135800170898
2025-01-29,543.0,551.0999755859375,518.0,522.0999755859375,517.6334838867188,11092387,517.6334838867188,-0.02499325730780222,689.0543823242188,-0.2487770237514313,-0.0387555437075201,0.3305837842004589,0.3551535158257778,536.3242358398437,598.6221969604492
2025-01-30,528.2999877929688,528.2999877929688,497.1000061035156,509.5499877929688,505.19085693359375,10002380,505.19085693359375,-0.026591185672707907,689.0543823242188,-0.26683456358037094,-0.024037523345085576,0.33542714688447983,0.35624656528976467,535.5310803222657,598.0559976196289
2025-01-31,511.0,518.2999877929688,509.5499877929688,512.7999877929688,508.4130554199219,2315032,508.4130554199219,-0.02484018719214709,689.0543823242188,-0.26215830207041657,0.006378180527427224,0.33656797312628156,0.3560540475733278,536.0991778564453,597.5889402770996
2025-02-01,516.0,517.7000122070312,487.0,501.5,497.2097473144531,5527354,497.2097473144531,-0.1020013558798889,689.0543823242188,-0.2784172627458852,-0.022035838745752545,0.33454899285721823,0.3575852217715657,536.1318957519532,597.0757510375977
2025-02-03,500.0,500.0,486.5499877929688,495.1499938964844,490.9140625,4400205,490.9140625,-0.1349157915047865,689.0543823242188,-0.2875539651251915,-0.012662030156201931,0.3352118180844615,0.3580160446324954,535.9375720214844,596.4782006835937
2025-02-04,498.2000122070313,514.75,497.5,513.7000122070312,509.3053894042969,3229502,509.3053894042969,-0.09739715529181814,689.0543823242188,-0.260863289648661,0.037463434660311545,0.35372749234195877,0.36303431998365915,536.334150390625,595.9839741516113
2025-02-05,516.9000244140625,526.3499755859375,512.25,521.7999877929688,517.3360595703125,1748997,517.3360595703125,-0.06590171421115298,689.0543823242188,-0.24920866503263617,0.015767887662466284,0.35562094105730074,0.3632462419995048,536.4689862060546,595.5575776672363
2025-02-06,521.5,524.4500122070312,512.0,514.1500244140625,509.7515869140625,745901,509.7515869140625,-0.08733340807963852,689.0543823242188,-0.26021573914871265,-0.014660630195678759,0.3576809163881282,0.36387341075408774,536.4917907714844,595.0603926086426
2025-02-07,514.1500244140625,522.4500122070312,507.2999877929688,512.75,508.3634948730469,2084178,508.3634948730469,-0.07732697777782205,689.0543823242188,-0.2622302275209273,-0.002723075467835012,0.3574666912189954,0.3638612718593323,536.1199981689454,594.4561856079101
2025-02-10,517.0,519.9500122070312,504.0499877929688,506.75,502.4148254394531,2018861,502.4148254394531,-0.08418057416638447,689.0543823242188,-0.2708633188794476,-0.01170160621993388,0.3561377940986393,0.3623890772662345,535.484482421875,593.7831907653808
2025-02-11,508.0,512.0999755859375,493.3500061035156,499.8999938964844,495.6234130859375,2784189,495.6234130859375,-0.11505628179947003,689.0543823242188,-0.28071945292014233,-0.013517539709492654,0.35715165626856266,0.3625967047456459,534.1628857421875,593.1063874816895
2025-02-12,502.0,505.6000061035156,481.2999877929688,501.1000061035156,496.8131713867188,1909072,496.8131713867188,-0.11542986071785277,689.0543823242188,-0.2789927992171818,0.0024005288478472497,0.3507108360076628,0.3587543054788829,532.901767578125,592.4651866149902
2025-02-13,505.0,510.5499877929688,500.0499877929688,502.5,498.201171875,1036149,498.201171875,-0.10532176355299983,689.0543823242188,-0.27697844371217883,0.002793807749514654,0.35108879466901305,0.3555270546452106,531.5415051269531,591.8442698669434
2025-02-14,502.75,508.1499938964844,483.7999877929688,489.5,485.3124084472656,2619355,485.3124084472656,-0.14790391241391554,689.0543823242188,-0.2956834454629258,-0.025870600382626563,0.3453262416543837,0.3577089106185568,530.0384747314453,591.2070965576172
2025-02-17,488.0,490.6499938964844,479.2000122070313,488.2999877929688,484.1226806640625,2529934,484.1226806640625,-0.13083556472316227,689.0543823242188,-0.2974100548768157,-0.002451467884387326,0.34296518083313104,0.35271979049645624,528.3926763916015,590.5353094482422
2025-02-18,491.8999938964844,493.4500122070313,474.1000061035156,486.75,482.5859375,2265606,482.5859375,-0.14083682122941577,689.0543823242188,-0.2996402753114916,-0.0031742845882670734,0.34229375373894105,0.3527161245606028,526.6725189208985,589.8719009399414
2025-02-19,478.0499877929688,490.3999938964844,474.0499877929688,479.8999938964844,475.7944946289063,1721933,475.7944946289063,-0.15685981421623785,689.0543823242188,-0.3094964536412569,-0.014073022737206675,0.3383283103337009,0.35303803089084757,524.7183795166015,589.2486700439454
2025-02-20,480.0499877929688,484.2999877929688,477.6000061035156,482.8500061035156,478.7192993164063,1676642,478.7192993164063,-0.15367822314376411,689.0543823242188,-0.30525178912343687,0.0061472016185919465,0.331508532522981,0.35322435009552816,522.955590209961,588.7067840576171
2025-02-21,483.1000061035156,486.5,476.0,481.9500122070313,477.8269958496094,3329038,477.8269958496094,-0.17380794357080875,689.0543823242188,-0.306546757256122,-0.0018639387801392404,0.3158428946492221,0.35322420292413553,521.1551257324219,588.1574714660644
2025-02-24,477.0,478.8999938964844,469.0,470.3999938964844,466.3757934570313,2118594,466.3757934570313,-0.19326313411176432,689.0543823242188,-0.3231654780513552,-0.023965164153643137,0.29181172072031686,0.35196132469289565,519.0423559570313,587.6509846496582
2025-02-25,472.0,473.8500061035156,466.7000122070313,469.25,465.2356262207031,3465845,465.2356262207031,-0.2006342033551166,689.0543823242188,-0.3248201620147346,-0.0024447393117825733,0.29010497590749196,0.3517831258775271,517.0227825927734,587.1017294311523
2025-02-27,470.0,472.8500061035156,459.1499938964844,469.7999877929688,465.7809448242188,4261863,465.7809448242188,-0.19833562847363406,689.0543823242188,-0.32402876061376495,0.0011721342321642236,0.25990247560008534,0.35181217459738695,515.1439947509766,586.5235702514649
2025-02-28,467.8999938964844,468.6499938964844,458.0,464.9500122070313,460.972412109375,3502154,460.972412109375,-0.2132371983115049,689.0543823242188,-0.33100721229797647,-0.010323592599217446,0.2603388891965372,0.35022459826134267,513.1938226318359,585.8126370239257
2025-03-03,465.0,474.1000061035156,455.0,471.7999877929688,467.7638244628906,2019207,467.7638244628906,-0.21515164300791123,689.0543823242188,-0.32115107825728173,0.014732795662192988,0.2662254380569852,0.35127404886555874,511.6669970703125,585.120587310791
2025-03-04,469.8999938964844,480.8500061035156,465.6499938964844,475.0,470.9364318847656,1247846,470.9364318847656,-0.21716401298506816,689.0543823242188,-0.3165467864869086,0.006782498466010978,0.26792657932000985,0.35135443677557066,510.1669403076172,584.4337744140626
2025-03-05,474.0499877929688,493.0,474.0,491.1000061035156,486.8987121582031,2223913,486.8987121582031,-0.18358734287147938,689.0543823242188,-0.2933812995777392,0.03389476624170662,0.28706239808949907,0.3559320720600871,509.1358374023437,583.8005787658691
2025-03-06,491.1499938964844,500.6499938964844,487.0,498.5,494.2353820800781,3280234,494.2353820800781,-0.15145548934791442,689.0543823242188,-0.2827338527142158,0.015068164566208964,0.28202709743811205,0.3530545761527513,508.13844299316406,583.1497012329102
2025-03-07,497.5,505.3999938964844,491.9500122070313,499.7999877929688,495.5242614746094,1851476,495.5242614746094,-0.17262127084798506,689.0543823242188,-0.28086334811023406,0.002607825018732468,0.2813982612289114,0.352620318875612,507.18368041992187,582.4985960388184
2025-03-10,498.0,508.0,486.8999938964844,489.6000061035156,485.41156005859375,1626327,485.41156005859375,-0.2048606483563935,689.0543823242188,-0.29553955027283396,-0.020408085339599036,0.27419123499906034,0.3536863156451691,506.0930908203125,581.7304533386231
2025-03-11,485.0,497.0499877929688,480.1000061035156,495.5499877929688,491.3106384277344,1903051,491.3106384277344,-0.19461067958843437,689.0543823242188,-0.2869784286538948,0.012152735646486335,0.2724605353454934,0.35440201820516787,505.2949774169922,581.0471597290039
2025-03-12,495.5499877929688,501.9500122070313,485.3999938964844,489.2000122070313,485.0149841308594,2004582,485.0149841308594,-0.19967893435089223,689.0543823242188,-0.29611508674413056,-0.012813999544202814,0.25244190277946654,0.3548099573081236,504.3154309082031,580.3462263488769
2025-03-13,491.8999938964844,493.6000061035156,484.3999938964844,485.7999877929688,481.64404296875,1626551,481.64404296875,-0.18558157713394496,689.0543823242188,-0.3010072131837579,-0.006950179422085423,0.24423070401233524,0.3537200649870522,503.045390625,579.6425239562989
2025-03-17,488.0,494.75,486.1000061035156,490.5499877929688,486.3534240722656,2759538,486.3534240722656,-0.18423133005043113,689.0543823242188,-0.2941726566896382,0.009777721062401268,0.24537674783157962,0.35420290802953236,501.89233947753905,578.9601446533203
2025-03-18,490.5499877929688,490.5499877929688,490.5499877929688,490.5499877929688,486.3534240722656,0,486.3534240722656,-0.18274071613337495,689.0543823242188,-0.2941726566896382,0.0,0.23742667632418385,0.35258185990687835,501.11207275390626,578.331883392334
2025-03-19,498.0,508.75,498.0,507.0499877929688,502.7122497558594,1284144,502.7122497558594,-0.13440428823352613,689.0543823242188,-0.2704316775982427,0.033635674951397077,0.25434986891971334,0.35601012782528063,500.54298278808596,577.7117758178711
2025-03-20,508.0,512.4500122070312,503.3999938964844,504.7000122070313,500.3823547363281,1239801,500.3823547363281,-0.09481696195129874,689.0543823242188,-0.27381297097551194,-0.004634649385732659,0.22987112559199108,0.35572991165048395,499.881689453125,576.8983891296386
2025-03-21,505.0,517.0,505.0,514.5,510.0985412597656,4271244,510.0985412597656,-0.11399568969675533,689.0543823242188,-0.2597122167060677,0.019417524282120846,0.23234394387683405,0.35715927702589845,499.66852966308596,576.6979946899414
2025-03-24,516.9000244140625,522.0,510.5499877929688,519.2999877929688,514.8574829101562,2892707,514.8574829101562,-0.13297098451400768,689.0543823242188,-0.2528057347614374,0.00932945551782538,0.22990958771363457,0.3573990431329663,499.8281524658203,576.3123352050782
2025-03-25,530.0,538.6500244140625,518.1500244140625,520.5499877929688,516.0967407226562,6690237,516.0967407226562,-0.10695044218776273,689.0543823242188,-0.2510072441861073,0.002406991941722003,0.2297783268594506,0.3558700746592492,500.3704718017578,575.8777655029297
2025-03-26,522.0,537.7000122070312,519.5499877929688,532.4500122070312,527.8949584960938,4409160,527.8949584960938,-0.07968736084032146,689.0543823242188,-0.23388491237008802,0.02286047719835871,0.23545807917979208,0.3579580199920689,500.7095458984375,575.4465859985352
2025-03-27,530.0499877929688,545.2999877929688,526.2000122070312,542.7999877929688,538.1563720703125,3250046,538.1563720703125,-0.05536805022778657,689.0543823242188,-0.21899288956688567,0.01943836251714215,0.23625319070458872,0.35895915519186605,501.17552368164064,574.9725625610351
2025-03-28,544.9000244140625,552.0,536.2999877929688,538.3499755859375,533.7444458007812,1557007,533.7444458007812,-0.08042379585502046,689.0543823242188,-0.22539576049072996,-0.008198223599134136,0.23841739458909733,0.3592144312466794,501.13983032226565,574.4794448852539
2025-04-01,538.0,542.8499755859375,529.2000122070312,529.9000244140625,525.3667602539062,953159,525.3667602539062,-0.09815954584067965,689.0543823242188,-0.2375539961275408,-0.015696061313211218,0.24417348019329715,0.2987952297239155,501.013916015625,573.8013589477539
2025-04-02,527.5999755859375,536.5499877929688,524.3499755859375,534.0499877929688,529.4812622070312,1395075,529.4812622070312,-0.09980301558514793,689.0543823242188,-0.2315827664849014,0.007831675439718522,0.23000994580228765,0.2943124560861025,500.9881384277344,573.1646032714843
2025-04-03,530.6500244140625,544.2000122070312,530.5,540.7000122070312,536.0744018554688,857218,536.0744018554688,-0.09836693627241899,689.0543823242188,-0.2220143785353197,0.012452073603049563,0.23098941660415365,0.294537612683556,501.1656066894531,572.4879418945312
2025-04-04,540.5999755859375,543.9500122070312,525.5999755859375,528.2000122070312,523.6813354492188,1254580,523.6813354492188,-0.13481723356338338,689.0543823242188,-0.23999999291374874,-0.023118183527053193,0.2429249723701304,0.29472802386150376,500.9980517578125,571.7646829223632
2025-04-07,495.0,532.0,480.3500061035156,525.2000122070312,520.7069702148438,3055609,520.7069702148438,-0.15239659900057212,689.0543823242188,-0.24431658288207936,-0.005679723589582464,0.23903370863390921,0.2861206320410556,500.53008911132815,571.062739868164
2025-04-08,535.0,539.0999755859375,527.4500122070312,536.7999877929688,532.207763671875,1899103,532.207763671875,-0.15169288485487742,689.0543823242188,-0.22762589234726494,0.022086882094714433,0.2451730437326566,0.28831716893543097,500.2326550292969,570.4562231445312
2025-04-09,536.7999877929688,552.2999877929688,531.1500244140625,547.7999877929688,543.1136474609375,4262270,543.1136474609375,-0.13465043505862406,689.0543823242188,-0.2117985729530012,0.02049177883805986,0.24932906036026323,0.2840503141102558,500.488447265625,569.9126632690429
2025-04-11,553.75,556.7999877929688,544.0,548.6500244140625,543.9564208984375,3541770,543.9564208984375,-0.11908698472657309,689.0543823242188,-0.21057548598175624,0.0015517441725869663,0.23464165967541153,0.28317247080472324,500.5975061035156,569.3718301391601
2025-04-15,555.0,559.2000122070312,550.25,558.0499877929688,553.2759399414062,2937116,553.2759399414062,-0.10756594825621457,689.0543823242188,-0.19705040105082017,0.01713284131764814,0.23592168771088107,0.2711818120565051,501.3103552246094,568.9219619750977
2025-04-16,559.9500122070312,566.5,552.4000244140625,565.75,560.9100952148438,3073452,560.9100952148438,-0.10005872662233395,689.0543823242188,-0.185971224327951,0.013798097336829684,0.23656009754149276,0.2721058620774823,502.4247399902344,568.4693673706055
2025-04-17,565.75,571.0999755859375,562.1500244140625,569.7999877929688,564.9254150390625,2468247,564.9254150390625,-0.08277941954823231,689.0543823242188,-0.18014393416447383,0.00715858006206993,0.2312376972389982,0.271710104772013,503.5549871826172,568.0190029907227
2025-04-21,572.2999877929688,582.2999877929688,567.8499755859375,578.9000244140625,573.9476318359375,3429479,573.9476318359375,-0.07192898324172758,689.0543823242188,-0.16705031335846054,0.015970633568063386,0.2316293807417248,0.2724287047942044,505.08974487304687,567.5661605834961
2025-04-22,580.0,584.7999877929688,575.0999755859375,577.9000244140625,572.9561767578125,4202944,572.9561767578125,-0.047968047196974783,689.0543823242188,-0.16848917668123753,-0.0017274312552759685,0.23299036338536763,0.27190203183862477,506.73058715820315,566.9856695556641
2025-04-23,582.6500244140625,582.9000244140625,569.2999877929688,574.3499755859375,569.4364624023438,2666108,569.4364624023438,-0.05069809907566247,689.0543823242188,-0.17359721233960823,-0.006143077774963146,0.22090733605346893,0.27204385806910214,507.9332086181641,566.4007165527344
2025-04-24,574.3499755859375,580.0,568.4000244140625,572.0,567.1066284179688,4092552,567.1066284179688,-0.07096296250375833,689.0543823242188,-0.17697841713873652,-0.0040914731286189054,0.22054450988269864,0.2717551592072015,508.9286199951172,565.8023791503906
2025-04-25,572.0,574.2000122070312,544.0,548.7000122070312,544.0059814453125,3491060,544.0059814453125,-0.10547503241940115,689.0543823242188,-0.21050356053124564,-0.04073422142340155,0.25687829718997734,0.2795456466254577,509.6137078857422,565.1410855102539
2025-04-28,548.8499755859375,552.8499755859375,541.0,544.9500122070312,540.2880249023438,2686840,540.2880249023438,-0.10342805054060211,689.0543823242188,-0.21589929799165897,-0.006834403792934207,0.24890707849478932,0.2797360884828889,510.2521984863281,564.4418688964844
2025-04-29,549.0,552.0999755859375,530.0999755859375,533.9500122070312,529.3821411132812,7512372,529.3821411132812,-0.13100451600479557,689.0543823242188,-0.2317266173859226,-0.020185314658850206,0.2568775526876345,0.2813675016989991,510.7915447998047,563.7002679443359
2025-04-30,540.0,546.2000122070312,533.0499877929688,539.7000122070312,535.0829467773438,5851731,535.0829467773438,-0.14958870947637148,689.0543823242188,-0.22345324185809656,0.010768791051533722,0.25363943404390826,0.2815575027778701,511.5807354736328,563.0164184570312
2025-05-02,537.5499877929688,542.5999755859375,527.25,528.4500122070312,523.92919921875,2360666,523.92919921875,-0.17752299212577305,689.0543823242188,-0.23964027708305446,-0.020844894470604336,0.2616390574986079,0.2830275925110695,512.1230560302735,562.3395092773437
2025-05-05,535.7999877929688,549.6500244140625,529.5999755859375,541.4000244140625,536.7684326171875,8102588,536.7684326171875,-0.1493153975080197,689.0543823242188,-0.2210071564937477,0.02450566492110484,0.2683785920630117,0.28610472583427377,512.8944012451171,561.6566516113281
2025-05-06,542.0,543.7000122070312,532.1500244140625,535.1500244140625,530.5718994140625,3127458,530.5718994140625,-0.15115741097878954,689.0543823242188,-0.22999996368296216,-0.011544146090916363,0.2717259726451822,0.28350180943313424,513.7995910644531,560.9559478759766
2025-05-07,532.7999877929688,538.3499755859375,526.2999877929688,535.2000122070312,530.6214599609375,4047668,530.6214599609375,-0.14743789145749375,689.0543823242188,-0.22992803823245156,9.3409671582112e-05,0.25584020684679465,0.2834405067688919,514.7295666503907,560.2173211669922
2025-05-08,536.0,538.9500122070312,520.0499877929688,524.4000244140625,519.9138793945312,3213287,519.9138793945312,-0.15150327992694268,689.0543823242188,-0.24546756724653163,-0.02017932061623462,0.26316744904828065,0.2845208014995649,515.4761254882812,559.419455871582
2025-05-09,516.0,529.2999877929688,512.25,527.4500122070312,522.937744140625,1880094,522.937744140625,-0.15447927589942667,689.0543823242188,-0.24107914040583134,0.00581608775210074,0.25798170697569145,0.2841288117724344,516.4189904785156,558.6124194335938
2025-05-12,540.0,544.0999755859375,536.0,541.6500244140625,537.0162963867188,1225930,537.0162963867188,-0.12718260768639,689.0543823242188,-0.22064744066305342,0.02692204264052478,0.2677949497351418,0.28774059458873785,517.5849304199219,557.9369973754883
2025-05-13,542.2000122070312,542.9000244140625,534.2999877929688,536.9000244140625,532.3069458007812,3438632,532.3069458007812,-0.1134728725037153,689.0543823242188,-0.22748195286810258,-0.008769474255481802,0.26943591770921455,0.2879355055611664,518.6745294189453,557.1924224853516
2025-05-14,540.0,545.0,536.0499877929688,543.5999755859375,538.9495849609375,2627027,538.9495849609375,-0.08200851461624503,689.0543823242188,-0.21784172804615132,0.012478963899603679,0.26379491568000907,0.2873707695570283,520.1260052490235,556.4599926757812
2025-05-15,543.9000244140625,549.0,539.2000122070312,547.5499877929688,542.8657836914062,3683829,542.8657836914062,-0.07627110810851512,689.0543823242188,-0.21215828878369547,0.007266354478689507,0.2586402974234058,0.2874896137342732,521.6786083984375,555.7915106201172
2025-05-16,548.2000122070312,565.9000244140625,547.1500244140625,563.5,558.6793212890625,3560785,558.6793212890625,-0.015843334042594637,689.0543823242188,-0.189208666804199,0.02912973717025702,0.27020116660027893,0.28948110071797645,523.5365759277344,555.2343182373047
2025-05-19,566.0,569.5499877929688,559.3499755859375,565.5499877929688,560.7117919921875,2203178,560.7117919921875,-0.024996020046231138,689.0543823242188,-0.18625901470813455,0.0036379916450735017,0.265170847404258,0.28949817048324183,525.5313635253906,554.6352374267578
2025-05-20,565.5999755859375,571.6500244140625,560.4000244140625,562.0499877929688,557.24169921875,1767473,557.24169921875,-0.04157301377396938,689.0543823242188,-0.19129503633785372,-0.00618872801142345,0.26574587170547376,0.2837063263223778,527.3209210205079,554.0512759399414
2025-05-21,562.0999755859375,570.4000244140625,561.0,567.7999877929688,562.9425659179688,1295557,562.9425659179688,-0.06667642836716436,689.0543823242188,-0.18302157223188664,0.010230509861719472,0.26505212404735035,0.28362693347992385,529.1610437011718,553.522587890625
2025-05-22,567.4500122070312,569.25,561.5999755859375,567.75,562.8930053710938,1559623,562.8930053710938,-0.07139992534902151,689.0543823242188,-0.18309349768239724,-8.803837171944551e-05,0.2544558418133659,0.2835690521588062,530.6809295654297,552.9663870239258
2025-05-23,567.75,576.0,566.25,570.9000244140625,566.0160522460938,1332383,566.0160522460938,-0.06951015570261232,689.0543823242188,-0.1785611313625346,0.0055482069331116435,0.25338487534613924,0.28061296133255764,532.11654296875,552.5048693847656
2025-05-26,571.3499755859375,576.3499755859375,564.4000244140625,567.1500244140625,562.298095703125,1001361,562.298095703125,-0.08351521716033616,689.0543823242188,-0.18395686882294793,-0.006568641522117558,0.2480935733648779,0.276981274576299,533.4520196533203,552.0802828979492
2025-05-27,567.1500244140625,568.9000244140625,558.7999877929688,562.7000122070312,557.8861694335938,1515100,557.8861694335938,-0.10653997302926543,689.0543823242188,-0.19035973974679232,-0.00784624081647367,0.24324047048711292,0.27043868143776795,534.9015118408203,551.716174621582
2025-05-28,562.7000122070312,567.0,558.6500244140625,561.6500244140625,556.84521484375,1014166,556.84521484375,-0.1101088340846672,689.0543823242188,-0.19187043994193875,-0.0018658906545409026,0.24337582481807193,0.26037156168100944,536.2122033691406,551.3994079589844
2025-05-29,561.9500122070312,563.7999877929688,555.7000122070312,561.4500122070312,556.6469116210938,1409636,556.6469116210938,-0.12893273593311505,689.0543823242188,-0.19215823032212243,-0.00035611911060762225,0.23846506062049186,0.26014384652115957,537.6448419189453,550.9936590576172
2025-05-30,561.4500122070312,563.25,551.2999877929688,553.5,548.764892578125,2313117,548.764892578125,-0.1261279176568354,689.0543823242188,-0.20359712287568577,-0.014159818151176617,0.23849237979833557,0.25277050251510935,538.9872589111328,550.572294921875
2025-06-02,553.5499877929688,559.5499877929688,549.1500244140625,555.5499877929688,550.79736328125,1040982,550.79736328125,-0.11900847617136034,689.0543823242188,-0.20064747077962142,0.003703718533407452,0.23772216457355294,0.2524992289854793,540.2761376953125,550.1933151245117
2025-06-03,553.7999877929688,557.5,548.0999755859375,552.4000244140625,547.67431640625,1762419,547.67431640625,-0.12003866179053202,689.0543823242188,-0.20517983709948395,-0.005670046886926183,0.2327287108582044,0.2526858232791286,541.5025555419921,549.7816174316406
2025-06-04,550.5999755859375,554.7999877929688,547.5,552.4500122070312,547.723876953125,3448423,547.723876953125,-0.12058747005591197,689.0543823242188,-0.20510791164897335,9.049273517192091e-05,0.23276996058125488,0.2523932802708658,542.4027880859375,549.4249450683594
2025-06-05,552.5,556.5,549.0,550.1500244140625,545.4435424804688,1079232,545.4435424804688,-0.1087606477684826,689.0543823242188,-0.20841727957573197,-0.004163292068516844,0.232489660351382,0.2520853322741716,543.3040118408203,549.0628195190429
2025-06-06,551.25,557.2000122070312,549.2999877929688,555.1500244140625,550.4007568359375,2821698,550.4007568359375,-0.12179495045287458,689.0543823242188,-0.20122305153998854,0.009088409650841678,0.2342606460929514,0.24970884485968475,544.1100561523438,548.6397201538086
2025-06-09,563.0,563.0,554.1500244140625,560.0,555.2092895507812,3268930,555.2092895507812,-0.16265564634829988,689.0543823242188,-0.19424459985577702,0.00873642097166849,0.20292750632403594,0.24996206782478644,544.9170922851563,548.2743728637695
2025-06-10,564.0,566.5,558.5,561.0999755859375,556.2998657226562,3239799,556.2998657226562,0.011128112856880978,689.0543823242188,-0.19266188563197895,0.0019642613918751106,0.20166511282536714,0.2444374924747447,545.7211547851563,547.9504180908203
2025-06-11,562.5499877929688,567.0,556.5,561.25,556.4486083984375,2553077,556.4486083984375,-0.06003616397883771,689.0543823242188,-0.192446020702306,0.0002673785937159501,0.1913997581472239,0.24315588588268314,546.2922277832031,547.6133270263672
2025-06-12,563.0,563.5999755859375,545.0999755859375,548.3499755859375,543.658935546875,1837409,543.658935546875,-0.09842569536587398,689.0543823242188,-0.21100721584110216,-0.022984463719612047,0.20224647756774317,0.23731213284959368,546.4022790527343,547.1996466064453
2025-06-13,541.0,546.7000122070312,536.0499877929688,542.5,539.8279418945312,1348657,539.8279418945312,-0.1209887377359391,689.0543823242188,-0.21656700001869,-0.0070466857102056135,0.19328310377589425,0.23398602815875297,546.5239489746094,546.7578884887695
2025-06-16,543.9500122070312,552.9000244140625,537.2999877929688,550.1500244140625,547.4402465820312,1253497,547.4402465820312,-0.13511228170392864,689.0543823242188,-0.205519534270307,0.014101353592006705,0.18447144902157664,0.23485846728863286,546.9654187011719,546.3836868286132
2025-06-17,551.0,556.5999755859375,546.7999877929688,550.9000244140625,548.1865844726562,1406479,548.1865844726562,-0.13312090273289,689.0543823242188,-0.2044364007618783,0.001363323020703744,0.18076979137092883,0.23162121273935551,547.3395251464843,546.0290802001953
2025-06-18,552.6500244140625,553.1500244140625,543.7000122070312,545.0499877929688,542.3653564453125,568472,542.3653564453125,-0.1794575975886742,689.0543823242188,-0.21288454096194265,-0.010619063275588259,0.1839530106696638,0.23130026872232698,547.4653442382812,545.6852731323243
2025-06-19,545.0499877929688,546.4500122070312,531.0,532.7999877929688,530.1756591796875,1961693,530.1756591796875,-0.19282961493808226,689.0543823242188,-0.23057501297448324,-0.02247506615377659,0.18633252862938346,0.22639509386695836,547.5952307128906,545.299850769043
2025-06-20,532.75,535.6500244140625,528.4500122070312,533.4500122070312,530.822509765625,2656096,530.822509765625,-0.2093875027533273,689.0543823242188,-0.2296362618359219,0.0012200684334289225,0.1857149549379659,0.22492970756698674,547.7975415039062,544.895107421875
2025-06-23,530.0,539.5,528.4500122070312,535.5499877929688,532.9121704101562,1012046,532.9121704101562,-0.2026249386984622,689.0543823242188,-0.22660361202171897,0.003936646630629648,0.1685203716601534,0.22355586155828358,547.8116296386719,544.4842053222657
2025-06-24,539.0,562.7999877929688,539.0,554.2000122070312,551.4702758789062,5718874,551.4702758789062,-0.1658236846794363,689.0543823242188,-0.1996708967748433,0.034823947545552736,0.19460441543084378,0.23069408311289855,547.9787622070312,544.1789825439453
2025-06-25,556.9000244140625,560.7000122070312,551.2999877929688,559.4000244140625,556.6447143554688,2448107,556.6447143554688,-0.14822455624413122,689.0543823242188,-0.19216141913519924,0.00938298708541585,0.19325451616362999,0.23010186670570426,548.2325280761719,543.8535299682617
2025-06-26,562.0,569.4000244140625,558.9500122070312,566.75,563.95849609375,3048051,563.95849609375,-0.1348015840800202,689.0543823242188,-0.18154718907455947,0.013139048210939697,0.1956052260887838,0.22958279429442488,548.4461791992187,543.5410995483398
2025-06-27,569.5,579.75,565.0999755859375,574.9500122070312,572.1181030273438,3563465,572.1181030273438,-0.12268381593173738,689.0543823242188,-0.16970544313562363,0.014468452891677641,0.18162386340788156,0.2305967861293826,548.6703393554687,543.3120989990234
2025-06-30,575.0499877929688,579.0499877929688,572.2000122070312,577.4500122070312,574.6057739257812,2003082,574.6057739257812,-0.10671409937241683,689.0543823242188,-0.16609517526381,0.0043481772124918106,0.1817300330030451,0.23063283164927398,548.8639465332031,543.0613317871093
2025-07-01,582.0,587.7999877929688,578.5999755859375,580.25,577.3919677734375,2877528,577.3919677734375,-0.11365328609643777,689.0543823242188,-0.16205167170425316,0.004848878960301173,0.18081294273408047,0.22591851328007626,548.9328332519531,542.83986328125
2025-07-02,582.0,597.5999755859375,581.5499877929688,594.2000122070312,591.2733154296875,3821770,591.2733154296875,-0.09729029290614954,689.0543823242188,-0.14190616793512045,0.02404146304594401,0.1909234161944423,0.2287613416782707,549.2991760253906,542.707878112793
2025-07-03,596.4500122070312,597.2000122070312,585.3499755859375,588.75,585.85009765625,1598094,585.85009765625,-0.11838090010573654,689.0543823242188,-0.1497766900775741,-0.009172099656647559,0.19346424996821518,0.22938900493449818,549.6274487304687,542.5232470703126
2025-07-04,588.75,601.75,588.75,595.75,592.8156127929688,2859715,592.8156127929688,-0.1396678868896114,689.0543823242188,-0.1396678868896114,0.011889586029916188,0.19550662190301688,0.22826593153124733,550.1416284179687,542.3662561035156
2025-07-07,596.0,596.8499755859375,585.2999877929688,592.0,589.0841064453125,2012239,589.0841064453125,-0.14181107038408036,689.0543823242188,-0.14508328869733178,-0.006294548029994962,0.1954084981225141,0.22865959060204627,551.0431909179688,542.202008972168
2025-07-08,591.7999877929688,592.9500122070312,580.0,591.5499877929688,588.6362915039062,2642993,588.6362915039062,-0.14289679257404853,689.0543823242188,-0.14573318651801714,-0.0007601884629149236,0.19349373846940993,0.22860862723018088,552.01015625,542.056838684082
2025-07-09,591.0,595.9500122070312,589.0,590.3499755859375,587.4421997070312,1963293,587.4421997070312,-0.1313428137258379,689.0543823242188,-0.14746612926899028,-0.0020285731853607603,0.19352154362596966,0.22434638414945055,553.171357421875,541.9200741577148
2025-07-10,594.0,594.8499755859375,580.0999755859375,585.4000244140625,582.5166625976562,3219282,582.5166625976562,-0.1435232847228355,689.0543823242188,-0.15461438524954274,-0.00838471786982864,0.19570569827544482,0.22494891033283015,554.1200317382812,541.816681213379
2025-07-11,585.0999755859375,591.9000244140625,583.25,587.1500244140625,584.2579956054688,1938933,584.2579956054688,-0.13788404080704464,689.0543823242188,-0.15208725088615782,0.0029893273782886087,0.18994067202957648,0.22493679787393997,555.3266076660157,541.6815939331054
2025-07-14,586.75,591.4000244140625,584.5,590.1500244140625,587.2432250976562,1926899,587.2432250976562,-0.12593474875670407,689.0543823242188,-0.1477548940087251,0.005109437123053562,0.19008357931829492,0.22390223878907012,556.336103515625,541.5341677856445
2025-07-15,591.6500244140625,594.7999877929688,588.3499755859375,593.0999755859375,590.1786499023438,1498073,590.1786499023438,-0.10485549546053419,689.0543823242188,-0.14349481689436716,0.004998652482026245,0.18875205775038034,0.22302307683403758,557.5282385253906,541.420008239746
2025-07-16,593.0,597.25,586.0499877929688,595.5,592.56689453125,1804740,592.56689453125,-0.11995882524314261,689.0543823242188,-0.14002884281427985,0.0040466469420765705,0.18865003314992024,0.22292767401672184,558.7671472167968,541.328943786621
2025-07-17,595.4000244140625,595.8499755859375,589.5,594.5999755859375,591.6712646484375,1461633,591.6712646484375,-0.11784686370570596,689.0543823242188,-0.1413286384556507,-0.0015114409716070476,0.18796767767079775,0.2166629378641148,560.202294921875,541.1882904052734
2025-07-18,595.0,599.75,591.0,596.7000122070312,593.760986328125,2212883,593.760986328125,-0.12469405798110744,689.0543823242188,-0.13829590006330683,0.00353189651846475,0.18703551994527154,0.21558922933629057,561.618759765625,541.0142141723633
2025-07-21,599.3499755859375,614.9000244140625,597.1500244140625,613.25,610.2294311523438,4226198,610.2294311523438,-0.10192617900720347,689.0543823242188,-0.11439583463063407,0.027735814921187707,0.20010365923266316,0.21980544124544563,563.0830224609375,540.9296682739258
2025-07-22,615.0,624.9500122070312,613.7999877929688,620.5499877929688,617.4934692382812,5876411,617.4934692382812,-0.09768692603816043,689.0543823242188,-0.10385379575492804,0.011903781946767555,0.20162470770155452,0.2169386623913507,564.7867529296875,540.8819381713868
2025-07-23,623.0,623.7000122070312,613.5,620.4000244140625,617.34423828125,1165692,617.34423828125,-0.08147063241291219,689.0543823242188,-0.10407036930972913,-0.00024167212199888155,0.20170237920569925,0.2164115446836401,566.3546459960937,540.9078201293945
2025-07-24,620.4000244140625,623.3499755859375,616.0,620.4000244140625,617.34423828125,1389419,617.34423828125,-0.09376927446479477,689.0543823242188,-0.10407036930972913,0.0,0.18580634733314683,0.21487871938094472,567.8442150878906,540.9671633911133
2025-07-25,617.4000244140625,619.0,609.0,613.0999755859375,610.0801391601562,2413503,610.0801391601562,-0.10993799206708776,689.0543823242188,-0.11461249676357621,-0.011766691370308613,0.18879315642784272,0.2156457016468636,568.8722314453125,541.0910659790039
2025-07-28,611.9000244140625,619.9500122070312,606.2000122070312,611.0499877929688,608.040283203125,1834138,608.040283203125,-0.10127954553963336,689.0543823242188,-0.11757286681470436,-0.0033435868930913326,0.18757238547311314,0.21554766681161458,569.8188012695313,541.1252056884765
2025-07-29,610.0,612.4000244140625,602.6500244140625,610.0499877929688,607.045166015625,3278602,607.045166015625,-0.09412170821033572,689.0543823242188,-0.11901704482594266,-0.0016365974672891692,0.18808025996131653,0.21562041590903813,570.8148706054687,541.1466860961914
2025-07-30,612.9500122070312,620.75,609.0,617.8499755859375,614.8067626953125,2616022,614.8067626953125,-0.0965738306709466,689.0543823242188,-0.10775291694461753,0.012785863580186518,0.18505038369285212,0.20985683167192878,571.8521545410156,541.3195034790039
2025-07-31,613.0,624.7999877929688,589.9000244140625,592.7000122070312,589.7807006835938,5782494,589.7807006835938,-0.12499858512430939,689.0543823242188,-0.1440723463738368,-0.040705573735078215,0.21331596159376642,0.22159583497129604,572.3899084472656,541.3674383544922
2025-08-01,594.8499755859375,615.3499755859375,588.75,607.9500122070312,604.95556640625,4599912,604.95556640625,-0.09529908569600942,689.0543823242188,-0.12204960606200455,0.025729674953872905,0.2225236155722517,0.22325223896681745,573.1686987304688,541.4729055786133
2025-08-04,609.75,615.0,603.7000122070312,605.25,602.2688598632812,1664433,602.2688598632812,-0.10660255438706279,689.0543823242188,-0.12594872725169404,-0.004441163437720164,0.22401529014894098,0.22316037536303684,573.9681140136719,541.5577517700195
2025-08-05,606.0,607.9500122070312,598.7000122070312,602.7000122070312,599.7314453125,795422,599.7314453125,-0.08899649431461865,689.0543823242188,-0.12963118630844128,-0.004213092723002965,0.20541545762948893,0.22338772287145967,574.80501953125,541.6363549804687
2025-08-06,605.0,606.8499755859375,588.1500244140625,589.9000244140625,586.9945068359375,1895039,586.9945068359375,-0.09304612788202016,689.0543823242188,-0.14811584993339366,-0.021237736617138236,0.2158976571304679,0.22378525514200132,575.4080053710937,541.7395123291016
2025-08-07,588.0,594.1500244140625,580.2000122070312,592.3499755859375,589.432373046875,1936155,589.432373046875,-0.0654430626087904,689.0543823242188,-0.14457786182465482,0.0041531329212571855,0.21337474939466547,0.2217252880312721,576.0637145996094,541.8414743041992
2025-08-08,592.0,595.8499755859375,578.0,580.0,577.1431884765625,1252179,577.1431884765625,-0.0694218957296252,689.0543823242188,-0.16241271620706277,-0.020849184965507805,0.21928092704731986,0.22422527365276373,576.6312805175781,541.8921527099609
2025-08-11,580.1500244140625,591.2999877929688,580.0499877929688,588.8499755859375,585.9495849609375,839347,585.9495849609375,-0.08129096245323175,689.0543823242188,-0.14963230770770664,0.01525859901010107,0.22323905042256362,0.22369361215717617,577.3343249511719,542.0532901000977
2025-08-12,591.6500244140625,591.6500244140625,585.5499877929688,587.1500244140625,584.2579956054688,1053756,584.2579956054688,-0.07705658383542124,689.0543823242188,-0.15208725088615782,-0.00288691962394938,0.22313000480725925,0.22352800751974658,578.0659985351563,542.2191061401368
2025-08-13,587.5,589.25,574.25,580.8499755859375,577.989013671875,2109517,577.989013671875,-0.07756914623413647,689.0543823242188,-0.1611852003287666,-0.010729817958412657,0.21380080349927202,0.2235875378815996,578.6713012695312,542.3384576416015
2025-08-14,580.8499755859375,584.5,571.5499877929688,578.0499877929688,575.2028198242188,1974038,575.2028198242188,-0.08699972980427428,689.0543823242188,-0.16522870388832356,-0.004820496206244473,0.212665891701224,0.22008289554579236,579.2664868164062,542.4746130371094
2025-08-18,595.0,605.4500122070312,589.2000122070312,590.0499877929688,587.1436767578125,4190190,587.1436767578125,-0.051553577900533276,689.0543823242188,-0.14789936495673361,0.020759385249959017,0.2186348600602412,0.2222001974753868,580.0013452148437,542.5876870727539
2025-08-19,593.0,595.5499877929688,587.2999877929688,592.4000244140625,589.482177734375,1898159,589.482177734375,-0.045942571291968104,689.0543823242188,-0.14450558206158004,0.003982842818772481,0.21818555892001087,0.21948368472699828,580.6868029785156,542.6846932983399
2025-08-20,593.4500122070312,594.0999755859375,589.25,591.9000244140625,588.984619140625,1086467,588.984619140625,-0.07249529948449551,689.0543823242188,-0.14522767106719914,-0.0008440604526201989,0.21818861526268535,0.21707268683759126,581.340498046875,542.7559127807617
2025-08-21,593.25,593.2999877929688,585.0499877929688,588.75,585.85009765625,1540533,585.85009765625,-0.06753156949397976,689.0543823242188,-0.1497766900775741,-0.005321907198440057,0.2186775369753663,0.21732724406829515,581.9285278320312,542.8072457885742
2025-08-22,588.7999877929688,590.0,576.0,577.1500244140625,574.3072509765625,1671189,574.3072509765625,-0.07532484429958008,689.0543823242188,-0.16652841095155335,-0.019702730657323086,0.22482322311879532,0.21828394805461823,582.541494140625,542.7914459228516
2025-08-25,581.0,582.0,577.8499755859375,581.0,578.1383056640625,1458400,578.1383056640625,-0.07329852151860494,689.0543823242188,-0.16096853819582446,0.0066707405852626245,0.2255540153897211,0.21737921031949684,583.3077014160157,542.849578552246
2025-08-26,580.0,581.0,571.75,572.7999877929688,569.9786376953125,1527366,569.9786376953125,-0.09006518263532104,689.0543823242188,-0.17281037271290134,-0.01411369544070884,0.22844515668153925,0.21842640187988935,583.7584692382812,542.8639385986328
2025-08-28,569.5499877929688,569.9500122070312,559.5999755859375,561.7999877929688,559.0328369140625,1815158,559.0328369140625,-0.1100747816722234,689.0543823242188,-0.18869562221139402,-0.019203878983094724,0.23372881168445647,0.2191610731360127,583.9753942871093,542.7707751464844
2025-08-29,563.0,569.2000122070312,560.0,563.2000122070312,560.4259643554688,1166207,560.4259643554688,-0.09939987906364067,689.0543823242188,-0.18667382614254513,0.0024920315040821706,0.23343989451894837,0.21919143224153123,584.3366064453126,542.7438162231446
2025-09-01,565.2000122070312,569.9000244140625,563.4500122070312,567.0999755859375,564.3067016601562,1366250,564.3067016601562,-0.08851640820137974,689.0543823242188,-0.18104185078002355,0.006924620826857408,0.2347920123543891,0.21927065171885987,585.0192272949218,542.7650128173829
2025-09-02,568.0999755859375,573.0,564.2999877929688,567.25,564.4559936523438,801958,564.4559936523438,-0.07636840448945792,689.0543823242188,-0.18082518864708141,0.00026455824775473147,0.2343776387757222,0.21916196997788626,585.6918969726562,542.8092633056641
2025-09-03,570.0,576.9500122070312,569.0499877929688,573.75,570.9240112304688,2203149,570.9240112304688,-0.059836170202073546,689.0543823242188,-0.17143838588659677,0.011458851798655356,0.22105533884402753,0.20882372028065083,586.4521337890625,542.9046914672851
2025-09-04,590.0,596.2999877929688,566.0499877929688,567.7000122070312,564.90380859375,6090485,564.90380859375,-0.07660931439564711,689.0543823242188,-0.18017529082639594,-0.010544665346521098,0.21823452703662116,0.2092906198349005,586.7208044433594,543.0257876586915
2025-09-05,572.0,572.7000122070312,562.5,566.7000122070312,563.9087524414062,923506,563.9087524414062,-0.08321322463500269,689.0543823242188,-0.1816193802594932,-0.0017614612208418645,0.21811984925890218,0.2063646610942024,586.8660852050781,543.1461218261719
2025-09-08,570.0,577.3499755859375,565.0499877929688,570.2999877929688,567.490966796875,938525,567.490966796875,-0.07350657066160404,689.0543823242188,-0.17642064058471496,0.006352471636518864,0.2196309906613122,0.20589151715468032,586.9367346191407,543.2543762207031
2025-09-09,573.0,576.0,566.5,567.5999755859375,564.8042602539062,1107979,564.8042602539062,-0.09156786769953595,689.0543823242188,-0.18031976177440445,-0.0047343600165716815,0.21805105360406993,0.20285242297981823,586.7904577636718,543.3541543579101
2025-09-10,570.0,572.5999755859375,566.4000244140625,566.8499755859375,564.0579833984375,1629387,564.0579833984375,-0.09958837327941628,689.0543823242188,-0.1814028067046921,-0.0013213017464374088,0.21805984774541717,0.19891361133765703,586.579501953125,543.7744033813476
2025-09-11,566.7999877929688,566.7999877929688,549.0,560.4000244140625,557.6397705078125,39018032,557.6397705078125,-0.09755084269296677,689.0543823242188,-0.19071732970210198,-0.011378640280836683,0.21958309701906056,0.19888512376359505,586.1844580078125,544.0847329711914
2025-09-12,563.0999755859375,568.0,559.7999877929688,560.5499877929688,557.7890014648438,3773680,557.7890014648438,-0.10719364051873503,689.0543823242188,-0.1905007561473009,0.00026761175390221936,0.21484156453467732,0.19888400509806015,585.5147717285156,544.3705267333985
2025-09-15,562.6500244140625,571.5,561.0,568.75,565.9486083984375,1812617,565.9486083984375,-0.08965472960223242,689.0543823242188,-0.17865901020836505,0.014628483014482718,0.1891041957542829,0.19709128346221078,585.1167419433593,544.7528874206542
2025-09-16,575.75,578.4500122070312,570.5,573.6500244140625,570.8245239257812,2635252,570.8245239257812,-0.0758427618582812,689.0543823242188,-0.17158276825646424,0.008615474011221647,0.17372276019916744,0.19733970337663528,584.6769201660156,545.054038696289
2025-09-17,577.8499755859375,583.5,575.7000122070312,582.0499877929688,579.18310546875,5524985,579.18310546875,-0.0699981682876194,689.0543823242188,-0.15945225757779358,0.01464299656483492,0.17996692308245424,0.19381985631064735,584.4789001464844,545.4068974304199
2025-09-18,583.9000244140625,584.25,576.5,581.0,578.1383056640625,2063929,578.1383056640625,-0.0738136517234228,689.0543823242188,-0.16096853819582446,-0.001803919684159161,0.1797563748925718,0.19318390906820446,584.2689404296875,545.6628233337402
2025-09-19,588.0,588.5,578.2000122070312,582.4500122070312,579.5811767578125,3482230,579.5811767578125,-0.06809788141211193,689.0543823242188,-0.15887455094204184,0.002495719587534806,0.1695941050128653,0.19222289475341905,584.1117199707031,545.8897761535644
2025-09-22,585.0,600.7999877929688,581.2000122070312,590.2999877929688,587.3924560546875,4982920,587.3924560546875,-0.04901950224661067,689.0543823242188,-0.147538320453924,0.013477455117799853,0.17385391524793795,0.19308617450318297,584.2092358398437,546.0182221984863
2025-09-23,591.9500122070312,594.6500244140625,579.1500244140625,591.5999755859375,588.68603515625,2989117,588.68603515625,-0.04246792079622719,689.0543823242188,-0.14566099533308352,0.0022022398963905676,0.16235503934041892,0.18712391272799503,584.2977966308594,546.1623069763184
2025-09-24,589.0,598.3499755859375,581.6500244140625,582.6500244140625,579.7802124023438,2053504,579.7802124023438,-0.03881834116836491,689.0543823242188,-0.15858569762416597,-0.015128306469071373,0.16258140361666304,0.1889019127597892,584.1485363769531,546.2301365661621
2025-09-25,585.0,588.7999877929688,577.7999877929688,579.4000244140625,576.5462036132812,1932523,576.5462036132812,-0.05681440004265548,689.0543823242188,-0.1632790990044083,-0.005577990969478308,0.1631393190584494,0.1888439705229677,583.8758874511718,546.3105479431152
2025-09-26,580.75,581.7999877929688,564.0499877929688,565.2000122070312,562.4161376953125,1858418,562.4161376953125,-0.08806520355972836,689.0543823242188,-0.18378555869820956,-0.024508124118091446,0.1751703209576725,0.19265688577506107,583.2728723144531,546.2905656433105
2025-09-29,570.7999877929688,571.4500122070312,561.2000122070312,562.1500244140625,559.3811645507812,1344417,559.3811645507812,-0.08748527041941778,689.0543823242188,-0.18819010676057601,-0.0053963123408372615,0.17529161518487035,0.19287327405209106,582.6270703125,546.2445024108887
2025-09-30,562.75,573.2000122070312,562.75,569.9500122070312,567.1427001953125,1873402,567.1427001953125,-0.07144487427620783,689.0543823242188,-0.17692606745739192,0.013875218073823081,0.16893026107368803,0.19405078813954385,582.0947045898438,546.2127085876465
2025-10-01,572.0,574.4000244140625,565.5,571.0999755859375,568.2870483398438,1195512,568.2870483398438,-0.08311508754204278,689.0543823242188,-0.17526531589135252,0.002017742878709594,0.16851199474074083,0.1937474529747704,581.2558569335938,546.2198500061036
2025-10-03,573.9000244140625,579.9500122070312,570.2999877929688,576.1500244140625,573.3121948242188,2062648,573.3121948242188,-0.08791938859997672,689.0543823242188,-0.1679725003846506,0.008842620114350996,0.17099279997400513,0.1937996362817804,580.3722314453125,546.2471598815918
2025-10-06,576.1500244140625,577.7999877929688,571.0,573.7999877929688,570.9737548828125,898456,570.9737548828125,-0.08955732430796615,689.0543823242188,-0.17136619470166303,-0.0040788247006035006,0.17074759245078003,0.1939074959298239,579.4448217773438,546.241957244873
2025-10-07,573.0,575.9000244140625,568.0999755859375,569.9500122070312,567.1427001953125,1122712,567.1427001953125,-0.09552315369329478,689.0543823242188,-0.17692606745739192,-0.006709686136600612,0.16218688036541196,0.19426434739031573,578.440791015625,546.2465992736817
2025-10-08,569.9500122070312,571.7000122070312,556.2999877929688,566.2999877929688,563.5106811523438,1866324,563.5106811523438,-0.07948337337750322,689.0543823242188,-0.18219708689524494,-0.0064040655759440845,0.16168242344688843,0.19306161011083967,577.5094018554687,546.265550994873
2025-10-09,566.4000244140625,569.1500244140625,562.0499877929688,565.9000244140625,563.1126708984375,816362,563.1126708984375,-0.06996634715414507,689.0543823242188,-0.18277470495285564,-0.0007063047200672745,0.1566836502225234,0.19298687349938626,576.610849609375,546.2887092590332
2025-10-10,565.7999877929688,573.0,564.5,569.25,566.4461669921875,891468,566.4461669921875,-0.0322116295563013,689.0543823242188,-0.17793692120274585,0.005919767510170759,0.14704602381152596,0.19294292307784522,575.7988696289062,546.4004145812988
2025-10-13,565.2000122070312,567.9500122070312,563.0,566.75,563.95849609375,1134328,563.95849609375,-0.061964538408771475,689.0543823242188,-0.18154718907455947,-0.004391716359644526,0.1475803568513319,0.19311211903036915,574.781904296875,546.4905107116699
2025-10-14,567.9000244140625,568.0999755859375,557.5499877929688,563.5999755859375,560.823974609375,975792,560.823974609375,-0.06955648866718966,689.0543823242188,-0.18609620808493443,-0.0055580712163859625,0.14710922410182564,0.19321947161695807,574.2027697753906,546.6023612976074
2025-10-15,563.3499755859375,569.0,563.3499755859375,567.0,564.207275390625,1377329,564.207275390625,-0.02763670192388401,689.0543823242188,-0.18118614457174997,0.006032732077130953,0.14820136346165935,0.1928970157583697,573.3878039550781,546.7028721618652
2025-10-16,569.5,573.4500122070312,566.5499877929688,569.7000122070312,566.8939819335938,1111183,566.8939819335938,-0.022922936022640283,689.0543823242188,-0.17728702338206048,0.004761914034356662,0.14494793541903614,0.19252194247754797,572.6803063964844,546.8210301208496
2025-10-17,569.7000122070312,569.7000122070312,562.2999877929688,563.5999755859375,560.823974609375,931716,560.823974609375,-0.03945819761390268,689.0543823242188,-0.18609620808493443,-0.01070748238235808,0.1450496830721656,0.19337834330105785,571.9021569824218,546.9254447937012
2025-10-20,570.0,570.0,560.5999755859375,565.5,562.7146606445312,950800,562.7146606445312,-0.0385870075850282,689.0543823242188,-0.18335232301046633,0.0033712646405195112,0.14533245189185784,0.1934527991158551,571.4165600585937,547.082936553955
2025-10-21,569.0,569.2000122070312,565.7000122070312,567.5,564.7047729492188,166817,564.7047729492188,-0.03305765949346151,689.0543823242188,-0.1804641441442718,0.003536627786466573,0.14448453542755,0.18950388131660367,570.9220080566406,547.2364988708496
2025-10-23,570.4000244140625,574.5,563.0,564.3499755859375,561.5702514648438,2700038,561.5702514648438,-0.008462391311750972,689.0543823242188,-0.18501316315464666,-0.005550726033365483,0.14473006501571758,0.1893518357929309,570.6105493164063,547.3186198425293
2025-10-24,565.0,566.5999755859375,552.8499755859375,555.0,552.266357421875,1704636,552.266357421875,-0.029477051267323695,689.0543823242188,-0.19851557208148085,-0.016567640502145098,0.1523464565604303,0.19007140912270065,569.936884765625,547.3599217224121
2025-10-27,557.0999755859375,561.9000244140625,552.25,560.25,557.490478515625,2124784,557.490478515625,-0.016784661024164982,689.0543823242188,-0.19093399183504411,0.009459423018518764,0.15157480536830134,0.19069727741073253,569.4015344238281,547.5205403137207
2025-10-28,563.0,563.25,553.0,554.9000244140625,552.1668701171875,1487028,552.1668701171875,-0.0028086955476978037,689.0543823242188,-0.19865995445134832,-0.009549236450839715,0.15409345918635745,0.19053282275221772,568.8850915527344,547.6255409240723
2025-10-29,555.0,575.0,555.0,571.75,568.933837890625,3787089,568.933837890625,0.03237020326527329,689.0543823242188,-0.17432665333093222,0.030365762020236664,0.17293334167452482,0.19316987043283604,568.7597119140624,547.8029750061036
2025-10-30,574.0,574.25,565.0,567.9000244140625,565.1028442382812,928349,565.1028442382812,0.019822703320008683,689.0543823242188,-0.17988643750852007,-0.006733636491982109,0.17218813904732347,0.19358563613546909,568.3188952636718,548.0247065734864
2025-10-31,567.9000244140625,571.25,563.25,565.4000244140625,562.6151733398438,1161448,562.6151733398438,0.02672297041791971,689.0543823242188,-0.1834967053803337,-0.004402156039031602,0.16660289041851578,0.19370214190042348,567.7815551757812,548.3034007263184
2025-11-03,568.3499755859375,582.75,566.7000122070312,577.2000122070312,574.3569946289062,6022756,574.3569946289062,0.017409428514188363,689.0543823242188,-0.16645621976661962,0.020870075755973216,0.17811319727076505,0.18806218019709192,567.4890026855469,548.730281829834
2025-11-04,582.7999877929688,588.75,565.9000244140625,567.4000244140625,564.6052856445312,4438364,564.6052856445312,-0.009605034407164093,689.0543823242188,-0.18060852651413928,-0.016978480414738595,0.18442287994198345,0.18971108029152103,567.0641064453125,548.9986019897461
2025-11-06,567.5499877929688,569.3499755859375,557.0999755859375,558.4000244140625,555.649658203125,1388630,555.649658203125,-0.033216829259796965,689.0543823242188,-0.1936055085682965,-0.015861749206231512,0.18427900234576838,0.19032848301139224,566.6909545898437,549.2025628662109
2025-11-07,558.5,563.9500122070312,550.5499877929688,558.7999877929688,556.047607421875,1593499,556.047607421875,-0.03394101603756383,689.0543823242188,-0.19302797908882674,0.0007161872825349747,0.18404977513482776,0.1887336905335047,566.249140625,549.3051553344726
2025-11-10,558.9500122070312,563.0,555.0499877929688,556.0999755859375,553.3609008789062,916236,553.3609008789062,-0.04174492029201726,689.0543823242188,-0.19692710027851623,-0.004831792290997727,0.17996119523513454,0.188726013482983,565.9167858886718,549.4136474609375
2025-11-11,558.0,561.0999755859375,552.1500244140625,557.5499877929688,554.8037719726562,1177397,554.8037719726562,-0.0206668391201682,689.0543823242188,-0.1948331130247336,0.002607468455863682,0.17990972816494047,0.18858845283257022,565.8322045898437,549.533815612793
2025-11-12,560.0,570.0499877929688,557.1500244140625,562.5499877929688,559.7791748046875,1748539,559.7791748046875,-0.012920768769221214,689.0543823242188,-0.18761248870296532,0.00896786050019216,0.16802178841225202,0.1847098528187618,565.8192687988281,549.6967065429687
2025-11-13,564.5,566.2000122070312,558.5,559.3499755859375,556.5949096679688,685786,556.5949096679688,-0.0364754631848454,689.0543823242188,-0.1922336988982739,-0.005688430867100025,0.168103874180466,0.18434054643417547,565.6650329589844,549.8193856811523
2025-11-14,562.5,564.7999877929688,558.7000122070312,563.2000122070312,560.4259643554688,1082167,560.4259643554688,-0.009529189703353369,689.0543823242188,-0.18667382614254513,0.0068830214235795495,0.16422488456456893,0.1835763898153805,565.5844323730469,549.9009899902344
2025-11-17,564.7000122070312,565.4000244140625,559.25,560.2999877929688,557.5402221679688,618154,557.5402221679688,-0.004512243922937587,689.0543823242188,-0.19086180065011038,-0.005149194311185767,0.16464176571327302,0.18348502826958343,565.3167565917969,549.9532937622071
2025-11-18,568.0,568.0,556.75,557.7999877929688,555.0525512695312,904843,555.0525512695312,-0.000995930263789746,689.0543823242188,-0.194472068521924,-0.004461868040236294,0.16252393280106459,0.1836018258647757,565.1197314453125,550.076936340332
2025-11-19,557.4000244140625,561.0,554.5,555.2999877929688,552.5648803710938,847533,552.5648803710938,0.001316511305871293,689.0543823242188,-0.19808233639373762,-0.004481865532817819,0.1625938596904391,0.18370226016316057,564.8928540039062,550.147243347168
2025-11-20,562.0,562.0,555.0,555.75,553.0126342773438,1248817,553.0126342773438,0.022800842934575405,689.0543823242188,-0.1974325271511932,0.0008103191537423005,0.1617744872053429,0.18324465776749715,564.6032873535156,550.3241390991211
2025-11-21,555.75,556.0499877929688,545.0,547.5499877929688,544.85302734375,1961101,544.85302734375,0.009282547765515625,689.0543823242188,-0.20927427309012903,-0.014754829144647652,0.16604645929497333,0.1846846965140862,564.2042626953125,550.5224499511719
2025-11-24,548.8499755859375,549.5,542.0499877929688,544.5999755859375,541.9175415039062,2247682,541.9175415039062,-0.007186255597087521,689.0543823242188,-0.21353443878262812,-0.005387665466694225,0.1665112544897398,0.18458364784917833,563.7614538574219,550.6899723815918
2025-11-25,547.0999755859375,548.3499755859375,543.5999755859375,545.8499755859375,543.161376953125,693469,543.161376953125,-0.0030967423936909544,689.0543823242188,-0.21172930484672126,0.0022952485460554506,0.1654880073041268,0.184397475735837,563.4718859863282,550.9197305297852
2025-11-26,546.5,552.0,544.5499877929688,550.0,547.2909545898438,948636,547.2909545898438,0.14017006139269172,689.0543823242188,-0.20573619640324914,0.007602855821383425,0.167212065930954,0.18476080559301214,563.2619250488282,551.2016149902344
2025-11-27,552.4500122070312,553.2999877929688,547.0,548.7000122070312,545.9973754882812,481061,545.9973754882812,0.10174774696218303,689.0543823242188,-0.20761352152408963,-0.0023636040221639565,0.1667019796897367,0.18477539390287012,562.862900390625,551.3850749206543
2025-11-28,549.2999877929688,551.8499755859375,546.1500244140625,550.2000122070312,547.489990234375,602009,547.489990234375,0.09360149791656669,689.0543823242188,-0.20544734308537327,0.002733739781732414,0.16579187973334084,0.18472692435459845,562.3962097167969,551.5358445739746
2025-12-01,551.4000244140625,551.7999877929688,542.9000244140625,543.3499755859375,540.6737060546875,766104,540.6737060546875,0.10459590633302929,689.0543823242188,-0.21533957271853488,-0.012450061738607299,0.16812781175820032,0.17928789854515279,561.6260217285156,551.6904551696778
2025-12-02,544.9500122070312,547.0,541.0,543.0,540.325439453125,1754719,540.325439453125,0.05822856320780767,689.0543823242188,-0.21584499959121184,-0.0006441345263556997,0.16586557070691915,0.1778993057192439,560.8697644042969,551.8502648925781
2025-12-03,546.9000244140625,546.9000244140625,533.6500244140625,535.3499755859375,532.713134765625,2219149,532.713134765625,0.04738741224217158,689.0543823242188,-0.22689246533959484,-0.014088369955715163,0.16937713856191589,0.17914412837878882,559.9324035644531,552.001756439209
2025-12-04,535.5999755859375,543.5,527.5999755859375,536.9000244140625,534.2555541992188,2474836,534.2555541992188,0.013857834507042144,689.0543823242188,-0.2246540071378038,0.002895403422467524,0.16921268509295748,0.17928161288567557,558.8696655273437,552.1949171447754
2025-12-05,536.9000244140625,537.5,531.7999877929688,533.7999877929688,531.1707763671875,1243514,531.1707763671875,-0.0056531065006782955,689.0543823242188,-0.22913083496324493,-0.005773974285873229,0.16925701689922168,0.17859297640457833,557.7193603515625,552.3667051696777
2025-12-08,534.7000122070312,540.5499877929688,526.5499877929688,528.9500122070312,526.3446655273438,1893815,526.3446655273438,-0.06294886441798098,689.0543823242188,-0.23613479715207109,-0.009085798870281936,0.16491743318193808,0.17902105082915992,556.6506494140625,552.5074226379395
2025-12-09,528.0999755859375,534.5,523.4000244140625,533.0499877929688,530.4244384765625,2139922,530.4244384765625,-0.05259201157322746,689.0543823242188,-0.23021396847167364,0.007751143340896549,0.16399828477337217,0.17969447006545688,555.7282141113282,552.7329827880859
2025-12-10,533.0499877929688,536.5,528.6500244140625,529.7000122070312,527.0910034179688,904955,527.0910034179688,-0.06909626161021165,689.0543823242188,-0.23505166364364238,-0.006284467337454802,0.16289349453513952,0.17824894302609534,555.0217114257813,552.9478244018554
2025-12-11,529.6500244140625,537.3499755859375,525.4500122070312,536.0999755859375,533.4594116210938,2781951,533.4594116210938,-0.048182434661226514,689.0543823242188,-0.22580942040930718,0.012082179665045434,0.13862755245783412,0.16702979194861126,554.5032763671875,553.202191772461
2025-12-12,536.9000244140625,549.9500122070312,536.9000244140625,548.1500244140625,545.4501342773438,2488693,545.4501342773438,-0.037009175759237234,689.0543823242188,-0.20840771313650153,0.022477291420939016,0.15503642513136764,0.16563562355602435,554.0694250488282,553.5504699707031
2025-12-15,547.75,556.2999877929688,542.9500122070312,553.4500122070312,550.7239990234375,1239318,550.7239990234375,-0.0314280804062671,689.0543823242188,-0.20075394170513094,0.00966883022786491,0.15779741707255285,0.16650924355025284,553.7181640625,553.9104934692383
2025-12-16,553.0,554.7999877929688,544.2000122070312,548.7000122070312,545.9973754882812,1901877,545.9973754882812,-0.047958185011719556,689.0543823242188,-0.20761352152408963,-0.008582563214128425,0.14547858566577457,0.16691253518642277,553.1718676757813,554.2513453674317
2025-12-17,547.0,549.9000244140625,539.5,541.2999877929688,538.6338500976562,518141,538.6338500976562,-0.049791793496015146,689.0543823242188,-0.21829994276966314,-0.013486375065520861,0.1426040519786177,0.1647396443622462,552.5250695800781,554.6126356506347
2025-12-18,540.0,542.2999877929688,534.6500244140625,535.7999877929688,533.160888671875,834090,533.160888671875,-0.061088874934998705,689.0543823242188,-0.2262426560970504,-0.010160819682589528,0.13852403225899684,0.1652365086685026,551.8454333496094,554.9522619628906
2025-12-19,538.0,540.9000244140625,535.0999755859375,539.6500244140625,536.9920043945312,836741,536.9920043945312,-0.06122622969431324,689.0543823242188,-0.2206826947631806,0.007185665348033554,0.14061156043290224,0.16236431696900658,551.3150598144531,555.3083172607422
2025-12-22,542.0,545.2000122070312,538.6500244140625,539.9500122070312,537.2904663085938,872083,537.2904663085938,-0.05108282925625118,689.0543823242188,-0.2202495476535783,0.0005558032738290919,0.1402435169057873,0.16010818286699643,550.7986157226562,555.6899075317383
2025-12-23,563.0,563.5,544.25,546.9000244140625,544.206298828125,9559898,544.206298828125,-0.027717481504195285,689.0543823242188,-0.21021284707240828,0.012871682922360073,0.14555682675359255,0.16172128793843682,550.353818359375,556.0721199035645
2025-12-24,550.0,553.4000244140625,547.5999755859375,548.0999755859375,545.4003295898438,2136787,545.4003295898438,-0.02342190343702455,689.0543823242188,-0.2084799928995762,0.0021940774377104955,0.1429881313456316,0.16090413946680587,549.9826550292969,556.4444393920899
2025-12-26,549.9000244140625,555.0,548.2000122070312,554.6500244140625,551.9180908203125,1919198,551.9180908203125,0.014359336541397427,689.0543823242188,-0.19902099895415792,0.011950416743184311,0.14686417454118023,0.16209956544038054,549.8045373535156,556.7695362854004
2025-12-29,556.9000244140625,556.9000244140625,549.6500244140625,552.0999755859375,549.380615234375,1228806,549.380615234375,0.00630353118712379,689.0543823242188,-0.2027035465890462,-0.0045975582756602185,0.14579105978850268,0.15823130437244257,549.5080041503907,557.0452624511719
2025-12-30,553.9000244140625,553.9000244140625,548.9500122070312,550.0,547.2909545898438,2305901,547.2909545898438,0.01641198599687055,689.0543823242188,-0.20573619640324914,-0.0038036665047597173,0.14547986043495945,0.1581167103501331,549.1159436035156,557.304095916748
2025-12-31,551.9000244140625,556.9000244140625,550.0499877929688,556.3499755859375,553.6096801757812,1063795,553.6096801757812,0.017468275140897882,689.0543823242188,-0.19656605577570674,0.011545459563958804,0.14911813064932813,0.15945502783831356,548.9716577148438,557.645086517334
2026-01-01,556.9000244140625,561.0,555.0999755859375,559.6500244140625,556.8934936523438,1568506,556.8934936523438,0.02509119674600435,689.0543823242188,-0.19180037463238964,0.005931640276809924,0.14947907297570165,0.15963087999566802,548.855234375,557.973000793457
2026-01-02,560.0,566.5,558.1500244140625,565.4000244140625,562.6151733398438,1371653,562.6151733398438,0.041993720831335235,689.0543823242188,-0.1834967053803337,0.010274280006352443,0.1522491589258874,0.15729137050814418,548.8134423828125,558.361001739502
2026-01-05,568.7000122070312,573.0999755859375,567.0499877929688,571.25,568.4363403320312,2369536,568.4363403320312,0.0700656797168202,689.0543823242188,-0.1750486537584104,0.01034662282147747,0.14753303563048936,0.15786391711630582,548.9507641601563,558.7949632263184
2026-01-06,572.0,572.0,561.3499755859375,563.5499877929688,560.7742309570312,1015560,560.7742309570312,0.05015413313399475,689.0543823242188,-0.18616839926986806,-0.01347927433795748,0.15257213168448974,0.157708393558015,549.1209216308594,559.1670672607422
2026-01-07,563.9500122070312,565.7999877929688,560.6500244140625,562.0,559.2318725585938,3920663,559.2318725585938,0.025838608287607423,689.0543823242188,-0.18840676889351815,-0.0027504088335251753,0.15295353696907907,0.15444397036154894,549.1557495117188,559.5314595031738
2026-01-08,562.0,562.0,545.1500244140625,546.7000122070312,544.0072631835938,1330617,544.0072631835938,2.356110640366893e-06,689.0543823242188,-0.21050170039028415,-0.027224144620628388,0.17203841864875324,0.16098028371127562,548.9925573730469,559.7379345703125
2026-01-09,546.7000122070312,548.5,535.6500244140625,536.9500122070312,534.3052978515625,1242111,534.3052978515625,0.017013900143466154,689.0543823242188,-0.22458181595287008,-0.017834256982625973,0.1794562534012013,0.1631593860548752,548.2999865722657,559.9075492858886
2026-01-12,536.9500122070312,540.2000122070312,528.5999755859375,538.7000122070312,536.046630859375,2484225,536.046630859375,0.009187101471324288,689.0543823242188,-0.22205468158948516,0.0032590599696735723,0.17954899945850905,0.16327885322254096,547.7188623046875,560.0372897338867
2026-01-13,540.0,545.2000122070312,533.5499877929688,537.6500244140625,535.0018310546875,1093928,535.0018310546875,0.002914646642858898,689.0543823242188,-0.22357096220751604,-0.0019490838008113798,0.17609407983876343,0.16202998387408313,547.1665954589844,560.1380114746094
2026-01-14,537.6500244140625,551.3499755859375,533.5,549.5499877929688,546.8432006835938,1736723,546.8432006835938,0.05009379312769746,689.0543823242188,-0.20638600564579357,0.02213332542350832,0.1876904239229054,0.16557904236642348,546.6163195800781,560.291743774414
2026-01-15,549.5499877929688,549.5499877929688,549.5499877929688,549.5499877929688,546.8432006835938,0,546.8432006835938,0.07884932583649995,689.0543823242188,-0.20638600564579357,0.0,0.18256785088145633,0.16556147140667068,546.2610778808594,560.3864849853516
2026-01-16,551.5,558.4500122070312,545.7000122070312,553.75,551.0225219726562,2077235,551.0225219726562,0.12687972892834387,689.0543823242188,-0.20032070601738772,0.007642631898573615,0.18352628687196956,0.1657219799114737,546.16853515625,560.4508157348632
2026-01-19,551.2999877929688,555.4000244140625,546.9500122070312,552.1500244140625,549.430419921875,1523060,549.430419921875,0.07532992488647028,689.0543823242188,-0.20263126682597155,-0.0028893593043738397,0.18277697293184542,0.16561007336029213,546.03619140625,560.5292456054688
2026-01-20,552.1500244140625,554.3499755859375,534.9000244140625,536.2999877929688,533.658447265625,1184287,533.658447265625,0.03651683228764413,689.0543823242188,-0.2255205670914313,-0.02870604190152537,0.20036322675150867,0.17231419927127598,545.6421423339843,560.5707040405273
2026-01-21,534.0,545.0,531.2000122070312,538.6500244140625,535.9968872070312,1735277,535.9968872070312,0.0008734790051045938,689.0543823242188,-0.2221268727744189,0.0043819037314747344,0.1995454247672714,0.17152800541005447,545.2660046386719,560.6032821655274
2026-01-22,543.7999877929688,548.5,541.1500244140625,546.5999755859375,543.90771484375,1903090,543.90771484375,0.02303197953610936,689.0543823242188,-0.21064617133829255,0.014759092497608428,0.20269267892087597,0.1733873466228626,544.9485754394532,560.6424487304688
2026-01-23,546.6500244140625,548.5,511.1000061035156,518.5999755859375,516.0455932617188,6489381,516.0455932617188,-0.027741855062557663,689.0543823242188,-0.2510814726682845,-0.051225825303903405,0.25039325564127224,0.19148999613519183,544.1375891113281,560.6042700195312
2026-01-27,526.6500244140625,535.9000244140625,524.0499877929688,532.25,529.62841796875,2374373,529.62841796875,0.004604371484363545,689.0543823242188,-0.23136920458689503,0.026320977999598094,0.25374809081912786,0.19622824536806277,543.5216381835937,560.6488772583008
2026-01-28,533.9500122070312,539.0999755859375,531.0499877929688,533.9500122070312,531.320068359375,1738702,531.320068359375,-0.0013889691893871348,689.0543823242188,-0.2289141728303028,0.0031940325202202136,0.25210307250303216,0.19461285049320728,542.9972351074218,560.6444387817382
2026-01-29,535.0,538.3499755859375,528.7999877929688,536.0499877929688,533.40966796875,2837060,533.40966796875,-0.0196569275318359,689.0543823242188,-0.22588161159424092,0.003932845254325468,0.25147157929295316,0.19477268248300486,542.5643774414062,560.5959188842774
2026-01-30,536.0499877929688,536.0499877929688,507.8999938964844,510.1499938964844,507.6372680664063,6130082,507.6372680664063,-0.0720959239570026,689.0543823242188,-0.2632841745318888,-0.048316334423570195,0.28494871266364075,0.2102658088933973,541.6658251953126,560.4143231201172
2026-02-02,499.8500061035156,513.4500122070312,493.3500061035156,510.5,507.9855346679688,2967802,507.9855346679688,-0.04212236194313401,689.0543823242188,-0.26277874765921183,0.0006860540458131226,0.2839204700507897,0.20879016451651217,540.765283203125,560.18787109375
2026-02-03,533.0,540.5,519.5,528.25,525.6481323242188,3149032,525.6481323242188,-0.023872355854537064,689.0543823242188,-0.237145650897425,0.03476988309872775,0.30190057538928167,0.2173724189710132,540.3811853027344,560.0115612792969
2026-02-04,530.9000244140625,538.0,522.5499877929688,536.9500122070312,534.3052978515625,977308,534.3052978515625,0.03220775796739672,689.0543823242188,-0.22458181595287008,0.01646950687157389,0.3058965288272809,0.21805429918911554,540.2289404296876,559.8584606933593
2026-02-05,536.0,536.9500122070312,528.2000122070312,533.0499877929688,530.4244384765625,1363472,530.4244384765625,0.0499486108995153,689.0543823242188,-0.23021396847167364,-0.00726337431166213,0.3040932013764236,0.21817677997325421,539.9742016601563,559.6408447265625
2026-02-06,530.0,531.5499877929688,524.0,529.4500122070312,526.8422241210938,554714,526.8422241210938,0.036248417511525854,689.0543823242188,-0.23541270814645188,-0.006753486633755523,0.30446516069374296,0.21471669835049634,539.5652270507812,559.4102749633789
2026-02-09,533.8499755859375,544.8499755859375,530.3499755859375,542.4500122070312,539.7781982421875,1236310,539.7781982421875,0.08561467500920195,689.0543823242188,-0.21663919120362374,0.02455379149359982,0.3112299608051442,0.21864875107906007,539.4408435058593,559.2619836425781
2026-02-10,547.0,547.0,533.0,538.5,535.8475952148438,1575847,535.8475952148438,0.09153034338844956,689.0543823242188,-0.22234353490736103,-0.007281885485823536,0.311630067126231,0.21762824724285557,539.2079956054688,559.1056884765625
2026-02-11,540.7999877929688,542.25,535.0,541.25,538.5841064453125,1085688,538.5841064453125,0.05748754607772977,689.0543823242188,-0.21837213395459676,0.0051068834775147565,0.3119145887727292,0.217792249205464,539.1662036132813,559.0785791015625
2026-02-12,541.0,541.0,529.0,532.8499755859375,530.2254028320312,953137,530.2254028320312,0.0249148363491698,689.0543823242188,-0.2305028217895495,-0.01551977400233584,0.31281099334436463,0.21864594828021983,538.9642028808594,559.0282659912109
2026-02-13,526.8499755859375,530.5,517.25,519.4500122070312,516.8914794921875,1297366,516.8914794921875,0.014006611772115374,689.0543823242188,-0.2498538682118474,-0.025147650920957054,0.3195100084610814,0.2223585976988574,538.6477697753907,558.9658126831055
2026-02-16,520.0,526.4000244140625,513.2000122070312,524.7000122070312,522.1156005859375,705071,522.1156005859375,0.027051717622495586,689.0543823242188,-0.24227228796541056,0.010106804428044347,0.3194531731315797,0.2229173318605022,538.404970703125,558.9009759521484
2026-02-17,523.7000122070312,528.5,520.8499755859375,522.0,519.4288940429688,2242675,519.4288940429688,0.0338645830935298,689.0543823242188,-0.24617140915510005,-0.005145807824844972,0.317276344724487,0.22283802374942585,538.1701330566407,558.8784744262696
2026-02-18,522.0,525.8499755859375,520.0499877929688,523.0,520.4239501953125,1773473,520.4239501953125,0.050039074939897565,689.0543823242188,-0.2447273197220028,0.0019156734709129264,0.31591035656605865,0.22288454996486776,538.05171875,558.7967520141601
2026-02-19,522.0,526.3499755859375,510.7999877929688,512.1500244140625,509.62744140625,2535330,509.62744140625,0.025792935367964676,689.0543823242188,-0.26039590708755334,-0.020745603243299326,0.32041021983164514,0.22507140964826408,537.6357788085937,558.6920297241211
2026-02-20,512.1500244140625,517.7999877929688,508.6499938964844,512.0,509.4781494140625,2376908,509.4781494140625,0.022635389428373065,689.0543823242188,-0.2606125692204956,-0.00029294339365937283,0.31203644722934043,0.2250048102662347,537.2835217285157,558.5863131713867
2026-02-23,512.0,518.6500244140625,510.75,515.2999877929688,512.7619018554688,926117,512.7619018554688,0.05656046070618004,689.0543823242188,-0.2558469766553195,0.006445325369071941,0.3092487712159213,0.22521695124747432,536.8695715332032,558.5505532836914
2026-02-24,514.9500122070312,516.9500122070312,506.9500122070313,514.5,511.9658508300781,1586025,511.9658508300781,0.05751263321896771,689.0543823242188,-0.25700225705961144,-0.0015524769342457612,0.30896217602310994,0.22491377597616583,536.1998858642578,558.4956938171387
2026-02-25,514.75,518.5,507.3999938964844,511.1000061035156,508.5825805664063,1574610,508.5825805664063,0.053869458362338474,689.0543823242188,-0.26191227628372526,-0.006608390497503613,0.30933613195675297,0.22489674219403324,535.3570574951171,558.3535252380372
2026-02-26,513.0,515.7999877929688,510.0,512.1500244140625,509.62744140625,1099252,509.62744140625,0.07110831915726878,689.0543823242188,-0.26039590708755334,0.0020544566010893828,0.30137689254502104,0.22436718003357817,534.6296588134766,558.2401277160644
2026-02-27,512.0,512.0499877929688,499.0,500.3999938964844,497.9352722167969,2428507,497.9352722167969,0.040140376474961936,689.0543823242188,-0.27736433438354535,-0.0229425816576716,0.3072199795226477,0.22722995126229412,533.8156872558594,558.0350561523437
2026-03-02,490.1000061035156,493.3999938964844,480.1000061035156,490.75,488.3328247070313,2820015,488.3328247070313,0.021986679171907886,689.0543823242188,-0.2913000232871932,-0.01928452962774796,0.30907057803971877,0.22906840841781842,532.9191259765626,557.7623913574218
2026-03-04,482.0,482.2000122070313,471.5499877929688,476.1499938964844,473.8047180175781,2300996,473.8047180175781,0.01592905263259814,689.0543823242188,-0.3123841453276758,-0.029750420111875786,0.31803304640675123,0.2338073852685964,531.6553802490234,557.3380183410644
2026-03-05,479.0,482.3999938964844,469.4500122070313,480.0,477.6357727050781,1744314,477.6357727050781,0.026653475756159173,689.0543823242188,-0.3068242725719469,0.00808572507156402,0.31174285948059705,0.23302999505119548,530.4622863769531,556.922638244629
2026-03-06,475.7000122070313,480.75,463.3500061035156,466.75,464.4510192871094,1326098,464.4510192871094,-0.0028552596491712157,689.0543823242188,-0.32595883401758474,-0.027604200044098914,0.31842632983811214,0.23632217700980596,528.8671807861328,556.4586848449707
2026-03-09,459.0,459.0,443.25,451.9500122070313,449.7239379882813,4222293,449.7239379882813,-0.02440162106365873,689.0543823242188,-0.34733172079780195,-0.03170857784192793,0.32237406589663575,0.2412071756983957,526.9536529541016,555.8925917053223
2026-03-10,459.1000061035156,465.7000122070313,454.1000061035156,462.1000061035156,459.8239440917969,2249388,459.8239440917969,-0.01697412231527462,689.0543823242188,-0.3326739428885349,0.02245823548707504,0.302928669910055,0.23853589911282125,525.1117700195313,555.3772463989258
2026-03-11,462.5,471.3500061035156,456.0,457.7999877929688,455.5451049804688,1879908,455.5451049804688,-0.03268238739291873,689.0543823242188,-0.33888366917587864,-0.009305385607483396,0.2895927088376326,0.23871151247199307,523.2350598144532,554.8248916625977
2026-03-12,455.0,455.5499877929688,445.0,446.4500122070313,444.25103759765625,5554429,444.25103759765625,-0.08759044436882757,689.0543823242188,-0.3552743455470484,-0.024792423975879996,0.29416249421659885,0.24164536648242915,521.1742614746094,554.2346563720703
2026-03-13,445.0,446.2999877929688,424.3999938964844,425.3500061035156,423.25494384765625,4856344,423.25494384765625,-0.14361666688792696,689.0543823242188,-0.385745226058945,-0.04726177762811545,0.3160764966221671,0.24974194570899277,518.5671667480469,553.5615002441406
2026-03-16,425.5499877929688,434.9500122070313,424.75,429.0,426.886962890625,6857558,426.886962890625,-0.1385145065949538,689.0543823242188,-0.380474206621092,0.00858116153340438,0.29449064142318054,0.24942933342120308,515.9670361328125,552.911708984375
2026-03-17,432.7999877929688,436.2999877929688,428.1000061035156,434.2000122070313,432.0613708496094,2154056,432.0613708496094,-0.10990712541445136,689.0543823242188,-0.37296477327051847,0.012121260213585172,0.29844700857526324,0.24973182958149281,513.3559600830079,552.2887812805176
2026-03-18,438.0,444.2999877929688,433.4500122070313,441.25,439.0766296386719,3070154,439.0766296386719,-0.1063156477869458,689.0543823242188,-0.36278377889762203,0.016236718351533286,0.28120926026619497,0.2516701798704967,510.7687658691406,551.7403399658203
2026-03-19,433.0,435.75,418.25,419.9500122070313,417.8815612792969,2679767,417.8815612792969,-0.1384151522078534,689.0543823242188,-0.3935434241492535,-0.04827191184558599,0.2986621565255524,0.26305209206333874,507.9109124755859,551.0757609558106
2026-03-20,425.0,427.6000061035156,419.0,420.5499877929688,418.47857666015625,2282335,418.47857666015625,-0.13114553627458037,689.0543823242188,-0.39267699706283743,0.0014286712699926873,0.2999046750837239,0.2629886108876284,505.09584655761716,550.4297822570801
2026-03-23,416.7999877929688,416.7999877929688,394.0,395.3500061035156,393.4027099609375,4333904,393.4027099609375,-0.19111763074072008,689.0543823242188,-0.4290687062551315,-0.05992150637518223,0.3358831669348847,0.2789010262317075,502.08375549316406,549.6581764221191
2026-03-24,407.8999938964844,413.5,395.1000061035156,407.5499877929688,405.5426025390625,5189341,405.5426025390625,-0.16615657983153365,689.0543823242188,-0.4114505140056657,0.030858690778541975,0.3418762335801063,0.28482601382830086,499.50850158691406,548.9586717224121
2026-03-25,414.0,427.7000122070313,414.0,421.7999877929688,419.722412109375,4840404,419.722412109375,-0.16508417625945682,689.0543823242188,-0.39087186312693056,0.034965030755176096,0.36513361875520556,0.29148122391203296,497.18201721191406,548.3052799987793
2026-03-27,418.0,418.6000061035156,407.6000061035156,408.8500061035156,406.8362121582031,6114057,406.8362121582031,-0.18694932323786329,689.0543823242188,-0.40957314459575456,-0.0307017199448808,0.3688227872736787,0.295118560298327,494.6187048339844,547.5634146118164
2026-03-30,405.0,411.0,399.3999938964844,401.25,399.2736511230469,4653934,399.2736511230469,-0.21726172724003467,689.0543823242188,-0.42054841915920393,-0.018588711646483125,0.36939787558254034,0.29621770106109774,491.6673138427734,546.7782835388184
2026-04-01,415.0,422.7999877929688,409.1000061035156,420.3500061035156,418.2795715332031,3593392,418.2795715332031,-0.18758183494014824,689.0543823242188,-0.3929658060916428,0.04760123879123457,0.4008480927396786,0.308293055274174,489.0960412597656,546.0874383544922
2026-04-02,414.5,420.0,406.7000122070313,418.4500122070313,416.3889465332031,2016351,416.3889465332031,-0.19319593851695105,689.0543823242188,-0.39570960258796983,-0.004520003195637612,0.39774201623775896,0.3082404120726004,486.40336975097654,545.4510884094238
2026-04-06,420.4500122070313,431.1000061035156,412.3999938964844,430.0499877929688,427.9317932128906,2653255,427.9317932128906,-0.18936184874351825,689.0543823242188,-0.3789578817139906,0.02772130906882042,0.4104276536529621,0.31181209678824806,483.97339721679685,544.8916076660156
2026-04-07,426.9500122070313,426.9500122070313,418.0,420.4500122070313,418.3790893554688,3100760,418.3790893554688,-0.22256966363522734,689.0543823242188,-0.3928213794327048,-0.022322958959652417,0.4123154307970083,0.3135409828389377,481.6678100585938,544.2463018798828
2026-04-08,438.0,462.4500122070313,435.0,446.75,444.5495300292969,7851973,444.5495300292969,-0.1671116514152471,689.0543823242188,-0.3548411541483757,0.06255198058331435,0.45636990992095205,0.3319197152999523,479.83886291503904,543.728116607666
2026-04-09,446.9500122070313,446.9500122070313,432.0,434.0499877929688,431.9120788574219,4904296,431.9120788574219,-0.1778846483384643,689.0543823242188,-0.3731814354034606,-0.02842754365535416,0.46156206378507236,0.33443233144546314,477.5989501953125,543.1758502197266
2026-04-10,437.0,447.0,435.25,445.2000122070313,443.0071716308594,3576120,443.0071716308594,-0.16331850954597116,689.0543823242188,-0.3570795237720257,0.025688313239093485,0.4690469336692642,0.3377205687080358,476.1381817626953,542.7400077819824
2026-04-13,432.9500122070313,443.7999877929688,427.5,441.0,438.8278503417969,2307559,438.8278503417969,-0.18140495270261114,689.0543823242188,-0.3631448234004315,-0.009433981110682721,0.46918146065739125,0.3378416877821762,474.3221704101563,542.2800344848633
2026-04-15,449.8999938964844,457.5,448.0499877929688,454.0,451.7638244628906,2825450,451.7638244628906,-0.13733067443512492,689.0543823242188,-0.3443713064576034,0.02947847113855273,0.4794531537494003,0.34151549885463345,472.7310455322266,541.8742927551269
2026-04-16,457.0,460.25,451.1000061035156,458.0499877929688,455.7938537597656,2057087,455.7938537597656,-0.1246634290842985,689.0543823242188,-0.3385226689621397,0.008920655171242187,0.4805561172991957,0.3419790508584149,471.17872924804686,541.3959106445312
2026-04-17,459.2000122070313,461.9500122070313,456.1000061035156,459.0,456.73919677734375,1899655,456.73919677734375,-0.14180282973297675,689.0543823242188,-0.3371507264249056,0.0020740582826648257,0.4771149517464901,0.34138453032080185,470.1607678222656,540.8963830566406
2026-04-20,459.0,464.0,453.0,454.8999938964844,452.6593933105469,1733571,452.6593933105469,-0.1665475625097349,689.0543823242188,-0.3430715993943735,-0.00893245750656635,0.4748767004567231,0.34152913112024136,469.0542449951172,540.3398875427246
2026-04-21,455.9500122070313,460.0,453.5499877929688,456.25,454.0027465820313,1471622,454.0027465820313,-0.16536926647144312,689.0543823242188,-0.34112203879952874,0.002967691141146478,0.4677317781071142,0.34154059746509813,467.62133728027345,539.749310760498
2026-04-22,453.5,463.6499938964844,451.0,460.8999938964844,458.62982177734375,1475937,458.62982177734375,-0.17106494487015977,689.0543823242188,-0.33440692992857857,0.010191733927046531,0.46812699646676775,0.3418534796694122,466.1078277587891,539.1694309997558
2026-04-23,457.9500122070313,457.9500122070313,449.0,450.3999938964844,448.1815490722656,2393788,448.1815490722656,-0.20097435775228834,689.0543823242188,-0.3495701347105227,-0.02278149437510968,0.4659427905150211,0.343379298964396,464.4629699707031,538.52337890625
2026-04-24,451.0,457.7000122070313,440.3999938964844,451.2000122070313,448.9776306152344,3729295,448.9776306152344,-0.20524441162876472,689.0543823242188,-0.34841481001716024,0.0017762479169805,0.456636661976212,0.3433353583979642,462.90567810058593,537.8119004821777
2026-04-27,453.5,468.7999877929688,453.4500122070313,460.5,458.2318115234375,3444150,458.2318115234375,-0.2016138997600695,689.0543823242188,-0.33498454798618926,0.020611674785494527,0.45589037788331116,0.34458852514291277,461.2747503662109,537.1738090515137
2026-04-28,462.8500061035156,465.0,456.0,458.7999877929688,456.5401611328125,1789522,456.5401611328125,-0.20318485138560405,689.0543823242188,-0.3374395797427815,-0.003691691297033617,0.4551540533785369,0.3422168318813593,459.6886016845703,536.4924317932129
2026-04-29,463.7000122070313,465.5,453.0,454.6000061035156,452.3608703613281,1778884,452.3608703613281,-0.2055990435650995,689.0543823242188,-0.3435048350821168,-0.009154267526244153,0.44983705430261717,0.341888664810619,457.9641369628906,535.808815612793
2026-04-30,450.2000122070313,450.2000122070313,440.1000061035156,444.2000122070313,442.0121154785156,3322936,442.0121154785156,-0.2205837609206288,689.0543823242188,-0.35852361320512294,-0.02287721056541947,0.43231780501128175,0.34350637190203737,456.19987121582034,535.075694732666
2026-05-01,444.2000122070313,444.2000122070313,444.2000122070313,444.2000122070313,442.0121154785156,0,442.0121154785156,-0.18748666273083991,689.0543823242188,-0.35852361320512294,0.0,0.43186417584658615,0.34298284311356547,454.70228393554686,534.3485443115235
2026-05-04,446.0,460.75,438.0499877929688,445.2999877929688,443.1066589355469,12403895,443.1066589355469,-0.17986955380764225,689.0543823242188,-0.3569351414021583,0.002476274786826327,0.43070974951586444,0.3427793430948101,453.1221051025391,533.6514942932129
2026-05-05,439.0,441.1000061035156,431.5,433.1000061035156,430.9667663574219,8250228,430.9667663574219,-0.18590611037405524,689.0543823242188,-0.37455333365162413,-0.027397224422869293,0.43600358212311,0.3450831051805119,451.3528625488281,532.8850381469726
2026-05-06,438.5499877929688,449.6000061035156,435.7999877929688,446.8999938964844,444.6987915039063,5333664,444.6987915039063,-0.1689161574253042,689.0543823242188,-0.35462453630450397,0.03186330413026739,0.4209167610705623,0.3497377391806112,449.8383593750001,532.1723159790039
2026-05-07,446.5,454.2000122070313,445.1000061035156,450.6499938964844,448.4303283691406,4351743,448.4303283691406,-0.14410128498695718,689.0543823242188,-0.34920909020771307,0.008391155848692211,0.42125867753096363,0.3492834841553678,448.6144171142579,531.4635743713379
2026-05-08,449.0,457.9500122070313,442.5,444.2999877929688,442.1116027832031,5045246,442.1116027832031,-0.1763457462884963,689.0543823242188,-0.3583792308352556,-0.014090763238333026,0.38113919549844083,0.34980450625305975,447.2670861816407,530.7112979125976
2026-05-11,441.75,441.75,432.3999938964844,436.2000122070313,434.051513671875,4019675,434.051513671875,-0.18191763613711898,689.0543823242188,-0.3700765501152534,-0.01823089251806076,0.37781394410040375,0.3500202659729917,445.6928784179688,529.9231991577149
2026-05-12,434.8999938964844,442.0,425.2000122070313,426.9500122070313,424.8470764160156,3306821,424.8470764160156,-0.19934056860932203,689.0543823242188,-0.3834346209612908,-0.021205863741826647,0.3709323099134418,0.3514127341596501,443.95050292968756,529.0786296081543
2026-05-13,428.1499938964844,441.1499938964844,425.3999938964844,438.3999938964844,436.24066162109375,3622406,436.24066162109375,-0.1609366879585512,689.0543823242188,-0.36689951793118314,0.026818085465466046,0.3660960058328446,0.35483697823774174,442.5036645507813,528.208685760498
2026-05-14,438.8999938964844,447.1499938964844,433.25,443.8999938964844,441.7135620117188,3486802,441.7135620117188,-0.1553228525555882,689.0543823242188,-0.3589568931819367,0.012545598959728954,0.3615427448898891,0.3549511538815219,441.1453869628907,527.3297862243652
2026-05-15,449.0,451.5499877929688,431.3999938964844,433.75,431.6135559082031,2812091,431.6135559082031,-0.19627475215875478,689.0543823242188,-0.37361467109120383,-0.022865510530210353,0.34432852415213466,0.3563380671376167,439.81895263671885,526.4011328125
2026-05-18,430.0,431.7000122070313,421.1000061035156,430.1499938964844,428.0312805175781,2003511,428.0312805175781,-0.1958938655709912,689.0543823242188,-0.3788134993441231,-0.008299728638242465,0.34505445247516764,0.35579628720310824,438.61292175292976,525.4545680236816
2026-05-19,430.5,434.6000061035156,428.7999877929688,431.7000122070313,429.57366943359375,1856159,429.57366943359375,-0.20294275861678457,689.0543823242188,-0.3765750854314026,0.003603449061364339,0.33587097973410585,0.3552701909763983,437.7283007812501,524.5520356750488
2026-05-20,428.2000122070313,431.6000061035156,425.1499938964844,430.25,428.13079833984375,1976324,428.13079833984375,-0.21135055624869514,689.0543823242188,-0.37866907268518524,-0.00335884435294298,0.32918144301393704,0.3548168933941925,436.7382012939454,523.6524882507324
2026-05-21,435.0,438.0,430.9500122070313,436.4500122070313,434.30029296875,2915980,434.30029296875,-0.22263044931272546,689.0543823242188,-0.36971550561244393,0.014410303236369826,0.27623866142252507,0.35597642744669167,436.1351867675782,522.788763885498
2026-05-22,438.6000061035156,441.0,435.1000061035156,436.3500061035156,434.2007751464844,2717748,434.2007751464844,-0.22562574686759185,689.0543823242188,-0.3698599322713818,-0.00022914518796512962,0.2633720681469512,0.3535372627175612,435.8247235107423,521.8857339477539
2026-05-25,437.1000061035156,444.6499938964844,437.1000061035156,441.9500122070313,439.773193359375,3029764,439.773193359375,-0.2108035095436419,689.0543823242188,-0.3617728808631975,0.012833736215718927,0.25511373181009056,0.3534353680351811,435.4237084960938,521.1356964111328
2026-05-26,442.0499877929688,455.9500122070313,440.6000061035156,449.7000122070313,447.4850158691406,4449009,447.4850158691406,-0.20509650013861702,689.0543823242188,-0.3505809884558766,0.017535908568814706,0.2585094302903787,0.3548317943463677,435.26250671386725,520.3483436584472
2026-05-27,450.0,462.0,449.7000122070313,459.75,457.4855041503906,4281809,457.4855041503906,-0.18726027897826159,689.0543823242188,-0.33606763720554744,0.022348208155811067,0.25238429125028977,0.3571163705558622,435.52719604492194,519.6244268798828
2026-05-28,459.75,459.75,459.75,459.75,457.4855041503906,0,457.4855041503906,-0.19174464693187887,689.0543823242188,-0.33606763720554744,0.0,0.2511319708399551,0.35488489226564224,436.2118072509766,518.9131971740723
2026-05-29,460.9500122070313,461.9500122070313,445.4500122070313,447.8500061035156,445.6441345214844,3804649,445.6441345214844,-0.20745928551611192,689.0543823242188,-0.3532525937672699,-0.025883595264722503,0.26219070251752447,0.35716276975144956,436.58695068359384,518.2064453125
2026-06-01,448.6000061035156,452.0,433.1000061035156,434.8999938964844,432.7579040527344,2903380,432.7579040527344,-0.22428995776665084,689.0543823242188,-0.37195391952516443,-0.02891596561141041,0.2737916948695784,0.3595929485367969,436.6008813476563,517.4230729675293
2026-06-02,432.0,441.6000061035156,429.6499938964844,439.3500061035156,437.1860046386719,4263528,437.1860046386719,-0.21488774082157525,689.0543823242188,-0.3655275753939491,0.010232281246555619,0.275591686977215,0.36021489561752457,436.5630688476563,516.7232870483399
2026-06-03,438.2000122070313,440.5,424.0,426.9500122070313,424.8470764160156,8611792,424.8470764160156,-0.23677457370821364,689.0543823242188,-0.3834346209612908,-0.028223520633635535,0.28425438736154973,0.3601155584880159,436.7023791503907,515.9177745056153
2026-06-04,425.8999938964844,429.7999877929688,423.6499938964844,426.3500061035156,424.2500305175781,2808700,424.2500305175781,-0.22690019668636197,689.0543823242188,-0.38430109233677723,-0.0014053195410314023,0.2776041995923126,0.3599428106411769,436.81780822753916,515.1177346801758
2026-06-05,430.0,430.4500122070313,415.0,417.5499877929688,415.4933471679688,7371968,415.4933471679688,-0.24565116889310856,689.0543823242188,-0.39700935394027004,-0.02064038354676445,0.28273459106413906,0.3600554656768254,437.25962097167974,514.3052563476563
2026-06-08,415.2000122070313,422.75,411.1000061035156,415.2999877929688,413.2544250488281,3402602,413.2544250488281,-0.24543763936104102,689.0543823242188,-0.4002586215983447,-0.005388587168486114,0.2742391414428438,0.3506214379010214,437.4138574218751,513.4955143737793
2026-06-09,416.5,417.75,412.6000061035156,416.0,413.9509887695313,1816420,413.9509887695313,-0.24423417311610496,689.0543823242188,-0.39924772356392013,0.0016855565929412286,0.2746138451235392,0.3473507497663249,437.2984289550782,512.6295509338379
2026-06-10,416.0,417.6499938964844,408.25,409.7999877929688,407.7815246582031,2195127,407.7815246582031,-0.2523854571569981,689.0543823242188,-0.40820124634759103,-0.014903851612160457,0.27621369520607086,0.3478309485565655,437.3173352050782,511.721047668457
2026-06-11,407.5499877929688,410.1499938964844,404.7999877929688,406.0499877929688,404.0499877929688,1605560,404.0499877929688,-0.2658985606856509,689.0543823242188,-0.41361669244438193,-0.00915082376123355,0.270569415061424,0.3478137047464752,437.4128619384766,510.79637451171874
2026-06-12,412.25,426.0499877929688,408.7000122070313,423.1000061035156,423.1000061035156,2885819,423.1000061035156,-0.23794501629134301,689.0543823242188,-0.38597008166993185,0.04714767698571953,0.30694299130776326,0.34915472491826144,437.5092706298829,509.9826240539551
2026-06-15,431.3999938964844,435.8999938964844,427.0,428.8500061035156,428.8500061035156,3311686,428.8500061035156,-0.22910280492981616,689.0543823242188,-0.37762531216044126,0.013590167612980819,0.30980063565874694,0.3500795387646981,437.7584918212891,509.25533782958985
2026-06-16,431.6000061035156,431.6000061035156,424.1000061035156,426.0499877929688,426.0499877929688,2106091,426.0499877929688,-0.23434081537337326,689.0543823242188,-0.38168887866893975,-0.00652913202913874,0.30004473866884024,0.344697282061321,437.7208557128907,508.49489624023437
2026-06-17,427.9500122070313,428.25,422.5,426.4500122070313,426.4500122070313,2960337,426.4500122070313,-0.21559274698932596,689.0543823242188,-0.38110833753267526,0.0009389142718549959,0.2842920977652302,0.3433053412836548,437.88227416992197,507.77725311279295
2026-06-18,428.0,433.8500061035156,423.2000122070313,430.0,430.0,3210633,430.0,-0.2034499020356172,689.0543823242188,-0.37595636711635727,0.00832451094231712,0.2842725406508541,0.343654200211661,437.591283569336,507.13208892822263
2026-06-19,429.9500122070313,433.0,421.7999877929688,423.9500122070313,423.9500122070313,2145518,423.9500122070313,-0.2255775587308697,689.0543823242188,-0.3847364981889755,-0.014069739053415575,0.28426429058860936,0.34415255461851585,437.4320422363282,506.4497091674805
2026-06-22,426.1499938964844,429.0,422.6000061035156,428.0,428.0,3536363,428.0,-0.21924393605559167,689.0543823242188,-0.3788588956413974,0.00955298425841522,0.28122518813542025,0.3417603535837153,437.131898803711,505.7681756591797
2026-06-23,428.9500122070313,429.3999938964844,414.0,414.8500061035156,414.8500061035156,3043505,414.8500061035156,-0.2351096891172002,689.0543823242188,-0.39794301183572267,-0.030724284804869995,0.2886246712346271,0.34495530090347953,436.6523419189454,505.02014572143554
2026-06-24,416.0,428.0,415.1499938964844,426.8500061035156,426.8500061035156,4347023,426.8500061035156,-0.19488946972036048,689.0543823242188,-0.3805278406854814,0.028926117448352384,0.29042601216253544,0.3487450962765861,436.15406555175787,504.2997756958008
2026-06-25,429.8999938964844,434.2999877929688,422.5499877929688,423.75,423.75,3173028,423.75,-0.20171056764887552,689.0543823242188,-0.38502676875710784,-0.007262518587767941,0.2883230607243371,0.3481347934047402,435.51318847656256,503.59400665283204
2026-06-26,423.75,423.75,423.75,423.75,423.75,0,423.75,-0.20484082832287265,689.0543823242188,-0.38502676875710784,0.0,0.280930484098717,0.34598800149723435,434.8534045410157,502.893212890625
2026-06-29,421.5499877929688,427.25,420.3500061035156,424.25,424.25,2985056,424.25,-0.2306928975929824,689.0543823242188,-0.38430113662584775,0.0011799410029498247,0.2799741146584,0.34542770673407774,434.28521667480476,502.1770080566406
2026-06-30,425.0,425.8500061035156,419.6499938964844,421.8500061035156,421.8500061035156,3012504,421.8500061035156,-0.24215573196995155,689.0543823242188,-0.38778416199808197,-0.005657027451937191,0.28018287172715495,0.34544165666331833,433.64216186523436,501.46223678588865
2026-07-01,420.2999877929688,423.0,418.1000061035156,418.8500061035156,418.8500061035156,3312629,418.8500061035156,-0.2573034912947072,689.0543823242188,-0.3921379547856422,-0.007111532432368506,0.2807314583722771,0.3454766214490353,432.8465655517578,500.73619689941404
2026-07-02,422.2000122070313,431.5,421.3500061035156,428.9500122070313,428.9500122070313,6105874,428.9500122070313,-0.2502421966072098,689.0543823242188,-0.37748017687637503,0.024113658723499132,0.28658144151868187,0.34680144528109547,432.4619348144531,500.09274810791015
2026-07-03,431.7000122070313,444.2000122070313,430.0,443.3999938964844,443.3999938964844,6168156,443.3999938964844,-0.22834051793959875,689.0543823242188,-0.35650943485640196,0.033686866250696834,0.30299727736607635,0.3518103768440789,432.35038208007813,499.5208030700684
2026-07-06,445.0,445.0499877929688,438.6000061035156,441.3999938964844,441.3999938964844,2292569,441.3999938964844,-0.23552799738688945,689.0543823242188,-0.3594119633814422,-0.004510599971877527,0.30121310899603365,0.3516050647592414,432.01374572753906,498.8980599975586
2026-07-07,444.0,444.0,434.5499877929688,435.8999938964844,435.8999938964844,1295358,435.8999938964844,-0.2627774964278422,689.0543823242188,-0.36739391682530276,-0.0124603535932305,0.29883129733972374,0.3520900113562285,431.6009423828125,498.22343734741213
2026-07-08,431.0499877929688,435.7000122070313,419.0,421.1000061035156,421.1000061035156,1658779,421.1000061035156,-0.28121543755276823,689.0543823242188,-0.388872610194972,-0.03395271392567023,0.30556636822178207,0.35615365166427926,430.97572509765627,497.43302185058593
2026-07-09,422.3500061035156,429.7999877929688,421.8999938964844,428.1499938964844,428.1499938964844,2408597,428.1499938964844,-0.2777686945873188,689.0543823242188,-0.3786412148598335,0.01674183730891632,0.3106058985264319,0.35745471756907654,430.69848266601565,496.68308029174807
2026-07-10,432.0,440.7999877929688,431.1000061035156,436.4500122070313,436.4500122070313,2035547,436.4500122070313,-0.25910407795470025,689.0543823242188,-0.36659569490747435,0.019385772343497143,0.3080866821577101,0.357343895450141,430.5872406005859,495.9674244689941
2026-07-13,430.0,434.4500122070313,429.3999938964844,432.1499938964844,432.1499938964844,733484,432.1499938964844,-0.2658454802499778,689.0543823242188,-0.3728361578097531,-0.00985225842657833,0.2975902918878214,0.35634039997414335,430.3681072998047,495.19121215820314
2026-07-14,429.75,436.4500122070313,427.2000122070313,429.7999877929688,429.7999877929688,2665735,429.7999877929688,-0.268353570772889,689.0543823242188,-0.3762466376844894,-0.005437940846248157,0.29642751865848554,0.35311480916887533,430.34477172851564,494.3967819213867
2026-07-15,430.0,439.8999938964844,430.0,435.25,435.25,2405317,435.25,-0.2528110731475731,689.0543823242188,-0.36833722973812666,0.012680345188042175,0.2866085809289844,0.3535270282476697,430.1557958984375,493.674130859375
2026-07-16,438.0,440.2999877929688,432.5,433.6000061035156,433.6000061035156,1467915,433.6000061035156,-0.2578620928342208,689.0543823242188,-0.37073180691347074,-0.003790910732876185,0.28686317970160874,0.350646202820296,429.859189453125,492.9593998718262
2026-07-17,433.5499877929688,439.7000122070313,431.1499938964844,438.5,438.5,1898550,438.5,-0.2532906617576062,689.0543823242188,-0.3636206208849364,0.011300723771933141,0.2809129944040153,0.34718366263689904,429.7869573974609,492.3398191833496
2026-07-20,436.7999877929688,442.3500061035156,432.0,437.7999877929688,437.7999877929688,1504285,437.7999877929688,-0.2581907395914591,689.0543823242188,-0.3646365235843285,-0.0015963790354188712,0.2802665812234465,0.3450961628938295,429.8619268798828,491.7319132995606
2026-07-21,439.2999877929688,445.25,436.2000122070313,440.8500061035156,440.8500061035156,2327392,440.8500061035156,-0.25603335223063717,689.0543823242188,-0.3602101410102,0.006966693457262307,0.2806205750606868,0.3449695500131813,430.18198547363284,491.10044982910154
2026-07-22,440.0,440.0499877929688,430.0,430.7999877929688,430.7999877929688,1257009,430.7999877929688,-0.27189300286715135,689.0543823242188,-0.3747953734219692,-0.022796910902587064,0.28569992197807204,0.344581562123762,430.0731719970703,490.4130145263672
2026-07-23,428.6499938964844,431.2999877929688,421.4500122070313,423.5499877929688,423.5499877929688,1504285,423.5499877929688,-0.2866658511664051,689.0543823242188,-0.38531703932524,-0.016829155537219198,0.28914712869118486,0.33645712318378146,429.7099005126953,489.6642034912109
2026-07-24,420.0,427.5,415.4500122070313,425.1499938964844,425.1499938964844,1403208,425.1499938964844,-0.30329483929734335,689.0543823242188,-0.3829950076473938,0.0037776086639804696,0.2552926170177785,0.3362154385416944,429.58062927246095,488.9350846862793
2026-07-27,429.0,432.8500061035156,424.2000122070313,430.9500122070313,430.9500122070313,1140841,430.9500122070313,-0.30209786228405544,689.0543823242188,-0.3745776483513349,0.013642287178202706,0.25531626255192746,0.3363780426328418,429.63900390625,488.2541212463379
2026-07-28,432.4500122070313,435.8500061035156,418.1000061035156,426.0,426.0,6241411,426.0,-0.3099473946885324,689.0543823242188,-0.38176142416643766,-0.011486279305761515,0.2568659353479326,0.33583243455883455,429.5675305175781,487.56656784057617
2026-07-29,424.2999877929688,443.0,423.1499938964844,435.2999877929688,435.2999877929688,5054536,435.2999877929688,-0.29488288575448784,689.0543823242188,-0.36826468424062886,0.021830957260490225,0.264467189533596,0.3277592068925667,429.71091430664063,486.9275044250488
2026-07-30,434.5,435.8999938964844,427.0,434.2000122070313,434.2000122070313,2577752,434.2000122070313,-0.2882902026531198,689.0543823242188,-0.36986103949814453,-0.002526936863735063,0.2636599486829898,0.327799906697841,429.70890869140624,486.2662736511231
2026-07-31,435.2000122070313,438.9500122070313,430.25,432.2000122070313,432.2000122070313,1202393,432.2000122070313,-0.2891918115519849,689.0543823242188,-0.37276356802318467,-0.004606172141345732,0.26053712235670556,0.311537755037838,429.6688934326172,485.60748123168946
2026-08-03,434.2000122070313,444.5,434.2000122070313,444.0,444.0,3648798,444.0,-0.2685881959752371,689.0543823242188,-0.35563866744107586,0.027302145903957742,0.2706183226180251,0.3106357163199068,429.7534295654297,485.0233613586426
2026-08-04,444.4500122070313,444.4500122070313,436.0499877929688,436.0499877929688,436.0499877929688,1852313,436.0499877929688,-0.29075277916377185,689.0543823242188,-0.3671762360437387,-0.01790543289871893,0.25974174660939614,0.30693743176255955,429.52472900390626,484.3825749206543
2026-08-05,441.0,450.5,438.75,445.0,445.0,5678790,445.0,-0.24548226233205594,689.0543823242188,-0.3541874031785557,0.020525197701141806,0.2531737118466964,0.30409814139880487,429.27501892089845,483.77310501098634
2026-08-06,447.5,447.5,436.0,436.5,436.5,3853693,436.5,-0.2784594038979813,689.0543823242188,-0.36652314940997655,-0.019101123595505642,0.25899705916563426,0.3041936380491832,428.8553088378906,483.15148513793946
2026-08-07,438.0,438.0,431.7999877929688,434.0,434.0,2026621,434.0,-0.27939159912979616,689.0543823242188,-0.3701513100662768,-0.00572737686139746,0.2597425879688427,0.29406650978327836,428.62242614746094,482.5079118347168
2026-08-10,434.6499938964844,435.0,430.3500061035156,430.8500061035156,430.8500061035156,1756165,430.8500061035156,-0.28159510482393646,689.0543823242188,-0.374722783635401,-0.007258050452728981,0.2608200031265491,0.2942365699762345,428.5842681884766,481.8386380004883
2026-08-11,434.0,434.25,422.7999877929688,424.0,424.0,1440747,424.0,-0.2776763750559148,689.0543823242188,-0.3846639526914778,-0.015898818629399902,0.2646316287524322,0.29187416387775766,428.32054809570315,481.1507867431641
2026-08-12,426.7000122070313,426.7000122070313,418.0499877929688,421.0,421.0,5400539,421.0,-0.2857535160076461,689.0543823242188,-0.3890177454790381,-0.007075471698113178,0.2646228689590881,0.2896696759983713,428.2436065673828,480.4944549560547
2026-08-13,423.2000122070313,424.5,418.0,419.3999938964844,419.3999938964844,2110196,419.3999938964844,-0.2733172594420804,689.0543823242188,-0.3913397771568844,-0.003800489557044262,0.25499046158807354,0.26985112689019164,428.14660583496095,479.804002532959
2026-08-14,419.6000061035156,419.8500061035156,416.0,417.5,417.5,1586889,417.5,-0.2874813623635679,689.0543823242188,-0.3940971703978584,-0.004530266867274535,0.23344963401121105,0.265781582551685,428.1867388916016,479.13066818237303
2026-08-17,417.0,417.6000061035156,409.5,415.25,415.25,3967404,415.25,-0.28926946122547303,689.0543823242188,-0.3973625149885287,-0.005389221556886259,0.23354889146978663,0.26226174620267767,428.226650390625,478.36224899291994
2026-08-18,414.0,416.8999938964844,409.8999938964844,412.3999938964844,412.3999938964844,2377631,412.3999938964844,-0.28649163886944695,689.0543823242188,-0.4014986269945251,-0.006863350038568639,0.23191338074121348,0.2620513235633531,428.19563049316406,477.59873474121093
2026-08-19,412.3999938964844,412.3999938964844,405.5,407.5,407.5,2103066,407.5,-0.29155423799116376,689.0543823242188,-0.40860981302305943,-0.011881653659079117,0.21335531992619491,0.2577328139904283,428.19,476.8231588745117
2026-08-20,410.3999938964844,414.8500061035156,407.4500122070313,411.0,411.0,3542288,411.0,-0.30000097715515206,689.0543823242188,-0.40353038810423913,0.008588957055214674,0.208719960659917,0.25769720283355346,428.3290002441406,476.00637390136717
2026-08-21,410.0,420.25,407.8999938964844,414.5,414.5,5526988,414.5,-0.2968404887267402,689.0543823242188,-0.3984509631854187,0.008515815085158085,0.201625407722705,0.2581411670188361,428.1570001220703,475.2558474731445
2026-08-24,414.5,415.2999877929688,406.7000122070313,408.75,408.75,2180550,408.75,-0.3060090421437516,689.0543823242188,-0.4067957326949093,-0.013872135102533156,0.20337703861660317,0.2587055365846453,427.755,474.5213491821289
2026-08-25,408.0,413.1000061035156,405.0,413.1000061035156,413.1000061035156,1476314,413.1000061035156,-0.29487080781216535,689.0543823242188,-0.40048272429513276,0.010642216767010604,0.20618075861926452,0.25935689281630064,427.4960003662109,473.8066111755371
2026-08-26,415.0,422.7999877929688,412.1000061035156,419.2000122070313,419.2000122070313,2740269,419.2000122070313,-0.27007710333760204,689.0543823242188,-0.391630003435946,0.01476641494405384,0.20748901035589296,0.26002379571820966,427.35100036621094,473.13580673217774
2026-08-27,420.0,422.5,411.0499877929688,411.0499877929688,411.0499877929688,1071242,411.0499877929688,-0.2890109792658909,689.0543823242188,-0.4034578426067412,-0.019441851566639357,0.21406164458398005,0.2592858160772214,426.9720001220703,472.4170378112793
2026-08-28,411.5499877929688,413.5,410.0,412.0499877929688,412.0499877929688,2152460,412.0499877929688,-0.2770781911071656,689.0543823242188,-0.40200657834422115,0.0024327941362296546,0.21090450478422543,0.2593068205300028,426.73399963378904,471.6783918762207
