Date,Open,High,Low,Close,Adj Close,Volume,Price,rolling_1y_return,running_max,drawdown,daily_return,rolling_volatility_30d,rolling_volatility_90d,sma50,sma200
2023-08-28,3264.949951171875,3272.0,3231.050048828125,3259.699951171875,3155.564453125,707315,3155.564453125,,3155.564453125,0.0,,,,,
2023-08-29,3261.0,3289.0,3255.050048828125,3285.699951171875,3180.73388671875,533163,3180.73388671875,,3180.73388671875,0.0,0.007976206465637015,,,,
2023-08-30,3301.300048828125,3302.85009765625,3276.39990234375,3294.699951171875,3189.446533203125,599080,3189.446533203125,,3189.446533203125,0.0,0.0027391937818987966,,,,
2023-08-31,3300.050048828125,3302.0,3220.0,3256.10009765625,3152.080078125,1601967,3152.080078125,,3189.446533203125,-0.011715654954277732,-0.011715654954277732,,,,
2023-09-01,3241.10009765625,3264.199951171875,3217.10009765625,3259.550048828125,3155.41943359375,650131,3155.41943359375,,3189.446533203125,-0.01066865340275891,0.0010594132718659832,,,,
2023-09-04,3259.550048828125,3266.25,3216.10009765625,3235.550048828125,3132.186279296875,696213,3132.186279296875,,3189.446533203125,-0.017953037716780362,-0.007362936936220366,,,,
2023-09-05,3245.0,3248.85009765625,3220.0,3223.300048828125,3120.32763671875,597022,3120.32763671875,,3189.446533203125,-0.021671125621585463,-0.0037860591678433586,,,,
2023-09-06,3209.0,3230.0,3195.0,3225.300048828125,3122.263916015625,754106,3122.263916015625,,3189.446533203125,-0.021064036185622803,0.0006205371750356292,,,,
2023-09-07,3225.300048828125,3253.75,3201.25,3246.35009765625,3142.64111328125,923108,3142.64111328125,,3189.446533203125,-0.014675091566707876,0.006526417309280053,,,,
2023-09-08,3250.550048828125,3263.050048828125,3232.0,3238.050048828125,3134.6064453125,395918,3134.6064453125,,3189.446533203125,-0.01719423333162129,-0.0025566609991813927,,,,
2023-09-11,3242.0,3265.0,3242.0,3259.39990234375,3155.274169921875,359345,3155.274169921875,,3189.446533203125,-0.01071419850607469,0.00659340334104197,,,,
2023-09-12,3260.0,3279.800048828125,3243.0,3256.85009765625,3152.8056640625,554905,3152.8056640625,,3189.446533203125,-0.01148815907687506,-0.0007823427462837484,,,,
2023-09-13,3245.0,3284.64990234375,3225.300048828125,3277.75,3173.0380859375,880907,3173.0380859375,,3189.446533203125,-0.005144606468491575,0.006417275287728952,,,,
2023-09-14,3282.0,3294.199951171875,3223.25,3240.25,3136.736328125,1102554,3136.736328125,,3189.446533203125,-0.016526442606701663,-0.011440694006600416,,,,
2023-09-15,3235.0,3240.0,3185.0,3196.64990234375,3094.528564453125,1568607,3094.528564453125,,3189.446533203125,-0.029760012516865997,-0.013455948876998858,,,,
2023-09-18,3200.0,3229.89990234375,3190.0,3206.300048828125,3103.870849609375,673602,3103.870849609375,,3189.446533203125,-0.026830888275718223,0.0030189687901300832,,,,
2023-09-20,3206.300048828125,3228.0,3195.0,3214.35009765625,3111.663330078125,901084,3111.663330078125,,3189.446533203125,-0.024387680531795297,0.002510568527595458,,,,
2023-09-21,3210.0,3261.199951171875,3180.550048828125,3244.199951171875,3140.56005859375,845739,3140.56005859375,,3189.446533203125,-0.015327573013201978,0.00928658580647257,,,,
2023-09-22,3234.949951171875,3283.60009765625,3221.14990234375,3274.85009765625,3170.23095703125,896521,3170.23095703125,,3189.446533203125,-0.006024736885172688,0.00944764560585587,,,,
2023-09-25,3272.300048828125,3334.800048828125,3271.14990234375,3323.25,3217.084716796875,1422084,3217.084716796875,,3217.084716796875,0.0,0.014779289080408597,,,,
2023-09-26,3323.0,3324.89990234375,3260.35009765625,3292.800048828125,3187.607177734375,834560,3187.607177734375,,3217.084716796875,-0.009162810947623945,-0.009162810947623945,,,,
2023-09-27,3288.0,3309.0,3271.699951171875,3301.800048828125,3196.31982421875,516326,3196.31982421875,,3217.084716796875,-0.006454568159087737,0.0027332873841021676,,,,
2023-09-28,3281.800048828125,3289.0,3155.0,3170.35009765625,3069.0693359375,2104381,3069.0693359375,,3217.084716796875,-0.04600916478405581,-0.03981156307233824,,,,
2023-09-29,3195.0,3195.0,3134.0,3161.050048828125,3060.06640625,1550585,3060.06640625,,3217.084716796875,-0.04880763932856946,-0.002933439652887393,,,,
2023-10-03,3166.10009765625,3227.800048828125,3162.0,3166.85009765625,3065.680908203125,1219145,3065.680908203125,,3217.084716796875,-0.04706242512149228,0.0018347647429015623,,,,
2023-10-04,3164.949951171875,3189.0,3151.35009765625,3169.89990234375,3068.633544921875,892584,3068.633544921875,,3217.084716796875,-0.04614462625118776,0.0009631259113920265,,,,
2023-10-05,3210.0,3232.10009765625,3174.300048828125,3206.25,3103.822265625,1002610,3103.822265625,,3217.084716796875,-0.03520654914075316,0.011467228063565038,,,,
2023-10-06,3214.75,3217.0,3190.0,3195.75,3093.657958984375,814257,3093.657958984375,,3217.084716796875,-0.03836602659795396,-0.003274770837620178,,,,
2023-10-09,3140.050048828125,3163.0,3132.699951171875,3152.800048828125,3052.080322265625,700012,3052.080322265625,,3217.084716796875,-0.05129003711644198,-0.013439635948765183,,,,
2023-10-10,3150.0,3164.89990234375,3140.050048828125,3151.5,3050.821533203125,847367,3050.821533203125,,3217.084716796875,-0.051681319651193935,-0.00041243641371979667,,,,
2023-10-11,3169.0,3185.0,3152.050048828125,3163.89990234375,3062.825439453125,1025317,3062.825439453125,,3217.084716796875,-0.04795002025850903,0.003934647149745452,0.16506101275935117,,,
2023-10-12,3186.0,3188.5,3150.050048828125,3159.10009765625,3058.1787109375,992531,3058.1787109375,,3217.084716796875,-0.04939441135314315,-0.0015171378870533214,0.16288328889577722,,,
2023-10-13,3150.0,3172.0,3128.25,3148.800048828125,3048.20751953125,854688,3048.20751953125,,3217.084716796875,-0.05249386078765417,-0.003260499908193215,0.1625318916114838,,,
2023-10-16,3124.0,3128.0,3096.10009765625,3112.050048828125,3012.631591796875,853011,3012.631591796875,,3217.084716796875,-0.06355229749857694,-0.011671097688206511,0.16250750342651368,,,
2023-10-17,3137.0,3137.0,3091.800048828125,3113.550048828125,3014.083740234375,792640,3014.083740234375,,3217.084716796875,-0.06310091105235804,0.0004820199195461061,0.16243844799803492,,,
2023-10-18,3110.0,3115.199951171875,3090.0,3096.449951171875,2997.530029296875,481985,2997.530029296875,,3217.084716796875,-0.06824647369516645,-0.005492120446598081,0.16193892066440377,,,
2023-10-19,3087.699951171875,3110.89990234375,3076.10009765625,3101.800048828125,3002.708984375,568124,3002.708984375,,3217.084716796875,-0.06663664506644407,0.0017277408491349622,0.16202519120332992,,,
2023-10-20,3092.5,3115.10009765625,3064.550048828125,3105.85009765625,3006.629638671875,711434,3006.629638671875,,3217.084716796875,-0.06541794719491933,0.0013057057201601996,0.1621053019558041,,,
2023-10-23,3096.050048828125,3108.89990234375,3064.0,3072.0,2973.861083984375,374476,2973.861083984375,,3217.084716796875,-0.07560373885791494,-0.010898766600988763,0.16274823379945788,,,
2023-10-25,3093.39990234375,3108.0,3052.0,3060.800048828125,2963.0185546875,669290,2963.0185546875,,3217.084716796875,-0.07897403533791258,-0.0036459434353767195,0.1628236052131431,,,
2023-10-26,3051.10009765625,3055.0,2940.0,2960.300048828125,2865.7294921875,1834111,2865.7294921875,,3217.084716796875,-0.10921540945903518,-0.032834442547141185,0.18385447553088224,,,
2023-10-27,2932.800048828125,2974.64990234375,2931.0,2955.14990234375,2860.743896484375,1708185,2860.743896484375,,3217.084716796875,-0.11076513417629075,-0.0017397300466484023,0.183768824386383,,,
2023-10-30,2974.0,2991.949951171875,2939.10009765625,2967.10009765625,2872.312255859375,878885,2872.312255859375,,3217.084716796875,-0.10716922036196064,0.00404382908558043,0.18281920147007147,,,
2023-10-31,2969.0,3012.75,2966.0,2995.699951171875,2899.99853515625,1152306,2899.99853515625,,3217.084716796875,-0.09856320537195407,0.009639021398316405,0.1848086235398417,,,
2023-11-01,2997.949951171875,3008.89990234375,2930.0,2934.550048828125,2840.80224609375,1029990,2840.80224609375,,3217.084716796875,-0.11696380537898132,-0.02041252378057168,0.18941956296436405,,,
2023-11-02,2961.050048828125,2962.0,2934.0,2955.39990234375,2860.98583984375,900125,2860.98583984375,,3217.084716796875,-0.11068992839817993,0.007104892210555436,0.19087072840724847,,,
2023-11-03,2957.0,2982.89990234375,2942.0,2977.85009765625,2887.751220703125,715997,2887.751220703125,,3217.084716796875,-0.10237016587541237,0.009355300011144596,0.19348916570975536,,,
2023-11-06,2998.0,3034.050048828125,2983.85009765625,3029.300048828125,2937.644287109375,620959,2937.644287109375,,3217.084716796875,-0.08686138360873752,0.01727748084687919,0.1989956873211544,,,
2023-11-07,3029.300048828125,3038.949951171875,3002.199951171875,3033.35009765625,2941.572021484375,757998,2941.572021484375,,3217.084716796875,-0.08564048496267673,0.0013370353899671006,0.19625876707194448,,,
2023-11-08,3058.0,3098.949951171875,3046.199951171875,3095.25,3001.59912109375,783400,3001.59912109375,,3217.084716796875,-0.06698163544716207,0.02040646945611213,0.20115980158126257,,3059.9527197265625,
2023-11-09,3100.0,3111.39990234375,3074.050048828125,3080.199951171875,2987.004150390625,849702,2987.004150390625,,3217.084716796875,-0.07151834243125943,-0.004862398379769872,0.20025596548194122,,3056.581513671875,
2023-11-10,3070.0,3085.0,3040.10009765625,3076.449951171875,2983.36767578125,364232,2983.36767578125,,3217.084716796875,-0.07264870576623417,-0.001217432057769141,0.19975643289662942,,3052.634189453125,
2023-11-13,3098.0,3098.0,3065.0,3085.60009765625,2992.2412109375,405941,2992.2412109375,,3217.084716796875,-0.06989045227358603,0.0029743350872522,0.1653054482256373,,3048.6900830078125,
2023-11-15,3085.699951171875,3118.85009765625,3078.699951171875,3116.199951171875,3021.9150390625,700017,3021.9150390625,,3217.084716796875,-0.060666626749169894,0.00991692381500986,0.1680319639368014,,3046.0867822265627,
2023-11-16,3119.0,3140.89990234375,3097.60009765625,3130.300048828125,3035.58837890625,675454,3035.58837890625,,3217.084716796875,-0.056416399898643,0.004524726760019027,0.1685179395059233,,3043.6901611328126,
2023-11-17,3150.0,3228.25,3145.64990234375,3168.89990234375,3073.020263671875,1430175,3073.020263671875,,3217.084716796875,-0.0447810567041701,0.012331014648011118,0.17241874192876505,,3042.5068408203124,
2023-11-20,3168.89990234375,3171.89990234375,3132.0,3140.35009765625,3045.33447265625,406431,3045.33447265625,,3217.084716796875,-0.05338691991662248,-0.00900930961728963,0.170899928356468,,3041.0069775390625,
2023-11-21,3156.89990234375,3156.89990234375,3127.0,3133.25,3038.44921875,409069,3038.44921875,,3217.084716796875,-0.05552713520852981,-0.0022609187818520837,0.17078610900231678,,3039.33068359375,
2023-11-22,3140.0,3157.0,3121.199951171875,3133.0,3038.20654296875,489889,3038.20654296875,,3217.084716796875,-0.05560256865297197,-7.986830247230792e-05,0.16635188239433985,,3037.2419921875,
2023-11-23,3148.0,3171.39990234375,3115.14990234375,3122.949951171875,3028.460693359375,792460,3028.460693359375,,3217.084716796875,-0.05863197274621523,-0.0032077640119397843,0.16659483463850394,,3035.1190771484376,
2023-11-24,3118.0,3139.800048828125,3111.0,3136.14990234375,3041.26123046875,756329,3041.26123046875,,3217.084716796875,-0.05465304827383766,0.004226746986494945,0.1666598411155269,,3032.838818359375,
2023-11-28,3141.14990234375,3160.0,3136.14990234375,3148.35009765625,3053.092529296875,647883,3053.092529296875,,3217.084716796875,-0.050975402246565826,0.0038902606292394726,0.16701986687088302,,3030.8445556640627,
2023-11-29,3148.35009765625,3170.0,3142.0,3148.35009765625,3053.092529296875,620725,3053.092529296875,,3217.084716796875,-0.050975402246565826,0.0,0.1667341335346911,,3028.44564453125,
2023-11-30,3148.35009765625,3153.949951171875,3108.35009765625,3119.89990234375,3025.503173828125,1793116,3025.503173828125,,3217.084716796875,-0.05955128939206189,-0.00903652778420827,0.1652854793165217,,3026.2209814453126,
2023-12-01,3146.949951171875,3190.60009765625,3140.25,3173.39990234375,3077.384033203125,960196,3077.384033203125,,3217.084716796875,-0.04342462070220032,0.017147844968001147,0.17244002125324262,,3025.8780908203125,
2023-12-04,3190.0,3204.449951171875,3166.5,3194.550048828125,3097.894775390625,1018189,3097.894775390625,,3217.084716796875,-0.03704905276007864,0.006664992723105501,0.1722153057034158,,3025.7585693359374,
2023-12-05,3197.0,3247.64990234375,3180.0,3226.25,3128.635009765625,1005550,3128.635009765625,,3217.084716796875,-0.027493745057269092,0.009922943354692793,0.17407972827000226,,3026.0980029296875,
2023-12-06,3265.0,3289.0,3232.949951171875,3252.550048828125,3154.1396484375,1229158,3154.1396484375,,3217.084716796875,-0.019565872179470256,0.008152001940867404,0.17516514734990718,,3026.3695947265624,
2023-12-07,3284.0,3299.949951171875,3246.85009765625,3251.800048828125,3153.412353515625,1071725,3153.412353515625,,3217.084716796875,-0.019791944846465293,-0.00023058424893629414,0.17120432973181351,,3026.03322265625,
2023-12-08,3255.0,3269.800048828125,3227.800048828125,3232.0,3134.21142578125,895852,3134.21142578125,,3217.084716796875,-0.025760369499420177,-0.006088936549312529,0.1720502945921735,,3024.3757568359374,
2023-12-11,3230.0,3245.0,3185.5,3233.0,3135.18115234375,910426,3135.18115234375,,3217.084716796875,-0.02545893927676024,0.0003094004937009842,0.1371248712206136,,3023.327236328125,
2023-12-12,3228.0,3257.050048828125,3210.0,3224.75,3127.1806640625,1019030,3127.1806640625,,3217.084716796875,-0.027945814502481903,-0.002551842427117479,0.1373905906380537,,3021.944453125,
2023-12-13,3240.0,3254.949951171875,3190.300048828125,3243.64990234375,3145.5087890625,1052079,3145.5087890625,,3217.084716796875,-0.022248692227676337,0.0058609101836124555,0.13761029003196354,,3023.4732421875,
2023-12-14,3255.0,3258.60009765625,3218.0,3241.35009765625,3143.278564453125,923107,3143.278564453125,,3217.084716796875,-0.022941936206527958,-0.0007090187180941454,0.13658184647588606,,3025.1374853515626,
2023-12-15,3250.0,3326.35009765625,3242.0,3313.89990234375,3213.63330078125,1631687,3213.63330078125,,3217.084716796875,-0.0010728396419293906,0.022382596669527244,0.12973189947817956,,3028.096533203125,
2023-12-18,3313.0,3335.800048828125,3296.0,3332.050048828125,3231.234130859375,911936,3231.234130859375,,3231.234130859375,0.0,0.0054769254705713255,0.12949538589520285,,3031.348544921875,
2023-12-19,3335.949951171875,3353.89990234375,3300.14990234375,3336.050048828125,3235.11328125,780448,3235.11328125,,3235.11328125,0.0,0.0012005166551001256,0.12877265816027075,,3033.974365234375,
2023-12-20,3336.050048828125,3359.949951171875,3282.64990234375,3297.14990234375,3197.39013671875,979762,3197.39013671875,,3235.11328125,-0.011660532801087697,-0.011660532801087697,0.12981158281542837,,3036.0490087890626,
2023-12-21,3280.0,3320.0,3271.85009765625,3302.949951171875,3203.014404296875,1585879,3203.014404296875,,3235.11328125,-0.009922025648734789,0.0017590182422644318,0.12977430860466915,,3039.0676904296874,
2023-12-22,3309.89990234375,3350.800048828125,3287.0,3341.300048828125,3240.204345703125,930563,3240.204345703125,,3240.204345703125,0.0,0.011610919187987179,0.12170147654754879,,3042.8553466796875,
2023-12-26,3349.949951171875,3391.89990234375,3345.199951171875,3383.35009765625,3280.982177734375,600190,3280.982177734375,,3280.982177734375,0.0,0.01258495689795791,0.12292768335950895,,3047.2184814453126,
2023-12-27,3381.050048828125,3409.949951171875,3354.0,3404.449951171875,3301.443603515625,837182,3301.443603515625,,3301.443603515625,0.0,0.006236372120551836,0.12251729420529067,,3052.083779296875,
2023-12-28,3405.0,3419.949951171875,3373.050048828125,3397.25,3294.461181640625,779250,3294.461181640625,,3301.443603515625,-0.002114960215453765,-0.002114960215453765,0.12355849378565102,,3057.0088525390624,
2023-12-29,3410.0,3422.949951171875,3383.89990234375,3402.39990234375,3299.45556640625,615676,3299.45556640625,,3301.443603515625,-0.0006021720641412598,0.0015159944191960317,0.12200380100142089,,3062.74533203125,
2024-01-01,3403.0,3411.800048828125,3389.14990234375,3396.10009765625,3293.346435546875,283951,3293.346435546875,,3301.443603515625,-0.0024526143533475375,-0.0018515572452545426,0.12269159403178892,,3068.3305859375,
2024-01-02,3396.0,3398.89990234375,3345.0,3391.35009765625,3288.739990234375,552394,3288.739990234375,,3301.443603515625,-0.003847896498283987,-0.0013987126476523448,0.11979269715498579,,3074.15478515625,
2024-01-03,3391.35009765625,3399.0,3365.0,3373.60009765625,3271.52734375,379131,3271.52734375,,3301.443603515625,-0.009061569228009159,-0.005233811896193208,0.11716878919021172,,3079.53115234375,
2024-01-04,3372.0,3401.25,3363.800048828125,3379.949951171875,3277.68505859375,777127,3277.68505859375,,3301.443603515625,-0.007196410956884169,0.0018822140843524071,0.11634373869530114,,3084.9522607421877,
2024-01-05,3379.949951171875,3380.39990234375,3348.0,3355.550048828125,3254.0234375,416956,3254.0234375,,3301.443603515625,-0.014363463899588758,-0.007219003861189122,0.11954476394489381,,3090.5555078125,
2024-01-08,3355.0,3376.5,3294.85009765625,3298.39990234375,3198.60205078125,545884,3198.60205078125,,3301.443603515625,-0.03115047993697717,-0.017031649520425463,0.13123872262019115,,3095.267177734375,
2024-01-09,3310.0,3315.0,3262.25,3267.5,3168.637451171875,670704,3168.637451171875,,3301.443603515625,-0.0402266911972472,-0.009368029887324103,0.13496695714939197,0.15526342926162634,3101.3253369140625,
2024-01-10,3292.0,3293.0,3258.199951171875,3286.85009765625,3187.40185546875,691087,3187.40185546875,,3301.443603515625,-0.034542994442017694,0.005921915834812719,0.13541993468841557,0.15500595984265997,3107.85849609375,
2024-01-11,3286.85009765625,3309.199951171875,3270.699951171875,3288.199951171875,3188.7109375,537469,3188.7109375,,3301.443603515625,-0.034146476376448964,0.00041070504775042593,0.13538639117320364,0.1549414155180406,3114.1864697265623,
2024-01-12,3294.949951171875,3294.949951171875,3244.0,3277.800048828125,3178.625732421875,673004,3178.625732421875,,3301.443603515625,-0.03720126279393787,-0.003162784358883286,0.13245846317793072,0.15375973302131735,3119.759013671875,
2024-01-15,3282.199951171875,3287.199951171875,3258.60009765625,3273.89990234375,3174.843505859375,728116,3174.843505859375,,3301.443603515625,-0.03834689089386134,-0.0011898936461507414,0.12426010980188285,0.15376771164456585,3126.4398388671875,
2024-01-16,3274.949951171875,3320.0,3273.89990234375,3296.89990234375,3197.147705078125,748215,3197.147705078125,,3301.443603515625,-0.03159099804898613,0.00702529090885462,0.12440540036660404,0.1536713346852121,3133.163076171875,
2024-01-17,3294.10009765625,3304.35009765625,3193.050048828125,3242.300048828125,3144.19970703125,2239241,3144.19970703125,,3301.443603515625,-0.04762883010236185,-0.016561010916942065,0.1315253968957128,0.15609488021229317,3138.2920458984377,
2024-01-18,3257.949951171875,3257.949951171875,3048.60009765625,3163.85009765625,3068.12353515625,1979174,3068.12353515625,,3301.443603515625,-0.07067213509596781,-0.02419571877221216,0.14702794694810786,0.16131162898989995,3140.901630859375,
2024-01-19,3177.800048828125,3201.550048828125,3148.60009765625,3165.85009765625,3070.06298828125,936201,3070.06298828125,,3301.443603515625,-0.07008467901374527,0.0006321300634659632,0.14708229396130984,0.16092267092816462,3143.4714501953126,
2024-01-23,3087.550048828125,3109.0,3021.550048828125,3054.699951171875,2962.275634765625,2365225,2962.275634765625,,3301.443603515625,-0.10273323112011623,-0.035109166791385205,0.17705723034890453,0.17116089434864834,3142.68498046875,
2024-01-24,3055.0,3055.0,2976.10009765625,2999.449951171875,2908.697265625,2665932,2908.697265625,,3301.443603515625,-0.11896200119014577,-0.01808689526113738,0.18306222098810637,0.17320620470609063,3141.1188427734373,
2024-01-25,3010.050048828125,3016.0,2942.300048828125,2949.199951171875,2859.968017578125,2001961,2859.968017578125,,3301.443603515625,-0.13372198315530326,-0.016752945940011532,0.18771127933585097,0.17523969777276452,3138.650849609375,
2024-01-29,2940.050048828125,2988.449951171875,2940.050048828125,2976.050048828125,2886.005126953125,1862723,2886.005126953125,,3301.443603515625,-0.12583540004139704,0.009103986203681025,0.1892562567722891,0.1756198899576906,3136.5261279296874,
2024-01-30,2990.0,3005.0,2951.050048828125,2954.10009765625,2864.719482421875,1273188,2864.719482421875,,3301.443603515625,-0.1322827749135843,-0.0073754701031047976,0.18960316517422812,0.1750659224382164,3133.382216796875,
2024-01-31,2966.0,2971.89990234375,2948.050048828125,2957.85009765625,2868.356201171875,1771244,2868.356201171875,,3301.443603515625,-0.13118122080975914,0.0012694851179373412,0.17427894085055531,0.17381627159264923,3130.0375732421876,
2024-02-01,2961.0,2972.85009765625,2919.949951171875,2929.35009765625,2840.718505859375,3006472,2840.718505859375,,3301.443603515625,-0.13955261788074624,-0.009635377677712609,0.17284486321085737,0.17432155829472712,3125.3915380859376,
2024-02-02,2950.0,2962.35009765625,2924.050048828125,2936.300048828125,2847.4580078125,1881911,2847.4580078125,,3301.443603515625,-0.13751123757488604,0.0023724638464612813,0.1731976288097819,0.17431400745339412,3121.4340087890623,
2024-02-05,2950.0,2965.0,2912.0,2917.35009765625,2829.08154296875,923435,2829.08154296875,,3301.443603515625,-0.1430774283237395,-0.006453638576348064,0.17189792627218925,0.1736918096799787,3117.2466552734377,
2024-02-06,2931.0,2947.0,2902.64990234375,2930.949951171875,2842.27001953125,1471312,2842.27001953125,,3301.443603515625,-0.13908266780489975,0.004661752007565134,0.17294768167413782,0.17305233217194954,3113.3279248046874,
2024-02-07,2957.0,3002.949951171875,2936.050048828125,2981.14990234375,2890.951171875,1134012,2890.951171875,,3301.443603515625,-0.12433725392234529,0.017127560720560542,0.17791934762347308,0.1737078679968251,3110.577734375,
2024-02-08,2999.75,2999.75,2919.800048828125,2929.60009765625,2840.960693359375,1633654,2840.960693359375,,3301.443603515625,-0.13947925982012632,-0.017292052180598594,0.1751581228157001,0.1752979717385582,3106.5717236328123,
2024-02-09,2930.0,2959.0,2910.550048828125,2951.64990234375,2862.343505859375,1144765,2862.343505859375,,3301.443603515625,-0.13300245298410163,0.007526613286125805,0.175898367800029,0.17578667453742886,3102.7567431640623,
2024-02-12,2951.64990234375,2964.949951171875,2920.050048828125,2953.800048828125,2864.4287109375,614469,2864.4287109375,,3301.443603515625,-0.13237084895612294,0.0007284957496738187,0.1764517211870722,0.16318792376831584,3098.983466796875,
2024-02-13,2964.949951171875,2981.25,2945.699951171875,2971.60009765625,2881.6904296875,717118,2881.6904296875,,3301.443603515625,-0.12714231234516327,0.006026234370605232,0.17828293423853092,0.16353120393821877,3096.1072119140626,
2024-02-14,2969.89990234375,2980.800048828125,2936.050048828125,2976.39990234375,2886.3447265625,750339,2886.3447265625,,3301.443603515625,-0.12573253606728174,0.0016151272971762776,0.17900213131616846,0.16352230300689025,3092.28642578125,
2024-02-15,2980.0,3024.5,2967.449951171875,3016.550048828125,2925.2802734375,1068730,2925.2802734375,,3301.443603515625,-0.1139390446281009,0.013489569183016581,0.18617462555188627,0.16519978292970341,3088.8341357421873,
2024-02-16,3035.0,3035.0,3000.0,3007.89990234375,2916.8916015625,1179473,2916.8916015625,,3301.443603515625,-0.11647995487296081,-0.002867647230650694,0.1861457945229579,0.16400210123641776,3084.599267578125,
2024-02-19,3007.89990234375,3018.699951171875,2987.5,2998.10009765625,2907.388427734375,560700,2907.388427734375,,3301.443603515625,-0.11935844530605655,-0.0032579797696404844,0.18538886814061642,0.1640013389267713,3079.6642431640626,
2024-02-20,2998.10009765625,3017.10009765625,2972.10009765625,3011.64990234375,2920.5283203125,729371,2920.5283203125,,3301.443603515625,-0.11537840076913564,0.00451948300157623,0.18669170462891932,0.16278036748304764,3075.0065625,
2024-02-21,3012.050048828125,3026.75,2983.5,3001.800048828125,2910.976318359375,927130,2910.976318359375,,3301.443603515625,-0.11827168113380804,-0.0032706417830945522,0.18225126907941835,0.16284938600574314,3070.5418603515627,
2024-02-22,2983.0,3027.199951171875,2932.10009765625,3017.39990234375,2926.104248046875,2615821,2926.104248046875,,3301.443603515625,-0.11368946453274575,0.005196857697566504,0.18276670909634188,0.1629596851573266,3066.360322265625,
2024-02-23,2999.0,3005.0,2966.199951171875,2985.949951171875,2895.605712890625,1650523,2895.605712890625,,3301.443603515625,-0.12292740369480593,-0.01042291475999435,0.18229358466683918,0.16380326145853333,3061.7288232421874,
2024-02-26,2920.0,2930.0,2847.800048828125,2868.449951171875,2781.66064453125,3524491,2781.66064453125,,3301.443603515625,-0.15744111407230188,-0.03935103037409948,0.2099140810671173,0.1761583627836409,3054.4518603515626,
2024-02-27,2855.0,2870.0,2850.10009765625,2859.550048828125,2773.0302734375,1296180,2773.0302734375,,3301.443603515625,-0.16005523447846592,-0.0031025966847240127,0.20991737646585418,0.17526368525624117,3047.04689453125,
2024-02-28,2850.14990234375,2859.39990234375,2785.5,2794.35009765625,2709.80322265625,2472196,2709.80322265625,,3301.443603515625,-0.1792065689776896,-0.022800707005218745,0.2162458626488393,0.1790483347217897,3036.97029296875,
2024-02-29,2785.0,2838.0,2776.75,2821.89990234375,2736.51953125,2284424,2736.51953125,,3301.443603515625,-0.1711142579155529,0.00985913234229674,0.21778563388165903,0.17982749751480578,3027.0760009765627,
2024-03-01,2832.89990234375,2845.949951171875,2815.050048828125,2831.75,2746.071533203125,978174,2746.071533203125,,3301.443603515625,-0.1682209775508805,0.0034905659704032033,0.2163494451388215,0.17992592549711586,3017.295166015625,
2024-03-04,2860.0,2860.949951171875,2828.0,2831.75,2746.071533203125,971299,2746.071533203125,,3301.443603515625,-0.1682209775508805,0.0,0.20833987060096665,0.17989328747874944,3008.2687939453126,
2024-03-05,2834.0,2834.85009765625,2805.0,2820.39990234375,2735.064697265625,736381,2735.064697265625,,3301.443603515625,-0.17155492392687766,-0.004008211659607186,0.20795346547359647,0.17918159603188402,2998.9097998046873,
2024-03-06,2827.949951171875,2839.0,2777.75,2827.300048828125,2741.75634765625,1723066,2741.75634765625,,3301.443603515625,-0.16952803775396252,0.002446615027905885,0.18609382375314162,0.1792039874189682,2988.94083984375,
2024-03-07,2825.0,2894.0,2825.0,2870.550048828125,2783.697509765625,1564364,2783.697509765625,,3301.443603515625,-0.15682415207658407,0.015297187930367162,0.1869599181291521,0.17282585853139296,2978.995146484375,
2024-03-11,2895.550048828125,2896.550048828125,2853.10009765625,2876.85009765625,2789.806884765625,866546,2789.806884765625,,3301.443603515625,-0.15497363583771984,0.002194697871650053,0.18141804583773344,0.17285610241397928,2968.762412109375,
2024-03-12,2880.0,2899.89990234375,2865.449951171875,2876.14990234375,2789.128173828125,663186,2789.128173828125,,3301.443603515625,-0.15517921588663464,-0.00024328240825777225,0.17900676804860471,0.17270547579247625,2958.655751953125,
2024-03-13,2878.60009765625,2887.25,2835.0,2860.14990234375,2773.6123046875,955841,2773.6123046875,,3301.443603515625,-0.15987893849407286,-0.005562981754018592,0.1785288901735681,0.17210877728932422,2948.13888671875,
2024-03-14,2860.0,2898.050048828125,2841.0,2892.25,2804.740966796875,1381741,2804.740966796875,,3301.443603515625,-0.15045013526501672,0.011223148259317473,0.18193397181094034,0.16983813938285044,2938.36677734375,
2024-03-15,2895.0,2896.949951171875,2850.0,2867.550048828125,2780.788330078125,1356226,2780.788330078125,,3301.443603515625,-0.1577053361999179,-0.008540053075241638,0.1814927899408642,0.16998042006452613,2928.207744140625,
2024-03-18,2866.0,2866.0,2817.25,2846.5,2760.375244140625,940424,2760.375244140625,,3301.443603515625,-0.1638884149948313,-0.007340755035794677,0.18227039754731858,0.1696020970078822,2917.9847021484375,
2024-03-19,2840.0,2840.0,2801.0,2815.10009765625,2729.925537109375,1199135,2729.925537109375,,3301.443603515625,-0.17311156422531482,-0.01103100279423419,0.1839421044104411,0.1678325225606618,2907.02951171875,
2024-03-20,2815.10009765625,2837.050048828125,2797.550048828125,2824.89990234375,2739.428466796875,818910,2739.428466796875,,3301.443603515625,-0.17023314774187692,0.0034810215730507466,0.18365104000480523,0.16794663596774603,2896.7376123046874,
2024-03-21,2845.0,2845.39990234375,2806.0,2821.14990234375,2735.792236328125,1167680,2735.792236328125,,3301.443603515625,-0.1713345539463863,-0.0013273682860577285,0.17527814635215797,0.16409342298680377,2887.481416015625,
2024-03-22,2821.14990234375,2855.14990234375,2808.0,2841.5,2755.5263671875,1652689,2755.5263671875,,3301.443603515625,-0.16535712915004552,0.0072133148845621164,0.17076092647256869,0.16452726712651777,2879.2191943359376,
2024-03-26,2820.0,2844.14990234375,2810.0,2814.64990234375,2729.489013671875,1372390,2729.489013671875,,3301.443603515625,-0.1732437862136097,-0.00944913967279537,0.1705168820029482,0.16515580253218007,2870.0609375,
2024-03-27,2817.949951171875,2842.85009765625,2817.699951171875,2830.5,2744.859375,1156231,2744.859375,,3301.443603515625,-0.16858813760226965,0.005631223005894359,0.17166844332440656,0.16539348483385657,2861.18390625,
2024-03-28,2835.050048828125,2868.0,2819.0,2846.75,2760.61767578125,1864623,2760.61767578125,,3301.443603515625,-0.16381498298455344,0.005741022991842648,0.1715637216775472,0.16476630336258566,2852.8237451171876,
2024-04-01,2860.949951171875,2886.449951171875,2852.35009765625,2871.0,2784.134033203125,558086,2784.134033203125,,3301.443603515625,-0.1566919300882892,0.008518512950265622,0.17376098627966252,0.16527682670122698,2845.0095556640626,
2024-04-02,2874.050048828125,2892.39990234375,2856.0,2874.199951171875,2787.23681640625,562473,2787.23681640625,,3301.443603515625,-0.15575210388625416,0.0011144518066019682,0.1683221899612584,0.1637922104885163,2836.811337890625,
2024-04-03,2845.0,2884.550048828125,2845.0,2869.35009765625,2782.53369140625,816676,2782.53369140625,,3301.443603515625,-0.15717667009571235,-0.0016873790459125404,0.16827695960835193,0.16323965576963845,2829.578017578125,
2024-04-04,2870.0,2943.25,2851.25,2918.300048828125,2830.0029296875,1831347,2830.0029296875,,3301.443603515625,-0.14279834231488908,0.017059717346049386,0.17654883526784176,0.16597864287047848,2824.81560546875,
2024-04-05,2924.0,2927.75,2880.0,2883.449951171875,2796.20751953125,1155672,2796.20751953125,,3301.443603515625,-0.15303489765700118,-0.011941828682128564,0.17864173994709276,0.16702960257897573,2819.33849609375,
2024-04-08,2908.0,2908.949951171875,2873.800048828125,2892.0,2804.498779296875,570695,2804.498779296875,,3301.443603515625,-0.15052349332563664,0.0029651804122945435,0.17898430010852742,0.16710399609949247,2816.182958984375,
2024-04-09,2893.0,2916.449951171875,2845.0,2857.14990234375,2770.702880859375,1017670,2770.702880859375,,3301.443603515625,-0.16076019656706464,-0.01205060194248797,0.18061823250360712,0.16793580847058198,2813.4230712890626,
2024-04-10,2883.300048828125,2899.10009765625,2858.0,2896.75,2809.104736328125,740495,2809.104736328125,,3301.443603515625,-0.14912835908001598,0.013859968794935895,0.18416753371097855,0.16957489769308887,2812.4058056640624,
2024-04-12,2890.0,2893.0,2845.0,2854.5,2768.1328125,1766311,2768.1328125,,3301.443603515625,-0.16153866461559896,-0.014585402707939177,0.15013080123923087,0.17111281009189006,2810.048359375,
2024-04-15,2830.199951171875,2853.5,2812.35009765625,2844.39990234375,2758.338623046875,884519,2758.338623046875,,3301.443603515625,-0.16450530304089128,-0.0035381934742789722,0.15021130740002928,0.1706310443043601,2807.9207421875,
2024-04-16,2827.64990234375,2841.449951171875,2820.0,2830.0,2744.37451171875,911249,2744.37451171875,,3301.443603515625,-0.1687350016228253,-0.005062507993561782,0.13497671460207722,0.1679807149686311,2805.4411083984373,
2024-04-18,2855.0,2859.199951171875,2800.10009765625,2807.699951171875,2722.7490234375,1732434,2722.7490234375,,3301.443603515625,-0.1752853144187856,-0.007879933365109948,0.13402815037458712,0.16781164758434133,2803.08171875,
2024-04-19,2790.0,2822.10009765625,2766.14990234375,2808.550048828125,2723.573486328125,1337807,2723.573486328125,,3301.443603515625,-0.17503558642411476,0.00030280532047877173,0.1335968346853776,0.16674607270330966,2800.6040283203124,
2024-04-22,2846.60009765625,2846.60009765625,2814.050048828125,2841.85009765625,2755.865966796875,676040,2755.865966796875,,3301.443603515625,-0.16525426517593034,0.011856658405162479,0.13812473399969993,0.16746595323238433,2799.139716796875,
2024-04-23,2852.0,2877.949951171875,2844.0,2874.89990234375,2787.915771484375,929062,2787.915771484375,,3301.443603515625,-0.15554644988768151,0.01162966743435323,0.14142518878729665,0.16887911822330107,2798.0526318359375,
2024-04-24,2882.949951171875,2883.10009765625,2860.0,2867.75,2780.982421875,718441,2780.982421875,,3301.443603515625,-0.15764654622190089,-0.0024869293686313743,0.14161131904550323,0.1686980585301062,2795.8532568359374,
2024-04-25,2865.0,2869.89990234375,2829.050048828125,2861.449951171875,2774.873046875,1594152,2774.873046875,,3301.443603515625,-0.15949706246076512,-0.002196840566824232,0.13464516577239724,0.1686836860543703,2794.53150390625,
2024-04-26,2870.0,2878.199951171875,2837.050048828125,2844.14990234375,2758.096435546875,625507,2758.096435546875,,3301.443603515625,-0.1645786611015112,-0.006045902297050487,0.1355553249160148,0.16885838193082933,2792.4465625,
2024-04-29,2844.14990234375,2873.949951171875,2839.0,2868.199951171875,2781.41845703125,566219,2781.41845703125,,3301.443603515625,-0.1575144721329218,0.008455839753750638,0.1379362531523114,0.1692270555774419,2790.786357421875,
2024-04-30,2855.0,2912.0,2855.0,2875.89990234375,2788.885498046875,1290649,2788.885498046875,,3301.443603515625,-0.15525272184657024,0.0026846161880995645,0.1371437837102837,0.1693563675136353,2788.9302587890625,
2024-05-02,2875.10009765625,2988.0,2875.10009765625,2975.39990234375,2885.375,2493406,2885.375,,3301.443603515625,-0.12602626410839302,0.034597871451050644,0.16693781044098593,0.17531580938354147,2788.9108642578126,
2024-05-03,2983.050048828125,2997.0,2909.25,2929.75,2841.106689453125,1594445,2841.106689453125,,3301.443603515625,-0.13943503792471235,-0.015342307515270992,0.17141911225104148,0.1765492409191967,2787.227392578125,
2024-05-06,2950.0,2959.0,2911.199951171875,2932.14990234375,2843.433349609375,768806,2843.433349609375,,3301.443603515625,-0.13873029768508727,0.0008189274147596404,0.1696861449612577,0.17653468104208925,2785.7582275390623,
2024-05-07,2947.0,2967.949951171875,2904.0,2913.0,2824.863037109375,629534,2824.863037109375,,3301.443603515625,-0.14435520446229988,-0.006530946998476783,0.16738927595892905,0.17589566916231827,2784.1077197265627,
2024-05-08,2900.0,2905.0,2821.0,2843.300048828125,2757.27197265625,1652877,2757.27197265625,,3301.443603515625,-0.16482838909618214,-0.02392720056342612,0.1823176306257808,0.17983218598914905,2780.8425927734374,
2024-05-09,2828.0,2853.949951171875,2703.800048828125,2710.10009765625,2628.10205078125,3547959,2628.10205078125,,3301.443603515625,-0.20395367408891985,-0.046847000642654235,0.2278515878655626,0.19373903543979618,2775.185107421875,
2024-05-10,2699.0,2792.60009765625,2670.10009765625,2771.25,2687.40185546875,2478584,2687.40185546875,,3301.443603515625,-0.18599189378640213,0.022563737458319855,0.23696026403608614,0.19660086496687154,2770.4110595703123,
2024-05-13,2771.25,2895.0,2754.10009765625,2879.25,2792.134033203125,2748823,2792.134033203125,,3301.443603515625,-0.15426874769877907,0.038971535842787786,0.26173188685357673,0.20785778345361192,2768.3416259765627,
2024-05-14,2879.0,2888.0,2842.0,2866.14990234375,2779.430908203125,999330,2779.430908203125,,3301.443603515625,-0.15811649629774738,-0.004549611461677205,0.26179198002296067,0.20790898392683976,2768.29703125,
2024-05-15,2866.14990234375,2874.25,2806.14990234375,2813.699951171875,2728.5673828125,1230520,2728.5673828125,,3301.443603515625,-0.17352294617211794,-0.018299978330279076,0.26687196815931036,0.2096504641733967,2767.4077734375,
2024-05-16,2821.050048828125,2837.60009765625,2786.550048828125,2814.050048828125,2728.906982421875,1534319,2728.906982421875,,3301.443603515625,-0.17342008219800276,0.0001244607743662307,0.2655804613174582,0.20968108477537606,2767.7898486328127,
2024-05-17,2814.60009765625,2838.199951171875,2786.10009765625,2809.89990234375,2724.882568359375,1325150,2724.882568359375,,3301.443603515625,-0.17463906835854615,-0.001474734788845189,0.2655469749437596,0.20968050605739522,2767.557109375,
2024-05-21,2815.0,2866.949951171875,2801.0,2851.800048828125,2765.5146484375,921822,2765.5146484375,,3301.443603515625,-0.1623317007467362,0.014911497673306684,0.2692977018588802,0.21150279300773517,2767.9459716796873,
2024-05-22,2851.800048828125,2895.0,2836.60009765625,2885.75,2798.4375,933846,2798.4375,,3301.443603515625,-0.15235944148189795,0.011904782923894963,0.2668524992100358,0.21265555560248783,2768.993291015625,
2024-05-23,2885.0,2921.25,2877.300048828125,2903.75,2815.89306640625,1181894,2815.89306640625,,3301.443603515625,-0.1470721888425791,0.006237611669458465,0.2651194431647899,0.2128525940269435,2770.6098583984376,
2024-05-24,2910.199951171875,2910.199951171875,2867.0,2874.75,2787.7705078125,755822,2787.7705078125,,3301.443603515625,-0.15559044993412197,-0.00998708329135567,0.26667037108920655,0.21172204141097836,2771.5301416015627,
2024-05-27,2887.89990234375,2898.300048828125,2855.550048828125,2872.300048828125,2785.394775390625,817091,2785.394775390625,,3301.443603515625,-0.15631005405498144,-0.0008521979894747789,0.26426013284978267,0.21129801293452577,2771.5640869140625,
2024-05-28,2875.85009765625,2921.0,2864.0,2911.199951171875,2823.117431640625,1084544,2823.117431640625,,3301.443603515625,-0.14488394451616327,0.01354301967652316,0.2641204763156111,0.2124218127727394,2772.2302978515627,
2024-05-29,2896.0,2921.699951171875,2881.10009765625,2900.14990234375,2812.401611328125,1758297,2812.401611328125,,3301.443603515625,-0.14812974289996395,-0.00379574019571427,0.2606650843029579,0.21244483120609442,2772.6957666015624,
2024-05-30,2875.25,2910.85009765625,2875.0,2883.699951171875,2796.44970703125,1344426,2796.44970703125,,3301.443603515625,-0.15296153959638126,-0.005671986615503943,0.2610367785946069,0.2125484149732461,2773.1525146484373,
2024-05-31,2883.699951171875,2906.0,2855.60009765625,2881.199951171875,2794.025146484375,2520363,2794.025146484375,,3301.443603515625,-0.1536959336488174,-0.0008670138214103007,0.26053027252697575,0.21254971808558318,2772.9381982421874,
2024-06-03,2950.0,2950.0,2860.050048828125,2866.449951171875,2779.721435546875,952701,2779.721435546875,,3301.443603515625,-0.1580284962048666,-0.005119392341725315,0.2598596676143454,0.21216917757552653,2772.9168603515627,
2024-06-04,2880.0,2897.0,2775.75,2857.64990234375,2771.18798828125,2683847,2771.18798828125,,3301.443603515625,-0.16061325859685105,-0.0030698929599562996,0.2601017667130431,0.21064670204836078,2773.133115234375,
2024-06-05,2864.5,3027.300048828125,2864.5,2961.75,2872.138427734375,2410576,2872.138427734375,,3301.443603515625,-0.13003559270983567,0.03642857860239812,0.2783625265869594,0.21635059170169318,2775.977373046875,
2024-06-06,2960.0,2961.75,2882.25,2904.800048828125,2816.911376953125,1689408,2816.911376953125,,3301.443603515625,-0.14676374481954912,-0.01922854770785354,0.28296001811724975,0.21856082420368683,2777.52703125,
2024-06-07,2904.800048828125,2943.10009765625,2888.85009765625,2927.699951171875,2839.1181640625,1600180,2839.1181640625,,3301.443603515625,-0.1400373578881693,0.007883381525972899,0.2836048491882506,0.21120189970172698,2779.5935498046874,
2024-06-10,2928.0,2951.89990234375,2915.0,2937.550048828125,2848.670166015625,876867,2848.670166015625,,3301.443603515625,-0.137144077523497,0.003364425642452762,0.2835447133736445,0.2091511311119365,2781.45642578125,
2024-06-11,2915.0,2920.35009765625,2895.0,2902.449951171875,2841.865478515625,855430,2841.865478515625,,3301.443603515625,-0.13920520238801193,-0.0023887242479593285,0.28294921088575975,0.20729455006364553,2783.703955078125,
2024-06-12,2909.0,2918.0,2865.64990234375,2905.800048828125,2845.1455078125,1701770,2845.1455078125,,3301.443603515625,-0.13821168873435385,0.0011541817590141612,0.2821013308746224,0.20673355233734797,2785.709677734375,
2024-06-13,2929.0,2929.0,2905.0,2910.0,2849.2578125,726380,2849.2578125,,3301.443603515625,-0.13696608069697258,0.0014453758783894433,0.2820563684563752,0.20637810408900617,2787.48248046875,
2024-06-14,2910.0,2931.35009765625,2905.10009765625,2921.60009765625,2860.615966796875,982815,2860.615966796875,,3301.443603515625,-0.13352572076328173,0.003986355410537268,0.2635940994260725,0.2064745949092619,2789.012119140625,
2024-06-18,2921.60009765625,2928.0,2905.0,2918.5,2857.58056640625,741098,2857.58056640625,,3301.443603515625,-0.13444513685974113,-0.0010611002755549492,0.25966383534495807,0.2058328156899503,2790.418994140625,
2024-06-19,2918.0,2920.0,2882.64990234375,2891.699951171875,2831.33984375,1018294,2831.33984375,,3301.443603515625,-0.14239339398832174,-0.009182846133801492,0.2611115976568111,0.20638683402997457,2791.3951171875,
2024-06-20,2885.0,2924.5,2872.39990234375,2915.5,2854.64306640625,1129752,2854.64306640625,,3301.443603515625,-0.13533489914338936,0.008230457642762534,0.2614134939793216,0.20654515159010056,2791.887919921875,
2024-06-21,2925.0,2928.0,2880.10009765625,2890.85009765625,2830.508056640625,1722379,2830.508056640625,,3301.443603515625,-0.14264534047272914,-0.008454650618022419,0.25255610444306464,0.2069057829609084,2792.5739306640626,
2024-06-24,2883.0,2899.949951171875,2871.39990234375,2896.050048828125,2835.598876953125,892125,2835.598876953125,,3301.443603515625,-0.14110334220655274,0.0017985535496203298,0.20787978096789975,0.20490108901678938,2793.1959326171873,2953.004147949219
2024-06-25,2876.0,2894.949951171875,2856.0,2858.449951171875,2798.783935546875,1217792,2798.783935546875,,3301.443603515625,-0.15225450691736198,-0.012983127375832515,0.2037304251084476,0.20400422859801373,2793.7575537109374,2951.220245361328
2024-06-26,2860.199951171875,2873.85009765625,2844.050048828125,2863.35009765625,2803.58154296875,960622,2803.58154296875,,3301.443603515625,-0.15080132219030307,0.0017141757035765703,0.16988204207162808,0.20362171608214885,2793.64708984375,2949.334483642578
2024-06-27,2860.75,2903.0,2845.0,2880.85009765625,2820.716552734375,1628022,2820.716552734375,,3301.443603515625,-0.14561116545178476,0.006111828567497479,0.17010661749166076,0.20388648170930032,2794.6987646484376,2947.4908337402344
2024-06-28,2865.0,2932.0,2862.199951171875,2917.050048828125,2856.160888671875,1206712,2856.160888671875,,3301.443603515625,-0.1348751541203307,0.012565720544710723,0.16379571327035874,0.20473374721260176,2796.6552099609376,2946.0112377929686
2024-07-01,2889.300048828125,2939.0,2888.0,2927.800048828125,2866.686279296875,1104110,2866.686279296875,,3301.443603515625,-0.13168703646967883,0.0036851532652610874,0.16384668656620321,0.20480974486886983,2799.1014453125,2944.5675720214845
2024-07-02,2927.800048828125,2936.0,2912.0,2925.60009765625,2864.5322265625,1064295,2864.5322265625,,3301.443603515625,-0.13233949430118053,-0.0007514086037009315,0.16373849372234922,0.20353756228844053,2801.937109375,2943.2293017578127
2024-07-03,2929.699951171875,2948.949951171875,2916.0,2925.550048828125,2864.48291015625,925189,2864.48291015625,,3301.443603515625,-0.13235443213207287,-1.721621624384273e-05,0.1589320877290107,0.20348574676172831,2804.7552978515623,2941.950078125
2024-07-04,2940.0,2968.449951171875,2923.0,2934.89990234375,2873.637939453125,968666,2873.637939453125,,3301.443603515625,-0.12958139391111823,0.0031960495433276392,0.15581859676289078,0.20349052610089355,2807.1107373046875,2940.7069482421875
2024-07-05,2937.14990234375,2946.89990234375,2913.10009765625,2935.89990234375,2874.616943359375,817429,2874.616943359375,,3301.443603515625,-0.1292848557830074,0.00034068450057977984,0.15500849701647268,0.2033450151349189,2808.8447607421876,2939.366827392578
2024-07-08,2935.89990234375,2935.89990234375,2890.699951171875,2898.14990234375,2837.655029296875,828260,2837.655029296875,,3301.443603515625,-0.1404805381878621,-0.012858031101460443,0.1569451951953082,0.20439910149260496,2809.978212890625,2937.8820703125
2024-07-09,2908.949951171875,2913.199951171875,2890.0,2905.0,2844.36181640625,685431,2844.36181640625,,3301.443603515625,-0.13844906713615823,0.0023634962813068316,0.15695656330923127,0.20424215320382913,2811.36798828125,2936.327508544922
2024-07-10,2900.050048828125,3014.5,2894.35009765625,2996.449951171875,2933.9033203125,2299950,2933.9033203125,,3301.443603515625,-0.11132714271167332,0.03148034943718314,0.1769959223213775,0.21026949674682663,2814.8841259765627,2935.232996826172
2024-07-11,2999.0,3030.0,2973.0,3022.050048828125,2958.96923828125,1968980,2958.96923828125,,3301.443603515625,-0.10373473133682565,0.008543539180452697,0.17749496833583345,0.1997500782653913,2818.4351416015625,2934.1626525878905
2024-07-12,3025.0,3052.0,2970.89990234375,2999.14990234375,2936.546630859375,1879930,2936.546630859375,,3301.443603515625,-0.11052648976577406,-0.007577844045076776,0.17827215843604954,0.20013542355986375,2821.3883642578126,2933.1617041015625
2024-07-15,2999.0,2999.0,2932.550048828125,2956.5,2894.787109375,2425341,2894.787109375,,3301.443603515625,-0.12317535689768766,-0.014220622633924984,0.18404487311904422,0.1977819906264757,2821.5766064453123,2932.162996826172
2024-07-16,2959.0,3015.949951171875,2941.5,2974.449951171875,2912.362548828125,2085611,2912.362548828125,,3301.443603515625,-0.11785179497634835,0.00607141001706335,0.18353880617473176,0.19739250165223682,2823.0017236328126,2931.2054553222656
2024-07-18,2875.0,2957.89990234375,2842.0,2931.550048828125,2870.35791015625,5384611,2870.35791015625,,3301.443603515625,-0.1305749075647764,-0.014422874201832081,0.18892940560013702,0.19896271889699335,2823.54021484375,2929.998928222656
2024-07-19,2925.0,2980.0,2917.25,2946.050048828125,2884.555419921875,2164746,2884.555419921875,,3301.443603515625,-0.12627451310990623,0.004946250680233799,0.157375527327025,0.19909474025648247,2824.7340625,2928.718905029297
2024-07-22,2937.0,2973.35009765625,2917.14990234375,2934.300048828125,2873.05078125,1616347,2873.05078125,,3301.443603515625,-0.12975924283832685,-0.003988357648606611,0.14688257673566787,0.19909343496397716,2827.049638671875,2927.2330041503906
2024-07-23,2934.300048828125,2947.300048828125,2886.0,2897.10009765625,2836.627197265625,1906312,2836.627197265625,,3301.443603515625,-0.14079186624754958,-0.012677668011328302,0.15019473492568672,0.20030634516490187,2831.2201416015623,2925.3307165527344
2024-07-24,2901.0,2927.0,2886.199951171875,2912.800048828125,2851.99951171875,1476148,2851.99951171875,,3301.443603515625,-0.13613562603894647,0.005419222683877178,0.15071024980965889,0.19891124886512498,2834.5120947265623,2923.652678222656
2024-07-25,2892.050048828125,2908.699951171875,2885.25,2901.39990234375,2840.83740234375,1239922,2840.83740234375,,3301.443603515625,-0.13951660439735725,-0.0039137837608791415,0.15099208192066269,0.19901317115631473,2835.486162109375,2921.875266113281
2024-07-26,2902.199951171875,2964.449951171875,2900.699951171875,2950.14990234375,2888.569580078125,1359780,2888.569580078125,,3301.443603515625,-0.12505863283499397,0.016802150554267925,0.1586214164625226,0.20092128143555246,2837.668935546875,2920.9727673339844
2024-07-29,2953.050048828125,2965.10009765625,2936.0,2954.699951171875,2893.024658203125,854408,2893.024658203125,,3301.443603515625,-0.12370919947794501,0.0015423128996876478,0.1586264038808184,0.2006689764778265,2840.9580810546877,2920.13755859375
2024-07-30,2973.5,3032.800048828125,2970.0,3005.050048828125,2942.32373046875,2144591,2942.32373046875,,3301.443603515625,-0.10877661901128866,0.0170406678442363,0.16544492275294537,0.2017783592680411,2845.226416015625,2919.5207727050783
2024-07-31,3005.050048828125,3098.0,3005.050048828125,3084.449951171875,3020.06640625,3549501,3020.06640625,,3301.443603515625,-0.08522853365297334,0.026422203300132674,0.1809321564001403,0.20573069748396516,2851.1300927734374,2919.2779370117187
2024-08-01,3088.0,3128.949951171875,3062.800048828125,3099.35009765625,3034.655517578125,1675122,3034.655517578125,,3301.443603515625,-0.08080952394685892,0.0048307253436326025,0.17800286675764881,0.2053411803783441,2856.51291015625,2918.9321032714843
2024-08-02,3070.0,3129.050048828125,3060.0,3106.699951171875,3041.851806640625,1348780,3041.851806640625,,3301.443603515625,-0.07862978383109953,0.0023713693435105654,0.1771358354339163,0.20431480116643394,2861.3811962890627,2918.6730725097655
2024-08-05,3069.949951171875,3145.0,3055.300048828125,3093.39990234375,3028.82958984375,2019141,3028.82958984375,,3301.443603515625,-0.08257418463292088,-0.0042810161785155065,0.17536273882602707,0.20449129425850252,2865.6399267578126,2918.5568188476564
2024-08-06,3101.699951171875,3135.0,3086.050048828125,3101.75,3037.005126953125,885743,3037.005126953125,,3301.443603515625,-0.08009783243939295,0.002699239711863921,0.17535896394024636,0.2044614766464266,2870.624619140625,2918.487736816406
2024-08-07,3101.75,3118.5,3060.050048828125,3101.449951171875,3036.711669921875,1907105,3036.711669921875,,3301.443603515625,-0.08018671992816828,-9.662711091451559e-05,0.169446277667767,0.20422284960916007,2875.65095703125,2918.35716796875
2024-08-08,3080.0,3089.699951171875,2990.39990234375,3005.39990234375,2942.66650390625,1280109,2942.66650390625,,3301.443603515625,-0.10867279369162086,-0.030969409097059364,0.19567665617878366,0.2104681687045571,2878.0419384765623,2917.7796069335936
2024-08-09,3039.0,3052.75,2966.0,3040.60009765625,2977.131591796875,1665414,2977.131591796875,,3301.443603515625,-0.09823339443793566,0.0117121963514637,0.19744196395021602,0.21109839128901564,2881.3365380859377,2917.424227294922
2024-08-12,3020.0,3084.0,3003.699951171875,3053.199951171875,2989.46875,1736881,2989.46875,,3301.443603515625,-0.094496496376134,0.0041439747699156815,0.19497283470983448,0.2110135234720287,2885.1969189453125,2917.3084130859374
2024-08-13,3054.89990234375,3059.800048828125,3013.0,3023.550048828125,2960.437744140625,502260,2960.437744140625,,3301.443603515625,-0.10328992414465943,-0.009711091932094962,0.1975731086567161,0.21137220469071316,2888.5251708984374,2917.0401831054687
2024-08-14,3034.800048828125,3034.800048828125,2994.050048828125,3025.85009765625,2962.689453125,454671,2962.689453125,,3301.443603515625,-0.10260788645000452,0.0007606000122217793,0.19749538009957676,0.21137140133125903,2892.18453125,2916.8659802246093
2024-08-16,3054.0,3054.0,3003.0,3048.14990234375,2984.52392578125,514229,2984.52392578125,,3301.443603515625,-0.09599427274689631,0.007369814825924248,0.19825926474956615,0.21161692468133503,2896.45125,2916.7750549316406
2024-08-19,3053.949951171875,3087.85009765625,3038.35009765625,3076.300048828125,3012.086669921875,542858,3012.086669921875,,3301.443603515625,-0.08764557822087915,0.009235223045970464,0.1994916556951486,0.21032271048043652,2899.25021484375,2916.8023400878906
2024-08-20,3096.0,3106.35009765625,3078.0,3103.199951171875,3038.425048828125,668282,3038.425048828125,,3301.443603515625,-0.07966774122914533,0.008744230094459127,0.20049811940459153,0.20962715862895387,2903.68048828125,2917.125159912109
2024-08-21,3101.0,3170.60009765625,3084.050048828125,3151.550048828125,3085.765869140625,1186536,3085.765869140625,,3301.443603515625,-0.06532831096836855,0.015580710253412011,0.19921376859506076,0.21101866471322622,2908.6134423828125,2917.738896484375
2024-08-22,3167.0,3198.64990234375,3156.050048828125,3186.60009765625,3120.084228515625,1540888,3120.084228515625,,3301.443603515625,-0.054933355459070965,0.011121504621657285,0.2006308140582611,0.21047600211737447,2914.0417236328126,2919.0106701660156
2024-08-23,3190.0,3198.60009765625,3148.75,3154.64990234375,3088.80126953125,779284,3088.80126953125,,3301.443603515625,-0.06440889487190926,-0.010026318744368545,0.1852011683778084,0.2102695186600671,2918.980439453125,2920.15095703125
2024-08-26,3155.0,3177.449951171875,3141.5,3171.35009765625,3105.15283203125,472874,3105.15283203125,,3301.443603515625,-0.05945604258553738,0.0052938214773790015,0.18440804545956113,0.2086846816557484,2924.1805859375,2921.3151599121093
2024-08-27,3154.0,3203.64990234375,3150.0,3166.199951171875,3100.110107421875,1003501,3100.110107421875,,3301.443603515625,-0.06098347276911076,-0.001623985962093899,0.18261095869973965,0.20858195026194737,2929.1976318359375,2922.3157177734374
2024-08-28,3152.949951171875,3165.5,3118.800048828125,3125.5,3060.259521484375,538366,3060.259521484375,,3301.443603515625,-0.07305412752603713,-0.01285457114639088,0.1816049817798137,0.20966853199117094,2933.1905029296877,2923.4130041503904
2024-08-29,3125.5,3143.949951171875,3092.699951171875,3115.85009765625,3050.811279296875,849866,3050.811279296875,,3301.443603515625,-0.07591597928610927,-0.0030873990003688068,0.18172476275840593,0.2092274684623827,2937.0551171875,2924.362131347656
2024-08-30,3130.050048828125,3166.75,3110.699951171875,3126.800048828125,3061.532470703125,1567031,3061.532470703125,,3301.443603515625,-0.07266855400983518,0.003514209967363513,0.17529300839593642,0.20925093490928937,2941.6589697265626,2925.2310375976563
2024-09-02,3148.0,3184.0,3139.60009765625,3150.949951171875,3085.17822265625,702358,3085.17822265625,,3301.443603515625,-0.06550630779489297,0.00772350193225102,0.17585353667782522,0.2087791201872046,2946.2696728515625,2925.9687072753904
2024-09-03,3164.949951171875,3174.550048828125,3147.5,3154.85009765625,3088.996826171875,577471,3088.996826171875,,3301.443603515625,-0.06434966119594487,0.0012377254213655764,0.17487837788588284,0.2080518961589687,2951.4394482421876,2926.7058312988283
2024-09-04,3155.5,3252.0,3155.5,3231.64990234375,3164.193603515625,2379110,3164.193603515625,,3301.443603515625,-0.04157272287003355,0.024343429784918102,0.17984533393246094,0.21151180353086563,2958.0113427734377,2927.5188037109374
2024-09-05,3240.0,3257.0,3217.0,3238.25,3170.65625,1482119,3170.65625,,3301.443603515625,-0.03961520147621267,0.002042430803600226,0.17983299570120878,0.2114196301766161,2965.4487890625,2928.4370642089843
2024-09-06,3238.0,3285.89990234375,3225.35009765625,3273.699951171875,3205.365966796875,2131256,3205.365966796875,,3301.443603515625,-0.029101704665328576,0.01094717120371369,0.1795959289108176,0.21159844291245755,2973.4844775390625,2929.5470556640626
2024-09-09,3273.699951171875,3314.0,3258.0,3280.75,3212.268798828125,1272289,3212.268798828125,0.017969636350469775,3301.443603515625,-0.027010852038344635,0.0021535238418182168,0.1755619089181185,0.21129625592947077,2981.3155224609377,2930.6471936035155
2024-09-10,3290.0,3310.0,3270.89990234375,3295.050048828125,3226.2705078125,928920,3226.2705078125,0.014316388203329256,3301.443603515625,-0.022769765209096682,0.004358822334383339,0.1754639651901866,0.2113371610837058,2988.71771484375,2931.6689709472657
2024-09-11,3315.0,3382.949951171875,3315.0,3367.449951171875,3297.1591796875,2561892,3297.1591796875,0.03377157928908758,3301.443603515625,-0.0012977425461887515,0.02197232739887789,0.17926328235033026,0.2067804517508034,2997.3271728515624,2932.9768249511717
2024-09-12,3370.0,3393.0,3340.300048828125,3383.25,3312.629638671875,1643536,3312.629638671875,0.05093448026941538,3312.629638671875,0.0,0.0046920570531390204,0.16608035956174227,0.20485009634327375,3006.28912109375,2934.174871826172
2024-09-13,3355.550048828125,3369.699951171875,3320.89990234375,3358.050048828125,3287.955322265625,1029400,3287.955322265625,0.042002621667613926,3312.629638671875,-0.007448558727543908,-0.007448558727543908,0.1687851348810763,0.20542737074121933,3014.7585693359374,2935.387976074219
2024-09-16,3360.0,3394.89990234375,3330.60009765625,3335.800048828125,3266.169921875,1019280,3266.169921875,0.04277639662229871,3312.629638671875,-0.014025025995813456,-0.006625820078240419,0.17095196012454192,0.20543819251904935,3022.609208984375,2936.5265795898435
2024-09-17,3335.800048828125,3349.89990234375,3301.800048828125,3312.800048828125,3243.64990234375,586834,3243.64990234375,0.03952221688959634,3312.629638671875,-0.020823256401153567,-0.006894932005963139,0.17200833536080026,0.20135941008016897,3029.9898681640625,2937.5537963867187
2024-09-18,3312.800048828125,3324.85009765625,3251.550048828125,3274.64990234375,3206.296142578125,410510,3206.296142578125,0.026913876860779506,3312.629638671875,-0.032099421816554785,-0.011515965313838139,0.17662505511473062,0.18517669809791593,3037.3626904296875,2938.4429736328125
2024-09-19,3294.0,3320.0,3275.0,3293.85009765625,3225.095458984375,963456,3225.095458984375,0.02623727709621737,3312.629638671875,-0.0264243785860091,0.005863250171000756,0.1768929179241296,0.18207945589188396,3044.97736328125,2939.362144775391
2024-09-20,3304.0,3324.800048828125,3266.050048828125,3306.949951171875,3237.921875,1504277,3237.921875,0.03295961757559662,3312.629638671875,-0.02255240453074836,0.003977065540771374,0.14657515840479882,0.17109540399816237,3051.057734375,2940.2862915039063
2024-09-23,3316.949951171875,3324.89990234375,3273.199951171875,3277.449951171875,3209.037841796875,522775,3209.037841796875,0.01703930276091703,3312.629638671875,-0.03127177142462956,-0.008920546671041918,0.1483908837525545,0.1717030360857458,3056.0591064453124,2941.0660180664063
2024-09-24,3277.449951171875,3297.75,3241.10009765625,3248.39990234375,3180.59423828125,1057933,3180.59423828125,0.00881391915001295,3312.629638671875,-0.03985818361619253,-0.008863592427971523,0.15192024664209072,0.16930702969162217,3060.94005859375,2941.841473388672
2024-09-25,3252.0,3252.0,3206.75,3244.75,3177.0205078125,740636,3177.0205078125,0.0012550816495551231,3312.629638671875,-0.04093700342358364,-0.0011236046477532957,0.14810365589839838,0.16935405559411656,3066.5847265625,2942.339655761719
2024-09-26,3250.0,3285.85009765625,3227.10009765625,3277.050048828125,3208.646240234375,951080,3208.646240234375,0.022925073894355608,3312.629638671875,-0.031389986137777215,0.009954525740109466,0.1496097165074255,0.16981768351255572,3072.510400390625,2942.8934130859375
2024-09-27,3290.949951171875,3337.949951171875,3277.050048828125,3310.75,3241.642822265625,1315996,3241.642822265625,0.04754011952011128,3312.629638671875,-0.02142914365600812,0.010283645986738588,0.15063409808485181,0.1689861906326918,3079.9360986328124,2943.4584521484376
2024-09-30,3310.75,3358.0,3305.14990234375,3329.10009765625,3259.60986328125,1088162,3259.60986328125,0.05017573901036343,3312.629638671875,-0.01600534354087413,0.005542572701784376,0.1496405737760782,0.1682451037091518,3087.4371875,2943.985803222656
2024-10-01,3317.0,3328.949951171875,3244.050048828125,3277.35009765625,3208.93994140625,968660,3208.93994140625,0.031261933252169305,3312.629638671875,-0.0313013251029165,-0.015544781124202878,0.15744051567353737,0.1705332595377111,3094.154970703125,2944.2634411621093
2024-10-03,3192.300048828125,3225.89990234375,3126.5,3149.300048828125,3083.562744140625,1741363,3083.562744140625,-0.01814877390965952,3312.629638671875,-0.0691495637958155,-0.03907121964105098,0.19197246828060735,0.1826023166250604,3099.093681640625,2944.010197753906
2024-10-04,3135.0,3156.75,3054.550048828125,3072.5,3008.36572265625,1551818,3008.36572265625,-0.05105786820231484,3312.629638671875,-0.09184966301805253,-0.024386408749834665,0.20152009770240806,0.18752630797026226,3102.221005859375,2943.3761206054687
2024-10-07,3075.0,3098.550048828125,3038.0,3062.25,2998.32958984375,909812,2998.32958984375,-0.06799793795014852,3312.629638671875,-0.09487932039216329,-0.0033360747122322953,0.1998816259292499,0.18643432190485631,3105.370849609375,2942.731865234375
2024-10-08,3058.0,3099.0,3045.64990234375,3088.050048828125,3023.59130859375,817718,3023.59130859375,-0.051454228829162396,3312.629638671875,-0.08725343959489795,0.008425264132258636,0.2009299310547171,0.18671426231964894,3108.0712841796876,2942.122277832031
2024-10-09,3095.550048828125,3146.699951171875,3071.75,3078.85009765625,3014.58349609375,1225598,3014.58349609375,-0.05685799235357192,3312.629638671875,-0.08997267279707732,-0.0029791766084251714,0.20101607425984777,0.18650123168894966,3110.5024609375,2941.4788024902346
2024-10-10,3090.050048828125,3095.0,3043.0,3059.10009765625,2995.245361328125,1161933,2995.245361328125,-0.024054189243927326,3312.629638671875,-0.0958103718081198,-0.006414861220690349,0.19852641295872206,0.18688098919247909,3111.5608935546875,2940.3868627929687
2024-10-11,3059.199951171875,3064.0,3026.0,3037.199951171875,2973.802490234375,976017,2973.802490234375,-0.028190210460608323,3312.629638671875,-0.10228343805235807,-0.00715896980280839,0.19931185034353355,0.18709623312411358,3110.635615234375,2939.099704589844
2024-10-14,3037.0,3055.0,3017.199951171875,3039.14990234375,2975.712158203125,716011,2975.712158203125,-0.029347069278887528,3312.629638671875,-0.10170695707589861,0.0006421636860622915,0.19894824694135732,0.18698084473007856,3109.456748046875,2937.8026989746095
2024-10-15,3075.0,3096.800048828125,3047.64990234375,3067.10009765625,3003.07861328125,1242322,3003.07861328125,-0.02136290654487194,3312.629638671875,-0.09344570904543759,0.00919660693749691,0.19954613904598423,0.17763209602651014,3108.6812841796873,2936.831141357422
2024-10-16,3088.0,3103.550048828125,3066.10009765625,3082.10009765625,3017.765625,764001,3017.765625,-0.02772602077705344,3312.629638671875,-0.08901206770283387,0.004890651764424714,0.20015367949064788,0.1745838892297543,3108.4600048828124,2935.9048974609377
2024-10-17,3082.89990234375,3085.0,3037.0,3055.85009765625,2992.063232421875,674481,2992.063232421875,-0.032839676496057346,3312.629638671875,-0.09677097690236325,-0.008517027420949841,0.18662746565878208,0.17486328631693215,3107.5611669921873,2934.664191894531
2024-10-18,3057.0,3069.0,2980.60009765625,2992.14990234375,2929.693115234375,899318,2929.693115234375,-0.04009960227403164,3312.629638671875,-0.11559895466944803,-0.020845186863586274,0.19417401560984276,0.17845225672091763,3105.4207958984375,2932.9077465820315
2024-10-21,3007.050048828125,3057.0,3000.550048828125,3049.199951171875,2985.55224609375,806970,2985.55224609375,-0.021394003680329177,3312.629638671875,-0.09873648075830754,0.019066546789118677,0.20040720699332057,0.1811033385553198,3106.2785107421873,2931.328289794922
2024-10-22,3054.0,3057.949951171875,2995.25,3006.85009765625,2944.086181640625,541838,2944.086181640625,-0.038767882845357704,3312.629638671875,-0.11125404806165085,-0.013888909332395172,0.20269844273315038,0.18271813735304265,3105.6176025390623,2929.5764147949217
2024-10-23,2999.949951171875,3026.5,2972.050048828125,2989.699951171875,2927.294189453125,624689,2927.294189453125,-0.04279819260276374,3312.629638671875,-0.11632313033739616,-0.0057036347278878186,0.20169619049664586,0.18299875591981543,3104.374111328125,2927.7156079101565
2024-10-24,2989.699951171875,3002.300048828125,2951.0,2972.0,2909.963623046875,571259,2909.963623046875,-0.04535252130919021,3312.629638671875,-0.12155479469369235,-0.005920336421495032,0.18717537333752363,0.1831945592498659,3103.36462890625,2925.798693847656
2024-10-25,2975.5,3015.550048828125,2952.0,2958.0,2896.255859375,1047769,2896.255859375,-0.03862926112132514,3312.629638671875,-0.12569282555348105,-0.004710630594592202,0.18531751270747115,0.1833705585266493,3102.03595703125,2923.8362731933594
2024-10-28,2987.89990234375,3021.699951171875,2963.050048828125,3001.85009765625,2939.190673828125,504961,2939.190673828125,-0.024847705923534247,3312.629638671875,-0.11273187937588824,0.014824247766007215,0.19320957805533756,0.1842845785442265,3101.1292919921875,2922.17458984375
2024-10-29,3020.0,3028.0,2941.10009765625,2992.85009765625,2930.37890625,613459,2930.37890625,-0.022402151901919853,3312.629638671875,-0.11539193152154792,-0.00299802515590053,0.19301141823202111,0.1839052729113967,3099.49513671875,2920.438059082031
2024-10-30,3006.0,3006.0,2963.550048828125,2996.64990234375,2934.098876953125,812725,2934.098876953125,-0.022849402915466333,3312.629638671875,-0.11426896544659104,0.0012694504097032766,0.1932277105174516,0.1833048152803516,3097.40861328125,2918.8384362792967
2024-10-31,2994.199951171875,2996.5,2919.0,2935.64990234375,2874.372314453125,1031171,2874.372314453125,-0.04398856530835382,3312.629638671875,-0.13229892019998335,-0.02035601559618272,0.19814373789842094,0.1865682877996209,3093.1807421875,2917.217287597656
2024-11-01,2958.0,2965.75,2930.0,2939.85009765625,2878.48486328125,112249,2878.48486328125,-0.032071511751766146,3312.629638671875,-0.13105744461209545,0.0014307641384680991,0.19672331065457593,0.18523445582640952,3088.3487548828125,2915.7665246582033
2024-11-04,2962.14990234375,2962.14990234375,2885.5,2915.300048828125,2854.447265625,1146008,2854.447265625,-0.03664212257150401,3312.629638671875,-0.13831379388085563,-0.008350781330442314,0.19578092001270744,0.18579392452683918,3083.6616748046877,2914.1017517089845
2024-11-05,2895.0,2918.800048828125,2872.699951171875,2887.300048828125,2827.03173828125,935417,2827.03173828125,-0.01350363110396402,3312.629638671875,-0.14658985560043314,-0.009604495999594898,0.1959366596532805,0.18625482881875288,3078.0992529296873,2912.293355712891
2024-11-06,2890.5,2907.85009765625,2860.0,2897.300048828125,2836.82275390625,1817087,2836.82275390625,-0.008361860915799602,3312.629638671875,-0.14363419297195845,0.003463355395844525,0.1966112141119735,0.18514841375542565,3072.833505859375,2910.5843408203127
2024-11-07,2900.0,2904.949951171875,2825.0,2842.85009765625,2783.509521484375,1112489,2783.509521484375,-0.03091681073109198,3312.629638671875,-0.15972812384774737,-0.018793289904511568,0.20119145262157773,0.18768217123357253,3067.298505859375,2908.6276708984374
2024-11-08,2842.85009765625,2847.0,2762.39990234375,2769.449951171875,2711.641845703125,2060410,2711.641845703125,-0.06495061537780278,3312.629638671875,-0.18142317690839194,-0.025819087460108525,0.20579929663956875,0.1924945530066088,3060.5151171875,2906.2001416015623
2024-11-11,2565.050048828125,2598.75,2506.0,2543.10009765625,2490.0166015625,8854840,2490.0166015625,-0.12348119092541499,3312.629638671875,-0.24832629265467276,-0.08173101639208469,0.29700806606685604,0.23560546467598809,3049.0847998046875,2902.9292260742186
2024-11-12,2535.0,2535.0,2470.0,2474.85009765625,2423.19091796875,3445898,2423.19091796875,-0.15302240080255336,3312.629638671875,-0.26849929443356835,-0.02683744500009222,0.2984525736569035,0.23926209448557378,3035.8450537109375,2899.7045629882814
2024-11-13,2470.0,2498.0,2451.10009765625,2470.5,2418.931884765625,1803766,2418.931884765625,-0.16234755008547774,3312.629638671875,-0.2697849899889678,-0.0017576135547318072,0.2987645680778911,0.23923524556967268,3022.4437548828123,2896.448907470703
2024-11-14,2482.800048828125,2501.75,2466.199951171875,2483.14990234375,2431.317626953125,1206967,2431.317626953125,-0.17235805654825298,3312.629638671875,-0.26604604433597123,0.005120335246107999,0.2876146338708512,0.23877361048610085,3007.7862353515625,2893.7941174316406
2024-11-18,2520.0,2520.0,2470.800048828125,2483.699951171875,2431.85595703125,945471,2431.85595703125,-0.17328015793266627,3312.629638671875,-0.2658835359553662,0.0002214149530104237,0.28404866256330247,0.2386997847283348,2993.0102294921876,2891.4099108886717
2024-11-19,2488.0,2503.199951171875,2472.35009765625,2483.699951171875,2436.024658203125,941508,2436.024658203125,-0.18842438316164478,3312.629638671875,-0.2646251093799321,0.0017142056295817998,0.2849757834680739,0.23211645024715932,2977.6234033203127,2889.290194091797
2024-11-21,2454.699951171875,2465.949951171875,2425.0,2428.14990234375,2381.540771484375,1377572,2381.540771484375,-0.20269920911461425,3312.629638671875,-0.28107243149608463,-0.022365901155917967,0.28471253357559084,0.23391305839708784,2961.0088427734377,2886.767872314453
2024-11-22,2430.0,2493.949951171875,2422.949951171875,2472.199951171875,2424.745361328125,3805843,2424.745361328125,-0.1872455477036834,3312.629638671875,-0.26803004687832455,0.018141444547607355,0.2942185248723307,0.2362174828045486,2944.97833984375,2884.5680017089844
2024-11-25,2505.0,2507.949951171875,2450.050048828125,2459.699951171875,2412.4853515625,1857124,2412.4853515625,-0.1937530494720232,3312.629638671875,-0.2717310370592071,-0.00505620506019222,0.29427074847579054,0.23537280374941313,2927.28486328125,2882.2886474609377
2024-11-26,2459.89990234375,2518.0,2457.60009765625,2505.0,2456.915771484375,1152258,2456.915771484375,-0.1869672906996772,3312.629638671875,-0.25831860501332093,0.01841686619696925,0.30335733135234433,0.23745574528754998,2910.1705859375,2880.3696337890624
2024-11-27,2517.5,2517.64990234375,2480.0,2491.89990234375,2444.067138671875,864653,2444.067138671875,-0.1948621375495928,3312.629638671875,-0.2621972857636542,-0.00522957805946167,0.3026895196279961,0.2365658571604794,2893.292822265625,2878.352679443359
2024-11-28,2500.0,2506.0,2453.300048828125,2458.050048828125,2410.866943359375,1506133,2410.866943359375,-0.21547313831289538,3312.629638671875,-0.2722195940002643,-0.013583994804063027,0.29970330862338956,0.2371292672563219,2876.1867626953126,2876.2616064453123
2024-11-29,2458.050048828125,2491.5,2455.050048828125,2479.60009765625,2432.00341796875,1030854,2432.00341796875,-0.20140022719820683,3312.629638671875,-0.2658390211880711,0.008767167623080274,0.3012594770015938,0.23776765127958324,2859.9538330078126,2874.2102734375
2024-12-02,2479.60009765625,2486.0,2461.35009765625,2479.050048828125,2431.463623046875,914624,2431.463623046875,-0.19976822122202043,3312.629638671875,-0.2660019717683514,-0.00022195483685871764,0.3018522836539182,0.23705724390877614,2844.4571826171873,2871.9128356933593
2024-12-03,2494.0,2494.0,2463.5,2469.39990234375,2421.9990234375,1341985,2421.9990234375,-0.20281949591522164,3312.629638671875,-0.268859097569221,-0.0038925524197293004,0.29893927106980156,0.23678866522424374,2828.39525390625,2869.81802734375
2024-12-04,2478.89990234375,2479.10009765625,2453.199951171875,2459.449951171875,2412.239990234375,1005012,2412.239990234375,-0.20347653990563963,3312.629638671875,-0.271805105504789,-0.004029329949635674,0.2893531776972489,0.23679180033354066,2811.8816162109374,2867.567509765625
2024-12-05,2465.0,2466.89990234375,2423.89990234375,2452.199951171875,2405.129150390625,3190834,2405.129150390625,-0.20916719474968548,3312.629638671875,-0.27395169012769327,-0.002947816084857724,0.28879910853448276,0.2347186668792779,2795.8034423828126,2865.2710119628905
2024-12-06,2468.0,2468.0,2427.0,2429.699951171875,2383.060791015625,1735948,2383.060791015625,-0.21946001696697937,3312.629638671875,-0.280613575633206,-0.009175540270432436,0.2888858412855579,0.23495573408836948,2779.8527734375,2862.7778637695315
2024-12-09,2438.14990234375,2439.0,2387.0,2391.85009765625,2345.93798828125,2301281,2345.93798828125,-0.23161909907083034,3312.629638671875,-0.2918200208998306,-0.01557778251999764,0.29002264204535755,0.23379155382293682,2763.231123046875,2860.075830078125
2024-12-10,2399.89990234375,2404.64990234375,2385.050048828125,2388.89990234375,2343.04443359375,1657888,2343.04443359375,-0.2255686743738794,3312.629638671875,-0.2926935126580763,-0.0012334318732866167,0.29043481371460594,0.22866021572332582,2745.9190869140625,2857.1646508789063
2024-12-11,2399.75,2428.0,2392.64990234375,2417.300048828125,2370.899169921875,1337700,2370.899169921875,-0.2295731880255122,3312.629638671875,-0.28428486473590986,0.011888266363519806,0.2886480126469713,0.2296222732190361,2728.5042138671874,2854.434688720703
2024-12-12,2413.0,2415.0,2380.699951171875,2389.550048828125,2343.68212890625,1089028,2343.68212890625,-0.24345973674631138,3312.629638671875,-0.2925010083995091,-0.011479628219078553,0.28868031434153907,0.2299370456904542,2710.1856591796877,2851.6161572265623
2024-12-13,2389.550048828125,2412.0,2354.0,2407.64990234375,2361.434326171875,1150861,2361.434326171875,-0.2452189792670073,3312.629638671875,-0.2871420642367254,0.007574490177944648,0.2908680007745326,0.23057380471518713,2693.235546875,2848.8206872558594
2024-12-16,2419.949951171875,2419.949951171875,2386.14990234375,2402.25,2356.137939453125,987775,2356.137939453125,-0.2530013879948815,3312.629638671875,-0.2887409108620528,-0.002242868522766006,0.2883910861536166,0.23039708494948163,2678.68705078125,2846.046495361328
2024-12-17,2388.0,2399.89990234375,2350.5,2356.0,2310.77587890625,1258218,2310.77587890625,-0.2672141731384893,3312.629638671875,-0.30243458190131267,-0.01925271852182131,0.28971335320676683,0.23200601923578804,2664.73525390625,2842.969853515625
2024-12-18,2356.800048828125,2372.699951171875,2341.0,2345.449951171875,2300.42822265625,855682,2300.42822265625,-0.26602647041182514,3312.629638671875,-0.3055582804063314,-0.00447800080676708,0.28978887592883823,0.22712179870073423,2650.7772265625,2839.993966064453
2024-12-19,2325.0,2325.0,2265.35009765625,2291.85009765625,2247.857177734375,2784409,2247.857177734375,-0.2830215963584889,3312.629638671875,-0.3214281634467283,-0.02285272124733906,0.2933454858092715,0.2283036041293445,2635.2625439453127,2837.324948730469
2024-12-20,2297.0,2318.0,2276.0,2282.35009765625,2238.53955078125,1719502,2238.53955078125,-0.28416686106226496,3312.629638671875,-0.3242409218801947,-0.004145115199229998,0.2917119560672024,0.2279890106628881,2619.7416650390624,2834.6524951171873
2024-12-23,2300.0,2302.550048828125,2266.050048828125,2279.199951171875,2235.449951171875,855647,2235.449951171875,-0.28932007472211274,3312.629638671875,-0.32517359469496,-0.0013801854018155035,0.2903176292032897,0.2277315254322775,2604.5457568359375,2832.2807287597657
2024-12-24,2282.10009765625,2295.0,2277.14990234375,2284.0,2240.157958984375,601558,2240.157958984375,-0.28731803018733626,3312.629638671875,-0.3237523649391375,0.00210606719691131,0.285932228542606,0.22780575454794,2589.8728662109374,2829.7989208984377
2024-12-26,2284.0,2287.449951171875,2256.5,2262.39990234375,2218.972412109375,1267334,2218.972412109375,-0.3095128770386055,3312.629638671875,-0.33014775144044706,-0.009457166531508743,0.17533525082885706,0.2273772332317549,2574.7380712890626,2827.163425292969
2024-12-27,2270.25,2290.800048828125,2260.050048828125,2271.39990234375,2227.7998046875,821790,2227.7998046875,-0.31054212896203925,3312.629638671875,-0.3274829824982528,0.0039781443563480234,0.16238186136345067,0.22673345594653707,2559.2324951171877,2824.5720666503908
2024-12-30,2280.25,2298.800048828125,2256.800048828125,2288.25,2244.326416015625,1076940,2244.326416015625,-0.30626033127703944,3312.629638671875,-0.32249401206364936,0.007418355676911181,0.16502433266994793,0.22654576079336725,2543.7637109375,2822.1183752441407
2024-12-31,2280.0,2297.64990234375,2273.0,2281.35009765625,2237.558837890625,685486,2237.558837890625,-0.30019211224975206,3312.629638671875,-0.3245369745626848,-0.003015416151904704,0.16346187121488434,0.2242932640270326,2528.673623046875,2819.5973876953126
2025-01-01,2280.0,2323.199951171875,2280.0,2304.64990234375,2260.411376953125,1067328,2260.411376953125,-0.29428622802296456,3312.629638671875,-0.3176383648310933,0.010213156711464721,0.16753496665267767,0.22413110597358007,2515.28798828125,2816.98095703125
2025-01-02,2314.0,2347.949951171875,2294.0,2343.25,2298.270751953125,1342922,2298.270751953125,-0.2907019105134865,3312.629638671875,-0.3062095668278313,0.01674888712117162,0.17617178392314314,0.22638154233685423,2501.5423583984375,2814.5232763671875
2025-01-03,2344.0,2348.949951171875,2322.14990234375,2335.949951171875,2291.110595703125,1355319,2291.110595703125,-0.3016997741556733,3312.629638671875,-0.3083710388397978,-0.003115453757532749,0.1652126649788022,0.22592751514118592,2488.4828466796876,2812.0331884765624
2025-01-06,2335.949951171875,2340.0,2256.699951171875,2267.14990234375,2223.63134765625,1190987,2223.63134765625,-0.32646695969958095,3312.629638671875,-0.32874133537374095,-0.029452636714015212,0.1740512094029857,0.23011360427974203,2474.40958984375,2809.2832836914063
2025-01-07,2272.0,2316.0,2272.0,2292.60009765625,2248.5927734375,740798,2248.5927734375,-0.3174626594574983,3312.629638671875,-0.3212061055098743,0.011225523424806871,0.17857456656204126,0.23089179390152503,2461.1821728515624,2806.502542724609
2025-01-08,2287.050048828125,2338.0,2272.699951171875,2334.35009765625,2289.54150390625,1439632,2289.54150390625,-0.3060850622698318,3312.629638671875,-0.3088447083917928,0.018210825433789157,0.17836792567429444,0.23368392893079862,2449.0478857421876,2804.04630859375
2025-01-09,2341.89990234375,2361.39990234375,2321.300048828125,2350.199951171875,2305.087158203125,1362304,2305.087158203125,-0.30007753410844706,3312.629638671875,-0.30415186433962527,0.006789854768018966,0.18003923022599896,0.23400950595903997,2436.3658154296877,2801.7698681640627
2025-01-10,2335.60009765625,2348.89990234375,2316.0,2320.75,2276.20263671875,1214334,2276.20263671875,-0.3078800259437553,3312.629638671875,-0.3128713786333981,-0.012530771941348773,0.17946960575627355,0.23382626225839523,2423.2822900390624,2799.5012536621093
2025-01-13,2291.75,2301.89990234375,2246.39990234375,2252.64990234375,2209.40966796875,1181928,2209.40966796875,-0.3246549896061066,3312.629638671875,-0.3330345046195494,-0.02934403452158596,0.19332992367988686,0.23772643680841246,2408.788505859375,2796.8511596679687
2025-01-14,2269.0,2286.35009765625,2237.0,2239.949951171875,2196.953369140625,1316807,2196.953369140625,-0.3297240796883638,3312.629638671875,-0.3367947495568975,-0.005637840283181594,0.19326108120568253,0.2329932622469366,2395.240126953125,2794.156965332031
2025-01-15,2249.0,2253.75,2220.0,2229.699951171875,2186.900146484375,1308999,2186.900146484375,-0.3279396450307912,3312.629638671875,-0.3398295659272179,-0.004575983631451619,0.19328934897090871,0.23277547554822092,2381.4084326171874,2791.3138342285156
2025-01-16,2239.0,2239.85009765625,2207.800048828125,2215.60009765625,2173.071044921875,1936087,2173.071044921875,-0.32061850445224716,3312.629638671875,-0.34400422566009536,-0.006323609052169776,0.1934762095078386,0.23142330133737257,2367.780908203125,2788.5317443847657
2025-01-17,2225.64990234375,2269.050048828125,2212.5,2261.0,2217.599365234375,878848,2217.599365234375,-0.30014102294529543,3312.629638671875,-0.33056223993592226,0.020490963890276603,0.20550641627909474,0.2348579367120305,2355.5922607421876,2785.8954443359376
2025-01-20,2272.25,2286.89990234375,2251.0,2280.550048828125,2236.774169921875,555716,2236.774169921875,-0.29824531974713064,3312.629638671875,-0.32477384618865524,0.008646649610432933,0.20705255225197064,0.235398920056626,2343.5912890625,2783.276226806641
2025-01-21,2280.550048828125,2315.0,2255.0,2260.35009765625,2216.9619140625,1410294,2216.9619140625,-0.3047466648699636,3312.629638671875,-0.33075467049454355,-0.008857512808307821,0.20412606976148606,0.23140483410283005,2332.2603369140625,2780.4403662109376
2025-01-22,2270.0,2270.0,2244.89990234375,2262.10009765625,2218.67822265625,835523,2218.67822265625,-0.30200079863891893,3312.629638671875,-0.3302365598751995,0.0007741714383378007,0.20425761649504057,0.23106671327520611,2322.401064453125,2777.5975732421875
2025-01-23,2262.10009765625,2301.800048828125,2246.199951171875,2276.35009765625,2232.65478515625,1142465,2232.65478515625,-0.2967669804714015,3312.629638671875,-0.326017385375027,0.00629949956567688,0.20164385414746,0.23168680364068492,2317.253828125,2774.8481787109376
2025-01-24,2283.0,2296.550048828125,2255.050048828125,2262.39990234375,2218.972412109375,543202,2218.972412109375,-0.3059524874046592,3312.629638671875,-0.33014775144044706,-0.006128297638238522,0.20002981166838474,0.2316734513325747,2313.1694580078124,2771.7930261230467
2025-01-27,2255.300048828125,2277.75,2246.199951171875,2251.5,2208.281982421875,1097939,2208.281982421875,-0.2976648469613489,3312.629638671875,-0.33337492466944285,-0.004817738890830814,0.19822973507269007,0.2316305553404312,2308.9564599609375,2768.8533984375
2025-01-28,2260.0,2267.050048828125,2234.10009765625,2241.800048828125,2198.76806640625,897501,2198.76806640625,-0.28335086862978165,3312.629638671875,-0.33624693785937476,-0.004308288566114538,0.198327882683603,0.23129578009946558,2304.30546875,2765.8247448730467
2025-01-29,2241.800048828125,2246.800048828125,2212.050048828125,2223.14990234375,2180.47607421875,1281088,2180.47607421875,-0.2897617793049022,3312.629638671875,-0.34176883260243873,-0.008319200404523386,0.19262055901415756,0.23078721573030025,2299.27787109375,2762.873610839844
2025-01-30,2223.14990234375,2259.25,2215.0,2249.85009765625,2206.663330078125,1155718,2206.663330078125,-0.25507832418413146,3312.629638671875,-0.33386355531044587,0.012009879938149615,0.19656144180920404,0.23198463448997958,2294.69064453125,2759.861403808594
2025-01-31,2255.0,2305.0,2234.85009765625,2300.800048828125,2256.635498046875,1292909,2256.635498046875,-0.22417656704401467,3312.629638671875,-0.31877820819365044,0.02264603181083391,0.19746452667739217,0.2361207090330227,2292.1925390625,2757.3039172363283
2025-02-01,2312.0,2389.0,2285.300048828125,2351.14990234375,2306.018798828125,1318619,2306.018798828125,-0.19369070400273036,3312.629638671875,-0.30387062534625153,0.021883596541839134,0.2066770028225358,0.23982734294668887,2289.8180078125,2755.0423181152346
2025-02-03,2351.14990234375,2364.449951171875,2277.699951171875,2292.25,2248.24951171875,1070382,2248.24951171875,-0.22098214908844604,3312.629638671875,-0.3213097276337431,-0.025051524791876,0.22007094954269635,0.2424972090517673,2286.533291015625,2752.5616931152344
2025-02-04,2304.64990234375,2418.60009765625,2263.75,2354.35009765625,2309.15771484375,5373733,2309.15771484375,-0.19393234520416114,3312.629638671875,-0.30292306514242406,0.02709138945989875,0.23338048915346768,0.24688849254755307,2283.5781298828124,2750.493736572266
2025-02-05,2269.0,2295.550048828125,2237.25,2275.199951171875,2231.52685546875,3474642,2231.52685546875,-0.2220189199106256,3312.629638671875,-0.32635787912486625,-0.03361869086549285,0.25260669790395573,0.250833114170867,2279.32732421875,2748.033503417969
2025-02-06,2287.199951171875,2298.89990234375,2260.25,2263.39990234375,2219.953369140625,1285954,2219.953369140625,-0.218523988011602,3312.629638671875,-0.329851625058011,-0.005186353146394818,0.25284692402449305,0.25031760899673006,2275.509052734375,2745.3539404296876
2025-02-07,2266.0,2276.300048828125,2243.199951171875,2271.0,2227.407470703125,1336756,2227.407470703125,-0.21775581427650825,3312.629638671875,-0.327601418311238,0.003357773936209174,0.25208519172136973,0.24987570845412665,2271.4171337890625,2742.551398925781
2025-02-10,2271.050048828125,2278.0,2254.0,2270.14990234375,2226.573974609375,1181565,2226.573974609375,-0.2129693185609356,3312.629638671875,-0.3278530299263789,-0.0003742000979671811,0.25193865760649237,0.24275206624761378,2267.3193408203124,2739.779356689453
2025-02-11,2279.0,2282.89990234375,2226.0,2240.85009765625,2197.83642578125,1607942,2197.83642578125,-0.22673200973927188,3312.629638671875,-0.3365281768527485,-0.012906622082101138,0.25267091231942035,0.24070592537335717,2262.8360888671873,2736.8941735839844
2025-02-12,2241.85009765625,2247.949951171875,2185.699951171875,2228.25,2185.47802734375,1181706,2185.47802734375,-0.24402803872806245,3312.629638671875,-0.3402588681118096,-0.005622983718229668,0.24742435087843068,0.24073553554633087,2258.300849609375,2734.031081542969
2025-02-13,2228.25,2249.949951171875,2220.0,2236.39990234375,2193.471435546875,921923,2193.471435546875,-0.2279120789407536,3312.629638671875,-0.33784585818464796,0.003657510212006221,0.2478322776467656,0.24020449901080676,2254.0676953125,2731.0913464355467
2025-02-14,2236.39990234375,2250.550048828125,2203.0,2231.300048828125,2188.4697265625,1380052,2188.4697265625,-0.23542729162919063,3312.629638671875,-0.3393557489753313,-0.0022802708543719907,0.23311685196573606,0.24021117899434674,2250.1758740234377,2728.089267578125
2025-02-17,2231.300048828125,2260.0,2226.050048828125,2250.85009765625,2207.644287109375,923900,2207.644287109375,-0.22928984803156993,3312.629638671875,-0.33356742892800995,0.008761629331283105,0.2321540543296747,0.24101943510100707,2247.41,2724.700614013672
2025-02-18,2248.0,2251.949951171875,2218.75,2237.60009765625,2194.6484375,735853,2194.6484375,-0.23841630770242217,3312.629638671875,-0.33749055074569234,-0.005886749819823289,0.2256846479463886,0.24097067862733568,2244.442080078125,2721.4683227539062
2025-02-19,2237.60009765625,2249.800048828125,2226.10009765625,2239.10009765625,2196.119873046875,645234,2196.119873046875,-0.23913458678847765,3312.629638671875,-0.33704636117203846,0.0006704652652937959,0.2244693072983108,0.24097197891824287,2240.946494140625,2718.2317553710936
2025-02-20,2239.10009765625,2257.10009765625,2231.050048828125,2249.050048828125,2205.878662109375,637442,2205.878662109375,-0.2459257042344033,3312.629638671875,-0.3341004269364163,0.004443650450173697,0.22261487440382846,0.24040724463746257,2238.1904248046876,2715.136833496094
2025-02-21,2249.050048828125,2265.800048828125,2237.0,2257.60009765625,2214.264892578125,755585,2214.264892578125,-0.2408820089879229,3312.629638671875,-0.3315688337963778,0.0038017641735246244,0.2059847195035032,0.24030900471672578,2235.2470361328124,2712.4217980957033
2025-02-24,2245.89990234375,2259.0,2241.0,2246.199951171875,2203.083251953125,765042,2203.083251953125,-0.2422466737030009,3312.629638671875,-0.3349442913164292,-0.005049820670724237,0.20584803524241058,0.24016662466815755,2232.1859423828123,2710.2967041015627
2025-02-25,2246.199951171875,2257.10009765625,2217.699951171875,2224.75,2182.045166015625,947702,2182.045166015625,-0.2528594395612149,3312.629638671875,-0.3412951630504437,-0.009549383083389595,0.20734456089832232,0.2385658744698602,2229.611328125,2707.769920654297
2025-02-27,2214.0,2228.39990234375,2198.0,2213.64990234375,2171.158203125,1027196,2171.158203125,-0.254147761549409,3312.629638671875,-0.34458166473585095,-0.004989338928535703,0.20702630001645536,0.23559902834527655,2227.025927734375,2704.665041503906
2025-02-28,2210.0,2211.35009765625,2175.800048828125,2179.75,2137.908935546875,1701193,2137.908935546875,-0.26936679136640707,3312.629638671875,-0.3546187866615774,-0.015314069481564552,0.20226414601287984,0.23579029882153152,2224.826962890625,2701.457431640625
2025-03-03,2179.75,2193.35009765625,2129.0,2166.39990234375,2124.815185546875,959068,2124.815185546875,-0.26619319195025526,3312.629638671875,-0.35857146215754676,-0.006124559274855446,0.20057681574578934,0.23580280443902005,2222.5524755859374,2698.438670654297
2025-03-04,2154.050048828125,2159.85009765625,2124.75,2132.10009765625,2091.173828125,2180989,2091.173828125,-0.24822827247592127,3312.629638671875,-0.36872694619631263,-0.015832604007494644,0.20375356175252882,0.23667946808406093,2219.666953125,2695.2500048828124
2025-03-05,2132.0,2182.800048828125,2124.75,2164.14990234375,2122.6083984375,1535212,2122.6083984375,-0.2345527494706089,3312.629638671875,-0.35923763596810887,0.015032021675924101,0.2094688364707551,0.2387028340182151,2217.3159619140624,2692.238634033203
2025-03-06,2189.85009765625,2275.0,2183.10009765625,2267.699951171875,2224.170654296875,1985096,2224.170654296875,-0.17921322267944606,3312.629638671875,-0.3285785321933524,0.04784785358153543,0.252844625658893,0.25184956704221245,2217.4199267578124,2689.5319140625
2025-03-07,2267.699951171875,2277.949951171875,2248.0,2270.0,2226.4267578125,921429,2226.4267578125,-0.18640202184286891,3312.629638671875,-0.327897470993728,0.0010143571992853317,0.2521881627047527,0.251937605903399,2217.3924658203123,2686.6718603515624
2025-03-10,2270.0,2293.0,2261.85009765625,2278.60009765625,2234.86181640625,1072395,2234.86181640625,-0.18616037878684832,3312.629638671875,-0.32535113786451897,0.0037886081651468118,0.25192384179074884,0.25209147996836667,2217.203173828125,2683.7667041015625
2025-03-11,2274.0,2290.89990234375,2257.89990234375,2287.39990234375,2243.49267578125,601228,2243.49267578125,-0.1830173946108561,3312.629638671875,-0.32274569737873615,0.003861920818388098,0.2516759797127517,0.2505942147276858,2217.3218505859377,2681.045314941406
2025-03-12,2287.39990234375,2295.949951171875,2247.0,2251.300048828125,2208.085693359375,749216,2208.085693359375,-0.19267515113375422,3312.629638671875,-0.33343417942590836,-0.015782080683434896,0.2549320739419005,0.25145927563973636,2216.2753369140623,2678.15876953125
2025-03-13,2255.25,2257.199951171875,2222.5,2231.300048828125,2188.4697265625,747470,2188.4697265625,-0.20180006934851047,3312.629638671875,-0.3393557489753313,-0.008883698153503872,0.2539559329032377,0.25149406872012137,2214.07931640625,2674.9855310058592
2025-03-17,2205.0,2239.25,2196.050048828125,2219.550048828125,2176.945068359375,838015,2176.945068359375,-0.21796637000883612,3312.629638671875,-0.3428347549193056,-0.005266080706186949,0.24490449341304418,0.25126743862883383,2211.796005859375,2671.808248291016
2025-03-18,2219.550048828125,2219.550048828125,2219.550048828125,2219.550048828125,2176.945068359375,0,2176.945068359375,-0.21967893898065893,3312.629638671875,-0.3428347549193056,0.0,0.2350872077560677,0.25109080228273234,2210.8622802734376,2668.7107250976565
2025-03-19,2274.0,2287.949951171875,2267.85009765625,2280.699951171875,2236.921142578125,663292,2236.921142578125,-0.1979855341291421,3312.629638671875,-0.3247294788212519,0.027550568496406802,0.2392994960038556,0.25468828203901334,2210.62884765625,2665.925205078125
2025-03-20,2290.0,2307.0,2268.75,2287.199951171875,2243.29638671875,1166849,2243.29638671875,-0.1912004489857858,3312.629638671875,-0.32280495213520166,0.002850008442084606,0.22530377813881725,0.25169158688127824,2209.7039453125,2663.243079833984
2025-03-21,2291.64990234375,2314.5,2277.85009765625,2300.39990234375,2256.2431640625,1624115,2256.2431640625,-0.1955609481330396,3312.629638671875,-0.31889664400663564,0.005771318235254341,0.2034074288741103,0.212763699633373,2208.7270654296876,2660.668355712891
2025-03-24,2302.39990234375,2330.25,2302.10009765625,2322.5,2277.918701171875,1100353,2277.918701171875,-0.18083707539585447,3312.629638671875,-0.31235334171399987,0.009606915360287127,0.20436474926415563,0.2089407394510064,2208.76138671875,2657.697257080078
2025-03-25,2325.0,2344.5,2308.0,2330.75,2286.010498046875,1828005,2286.010498046875,-0.171847920713197,3312.629638671875,-0.30991063070865965,0.0035522764139199747,0.20438553413826255,0.20904642332377305,2210.2934033203123,2655.042752685547
2025-03-26,2340.0,2340.949951171875,2304.0,2323.14990234375,2278.55615234375,1934287,2278.55615234375,-0.16534128078949895,3312.629638671875,-0.3121609111553786,-0.003260853661649299,0.2047183940239236,0.2088739656726683,2211.925458984375,2652.239942626953
2025-03-27,2315.0,2350.10009765625,2290.5,2338.10009765625,2293.219482421875,1497861,2293.219482421875,-0.16288397006282762,3312.629638671875,-0.3077344187075226,0.006435360420256497,0.2010678983748296,0.20920468419235175,2214.051845703125,2649.4626892089846
2025-03-28,2343.949951171875,2364.0,2325.0,2340.64990234375,2295.720458984375,1281871,2295.720458984375,-0.16085716287227914,3312.629638671875,-0.30697943646220804,0.0010905962476206454,0.1999414365297909,0.2091880378413624,2216.504833984375,2646.731964111328
2025-04-01,2342.0,2361.699951171875,2305.75,2316.0,2271.54345703125,970583,2271.54345703125,-0.17564081981557655,3312.629638671875,-0.3142778684000501,-0.010531335319379775,0.20295132232200835,0.2066187083920117,2217.5837158203126,2643.863953857422
2025-04-02,2328.0,2328.39990234375,2292.14990234375,2306.64990234375,2262.373046875,792693,2262.373046875,-0.17113678218051598,3312.629638671875,-0.3170461857661673,-0.00403708330028385,0.203280046317117,0.2042905079489011,2218.095693359375,2640.929530029297
2025-04-03,2295.0,2354.89990234375,2289.800048828125,2349.39990234375,2304.302490234375,608846,2304.302490234375,-0.16050253385590108,3312.629638671875,-0.3043887359655957,0.018533390599438038,0.20835417042177842,0.20666208994269203,2219.8425048828126,2638.1479626464843
2025-04-04,2349.39990234375,2363.949951171875,2302.800048828125,2356.050048828125,2310.824951171875,1163188,2310.824951171875,-0.16293191504038473,3312.629638671875,-0.3024197682121963,0.00283055760480333,0.2071930399117898,0.20427010751941682,2221.685439453125,2635.4141845703125
2025-04-07,2190.0,2354.0,2190.0,2341.35009765625,2296.4072265625,1745817,2296.4072265625,-0.17518079259980845,3312.629638671875,-0.30677211851452457,-0.006239211067053496,0.20848473798396536,0.20434188192233402,2222.96048828125,2632.739521484375
2025-04-08,2356.0,2420.0,2356.0,2394.199951171875,2348.24267578125,1876867,2348.24267578125,-0.15750155782995912,3312.629638671875,-0.29112429341098167,0.02257241164335766,0.21709770663571137,0.20678410743843095,2225.5458935546876,2630.20751953125
2025-04-09,2400.0,2429.449951171875,2390.89990234375,2411.14990234375,2364.8671875,1186937,2364.8671875,-0.1501029458138089,3312.629638671875,-0.2861057692980913,0.007079554379199271,0.21751845040497234,0.20659588666457454,2228.67759765625,2627.879315185547
2025-04-11,2439.5,2448.0,2380.25,2393.60009765625,2347.654296875,968152,2347.654296875,-0.1704410365630833,3312.629638671875,-0.29130191028048646,-0.007278586601388137,0.21826617284051236,0.20693251994296152,2231.655322265625,2625.4395922851563
2025-04-15,2414.89990234375,2425.0,2385.0,2415.699951171875,2369.329833984375,1141122,2369.329833984375,-0.15266309190758343,3312.629638671875,-0.2847586079878507,0.00923284877940822,0.21625117594481919,0.2074532533595201,2235.4323974609374,2623.2923217773437
2025-04-16,2405.10009765625,2468.5,2403.699951171875,2459.89990234375,2412.681396484375,1166695,2412.681396484375,-0.13971030606429213,3312.629638671875,-0.2716718560026874,0.018296972366695696,0.21943599606132871,0.2096266966439433,2239.5527587890624,2621.337821044922
2025-04-17,2459.89990234375,2476.39990234375,2431.0,2467.89990234375,2420.527587890625,885840,2420.527587890625,-0.1263850033822962,3312.629638671875,-0.2693032871428749,0.0032520627952299375,0.21199159176826024,0.2096291818671673,2242.8306005859376,2619.3368762207033
2025-04-21,2465.89990234375,2470.89990234375,2441.0,2445.0,2398.0673828125,541913,2398.0673828125,-0.14632325673015156,3312.629638671875,-0.2760834610614812,-0.00927905353795122,0.21352237675540653,0.20964230118520463,2244.671572265625,2617.046408691406
2025-04-22,2445.0,2450.0,2413.5,2432.0,2385.31689453125,543647,2385.31689453125,-0.13829391286432358,3312.629638671875,-0.2799325144335817,-0.0053169849907620526,0.20705788326601055,0.20815973695592688,2247.412919921875,2614.639561767578
2025-04-23,2437.0,2456.60009765625,2425.60009765625,2453.10009765625,2406.01220703125,744684,2406.01220703125,-0.12773138623076064,3312.629638671875,-0.2736851174235442,0.00867612707873211,0.20505228627091723,0.20861706599697666,2249.350009765625,2612.3469616699217
2025-04-24,2450.0,2491.0,2435.89990234375,2464.39990234375,2417.094970703125,1203452,2417.094970703125,-0.11925469341669992,3312.629638671875,-0.2703395083815632,0.004606279070192176,0.15811583626348008,0.2078340220390382,2253.0613720703127,2610.1100219726563
2025-04-25,2464.300048828125,2468.699951171875,2413.699951171875,2431.60009765625,2384.924560546875,702217,2384.924560546875,-0.12407477148375501,3312.629638671875,-0.2800509502465669,-0.013309535018763308,0.16484729035803167,0.2081499784527756,2256.3607958984376,2607.666455078125
2025-04-28,2419.89990234375,2459.800048828125,2405.0,2452.199951171875,2405.129150390625,554920,2405.129150390625,-0.11692151415632301,3312.629638671875,-0.27395169012769327,0.008471794109544906,0.16575949865165396,0.20824442599644125,2259.9152294921873,2605.319016113281
2025-04-29,2460.0,2472.0,2441.60009765625,2451.10009765625,2404.050537109375,1235066,2404.050537109375,-0.1276605734553966,3312.629638671875,-0.2742772964884703,-0.0004484637679746939,0.1659230870891419,0.2082043062216553,2263.4647607421875,2603.150993652344
2025-04-30,2450.0,2462.199951171875,2401.5,2425.699951171875,2379.137939453125,1479669,2379.137939453125,-0.14662488594969414,3312.629638671875,-0.2817977863631663,-0.010362759547561273,0.1614575826757181,0.206362658558984,2267.090791015625,2600.8248742675783
2025-05-02,2425.0,2444.89990234375,2398.0,2410.0,2363.7392578125,744673,2363.7392578125,-0.15003444853893944,3312.629638671875,-0.2864462630479305,-0.006472378665090983,0.1601207831522506,0.2065232639311935,2270.656015625,2597.974053955078
2025-05-05,2423.10009765625,2475.0,2423.10009765625,2436.89990234375,2390.122802734375,1229588,2390.122802734375,-0.13865507994101645,3312.629638671875,-0.27848173099947227,0.011161783108976087,0.1601687666707357,0.20350751947072132,2274.58904296875,2595.1298217773438
2025-05-06,2442.0,2449.89990234375,2391.10009765625,2418.0,2371.585693359375,702802,2371.585693359375,-0.14013677593215212,3312.629638671875,-0.2840776204881722,-0.007755714205894715,0.1630530286923076,0.20384348896309304,2278.2513623046875,2592.3050170898437
2025-05-07,2388.0,2405.699951171875,2318.5,2334.10009765625,2289.29638671875,1711738,2289.29638671875,-0.17693205028838666,3312.629638671875,-0.30891870313742875,-0.034698011069573154,0.18021509210471193,0.21226680908063433,2279.884404296875,2589.2775634765626
2025-05-08,2322.0,2349.10009765625,2293.5,2302.60009765625,2258.40087890625,2292261,2258.40087890625,-0.1902138397263482,3312.629638671875,-0.3182452838851899,-0.013495634725035566,0.1847949934957948,0.2135037426740445,2281.159453125,2586.0077551269533
2025-05-09,2246.60009765625,2331.800048828125,2245.0,2299.60009765625,2255.45849609375,1503010,2255.45849609375,-0.2183135654485986,3312.629638671875,-0.31913351563260606,-0.0013028611704778426,0.18410757519973278,0.2128967772199917,2282.3462255859376,2582.9332580566406
2025-05-12,2330.0,2378.5,2321.0,2356.39990234375,2311.16796875,940135,2311.16796875,-0.18652545596769932,3312.629638671875,-0.3023162197882733,0.024699843846709646,0.19574204360067482,0.21670823391592686,2284.45201171875,2580.0663208007813
2025-05-13,2354.0,2358.0,2315.10009765625,2324.60009765625,2279.978759765625,1220489,2279.978759765625,-0.19815994277522142,3312.629638671875,-0.31173146157089515,-0.013494998808435299,0.19967121161114695,0.21764138964019594,2285.7662890625,2577.1009606933594
2025-05-14,2319.0,2319.0,2277.10009765625,2282.300048828125,2238.490478515625,1549845,2238.490478515625,-0.20757557123681758,3312.629638671875,-0.3242557355693111,-0.018196784102613717,0.20636362600957336,0.2197620748972581,2286.47443359375,2574.1102770996094
2025-05-15,2285.0,2335.5,2268.0,2329.89990234375,2285.1767578125,1675015,2285.1767578125,-0.17121822566852252,3312.629638671875,-0.31016231602374644,0.020856143791968762,0.2146469239971986,0.2218605567707999,2288.5370654296876,2571.276163330078
2025-05-16,2333.89990234375,2355.0,2315.0,2353.60009765625,2308.422119140625,785113,2308.422119140625,-0.12163908610230512,3312.629638671875,-0.3031451230792781,0.01017223777051579,0.21666276403215134,0.2207431363254531,2291.28234375,2568.6140869140627
2025-05-19,2353.60009765625,2378.89990234375,2326.60009765625,2331.39990234375,2286.648193359375,552961,2286.648193359375,-0.1491230875255437,3312.629638671875,-0.30971812645009245,-0.009432384831486562,0.21620944742002968,0.22125974356183828,2294.25712890625,2565.6044799804686
2025-05-20,2347.5,2347.699951171875,2291.39990234375,2295.60009765625,2251.53515625,1095824,2251.53515625,-0.19361494488606346,3312.629638671875,-0.3203178737624581,-0.015355679641208653,0.22063070481606267,0.21715242625893202,2296.7915283203124,2562.397032470703
2025-05-21,2296.0,2316.199951171875,2290.0,2312.39990234375,2268.0126953125,469330,2268.0126953125,-0.18400105265478672,3312.629638671875,-0.31534371701697106,0.0073183574401494145,0.21473035433031845,0.21669022243862612,2300.3283056640626,2559.025477294922
2025-05-22,2309.199951171875,2310.0,2283.10009765625,2299.199951171875,2255.06591796875,916504,2255.06591796875,-0.17353482557417488,3312.629638671875,-0.3192520251455371,-0.005708423665576556,0.21502601857448708,0.21474472224593516,2302.9774560546875,2555.2004748535155
2025-05-23,2301.800048828125,2329.0,2295.0,2315.5,2271.05322265625,458035,2271.05322265625,-0.16777917412167886,3312.629638671875,-0.31442585789132216,0.007089506590521655,0.2155253184560554,0.21477244201048953,2303.915107421875,2551.3824633789063
2025-05-26,2316.0,2338.0,2302.800048828125,2327.199951171875,2282.528564453125,1258062,2282.528564453125,-0.16233874040765983,3312.629638671875,-0.31096173933641014,0.005052872245527196,0.20511250227548342,0.213898668276214,2305.0371435546876,2547.585847167969
2025-05-27,2313.10009765625,2351.60009765625,2301.10009765625,2327.60009765625,2282.921142578125,2485428,2282.921142578125,-0.17450404977317246,3312.629638671875,-0.310843229823479,0.00017199264496126077,0.2037602489572495,0.20800746967205047,2305.998330078125,2543.856304931641
2025-05-28,2327.60009765625,2333.0,2300.300048828125,2303.199951171875,2258.989501953125,774808,2258.989501953125,-0.19276757049134563,3312.629638671875,-0.3180675933157392,-0.010482902882039014,0.20481417155375858,0.2085661122804333,2306.3082666015625,2539.9662268066404
2025-05-29,2303.199951171875,2309.0,2286.5,2294.300048828125,2250.26025390625,1414643,2250.26025390625,-0.2008715527049051,3312.629638671875,-0.3207027348797007,-0.0038642269206331514,0.20252064557842225,0.20852148006335056,2307.1517578125,2536.0339697265626
2025-05-30,2296.5,2304.0,2255.0,2259.10009765625,2215.736083984375,3610431,2215.736083984375,-0.20519423038052986,3312.629638671875,-0.33112471792266973,-0.015342300901393102,0.19714288322212992,0.20988678195056742,2307.6970849609374,2532.3993176269532
2025-06-02,2259.10009765625,2272.300048828125,2257.89990234375,2266.699951171875,2223.190185546875,702789,2223.190185546875,-0.20184018251592584,3312.629638671875,-0.3288745111758966,0.003364164900494737,0.19717285403670712,0.20716107862465336,2308.6219873046875,2528.629610595703
2025-06-03,2272.60009765625,2287.300048828125,2246.699951171875,2255.699951171875,2212.401123046875,792587,2212.401123046875,-0.2163269234743943,3312.629638671875,-0.3321314591830169,-0.004852964253863834,0.1963158645377755,0.20681760808746627,2309.3311083984377,2524.7442724609373
2025-06-04,2249.5,2261.0,2240.89990234375,2249.0,2205.829833984375,768079,2205.829833984375,-0.21567751024623516,3312.629638671875,-0.33411516692558685,-0.002970206891528826,0.19615226164226526,0.2063408329691439,2308.7092822265627,2520.9712329101562
2025-06-05,2251.10009765625,2261.0,2233.0,2243.5,2200.435302734375,996614,2200.435302734375,-0.2131325311512976,3312.629638671875,-0.335743640929147,-0.002445579059131675,0.19325808446411263,0.20637816830325642,2307.852060546875,2517.159962158203
2025-06-06,2249.10009765625,2252.60009765625,2239.0,2245.199951171875,2202.1025390625,822087,2202.1025390625,-0.21185299930699286,3312.629638671875,-0.3352403439989192,0.0007576847753956173,0.19227839487729323,0.20610671644561473,2306.769248046875,2513.2478552246093
2025-06-09,2240.0,2255.800048828125,2236.0,2247.89990234375,2204.750732421875,1041851,2204.750732421875,-0.2068447203997914,3312.629638671875,-0.3344409206862555,0.001202574953890423,0.190124221239646,0.20586148907745577,2305.305888671875,2509.2111755371093
2025-06-10,2240.0,2240.0,2215.199951171875,2218.89990234375,2196.386474609375,1809051,2196.386474609375,-0.20742061386762112,3312.629638671875,-0.3369658808311674,-0.003793743070134803,0.1872496652895075,0.2058005963531201,2303.513408203125,2505.0009826660157
2025-06-11,2209.0,2225.89990234375,2207.199951171875,2208.800048828125,2186.38916015625,1430888,2186.38916015625,-0.23875912837497304,3312.629638671875,-0.3399838199138875,-0.004551710078665949,0.18715012695384722,0.20581550388000822,2301.670068359375,2500.5040991210935
2025-06-12,2224.0,2263.0,2208.10009765625,2219.39990234375,2196.881591796875,3417373,2196.881591796875,-0.22010979480188586,3312.629638671875,-0.3368164173409782,0.004798977159160112,0.18718988592210922,0.2054808097081771,2299.743310546875,2495.8880859375
2025-06-13,2175.0,2217.10009765625,2174.800048828125,2214.199951171875,2191.734375,1786807,2191.734375,-0.22802284077396662,3312.629638671875,-0.33837023329938964,-0.0023429650537810653,0.18682707611078553,0.20453973077125862,2297.6635888671876,2491.4027514648437
2025-06-16,2214.199951171875,2250.0,2209.300048828125,2244.800048828125,2222.023681640625,1301826,2222.023681640625,-0.2199786032973685,3312.629638671875,-0.3292266495171806,0.013819789015548478,0.18865947717871245,0.20229445069414864,2296.673193359375,2486.9871057128908
2025-06-17,2231.0,2281.0,2227.0,2264.800048828125,2241.821044921875,1540986,2241.821044921875,-0.21114455913907926,3312.629638671875,-0.3232503209079892,0.008909609490135084,0.19068932956185797,0.19944876960420424,2296.2621533203123,2482.695660400391
2025-06-18,2257.0,2284.0,2255.0,2281.39990234375,2258.25244140625,1131156,2258.25244140625,-0.20627875263134954,3312.629638671875,-0.31829009345226833,0.007329486232451554,0.16484323436752554,0.19535921292557168,2295.34115234375,2478.685625
2025-06-19,2270.0,2285.0,2264.0,2268.0,2244.98828125,524926,2244.98828125,-0.21207962599909513,3312.629638671875,-0.3222942115104428,-0.005873639241142703,0.16101854778631206,0.1901938968292935,2294.0244189453124,2474.6565100097655
2025-06-20,2267.0,2289.89990234375,2263.0,2285.699951171875,2262.5087890625,1945026,2262.5087890625,-0.2090833529130074,3312.629638671875,-0.31700520859627324,0.007804275843589004,0.1626069806131971,0.18206834094677207,2293.3464501953126,2470.6613916015626
2025-06-23,2261.199951171875,2272.800048828125,2253.89990234375,2264.10009765625,2241.1279296875,596186,2241.1279296875,-0.2157253741034546,3312.629638671875,-0.32345955505426494,-0.009450066880782981,0.147206042928296,0.18256579238484952,2291.2041552734377,2466.441140136719
2025-06-24,2305.0,2309.699951171875,2268.89990234375,2275.300048828125,2252.21435546875,1044179,2252.21435546875,-0.20454114314805127,3312.629638671875,-0.3201128405130961,0.004946806308730345,0.14323587192539883,0.18266367829858512,2288.9510986328123,2462.2572277832032
2025-06-25,2276.10009765625,2294.300048828125,2275.39990234375,2279.89990234375,2256.767578125,807368,2256.767578125,-0.20943966526572577,3312.629638671875,-0.31873833652294414,0.0020216648762556577,0.13298845530913905,0.18268678609643546,2287.1333642578124,2457.72009765625
2025-06-26,2287.0,2292.60009765625,2280.199951171875,2289.800048828125,2266.567138671875,921519,2266.567138671875,-0.19923664115553186,3312.629638671875,-0.3157800943963647,0.00434229942057951,0.11865285472805723,0.1814547940064931,2285.0781103515624,2453.1996520996095
2025-06-27,2283.0,2364.5,2277.10009765625,2358.699951171875,2334.76806640625,1555059,2334.76806640625,-0.17662258742499648,3312.629638671875,-0.2951919408224811,0.03008996582132495,0.14497266618212903,0.18782335810149994,2283.51984375,2448.846662597656
2025-06-30,2362.0,2369.89990234375,2326.10009765625,2341.10009765625,2317.346923828125,785414,2317.346923828125,-0.17201649816697206,3312.629638671875,-0.30045094785868864,-0.007461615921850462,0.1439176924782127,0.188265952216558,2281.45623046875,2444.372053222656
2025-07-01,2380.5,2400.0,2350.199951171875,2369.5,2345.458740234375,1232160,2345.458740234375,-0.16340627005600228,3312.629638671875,-0.2919646938935394,0.012131034899086623,0.13961369862522036,0.1891666577097092,2280.4040576171874,2439.9679943847655
2025-07-02,2340.0,2430.0,2327.0,2419.39990234375,2394.85205078125,1936030,2394.85205078125,-0.15097741796859954,3312.629638671875,-0.2770540893483605,0.02105912574780122,0.14997075223615977,0.1917267212177891,2280.5947607421876,2435.456458740234
2025-07-03,2428.89990234375,2464.39990234375,2425.0,2430.89990234375,2406.235595703125,1547480,2406.235595703125,-0.15752799317196964,3312.629638671875,-0.273617681973089,0.0047533395301648795,0.14844126942741484,0.19147477928209272,2280.599228515625,2430.9244885253906
2025-07-04,2430.89990234375,2443.0,2412.0,2424.199951171875,2399.603515625,602309,2399.603515625,-0.16293473305577,3312.629638671875,-0.27561974100217623,-0.0027562056225782783,0.1483699924811071,0.1915821002910758,2280.2493994140623,2426.4827294921874
2025-07-07,2423.300048828125,2465.10009765625,2421.0,2442.800048828125,2418.014892578125,869054,2418.014892578125,-0.15587792304930892,3312.629638671875,-0.27006180698559046,0.0076726746036333004,0.14904971723546045,0.19181978465991864,2280.9112060546877,2422.241954345703
2025-07-08,2440.5,2488.0,2437.300048828125,2484.60009765625,2459.390869140625,1136367,2459.390869140625,-0.14141890656053113,3312.629638671875,-0.25757143496226675,0.017111547447246744,0.1552351826854821,0.19363639593785484,2281.9964404296875,2418.3206591796875
2025-07-09,2520.5,2535.0,2492.89990234375,2498.89990234375,2473.545654296875,2328636,2473.545654296875,-0.13922849488561195,3312.629638671875,-0.2532984595016218,0.005755402825089018,0.1504668203271276,0.19348661278547039,2283.3863427734377,2414.656906738281
2025-07-10,2507.300048828125,2512.0,2445.10009765625,2451.199951171875,2426.32958984375,932859,2426.32958984375,-0.15594681390548726,3312.629638671875,-0.2675518079296867,-0.019088414386491892,0.16254985389366441,0.19565578408675355,2284.33017578125,2410.663077392578
2025-07-11,2447.5,2484.800048828125,2435.5,2439.199951171875,2414.451416015625,1050411,2414.451416015625,-0.1491384995399222,3312.629638671875,-0.27113753139525565,-0.004895531867494474,0.1552032085395907,0.19564737065289992,2285.3444189453126,2406.545725097656
2025-07-14,2431.10009765625,2448.60009765625,2391.0,2401.60009765625,2377.233154296875,891618,2377.233154296875,-0.16422969096792872,3312.629638671875,-0.28237279334070875,-0.015414790072756257,0.16402140135847687,0.19567159446449725,2285.0866259765626,2402.386701660156
2025-07-15,2409.89990234375,2415.0,2386.300048828125,2393.5,2369.215087890625,610228,2369.215087890625,-0.19246995240515563,3312.629638671875,-0.2847932469624015,-0.003372856546173142,0.16351684944945105,0.19543180515234335,2285.0392138671873,2398.329805908203
2025-07-16,2381.0,2422.39990234375,2371.0,2410.5,2386.042724609375,1200909,2386.042724609375,-0.1936236802531498,3312.629638671875,-0.2797134044945617,0.0071026209501865445,0.1632822382658436,0.19350251695715912,2286.974140625,2394.3749169921875
2025-07-17,2404.10009765625,2414.0,2394.0,2398.89990234375,2374.560302734375,526163,2374.560302734375,-0.19137660618743035,3312.629638671875,-0.28317966034790354,-0.004812328696620405,0.16406901926193196,0.19243087823890462,2289.2973291015624,2390.2044873046875
2025-07-18,2400.60009765625,2405.0,2372.300048828125,2382.39990234375,2358.2275390625,599552,2358.2275390625,-0.18535372379364579,3312.629638671875,-0.28811011302549994,-0.006878226530220077,0.16628891780891633,0.1760563693667476,2291.3527099609373,2385.7874108886717
2025-07-21,2382.39990234375,2408.0,2360.800048828125,2375.39990234375,2351.298583984375,390931,2351.298583984375,-0.19264907972034961,3312.629638671875,-0.290201791188744,-0.0029382046318056076,0.16696642321071317,0.17616130109875902,2292.155322265625,2381.2458544921874
2025-07-22,2375.39990234375,2380.800048828125,2361.300048828125,2365.199951171875,2341.2021484375,411317,2341.2021484375,-0.18435183983378056,3312.629638671875,-0.2932496524494803,-0.00429398274453352,0.1671286998982269,0.17627495054919787,2293.3797900390623,2376.9071655273438
2025-07-23,2363.0,2384.699951171875,2352.60009765625,2375.39990234375,2351.298583984375,368999,2351.298583984375,-0.1848662127462064,3312.629638671875,-0.290201791188744,0.004312500547470233,0.16599510090378797,0.1763003322563852,2295.6359521484374,2373.2458447265626
2025-07-24,2375.39990234375,2380.0,2341.0,2352.10009765625,2328.2353515625,506960,2328.2353515625,-0.18962958581973377,3312.629638671875,-0.2971640039736063,-0.009808721265333054,0.16958164320982855,0.17500901222563708,2296.4971240234377,2369.845192871094
2025-07-25,2340.0,2350.5,2325.800048828125,2336.199951171875,2312.496337890625,383636,2312.496337890625,-0.18477255660533665,3312.629638671875,-0.30191521838288904,-0.006760061289041275,0.17103987712933374,0.17471732358794792,2296.5786083984376,2366.416026611328
2025-07-28,2336.199951171875,2366.39990234375,2320.0,2359.60009765625,2335.6591796875,650364,2335.6591796875,-0.1810450282020135,3312.629638671875,-0.2949229360201189,0.010016379882358262,0.16906989310673345,0.17511753229424964,2297.558828125,2362.976365966797
2025-07-29,2359.0,2418.300048828125,2325.0,2401.5,2377.1337890625,1742815,2377.1337890625,-0.16322779082628414,3312.629638671875,-0.2824027892186708,0.01775713243425736,0.17420650633167317,0.17738189390127293,2300.07080078125,2359.7891174316405
2025-07-30,2409.0,2443.800048828125,2366.5,2415.800048828125,2391.288818359375,1685818,2391.288818359375,-0.17215467653900185,3312.629638671875,-0.27812974005808,0.005954662443487191,0.17388721594553466,0.1718372030634831,2302.5363232421873,2356.769334716797
2025-07-31,2401.39990234375,2417.199951171875,2373.5,2396.10009765625,2371.788818359375,1274735,2371.788818359375,-0.18016985730342605,3312.629638671875,-0.2840163021332228,-0.008154598411654335,0.17490369933104868,0.17245095659133883,2304.87078125,2353.759266357422
2025-08-01,2378.0,2472.0,2378.0,2431.0,2406.33447265625,2225293,2406.33447265625,-0.18216529074015597,3312.629638671875,-0.2735878334950187,0.014565231958876934,0.17796073962755693,0.17380891775511512,2307.57640625,2350.9123779296874
2025-08-04,2443.199951171875,2467.0,2439.60009765625,2449.800048828125,2424.94384765625,1165898,2424.94384765625,-0.19705611683310975,3312.629638671875,-0.2679701288223464,0.0077334947454157366,0.1752027230489751,0.17356747885265605,2310.4247119140623,2348.0217041015626
2025-08-05,2461.89990234375,2463.699951171875,2409.10009765625,2436.800048828125,2412.07568359375,659094,2412.07568359375,-0.20515667441596097,3312.629638671875,-0.2718547055683478,-0.005306582284343331,0.17656978711499438,0.17379598243786135,2313.007802734375,2344.993254394531
2025-08-06,2440.0,2505.60009765625,2440.0,2491.199951171875,2465.923828125,2019109,2465.923828125,-0.18933466030735768,3312.629638671875,-0.25559929811119564,0.022324400887380857,0.18580707226965798,0.177399159296306,2317.1464892578124,2342.362557373047
2025-08-07,2484.10009765625,2510.0,2466.89990234375,2506.5,2481.068603515625,1502806,2481.068603515625,-0.18084906069488793,3312.629638671875,-0.2510274693701182,0.006141623361553883,0.1859910419624486,0.1773740748841774,2321.76265625,2340.119434814453
2025-08-08,2506.5,2511.699951171875,2468.5,2475.60009765625,2450.482177734375,1178226,2450.482177734375,-0.19312543927351844,3312.629638671875,-0.2602607459864299,-0.012327924241155475,0.17262224059784648,0.17875692281797267,2326.457578125,2337.4440844726564
2025-08-11,2463.89990234375,2504.199951171875,2452.0,2489.10009765625,2463.84521484375,721135,2463.84521484375,-0.18864696992877927,3312.629638671875,-0.2562267794501851,0.005453227626299295,0.17073295411335426,0.17789002095446974,2331.2706787109373,2335.042879638672
2025-08-12,2489.10009765625,2502.800048828125,2474.0,2478.300048828125,2453.15478515625,608984,2453.15478515625,-0.16634970972762164,3312.629638671875,-0.2594539526791809,-0.004338920977297711,0.16898939645990632,0.17791476955818922,2336.085751953125,2332.6721826171874
2025-08-13,2479.800048828125,2504.39990234375,2461.199951171875,2500.199951171875,2474.832275390625,350844,2474.832275390625,-0.1687192187910923,3312.629638671875,-0.2529100607869783,0.008836576625960602,0.1602143790357649,0.17593197158186397,2341.46580078125,2330.496525878906
2025-08-14,2505.0,2534.89990234375,2497.699951171875,2528.699951171875,2503.043212890625,1088550,2503.043212890625,-0.16271303625748723,3312.629638671875,-0.24439388464381295,0.011399131076689661,0.16265433280429556,0.17678668605588696,2347.517958984375,2328.5304626464845
2025-08-18,2550.0,2595.0,2536.60009765625,2587.39990234375,2561.147705078125,1755615,2561.147705078125,-0.13487533722091782,3312.629638671875,-0.2268535923306657,0.023213539378091008,0.17395684564027797,0.18023164104611203,2354.6988623046873,2326.6402478027344
2025-08-19,2587.39990234375,2595.0,2561.199951171875,2579.39990234375,2553.228759765625,698587,2553.228759765625,-0.13820574172142208,3312.629638671875,-0.22924412377434222,-0.0030919518217550346,0.17382892494798213,0.17672768626424346,2361.6684228515624,2324.7544970703125
2025-08-20,2578.0,2579.300048828125,2563.39990234375,2570.10009765625,2544.023193359375,308028,2544.023193359375,-0.14759497440000136,3312.629638671875,-0.23202305393266232,-0.0036054608781295183,0.16833057592974582,0.1765898486799684,2368.6211572265624,2322.8041186523437
2025-08-21,2574.89990234375,2576.0,2559.300048828125,2566.60009765625,2540.558837890625,781082,2540.558837890625,-0.15654524046065388,3312.629638671875,-0.2330688561643114,-0.0013617625333735006,0.1679138399487764,0.17609336657551253,2375.70455078125,2321.1350512695312
2025-08-22,2562.800048828125,2569.300048828125,2501.10009765625,2504.5,2479.0888671875,523774,2479.0888671875,-0.1840875363558343,3312.629638671875,-0.2516251022310374,-0.024195452506883153,0.17375925021934294,0.18046499928934243,2381.3486962890624,2319.1380712890623
2025-08-25,2516.0,2522.5,2476.0,2492.89990234375,2467.6064453125,766497,2467.6064453125,-0.20032609408577073,3312.629638671875,-0.2550913580843792,-0.00463171047515798,0.1736861008459096,0.1781503444110284,2386.8661376953123,2317.2038671875
2025-08-26,2481.10009765625,2523.300048828125,2468.0,2481.39990234375,2456.22314453125,7106393,2456.22314453125,-0.2127702444431142,3312.629638671875,-0.2585276917597049,-0.004613094119150896,0.16764853036966818,0.17826896142203602,2391.550126953125,2315.34982421875
2025-08-28,2465.0,2528.0,2465.0,2489.0,2463.74609375,1485769,2463.74609375,-0.2023617323480662,3312.629638671875,-0.25625670162820136,0.003062811795214948,0.16717878270130745,0.17760088865318321,2395.9886279296875,2313.4844409179686
2025-08-29,2491.0,2531.60009765625,2490.0,2518.60009765625,2493.0458984375,1798653,2493.0458984375,-0.1971261856355513,3312.629638671875,-0.24741182372653314,0.011892379966355948,0.16917332656671458,0.17837564445452211,2400.6844970703123,2312.032122802734
2025-09-01,2518.0,2577.800048828125,2515.10009765625,2570.199951171875,2544.122314453125,1314833,2544.122314453125,-0.1793445309047822,3312.629638671875,-0.2319931317546461,0.02048755542272085,0.1766715879513342,0.18097460700168191,2406.667177734375,2311.1945251464845
2025-09-02,2569.0,2571.89990234375,2531.0,2540.0,2514.228515625,1024054,2514.228515625,-0.17842637267395,3312.629638671875,-0.2410173216245738,-0.011750142144620446,0.17942842149793295,0.18203750030636504,2411.701572265625,2311.315584716797
2025-09-03,2530.0,2565.10009765625,2527.300048828125,2553.89990234375,2527.987548828125,925847,2527.987548828125,-0.1713720327496776,3312.629638671875,-0.23686381377615606,0.005472467246957713,0.17899118825911586,0.18071051824544287,2417.4387646484374,2311.8395678710935
2025-09-04,2553.89990234375,2583.0,2553.0,2568.60009765625,2542.53857421875,933071,2542.53857421875,-0.16952095117422705,3312.629638671875,-0.2324712233033922,0.00575597193798294,0.17805394336764738,0.18043723136298034,2423.2452490234373,2312.4576013183596
2025-09-05,2565.0,2602.0,2565.0,2579.89990234375,2553.723876953125,1153436,2553.723876953125,-0.17226050080359967,3312.629638671875,-0.22909466028415304,0.0043992656975959665,0.17806046434752967,0.1805335970917119,2429.184375,2313.0696325683593
2025-09-08,2579.89990234375,2589.60009765625,2526.39990234375,2530.800048828125,2505.1220703125,742880,2505.1220703125,-0.1890175965583487,3312.629638671875,-0.24376632960487765,-0.01903173913172329,0.1855906533114372,0.1826133133550656,2433.9554736328123,2313.4359631347656
2025-09-09,2540.0,2551.60009765625,2524.800048828125,2537.300048828125,2511.55615234375,702450,2511.55615234375,-0.20625711727839668,3312.629638671875,-0.24182404123187695,0.0025683706624513025,0.1834993093886319,0.18224270714023283,2437.4912353515624,2313.8136206054687
2025-09-10,2537.300048828125,2555.0,2525.10009765625,2543.300048828125,2517.4951171875,520584,2517.4951171875,-0.20600187510472,3312.629638671875,-0.24003121634906532,0.00236465541023545,0.18222768920519053,0.18141079290743944,2441.49419921875,2314.4933923339845
2025-09-11,2541.0,2559.5,2535.699951171875,2555.89990234375,2529.96728515625,423961,2529.96728515625,-0.21070875795051613,3312.629638671875,-0.23626618091523688,0.004954197481297884,0.17664553867598964,0.18099114374200548,2445.1843701171874,2315.019501953125
2025-09-12,2560.0,2568.300048828125,2537.199951171875,2546.300048828125,2520.46484375,547539,2520.46484375,-0.21536303416778313,3312.629638671875,-0.2391347302077137,-0.003755954261544181,0.17706436362362446,0.1709429910479663,2447.6966259765627,2315.5593994140627
2025-09-15,2535.10009765625,2543.5,2498.0,2502.60009765625,2477.208251953125,583051,2477.208251953125,-0.23217589909014158,3312.629638671875,-0.25219281291394036,-0.017162148444219927,0.18328685686771912,0.17193822172631779,2449.1160791015627,2315.6608618164064
2025-09-16,2495.0,2509.89990234375,2474.5,2480.89990234375,2455.72802734375,760790,2455.72802734375,-0.2551988261675312,3312.629638671875,-0.258677155249894,-0.008671142037589785,0.1812716209004237,0.17266858813000316,2450.2385693359374,2315.7191662597656
2025-09-17,2482.0,2496.89990234375,2480.800048828125,2493.60009765625,2468.29931640625,359627,2468.29931640625,-0.2548821976380494,3312.629638671875,-0.2548821976380494,0.005119169925383638,0.1805521674169398,0.16810855231820962,2451.2442578125,2316.006328125
2025-09-18,2497.89990234375,2506.199951171875,2469.300048828125,2478.699951171875,2453.550537109375,400796,2453.550537109375,-0.2537761932182486,3312.629638671875,-0.2593344850669538,-0.0059752799017700475,0.1807542668365965,0.16676528215266653,2451.127451171875,2316.114063720703
2025-09-19,2475.0,2509.5,2468.5,2481.699951171875,2456.52001953125,3731525,2456.52001953125,-0.24788970620333095,3312.629638671875,-0.2584380726255481,0.0012102797056601222,0.16869066380001096,0.16361473584791097,2450.7869384765627,2316.239345703125
2025-09-22,2494.10009765625,2503.0,2474.10009765625,2482.699951171875,2457.510009765625,872806,2457.510009765625,-0.242362744515087,3312.629638671875,-0.2581392193451155,0.0004030051562795567,0.16767048222478004,0.16015991761147869,2451.410546875,2316.4169006347656
2025-09-23,2472.10009765625,2483.800048828125,2428.0,2446.89990234375,2422.072998046875,1332111,2422.072998046875,-0.24458849390645188,3312.629638671875,-0.2688367664856277,-0.014419884996574095,0.16908210295101622,0.16139233075705728,2451.562978515625,2316.4660656738283
2025-09-24,2446.0,2475.0,2443.199951171875,2457.199951171875,2432.268798828125,637749,2432.268798828125,-0.24583044757562666,3312.629638671875,-0.26575890934692925,0.004209534885807109,0.168750312581211,0.1606072388129152,2452.66369140625,2316.6017639160154
2025-09-25,2458.5,2462.699951171875,2388.0,2404.0,2379.6083984375,1518215,2379.6083984375,-0.26508158927166825,3312.629638671875,-0.28165576656750835,-0.021650732195387712,0.1794065072839745,0.16272464644052573,2452.8715576171876,2316.584501953125
2025-09-26,2397.5,2400.0,2339.0,2342.800048828125,2319.029541015625,1089446,2319.029541015625,-0.27734428344506434,3312.629638671875,-0.2999430078318721,-0.025457490174287667,0.1903459479668442,0.16808523478308862,2451.5312939453124,2316.449959716797
2025-09-29,2342.89990234375,2363.699951171875,2329.199951171875,2342.60009765625,2318.83154296875,950369,2318.83154296875,-0.27094392769138165,3312.629638671875,-0.30000277848795864,-8.537970016042618e-05,0.186134574218893,0.16777893303704605,2450.41671875,2316.3288952636717
2025-09-30,2352.0,2388.800048828125,2340.0,2350.0,2326.156494140625,778874,2326.156494140625,-0.267818231446585,3312.629638671875,-0.2977915590125416,0.0031588975033938205,0.17049918174141035,0.16746149437721855,2449.7752978515623,2316.1051818847654
2025-10-01,2353.39990234375,2357.0,2321.199951171875,2335.800048828125,2312.1005859375,648279,2312.1005859375,-0.27941555010171115,3312.629638671875,-0.3020346859951162,-0.006042546251093017,0.1707052852000823,0.16760299839258186,2448.991337890625,2315.947274169922
2025-10-03,2342.199951171875,2362.699951171875,2336.10009765625,2357.800048828125,2333.877197265625,659872,2333.877197265625,-0.2800325867997854,3312.629638671875,-0.29546087192489745,0.00941853977312812,0.17459542251053992,0.1683115961798509,2448.8448388671877,2315.8094885253904
2025-10-06,2355.0,2359.199951171875,2334.10009765625,2354.800048828125,2330.90771484375,362107,2330.90771484375,-0.2849120561632589,3312.629638671875,-0.29635728436630315,-0.001272338761162728,0.17460206439272408,0.16734354847373442,2448.437021484375,2315.6833374023436
2025-10-07,2355.0,2371.39990234375,2346.0,2352.800048828125,2328.927978515625,498524,2328.927978515625,-0.27423759215168686,3312.629638671875,-0.29695491722722234,-0.0008493413598134048,0.16243911564855112,0.1672018420326375,2448.4508740234373,2315.7740979003906
2025-10-08,2360.0,2369.39990234375,2320.0,2328.5,2304.87451171875,701799,2304.87451171875,-0.25252874581570806,3312.629638671875,-0.3042160569924629,-0.010328128228424549,0.16406290013832708,0.16606869353292214,2448.2984375,2315.7963293457033
2025-10-09,2328.5,2341.0,2323.800048828125,2336.39990234375,2312.6943359375,587567,2312.6943359375,-0.2312456166747252,3312.629638671875,-0.3018554477268025,0.003392733174405471,0.16468758049103602,0.16607009920451044,2447.839140625,2316.120515136719
2025-10-10,2338.89990234375,2357.800048828125,2336.60009765625,2340.199951171875,2316.455810546875,1117236,2316.455810546875,-0.22741788681490782,3312.629638671875,-0.3007199526610508,0.0016264469328801656,0.16435974576510273,0.16583330039464234,2446.6255810546877,2316.510096435547
2025-10-13,2340.199951171875,2366.60009765625,2337.0,2342.5,2318.732666015625,667732,2318.732666015625,-0.23311968141155615,3312.629638671875,-0.30003262696602895,0.0009829047713250105,0.15931027495876948,0.16572660018549898,2445.1744580078125,2316.9265100097655
2025-10-14,2342.39990234375,2355.0,2308.0,2318.10009765625,2294.580322265625,353345,2294.580322265625,-0.23884001712378966,3312.629638671875,-0.30732361520933993,-0.010416182988227773,0.14535720840342045,0.16667648149720238,2443.6302880859375,2317.198621826172
2025-10-15,2330.0,2384.0,2325.0,2375.10009765625,2351.001953125,753640,2351.001953125,-0.21508869240597384,3312.629638671875,-0.29029133662295503,0.02458908512022151,0.16414680698015327,0.17147400850897251,2442.5236376953126,2317.85876953125
2025-10-16,2377.0,2420.800048828125,2366.89990234375,2409.699951171875,2385.250732421875,715890,2385.250732421875,-0.19791218809764144,3312.629638671875,-0.27995248711890774,0.014567737492242827,0.16985042233971379,0.173017649539501,2441.729775390625,2318.646024169922
2025-10-17,2421.0,2544.0,2421.0,2507.800048828125,2482.35546875,3719960,2482.35546875,-0.1657944932923341,3312.629638671875,-0.25063899695552894,0.04071049429236706,0.2091677171221645,0.18517428641311232,2443.13537109375,2319.8361694335936
2025-10-20,2507.800048828125,2537.10009765625,2500.699951171875,2516.0,2490.471923828125,714986,2490.471923828125,-0.17069372982315512,3312.629638671875,-0.24818884225565763,0.0032696586690752483,0.2089532358960397,0.18492148850522153,2443.6263330078127,2321.100734863281
2025-10-21,2513.0,2519.199951171875,2484.0,2504.60009765625,2479.187744140625,107942,2479.187744140625,-0.17846908865209665,3312.629638671875,-0.2515952537529671,-0.004530940332848621,0.20204233964640128,0.18511123606392635,2443.5887158203127,2322.194616699219
2025-10-23,2518.89990234375,2546.0,2496.800048828125,2502.39990234375,2477.010009765625,811738,2477.010009765625,-0.17213981879632567,3312.629638671875,-0.2522526572699727,-0.0008784063974771605,0.201868600432828,0.18504334758700067,2444.1192724609373,2323.0883129882814
2025-10-24,2495.0,2506.699951171875,2486.300048828125,2501.60009765625,2476.21826171875,327596,2476.21826171875,-0.15478578666057552,3312.629638671875,-0.2524916661943728,-0.00031963861419759265,0.20170084709871133,0.18387104105786087,2444.3667333984376,2324.0138513183592
2025-10-27,2501.60009765625,2530.0,2499.60009765625,2518.800048828125,2493.243896484375,550089,2493.243896484375,-0.16489691321044664,3312.629638671875,-0.2473520530704466,0.006875659964565184,0.202226341362975,0.18366314972543774,2445.168515625,2325.3619140625
2025-10-28,2515.0,2528.60009765625,2492.0,2509.300048828125,2483.840087890625,1103957,2483.840087890625,-0.15632901530536136,3312.629638671875,-0.25019082758479894,-0.0037717162797470394,0.2022286131219422,0.18356165341939185,2445.348671875,2326.5381506347658
2025-10-29,2520.0,2550.800048828125,2512.5,2538.699951171875,2512.94189453125,615292,2512.94189453125,-0.14154788282461084,3312.629638671875,-0.24140572033921726,0.011716457425139382,0.198730986026682,0.184022162414153,2445.5466455078126,2327.655152587891
2025-10-30,2535.5,2538.699951171875,2513.300048828125,2523.5,2497.896240234375,736486,2497.896240234375,-0.1416056817854806,3312.629638671875,-0.24594762690227856,-0.005987267087081416,0.19779857159059977,0.1840931619751682,2444.2816162109375,2328.6191979980467
2025-10-31,2523.39990234375,2530.0,2505.300048828125,2510.800048828125,2485.324951171875,609128,2485.324951171875,-0.14188349654018562,3312.629638671875,-0.24974258451412312,-0.00503275070437692,0.19799015277549756,0.18351935731597552,2442.9235400390626,2329.6648095703126
2025-11-03,2496.199951171875,2515.300048828125,2495.0,2512.199951171875,2486.710693359375,425210,2486.710693359375,-0.15394713398413895,3312.629638671875,-0.24932426362146354,0.0005575698207378466,0.1970931120294289,0.18341361845477366,2441.7772900390623,2331.0513146972658
2025-11-04,2510.0,2521.0,2479.699951171875,2486.699951171875,2461.46923828125,527087,2461.46923828125,-0.1600167360502921,3312.629638671875,-0.2569440273232231,-0.010150539483958054,0.1994840375107065,0.18438136438781175,2440.195498046875,2332.373894042969
2025-11-06,2560.10009765625,2631.0,2560.10009765625,2602.89990234375,2576.490478515625,4448622,2576.490478515625,-0.12188014563737315,3312.629638671875,-0.22222199293350176,0.04672869294709936,0.24089482862135464,0.19955364208654966,2442.1435302734376,2334.321845703125
2025-11-07,2602.89990234375,2618.89990234375,2585.0,2613.800048828125,2587.27978515625,791663,2587.27978515625,-0.099880077418397,3312.629638671875,-0.21896497122643566,0.004187598103153389,0.23607198154069223,0.19366718482549194,2444.5369970703123,2336.392889404297
2025-11-10,2613.800048828125,2666.800048828125,2611.10009765625,2650.39990234375,2623.508544921875,1706880,2623.508544921875,-0.08858004487427518,3312.629638671875,-0.20802841516152337,0.014002644775210182,0.23845196642788408,0.19427393764530476,2447.882705078125,2338.4224353027344
2025-11-11,2650.39990234375,2664.89990234375,2633.39990234375,2657.199951171875,2630.239501953125,776404,2630.239501953125,-0.07854682283744463,3312.629638671875,-0.20599650765436583,0.0025656318308087123,0.22707911670088174,0.1934429072230241,2451.2125732421873,2340.3897619628906
2025-11-12,2660.0,2838.699951171875,2642.10009765625,2769.800048828125,2741.697265625,2859196,2741.697265625,-0.030185183809832594,3312.629638671875,-0.1723501976743098,0.04237551887921631,0.2369554740433561,0.20266218707327466,2456.1856005859377,2343.013438720703
2025-11-13,2858.89990234375,2897.10009765625,2840.0,2879.39990234375,2850.184814453125,5933630,2850.184814453125,0.004710220449436253,3312.629638671875,-0.13960052123549704,0.03956948500052371,0.25567250226432836,0.21234624796091653,2462.3068505859374,2346.1709716796877
2025-11-14,2865.10009765625,2909.89990234375,2862.0,2906.39990234375,2876.9111328125,2494076,2876.9111328125,0.033555341056752175,3312.629638671875,-0.13153251446306158,0.009377047489639079,0.25549078573060835,0.2125519989569869,2469.5605029296876,2349.3922534179687
2025-11-17,2906.39990234375,2926.89990234375,2880.0,2887.89990234375,2858.5986328125,1230683,2858.5986328125,0.054194762978098776,3312.629638671875,-0.13706060000157716,-0.006365333913563531,0.2556381815597391,0.21280875205612937,2476.172724609375,2352.5903845214843
2025-11-18,2886.0,2916.0,2862.10009765625,2906.0,2881.00439453125,1819066,2881.00439453125,0.15702216311465667,3312.629638671875,-0.13029686117089612,0.007838022960469093,0.25556111516743335,0.2114996953381953,2482.942041015625,2355.9539965820313
2025-11-19,2914.0,2916.0,2887.199951171875,2893.699951171875,2868.81005859375,1387906,2868.81005859375,0.183897660444577,3312.629638671875,-0.13397802606634424,-0.004232668287714958,0.2565527709693287,0.21163732384253658,2489.2437646484377,2359.3042065429686
2025-11-20,2897.39990234375,2906.10009765625,2852.5,2859.800048828125,2835.201904296875,1062883,2835.201904296875,0.17208835939238654,3312.629638671875,-0.14412348691247412,-0.01171501549787135,0.26135481355674506,0.20993590315516034,2495.845361328125,2362.5778356933592
2025-11-21,2869.0,2895.60009765625,2854.10009765625,2876.60009765625,2851.857421875,857340,2851.857421875,0.17296785506749535,3312.629638671875,-0.1390956029064605,0.005874543732805382,0.25634872210447723,0.20973422631783842,2502.65138671875,2365.803806152344
2025-11-24,2876.0,2896.5,2864.5,2879.199951171875,2854.434814453125,5404326,2854.434814453125,0.17376804584172367,3312.629638671875,-0.13831755257809408,0.0009037592687330953,0.25677504605828705,0.20767901928548108,2509.3901806640624,2368.792802734375
2025-11-25,2899.89990234375,2908.5,2869.0,2875.800048828125,2851.064208984375,972417,2851.064208984375,0.17037575928619453,3312.629638671875,-0.1393350540305358,-0.0011808311234445812,0.25742919388521796,0.20754725899306656,2515.812119140625,2371.518029785156
2025-11-26,2880.0,2896.199951171875,2857.60009765625,2874.0,2849.27978515625,570376,2849.27978515625,0.1964018501267737,3312.629638671875,-0.13987372693477285,-0.0006258799161736883,0.2578017332346437,0.2074271786089232,2522.38841796875,2374.5231811523436
2025-11-27,2880.0,2914.5,2871.39990234375,2879.10009765625,2854.3359375,1158685,2854.3359375,0.17716935684189616,3312.629638671875,-0.1383474010561645,0.0017745369795170163,0.25301509378270726,0.2071021249460521,2529.9309716796874,2377.249072265625
2025-11-28,2880.0,2889.89990234375,2855.800048828125,2874.39990234375,2849.676025390625,748446,2849.676025390625,0.1812200325050548,3312.629638671875,-0.13975411192265397,-0.0016325731138208122,0.2489367140111746,0.2066415733530397,2537.809931640625,2380.3398181152343
2025-12-01,2877.699951171875,2887.5,2848.0,2867.60009765625,2842.934814453125,499153,2842.934814453125,0.157115293673878,3312.629638671875,-0.1417891148275373,-0.002365606082037286,0.2490346755256494,0.20660356877285563,2545.3026416015623,2383.454725341797
2025-12-02,2867.0,2962.0,2861.199951171875,2954.39990234375,2928.988037109375,2102147,2928.988037109375,0.1984073558228887,3312.629638671875,-0.11581180011307046,0.030269150815124712,0.23797599748445358,0.21156541165729956,2554.8113916015627,2386.9626281738283
2025-12-03,2969.0,2969.199951171875,2932.60009765625,2953.5,2928.095947265625,1252456,2928.095947265625,0.21454066775892966,3312.629638671875,-0.11608109971521607,-0.00030457271673611785,0.2385097752847511,0.21159934050308954,2564.24291015625,2390.4702380371095
2025-12-04,2950.0,2985.699951171875,2934.0,2957.199951171875,2931.763916015625,1466098,2931.763916015625,0.20549333703826922,3312.629638671875,-0.11497383172872588,0.0012526805186918732,0.23697654075640348,0.21058048016411446,2573.72798828125,2394.139875488281
2025-12-05,2955.0,2973.5,2941.0,2968.5,2942.966796875,944978,2942.966796875,0.21036842541249245,3312.629638671875,-0.1115919623133853,0.0038212083852235956,0.23623140025998793,0.2099851325655652,2584.1458642578127,2397.9273193359377
2025-12-08,2970.0,2974.5,2914.800048828125,2928.300048828125,2903.112548828125,983544,2903.112548828125,0.19864315416105716,3312.629638671875,-0.12362296257420935,-0.013542201050040559,0.2422716442521732,0.21137822479936608,2593.5627392578126,2401.4755249023438
2025-12-09,2910.0,2913.5,2788.5,2796.0,2771.95068359375,1839391,2771.95068359375,0.14911894953056692,3312.629638671875,-0.16321744778414116,-0.04517973830787925,0.28310100852074277,0.22435717797421506,2601.4095849609375,2404.3929296875
2025-12-10,2810.0,2824.0,2796.699951171875,2804.5,2780.37744140625,845073,2780.37744140625,0.1560200170351267,3312.629638671875,-0.16067362045309108,0.0030400100053638024,0.28222772140354696,0.22425759385128816,2610.63654296875,2407.2565954589845
2025-12-11,2800.0,2811.60009765625,2763.199951171875,2779.39990234375,2755.4931640625,777422,2755.4931640625,0.1562832028670782,3312.629638671875,-0.16818556113406824,-0.00894996376145396,0.2836180042175363,0.22436122908313183,2619.369775390625,2410.060819091797
2025-12-12,2795.0,2797.0,2746.0,2764.800048828125,2741.01904296875,977696,2741.01904296875,0.16841069826272603,3312.629638671875,-0.1725549361238884,-0.005252824170469128,0.283418532431813,0.22360948356370847,2627.6670263671876,2412.7853149414063
2025-12-15,2773.10009765625,2802.0,2758.699951171875,2780.199951171875,2756.286376953125,1029674,2756.286376953125,0.17636965711552754,3312.629638671875,-0.16794611000999293,0.005569948163453464,0.2823888555329167,0.22346921848494442,2636.5507421875,2415.537353515625
2025-12-16,2793.0,2808.0,2776.10009765625,2790.89990234375,2766.894287109375,916244,2766.894287109375,0.16702317931156418,3312.629638671875,-0.16474384736269532,0.0038486240925286186,0.28224108469934794,0.22320211422691055,2645.211083984375,2418.300500488281
2025-12-17,2800.0,2806.5,2772.0,2785.699951171875,2761.739013671875,636499,2761.739013671875,0.17837610297464868,3312.629638671875,-0.1663000954193199,-0.0018631985549710794,0.27971354245760516,0.22050349037068231,2653.8277099609377,2421.093779296875
2025-12-18,2780.0,2793.800048828125,2755.300048828125,2759.699951171875,2735.962646484375,417994,2735.962646484375,0.15860204798481448,3312.629638671875,-0.17408133570244266,-0.009333382720052574,0.25100240495287257,0.22107192497083392,2661.9684033203125,2423.8633666992187
2025-12-19,2766.39990234375,2812.39990234375,2759.699951171875,2799.89990234375,2775.81689453125,3895542,2775.81689453125,0.17812155564013166,3312.629638671875,-0.1620503354416185,0.014566810003084907,0.25353367064496596,0.22099875178363454,2671.3872509765624,2426.88666015625
2025-12-22,2785.800048828125,2823.10009765625,2780.300048828125,2807.60009765625,2783.450927734375,463953,2783.450927734375,0.2045525285004508,3312.629638671875,-0.159745811834752,0.002750193364038145,0.2511725031100242,0.2209074621569949,2680.8023828125,2430.1143701171877
2025-12-23,2798.0,2819.0,2783.10009765625,2807.800048828125,2783.649169921875,431068,2783.649169921875,0.21005695483411402,3312.629638671875,-0.15968596747871966,7.122172894247214e-05,0.25123593348169077,0.22070333140269283,2690.14625,2433.4085400390627
2025-12-24,2807.800048828125,2824.699951171875,2782.0,2785.5,2761.540771484375,512144,2761.540771484375,0.2285214553834527,3312.629638671875,-0.16635993977535224,-0.007942235924119911,0.22156222277843501,0.2209098477503661,2699.002412109375,2436.760374755859
2025-12-26,2785.0,2794.39990234375,2743.0,2746.5,2722.87646484375,532078,2722.87646484375,0.21636290227414845,3312.629638671875,-0.17803172650009058,-0.014000990693265103,0.19148843977143767,0.22171369203263824,2707.5683349609376,2439.7617150878905
2025-12-29,2746.5,2793.800048828125,2735.0,2775.39990234375,2751.527587890625,815529,2751.527587890625,0.23086074302321546,3312.629638671875,-0.16938266935455282,0.010522373459391998,0.19207908000342527,0.21912039382796678,2715.57884765625,2442.3984997558596
2025-12-30,2770.300048828125,2792.39990234375,2741.0,2758.300048828125,2734.574951171875,4833527,2734.574951171875,0.22070630787645662,3312.629638671875,-0.17450024619466908,-0.006161172722148223,0.19203424332326124,0.21933841933643736,2722.56533203125,2444.9392407226565
2025-12-31,2755.0,2796.800048828125,2754.89990234375,2769.5,2745.678466796875,1274705,2745.678466796875,0.23736485042047395,3312.629638671875,-0.17114837265729066,0.004060417367694358,0.1907619757821642,0.21927195232497856,2727.8317919921874,2447.493323974609
2026-01-01,2775.89990234375,2782.699951171875,2746.10009765625,2752.0,2728.3291015625,327945,2728.3291015625,0.22467427092050163,3312.629638671875,-0.17638571190941743,-0.006318789852555073,0.19111411315319246,0.21957606868079005,2732.588935546875,2449.9175061035157
2026-01-02,2755.800048828125,2799.0,2755.800048828125,2772.60009765625,2748.751953125,508884,2748.751953125,0.2247558704071606,3312.629638671875,-0.17022056403895158,0.007485479501283088,0.19038521596337857,0.2156944168587203,2737.9802197265626,2452.6208374023436
2026-01-05,2770.0,2828.0,2769.0,2815.60009765625,2791.382080078125,866733,2791.382080078125,0.24751225881040795,3312.629638671875,-0.15735159539378285,0.015508902833032856,0.19537356957615323,0.21677258604609484,2744.2676611328125,2455.635399169922
2026-01-06,2820.0,2848.39990234375,2811.60009765625,2845.800048828125,2821.322265625,875891,2821.322265625,0.24814548997180474,3312.629638671875,-0.14831340253414316,0.010725936001579894,0.1981029933994598,0.21707468673564884,2751.1697412109374,2458.85728515625
2026-01-07,2845.800048828125,2854.699951171875,2801.10009765625,2809.39990234375,2785.235107421875,636748,2785.235107421875,0.21188293635765776,3312.629638671875,-0.1592072126304609,-0.012790867120289984,0.20137573472099285,0.2183959318112177,2757.0095654296874,2461.8987353515627
2026-01-08,2795.0,2804.699951171875,2770.10009765625,2786.5,2762.5322265625,620031,2762.5322265625,0.20576118487841888,3312.629638671875,-0.16606064429524459,-0.008151154205574329,0.20252949902887052,0.21825937288496827,2762.583408203125,2464.5267907714842
2026-01-09,2789.89990234375,2856.699951171875,2786.199951171875,2825.5,2801.19677734375,1657381,2801.19677734375,0.2597397407156834,3312.629638671875,-0.15438878387056054,0.013996054203270436,0.20700656529722225,0.21690404405181926,2768.348505859375,2467.3162927246094
2026-01-12,2826.0,2900.0,2808.0,2896.39990234375,2871.48681640625,1743901,2871.48681640625,0.2770150515144236,3312.629638671875,-0.13316997986001577,0.025092860177124976,0.21987608586727825,0.21944058636872785,2775.8203173828124,2470.392510986328
2026-01-13,2900.0,2914.5,2870.800048828125,2886.300048828125,2861.473876953125,1051986,2861.473876953125,0.24980214251241373,3312.629638671875,-0.13619263573927054,-0.003487022609999779,0.22002030318334623,0.21950169331938235,2783.3432958984376,2473.3102868652345
2026-01-14,2884.0,2884.0,2807.300048828125,2813.89990234375,2789.696533203125,958254,2789.696533203125,0.2102347294224507,3312.629638671875,-0.15786041981994958,-0.025084046486710587,0.21289843013121973,0.22382102364776227,2789.4030126953126,2475.828717041016
2026-01-15,2813.89990234375,2813.89990234375,2813.89990234375,2813.89990234375,2789.696533203125,0,2789.696533203125,0.22559234762358416,3312.629638671875,-0.15786041981994958,0.0,0.21291555521382907,0.2237600675970018,2795.96755859375,2478.3844189453125
2026-01-16,2787.89990234375,2826.5,2750.5,2756.89990234375,2733.186767578125,1143463,2733.186767578125,0.23706653736647954,3312.629638671875,-0.17491930408678724,-0.020256599580785073,0.2195017257517125,0.22408094488828748,2799.101484375,2480.5842553710936
2026-01-19,2756.89990234375,2786.300048828125,2724.699951171875,2754.0,2730.311767578125,1342048,2730.311767578125,0.24277183390839663,3312.629638671875,-0.17578719464914805,-0.0010518856721041248,0.21878528297131292,0.2240941233297197,2801.9621240234374,2482.7572119140623
2026-01-20,2740.0,2740.10009765625,2669.300048828125,2675.60009765625,2652.586181640625,911151,2652.586181640625,0.2129434377261712,3312.629638671875,-0.19925060421058105,-0.028467659576636994,0.22940659128755664,0.2294477130394789,2802.5436767578126,2484.6624255371094
2026-01-21,2670.0,2688.0,2648.0,2661.10009765625,2638.2109375,914318,2638.2109375,0.2140472552266912,3312.629638671875,-0.203590130722331,-0.005419331609325506,0.19155264863299362,0.22955759561955838,2802.70310546875,2486.5416149902344
2026-01-22,2665.300048828125,2729.89990234375,2665.300048828125,2703.800048828125,2680.543701171875,1290346,2680.543701171875,0.20875923000121,3312.629638671875,-0.19081092861121074,0.016046011738542143,0.1978807780067751,0.2308889386111241,2801.4800341796877,2488.422821044922
2026-01-23,2703.800048828125,2782.89990234375,2690.800048828125,2703.699951171875,2680.4443359375,1786635,2680.4443359375,0.19835268664208572,3312.629638671875,-0.19084092448917278,-3.706905965816798e-05,0.19650643291290668,0.22888871815750106,2798.085224609375,2490.27091796875
2026-01-27,2719.89990234375,2734.699951171875,2546.0,2622.800048828125,2600.240478515625,3818761,2600.240478515625,0.1728845958164349,3312.629638671875,-0.21505246220095597,-0.029921851517883957,0.21357931759803855,0.23412768934666678,2792.5518115234377,2491.7900842285158
2026-01-28,2535.0,2548.5,2451.0,2511.800048828125,2490.195068359375,3430002,2490.195068359375,0.1223777485759332,3312.629638671875,-0.24827241799425448,-0.042321243387100305,0.2426061720878402,0.24482984510558614,2785.183740234375,2492.499846191406
2026-01-29,2511.800048828125,2514.89990234375,2410.0,2416.0,2395.218994140625,3488159,2395.218994140625,0.07281206663259332,3312.629638671875,-0.27694331832974406,-0.03814001377864884,0.26168050542428006,0.25291513880801825,2775.4680322265626,2492.6516052246093
2026-01-30,2417.0,2445.0,2400.5,2428.300048828125,2407.413330078125,2048843,2407.413330078125,0.08492260513938366,3312.629638671875,-0.27326215343429583,0.005091115245549949,0.26309969403180117,0.2530572177904987,2766.24009765625,2492.950400390625
2026-02-02,2374.89990234375,2429.5,2372.0,2402.0,2381.339599609375,1183482,2381.339599609375,0.07836753574274224,3312.629638671875,-0.2811331602514672,-0.010830599857110434,0.26337769262875116,0.2536914951761964,2757.1628515625,2493.01044921875
2026-02-03,2525.0,2525.0,2391.0,2426.0,2405.133056640625,2233860,2405.133056640625,0.09385482415690416,3312.629638671875,-0.2739505109285596,0.009991626996482594,0.2608236733548614,0.2531115567953324,2748.2283642578127,2492.9727075195315
2026-02-04,2430.0,2463.800048828125,2417.10009765625,2452.699951171875,2431.603271484375,970973,2431.603271484375,0.11517081073939428,3312.629638671875,-0.2659598153993237,0.011005717446968433,0.2639337534825911,0.25368280207085114,2739.7717333984374,2493.0280859375
2026-02-05,2445.0,2455.800048828125,2402.60009765625,2432.10009765625,2411.1806640625,1047405,2411.1806640625,0.09268171143131942,3312.629638671875,-0.2721248895698436,-0.008398823797192922,0.26383979835679794,0.251421305640668,2730.9740625,2493.09365234375
2026-02-06,2432.0,2444.0,2386.10009765625,2401.10009765625,2380.447265625,1043982,2380.447265625,0.054865647414163554,3312.629638671875,-0.2814025335535586,-0.012746203092769748,0.26472786977637414,0.24862244440086625,2721.597412109375,2493.0693041992185
2026-02-09,2404.0,2426.199951171875,2396.800048828125,2417.39990234375,2396.60693359375,669839,2396.60693359375,0.03928334617725593,3312.629638671875,-0.2765243341375717,0.006788500716695012,0.2653067579310967,0.248849503073399,2712.44283203125,2493.0222778320312
2026-02-10,2419.0,2420.0,2386.89990234375,2393.60009765625,2373.011962890625,1513620,2373.011962890625,0.055493151681592634,3312.629638671875,-0.283647065404501,-0.00984515665559893,0.26209385353402737,0.2494050537167718,2702.90955078125,2492.8018627929687
2026-02-11,2399.0,2405.699951171875,2376.300048828125,2392.5,2371.921142578125,3177710,2371.921142578125,0.0271802256428475,3312.629638671875,-0.2839763567625707,-0.0004596775446388257,0.2623550493142099,0.24917515111569352,2693.48927734375,2492.736845703125
2026-02-12,2398.0,2413.89990234375,2377.0,2410.5,2389.766357421875,607767,2389.766357421875,0.07091086605806751,3312.629638671875,-0.2785893329204171,0.007523527879326197,0.26353752018404747,0.24900118354470596,2682.70484375,2492.6600317382813
2026-02-13,2408.89990234375,2411.800048828125,2360.10009765625,2366.39990234375,2346.045654296875,675635,2346.045654296875,0.05679951971471464,3312.629638671875,-0.2917875192237096,-0.018294969710832665,0.2665315129465961,0.2509435331816088,2671.063837890625,2492.370007324219
2026-02-16,2360.0,2405.10009765625,2356.800048828125,2397.199951171875,2376.580810546875,683108,2376.580810546875,0.06697173364362485,3312.629638671875,-0.28256971959602706,0.013015584839141336,0.2692295135333272,0.25185093956398097,2659.96017578125,2492.3572216796874
2026-02-17,2399.5,2452.39990234375,2399.5,2437.39990234375,2416.434814453125,1004356,2416.434814453125,0.0852703938916104,3312.629638671875,-0.2705387930351487,0.016769471389058044,0.2700750859430128,0.25267845237416703,2649.4295361328127,2492.6206994628906
2026-02-18,2440.0,2448.199951171875,2416.5,2432.10009765625,2411.1806640625,551809,2411.1806640625,0.09707011667413501,3312.629638671875,-0.2721248895698436,-0.0021743397997739944,0.26625180611934607,0.25267909687914075,2639.5908984375,2492.7259887695313
2026-02-19,2420.0,2428.0,2391.10009765625,2400.800048828125,2380.14990234375,971600,2380.14990234375,0.08907519204693437,3312.629638671875,-0.2814923000876072,-0.012869529928324686,0.2662716856995023,0.25367282656918,2631.7548828125,2492.768809814453
2026-02-20,2378.199951171875,2435.699951171875,2376.10009765625,2428.10009765625,2407.215087890625,790329,2407.215087890625,0.09744537762373895,3312.629638671875,-0.2733219977903282,0.011371210494021344,0.270301167679752,0.2543319518255339,2624.2916357421873,2493.3584033203124
2026-02-23,2424.699951171875,2446.60009765625,2411.5,2429.699951171875,2408.80126953125,634365,2408.80126953125,0.10067835999487729,3312.629638671875,-0.2728431692421236,0.0006589280902251637,0.26511181057807265,0.25365499118454404,2617.3577978515623,2494.1104052734377
2026-02-24,2413.0,2441.5,2403.699951171875,2413.10009765625,2392.34423828125,499660,2392.34423828125,0.08366381860082894,3312.629638671875,-0.27781113519215894,-0.006832041919839438,0.2494286863831837,0.2506960282405747,2610.3843017578124,2494.794833984375
2026-02-25,2416.0,2427.89990234375,2400.0,2416.39990234375,2395.615478515625,526764,2395.615478515625,0.09157140505135009,3312.629638671875,-0.27682362961767937,0.0013673785661905136,0.250240007986717,0.24954179900895807,2603.1708837890624,2495.217071533203
2026-02-26,2416.10009765625,2422.199951171875,2382.0,2394.89990234375,2374.300537109375,588742,2374.300537109375,0.08113430703365654,3312.629638671875,-0.2832580770902907,-0.008897480249817513,0.24370391700041372,0.24036004999184785,2595.3190087890625,2495.688680419922
2026-02-27,2385.0,2397.60009765625,2359.0,2376.199951171875,2355.761474609375,2531619,2355.761474609375,0.06794698868734428,3312.629638671875,-0.2888545561785576,-0.007808220657091081,0.2432941525704127,0.24059832085969662,2587.1994580078126,2496.2750354003906
2026-03-02,2300.0,2337.89990234375,2283.5,2307.10009765625,2287.255859375,2528308,2287.255859375,0.03296397239622473,3312.629638671875,-0.3095346872848652,-0.029080030373505594,0.24921502366265977,0.2452239961083766,2578.225322265625,2496.285430908203
2026-03-04,2260.699951171875,2290.89990234375,2216.300048828125,2285.199951171875,2265.544189453125,1610358,2265.544189453125,0.028351601077547084,3312.629638671875,-0.3160888971694873,-0.009492453514932886,0.24901852351464054,0.24565733884870744,2568.0198681640627,2496.0710412597655
2026-03-05,2285.199951171875,2313.0,2253.699951171875,2287.800048828125,2268.121826171875,925040,2268.121826171875,0.039447698653013896,3312.629638671875,-0.31531077314117495,0.0011377560988437008,0.24052828590696992,0.2456787303094194,2557.7132861328123,2495.978409423828
2026-03-06,2261.699951171875,2307.89990234375,2253.699951171875,2279.5,2259.89306640625,979742,2259.89306640625,0.040869828441580935,3312.629638671875,-0.3177948298161385,-0.003628006075631962,0.2405632223526253,0.2453712350292164,2547.2381640625,2496.0201989746092
2026-03-09,2200.0,2230.0,2162.60009765625,2220.800048828125,2201.6982421875,2198153,2201.6982421875,0.029837242166868894,3312.629638671875,-0.33536239110925126,-0.025751140655205007,0.2392343219158915,0.24881328705015357,2536.0413134765627,2495.6886267089844
2026-03-10,2251.60009765625,2305.10009765625,2251.60009765625,2280.39990234375,2260.785400390625,1192174,2260.785400390625,0.0639915488973477,3312.629638671875,-0.31752545651404707,0.026837082880358354,0.2574570309464404,0.2523008138403601,2526.7994921875,2495.7172241210938
2026-03-11,2290.0,2302.0,2226.0,2232.0,2212.8017578125,687786,2212.8017578125,0.058162515258979974,3312.629638671875,-0.3320105175718727,-0.02122432432986976,0.2514611867347444,0.25442455125196306,2516.0249755859377,2495.425966796875
2026-03-12,2208.0,2249.89990234375,2201.0,2221.199951171875,2202.094482421875,1384055,2202.094482421875,0.03744736148358152,3312.629638671875,-0.3352427760971324,-0.004838786553211127,0.22556491854972832,0.25441652483632415,2505.3753662109375,2495.023796386719
2026-03-13,2204.699951171875,2219.699951171875,2190.0,2196.800048828125,2177.904541015625,949233,2177.904541015625,-0.020801512326344418,3312.629638671875,-0.34254511413210464,-0.01098496980912722,0.20238056104913338,0.2549212764923517,2494.0198876953127,2494.4987133789064
2026-03-16,2185.39990234375,2227.800048828125,2175.10009765625,2217.699951171875,2198.624755859375,1111587,2198.624755859375,-0.012487274443485852,3312.629638671875,-0.3362901997275902,0.009513830589694905,0.20433005390784278,0.255121499104446,2483.42580078125,2494.1968896484377
2026-03-17,2217.699951171875,2261.5,2217.199951171875,2238.199951171875,2218.948486328125,875461,2218.948486328125,-0.007120498440352896,3312.629638671875,-0.3301549740351406,0.009243837728374116,0.20587054056458634,0.2426169127921868,2472.8297314453125,2494.040330810547
2026-03-18,2235.10009765625,2270.39990234375,2228.60009765625,2262.10009765625,2242.642822265625,844912,2242.642822265625,-0.0003788082416311678,3312.629638671875,-0.32300224689024926,0.010678182068439623,0.20623516551248558,0.24329312295070754,2461.8549462890624,2494.174864501953
2026-03-19,2220.0,2239.0,2180.60009765625,2186.0,2167.197509765625,889334,2167.197509765625,-0.01851748042058221,3312.629638671875,-0.3457772989574185,-0.033641252075879646,0.22134529202207318,0.24773504692271142,2448.772451171875,2493.894901123047
2026-03-20,2210.89990234375,2224.5,2185.0,2195.39990234375,2176.516357421875,875920,2176.516357421875,-0.00546197600795717,3312.629638671875,-0.3429641720242228,0.004299953102685938,0.22207907441727168,0.24784252129235185,2436.598076171875,2493.715477294922
2026-03-23,2180.0,2180.0,2115.0,2121.300048828125,2103.053955078125,978398,2103.053955078125,-0.033942571337795435,3312.629638671875,-0.36514063313117684,-0.033752285891739175,0.23763370370555575,0.24193170718054657,2423.4085107421874,2493.2015979003904
2026-03-24,2184.0,2224.5,2153.300048828125,2217.300048828125,2198.228271484375,1561016,2198.228271484375,0.009776637653535092,3312.629638671875,-0.3364098884396549,0.04525528989707461,0.2758982312685638,0.2449215146180114,2411.349140625,2493.1905627441406
2026-03-25,2225.10009765625,2289.699951171875,2222.0,2270.199951171875,2250.673095703125,1270855,2250.673095703125,0.006147714759917822,3312.629638671875,-0.3205781082712639,0.023857769868156575,0.285471105190508,0.2481314875591271,2398.9328662109374,2493.4334155273436
2026-03-27,2246.300048828125,2269.0,2201.10009765625,2207.39990234375,2188.413330078125,1089010,2188.413330078125,-0.024465361316300283,3312.629638671875,-0.33937277366282315,-0.027662731537451357,0.2952415041241581,0.2515811621859336,2385.4716552734376,2493.351728515625
2026-03-30,2185.300048828125,2202.89990234375,2151.0,2165.199951171875,2146.576171875,1513565,2146.576171875,-0.048606016379031614,3312.629638671875,-0.3520023648838625,-0.019117576020993954,0.2974597163566531,0.252384111342646,2372.609248046875,2493.102677001953
2026-04-01,2224.800048828125,2246.60009765625,2198.39990234375,2225.800048828125,2206.655029296875,1209900,2206.655029296875,-0.03128455455339052,3312.629638671875,-0.33386606110860495,0.02798822525333322,0.30740253538293905,0.25769173618457564,2360.94841796875,2493.204006347656
2026-04-02,2185.0,2185.10009765625,2142.39990234375,2169.0,2150.34375,1854061,2150.34375,-0.05934651138425928,3312.629638671875,-0.35086502731946445,-0.02551884120954684,0.31146134319892194,0.26007107273255586,2349.2915576171877,2492.971317138672
2026-04-06,2169.0,2193.199951171875,2145.89990234375,2184.300048828125,2165.511962890625,2048228,2165.511962890625,-0.04961220259454502,3312.629638671875,-0.3462861233835851,0.007053854943250393,0.30730897731448126,0.26019162800884177,2337.9955615234376,2492.840205078125
2026-04-07,2167.699951171875,2198.699951171875,2145.0,2186.199951171875,2167.395751953125,1793007,2167.395751953125,-0.05486772262019479,3312.629638671875,-0.34571745460138614,0.0008699047129647752,0.3075468188169979,0.2601902251356443,2328.2917529296874,2492.5670654296873
2026-04-08,2284.5,2336.89990234375,2245.199951171875,2282.39990234375,2262.76806640625,2914767,2262.76806640625,-0.014353834958069411,3312.629638671875,-0.3169269392537777,0.04400318417491644,0.3352030381337896,0.2717733296529258,2320.7828955078126,2492.6718005371094
2026-04-09,2275.0,2289.60009765625,2252.0,2269.60009765625,2250.078369140625,1980060,2250.078369140625,-0.00944956074874237,3312.629638671875,-0.3207576413393609,-0.005608041519597262,0.3331569195957665,0.27180810962004487,2312.1735888671874,2492.630930175781
2026-04-10,2267.699951171875,2376.89990234375,2267.699951171875,2360.699951171875,2340.394775390625,3018178,2340.394775390625,0.03448667699758712,3312.629638671875,-0.2934933781704151,0.040139226921458215,0.35487392350921454,0.28093409645025297,2305.37259765625,2493.1079626464843
2026-04-13,2279.89990234375,2362.5,2262.0,2352.39990234375,2332.166015625,1734562,2332.166015625,0.012091956463489817,3312.629638671875,-0.29597743484537864,-0.003515970831994175,0.3545075647461128,0.2809438823447305,2300.0111083984375,2493.456248779297
2026-04-15,2400.5,2426.0,2381.0,2423.10009765625,2402.258056640625,1182431,2402.258056640625,0.039567300596430766,3312.629638671875,-0.2748184014909204,0.030054481776178754,0.3654775645485362,0.28603849504896983,2298.2523681640623,2494.2618994140626
2026-04-16,2435.0,2446.60009765625,2411.60009765625,2440.300048828125,2419.31005859375,1496210,2419.31005859375,0.053519615601987036,3312.629638671875,-0.2696708287728421,0.007098322308041638,0.3649016155528754,0.2812922123893031,2298.734189453125,2495.0973779296874
2026-04-17,2425.0,2486.10009765625,2417.5,2464.0,2442.80615234375,1286575,2442.80615234375,0.040269890986049495,3312.629638671875,-0.2625779459839831,0.009711898508642403,0.36480966059448355,0.2819583240484747,2299.4420458984373,2496.027570800781
2026-04-20,2470.0,2523.800048828125,2456.5,2516.800048828125,2495.152099609375,1203157,2495.152099609375,0.055091851583895846,3312.629638671875,-0.24677601429366225,0.02142861283340136,0.35735643361878605,0.2845968554107751,2301.7182958984376,2497.1704956054687
2026-04-21,2516.300048828125,2582.0,2513.699951171875,2543.60009765625,2521.7216796875,1681872,2521.7216796875,0.0741452363937074,3312.629638671875,-0.23875532288646428,0.010648481141604327,0.35593059904485436,0.28519585560948973,2304.050068359375,2498.105263671875
2026-04-22,2500.0,2572.0,2500.0,2562.89990234375,2540.85546875,1126584,2540.85546875,0.07239415648482317,3312.629638671875,-0.23297931073010036,0.0075875895490857825,0.35599924375526104,0.2848726975260767,2306.2351123046874,2499.2228063964844
2026-04-23,2530.0,2541.699951171875,2510.0,2521.39990234375,2499.71240234375,1378614,2499.71240234375,0.0360723160489369,3312.629638671875,-0.24539937300508063,-0.016192603991950327,0.3601870500866569,0.2762346109025931,2308.0057470703123,2499.9940747070314
2026-04-24,2521.39990234375,2538.89990234375,2470.699951171875,2485.10009765625,2463.724853515625,436871,2463.724853515625,0.017846219080958514,3312.629638671875,-0.2562631135234905,-0.014396675711326967,0.3535854861494578,0.2770525564828043,2309.671298828125,2500.338438720703
2026-04-27,2503.0,2519.800048828125,2475.5,2485.199951171875,2463.82373046875,452134,2463.82373046875,0.02742055879144223,3312.629638671875,-0.2562332650454202,4.013311510164819e-05,0.3470103199331699,0.27674800789782644,2311.015634765625,2500.6263793945313
2026-04-28,2475.0,2499.0,2456.10009765625,2462.60009765625,2441.41845703125,556571,2441.41845703125,0.023519542677378658,3312.629638671875,-0.2629968564762095,-0.009093699829426205,0.3413561305210681,0.27698603691223767,2312.3837646484376,2500.8354541015624
2026-04-29,2469.89990234375,2477.89990234375,2438.60009765625,2447.300048828125,2426.25,603585,2426.25,0.00841134259818288,3312.629638671875,-0.26757583411203467,-0.0062129689351553274,0.3416710974827922,0.27688017496674044,2313.470341796875,2500.876629638672
2026-04-30,2426.699951171875,2455.89990234375,2385.5,2444.5,2423.473876953125,823684,2423.473876953125,0.00263907969166155,3312.629638671875,-0.2684138761963252,-0.0011442032135496882,0.3392377936303786,0.27674506041041447,2314.1444921875,2500.6970446777345
2026-05-01,2444.5,2444.5,2444.5,2444.5,2423.473876953125,0,2423.473876953125,0.016163746662666068,3312.629638671875,-0.2684138761963252,0.0,0.33896272103653063,0.27675228933018314,2315.693056640625,2500.4466857910156
2026-05-04,2460.0,2507.0,2442.300048828125,2448.10009765625,2427.04296875,581159,2427.04296875,0.009111285502408917,3312.629638671875,-0.2673364566879053,0.001472717255513567,0.33856050976587837,0.2764547406830771,2316.7022998046873,2500.4502526855467
2026-05-05,2430.0,2454.89990234375,2415.0,2430.0,2409.0986328125,327682,2409.0986328125,0.0020998292777967276,3312.629638671875,-0.272753402708075,-0.007393497424045159,0.3391479106883878,0.27535290634257326,2316.555576171875,2500.423488769531
2026-05-06,2460.0,2529.0,2440.39990234375,2519.0,2497.333251953125,1395987,2497.333251953125,0.0496798905771596,3312.629638671875,-0.2461175789774147,0.036625573539766476,0.33500405668654726,0.28254763604697847,2318.2786279296874,2501.0239892578124
2026-05-07,2534.60009765625,2555.800048828125,2511.300048828125,2530.60009765625,2508.83349609375,1053513,2508.83349609375,0.06138335173885712,3312.629638671875,-0.24264594302802567,0.004605009816623706,0.33500007275074806,0.2827002953039758,2320.8522998046874,2501.722081298828
2026-05-08,2540.0,2607.39990234375,2515.39990234375,2599.89990234375,2577.537109375,2327900,2577.537109375,0.0784119989258365,3312.629638671875,-0.22190604126563152,0.02738468431174157,0.32013802314589174,0.2863992669128227,2324.258740234375,2502.679553222656
2026-05-11,2578.89990234375,2607.89990234375,2555.0,2566.10009765625,2544.028076171875,1271257,2544.028076171875,0.07271184983758006,3312.629638671875,-0.23202157993374517,-0.01300040766871835,0.303748657612644,0.28627161808301554,2326.9632763671875,2503.526892089844
2026-05-12,2546.199951171875,2555.699951171875,2500.0,2505.5,2483.94921875,628802,2483.94921875,0.0850273617520736,3312.629638671875,-0.2501578837090028,-0.023615642446949137,0.3093265767847127,0.28821093769542094,2328.7953759765624,2504.155500488281
2026-05-13,2554.0,2642.39990234375,2554.0,2617.60009765625,2595.085205078125,3515018,2595.085205078125,0.1490808515514448,3312.629638671875,-0.21660871025758055,0.0447416499054083,0.3170768151229331,0.2980355172698159,2332.7847705078125,2505.37443359375
2026-05-14,2620.0,2665.699951171875,2610.0,2622.199951171875,2599.6455078125,1040916,2599.6455078125,0.15260179352218217,3312.629638671875,-0.21523206896899894,0.001757284394921399,0.30842544925045406,0.29796265947340056,2337.291669921875,2506.666650390625
2026-05-15,2622.199951171875,2640.0,2592.800048828125,2605.60009765625,2583.1884765625,796240,2583.1884765625,0.11769828566792695,3312.629638671875,-0.2202000349190344,-0.006330490522858945,0.3037322589281622,0.2979633145130289,2341.8402099609375,2507.8260998535156
2026-05-18,2580.10009765625,2619.39990234375,2556.0,2614.0,2591.51611328125,898479,2591.51611328125,0.13664046306626565,3312.629638671875,-0.21768612976600044,0.003223782079514237,0.2893580458447437,0.2977278591307046,2347.9254150390625,2509.1425036621094
2026-05-19,2629.0,2646.0,2595.10009765625,2600.699951171875,2578.330322265625,688639,2578.330322265625,0.15181652413163382,3312.629638671875,-0.2216665901415562,-0.00508806059435607,0.2912525985571145,0.2965884591814306,2354.1811376953124,2510.4716735839843
2026-05-20,2562.0,2614.0,2562.0,2598.60009765625,2576.24853515625,586190,2576.24853515625,0.1273738569012841,3312.629638671875,-0.22229502957984182,-0.0008074167578131508,0.2915494135392447,0.2959565491804505,2360.343671875,2511.674620361328
2026-05-21,2625.0,2648.300048828125,2590.800048828125,2598.800048828125,2576.44677734375,1031843,2576.44677734375,0.11610729943226539,3312.629638671875,-0.22223518522380936,7.694994671303412e-05,0.26860620191677587,0.29526749125379714,2366.67474609375,2512.6711853027346
2026-05-22,2606.10009765625,2664.699951171875,2600.199951171875,2639.800048828125,2617.09423828125,1556434,2617.09423828125,0.1445110996442387,3312.629638671875,-0.20996473383891,0.015776557581137496,0.2687822960208776,0.2962695588868058,2374.982666015625,2513.8002124023437
2026-05-25,2672.0,2684.10009765625,2653.199951171875,2657.800048828125,2634.939453125,815621,2634.939453125,0.17028572519097218,3312.629638671875,-0.2045777099967565,0.006818713129516318,0.24764717907538253,0.29552257254820236,2382.4657470703123,2515.1159655761717
2026-05-26,2650.0,2664.300048828125,2635.89990234375,2647.0,2624.232177734375,486267,2624.232177734375,0.15706238468510558,3312.629638671875,-0.20780996852201616,-0.004063575494277938,0.24779808483992938,0.29238121496909675,2390.69435546875,2516.2054541015623
2026-05-27,2644.800048828125,2689.60009765625,2642.0,2671.89990234375,2648.91796875,858457,2648.91796875,0.17465212331177082,3312.629638671875,-0.20035794589701716,0.009406862405344496,0.23591540836617025,0.29284546745627993,2399.6308251953124,2517.325324707031
2026-05-28,2671.89990234375,2671.89990234375,2671.89990234375,2671.89990234375,2648.91796875,0,2648.91796875,0.16638304304105866,3312.629638671875,-0.20035794589701716,0.0,0.23583732045061576,0.289922436635286,2409.05109375,2518.5095361328126
2026-05-29,2676.10009765625,2748.199951171875,2631.60009765625,2671.60009765625,2648.62060546875,5062328,2648.62060546875,0.16038881033821273,3312.629638671875,-0.20044771243106563,-0.00011225839560080608,0.23517348598263835,0.2899220472327889,2418.0510107421874,2519.423020019531
2026-06-01,2732.60009765625,2778.800048828125,2626.699951171875,2632.39990234375,2609.757568359375,2224344,2609.757568359375,0.14316588500825334,3312.629638671875,-0.21217949091172805,-0.014672934669892834,0.23360115501957238,0.28898893495005123,2425.8671923828124,2520.06646484375
2026-06-02,2626.10009765625,2672.10009765625,2607.89990234375,2660.699951171875,2637.814208984375,1026319,2637.814208984375,0.16769653276552088,3312.629638671875,-0.2037098931343415,0.010750669320843453,0.2336357306241562,0.28958198563873283,2433.7706201171877,2521.003125
2026-06-03,2652.10009765625,2676.0,2624.699951171875,2662.39990234375,2639.49951171875,958774,2639.49951171875,0.17297521792726656,3312.629638671875,-0.2032011424081207,0.0006389012268699368,0.23295651819841193,0.2856110090963157,2443.21666015625,2521.881396484375
2026-06-04,2663.89990234375,2698.800048828125,2644.89990234375,2661.60009765625,2638.706787109375,1840743,2638.706787109375,0.1908939905714795,3312.629638671875,-0.20344044613230428,-0.00030033140974472516,0.227021300099333,0.28545908325019825,2452.46046875,2522.8091564941406
2026-06-05,2666.0,2699.800048828125,2665.0,2686.699951171875,2663.590576171875,1615011,2663.590576171875,0.19809388935237116,3312.629638671875,-0.19592865285121874,0.009430297138000476,0.22261616798154132,0.2846301761156016,2463.671201171875,2523.7529479980467
2026-06-08,2643.300048828125,2675.0,2630.10009765625,2659.199951171875,2636.3271484375,1262904,2636.3271484375,0.19161354646521,3312.629638671875,-0.20415879950452998,-0.010235592503694102,0.2256533203378623,0.28515397459800745,2472.4331787109377,2524.4193676757814
2026-06-09,2666.199951171875,2719.0,2661.5,2708.10009765625,2684.806640625,1416560,2684.806640625,0.21714132217327586,3312.629638671875,-0.1895240538566776,0.01838902740740389,0.22758706735903647,0.2822564492233387,2481.115849609375,2525.0376623535158
2026-06-10,2711.10009765625,2744.0,2700.0,2715.10009765625,2691.74658203125,1395772,2691.74658203125,0.22327912967327235,3312.629638671875,-0.18742905919587016,0.0025848943090496235,0.22582292026525577,0.2728052657861127,2491.1825146484375,2525.7302514648436
2026-06-11,2693.89990234375,2706.699951171875,2671.0,2690.89990234375,2667.75439453125,771558,2667.75439453125,0.21145784413244972,3312.629638671875,-0.19467170027470182,-0.008913241558533014,0.2283389990163786,0.2652069650277853,2501.6060791015625,2526.348907470703
2026-06-12,2725.699951171875,2753.0,2709.39990234375,2747.39990234375,2723.7685546875,1078025,2723.7685546875,0.2354088444708189,3312.629638671875,-0.17776242689794497,0.020996745529152205,0.23374328817975523,0.2671729936965055,2511.948349609375,2527.2649560546874
2026-06-15,2820.300048828125,2832.699951171875,2730.0,2739.300048828125,2715.73828125,2752021,2715.73828125,0.23645738700562302,3312.629638671875,-0.18018656551693035,-0.0029482216555001273,0.2345093916859599,0.2664665855539927,2523.256240234375,2528.448203125
2026-06-16,2741.0,2771.0,2735.0,2748.10009765625,2724.462646484375,962931,2724.462646484375,0.24610142427237047,3312.629638671875,-0.1775528979518859,0.003212520622701387,0.23208985722357947,0.2661032674562311,2534.43525390625,2529.7324841308596
2026-06-17,2764.0,2768.89990234375,2732.5,2738.0,2714.449462890625,557209,2714.449462890625,0.23559206514649733,3312.629638671875,-0.18057562753108647,-0.0036752875311654165,0.2116730521966909,0.26575584292777815,2545.376328125,2531.0236157226564
2026-06-18,2745.0,2765.0,2728.199951171875,2755.0,2731.30322265625,600888,2731.30322265625,0.2461835037178033,3312.629638671875,-0.1754878991690405,0.006208905340119086,0.211838420964112,0.265360673826578,2554.74703125,2532.3614013671877
2026-06-19,2752.89990234375,2752.89990234375,2718.800048828125,2732.89990234375,2709.393310546875,838991,2709.393310546875,0.2193359291951389,3312.629638671875,-0.18210195340969482,-0.008021779466897527,0.20087938097595098,0.26475840899630826,2563.933330078125,2533.4431384277345
2026-06-22,2742.699951171875,2756.5,2670.0,2674.0,2651.0,1033475,2651.0,0.18252079308693636,3312.629638671875,-0.19972943275878574,-0.02155217196394743,0.2077444495917894,0.2674123695317913,2570.1454345703123,2533.9775268554686
2026-06-23,2669.0,2695.39990234375,2650.10009765625,2661.199951171875,2661.199951171875,1182151,2661.199951171875,0.17843333295134323,3312.629638671875,-0.1966503227210079,0.003847586258723057,0.1937184483824607,0.266783005530276,2576.72611328125,2534.7123840332033
2026-06-24,2662.0,2687.60009765625,2653.60009765625,2667.5,2667.5,1264476,2667.5,0.18820219342737388,3312.629638671875,-0.19474849561828023,0.002367371465398893,0.14631024972348966,0.26676875416259505,2582.0309521484373,2535.4099462890626
2026-06-25,2690.0,2690.699951171875,2637.10009765625,2645.199951171875,2645.199951171875,2050810,2645.199951171875,0.16914460794998631,3312.629638671875,-0.2014803223724072,-0.008359905839971926,0.1487484626795412,0.26706773516003585,2586.54875,2535.923253173828
2026-06-26,2645.199951171875,2645.199951171875,2645.199951171875,2645.199951171875,2645.199951171875,0,2645.199951171875,0.18029850778787004,3312.629638671875,-0.2014803223724072,0.0,0.14730196281494037,0.26501993604335994,2590.5966259765623,2536.3806335449217
2026-06-29,2631.300048828125,2687.800048828125,2630.0,2656.89990234375,2656.89990234375,4752587,2656.89990234375,0.17968340619637568,3312.629638671875,-0.1979483998673106,0.004423087625830213,0.14751199683137411,0.2643493231681107,2593.83158203125,2537.139522705078
2026-06-30,2658.0,2672.10009765625,2630.300048828125,2635.699951171875,2635.699951171875,1821479,2635.699951171875,0.1679093481844971,3312.629638671875,-0.20434813466542545,-0.007979205822987057,0.14875988368499307,0.2635111790241055,2596.1111474609374,2537.7602416992186
2026-07-01,2648.0,2723.0,2624.0,2716.39990234375,2716.39990234375,1097512,2716.39990234375,0.1984643454839199,3312.629638671875,-0.1799868386636696,0.030618034171907338,0.17193045270210747,0.2680315048423478,2599.6220361328124,2538.754765625
2026-07-02,2720.0,2759.89990234375,2711.0,2744.5,2744.5,1629567,2744.5,0.17549149291921862,3312.629638671875,-0.17150412229592138,0.010344610022995804,0.17359130473366935,0.2673300472669553,2604.5177880859374,2539.827429199219
2026-07-03,2744.0,2762.39990234375,2730.0,2737.800048828125,2737.800048828125,472124,2737.800048828125,0.1814372810029823,3312.629638671875,-0.17352666990995558,-0.0024412283373564936,0.1691523794403097,0.2669173811817539,2609.9992919921874,2540.9141052246096
2026-07-06,2724.0,2758.0,2722.0,2754.89990234375,2754.89990234375,504943,2754.89990234375,0.17456762512414126,3312.629638671875,-0.16836465200249018,0.006245837245471675,0.1690056657504613,0.26702709954481246,2615.8208154296876,2542.3025634765627
2026-07-07,2750.0,2751.800048828125,2726.39990234375,2731.39990234375,2731.39990234375,489066,2731.39990234375,0.1405297047275682,3312.629638671875,-0.17545871399048285,-0.008530255484058502,0.17077901467999979,0.267194576913871,2621.6204443359375,2543.6809228515626
2026-07-08,2676.60009765625,2713.10009765625,2653.300048828125,2665.89990234375,2665.89990234375,1481672,2665.89990234375,0.10791308511282693,3312.629638671875,-0.19523152506339858,-0.023980377221144322,0.1840589546152379,0.2706052599039986,2626.4134423828127,2544.66892578125
2026-07-09,2658.0,2722.800048828125,2656.0,2673.800048828125,2673.800048828125,918568,2673.800048828125,0.11426743268948236,3312.629638671875,-0.19284666851555265,0.0029634070196820073,0.18422039946003974,0.2700630984771149,2631.4199658203124,2545.770173339844
2026-07-10,2695.0,2728.199951171875,2672.89990234375,2677.800048828125,2677.800048828125,982095,2677.800048828125,0.10743736816815597,3312.629638671875,-0.1916391686027028,0.0014959981774826936,0.1842422787423692,0.2696070761107048,2636.5064892578125,2546.876573486328
2026-07-13,2650.5,2664.39990234375,2630.10009765625,2652.10009765625,2652.10009765625,1107802,2652.10009765625,0.07835648693896413,3312.629638671875,-0.19939734080277371,-0.009597412317294607,0.18118877305475029,0.2652726926357784,2641.0076318359374,2547.8495239257813
2026-07-14,2604.0,2655.89990234375,2579.89990234375,2641.0,2641.0,975301,2641.0,0.06769810187745473,3312.629638671875,-0.20274818254091032,-0.004185399211010021,0.17907610319630088,0.2647821754211629,2645.6456591796873,2548.944158935547
2026-07-15,2644.89990234375,2684.0,2644.89990234375,2670.0,2670.0,809114,2670.0,0.10042758048049927,3312.629638671875,-0.19399380817274914,0.010980689132904287,0.18183297371773235,0.26521996099655887,2649.098994140625,2550.132814941406
2026-07-16,2688.0,2693.10009765625,2660.10009765625,2674.699951171875,2674.699951171875,455037,2674.699951171875,0.10778785335250896,3312.629638671875,-0.1925750105151398,0.0017602813377808335,0.18185752629738106,0.2650522224008601,2652.4163232421874,2551.608272705078
2026-07-17,2665.0,2700.0,2665.0,2689.0,2689.0,452284,2689.0,0.1311469365718727,3312.629638671875,-0.18825818358671254,0.005346412341264539,0.18049789489085435,0.2609050231995504,2654.6455810546877,2553.458125
2026-07-20,2689.0,2708.5,2666.699951171875,2691.39990234375,2691.39990234375,571087,2691.39990234375,0.1359879970796467,3312.629638671875,-0.18753371311898093,0.0008924887853292152,0.17767071345066532,0.2576032772369735,2657.593017578125,2555.320966796875
2026-07-21,2695.0,2720.0,2680.5,2692.39990234375,2692.39990234375,1000078,2692.39990234375,0.12839551219039036,3312.629638671875,-0.1872318381407685,0.0003715538516328998,0.16961830457812,0.25459128755814975,2661.76203125,2557.152183837891
2026-07-22,2683.0,2700.0,2665.60009765625,2692.800048828125,2692.800048828125,528096,2692.800048828125,0.13402049454262666,3312.629638671875,-0.18711104392951605,0.00014862074687593818,0.1694611979981259,0.25433150493981177,2663.716328125,2559.055681152344
2026-07-23,2671.10009765625,2693.39990234375,2656.0,2668.800048828125,2668.800048828125,584245,2668.800048828125,0.13169743149089475,3312.629638671875,-0.19435604340661494,-0.008912655809867664,0.16946092824525955,0.25404701829982024,2665.0994189453127,2560.730295410156
2026-07-24,2620.10009765625,2657.10009765625,2620.10009765625,2637.89990234375,2637.89990234375,645563,2637.89990234375,0.12189065238737862,3312.629638671875,-0.2036840244533472,-0.011578292085966946,0.16056806250833078,0.2548220225796461,2666.1936474609374,2562.2652563476563
2026-07-27,2665.800048828125,2723.89990234375,2664.300048828125,2710.199951171875,2710.199951171875,715239,2710.199951171875,0.15761039813697475,3312.629638671875,-0.1818584487885977,0.027408185111151173,0.18028969313100646,0.25804564634132043,2668.56732421875,2564.1716162109374
2026-07-28,2712.0,2749.800048828125,2706.300048828125,2736.199951171875,2736.199951171875,1282146,2736.199951171875,0.16369735847638212,3312.629638671875,-0.17400969935507393,0.009593388114687906,0.18221771457707192,0.25795293278406534,2671.724716796875,2566.328243408203
2026-07-29,2746.199951171875,2864.0,2718.5,2758.39990234375,2758.39990234375,3803474,2758.39990234375,0.1847599086117142,3312.629638671875,-0.16730808957874654,0.008113424299407423,0.18323570693084754,0.25082460768529063,2675.367744140625,2568.5567712402344
2026-07-30,2758.10009765625,2767.89990234375,2666.199951171875,2746.199951171875,2746.199951171875,2387024,2746.199951171875,0.1875478054494386,3312.629638671875,-0.17099094957294936,-0.004422836283277443,0.1829983184128569,0.25110204335773506,2678.7628076171877,2570.7054919433594
2026-07-31,2773.89990234375,2774.89990234375,2732.39990234375,2747.300048828125,2747.300048828125,891738,2747.300048828125,0.17624183901509993,3312.629638671875,-0.17065885761693733,0.00040058905972251146,0.18131231003458795,0.24344687062430004,2681.366923828125,2572.848328857422
2026-08-03,2770.89990234375,2810.0,2762.10009765625,2810.0,2810.0,1040453,2810.0,0.18209585549167384,3312.629638671875,-0.15173131122300565,0.022822389275834576,0.17996636046471023,0.2351994177100742,2684.868134765625,2575.425427246094
2026-08-04,2774.89990234375,2807.300048828125,2732.39990234375,2775.0,2775.0,820097,2775.0,0.16046208165849363,3312.629638671875,-0.16229693546044155,-0.01245551601423489,0.1846578580877497,0.23385635746022582,2687.8834912109373,2577.5454174804686
2026-08-05,2787.0,2787.0,2748.699951171875,2760.0,2760.0,688876,2760.0,0.16367864568531032,3312.629638671875,-0.1668250601336283,-0.00540540540540535,0.18569783697576123,0.22865302489839093,2690.1051318359373,2579.4191638183593
2026-08-06,2788.0,2788.0,2741.60009765625,2755.0,2755.0,797083,2755.0,0.1448948728058046,3312.629638671875,-0.1683344350246906,-0.0018115942028985588,0.18372699874555065,0.2257969595909919,2692.2267724609374,2580.782386474609
2026-08-07,2755.0,2755.0,2695.0,2735.0,2735.0,1067986,2735.0,0.12786116785484514,3312.629638671875,-0.17437193458893963,-0.007259528130671544,0.18541190008538774,0.22237438684833857,2693.9543603515626,2582.0050268554687
2026-08-10,2724.699951171875,2761.5,2713.5,2750.0,2750.0,977656,2750.0,0.1400968960902491,3312.629638671875,-0.16984380991575287,0.005484460694698434,0.18559869626934933,0.21731388987087163,2696.759208984375,2583.3590881347654
2026-08-11,2742.10009765625,2747.60009765625,2720.0,2735.5,2735.5,951134,2735.5,0.10932055921612793,3312.629638671875,-0.1742209970998334,-0.005272727272727318,0.1845967800686269,0.21761390653440632,2698.7129248046876,2584.6515380859373
2026-08-12,2733.199951171875,2748.39990234375,2698.199951171875,2740.0,2740.0,648174,2740.0,0.1043628524086253,3312.629638671875,-0.17286255969787734,0.001645037470297872,0.16237916386146428,0.21759940080375062,2700.7229345703126,2585.9704467773436
2026-08-13,2725.0,2755.5,2720.0,2755.5,2755.5,579435,2755.5,0.12447257320909522,3312.629638671875,-0.16818349753558437,0.005656934306569328,0.16042574093739406,0.20614959504234287,2703.058798828125,2587.281727294922
2026-08-14,2751.0,2751.0,2690.300048828125,2696.300048828125,2696.300048828125,667311,2696.300048828125,0.0943463625815133,3312.629638671875,-0.18605448150577242,-0.021484286398793295,0.17219445649770332,0.2095520118574136,2703.71298828125,2588.3440270996093
2026-08-17,2694.5,2714.60009765625,2687.5,2687.5,2687.5,312900,2687.5,0.095528099678726,3312.629638671875,-0.1887109960540312,-0.0032637498307911406,0.17118286544698802,0.199590973768692,2704.7364453125,2589.2168176269533
2026-08-18,2663.10009765625,2670.10009765625,2610.10009765625,2628.39990234375,2628.39990234375,1017022,2628.39990234375,0.062051731133531574,3312.629638671875,-0.20655183674636557,-0.021990734011627877,0.18066846754258148,0.20329554891941806,2703.608310546875,2589.8693359375
2026-08-19,2625.0,2634.89990234375,2601.0,2630.800048828125,2630.800048828125,742443,2630.800048828125,0.05104060340610772,3312.629638671875,-0.20582729257868815,0.0009131587937720731,0.16732807106150174,0.1974331022185848,2702.3893798828126,2590.5967114257815
2026-08-20,2635.10009765625,2641.800048828125,2607.0,2625.199951171875,2625.199951171875,476939,2625.199951171875,0.025009196449993887,3312.629638671875,-0.20751782193665624,-0.002128667155356201,0.16709246249354137,0.197241148785601,2701.538291015625,2591.289157714844
2026-08-21,2620.199951171875,2644.0,2615.5,2640.0,2640.0,330334,2640.0,0.03398490632791562,3312.629638671875,-0.20305005751912275,0.0056376844062937526,0.16796373270077164,0.1968480925162732,2699.862919921875,2592.1818115234373
2026-08-24,2640.39990234375,2642.699951171875,2622.0,2640.800048828125,2640.800048828125,355289,2640.800048828125,0.038040869958011925,3312.629638671875,-0.20280854279656357,0.0003030487985322683,0.16569865463698227,0.1937717465924417,2698.3641552734375,2592.503359375
2026-08-25,2631.0,2640.0,2605.199951171875,2639.800048828125,2639.800048828125,479480,2639.800048828125,0.03906274850138791,3312.629638671875,-0.203110417774776,-0.00037867312235306816,0.16524772325645204,0.19304650358331132,2696.6709033203124,2592.7659606933594
2026-08-26,2660.89990234375,2678.699951171875,2626.5,2626.5,2626.5,339110,2626.5,0.05946181872041412,3312.629638671875,-0.20712536972499085,-0.005038278877989022,0.16252888330700258,0.1929050355929059,2694.9119140625,2592.78091796875
2026-08-27,2637.89990234375,2655.89990234375,2627.89990234375,2631.0,2631.0,525106,2631.0,0.0662154027834887,3312.629638671875,-0.20576693232303478,0.0017133066818959541,0.16252327143349846,0.19084931996718746,2692.905849609375,2592.7847204589843
2026-08-28,2645.0,2645.0,2583.800048828125,2608.699951171875,2608.699951171875,482507,2608.699951171875,0.06207775013443406,3312.629638671875,-0.21249875907716176,-0.00847588324900228,0.16313990481076857,0.18978266662989346,2690.891982421875,2592.1197338867187
