Date,Open,High,Low,Close,Adj Close,Volume,Price,rolling_1y_return,running_max,drawdown,daily_return,rolling_volatility_30d,rolling_volatility_90d,sma50,sma200
2023-08-28,980.0999755859376,992.5,980.0999755859376,990.2000122070312,987.8297119140624,8451441,987.8297119140624,,987.8297119140624,0.0,,,,,
2023-08-29,990.2000122070312,991.0,977.5,980.7000122070312,978.3524169921876,8114141,978.3524169921876,,987.8297119140624,-0.009594057363906505,-0.009594057363906505,,,,
2023-08-30,983.0,998.0,980.0,983.3499755859376,980.9960327148438,9023083,980.9960327148438,,987.8297119140624,-0.00691787169063518,0.0027021098703712276,,,,
2023-08-31,981.7999877929688,994.7000122070312,968.5999755859376,973.5,971.169677734375,21558300,971.169677734375,,987.8297119140624,-0.016865289612929546,-0.010016712252418514,,,,
2023-09-01,974.25,993.0,969.0,991.1500244140624,988.7774047851562,10946742,988.7774047851562,,988.7774047851562,0.0,0.018130433285209246,,,,
2023-09-04,993.75,994.5499877929688,980.0,982.25,979.8987426757812,6727188,979.8987426757812,,988.7774047851562,-0.008979434669933783,-0.008979434669933783,,,,
2023-09-05,985.4500122070312,986.2000122070312,977.9000244140624,981.4500122070312,979.1006469726562,10548660,979.1006469726562,,988.7774047851562,-0.009786588736423019,-0.0008144675244154964,,,,
2023-09-06,981.4500122070312,983.1500244140624,961.7999877929688,965.0499877929688,962.7398681640624,16351052,962.7398681640624,,988.7774047851562,-0.026333061915741696,-0.01671000714704951,,,,
2023-09-07,965.0499877929688,979.7999877929688,963.0999755859376,978.2000122070312,975.8583984375,8686550,975.8583984375,,988.7774047851562,-0.013065636699559624,0.013626245995665087,,,,
2023-09-08,978.2000122070312,987.2999877929688,972.5,980.2999877929688,977.953369140625,6439351,977.953369140625,,988.7774047851562,-0.010946888138977151,0.0021467978412434974,,,,
2023-09-11,981.7999877929688,1004.0,979.0,1000.4000244140624,998.0053100585938,7130484,998.0053100585938,,998.0053100585938,0.0,0.020503984699791422,,,,
2023-09-12,1010.0,1010.0,998.0499877929688,1000.9000244140624,998.5040893554688,8958327,998.5040893554688,,998.5040893554688,0.0,0.0004997761954250723,,,,
2023-09-13,1002.9500122070312,1017.0,993.7000122070312,1014.4500122070312,1012.0216674804688,12254423,1012.0216674804688,,1012.0216674804688,0.0,0.01353782950826532,,,,
2023-09-14,1014.4500122070312,1022.4000244140624,1009.0499877929688,1020.9000244140624,1018.4561767578124,7855558,1018.4561767578124,,1018.4561767578124,0.0,0.006358074618464382,,,,
2023-09-15,1021.0,1031.75,1014.5499877929688,1027.1500244140625,1024.69140625,8986157,1024.69140625,,1024.69140625,0.0,0.0061222364147637265,,,,
2023-09-18,1021.5499877929688,1029.9000244140625,1019.0,1024.75,1022.2970581054688,6397319,1022.2970581054688,,1024.69140625,-0.0023366528985480084,-0.0023366528985480084,,,,
2023-09-20,1012.2999877929688,1047.5,1012.2999877929688,1027.300048828125,1024.8409423828125,13619788,1024.8409423828125,,1024.8409423828125,0.0,0.0024884002718916776,,,,
2023-09-21,1026.5999755859375,1033.5999755859375,1012.0999755859376,1014.4500122070312,1012.0216674804688,8156588,1012.0216674804688,,1024.8409423828125,-0.012508550714746214,-0.012508550714746214,,,,
2023-09-22,1010.0,1027.25,1008.0,1018.25,1015.8125610351562,7108110,1015.8125610351562,,1024.8409423828125,-0.008809543973394285,0.0037458620467338832,,,,
2023-09-25,1015.2000122070312,1026.0,1005.1500244140624,1018.9500122070312,1016.5109252929688,7123890,1016.5109252929688,,1024.8409423828125,-0.008128107246062943,0.0006874932291651703,,,,
2023-09-26,1019.0,1020.7000122070312,1011.0,1014.1500244140624,1011.7223510742188,6387615,1011.7223510742188,,1024.8409423828125,-0.01280061204238414,-0.004710794640372273,,,,
2023-09-27,1009.9500122070312,1027.949951171875,1004.0,1025.199951171875,1022.745849609375,5158686,1022.745849609375,,1024.8409423828125,-0.0020443101819940246,0.010895774441922468,,,,
2023-09-28,1027.0,1037.949951171875,1025.199951171875,1030.9000244140625,1028.4322509765625,15818489,1028.4322509765625,,1028.4322509765625,0.0,0.0055599359013378535,,,,
2023-09-29,1030.9000244140625,1041.0,1024.5,1036.699951171875,1034.21826171875,9528626,1034.21826171875,,1034.21826171875,0.0,0.005626049491051388,,,,
2023-10-03,1035.0,1044.699951171875,1032.5999755859375,1041.050048828125,1038.5579833984375,11589322,1038.5579833984375,,1038.5579833984375,0.0,0.004196137160134228,,,,
2023-10-04,1035.3499755859375,1037.0,988.8499755859376,995.5499877929688,993.1668701171876,22584212,993.1668701171876,,1038.5579833984375,-0.0437059018435525,-0.0437059018435525,,,,
2023-10-05,1000.0,1009.2000122070312,988.9000244140624,1003.25,1000.8484497070312,7950412,1000.8484497070312,,1038.5579833984375,-0.03630951212565969,0.007734429954290745,,,,
2023-10-06,1005.0,1008.0,999.4000244140624,1000.9500122070312,998.553955078125,5289753,998.553955078125,,1038.5579833984375,-0.03851882028715303,-0.0022925495159410447,,,,
2023-10-09,994.7999877929688,999.7000122070312,988.25,996.25,993.8651733398438,6823214,993.8651733398438,,1038.5579833984375,-0.04303352414888484,-0.004695571745959803,,,,
2023-10-10,999.9000244140624,1014.9500122070312,996.5,1012.25,1009.8268432617188,5728499,1009.8268432617188,,1038.5579833984375,-0.027664454557176366,0.016060196443181907,,,,
2023-10-11,1019.0,1025.6500244140625,1012.0,1019.0999755859376,1016.6605224609376,7396783,1016.6605224609376,,1038.5579833984375,-0.021084485688363408,0.00676717918999481,0.19628408679562517,,,
2023-10-12,1022.0,1031.0,1014.9500122070312,1018.4500122070312,1016.0120849609376,4920222,1016.0120849609376,,1038.5579833984375,-0.021708848998227115,-0.000637811231649299,0.19377029733991344,,,
2023-10-13,1009.0,1011.4500122070312,992.25,994.0499877929688,991.6704711914062,12173162,991.6704711914062,,1038.5579833984375,-0.04514674477163316,-0.023957996297324757,0.20708167561394528,,,
2023-10-16,990.0,1009.4500122070312,990.0,1004.7999877929688,1002.3946533203124,4646960,1002.3946533203124,,1038.5579833984375,-0.034820713581911966,0.010814259817600425,0.20673836766861062,,,
2023-10-17,1008.8499755859376,1014.7000122070312,1003.0999755859376,1008.0499877929688,1005.6369018554688,6105067,1005.6369018554688,,1038.5579833984375,-0.03169883826345665,0.0032345030217557635,0.20051358569593916,,,
2023-10-18,1010.0,1014.0999755859376,989.3499755859376,992.8499755859376,990.4733276367188,7818946,990.4733276367188,,1038.5579833984375,-0.04629944262175234,-0.015078577755820333,0.20380878190248153,,,
2023-10-19,979.7000122070312,999.0,979.7000122070312,991.4000244140624,989.02685546875,4836625,989.02685546875,,1038.5579833984375,-0.04769221239589194,-0.0014603847752469035,0.20385188232011373,,,
2023-10-20,989.0,992.9000244140624,977.75,980.3499755859376,978.0032348632812,5664400,978.0032348632812,,1038.5579833984375,-0.058306564970985075,-0.011145926467531653,0.2003982651328998,,,
2023-10-23,980.0,984.9000244140624,961.0999755859376,964.2999877929688,961.99169921875,5896695,961.99169921875,,1038.5579833984375,-0.07372364894749761,-0.016371659186556364,0.2023080862792784,,,
2023-10-25,960.0,974.0,951.4000244140624,955.4500122070312,953.1629028320312,6957048,953.1629028320312,,1038.5579833984375,-0.08222466336156875,-0.009177622212217407,0.20372791659049314,,,
2023-10-26,956.0,975.0,952.75,972.0499877929688,969.7230834960938,17540495,969.7230834960938,,1038.5579833984375,-0.06627930361393752,0.017373924871455948,0.20107169060254948,,,
2023-10-27,980.0,1004.75,973.2999877929688,1002.75,1000.349609375,13443016,1000.349609375,,1038.5579833984375,-0.0367898322811111,0.031582754293617565,0.2220145409732866,,,
2023-10-30,1002.75,1002.75,979.2000122070312,989.2000122070312,986.8320922851562,5270567,986.8320922851562,,1038.5579833984375,-0.049805491787777156,-0.013512792890766678,0.22168976393168602,,,
2023-10-31,998.0,998.0,978.0,981.8499755859376,979.4996337890624,7816805,979.4996337890624,,1038.5579833984375,-0.05686572204290463,-0.007430300000798029,0.2214526168794396,,,
2023-11-01,977.8499755859376,979.2999877929688,968.0,971.7999877929688,969.4736938476562,5703984,969.4736938476562,,1038.5579833984375,-0.06651943430709484,-0.010235777120836786,0.22182438310491873,,,
2023-11-02,978.0,988.3499755859376,974.0,982.9500122070312,980.5970458984376,5193982,980.5970458984376,,1038.5579833984375,-0.05580905296239336,0.011473598635394433,0.2250938963476469,,,
2023-11-03,986.0,991.4000244140624,981.5,988.8499755859376,986.4828491210938,4268048,986.4828491210938,,1038.5579833984375,-0.050141768788816266,0.00600226489287814,0.22583552247998204,,,
2023-11-06,995.0,1016.2000122070312,993.0999755859376,1009.4000244140624,1006.9837036132812,6552178,1006.9837036132812,,1038.5579833984375,-0.030402038489788286,0.020781764741731434,0.23184518081956224,,,
2023-11-07,1008.0,1022.2000122070312,1005.25,1020.9000244140624,1018.4561767578124,6559859,1018.4561767578124,,1038.5579833984375,-0.0193554976823217,0.01139290844863261,0.23398619916316174,,,
2023-11-08,1024.0,1026.949951171875,1015.5999755859376,1021.7000122070312,1019.2542724609376,7643314,1019.2542724609376,,1038.5579833984375,-0.01858703244890869,0.000783632836972803,0.23398813303007626,,997.6092175292969,
2023-11-09,1024.75,1028.8499755859375,1016.6500244140624,1021.9000244140624,1019.4537963867188,4407935,1019.4537963867188,,1038.5579833984375,-0.01839491614055555,0.00019575480934652667,0.2335257937014125,,998.24169921875,
2023-11-10,1017.9000244140624,1031.0,1016.6500244140624,1029.199951171875,1026.736328125,3294063,1026.736328125,,1038.5579833984375,-0.011382759039369139,0.007143562331213937,0.23230465642277712,,999.2093774414062,
2023-11-13,1030.050048828125,1031.8499755859375,1023.5,1025.3499755859375,1022.8955078125,5985481,1022.8955078125,,1038.5579833984375,-0.015080983282883986,-0.0037408049245847286,0.23201551313380875,,1000.0473669433594,
2023-11-15,1045.0,1045.0,1031.550048828125,1041.3499755859375,1038.857177734375,7240388,1038.857177734375,,1038.857177734375,0.0,0.01560439927633439,0.2359160884538449,,1001.4011169433594,
2023-11-16,1042.800048828125,1044.0,1022.1500244140624,1026.3499755859375,1023.8931274414062,6908825,1023.8931274414062,,1038.857177734375,-0.01440433835727406,-0.01440433835727406,0.23935141673978008,,1002.1034313964843,
2023-11-17,1014.9000244140624,1020.0,991.8499755859376,994.3499755859376,991.9697265625,13268353,991.9697265625,,1038.857177734375,-0.04513368360618253,-0.03117845019497223,0.2217451579516151,,1002.3448510742187,
2023-11-20,981.0,994.75,980.3499755859376,988.7000122070312,986.3333129882812,8215656,986.3333129882812,,1038.857177734375,-0.05055927404827876,-0.005682041924556236,0.2211156408731695,,1002.4895043945312,
2023-11-21,989.9500122070312,997.5,986.6500244140624,991.7999877929688,989.4258422851562,7061614,989.4258422851562,,1038.857177734375,-0.047582417014264355,0.0031353795478179514,0.22127002830930817,,1003.0232238769531,
2023-11-22,991.0,999.9000244140624,988.0,998.0999755859376,995.7107543945312,6103988,995.7107543945312,,1038.857177734375,-0.04153258432881124,0.006352080005166849,0.2216412137719195,,1003.4202709960938,
2023-11-23,999.0,1003.4000244140624,995.4000244140624,999.0499877929688,996.6585083007812,3112891,996.6585083007812,,1038.857177734375,-0.04062027999423756,0.0009518365670624362,0.21648615333099583,,1003.7943737792968,
2023-11-24,1002.0,1010.75,999.7000122070312,1008.5,1006.0859375,6956281,1006.0859375,,1038.857177734375,-0.03154547221384674,0.009459036491136441,0.21739357084949623,,1003.955986328125,
2023-11-28,1013.0499877929688,1021.9500122070312,1009.25,1021.1500244140624,1018.7056274414062,6173384,1018.7056274414062,,1038.857177734375,-0.01939780628643961,0.012543351885788923,0.22052742364265635,,1004.3600170898437,
2023-11-29,1027.1500244140625,1063.5,1021.1500244140624,1060.1500244140625,1057.6123046875,9422396,1057.6123046875,,1057.6123046875,0.0,0.038192266929762964,0.23453094698336094,,1005.2718298339844,
2023-11-30,1062.699951171875,1080.9000244140625,1055.449951171875,1074.25,1071.678466796875,24755589,1071.678466796875,,1071.678466796875,0.0,0.013299922898997618,0.23542831411175125,,1006.3362756347656,
2023-12-01,1075.4000244140625,1109.0,1070.199951171875,1104.6500244140625,1102.0057373046875,14428758,1102.0057373046875,,1102.0057373046875,0.0,0.028298852172011335,0.24717378393759665,,1007.8825622558594,
2023-12-04,1120.5,1129.0,1099.0999755859375,1125.5999755859375,1122.905517578125,14043213,1122.905517578125,,1122.905517578125,0.0,0.018965219114516207,0.24501518689067714,,1009.8947314453125,
2023-12-05,1136.800048828125,1151.8499755859375,1127.1500244140625,1132.449951171875,1129.739013671875,15804808,1129.739013671875,,1129.739013671875,0.0,0.006085548594051193,0.24444727692283974,,1011.9926928710937,
2023-12-06,1135.0999755859375,1145.699951171875,1117.949951171875,1120.5,1117.8177490234375,7342767,1117.8177490234375,,1129.739013671875,-0.010552228881333447,-0.010552228881333447,0.24412168809511486,,1014.1086145019531,
2023-12-07,1119.25,1129.5999755859375,1108.5,1117.8499755859375,1115.1741943359375,6439419,1115.1741943359375,,1129.739013671875,-0.012892198250814557,-0.00236492459509563,0.23694667482947102,,1016.0958471679687,
2023-12-08,1115.8499755859375,1134.3499755859375,1111.5,1131.199951171875,1128.4920654296875,7300989,1128.4920654296875,,1129.739013671875,-0.0011037489429834846,0.011942413267265861,0.23381680135188612,,1018.3354699707031,
2023-12-11,1129.0,1139.4000244140625,1113.8499755859375,1116.5,1113.827392578125,6924589,1113.827392578125,,1129.739013671875,-0.01408433355066152,-0.012994927745441198,0.23723749403037625,,1020.3775708007812,
2023-12-12,1120.0,1133.9000244140625,1109.0,1131.0,1128.292724609375,9044111,1128.292724609375,,1129.739013671875,-0.0012801975013674305,0.012987049993238076,0.22474454344377243,,1022.4885083007813,
2023-12-13,1150.0,1151.0,1111.449951171875,1114.8499755859375,1112.181396484375,8184523,1112.181396484375,,1129.739013671875,-0.015541303765755798,-0.014279386699562302,0.22527742603335957,,1024.1634912109375,
2023-12-14,1132.4000244140625,1138.5999755859375,1117.9000244140625,1120.449951171875,1117.767822265625,9421193,1117.767822265625,,1129.739013671875,-0.010596422059765187,0.005022944817193231,0.2226187191280674,,1025.834482421875,
2023-12-15,1119.199951171875,1127.8499755859375,1108.5999755859375,1120.3499755859375,1117.6680908203125,12048410,1117.6680908203125,,1129.739013671875,-0.010684700364847699,-8.922375767661528e-05,0.21868773102354322,,1027.4166845703126,
2023-12-18,1119.699951171875,1120.0,1107.199951171875,1111.3499755859375,1108.689697265625,7922468,1108.689697265625,,1129.739013671875,-0.018632016909671534,-0.008033148327691642,0.2208465377020686,,1029.7271411132813,
2023-12-19,1123.800048828125,1126.8499755859375,1114.199951171875,1120.25,1117.568359375,6824641,1117.568359375,,1129.739013671875,-0.0107729786699301,0.008008248052879585,0.22106567925069873,,1032.0615393066407,
2023-12-20,1122.0,1123.8499755859375,1102.699951171875,1110.25,1107.5924072265625,9848057,1107.5924072265625,,1129.739013671875,-0.019603294369140767,-0.008926480483052113,0.21852650152527453,,1034.2423083496094,
2023-12-21,1103.9000244140625,1103.9000244140625,1077.199951171875,1095.4000244140625,1092.77783203125,10914682,1092.77783203125,,1129.739013671875,-0.03271656656389499,-0.01337547557987373,0.2222851822133164,,1036.2205615234375,
2023-12-22,1095.4000244140625,1106.300048828125,1085.800048828125,1088.300048828125,1085.6949462890625,10600025,1085.6949462890625,,1129.739013671875,-0.038986055053246815,-0.006481542299427767,0.22374952112769889,,1037.7379235839844,
2023-12-26,1091.199951171875,1100.6500244140625,1086.699951171875,1094.25,1091.6304931640625,5687517,1091.6304931640625,,1129.739013671875,-0.03373214525357704,0.005467048451581968,0.2238601886659448,,1039.237322998047,
2023-12-27,1096.050048828125,1110.550048828125,1089.6500244140625,1106.3499755859375,1103.70166015625,6132936,1103.70166015625,,1129.739013671875,-0.023047228785167295,0.011057923965827943,0.22486940668157895,,1040.9911145019532,
2023-12-28,1107.25,1113.0,1098.0,1107.8499755859375,1105.197998046875,14097667,1105.197998046875,,1129.739013671875,-0.021722730053587158,0.0013557448943342099,0.22412242960844234,,1043.2616650390626,
2023-12-29,1101.449951171875,1106.8499755859375,1093.949951171875,1102.300048828125,1099.661376953125,8786731,1099.661376953125,,1129.739013671875,-0.026623526632927108,-0.005009619184557335,0.22174238590351758,,1045.2069995117188,
2024-01-01,1095.0,1104.0,1093.0,1097.699951171875,1095.072265625,4083732,1095.072265625,,1129.739013671875,-0.030685625288093044,-0.004173204064727876,0.2171026765451143,,1046.9957067871094,
2024-01-02,1095.0999755859375,1099.3499755859375,1082.300048828125,1093.25,1090.6329345703125,7895577,1090.6329345703125,,1129.739013671875,-0.03461514440796376,-0.004053916069323371,0.19369149055893323,,1048.9988989257813,
2024-01-03,1091.0,1102.5999755859375,1081.300048828125,1098.5999755859375,1095.97021484375,10225290,1095.97021484375,,1129.739013671875,-0.029890796387007756,0.004893745736314292,0.19187652122937873,,1051.1377661132813,
2024-01-04,1103.0,1130.0,1100.050048828125,1123.4000244140625,1120.7109375,11411683,1120.7109375,,1129.739013671875,-0.00799129361969364,0.02257426554222297,0.1995928293490303,,1053.9919201660157,
2024-01-05,1124.0,1139.9000244140625,1119.0,1136.949951171875,1134.228271484375,8025466,1134.228271484375,,1134.228271484375,0.0,0.012061392043276165,0.2008007173395625,,1057.4366516113282,
2024-01-08,1145.0,1146.0,1118.5,1122.0,1119.314208984375,4735538,1119.314208984375,,1134.228271484375,-0.013149083720582877,-0.013149083720582877,0.20698544438112382,,1060.759677734375,
2024-01-09,1128.550048828125,1135.550048828125,1112.3499755859375,1116.550048828125,1113.8773193359375,6359362,1113.8773193359375,,1134.228271484375,-0.017942554122552412,-0.0048573399719197274,0.20783612008745725,0.20649613680575354,1063.6427624511718,
2024-01-10,1115.25,1116.0,1099.050048828125,1107.0,1104.35009765625,5934163,1104.35009765625,,1134.228271484375,-0.026342293327800026,-0.008553205558909593,0.2088338217862571,0.2063462486205136,1065.7227722167968,
2024-01-11,1111.050048828125,1127.9000244140625,1111.050048828125,1125.75,1123.05517578125,4683035,1123.05517578125,,1134.228271484375,-0.0098508351308354,0.016937634328731077,0.18526839368750841,0.20796322444189455,1068.4472338867188,
2024-01-12,1126.3499755859375,1129.449951171875,1118.050048828125,1120.3499755859375,1117.6680908203125,5616755,1117.6680908203125,,1134.228271484375,-0.014600394894398128,-0.004796812371386849,0.18314754951894843,0.2073208639130232,1071.2106030273437,
2024-01-15,1122.0,1130.449951171875,1116.5999755859375,1119.5,1116.8201904296875,6719079,1116.8201904296875,,1134.228271484375,-0.015347951988452402,-0.0007586334418858698,0.16457425160654604,0.2054695877801627,1074.1575329589843,
2024-01-16,1116.6500244140625,1127.800048828125,1115.0999755859375,1119.0999755859375,1116.421142578125,5229753,1116.421142578125,,1134.228271484375,-0.01569977521627608,-0.0003573071609754841,0.15498082406972158,0.20473719217342187,1076.874014892578,
2024-01-17,1082.0,1115.0,1079.199951171875,1082.300048828125,1079.709228515625,24913719,1079.709228515625,,1134.228271484375,-0.048067081679599166,-0.03288357113850604,0.18042766157473528,0.21265737181399955,1078.7385424804688,
2024-01-18,1066.0,1108.75,1066.0,1097.5,1094.872802734375,11473135,1094.872802734375,,1134.228271484375,-0.03469801427052699,0.014044127639435633,0.18369372237907944,0.21155707687431052,1080.4963244628907,
2024-01-19,1107.1500244140625,1126.300048828125,1105.0,1116.550048828125,1113.8773193359375,12303696,1113.8773193359375,,1134.228271484375,-0.017942554122552412,0.017357739231534497,0.19082678054265645,0.21225278561009084,1082.404747314453,
2024-01-23,1125.9000244140625,1141.5999755859375,1078.800048828125,1089.25,1086.642578125,18924087,1086.642578125,,1134.228271484375,-0.04195424726726227,-0.024450395692744764,0.20001632336974723,0.21666456479970092,1083.7525134277344,
2024-01-24,1034.800048828125,1073.199951171875,1020.9000244140624,1059.1500244140625,1056.61474609375,20884046,1056.61474609375,,1134.228271484375,-0.0684284877585104,-0.027633586825819956,0.2116882896618713,0.21951525302342156,1084.495732421875,
2024-01-25,1058.0,1063.699951171875,1025.800048828125,1042.25,1039.7550048828125,20835434,1039.7550048828125,,1134.228271484375,-0.08329299222803221,-0.015956375086820573,0.21089370102976943,0.2212839118688662,1084.7561059570312,
2024-01-29,1036.0,1068.0,1036.0,1061.25,1058.7095947265625,11188604,1058.7095947265625,,1134.228271484375,-0.06658155034257829,0.01822986160656792,0.21627419044777774,0.22220127473894213,1085.4723876953126,
2024-01-30,1060.050048828125,1070.449951171875,1050.800048828125,1054.0999755859375,1051.57666015625,9426983,1051.57666015625,,1134.228271484375,-0.07287035018088384,-0.0067373854037421355,0.2158533701217616,0.22232060305387288,1085.72677734375,
2024-01-31,1048.199951171875,1084.0999755859375,1042.699951171875,1067.75,1065.194091796875,12600390,1065.194091796875,,1134.228271484375,-0.06086444979647199,0.012949537733750738,0.22009275120646937,0.2231057057569665,1086.5527966308593,
2024-02-01,1072.6500244140625,1087.6500244140625,1056.800048828125,1084.25,1081.654541015625,9756682,1081.654541015625,,1134.228271484375,-0.04635198380300143,0.015453004617198784,0.22452393448164723,0.22444067044803548,1088.346492919922,
2024-02-02,1088.050048828125,1096.199951171875,1065.0,1067.050048828125,1064.495849609375,8667415,1064.495849609375,,1134.228271484375,-0.06148005972707815,-0.015863374816638576,0.2270999822772345,0.22612718528406286,1089.9097436523436,
2024-02-05,1067.050048828125,1079.5,1058.0,1061.5,1058.958984375,12569454,1058.958984375,,1134.228271484375,-0.06636167427820272,-0.005201396732929298,0.2262996853259662,0.2252638151432155,1091.3004064941406,
2024-02-06,1061.550048828125,1065.0999755859375,1048.199951171875,1050.050048828125,1047.536376953125,8011171,1047.536376953125,,1134.228271484375,-0.07643249309752742,-0.01078663818940695,0.22523078668637822,0.22600118950447226,1092.3369189453124,
2024-02-07,1061.050048828125,1073.699951171875,1057.5,1069.0999755859375,1066.540771484375,7281793,1066.540771484375,,1134.228271484375,-0.05967714057366669,0.01814199005339212,0.23153655484311803,0.22793382709637566,1093.7345642089845,
2024-02-08,1072.0,1075.5999755859375,1031.6500244140625,1035.9000244140625,1033.420166015625,9869141,1033.420166015625,,1134.228271484375,-0.0888781456106904,-0.03105423285661535,0.24704685696647072,0.2338688193644913,1094.281248779297,
2024-02-09,1039.949951171875,1054.9000244140625,1034.550048828125,1051.4000244140625,1048.88330078125,8233454,1048.88330078125,,1134.228271484375,-0.07524496862649466,0.01496306659588753,0.24905142024991245,0.234486660852266,1094.8848022460938,
2024-02-12,1051.4000244140625,1057.25,1035.3499755859375,1046.699951171875,1044.1943359375,8694379,1044.1943359375,,1134.228271484375,-0.07937902608356495,-0.004470435214534829,0.24902765754146247,0.2344610010285672,1094.6164428710938,
2024-02-13,1051.0,1075.550048828125,1044.800048828125,1070.75,1068.1868896484375,8413609,1068.1868896484375,,1134.228271484375,-0.058225829399851325,0.022977096202496217,0.25888039666902324,0.2373615235421573,1094.546611328125,
2024-02-14,1061.300048828125,1100.9000244140625,1060.550048828125,1096.8499755859375,1094.224365234375,16609115,1094.224365234375,,1134.228271484375,-0.035269713562726235,0.024375393330756,0.2687204723489867,0.24063761532575761,1094.3909838867187,
2024-02-15,1097.5,1097.550048828125,1069.25,1072.199951171875,1069.6334228515625,11780823,1069.6334228515625,,1134.228271484375,-0.056950483652004724,-0.022473400487244,0.27639569850312884,0.23201331566729477,1093.3255419921875,
2024-02-16,1073.0,1076.0,1058.0,1068.75,1066.191650390625,8660907,1066.191650390625,,1134.228271484375,-0.059984945538969714,-0.0032177121501700823,0.27601954187677225,0.23182757569538637,1092.0545947265625,
2024-02-19,1069.0,1070.0,1060.0999755859375,1062.949951171875,1060.405517578125,7562645,1060.405517578125,,1134.228271484375,-0.06508632853035612,-0.005426916268177595,0.26723038936447985,0.23200554685960503,1090.9063500976563,
2024-02-20,1059.0,1090.5,1057.699951171875,1088.5999755859375,1085.994140625,8722800,1085.994140625,,1134.228271484375,-0.042525946559461625,0.02413097878377446,0.2748150516897948,0.2350755013827429,1090.3227490234376,
2024-02-21,1093.8499755859375,1093.949951171875,1073.0999755859375,1084.199951171875,1081.6046142578125,9177213,1081.6046142578125,,1134.228271484375,-0.04639600206552197,-0.004041942956212741,0.27266268663752474,0.23385517288811264,1089.385,
2024-02-22,1090.300048828125,1110.699951171875,1081.5,1100.9000244140625,1098.2646484375,14633340,1098.2646484375,,1134.228271484375,-0.03170757064608265,0.015403072398243678,0.2764675866280578,0.23491580308945903,1089.0737451171874,
2024-02-23,1099.0,1107.4000244140625,1090.0,1096.800048828125,1094.174560546875,6250943,1094.174560546875,,1134.228271484375,-0.035313624201133154,-0.0037241368885395643,0.27557125004808963,0.23503222075069222,1088.3913818359374,
2024-02-26,1093.449951171875,1094.800048828125,1079.6500244140625,1085.199951171875,1082.602294921875,5354189,1082.602294921875,,1134.228271484375,-0.045516390183905964,-0.010576251762987487,0.27225298325799163,0.2320676019013921,1087.7997998046876,
2024-02-27,1081.6500244140625,1088.550048828125,1072.050048828125,1079.050048828125,1076.467041015625,6546815,1076.467041015625,,1134.228271484375,-0.050925578140595396,-0.005667135507682164,0.27236790633013996,0.23174880515792606,1086.9737841796875,
2024-02-28,1077.4000244140625,1085.0,1064.050048828125,1074.199951171875,1071.628662109375,7643191,1071.628662109375,,1134.228271484375,-0.055191367512886336,-0.004494683740326244,0.27254138669201683,0.23188898663114654,1086.0529956054688,
2024-02-29,1071.0,1082.300048828125,1055.3499755859375,1075.0999755859375,1072.5263671875,13648997,1072.5263671875,,1134.228271484375,-0.054399899780425254,0.0008377016310463503,0.27259675440190523,0.23032492932565993,1085.3297290039063,
2024-03-01,1076.0,1101.699951171875,1076.0,1099.25,1096.61865234375,4819390,1096.61865234375,,1134.228271484375,-0.03315877419578417,0.022463116892340373,0.26373808109186564,0.23306718403570117,1084.9107348632813,
2024-03-04,1099.25,1108.9000244140625,1093.0999755859375,1106.75,1104.1007080078125,5895441,1104.1007080078125,,1134.228271484375,-0.026562169392175594,0.006822841876774177,0.26137147133177524,0.23229840675455277,1084.8409008789063,
2024-03-05,1102.199951171875,1110.9000244140625,1094.5,1100.800048828125,1098.1650390625,4851446,1098.1650390625,,1134.228271484375,-0.03179539192289638,-0.005376021319669744,0.2568282528118871,0.23063198369530336,1084.9486450195313,
2024-03-06,1100.199951171875,1131.949951171875,1095.3499755859375,1125.0,1122.3070068359375,13787638,1122.3070068359375,,1134.228271484375,-0.010510463323962105,0.021983915818379662,0.254206350703576,0.2324055162728535,1085.6808862304688,
2024-03-07,1126.0,1126.9000244140625,1107.550048828125,1111.449951171875,1108.789306640625,6943879,1108.789306640625,,1134.228271484375,-0.022428434807446496,-0.012044565446866717,0.2425905293709678,0.2320807376071496,1086.0240625,
2024-03-11,1112.25,1120.0,1101.9000244140625,1105.0999755859375,1102.4547119140625,6751641,1102.4547119140625,,1134.228271484375,-0.028013372941877113,-0.005713073429391979,0.237875280649177,0.22676606381264408,1085.9991235351563,
2024-03-12,1105.0,1121.4000244140625,1084.25,1097.0,1094.3740234375,9817138,1094.3740234375,,1134.228271484375,-0.035137766399278125,-0.0073297237421507955,0.23428710183752144,0.22586586607208844,1085.7826440429687,
2024-03-13,1096.0,1099.550048828125,1070.75,1080.4000244140625,1077.813720703125,11503890,1077.813720703125,,1134.228271484375,-0.049738268917789985,-0.015132214745337214,0.23799564740571624,0.22706844621267866,1085.3456909179688,
2024-03-14,1075.0,1081.25,1055.5999755859375,1058.25,1055.7166748046875,10253613,1055.7166748046875,,1134.228271484375,-0.06922027836331279,-0.020501730005832774,0.24301007367746325,0.22916789895999576,1084.5585791015626,
2024-03-15,1056.25,1056.25,1030.25,1046.4000244140625,1043.8951416015625,17798175,1043.8951416015625,,1134.228271484375,-0.07964281278634744,-0.011197638045559954,0.24036868162846262,0.22938808706129724,1083.6238232421874,
2024-03-18,1044.0,1066.9000244140625,1043.5999755859375,1061.3499755859375,1058.809326171875,7612407,1058.809326171875,,1134.228271484375,-0.06649362144165083,0.014287052382896404,0.24013145782533024,0.23033719076784331,1082.88060546875,
2024-03-19,1055.550048828125,1060.949951171875,1046.699951171875,1050.800048828125,1048.2845458984375,6728886,1048.2845458984375,,1134.228271484375,-0.07577286490440072,-0.009940203597837427,0.2414011435074765,0.22855496608360934,1081.4320776367188,
2024-03-20,1050.0,1057.449951171875,1030.949951171875,1034.75,1032.2730712890625,12619644,1032.2730712890625,,1134.228271484375,-0.08988948940752706,-0.015273977539802641,0.24344864143351327,0.22932722788174142,1079.3929736328125,
2024-03-21,1039.3499755859375,1050.550048828125,1028.1500244140625,1035.5999755859375,1033.120849609375,9903738,1033.120849609375,,1134.228271484375,-0.08914203993758663,0.0008212733082864077,0.2370929773663937,0.22932748319431479,1077.6691064453125,
2024-03-22,1040.0999755859375,1047.25,1029.949951171875,1033.300048828125,1030.82666015625,9891194,1030.82666015625,,1134.228271484375,-0.09116472753125993,-0.0022206399706214963,0.2193460274084445,0.22936484260305937,1076.0080932617188,
2024-03-26,1029.0,1044.199951171875,1027.5,1040.550048828125,1038.0592041015625,9656767,1038.0592041015625,,1134.228271484375,-0.08478810641614065,0.007016256199869897,0.21581872860580828,0.2293540705600415,1074.682275390625,
2024-03-27,1045.800048828125,1057.550048828125,1044.25,1052.8499755859375,1050.3297119140625,17027308,1050.3297119140625,,1134.228271484375,-0.07396973050276179,0.011820624261137391,0.21820649332585718,0.23006922928814616,1073.2277661132812,
2024-03-28,1052.8499755859375,1058.4000244140625,1044.0999755859375,1047.199951171875,1044.693115234375,10235318,1044.693115234375,,1134.228271484375,-0.07893927395481382,-0.005366502171413989,0.2078099084630302,0.22881731442401057,1071.7682666015626,
2024-04-01,1052.3499755859375,1063.75,1048.9000244140625,1053.0999755859375,1050.5791015625,5484556,1050.5791015625,,1134.228271484375,-0.07374985443838611,0.005634177388834871,0.19488850312974143,0.22765854152171483,1070.4434448242187,
2024-04-02,1051.0,1055.8499755859375,1040.199951171875,1047.199951171875,1044.693115234375,13617893,1044.693115234375,,1134.228271484375,-0.07893927395481382,-0.005602611283025638,0.18482250119303434,0.22155839996203017,1069.0088842773437,
2024-04-03,1043.800048828125,1070.300048828125,1043.75,1063.25,1060.704833984375,11573590,1060.704833984375,,1134.228271484375,-0.0648224342034599,0.015326719891714635,0.1903769504727814,0.22263880635461555,1068.6287963867187,
2024-04-04,1070.0,1080.699951171875,1059.1500244140625,1062.949951171875,1060.405517578125,17964844,1060.405517578125,,1134.228271484375,-0.06508632853035612,-0.0002821863318239748,0.189709441402346,0.2226153173596446,1067.9394506835938,
2024-04-05,1061.0999755859375,1063.0,1048.0999755859375,1059.0999755859375,1056.564697265625,9210187,1056.564697265625,,1134.228271484375,-0.06847261364514479,-0.00362202973186343,0.17565224004906985,0.22254512321440126,1066.7931982421876,
2024-04-08,1067.0,1079.449951171875,1063.550048828125,1076.050048828125,1073.4742431640625,4967186,1073.4742431640625,,1134.228271484375,-0.05356419853721606,0.016004269253174108,0.18198743974609305,0.22400313426879212,1066.5298315429689,
2024-04-09,1090.0,1090.0,1071.3499755859375,1080.0,1077.4146728515625,11385226,1077.4146728515625,,1134.228271484375,-0.05009009214561366,0.00367072588149453,0.17634233952533887,0.22358764981012313,1066.945830078125,
2024-04-10,1086.199951171875,1093.0,1080.0,1087.800048828125,1085.1961669921875,9064074,1085.1961669921875,,1134.228271484375,-0.04322948539099514,0.0072223762463063945,0.1774960921799014,0.2229767849558734,1067.8546533203125,
2024-04-12,1079.5,1096.4000244140625,1071.0999755859375,1073.449951171875,1070.88037109375,18045983,1070.88037109375,,1134.228271484375,-0.05585110333012688,-0.013191896851346474,0.17897867238568022,0.21501410634369914,1068.0980688476564,
2024-04-15,1063.0999755859375,1071.0,1055.25,1057.949951171875,1055.4173583984375,8889435,1055.4173583984375,,1134.228271484375,-0.0694841726902089,-0.014439533222108891,0.18302409164341107,0.2152495775377524,1068.1748828125,
2024-04-16,1049.949951171875,1057.8499755859375,1044.3499755859375,1051.9000244140625,1049.382080078125,7107881,1049.382080078125,,1134.228271484375,-0.07480521649774341,-0.005718380764052289,0.18328489774788947,0.21001392830771526,1067.858642578125,
2024-04-18,1044.1500244140625,1051.4000244140625,1013.8499755859376,1024.0,1021.5487670898438,17832438,1021.5487670898438,,1134.228271484375,-0.09934464448418878,-0.026523526098529482,0.19794376339991848,0.21188807259432926,1066.6565270996093,
2024-04-19,1015.0,1036.949951171875,995.7000122070312,1029.0999755859375,1026.636474609375,21598007,1026.636474609375,,1134.228271484375,-0.0948590328595792,0.004980386334394016,0.18561801500910374,0.211792035437949,1065.8993395996094,
2024-04-22,1039.0,1058.5,1032.0,1053.949951171875,1051.427001953125,9410832,1051.427001953125,,1134.228271484375,-0.07300229734433195,0.02414732766355554,0.1991749299758555,0.21527941341915238,1065.7486999511718,
2024-04-23,1058.0,1060.25,1048.75,1055.75,1053.2227783203125,8300012,1053.2227783203125,,1134.228271484375,-0.07141903900706859,0.0017079420291201686,0.19905124841944424,0.21529216026250408,1065.8624279785156,
2024-04-24,1056.0,1068.949951171875,1056.0,1063.25,1060.704833984375,5641163,1060.704833984375,,1134.228271484375,-0.0648224342034599,0.007103963015303361,0.18829725344992287,0.21464888527896306,1065.7457092285156,
2024-04-25,1100.0,1133.949951171875,1086.0999755859375,1127.0,1124.30224609375,46136295,1124.30224609375,,1134.228271484375,-0.008751347184843716,0.05995769046369004,0.2572927462673943,0.2363352063636706,1067.5633508300782,
2024-04-26,1130.0,1141.3499755859375,1123.0,1130.300048828125,1127.5943603515625,10133766,1127.5943603515625,,1134.228271484375,-0.005848832461326836,0.002928139892320436,0.2566719321709874,0.23539327192602277,1069.1375720214844,
2024-04-29,1130.300048828125,1164.0,1125.300048828125,1159.25,1156.4749755859375,15183242,1156.4749755859375,,1156.4749755859375,0.0,0.025612592834687975,0.26513791546484583,0.23794363357440487,1071.3831848144532,
2024-04-30,1160.1500244140625,1182.9000244140625,1155.1500244140625,1165.9000244140625,1163.1092529296875,18965164,1163.1092529296875,,1163.1092529296875,0.0,0.005736637180920212,0.26029233294423365,0.23798466140063304,1073.2816320800782,
2024-05-02,1156.0,1174.0,1148.0,1149.8499755859375,1147.0975341796875,12302236,1147.0975341796875,,1163.1092529296875,-0.013766306741751944,-0.013766306741751944,0.25577484132343264,0.2391864754578147,1074.3390954589843,
2024-05-03,1150.9000244140625,1163.25,1134.0999755859375,1141.5,1138.7674560546875,9993632,1138.7674560546875,,1163.1092529296875,-0.020928211871487412,-0.007261874319132722,0.25413968261689157,0.23911294524614046,1075.7217761230468,
2024-05-06,1143.9000244140625,1156.0,1135.6500244140625,1143.6500244140625,1140.912353515625,7490104,1140.912353515625,,1163.1092529296875,-0.0190841052619537,0.001883525428772348,0.25189626536743204,0.23878120560136543,1077.2161901855468,
2024-05-07,1146.050048828125,1148.800048828125,1124.050048828125,1127.699951171875,1125.00048828125,7115509,1125.00048828125,,1163.1092529296875,-0.03276456149965923,-0.013946614904592702,0.2538908513223258,0.23947962239092288,1078.5080895996093,
2024-05-08,1124.6500244140625,1135.449951171875,1118.25,1128.6500244140625,1125.9482421875,8175609,1125.9482421875,,1163.1092529296875,-0.03194971637323396,0.0008424475510209195,0.24833446595144457,0.23836237228917462,1079.3071716308593,
2024-05-09,1122.0,1134.550048828125,1112.199951171875,1115.6500244140625,1112.9793701171875,5226693,1112.9793701171875,,1163.1092529296875,-0.04309989167933348,-0.01151817782060438,0.25183255143021716,0.2389250023503289,1079.9346667480468,
2024-05-10,1123.699951171875,1140.0,1113.3499755859375,1120.0999755859375,1117.418701171875,7242718,1117.418701171875,,1163.1092529296875,-0.03928311260762929,0.003988691231734176,0.2514414466844389,0.238848798628232,1080.3177478027344,
2024-05-13,1120.0999755859375,1135.4000244140625,1105.050048828125,1132.0,1129.290283203125,5513160,1129.290283203125,,1163.1092529296875,-0.0290763482805918,0.010624112536151253,0.2521820531738963,0.23879493512724487,1081.0200622558593,
2024-05-14,1129.949951171875,1136.0999755859375,1118.0999755859375,1122.8499755859375,1120.162109375,5471143,1120.162109375,,1163.1092529296875,-0.03692442773239957,-0.008083106676729512,0.2526830892500442,0.23920612898548743,1081.771258544922,
2024-05-15,1125.550048828125,1131.199951171875,1118.5999755859375,1128.050048828125,1125.3497314453125,5436338,1125.3497314453125,,1163.1092529296875,-0.03246429463892986,0.004631135107048934,0.25171766797513323,0.2391486220279777,1082.7489123535156,
2024-05-16,1134.1500244140625,1143.949951171875,1111.300048828125,1139.300048828125,1136.5728759765625,10750526,1136.5728759765625,,1163.1092529296875,-0.022815033829611475,0.00997302813307277,0.2524848477577486,0.23955913988298108,1084.0477966308595,
2024-05-17,1132.0,1146.0,1126.0999755859375,1141.3499755859375,1138.6177978515625,9909986,1138.6177978515625,,1163.1092529296875,-0.021056882675840605,0.001799199961764808,0.25126645682302295,0.23944252515226339,1085.3696252441407,
2024-05-21,1136.0,1145.75,1129.199951171875,1137.6500244140625,1134.9267578125,8162017,1134.9267578125,,1163.1092529296875,-0.024230307725779165,-0.003241684827013147,0.2491000527388457,0.2394155074341891,1086.1357873535155,
2024-05-22,1142.0,1142.0,1117.949951171875,1126.0,1123.3046875,9094033,1123.3046875,,1163.1092529296875,-0.03422255074441727,-0.010240370343281735,0.25168137773654736,0.23713464513180785,1086.5198669433594,
2024-05-23,1126.0,1169.6500244140625,1125.75,1165.25,1162.460693359375,12818081,1162.460693359375,,1163.1092529296875,-0.0005576084694356442,0.034857867411307364,0.26831615392734953,0.24336705477062,1087.8057800292968,
2024-05-24,1165.5,1177.0,1160.5999755859375,1174.0,1171.189697265625,8814997,1171.189697265625,,1171.189697265625,0.0,0.007509074462573206,0.2659468948456603,0.2425669507685663,1088.7834338378907,
2024-05-27,1178.9000244140625,1196.0,1168.0,1187.0,1184.158447265625,10450046,1184.158447265625,,1184.158447265625,0.0,0.011073142147918658,0.2669625120732167,0.24301304947975905,1090.2908166503905,
2024-05-28,1188.0,1192.4000244140625,1179.0,1183.4000244140625,1180.567138671875,4018776,1180.567138671875,,1184.158447265625,-0.0030327939660801384,-0.0030327939660801384,0.26730362811232555,0.24258694164597883,1091.853065185547,
2024-05-29,1172.0,1185.9000244140625,1156.0,1159.75,1156.973876953125,9418064,1156.973876953125,,1184.158447265625,-0.022956868969074784,-0.019984684433358102,0.27155849186828757,0.24352245492894475,1093.1050622558594,
2024-05-30,1155.199951171875,1179.800048828125,1155.0,1167.949951171875,1165.1541748046875,7232217,1165.1541748046875,,1184.158447265625,-0.01604875809045725,0.007070425715319795,0.26686287879338,0.24360861617422136,1094.8518713378905,
2024-05-31,1173.0,1178.0,1153.4000244140625,1162.1500244140625,1159.3680419921875,10057642,1159.3680419921875,,1184.158447265625,-0.020935040687064976,-0.004965980414969429,0.2666473961469237,0.2437756626491434,1096.9248986816406,
2024-06-03,1197.050048828125,1242.199951171875,1193.4000244140625,1223.9000244140625,1220.9703369140625,22197339,1220.9703369140625,,1220.9703369140625,0.0,0.053134373805941104,0.28790621605520517,0.2591701446703488,1100.4664025878906,
2024-06-04,1224.0,1224.0,1101.550048828125,1131.25,1128.5419921875,24135989,1128.5419921875,,1220.9703369140625,-0.07570072911039771,-0.07570072911039771,0.3730462667881034,0.2838110029545346,1101.861055908203,
2024-06-05,1138.0,1193.0,1110.699951171875,1184.5,1181.66455078125,21039499,1181.66455078125,,1220.9703369140625,-0.03219225311579299,0.04707184930777841,0.3896573496324862,0.29344190502806344,1104.5286560058594,
2024-06-06,1192.0999755859375,1195.9000244140625,1163.25,1170.949951171875,1168.14697265625,12006879,1168.14697265625,,1220.9703369140625,-0.04326342963525287,-0.011439437796507468,0.3922402777043383,0.2928572115856345,1107.2461340332031,
2024-06-07,1178.0,1195.199951171875,1166.75,1186.800048828125,1183.959228515625,8583998,1183.959228515625,,1220.9703369140625,-0.03031286451395787,0.013536186994877353,0.3931596007762791,0.2905100659335137,1110.262901611328,
2024-06-10,1185.0,1212.4000244140625,1185.0,1200.0,1197.1273193359375,9995057,1197.1273193359375,,1220.9703369140625,-0.019527925337143648,0.011122081321011335,0.35649393124628326,0.28686466820040063,1113.588914794922,
2024-06-11,1204.449951171875,1209.3499755859375,1190.449951171875,1194.5999755859375,1191.740478515625,9390212,1191.740478515625,,1220.9703369140625,-0.023939859564741317,-0.0044998061052525795,0.3570371383899008,0.2855224869713976,1116.662540283203,
2024-06-12,1192.0999755859375,1206.1500244140625,1184.0999755859375,1187.9000244140625,1185.0565185546875,7199718,1185.0565185546875,,1220.9703369140625,-0.02941416124010454,-0.00560857005483506,0.35057329052524916,0.28439356080217487,1119.3570764160156,
2024-06-13,1201.800048828125,1202.0,1173.449951171875,1174.6500244140625,1171.838134765625,5321148,1171.838134765625,,1220.9703369140625,-0.04024029140021246,-0.011154222251934298,0.3520270088379412,0.2848476070480336,1121.8999768066406,
2024-06-14,1180.949951171875,1184.6500244140625,1170.0,1181.050048828125,1178.222900390625,4451031,1178.222900390625,,1220.9703369140625,-0.0350110360842012,0.0054485047342114346,0.3496625799831689,0.28425962817336503,1124.452852783203,
2024-06-18,1194.0,1194.0,1181.1500244140625,1191.9000244140625,1189.0469970703125,6837181,1189.0469970703125,,1220.9703369140625,-0.02614587666759749,0.009186798759469816,0.34948215382666015,0.2835675237704448,1127.339930419922,
2024-06-19,1193.0,1243.3499755859375,1185.5,1226.6500244140625,1223.713623046875,17987437,1223.713623046875,,1223.713623046875,0.0,0.02915496701305953,0.3584446822750241,0.2858890114763451,1130.600106201172,
2024-06-20,1230.0999755859375,1241.5,1220.4000244140625,1239.5,1236.5328369140625,8206858,1236.5328369140625,,1236.5328369140625,0.0,0.010475664915186256,0.3556335430382538,0.28601936161097546,1134.1226525878906,
2024-06-21,1246.0,1246.0,1223.75,1237.449951171875,1234.48779296875,29311314,1234.48779296875,,1236.5328369140625,-0.0016538533262215882,-0.0016538533262215882,0.35586312238731144,0.2852810672161551,1137.681114501953,
2024-06-24,1231.0,1235.75,1225.050048828125,1228.0999755859375,1225.16015625,6676530,1225.16015625,,1236.5328369140625,-0.00919723304109299,-0.007555876025568842,0.3546107796329989,0.2843998067020389,1140.714832763672,1072.151598815918
2024-06-25,1234.449951171875,1278.75,1226.0,1271.449951171875,1268.4063720703125,17607952,1268.4063720703125,,1268.4063720703125,0.0,0.035298418414684285,0.3664375987404219,0.2844348237732698,1144.534666748047,1073.5544821166993
2024-06-26,1281.0999755859375,1292.949951171875,1259.199951171875,1285.4000244140625,1282.322998046875,13956370,1282.322998046875,,1282.322998046875,0.0,0.010971740826126286,0.36648951836122023,0.28401526306384445,1148.4772033691406,1075.0743350219727
2024-06-27,1310.0,1310.0,1280.0,1288.949951171875,1285.864501953125,22311393,1285.864501953125,,1285.864501953125,0.0,0.0027617877177934513,0.36459555503449304,0.2837781062405756,1152.7768859863281,1076.598677368164
2024-06-28,1283.0999755859375,1289.9000244140625,1261.5999755859375,1265.25,1262.22119140625,7167069,1262.22119140625,,1285.864501953125,-0.01838709328312793,-0.01838709328312793,0.37077589425793295,0.2837570216031847,1156.9129626464844,1078.0539349365235
2024-07-01,1273.0,1273.0,1256.449951171875,1261.9000244140625,1258.87939453125,5797015,1258.87939453125,,1285.864501953125,-0.020985964991557693,-0.0026475525032794156,0.3708428095261142,0.28131974385290726,1161.1029089355468,1079.404444885254
2024-07-02,1265.0,1267.8499755859375,1238.25,1253.4000244140625,1250.399658203125,9945447,1250.399658203125,,1285.864501953125,-0.027580544992206968,-0.006735940205997659,0.3720418059226492,0.278708986279748,1165.6799267578126,1080.7569494628906
2024-07-03,1260.0,1288.5999755859375,1243.5999755859375,1280.0,1276.9359130859375,15171347,1276.9359130859375,,1285.864501953125,-0.006943646747869403,0.021222218599248555,0.37499470945332486,0.28043614264165784,1170.6859155273437,1082.246125793457
2024-07-04,1288.0,1293.0,1268.5,1280.9000244140625,1277.8338623046875,4817380,1277.8338623046875,,1285.864501953125,-0.006245323388459401,0.000703206174677895,0.37266441274972445,0.28015400191890627,1175.214052734375,1083.82159576416
2024-07-05,1272.0,1295.4000244140625,1270.9000244140625,1287.050048828125,1283.9691162109375,8593502,1283.9691162109375,,1285.864501953125,-0.001474016694067326,0.0048012923175979605,0.36145311187779994,0.2777317691454247,1179.8289794921875,1085.3621493530272
2024-07-08,1285.0,1297.4000244140625,1279.5999755859375,1287.8499755859375,1284.76708984375,4216951,1284.76708984375,,1285.864501953125,-0.0008534430398444703,0.0006214897404754893,0.3613524944089128,0.27755343590840675,1184.310224609375,1086.896217956543
2024-07-09,1284.0,1295.0,1279.199951171875,1289.4000244140625,1286.3134765625,6930340,1286.3134765625,,1286.3134765625,0.0,0.0012036319508605953,0.3606492998585712,0.2766368978768774,1187.55044921875,1088.3377587890625
2024-07-10,1284.199951171875,1294.0,1275.1500244140625,1291.6500244140625,1288.55810546875,9020489,1288.55810546875,,1288.55810546875,0.0,0.00174500924319676,0.3602187916505087,0.2764729667835454,1190.7697241210938,1089.788028869629
2024-07-11,1301.050048828125,1301.4000244140625,1276.949951171875,1296.75,1293.6458740234375,7848846,1293.6458740234375,,1293.6458740234375,0.0,0.003948419968874184,0.35346390818732176,0.275674047737213,1193.5131420898438,1091.1961499023437
2024-07-12,1293.9000244140625,1339.6500244140625,1293.9000244140625,1317.300048828125,1315.160888671875,11278987,1315.160888671875,,1315.160888671875,0.0,0.016631301564409284,0.35527396726110283,0.2764124515672055,1196.5541748046876,1092.679673461914
2024-07-15,1316.699951171875,1324.4000244140625,1305.0,1307.449951171875,1305.3267822265625,11537127,1305.3267822265625,,1315.160888671875,-0.007477493080898623,-0.007477493080898623,0.35591652123125955,0.27666737706684513,1199.718759765625,1094.082850341797
2024-07-16,1307.449951171875,1318.449951171875,1299.699951171875,1304.0,1301.8824462890625,5433264,1301.8824462890625,,1315.160888671875,-0.010096439528567314,-0.0026386771377086005,0.3246223999536434,0.2767821133428101,1202.9810595703125,1095.4807772827148
2024-07-18,1300.0,1318.5999755859375,1294.5,1309.4000244140625,1307.2738037109375,6787511,1307.2738037109375,,1315.160888671875,-0.005997049508446373,0.004141201409729955,0.22500852212888997,0.2746940917669083,1206.3082885742188,1096.8929415893554
2024-07-19,1305.6500244140625,1309.0,1288.199951171875,1292.3499755859375,1290.2513427734375,4496066,1290.2513427734375,,1315.160888671875,-0.018940303131727565,-0.013021343263498908,0.19243837822032175,0.2757335246908225,1209.6133056640624,1098.2840899658204
2024-07-22,1283.3499755859375,1292.3499755859375,1278.199951171875,1282.5,1280.41748046875,6695557,1280.41748046875,,1315.160888671875,-0.026417610577068595,-0.0076216640732567065,0.1902539391376661,0.2759264266961939,1212.7026904296874,1099.6071145629883
2024-07-23,1288.5,1291.0999755859375,1251.0,1263.25,1261.1986083984375,8789327,1261.1986083984375,,1315.160888671875,-0.04103093449496642,-0.015009848243618618,0.1946280838953557,0.27522865456374973,1215.6670751953125,1100.8305529785157
2024-07-24,1262.9000244140625,1267.3499755859375,1226.6500244140625,1239.25,1237.2376708984375,10344860,1237.2376708984375,,1315.160888671875,-0.059249950667350504,-0.01899854419473812,0.20204082845378132,0.2764370819604323,1218.0634545898438,1101.9581295776368
2024-07-25,1200.0,1200.0,1155.5,1175.9000244140625,1173.9906005859375,32979871,1173.9906005859375,,1315.160888671875,-0.1073406982384485,-0.051119580174577295,0.2523418574904819,0.28984697012053684,1218.9574609375,1102.7143533325195
2024-07-26,1165.0,1183.1500244140625,1155.25,1177.3499755859375,1175.4381103515625,18554648,1175.4381103515625,,1315.160888671875,-0.10624006501699768,0.0012329824147676582,0.25188800569331493,0.28951554498097576,1220.0629809570312,1103.4493826293944
2024-07-29,1182.3499755859375,1194.5999755859375,1163.6500244140625,1170.050048828125,1168.1500244140625,19598573,1168.1500244140625,,1315.160888671875,-0.11178165768469017,-0.006200314481312974,0.2504121046411374,0.28849388621975797,1220.9189868164062,1104.119041442871
2024-07-30,1164.0999755859375,1180.0,1160.199951171875,1170.0,1168.10009765625,18090045,1168.10009765625,,1315.160888671875,-0.11181962015623459,-4.274002205972849e-05,0.2498821134484468,0.28618668669916364,1221.54953125,1104.7667520141601
2024-07-31,1157.0,1171.0,1154.0,1166.0999755859375,1164.206298828125,17347076,1164.206298828125,,1315.160888671875,-0.11478032166558161,-0.003333446196895129,0.24844013256172448,0.28551716565265883,1222.0613012695312,1105.6219491577149
2024-08-01,1168.0,1175.6500244140625,1165.449951171875,1172.300048828125,1170.3963623046875,11190500,1170.3963623046875,,1315.160888671875,-0.11007362491852923,0.005316981606089399,0.2327555782332495,0.28476192806815553,1222.770693359375,1106.469688720703
2024-08-02,1164.0,1167.800048828125,1156.0999755859375,1160.8499755859375,1158.9649658203125,10581445,1158.9649658203125,,1315.160888671875,-0.11876563863551182,-0.009767115528165893,0.23118543998844182,0.2847427754810997,1223.4838989257812,1107.271743774414
2024-08-05,1142.0,1151.449951171875,1124.300048828125,1133.5,1131.6593017578125,12013362,1131.6593017578125,,1315.160888671875,-0.13952786194803357,-0.023560387818257422,0.23942765359878704,0.28643897913547584,1222.86787109375,1107.9607144165038
2024-08-06,1140.0,1151.0,1123.0999755859375,1126.0999755859375,1124.2713623046875,8571122,1124.2713623046875,,1315.160888671875,-0.1451453795588148,-0.006528413137813938,0.23926817240476134,0.2867291470420646,1221.9295043945312,1108.5329370117188
2024-08-07,1138.800048828125,1144.800048828125,1127.0,1136.800048828125,1134.9539794921875,8370312,1134.9539794921875,,1315.160888671875,-0.13702271009721922,0.009501813837542894,0.21396533443130297,0.2870153814135541,1220.9454150390625,1109.124404296875
2024-08-08,1133.0999755859375,1142.800048828125,1126.0,1138.1500244140625,1136.3018798828125,7903428,1136.3018798828125,,1315.160888671875,-0.13599781618329954,0.0011876255909759603,0.2100139616755269,0.2868484372329857,1220.0601098632812,1109.7258532714843
2024-08-09,1152.0,1155.699951171875,1139.949951171875,1142.75,1140.894287109375,6262086,1140.894287109375,,1315.160888671875,-0.1325059185256675,0.004041537999599276,0.21040100152533212,0.28632525353406296,1219.7385180664062,1110.4719723510743
2024-08-12,1146.0,1169.0999755859375,1135.8499755859375,1164.300048828125,1162.409423828125,9078384,1162.409423828125,,1315.160888671875,-0.11614659937006433,0.018858133450086578,0.21572940660385526,0.2876470975429887,1219.683623046875,1111.2720462036132
2024-08-13,1161.3499755859375,1179.5999755859375,1155.4000244140625,1159.5999755859375,1157.7169189453125,6180463,1157.7169189453125,,1315.160888671875,-0.11971460760634267,-0.004036877873338951,0.21576675942304743,0.28769444518658954,1219.6506005859376,1112.0324462890626
2024-08-14,1159.0,1159.0,1148.6500244140625,1153.0999755859375,1151.2274169921875,5021841,1151.2274169921875,,1315.160888671875,-0.12464898636488264,-0.005605430694609725,0.21560772679475032,0.2876946351610929,1218.2557421875,1112.8362167358398
2024-08-16,1166.4000244140625,1170.0,1149.5999755859375,1166.8499755859375,1164.9552001953125,6107134,1164.9552001953125,,1315.160888671875,-0.1142108845924158,0.011924475564516701,0.20821560843867343,0.28727905296236,1218.9840063476563,1113.7158584594727
2024-08-19,1169.0,1171.300048828125,1150.199951171875,1153.25,1151.3773193359375,6691823,1151.3773193359375,,1315.160888671875,-0.1245350061324706,-0.011655281556834596,0.20939850008569613,0.2880749488234617,1218.37826171875,1114.582728881836
2024-08-20,1158.0,1177.0,1154.6500244140625,1168.0,1166.103271484375,6721749,1166.103271484375,,1315.160888671875,-0.11333793338245246,0.012789857765246548,0.21335401463379008,0.2886252372640416,1218.3373876953126,1115.603286743164
2024-08-21,1166.5999755859375,1178.0,1161.5,1174.4000244140625,1172.492919921875,9480630,1172.492919921875,,1315.160888671875,-0.10847947956700132,0.0054794876180790375,0.21455467235866232,0.2876385607822981,1218.1080615234375,1116.6999368286133
2024-08-22,1179.699951171875,1181.0,1168.949951171875,1169.949951171875,1168.050048828125,5841326,1168.050048828125,,1315.160888671875,-0.1118576754455578,-0.0037892519590191354,0.21420167073978394,0.2877238318582316,1217.5265161132813,1117.6915716552735
2024-08-23,1170.0,1173.949951171875,1163.5,1165.949951171875,1164.0565185546875,5121962,1164.0565185546875,,1315.160888671875,-0.11489420908021475,-0.003418971881764876,0.2137047405701087,0.2876295499498516,1216.9728369140626,1118.5101062011718
2024-08-26,1171.699951171875,1175.25,1166.0999755859375,1170.300048828125,1168.399658203125,3392612,1168.399658203125,,1315.160888671875,-0.11159184532696831,0.0037310384669551055,0.2136416573358884,0.28666723113829545,1216.6396997070312,1119.4179440307616
2024-08-27,1170.0,1184.8499755859375,1164.25,1181.25,1179.331787109375,8702113,1179.331787109375,,1315.160888671875,-0.10327945632542956,0.009356497863977964,0.20872810015521093,0.28577171212527425,1216.7895727539062,1120.4171047973632
2024-08-28,1177.0,1181.699951171875,1169.3499755859375,1170.949951171875,1169.0484619140625,5483503,1169.0484619140625,,1315.160888671875,-0.11109851883244892,-0.008719620133802786,0.20896251817394124,0.2860272488669928,1216.606083984375,1121.4149786376954
2024-08-29,1169.0,1179.9000244140625,1163.4000244140625,1175.4000244140625,1173.4913330078125,7290114,1173.4913330078125,,1315.160888671875,-0.10772032295389244,0.0038004165254841293,0.21004606578562862,0.2821308713212941,1216.294970703125,1122.3794500732422
2024-08-30,1177.0,1182.949951171875,1171.8499755859375,1175.25,1173.341552734375,10190506,1173.341552734375,,1315.160888671875,-0.10783421036852558,-0.0001276364547606601,0.20908192878425302,0.282092096468515,1215.287529296875,1123.3137435913086
2024-09-02,1176.0,1194.0,1174.0999755859375,1188.800048828125,1186.86962890625,6432362,1186.86962890625,,1315.160888671875,-0.0975479584822363,0.011529529607426703,0.2114723312151708,0.2800243304597632,1214.2942651367186,1124.2131732177734
2024-09-03,1188.0,1193.550048828125,1176.699951171875,1191.5999755859375,1189.6649169921875,7920246,1189.6649169921875,,1315.160888671875,-0.09542252416464458,0.0023551770285954454,0.21142858417356794,0.2800277760412004,1213.3978076171875,1125.0692169189454
2024-09-04,1182.699951171875,1189.6500244140625,1173.300048828125,1177.699951171875,1175.7874755859375,6527941,1175.7874755859375,,1315.160888671875,-0.10597442053396589,-0.011665000125696046,0.20990638515366422,0.28072622676295855,1212.4103540039061,1125.8518829345703
2024-09-05,1182.0,1182.8499755859375,1173.449951171875,1180.550048828125,1178.6329345703125,4234766,1178.6329345703125,,1315.160888671875,-0.10381083810927216,0.002420045325756792,0.20415508562811133,0.26261069476137705,1210.6148852539063,1126.6477786254882
2024-09-06,1176.0,1181.3499755859375,1150.800048828125,1158.75,1156.868408203125,9874576,1156.868408203125,,1315.160888671875,-0.12035978398703961,-0.018465907178405905,0.14998877411744801,0.2645208102736818,1208.1057934570313,1127.298439025879
2024-09-09,1158.0,1175.5999755859375,1145.0,1170.8499755859375,1168.9486083984375,7700940,1168.9486083984375,0.1833503227326816,1315.160888671875,-0.11117444377553765,0.010442155831773325,0.153224685004448,0.2616326691595698,1205.7674755859375,1128.0287045288087
2024-09-10,1178.9000244140625,1190.8499755859375,1173.3499755859375,1187.199951171875,1185.2720947265625,8723854,1185.2720947265625,0.21149810041919404,1315.160888671875,-0.09876266475387785,0.013964246341410691,0.15738263998446037,0.2624816543382373,1204.2284936523438,1128.7607791137696
2024-09-11,1187.199951171875,1194.8499755859375,1181.0,1186.0999755859375,1184.173828125,6000329,1184.173828125,0.2071137788884576,1315.160888671875,-0.09959774631007556,-0.0009265944979628404,0.1574315649398243,0.2614041216895227,1202.7343823242188,1129.5621826171875
2024-09-12,1190.0999755859375,1205.699951171875,1176.75,1203.3499755859375,1201.3958740234375,7592871,1201.3958740234375,0.2370607336363233,1315.160888671875,-0.08650273561839572,0.01454351167826995,0.16210237624662416,0.2621190488856279,1201.754306640625,1130.609313354492
2024-09-13,1209.9000244140625,1219.550048828125,1201.0,1217.449951171875,1215.472900390625,6762566,1215.472900390625,0.2292684829855367,1315.160888671875,-0.07579908218067577,0.011717225497074546,0.16459168263609913,0.26275720124222735,1200.5250463867187,1131.755011291504
2024-09-16,1222.0,1234.0,1215.0,1231.050048828125,1229.0509033203125,4039284,1229.0509033203125,0.25426317005385535,1315.160888671875,-0.06547486782284206,0.011170963108534826,0.16352748531597033,0.26211560571451176,1199.5493872070313,1132.9531365966798
2024-09-17,1235.199951171875,1240.5999755859375,1227.5999755859375,1232.0999755859375,1230.0992431640625,8030427,1230.0992431640625,0.25635627651507,1315.160888671875,-0.06467774873818866,0.000852966985271264,0.1445625994046589,0.26211557485068593,1198.4719897460936,1134.1250790405275
2024-09-18,1231.9000244140625,1250.4000244140625,1225.0,1240.449951171875,1238.4356689453125,8210034,1238.4356689453125,0.2863658293356022,1315.160888671875,-0.05833903698584286,0.0067770351275129315,0.14220665164154458,0.26140480277727274,1197.545361328125,1135.33396484375
2024-09-19,1248.449951171875,1261.699951171875,1239.0,1242.699951171875,1240.6820068359375,8449864,1240.6820068359375,0.2713750364012453,1315.160888671875,-0.05663100421968181,0.0018138510921104078,0.14101869474236542,0.26136732756119846,1196.6327319335937,1136.5069451904296
2024-09-20,1244.0,1250.0,1229.9000244140625,1245.0,1242.978271484375,15009629,1242.978271484375,0.2709995289209344,1315.160888671875,-0.05488500898197646,0.001850808374575852,0.14095724617132688,0.26089284709588434,1195.7211352539061,1137.6283084106444
2024-09-23,1251.5,1252.449951171875,1240.550048828125,1246.800048828125,1244.775390625,5462814,1244.775390625,0.2472632941721704,1315.160888671875,-0.053518545641936144,0.0014458170201792075,0.14099671322744253,0.2604195339833129,1194.7437255859375,1138.564123840332
2024-09-24,1241.0999755859375,1247.0999755859375,1235.3499755859375,1239.550048828125,1237.5372314453125,9225946,1237.5372314453125,0.23939125000893968,1315.160888671875,-0.05902217583808422,-0.005814831522378716,0.13479975894122131,0.26062850879216826,1193.1912524414063,1139.3934176635742
2024-09-25,1238.0,1271.0,1231.0999755859375,1268.0999755859375,1266.0406494140625,6853324,1266.0406494140625,0.2510015250622053,1315.160888671875,-0.03734922447961253,0.023032372072928187,0.14638088860644552,0.26278171491376207,1192.4055297851562,1140.2135922241212
2024-09-26,1267.550048828125,1281.6500244140625,1262.25,1277.0999755859375,1275.026123046875,7270078,1275.026123046875,0.25192045779116,1315.160888671875,-0.030517000597189536,0.007097302631610569,0.1444889447033148,0.262957648764683,1191.8684033203126,1140.9741952514648
2024-09-27,1273.0,1281.550048828125,1257.25,1273.1500244140625,1271.0826416015625,13372027,1271.0826416015625,0.24045408583376848,1315.160888671875,-0.03351547894252338,-0.003092863255137801,0.14338677391070778,0.26295033675823254,1191.144580078125,1141.6809133911133
2024-09-30,1263.5,1275.0,1229.3499755859375,1232.199951171875,1230.198974609375,8466919,1230.198974609375,0.20336742129454244,1315.160888671875,-0.06460191661287873,-0.03216444443035904,0.17116889687943707,0.26820421701759367,1189.9435327148437,1142.242819519043
2024-10-01,1228.0999755859375,1242.949951171875,1224.6500244140625,1226.6500244140625,1224.6580810546875,11164280,1224.6580810546875,0.19497380560078814,1315.160888671875,-0.06881500841207533,-0.0045040628947418115,0.16925749512978633,0.2622188885606658,1188.8283447265626,1142.7902389526366
2024-10-03,1207.5,1219.1500244140625,1173.0999755859375,1175.699951171875,1173.790771484375,17300892,1173.790771484375,0.159847470861614,1315.160888671875,-0.10749264094240485,-0.041535927747690216,0.2100458579094524,0.2713062149286257,1187.0801879882813,1143.0167324829101
2024-10-04,1175.5,1202.800048828125,1174.0,1178.4000244140625,1176.4864501953125,13064515,1176.4864501953125,0.15817277254026352,1315.160888671875,-0.10544294593234438,0.0022965581059464224,0.2098014202993668,0.2707043970246979,1185.8651635742187,1143.3300277709961
2024-10-07,1182.949951171875,1184.8499755859375,1130.9000244140625,1145.699951171875,1143.8394775390625,20047013,1143.8394775390625,0.1252603873484157,1315.160888671875,-0.13026650397566397,-0.02774955261986245,0.22488339671097965,0.2746382345172373,1185.2621411132814,1143.4077615356446
2024-10-08,1153.0,1168.3499755859375,1142.5,1153.300048828125,1151.42724609375,8464570,1151.42724609375,0.13808620010341421,1315.160888671875,-0.12449704366092629,0.006633595625683775,0.22551278961450757,0.2728149656648482,1184.781923828125,1143.6039907836914
2024-10-09,1154.0,1185.0,1154.0,1170.1500244140625,1168.2498779296875,9807734,1168.2498779296875,0.14226802130351923,1315.160888671875,-0.11170573274160145,0.014610242977147525,0.22798616105013636,0.2736513309689476,1184.7839208984376,1143.8564010620116
2024-10-10,1177.0,1191.0,1175.050048828125,1184.25,1182.326904296875,6806243,1182.326904296875,0.1496400498663666,1315.160888671875,-0.1010020793038815,0.01204967073665264,0.22919620316974845,0.27422633604765845,1185.06845703125,1144.1796951293945
2024-10-11,1182.5,1188.199951171875,1166.0,1172.449951171875,1170.5460205078125,4754158,1170.5460205078125,0.13181720322990786,1315.160888671875,-0.10995983032167489,-0.00996415098586334,0.23092799793016694,0.2597943882109083,1185.1952514648438,1144.4889767456054
2024-10-14,1171.550048828125,1175.0,1156.5999755859375,1164.3499755859375,1162.459228515625,9765296,1162.459228515625,0.11930123026135697,1315.160888671875,-0.11610872971629871,-0.00690856390992578,0.23180023307606032,0.22667943660895454,1185.0365087890625,1144.7134310913086
2024-10-15,1166.0999755859375,1172.0,1149.5,1153.8499755859375,1151.976318359375,8741516,1151.976318359375,0.1599020799228319,1315.160888671875,-0.12407954929171683,-0.009017873400717802,0.2304060187205331,0.21302036925587092,1184.8967358398438,1144.9353506469727
2024-10-16,1151.0,1162.949951171875,1148.0999755859375,1153.199951171875,1151.3272705078125,7739854,1151.3272705078125,0.15035125532225124,1315.160888671875,-0.12457306142179392,-0.0005634211756079255,0.23020386482366173,0.21217024501239234,1185.2900952148439,1145.2280978393555
2024-10-17,1151.0,1151.3499755859375,1124.0,1131.8499755859375,1130.0120849609375,6595231,1130.0120849609375,0.13164849952702595,1315.160888671875,-0.14078034505566195,-0.018513576541510757,0.23379170226941615,0.21312553483934138,1185.4049096679687,1145.4496835327147
2024-10-18,1158.0,1203.8499755859375,1156.050048828125,1196.8499755859375,1194.9063720703125,20829666,1194.9063720703125,0.20228216474763672,1315.160888671875,-0.09143711437693558,0.057427958490920306,0.28905479744944,0.23335626754227445,1186.6039575195311,1145.9660629272462
2024-10-21,1196.8499755859375,1214.800048828125,1185.550048828125,1190.300048828125,1188.3671875,7456038,1188.3671875,0.17680292956126986,1315.160888671875,-0.09640926997146226,-0.005472549752147171,0.2840099450877364,0.23341606591345374,1187.645263671875,1146.3893905639648
2024-10-22,1194.25,1198.0,1173.3499755859375,1175.75,1173.8408203125,7256246,1173.8408203125,0.15460450600667608,1315.160888671875,-0.10745458565308164,-0.01222380366968856,0.28509180756923813,0.23413356128272014,1188.3041943359376,1146.732604675293
2024-10-23,1175.0999755859375,1183.1500244140625,1158.6500244140625,1160.4000244140625,1158.515625,6501834,1158.515625,0.14025772148619775,1315.160888671875,-0.11910730087941135,-0.013055599232287829,0.284588773973363,0.23441153933907635,1188.226318359375,1147.0268759155274
2024-10-24,1165.0,1175.199951171875,1154.6500244140625,1167.3499755859375,1165.4544677734375,5046700,1165.4544677734375,0.1752436939795583,1315.160888671875,-0.11383125987697185,0.005989425281542893,0.28522631570569124,0.23444900838208846,1188.3810693359376,1147.3787869262696
2024-10-25,1187.0,1201.75,1170.0,1189.3499755859375,1187.418701171875,12798716,1187.418701171875,0.1845820378617271,1315.160888671875,-0.09713046411302684,0.01884606735465133,0.28744589909134827,0.23607375058317392,1189.1048950195313,1147.8627157592773
2024-10-28,1194.0,1194.0,1167.050048828125,1171.5999755859375,1169.697509765625,8572243,1169.697509765625,0.16314099811517768,1315.160888671875,-0.11060500670237183,-0.014924130290992377,0.28819161718324,0.23220049865621112,1189.1997412109374,1148.2313522338868
2024-10-29,1176.4000244140625,1191.199951171875,1157.5999755859375,1186.8499755859375,1184.922607421875,9908946,1184.922607421875,0.19631955183398486,1315.160888671875,-0.09902840205468866,0.01301626918851917,0.2889242045292891,0.23257590593486388,1189.8706469726562,1148.552410583496
2024-10-30,1178.75,1187.6500244140625,1164.300048828125,1170.4000244140625,1168.4993896484375,9686560,1168.4993896484375,0.1814637622702635,1315.160888671875,-0.11151601320165827,-0.013860160714775027,0.29121596267570227,0.23366142548390978,1189.9185693359375,1148.7237661743163
2024-10-31,1165.5,1178.0,1153.8499755859375,1159.550048828125,1157.6671142578125,8682294,1157.6671142578125,0.1837047905262268,1315.160888671875,-0.11975247726010829,-0.009270244799942984,0.2909428324437562,0.23382549679101053,1189.6220532226562,1148.9155307006836
2024-11-01,1164.050048828125,1172.5,1164.0,1169.550048828125,1167.65087890625,460781,1167.65087890625,0.2137847757465261,1315.160888671875,-0.11216118958235521,0.008624037536764773,0.2924015572433063,0.22639737301375704,1189.6140698242189,1149.184398498535
2024-11-04,1172.0,1176.949951171875,1135.449951171875,1139.25,1137.4000244140625,9288653,1137.4000244140625,0.19329027707082092,1315.160888671875,-0.13516282744488062,-0.02590744805546996,0.30030357360864735,0.22935055328553167,1189.0809399414063,1149.3496481323243
2024-11-05,1138.949951171875,1174.9000244140625,1133.449951171875,1171.699951171875,1169.7972412109375,11701049,1169.7972412109375,0.2063209189509303,1315.160888671875,-0.1105291745770619,0.028483573150584807,0.3135439887610095,0.23459617699128674,1189.1088916015624,1149.5833584594727
2024-11-06,1171.800048828125,1183.550048828125,1161.449951171875,1166.5,1164.605712890625,10353506,1164.605712890625,0.16419869811140253,1315.160888671875,-0.1144766218932265,-0.004437972784872013,0.3134192558055151,0.23281361409839474,1188.8143701171875,1149.8180465698242
2024-11-07,1168.5999755859375,1172.9000244140625,1151.050048828125,1159.9000244140625,1158.0166015625,6252889,1158.0166015625,0.1734687294987951,1315.160888671875,-0.1194867399592976,-0.005657804401259847,0.3045430665817963,0.2329361740069096,1188.5937329101562,1150.0240286254882
2024-11-08,1156.0,1167.75,1151.0999755859375,1160.949951171875,1159.064697265625,3786168,1159.064697265625,0.1833232573879986,1315.160888671875,-0.11868980651020189,0.0009050783051907096,0.30332218981407155,0.23273760023668283,1188.3052001953124,1150.237246398926
2024-11-11,1152.0,1176.800048828125,1142.949951171875,1171.0,1169.098388671875,6620678,1169.098388671875,0.20591037806497492,1315.160888671875,-0.1110605563609045,0.00865671383997868,0.3051960561896172,0.230318042445388,1188.2203369140625,1150.684192199707
2024-11-12,1171.6500244140625,1187.0,1153.800048828125,1158.1500244140625,1156.2694091796875,9606088,1156.2694091796875,0.17914837089917635,1315.160888671875,-0.12081524082779349,-0.010973395923299045,0.29331030346677683,0.2309193955907661,1187.6083325195314,1150.9911752319335
2024-11-13,1151.9000244140625,1165.5,1135.0999755859375,1139.1500244140625,1137.30029296875,8079113,1137.30029296875,0.15288399994184076,1315.160888671875,-0.13523865957019054,-0.01640544674133959,0.29624204009568317,0.23213287885119802,1186.5610400390624,1151.1082901000977
2024-11-14,1137.550048828125,1150.75,1131.5999755859375,1140.699951171875,1138.84765625,5975873,1138.84765625,0.1309494405555538,1315.160888671875,-0.134062101405651,0.0013605582367439695,0.27196140172872074,0.23215296171775462,1185.8222436523438,1151.3693154907226
2024-11-18,1131.199951171875,1135.0,1121.550048828125,1126.199951171875,1124.37109375,9474971,1124.37109375,0.10399555661723281,1315.160888671875,-0.14506954743350486,-0.01271158826253238,0.2739159322771382,0.23290595645369208,1184.7370068359376,1151.708097229004
2024-11-19,1130.0,1139.0,1122.050048828125,1133.949951171875,1132.1085205078125,19225966,1132.1085205078125,0.11072236937932489,1315.160888671875,-0.13918629252191284,0.006881559656613634,0.2631074421548857,0.233259883788647,1184.2418090820313,1152.169864807129
2024-11-21,1138.0,1152.0,1115.75,1139.1500244140625,1137.30029296875,8126248,1137.30029296875,0.11559768279810045,1315.160888671875,-0.13523865957019054,0.00458593179619271,0.26271106816317374,0.23330316832133208,1183.6088427734376,1152.5628182983398
2024-11-22,1136.6500244140625,1147.9000244140625,1127.550048828125,1142.4000244140625,1140.544921875,16687505,1140.544921875,0.11084500531683172,1315.160888671875,-0.1327715630086994,0.0028529218943400547,0.25910515697963854,0.23143253190014787,1182.7142993164061,1153.0076596069337
2024-11-25,1160.0,1164.5,1142.0,1155.9000244140625,1154.0230712890625,12385823,1154.0230712890625,0.12819253039539058,1315.160888671875,-0.12252327359395454,0.011817289398742048,0.25900686116392324,0.23226644694131449,1182.1112841796876,1153.4518045043944
2024-11-26,1157.0999755859375,1159.5999755859375,1142.6500244140625,1144.800048828125,1142.9410400390625,5127437,1142.9410400390625,0.10019073317824323,1315.160888671875,-0.13094964282790522,-0.009602954677172315,0.25889645512609605,0.2326753184462685,1180.9421875,1153.7582369995116
2024-11-27,1145.199951171875,1155.449951171875,1133.550048828125,1149.6500244140625,1147.7830810546875,5989943,1147.7830810546875,0.12099891120752848,1315.160888671875,-0.12726793281255133,0.004236474888905439,0.2585771140266211,0.23268172701130044,1179.5883911132812,1154.1746731567382
2024-11-28,1148.5,1154.449951171875,1129.4000244140625,1132.5,1130.6610107421875,10731275,1130.6610107421875,0.13981402906346574,1315.160888671875,-0.14028692574336366,-0.01491751411492026,0.26086135033068275,0.2329727566673049,1177.6205932617188,1154.5331832885743
2024-11-29,1133.550048828125,1140.9000244140625,1127.699951171875,1136.300048828125,1134.4549560546875,6406277,1134.4549560546875,0.15017402445593575,1315.160888671875,-0.13740214917710547,0.003355510870592049,0.2610994239548661,0.23286135926193577,1175.7077075195311,1154.9677761840821
2024-12-02,1132.699951171875,1141.4000244140625,1126.5999755859375,1137.0999755859375,1135.2535400390625,4785858,1135.2535400390625,0.14738618249257152,1315.160888671875,-0.13679493526795283,0.000703936264822902,0.25536861903653507,0.23171153335981484,1173.6440649414062,1155.3113400268555
2024-12-03,1144.4000244140625,1164.9000244140625,1138.0,1160.5,1158.615478515625,8382042,1158.615478515625,0.16360647246413684,1315.160888671875,-0.11903137593632251,0.02057860878879847,0.20004785544739762,0.2324998855299177,1172.002734375,1155.9373165893555
2024-12-04,1157.5,1168.0,1153.9000244140625,1159.449951171875,1157.567138671875,18379798,1157.567138671875,0.16144810788344088,1315.160888671875,-0.11982849502097592,-0.0009048211966692365,0.1995882157201999,0.2162339648301058,1170.29451171875,1156.4807357788086
2024-12-05,1164.0,1176.9000244140625,1150.0999755859375,1166.4000244140625,1164.5059814453125,10640451,1164.5059814453125,0.15746174162712867,1315.160888671875,-0.11455245401853642,0.005994332891480214,0.1974993602471831,0.21646155105175174,1168.6891235351563,1157.0822940063476
2024-12-06,1167.5,1193.8499755859375,1160.0,1184.550048828125,1182.62646484375,7542210,1182.62646484375,0.16091089809138426,1315.160888671875,-0.10077430447461522,0.015560661505531703,0.19871309210358196,0.2177589019544186,1167.590908203125,1157.6544918823242
2024-12-09,1184.25,1186.0,1161.0,1163.25,1161.3609619140625,6308112,1161.3609619140625,0.09809705954321113,1315.160888671875,-0.11694381127249642,-0.017981588914042335,0.20527075775126738,0.21988101131668225,1165.497314453125,1157.9901748657226
2024-12-10,1157.0,1165.050048828125,1151.25,1153.6500244140625,1151.776611328125,4714389,1151.776611328125,0.0747408359996764,1315.160888671875,-0.12423139917789439,-0.008252688785182927,0.1985237083522252,0.22024786594854523,1163.03232421875,1158.4008908081055
2024-12-11,1150.0,1158.3499755859375,1144.550048828125,1147.25,1145.386962890625,7788242,1145.386962890625,0.03936569848723326,1315.160888671875,-0.12908985299334552,-0.005547645589132122,0.1946055941759168,0.22025214914142283,1160.5184106445313,1158.7968673706055
2024-12-12,1145.0,1154.550048828125,1143.5999755859375,1145.6500244140625,1143.7896728515625,4825283,1143.7896728515625,0.01859831922322397,1315.160888671875,-0.13030437362942948,-0.0013945418367879991,0.19025970731979505,0.2196612729096166,1158.790224609375,1159.2137881469725
2024-12-13,1141.0,1152.699951171875,1113.6500244140625,1148.1500244140625,1146.28564453125,8731618,1146.28564453125,0.01464641891545826,1315.160888671875,-0.12840652850554646,0.00218219462802538,0.18656120614636265,0.21605455076045085,1157.2227758789063,1159.515245666504
2024-12-16,1146.5,1155.0,1141.75,1150.9000244140625,1149.0311279296875,3975202,1149.0311279296875,0.027923495519299957,1315.160888671875,-0.12631896384172048,0.0023951127814745288,0.1848915674847427,0.21577952359832264,1156.7275830078124,1159.8523782348632
2024-12-17,1145.25,1151.8499755859375,1130.0,1136.25,1134.4049072265625,7292817,1134.4049072265625,0.017244582046732626,1315.160888671875,-0.13744020446642868,-0.012729177084591536,0.18640344226713637,0.21631077117592765,1155.8859521484376,1160.0330795288087
2024-12-18,1136.199951171875,1139.9000244140625,1115.949951171875,1122.25,1120.4276123046875,7222127,1120.4276123046875,-0.007146220493743027,1315.160888671875,-0.1480680257788386,-0.012321257456517243,0.17433025797196094,0.21729487007436368,1155.41771484375,1160.1643447875977
2024-12-19,1104.9000244140625,1119.050048828125,1101.050048828125,1108.9000244140625,1107.099365234375,11677610,1107.099365234375,-0.006040457784196707,1315.160888671875,-0.15820233496117153,-0.011895678867550163,0.15423209093464108,0.21807733273977556,1154.5311572265625,1160.2868301391602
2024-12-20,1103.949951171875,1105.8499755859375,1065.0,1071.8499755859375,1070.109375,12623056,1070.109375,-0.05156760151007678,1315.160888671875,-0.18632816393995877,-0.03341162626946692,0.17936840355353437,0.22260805018567098,1152.5683471679688,1160.255041809082
2024-12-23,1075.0999755859375,1083.550048828125,1072.4000244140625,1079.1500244140625,1077.3975830078125,3886921,1077.3975830078125,-0.0312753059766282,1315.160888671875,-0.18078647845448748,0.00681071316454207,0.18124523191652941,0.22290428523908307,1150.4697607421874,1160.2838864135742
2024-12-24,1077.300048828125,1084.75,1076.0,1078.9000244140625,1077.1480712890625,4343694,1077.1480712890625,-0.03634006111772792,1315.160888671875,-0.18097619799443054,-0.00023158741274820205,0.1810983169443422,0.2227508408612332,1148.6018017578126,1160.306994934082
2024-12-26,1083.0,1092.5999755859375,1072.75,1076.699951171875,1074.9515380859375,4775460,1074.9515380859375,-0.038219354283455687,1315.160888671875,-0.18264636110682597,-0.002039211935362162,0.17806335237560267,0.221743618991928,1146.8516479492187,1160.198659362793
2024-12-27,1078.0999755859375,1086.25,1076.0,1077.449951171875,1075.7003173828125,3801667,1075.7003173828125,-0.029755286771559808,1315.160888671875,-0.18207701685143907,0.000696570282794573,0.1765767668837011,0.2209929683130665,1145.3261279296876,1160.0566574096679
2024-12-30,1074.0999755859375,1096.5,1063.949951171875,1069.949951171875,1068.21240234375,9452155,1068.21240234375,-0.04416370293344052,1315.160888671875,-0.18777055222308792,-0.0069609675836860285,0.1721065830197478,0.22005882901617127,1143.6638305664062,1159.9068942260742
2024-12-31,1062.0,1070.449951171875,1058.5,1064.699951171875,1062.9710693359375,5292136,1062.9710693359375,-0.04028678564378918,1315.160888671875,-0.19175586919301812,-0.0049066393502945616,0.17199228351202875,0.21989532646228066,1142.3230102539062,1159.6102145385742
2025-01-01,1064.1500244140625,1076.949951171875,1053.949951171875,1071.800048828125,1070.0595703125,2985355,1070.0595703125,-0.02078946063219589,1315.160888671875,-0.18636603359372428,0.006668573756189566,0.1709059861419162,0.22021502679760852,1139.82607421875,1159.4165658569336
2025-01-02,1072.0,1088.699951171875,1067.5,1086.5999755859375,1084.83544921875,6557076,1084.83544921875,-0.000791656139922492,1315.160888671875,-0.17513099837216184,0.013808463861441744,0.175020179149893,0.22153504095318421,1137.755439453125,1159.328469543457
2025-01-03,1086.0,1093.5,1079.800048828125,1084.9000244140625,1083.1383056640625,7357220,1083.1383056640625,-0.0077793608305917195,1315.160888671875,-0.17642144395133452,-0.0015644248682228357,0.17410937427560597,0.22141321938856076,1135.9413891601562,1159.2722909545898
2025-01-06,1087.75,1090.0,1059.9000244140625,1063.4000244140625,1061.6732177734375,5283413,1061.6732177734375,-0.03807953172496137,1315.160888671875,-0.1927427078176146,-0.01981749493889884,0.18135578833640892,0.22302017426345397,1134.004541015625,1159.1915884399414
2025-01-07,1064.550048828125,1070.5,1056.0,1067.5,1065.7664794921875,4619462,1065.7664794921875,-0.03567823921539082,1315.160888671875,-0.18963034205764762,0.00385548175297723,0.1773862591803029,0.2227913946975243,1132.01078125,1159.241837463379
2025-01-08,1063.75,1082.3499755859375,1059.0999755859375,1074.949951171875,1073.204345703125,8780098,1073.204345703125,-0.024059252970496714,1315.160888671875,-0.18397486197532198,0.0069788892351740905,0.17819620127914074,0.22304581884673444,1129.726494140625,1159.3883834838866
2025-01-09,1079.5999755859375,1080.1500244140625,1054.25,1061.75,1060.02587890625,9054190,1060.02587890625,-0.03200372050217859,1315.160888671875,-0.19399528374302177,-0.012279550348112789,0.17956912742872883,0.22385291673275687,1127.5330615234375,1159.3944662475585
2025-01-10,1056.25,1064.8499755859375,1037.0,1040.699951171875,1039.010009765625,5612886,1039.010009765625,-0.04733299643571276,1315.160888671875,-0.20997497818318112,-0.019825807613592872,0.1830283772673406,0.22501760298373408,1124.6148095703124,1159.3480935668945
2025-01-13,1026.5999755859375,1063.0,1023.25,1049.300048828125,1047.59619140625,7180930,1047.59619140625,-0.04413808220545168,1315.160888671875,-0.20344636125533444,0.008263810319365295,0.18499325123180932,0.22551183954295095,1122.1967456054688,1159.4247091674804
2025-01-14,1052.949951171875,1061.0,1045.5,1051.6500244140625,1049.9422607421875,6892897,1049.9422607421875,-0.063146235474134,1315.160888671875,-0.20166249636386346,0.0022394786800323807,0.18528382410716002,0.22490389929644247,1120.0422485351562,1159.5088162231445
2025-01-15,1043.0,1052.9000244140625,1014.6500244140624,1026.800048828125,1025.1326904296875,11418721,1025.1326904296875,-0.09618485431677093,1315.160888671875,-0.2205267817347234,-0.02362946158102308,0.18162822270842938,0.2279341378472832,1117.191884765625,1159.4803463745118
2025-01-16,1033.9000244140625,1046.449951171875,1027.050048828125,1038.0,1036.314453125,10261727,1036.314453125,-0.07415232933984284,1315.160888671875,-0.2120245803754628,0.010907624739413535,0.18654209551195503,0.2270219320295165,1115.1701733398438,1159.471622619629
2025-01-17,1000.0,1011.7000122070312,974.5999755859376,991.0499877929688,989.440673828125,33831617,989.440673828125,-0.1117148570562494,1315.160888671875,-0.24766567927113536,-0.04523123184813971,0.2197404410338629,0.23784884562408626,1111.5630419921874,1159.1671774291992
2025-01-20,992.0499877929688,994.2000122070312,976.5,988.0499877929688,986.445556640625,33440507,986.445556640625,-0.10676373485713675,1315.160888671875,-0.24994305629268343,-0.0030270811244417217,0.21081316841151762,0.23636712431611878,1107.9998388671875,1158.8759396362304
2025-01-21,993.5999755859376,994.4500122070312,963.0,970.2000122070312,968.62451171875,11894500,968.62451171875,-0.1375094184086465,1315.160888671875,-0.26349352382511715,-0.01806591838941951,0.21085515817951234,0.23789641561237226,1104.2119970703125,1158.4661666870118
2025-01-22,975.75,975.75,954.0,959.2999877929688,957.7422485351562,17303146,957.7422485351562,-0.14308885043660746,1315.160888671875,-0.271767996764001,-0.011234759240486336,0.2113154960452381,0.23669175732378073,1100.185548095703,1158.0314123535156
2025-01-23,954.0,963.7000122070312,948.0,951.0499877929688,949.505615234375,24649522,949.505615234375,-0.14981335100231274,1315.160888671875,-0.27803082998214745,-0.008600052167876071,0.21143839525050567,0.2356988409630163,1095.793692626953,1157.4754162597656
2025-01-24,948.0,961.7999877929688,946.0999755859376,948.5,946.959716796875,14421921,946.959716796875,-0.1517898750913268,1315.160888671875,-0.2799666375775748,-0.0026812884480641452,0.2112199386579556,0.23453899213972682,1091.607498779297,1156.9081872558593
2025-01-27,943.0999755859376,949.75,933.5,948.0999755859376,946.5603637695312,12713296,946.5603637695312,-0.12331918745303827,1315.160888671875,-0.2802702909410405,-0.00042172124142147993,0.21045669666583267,0.23449270482606388,1087.7927001953126,1156.3581655883788
2025-01-28,960.0,993.8499755859376,958.2000122070312,983.7999877929688,982.2024536132812,21781371,982.2024536132812,-0.1029072499012732,1315.160888671875,-0.25316935587617295,0.037654323176824045,0.24504669770640183,0.2435791486123659,1084.6597961425782,1155.901806640625
2025-01-29,988.0,988.6500244140624,977.5999755859376,983.4000244140624,981.8031616210938,11175206,981.8031616210938,-0.11857154771189948,1315.160888671875,-0.25347296283074916,-0.0004065271785044233,0.2443143107247067,0.24349726447369796,1081.8084375,1155.4237490844725
2025-01-30,984.6500244140624,991.4000244140624,974.7999877929688,984.7000122070312,983.1009521484376,10473118,983.1009521484376,-0.09528581712233597,1315.160888671875,-0.2524861706150421,0.001321843907286846,0.24381002830774387,0.2434722293267823,1078.8282861328125,1154.913273010254
2025-01-31,982.0,990.0,978.0499877929688,986.0999755859376,984.4987182617188,9036312,984.4987182617188,-0.06825196042232085,1315.160888671875,-0.2514233606384675,0.0014217930622755226,0.2432280186305019,0.2434711339996423,1075.772254638672,1154.4813647460937
2025-02-01,989.5,1004.9500122070312,982.0,998.1500244140624,996.5291137695312,4830391,996.5291137695312,-0.041573150319341945,1315.160888671875,-0.24227589008073103,0.012219818354922696,0.23056359596708198,0.24464055320041808,1072.8919384765625,1154.1869235229492
2025-02-03,987.0999755859376,1000.5,983.3499755859376,989.4000244140624,987.7933959960938,7124605,987.7933959960938,-0.06698361768298189,1315.160888671875,-0.24891820878765314,-0.008766144062157144,0.2296511766366406,0.24108295798953505,1069.567344970703,1153.8789801025391
2025-02-04,994.0,1017.0999755859376,987.7999877929688,1015.2999877929688,1013.6513061523438,16058171,1013.6513061523438,-0.036065229898000095,1315.160888671875,-0.2292568043321399,0.026177447896556183,0.24448242402928602,0.24534143018772142,1066.9815502929687,1153.8394927978516
2025-02-05,1020.5999755859376,1022.0499877929688,1010.5,1013.2999877929688,1011.654541015625,7858373,1011.654541015625,-0.05026271849755959,1315.160888671875,-0.23077507114946838,-0.001969873786576759,0.24448218359413432,0.2453400060138862,1064.2589794921876,1153.7645831298828
2025-02-06,1012.0,1021.8499755859376,1010.0499877929688,1020.7000122070312,1019.0425415039062,5815563,1019.0425415039062,-0.05788539421554029,1315.160888671875,-0.22515750712979765,0.007302888672712671,0.2458392417398956,0.2406329924015426,1062.026610107422,1153.6026608276368
2025-02-07,1019.5,1027.3499755859375,1007.6500244140624,1024.0999755859375,1022.43701171875,8638651,1022.43701171875,-0.0395105701032642,1315.160888671875,-0.22257647674478398,0.0033310387707996547,0.24572975971722566,0.24075711510713085,1059.7862512207032,1153.4487319946288
2025-02-10,1021.0,1026.75,1006.2000122070312,1011.75,1010.1070556640624,3960565,1010.1070556640624,-0.046132031015129527,1315.160888671875,-0.23195172213178683,-0.012059379612990084,0.2474993411839824,0.23190283958730643,1057.2833215332032,1153.1957431030273
2025-02-11,1009.0,1016.3499755859376,1002.5999755859376,1007.4000244140624,1005.76416015625,4808215,1005.76416015625,-0.03987662645031387,1315.160888671875,-0.23525390024947568,-0.004299440820119127,0.24636136321379662,0.23185472729925455,1054.2262951660157,1152.6030526733398
2025-02-12,1000.0,1010.6500244140624,984.0,1006.9000244140624,1005.2649536132812,7669283,1005.2649536132812,-0.05745286022756746,1315.160888671875,-0.23563347855603012,-0.0004963455278533813,0.24185939826314667,0.22760934610639744,1051.1802514648436,1151.9914056396485
2025-02-13,1003.0,1017.4500122070312,1001.0499877929688,1008.2000122070312,1006.5628051757812,6348246,1006.5628051757812,-0.02598881047908419,1315.160888671875,-0.23464663993143364,0.001291054221909338,0.2420890083138088,0.22725518954156773,1048.0213879394532,1151.2418447875978
2025-02-14,1010.5499877929688,1016.0,987.6500244140624,997.5,995.8801879882812,5375755,995.8801879882812,-0.05053289794345084,1315.160888671875,-0.24276930939302932,-0.010612966356962183,0.23774152638607102,0.2261428744519102,1044.2864624023437,1150.4056994628907
2025-02-17,992.4500122070312,999.6500244140624,978.0499877929688,992.9500122070312,991.3375854492188,7166803,991.3375854492188,-0.050619648727385,1315.160888671875,-0.24622333739689573,-0.004561394627438764,0.2371844297498952,0.22499425709766568,1040.885994873047,1149.6268997192383
2025-02-18,992.9500122070312,997.3499755859376,986.5499877929688,994.1500244140624,992.53564453125,3090004,992.53564453125,-0.07082210599128946,1315.160888671875,-0.24531237730649857,0.0012085278512752318,0.23580801431278783,0.22463077360724554,1037.7011755371093,1148.8957406616212
2025-02-19,991.6500244140624,1013.4500122070312,988.1500244140624,1011.3499755859376,1009.7077026367188,6401381,1009.7077026367188,-0.07723887831683718,1315.160888671875,-0.23225537549525244,0.017301200415405393,0.24067627705166017,0.22669471661007046,1034.9875903320312,1148.2397174072266
2025-02-20,1008.4000244140624,1019.6500244140624,1006.5,1017.2000122070312,1015.5482177734376,5011212,1015.5482177734376,-0.050564243714391166,1315.160888671875,-0.22781446245790005,0.005784362267879262,0.235120343927759,0.22665120520952786,1032.4227612304687,1147.6924560546875
2025-02-21,1012.0,1021.9000244140624,1000.6500244140624,1008.9500122070312,1007.3115844726562,5019937,1007.3115844726562,-0.05522465486987882,1315.160888671875,-0.23407729567604663,-0.00811052902917797,0.23451187161081022,0.22693348684935397,1029.6432800292969,1147.0992727661132
2025-02-24,1001.3499755859376,1013.0,998.5499877929688,1010.0499877929688,1008.4097900390624,4265454,1008.4097900390624,-0.04903381458992817,1315.160888671875,-0.23324226052873842,0.0010902342267622434,0.23438900763680645,0.22510693372822782,1026.8308532714843,1146.5764248657226
2025-02-25,1004.0,1013.7000122070312,997.0999755859376,1009.0999755859376,1007.4613037109376,5708975,1007.4613037109376,-0.07231423630781841,1315.160888671875,-0.23396345467030277,-0.0009405762791018235,0.224573720366455,0.20210202308163408,1024.291981201172,1146.026637878418
2025-02-27,1007.6500244140624,1023.5499877929688,1005.1500244140624,1016.7000122070312,1015.0490112304688,9777690,1015.0490112304688,-0.06153413377679939,1315.160888671875,-0.2281940407644546,0.0075315126164967605,0.22329530691335095,0.20260623792253685,1022.1844091796875,1145.4554315185546
2025-02-28,1014.7999877929688,1035.5,1009.9500122070312,1015.5499877929688,1013.90087890625,15026849,1013.90087890625,-0.07681551951187193,1315.160888671875,-0.22906703838330733,-0.001131110233610233,0.17884835357741707,0.20181877469827197,1020.320439453125,1144.924125366211
2025-03-03,1017.0499877929688,1019.4000244140624,992.0,1007.25,1005.6143188476562,6763184,1005.6143188476562,-0.08093794618562122,1315.160888671875,-0.23536783407299822,-0.008172948885824982,0.18043873608523453,0.20119475714541069,1019.0305383300781,1144.3254483032226
2025-03-04,1001.0999755859376,1011.0999755859376,998.5999755859376,1001.7999877929688,1000.1731567382812,5786420,1000.1731567382812,-0.07613981475029308,1315.160888671875,-0.23950509374688478,-0.005410784241427713,0.17255526150215092,0.2008986220832533,1017.4860498046875,1143.6434497070313
2025-03-05,1003.0,1017.4000244140624,1002.5499877929688,1014.4500122070312,1012.802734375,5133873,1012.802734375,-0.0591419005086854,1315.160888671875,-0.22990202712172625,0.012627391118859688,0.17155893545410145,0.1993686583397631,1016.1991430664062,1143.0143743896485
2025-03-06,1022.5999755859376,1039.5,1015.1500244140624,1034.0999755859375,1032.4207763671875,7861120,1032.4207763671875,-0.036587193986591715,1315.160888671875,-0.214985189067031,0.019370052357030598,0.17575506133513494,0.20117231979894257,1015.3485278320312,1142.5018444824218
2025-03-07,1033.699951171875,1050.3499755859375,1030.699951171875,1037.6500244140625,1035.9649658203125,7597321,1035.9649658203125,-0.03408904665258994,1315.160888671875,-0.2122903176762735,0.003432892415819122,0.1749736464863241,0.19987536625200678,1014.5538208007813,1142.0651458740235
2025-03-10,1036.0,1050.5,1032.3499755859375,1035.8499755859375,1034.16796875,5995655,1034.16796875,-0.05694840540991819,1315.160888671875,-0.213656688198535,-0.0017346118156510437,0.17524162684434316,0.1987640426347044,1013.8729321289062,1141.4236822509765
2025-03-11,1030.4000244140625,1036.800048828125,1021.0999755859376,1025.6500244140625,1023.9844970703124,4771085,1023.9844970703124,-0.07256241242889705,1315.160888671875,-0.22139982576246564,-0.009847019040820193,0.14513953433514573,0.1988320391135276,1013.0932006835938,1140.68765625
2025-03-12,1025.199951171875,1029.800048828125,999.2000122070312,1011.2000122070312,1009.5579833984376,7504702,1009.5579833984376,-0.08068646561513737,1315.160888671875,-0.23236921650099618,-0.01408860555325786,0.15190324838892305,0.1992589858662605,1011.8831689453125,1139.814653930664
2025-03-13,1015.0,1016.0,1005.0999755859376,1010.2000122070312,1008.5595703125,4004140,1008.5595703125,-0.10135144468546076,1315.160888671875,-0.23312837311410517,-0.0009889606167806653,0.15200483187780278,0.1949456457491956,1010.3576513671875,1138.9546160888672
2025-03-17,1011.0999755859376,1039.0,1011.0999755859376,1034.1500244140625,1032.470703125,5938668,1032.470703125,-0.06883057318333341,1315.160888671875,-0.2149472265954866,0.02370820080076297,0.16577398355566306,0.19303706921861194,1009.3442993164062,1138.3321002197265
2025-03-18,1034.1500244140625,1034.1500244140625,1034.1500244140625,1034.1500244140625,1032.470703125,0,1032.470703125,-0.06348016660707767,1315.160888671875,-0.2149472265954866,0.0,0.1627525052131154,0.19297649240946568,1008.7602490234375,1137.668682861328
2025-03-19,1047.800048828125,1058.550048828125,1043.5,1052.050048828125,1050.341552734375,4822365,1050.341552734375,-0.04023530325109159,1315.160888671875,-0.20135888940928726,0.017308820052021723,0.16633901902779755,0.19530839160487995,1008.4517504882813,1137.123550415039
2025-03-20,1056.25,1058.9000244140625,1046.9000244140625,1054.3499755859375,1052.6378173828125,3742644,1052.6378173828125,-0.023358306576287347,1315.160888671875,-0.1996128941715818,0.002186207565014975,0.14988324736086453,0.19535569585205223,1008.040419921875,1136.2818878173828
2025-03-21,1054.3499755859375,1075.550048828125,1050.550048828125,1070.1500244140625,1068.4122314453125,6848565,1068.4122314453125,0.0120255338800761,1315.160888671875,-0.18761860951913156,0.014985604546984721,0.15464750593162507,0.19652455428481763,1008.2081469726562,1135.981239013672
2025-03-24,1082.0,1104.949951171875,1073.699951171875,1097.8499755859375,1096.067138671875,8284863,1096.067138671875,0.04997819703449258,1315.160888671875,-0.1665908345413567,0.025884117022089814,0.16903108722420662,0.20081868807673134,1009.3492895507812,1135.553251953125
2025-03-25,1109.949951171875,1123.5,1096.3499755859375,1118.550048828125,1116.7337646484375,11720528,1116.7337646484375,0.054707147967791636,1315.160888671875,-0.15087669176645047,0.018855255528967607,0.1755672298082912,0.20158466738951947,1010.732041015625,1135.296185913086
2025-03-26,1115.0,1118.8499755859375,1089.050048828125,1096.25,1094.4698486328125,7127060,1094.4698486328125,0.04405798303054409,1315.160888671875,-0.16780535517744066,-0.019936637290298043,0.18277646550235538,0.2042730293996123,1011.6225927734375,1134.8487390136718
2025-03-27,1092.0,1108.0,1088.0999755859375,1098.3499755859375,1096.56640625,8508917,1096.56640625,0.06228326278108809,1315.160888671875,-0.16621120982591286,0.0019155919368691876,0.18157981282439123,0.20323234528095518,1013.0512670898438,1134.3459344482421
2025-03-28,1098.4000244140625,1107.0,1086.5,1102.0,1100.21044921875,4921190,1100.21044921875,0.06493877229826661,1315.160888671875,-0.16344041349206662,0.0033231393447585855,0.18128738770769973,0.20296847333252313,1014.3291870117188,1133.8882843017577
2025-04-01,1093.199951171875,1101.25,1070.0,1085.5999755859375,1083.837158203125,6638140,1083.837158203125,0.05142522995945775,1315.160888671875,-0.17589006216749192,-0.014881962834702667,0.1885838496529596,0.20426881512226364,1016.2171166992188,1133.3821875
2025-04-02,1091.699951171875,1095.5999755859375,1080.75,1084.449951171875,1082.68896484375,4065344,1082.68896484375,0.042993463731015646,1315.160888671875,-0.17676310619523405,-0.001059378109234177,0.18478981695349822,0.20419443510751592,1018.1419848632812,1132.9364416503906
2025-04-03,1078.9000244140625,1091.949951171875,1075.300048828125,1089.8499755859375,1088.0802001953125,5345660,1088.0802001953125,0.03594155992450743,1315.160888671875,-0.1726638089928918,0.004979486746999884,0.18352705887445925,0.20334570988953402,1020.5310986328125,1132.4857281494142
2025-04-04,1081.5,1101.9000244140625,1075.449951171875,1091.300048828125,1089.5279541015625,6059991,1089.5279541015625,0.0429167553737817,1315.160888671875,-0.1715629901358834,0.0013305580838527398,0.18351604891368753,0.2027931283094967,1023.1668127441407,1131.9881329345703
2025-04-07,1035.0,1069.0,1032.3499755859375,1047.949951171875,1046.2481689453125,9720457,1046.2481689453125,-0.004122424109470835,1315.160888671875,-0.20447134798703304,-0.039723427924287624,0.21678470520443888,0.21300030108989396,1025.1016638183594,1131.1008056640626
2025-04-08,1061.0,1084.949951171875,1060.300048828125,1077.8499755859375,1076.0997314453125,8723357,1076.0997314453125,0.03006300678442919,1315.160888671875,-0.18177331707908395,0.02853200931294575,0.23048746683335447,0.21729187905268982,1027.6844641113282,1130.2986401367189
2025-04-09,1073.0999755859375,1081.8499755859375,1058.0,1061.6500244140625,1059.926025390625,6690201,1059.926025390625,-0.0007342368666545251,1315.160888671875,-0.1940712086861105,-0.015029932247046074,0.23397998158008626,0.21855284710507053,1029.95177734375,1129.4258312988281
2025-04-11,1063.300048828125,1072.699951171875,1057.550048828125,1068.949951171875,1067.214111328125,8144072,1067.214111328125,0.0064207453065221465,1315.160888671875,-0.188529616018418,0.006876032631441431,0.23442711150728934,0.21890571029815617,1031.6520104980468,1128.6361010742187
2025-04-15,1090.0,1117.0,1083.0,1112.800048828125,1110.9930419921875,9320299,1110.9930419921875,0.05151444570069619,1315.160888671875,-0.1552417262696033,0.04102169395940658,0.26000957554442716,0.22702592805361002,1034.2358081054688,1127.849034423828
2025-04-16,1122.699951171875,1163.5,1112.5999755859375,1161.300048828125,1159.414306640625,12836428,1159.414306640625,0.08005787192737324,1315.160888671875,-0.11842397639161228,0.04358376949113052,0.28480610789941146,0.2386349271907218,1037.7620751953125,1127.2344909667968
2025-04-17,1155.5999755859375,1199.199951171875,1153.5999755859375,1190.800048828125,1188.8663330078125,13446336,1188.8663330078125,0.10344360715013656,1315.160888671875,-0.09602973807379722,0.0254025038318908,0.2904941867621309,0.2421692176660768,1041.8494274902343,1126.7495001220702
2025-04-21,1202.0,1238.699951171875,1198.0999755859375,1223.0,1221.0140380859375,15166580,1221.0140380859375,0.12515513344485285,1315.160888671875,-0.07158580474592158,0.027040638788039306,0.29401769580275905,0.2449573782235632,1046.3391259765624,1126.5434643554688
2025-04-22,1230.4000244140625,1235.0,1212.0999755859375,1216.800048828125,1214.8240966796875,8461710,1214.8240966796875,0.13441625177882366,1315.160888671875,-0.07629240867519516,-0.0050695087961096785,0.2938976310324591,0.2431492790591673,1050.8797399902344,1126.323187866211
2025-04-23,1225.300048828125,1230.0,1194.9000244140625,1206.9000244140625,1204.940185546875,9433911,1204.940185546875,0.14167175284603406,1315.160888671875,-0.0838077714098594,-0.00813608419509193,0.29638881928793476,0.24313731467778713,1054.705517578125,1126.0958905029297
2025-04-24,1199.0999755859375,1220.0,1199.0999755859375,1207.0999755859375,1205.139892578125,9078137,1205.139892578125,0.14842812304208963,1315.160888671875,-0.08365592152368184,0.0001657402032444466,0.2940637534868741,0.242914986362473,1058.575224609375,1125.7369104003906
2025-04-25,1177.0,1179.9000244140625,1146.0,1166.300048828125,1164.4061279296875,17243807,1164.4061279296875,0.1398438972686653,1315.160888671875,-0.11462837896162525,-0.0338000301038055,0.31519653067996445,0.24965747305789096,1061.4824963378906,1125.1697717285156
2025-04-28,1166.300048828125,1196.0,1164.300048828125,1192.800048828125,1190.8631591796875,5523502,1190.8631591796875,0.15996576064843127,1315.160888671875,-0.09451142484757924,0.022721480603198563,0.3192112147880852,0.25244124530833323,1064.8510192871095,1124.7042419433594
2025-04-29,1194.0,1210.0,1184.4000244140625,1187.300048828125,1185.3720703125,6074520,1185.3720703125,0.12739359756840885,1315.160888671875,-0.09868664699301022,-0.004611015820633835,0.31746394150621127,0.25256835650717235,1068.3563195800782,1124.207266845703
2025-04-30,1185.0999755859375,1193.9000244140625,1175.0,1185.0,1183.07568359375,6288257,1183.07568359375,0.12329101491759209,1315.160888671875,-0.10043273504849448,-0.0019372708167019193,0.3130094627249015,0.25161510477652704,1071.902550048828,1123.6910778808594
2025-05-02,1182.0999755859375,1210.5,1180.0999755859375,1183.4000244140625,1181.478271484375,5249372,1181.478271484375,0.11386149438608006,1315.160888671875,-0.10164734850235724,-0.001350219712506151,0.3130761673826384,0.2506889823141521,1075.42681640625,1123.1556787109375
2025-05-05,1190.0,1190.0,1164.300048828125,1173.199951171875,1171.294921875,7236056,1171.294921875,0.04179719105295776,1315.160888671875,-0.10939039324850908,-0.008619159450626968,0.3107280638004714,0.250281996381407,1078.7214587402343,1122.5439239501952
2025-05-06,1178.0,1178.800048828125,1157.699951171875,1161.4000244140625,1159.5140380859375,5348267,1159.5140380859375,0.028307766388990352,1315.160888671875,-0.11834814426630236,-0.010057999543107154,0.3133218505666359,0.24423431822217284,1081.9941357421876,1121.7656896972655
2025-05-07,1159.0,1168.5999755859375,1152.9000244140625,1161.300048828125,1159.414306640625,4263817,1159.414306640625,0.0025416296216858036,1315.160888671875,-0.11842397639161228,-8.601141688391323e-05,0.31097911542498213,0.2440429991973001,1085.3556701660157,1121.036127319336
2025-05-08,1170.0,1179.0,1165.5999755859375,1172.199951171875,1170.2965087890625,9912347,1170.2965087890625,0.006179347160442106,1315.160888671875,-0.11014954986161796,0.009385947789421811,0.31141789981160795,0.24444344179775315,1088.910887451172,1120.378197631836
2025-05-09,1160.0,1172.199951171875,1148.5,1151.0999755859375,1149.230712890625,5379571,1149.230712890625,0.0018596315024450583,1315.160888671875,-0.12616720677332172,-0.018000391986330744,0.31569712522240045,0.2464632890614196,1091.70134765625,1119.5879821777344
2025-05-12,1185.0,1209.0,1175.199951171875,1203.0,1201.04638671875,7616208,1201.04638671875,0.05468977035911338,1315.160888671875,-0.08676847291920642,0.04508726859360945,0.3324530845029993,0.2573327570097272,1095.4113110351564,1119.1419573974608
2025-05-13,1205.199951171875,1214.800048828125,1190.0,1193.5999755859375,1191.6617431640625,5569926,1191.6617431640625,0.04448140954215951,1315.160888671875,-0.09390421093842671,-0.00781372281575754,0.33056480115826264,0.25741472754586314,1099.0983142089844,1118.6981787109376
2025-05-14,1195.9000244140625,1199.4000244140625,1185.9000244140625,1195.5,1193.5587158203125,4084921,1193.5587158203125,0.06094062025146685,1315.160888671875,-0.09246182265529757,0.001591871743078066,0.32375660599225287,0.2571974118768499,1102.8012927246093,1118.3599792480468
2025-05-15,1197.0,1217.0,1185.0,1209.0999755859375,1207.1365966796875,6705748,1207.1365966796875,0.07210664882291051,1315.160888671875,-0.08213770111524277,0.011375963896374408,0.32461760762483177,0.25758985429245745,1106.7947985839844,1118.209473876953
2025-05-16,1206.0,1213.300048828125,1203.199951171875,1208.800048828125,1206.837158203125,4016269,1206.837158203125,0.08433021366429738,1315.160888671875,-0.08236538312673025,-0.00024805682918249694,0.32479068810477124,0.25675594159358894,1110.6305615234376,1118.373706665039
2025-05-19,1208.0,1219.0,1201.0999755859375,1202.800048828125,1200.846923828125,4550022,1200.846923828125,0.07466155933201768,1315.160888671875,-0.08692013716982627,-0.004963581320216348,0.3212212906559737,0.256926775093318,1114.369482421875,1118.500750732422
2025-05-20,1208.0,1210.699951171875,1192.9000244140625,1195.800048828125,1193.8582763671875,4724482,1193.8582763671875,0.05717572720179742,1315.160888671875,-0.09223404782603128,-0.005819765469073035,0.3221188880070473,0.2547311364211458,1118.1343615722656,1118.6292919921875
2025-05-21,1197.0999755859375,1204.9000244140625,1182.699951171875,1197.800048828125,1195.85498046875,3712472,1195.85498046875,0.0675731400484374,1315.160888671875,-0.09071582741759221,0.001672480009635935,0.3221260123163145,0.2546985073170096,1122.047998046875,1118.76806640625
2025-05-22,1196.699951171875,1196.699951171875,1177.5,1188.5,1186.570068359375,4795583,1186.570068359375,0.05440116543630924,1315.160888671875,-0.09777573331150258,-0.007764245883506327,0.3236962901880982,0.25497993209641256,1125.5233447265625,1118.8798852539062
2025-05-23,1188.5,1213.0999755859375,1188.0999755859375,1210.0999755859375,1208.135009765625,3676469,1208.135009765625,0.06296308428755615,1315.160888671875,-0.08137854450213378,0.018174182866475874,0.2998335464025875,0.2554984042008672,1129.0376293945312,1119.068578491211
2025-05-26,1216.199951171875,1224.199951171875,1208.699951171875,1215.199951171875,1213.2265625,3607612,1213.2265625,0.06552573197890932,1315.160888671875,-0.07750711494683671,0.00421439052193584,0.29139796360681386,0.25294911890290755,1132.582861328125,1119.3398864746093
2025-05-27,1215.199951171875,1216.699951171875,1190.4000244140625,1195.5999755859375,1193.658447265625,7249163,1193.658447265625,0.051749321309796814,1315.160888671875,-0.09238599052998764,-0.01612898681846575,0.29204382336348356,0.25448607736508416,1135.7726708984376,1119.6498822021485
2025-05-28,1195.5999755859375,1202.199951171875,1191.699951171875,1194.699951171875,1192.7598876953125,3525421,1192.7598876953125,0.06183113180974109,1315.160888671875,-0.0930692222000078,-0.0007527777919813516,0.2922574562076685,0.25451330638684233,1139.1481787109376,1119.9923248291016
2025-05-29,1200.0,1209.0,1189.0,1201.699951171875,1199.74853515625,7788068,1199.74853515625,0.032076647416883874,1315.160888671875,-0.0877553115438029,0.005859224084439285,0.27037093470584855,0.2510138984587932,1142.9519897460937,1120.3162976074218
2025-05-30,1201.4000244140625,1208.800048828125,1189.5999755859375,1192.199951171875,1190.2640380859375,9998488,1190.2640380859375,0.016286294922885025,1315.160888671875,-0.09496697450611191,-0.007905404167946939,0.24246394437152619,0.25107048287722383,1146.5860791015625,1120.5861083984375
2025-06-02,1189.800048828125,1200.9000244140625,1179.199951171875,1194.4000244140625,1192.46044921875,3761853,1192.46044921875,0.007010887750955375,1315.160888671875,-0.09329690421149528,0.0018453142013301616,0.23120253682942024,0.23820182766476977,1149.7858740234376,1120.8439392089845
2025-06-03,1195.0,1198.9000244140625,1174.9000244140625,1181.5,1179.5814208984375,8155665,1179.5814208984375,-0.00083495274529366,1315.160888671875,-0.10308964396770759,-0.010800381957112526,0.2187068922027103,0.23903721673113376,1152.7280883789062,1120.9297991943358
2025-06-04,1181.800048828125,1191.300048828125,1168.5999755859375,1171.0,1169.098388671875,4306355,1169.098388671875,0.010479503435876891,1315.160888671875,-0.1110605563609045,-0.008887078111639024,0.2195932771449067,0.23733202596483738,1155.1032250976561,1120.9867065429687
2025-06-05,1172.5,1175.5,1157.0,1159.0,1157.117919921875,10481600,1157.117919921875,-0.0068971600982845604,1315.160888671875,-0.12017006444709655,-0.010247613773217257,0.2202582479923489,0.23717948076065198,1157.1928271484376,1121.0161590576172
2025-06-06,1158.9000244140625,1201.199951171875,1151.199951171875,1194.5999755859375,1192.66015625,14715421,1192.66015625,0.02871574258731968,1315.160888671875,-0.09314505432531772,0.03071617483075939,0.23897463822698342,0.24119452468614272,1159.6777856445312,1121.1546838378906
2025-06-09,1212.5,1224.5,1206.199951171875,1219.9000244140625,1217.9190673828125,9138108,1217.9190673828125,-0.002499052957307679,1315.160888671875,-0.07393910671055837,0.021178632488430216,0.22456900917975556,0.24299899461355645,1162.11482421875,1121.487392578125
2025-06-10,1224.4000244140625,1235.9000244140625,1218.4000244140625,1232.800048828125,1230.798095703125,7747558,1230.798095703125,0.09060903734509496,1315.160888671875,-0.06414636695434606,0.010574617530201058,0.21727999422488475,0.24326798211708386,1164.3961108398437,1121.8108666992186
2025-06-11,1232.5999755859375,1241.800048828125,1228.0999755859375,1231.4000244140625,1229.400390625,4135775,1229.400390625,0.04039711592616513,1315.160888671875,-0.06520913052203137,-0.0011356087428185946,0.21670650193983831,0.23619521134110052,1167.0947216796876,1122.0954040527345
2025-06-12,1231.0,1237.0999755859375,1210.800048828125,1212.9000244140625,1210.930419921875,3461744,1210.930419921875,0.03662505512327763,1315.160888671875,-0.07925301736676338,-0.015023560138723635,0.22167017628576693,0.23798274436140188,1169.382001953125,1122.309805908203
2025-06-13,1198.0,1211.699951171875,1195.5999755859375,1205.800048828125,1203.842041015625,3906868,1203.842041015625,0.016793494253115382,1315.160888671875,-0.0846427601482782,-0.005853663257305297,0.22244487520555217,0.2383810742739731,1171.4546337890624,1122.5087335205078
2025-06-16,1206.0999755859375,1218.0,1196.0,1215.4000244140625,1213.4263916015625,5697424,1213.4263916015625,0.01361515354495979,1315.160888671875,-0.07735517224288035,0.007961468580920839,0.2215855657231478,0.23855899623384993,1174.0464184570312,1122.7338671875
2025-06-17,1215.4000244140625,1227.0,1211.300048828125,1215.0999755859375,1213.1268310546875,4492946,1213.1268310546875,0.01794547800012669,1315.160888671875,-0.07758294707214675,-0.00024687162645242733,0.21903632333019196,0.23802287810361641,1176.65517578125,1122.9028424072267
2025-06-18,1209.800048828125,1223.300048828125,1203.9000244140625,1221.0,1219.017333984375,3135662,1219.017333984375,0.028657549153104256,1315.160888671875,-0.07310402515436065,0.004855636507986816,0.21917425542807847,0.237320365184525,1179.2739184570312,1123.1526867675782
2025-06-19,1218.0,1227.800048828125,1213.800048828125,1217.5,1215.52294921875,4243763,1215.52294921875,0.03727888106480015,1315.160888671875,-0.07576102689135256,-0.0028665587175890073,0.21834661695141375,0.23405184429919995,1181.793818359375,1123.362844848633
2025-06-20,1217.5,1226.0,1214.199951171875,1220.699951171875,1218.7177734375,4652390,1218.7177734375,0.03436944998560931,1315.160888671875,-0.07333179998362693,0.0026283536816835706,0.2105009975755872,0.23395041276520637,1185.2432104492189,1123.5897259521485
2025-06-23,1212.5999755859375,1222.9000244140625,1205.5999755859375,1214.0999755859375,1212.12841796875,2312469,1212.12841796875,0.019411697733821898,1315.160888671875,-0.07834210368525563,-0.005406793609125882,0.16719386916548018,0.234128647717842,1187.9637841796875,1123.716019897461
2025-06-24,1222.9000244140625,1238.4000244140625,1215.5999755859375,1221.199951171875,1219.2169189453125,6745788,1219.2169189453125,-0.0036746376087293253,1315.160888671875,-0.07295226808596189,0.0058479785404597084,0.16607533867773205,0.2342059176290112,1191.1496020507811,1123.8637799072267
2025-06-25,1226.300048828125,1226.300048828125,1211.0,1213.300048828125,1211.3297119140625,4229259,1211.3297119140625,-0.020382091156509685,1315.160888671875,-0.07894941041218706,-0.006469076100151905,0.16738573447804167,0.23343690486512952,1194.0319140625,1124.0414910888671
2025-06-26,1215.199951171875,1239.0,1211.199951171875,1233.5,1231.4969482421875,8678448,1231.4969482421875,-0.002422741434623621,1315.160888671875,-0.06361498517050346,0.016648841458910546,0.17100866843760396,0.23443377604079804,1196.4419921875,1124.3058111572266
2025-06-27,1236.9000244140625,1247.0,1220.4000244140625,1225.0999755859375,1223.110595703125,6068274,1223.110595703125,-0.0016728919369597417,1315.160888671875,-0.06999165939439367,-0.006809884954268819,0.17238405777737814,0.23488913967373287,1197.71591796875,1124.6370220947265
2025-06-30,1228.9000244140625,1236.0,1193.0999755859375,1199.199951171875,1197.2525634765625,6559872,1197.2525634765625,-0.05609701288208735,1315.160888671875,-0.08965315666768581,-0.021141205314877953,0.1828980223823493,0.23813586645661158,1197.883642578125,1124.7785418701171
2025-07-01,1202.0,1202.0,1167.0,1173.300048828125,1171.394775390625,8702198,1171.394775390625,-0.08650567978988633,1315.160888671875,-0.10931446830542024,-0.02159760511253539,0.19268813957679004,0.24048622890309335,1196.8912573242187,1124.7091552734375
2025-07-02,1180.0,1181.9000244140625,1172.0,1175.300048828125,1173.3914794921875,5471100,1173.3914794921875,-0.08746879806550378,1315.160888671875,-0.10779624789698117,0.0017045526781496179,0.19269139388083678,0.24023665242758666,1196.0626049804687,1124.6552435302735
2025-07-03,1178.0,1181.0,1168.0,1171.0999755859375,1169.1982421875,6237185,1169.1982421875,-0.07369781925077046,1315.160888671875,-0.11098463141781567,-0.0035736046988360526,0.19171037793079077,0.24041376729715125,1195.3477661132813,1124.4942553710937
2025-07-04,1174.0,1179.5,1162.0,1177.5999755859375,1176.6925048828125,3926186,1176.6925048828125,-0.06528575334974018,1315.160888671875,-0.10528626952166731,0.006409745092749386,0.18469830945355176,0.23912997417565263,1194.778818359375,1124.3003533935546
2025-07-07,1177.5999755859375,1177.5999755859375,1167.5999755859375,1175.0999755859375,1174.1944580078125,5783402,1174.1944580078125,-0.06094467452496144,1315.160888671875,-0.10718569254779053,-0.00212293939549546,0.18411157550548965,0.23912424412437328,1194.9745849609376,1124.026071166992
2025-07-08,1180.0,1180.0,1161.9000244140625,1165.4000244140625,1164.501953125,9973619,1164.501953125,-0.08804980642232962,1315.160888671875,-0.11455551700523803,-0.008254599412142682,0.17986347745429263,0.23914114478292647,1194.4473608398437,1123.698084716797
2025-07-09,1160.0,1171.0,1158.5999755859375,1164.699951171875,1163.8023681640625,8674795,1163.8023681640625,-0.08923812203173187,1315.160888671875,-0.11508745569575374,-0.0006007589416746617,0.17986408596879103,0.23917057166522113,1194.015966796875,1123.3249182128907
2025-07-10,1170.0999755859375,1176.5999755859375,1163.0,1164.300048828125,1163.40283203125,4339755,1163.40283203125,-0.09390123380497273,1315.160888671875,-0.11539124828588765,-0.0003433023885686115,0.1787765056840833,0.23915395122624822,1193.622509765625,1122.9385223388672
2025-07-11,1162.0,1175.9000244140625,1160.5999755859375,1173.800048828125,1172.8955078125,4468654,1172.8955078125,-0.08707537958872802,1315.160888671875,-0.10817336653239651,0.008159405770636008,0.1794180674250703,0.2391995179563791,1193.4508544921875,1122.5881085205078
2025-07-14,1179.0,1179.9000244140625,1163.0,1172.699951171875,1171.7962646484375,4772502,1171.7962646484375,-0.08902745248389554,1315.160888671875,-0.10900919063082493,-0.0009372046842541781,0.17929285796295322,0.23919319650894993,1193.4608813476561,1122.223212890625
2025-07-15,1174.0,1179.0,1162.300048828125,1165.9000244140625,1165.0015869140625,4776756,1165.0015869140625,-0.09588742489011803,1315.160888671875,-0.11417561383645769,-0.005798514587698866,0.1773767678421329,0.2389479768878091,1193.5706323242186,1121.8605346679688
2025-07-16,1164.9000244140625,1174.0,1157.0999755859375,1168.4000244140625,1167.4996337890625,4388279,1167.4996337890625,-0.09751218843379506,1315.160888671875,-0.11227619081033446,0.002144243323837003,0.17563840884962353,0.23864137397131013,1193.7323388671875,1121.3678295898437
2025-07-17,1170.0,1172.9000244140625,1154.800048828125,1159.800048828125,1158.90625,5694428,1158.90625,-0.11881028398713245,1315.160888671875,-0.11881028398713245,-0.0073605023422346205,0.1743674691900179,0.2384247057536123,1193.5045336914063,1120.7872302246094
2025-07-18,1090.0,1115.9000244140625,1086.0,1099.300048828125,1098.452880859375,38053695,1098.452880859375,-0.1584843766204752,1315.160888671875,-0.16477680387176374,-0.0521641583524336,0.2098071472378743,0.25294179470662626,1192.4889770507812,1119.9240814208983
2025-07-21,1086.0,1101.5,1071.9000244140625,1099.5999755859375,1098.7525634765625,15905500,1098.7525634765625,-0.15602782216743882,1315.160888671875,-0.16454893622471856,0.00027282246003390576,0.1975640023892862,0.25290443544676444,1190.4431005859376,1119.2668493652343
2025-07-22,1102.0,1110.5999755859375,1095.0,1098.0,1097.15380859375,9999957,1097.15380859375,-0.16073143554221248,1315.160888671875,-0.16576457067414851,-0.0014550636202875777,0.19322512531822625,0.25289700011422495,1188.5529418945312,1118.6293280029297
2025-07-23,1099.5,1110.5,1098.0999755859375,1104.800048828125,1103.9486083984375,6633979,1103.9486083984375,-0.14439259096180146,1315.160888671875,-0.16059805465073695,0.0061931150869325435,0.19524401549897596,0.25241193141193413,1186.7607397460938,1118.2801171875
2025-07-24,1104.0,1105.0,1089.4000244140625,1095.0999755859375,1094.256103515625,9901209,1094.256103515625,-0.14539115545733794,1315.160888671875,-0.16796787910818456,-0.008779851533916916,0.1928677671373459,0.2516709562876742,1184.5031298828126,1117.8689654541015
2025-07-25,1086.0999755859375,1101.0,1076.199951171875,1086.0999755859375,1085.262939453125,11779887,1085.262939453125,-0.1394987813764943,1315.160888671875,-0.17480595051067416,-0.00821851852926092,0.1932613971958608,0.2521246654512341,1182.0716455078125,1117.5760827636718
2025-07-28,1080.9000244140625,1092.199951171875,1067.4000244140625,1073.5999755859375,1072.7725830078125,9029557,1072.7725830078125,-0.13292925988197268,1315.160888671875,-0.18430315845906897,-0.01150906014684927,0.19156601293860656,0.24999738371981112,1179.5101586914063,1117.182809448242
2025-07-29,1070.9000244140625,1078.699951171875,1055.4000244140625,1064.199951171875,1063.3798828125,15599773,1063.3798828125,-0.09421772007223206,1315.160888671875,-0.19144502245169248,-0.008755537141877268,0.19169450088082388,0.25048055132278846,1176.9005908203126,1116.6584594726562
2025-07-30,1070.5,1080.5999755859375,1062.0,1073.300048828125,1072.472900390625,8247433,1072.472900390625,-0.0875973044043481,1315.160888671875,-0.18453102610611416,0.00855105285053459,0.19352039921337377,0.24923721584217484,1174.43294921875,1116.109189453125
2025-07-31,1066.0,1081.300048828125,1063.9000244140625,1068.4000244140625,1067.57666015625,7634413,1067.57666015625,-0.08609627372841899,1315.160888671875,-0.18825394721527167,-0.004565374316303661,0.1934823179342326,0.24935265769938147,1172.0530810546875,1115.5943426513672
2025-08-01,1065.0,1070.9000244140625,1060.0,1062.4000244140625,1061.581298828125,5545447,1061.581298828125,-0.09118978676729084,1315.160888671875,-0.1928125996050789,-0.005615860248619042,0.1924103622285599,0.24829278964555723,1169.1220068359376,1115.0899530029296
2025-08-04,1064.4000244140625,1070.0,1059.0,1068.5999755859375,1067.7764892578125,4465845,1067.7764892578125,-0.08282879904307128,1315.160888671875,-0.1881020045113153,0.005835813457270245,0.19470455897626782,0.24462555765702795,1166.2130053710937,1114.668953857422
2025-08-05,1068.0,1079.9000244140625,1062.5,1070.800048828125,1069.974853515625,5318081,1069.974853515625,-0.08580128238891427,1315.160888671875,-0.18643044913223727,0.002058824370014589,0.19331968876526257,0.24253177248709848,1163.7393334960936,1114.262191772461
2025-08-06,1074.0,1077.699951171875,1065.5999755859375,1071.0,1070.1746826171875,4216651,1070.1746826171875,-0.07661170598049916,1315.160888671875,-0.18627850642828092,0.00018676055881683418,0.1936239279577561,0.24025948334669528,1161.2876293945312,1113.9630047607423
2025-08-07,1067.800048828125,1079.699951171875,1064.5,1076.199951171875,1075.37060546875,5321131,1075.37060546875,-0.049739966968529226,1315.160888671875,-0.18232771767207812,0.004855210028754886,0.1855167340409104,0.24038089277199243,1158.8000708007812,1113.3653259277344
2025-08-08,1073.0,1080.4000244140625,1054.199951171875,1058.0999755859375,1057.2845458984375,5084903,1057.2845458984375,-0.05958242702983296,1315.160888671875,-0.19607969260236735,-0.01681844331464577,0.1888648555044216,0.24192565252495934,1156.1404809570313,1112.7099127197266
2025-08-11,1058.0999755859375,1075.4000244140625,1052.5999755859375,1073.300048828125,1072.472900390625,5452775,1072.472900390625,-0.05505164106259042,1315.160888671875,-0.18453102610611416,0.014365436959339117,0.19015921657464002,0.24189372822315586,1153.7407299804688,1112.203073120117
2025-08-12,1071.0999755859375,1076.5999755859375,1066.300048828125,1070.0,1069.1754150390625,4573025,1069.1754150390625,-0.059074499507712486,1315.160888671875,-0.1870383127658417,-0.0030746561058666577,0.18233483190693753,0.24194215992943247,1151.5326098632813,1111.7563720703124
2025-08-13,1071.0999755859375,1072.800048828125,1063.199951171875,1066.0,1065.178466796875,4966778,1065.178466796875,-0.06636532513835025,1315.160888671875,-0.19007744529830617,-0.003738346566864781,0.1818029384964727,0.24187135265180199,1149.4542114257813,1111.2549920654296
2025-08-14,1067.0,1072.4000244140625,1062.0,1068.199951171875,1067.376708984375,6761305,1067.376708984375,-0.08175494184379706,1315.160888671875,-0.18840598273700693,0.002063731342702102,0.1824232918061882,0.24188692877572207,1147.6593872070312,1110.6547821044921
2025-08-18,1080.0,1090.0,1079.4000244140625,1082.5999755859375,1081.7657470703125,7964987,1081.7657470703125,-0.06560426873971226,1315.160888671875,-0.17746508705657926,0.01348074954682943,0.18668309280888784,0.23345475997865936,1145.4414990234375,1110.2151232910155
2025-08-19,1078.0,1095.0,1075.800048828125,1083.199951171875,1082.365234375,5661531,1082.365234375,-0.05981631569990209,1315.160888671875,-0.1770092589447101,0.0005541747890529525,0.18692002136822408,0.22857822046773504,1142.7304223632811,1109.7023364257811
2025-08-20,1081.0,1083.699951171875,1077.800048828125,1080.199951171875,1079.3675537109375,3034728,1079.3675537109375,-0.07346861619230138,1315.160888671875,-0.17928858513961377,-0.0027695648094180347,0.18616340370235357,0.22718670200455085,1139.7018115234375,1109.2566772460937
2025-08-21,1090.0,1090.0,1076.4000244140625,1078.9000244140625,1078.068603515625,6459262,1078.068603515625,-0.06367045328163456,1315.160888671875,-0.18027625912421974,-0.0012034363927715397,0.18611930533815552,0.2269269303701177,1136.67517578125,1108.858684692383
2025-08-22,1076.0,1078.5,1069.5,1070.9000244140625,1070.07470703125,3853718,1070.07470703125,-0.08234996573750009,1315.160888671875,-0.18635452418914855,-0.007415016501089666,0.18654202303605588,0.21649811674139924,1133.8580615234375,1108.3708038330078
2025-08-25,1073.0,1074.5,1068.199951171875,1070.0,1069.1754150390625,2711278,1069.1754150390625,-0.08811780704799199,1315.160888671875,-0.1870383127658417,-0.0008404011292655333,0.18378625111333288,0.20334965327311255,1131.1647290039064,1108.0296807861328
2025-08-26,1068.0,1069.800048828125,1048.0,1050.0999755859375,1049.290771484375,7197666,1049.290771484375,-0.10167310678416408,1315.160888671875,-0.20215786484951737,-0.018598111474496415,0.1891020514305999,0.20059523821593434,1127.8820166015626,1107.4271484375
2025-08-28,1057.0,1059.5,1047.0,1051.9000244140625,1051.08935546875,8564803,1051.08935546875,-0.09704611527471141,1315.160888671875,-0.20079028769613094,0.0017140949232123948,0.18959732287819317,0.19485559111958273,1124.6412670898437,1106.8595666503907
2025-08-29,1052.0999755859375,1063.0,1042.5,1045.199951171875,1044.39453125,4718016,1044.39453125,-0.10613245740231703,1315.160888671875,-0.20588078595867487,-0.006369414915979532,0.18905697052645004,0.1949334600576163,1121.1488110351563,1106.291456298828
2025-09-01,1047.5999755859375,1064.0,1047.5999755859375,1061.5,1060.6820068359375,3190426,1060.6820068359375,-0.10060763355175595,1315.160888671875,-0.19349638818177206,0.015595136798010278,0.19668156308820176,0.19671812309941417,1118.0519921875,1105.7995428466797
2025-09-02,1061.5,1064.9000244140625,1049.0,1056.199951171875,1055.385986328125,4933541,1055.385986328125,-0.09722648742879314,1315.160888671875,-0.1975232875166213,-0.00499303323114797,0.13024944753698545,0.19679572045778057,1114.7853564453126,1105.230980834961
2025-09-03,1056.199951171875,1064.9000244140625,1045.0,1054.699951171875,1053.88720703125,8303296,1053.88720703125,-0.10192160999604605,1315.160888671875,-0.19866290420518373,-0.0014201243111910955,0.13016422198062094,0.18900442371730164,1111.6205322265625,1104.7190698242186
2025-09-04,1058.199951171875,1062.199951171875,1047.300048828125,1050.4000244140625,1049.590576171875,8088417,1049.590576171875,-0.10546884347026542,1315.160888671875,-0.20192990438469327,-0.004076936156648503,0.13040311876202587,0.18473749097339487,1108.2280053710938,1104.2805212402343
2025-09-05,1056.5999755859375,1058.0,1047.800048828125,1055.9000244140625,1055.0863037109375,2849589,1055.0863037109375,-0.11103437309854858,1315.160888671875,-0.19775115516366648,0.005236067914316411,0.1299447859525664,0.18497773827706784,1105.1031372070313,1103.861714477539
2025-09-08,1055.9000244140625,1063.0,1054.0,1055.5,1054.6866455078125,2260147,1054.6866455078125,-0.11345906696621655,1315.160888671875,-0.1980550405715793,-0.00037879195447743097,0.12810944565745144,0.18497914429463289,1101.5669311523438,1103.5132922363282
2025-09-09,1057.5,1059.0,1048.699951171875,1052.199951171875,1051.3890380859375,4310419,1051.3890380859375,-0.10580010425609254,1315.160888671875,-0.20056242004908575,-0.0031266229035139537,0.12652400402595373,0.18500688383952688,1098.1325,1103.1096948242186
2025-09-10,1058.0,1074.0999755859375,1055.0999755859375,1070.0999755859375,1069.2752685546875,5241075,1069.2752685546875,-0.09278348059694508,1315.160888671875,-0.18696238782275298,0.017012000145361972,0.13283436457828235,0.1870674360593769,1095.5729541015626,1102.7695697021484
2025-09-11,1069.0,1093.0,1069.0,1087.4000244140625,1086.56201171875,5227539,1086.56201171875,-0.060773028276895014,1315.160888671875,-0.17381818370828928,0.016166784805028422,0.13821207674419378,0.18859023225628158,1093.876298828125,1102.4996551513673
2025-09-12,1088.4000244140625,1108.699951171875,1088.4000244140625,1105.300048828125,1104.4482421875,6014850,1104.4482421875,-0.05517810256800659,1315.160888671875,-0.1602181514819565,0.016461306649638185,0.1438744067828605,0.1907510912982168,1092.4974340820313,1102.2517810058594
2025-09-15,1105.0,1110.0,1100.0,1104.4000244140625,1103.5489501953125,3881807,1103.5489501953125,-0.0689488471844123,1315.160888671875,-0.16090194005864966,-0.0008142454827999579,0.14301733586866605,0.19002133714891262,1091.1844482421875,1102.0548205566406
2025-09-16,1105.699951171875,1127.0999755859375,1104.0,1121.199951171875,1120.3359375,7965606,1120.3359375,-0.053909222707682836,1315.160888671875,-0.1481377319307453,0.01521181937757854,0.14714205334328137,0.18952706954079163,1090.0573168945311,1101.9175848388672
2025-09-17,1121.300048828125,1128.5,1116.0999755859375,1126.0,1125.13232421875,5590739,1125.13232421875,-0.06347911746132706,1315.160888671875,-0.14449073576467653,0.004281204019441764,0.1468437628540363,0.1735367061850029,1089.07607421875,1101.88994140625
2025-09-18,1129.0,1134.4000244140625,1121.199951171875,1133.0,1132.1268310546875,5713032,1132.1268310546875,-0.06857089887331258,1315.160888671875,-0.1391723698550873,0.006216608202767926,0.14740405019365163,0.17348844767706015,1088.4285717773437,1101.87830078125
2025-09-19,1133.0,1144.0999755859375,1126.5999755859375,1135.9000244140625,1135.024658203125,8910732,1135.024658203125,-0.07650313332277225,1315.160888671875,-0.13696896860327246,0.002559631190560019,0.14732124141438946,0.17352919612081405,1087.853017578125,1101.8771563720702
2025-09-22,1136.0,1147.5999755859375,1131.199951171875,1144.4000244140625,1143.51806640625,7689900,1143.51806640625,-0.07038552152516431,1315.160888671875,-0.1305108931873421,0.0074830164628942875,0.1479585782978814,0.17289599555530624,1087.455322265625,1101.8016693115235
2025-09-23,1146.0,1172.800048828125,1141.9000244140625,1170.800048828125,1169.8978271484375,16079093,1169.8978271484375,-0.0553422705074732,1315.160888671875,-0.11045269272730007,0.023068949688824336,0.14881887855914094,0.17735330341068709,1087.3953686523437,1101.8633227539062
2025-09-24,1168.0,1172.800048828125,1154.0,1158.9000244140625,1158.0069580078125,12812055,1158.0069580078125,-0.06663677588020156,1315.160888671875,-0.11949407256382572,-0.01016402361359059,0.15011973646931914,0.17795435719879787,1087.1195825195311,1101.8308276367188
2025-09-25,1154.699951171875,1171.800048828125,1153.4000244140625,1166.5999755859375,1165.700927734375,11188302,1165.700927734375,-0.06217111394691943,1315.160888671875,-0.11364386078149968,0.006644148097174618,0.14956665565566762,0.17808995061629607,1087.1335693359374,1101.7461999511718
2025-09-26,1161.5999755859375,1169.699951171875,1148.0,1154.0,1153.1107177734375,5618932,1153.1107177734375,-0.07363952849801902,1315.160888671875,-0.12321699367298333,-0.010800548975634316,0.15364680154283833,0.1789391069902015,1086.845791015625,1101.7049487304687
2025-09-29,1155.4000244140625,1158.300048828125,1126.699951171875,1132.199951171875,1131.327392578125,9693881,1131.327392578125,-0.08582355032918532,1315.160888671875,-0.13978023348869173,-0.018890922493005946,0.16590597496391016,0.1812003816961279,1086.2942138671874,1101.6027026367187
2025-09-30,1130.0,1137.0,1125.4000244140625,1131.5999755859375,1130.7279052734375,8165203,1130.7279052734375,-0.10687867265814033,1315.160888671875,-0.1402360616005609,-0.0005298972769689492,0.16240924753986397,0.17843459489863148,1086.9397143554688,1101.5294073486327
2025-10-01,1132.5,1164.800048828125,1131.0,1159.5,1158.6064453125,9655009,1158.6064453125,-0.09130768039181181,1315.160888671875,-0.11903824445195654,0.024655392255770625,0.17563748693190256,0.1832335615531316,1088.1367919921875,1101.6034912109376
2025-10-03,1171.0,1188.0,1169.5,1181.0,1180.08984375,11095015,1180.08984375,-0.0715868464200815,1315.160888671875,-0.10270305791885093,0.01854244685451012,0.18103816806339526,0.184013898376854,1089.7955126953125,1101.7725122070312
2025-10-06,1185.0,1215.199951171875,1182.0999755859375,1212.800048828125,1211.865478515625,20128505,1211.865478515625,-0.01490287056983719,1315.160888671875,-0.07854203318087083,0.02692645389155346,0.19325293273403008,0.1894670242989498,1091.9538500976562,1102.086683959961
2025-10-07,1212.0,1212.0,1184.0,1186.800048828125,1185.885498046875,8620156,1185.885498046875,-0.03165992500896342,1315.160888671875,-0.09829625541522125,-0.02143800688222597,0.2043899131219627,0.19265679660733187,1093.7864379882812,1102.3440869140625
2025-10-08,1180.0999755859375,1194.800048828125,1174.0999755859375,1180.5999755859375,1179.690185546875,5160430,1179.690185546875,0.005025950285023617,1315.160888671875,-0.10300694332676374,-0.005224207994956931,0.20559231125831648,0.19239955591538233,1095.6749829101564,1102.6403997802734
2025-10-09,1178.0,1187.300048828125,1163.0999755859375,1167.4000244140625,1166.5003662109375,7194651,1166.5003662109375,-0.008488056945081812,1315.160888671875,-0.11303599714789525,-0.0111807485537595,0.19974760998878877,0.1932734727063747,1097.5495385742188,1102.9374047851563
2025-10-10,1168.0,1191.699951171875,1165.199951171875,1180.4000244140625,1179.4903564453125,6933035,1179.4903564453125,0.031167729044421444,1315.160888671875,-0.1031588860307201,0.011135864686069086,0.2008331698655664,0.1933431340133781,1099.871748046875,1103.4843096923828
2025-10-13,1171.0,1193.5999755859375,1167.5,1189.5999755859375,1188.6832275390625,4138448,1188.6832275390625,0.03235634867222781,1315.160888671875,-0.09616896474205294,0.00779393493428393,0.1987076271744922,0.19316911001347434,1102.1959545898437,1104.040737915039
2025-10-14,1191.800048828125,1191.800048828125,1166.5999755859375,1176.800048828125,1175.8931884765625,5742538,1175.8931884765625,0.006542530576095551,1315.160888671875,-0.10589404033749283,-0.010759838084852369,0.20047639968695516,0.19324987355435302,1104.36228515625,1104.5344635009765
2025-10-15,1180.0,1181.699951171875,1164.0,1169.5999755859375,1168.6986083984375,6328142,1168.6986083984375,-0.011526673248243635,1315.160888671875,-0.11136453458659612,-0.006118395912681485,0.20091769847836735,0.1865209040247419,1106.5046313476562,1105.003198852539
2025-10-16,1216.4000244140625,1216.9000244140625,1185.300048828125,1196.300048828125,1195.378173828125,17747171,1195.378173828125,0.021214162352659827,1315.160888671875,-0.0910783736617301,0.02282843946075075,0.20794474972097443,0.187074851656549,1109.0566650390624,1105.6015881347657
2025-10-17,1196.300048828125,1212.9000244140625,1191.5999755859375,1200.199951171875,1199.2750244140625,6404414,1199.2750244140625,0.031670612607590964,1315.160888671875,-0.08811535170791207,0.0032599311843364287,0.2064612155701717,0.18628754579326104,1111.6426684570313,1106.2569012451172
2025-10-20,1207.9000244140625,1231.699951171875,1207.0,1226.0,1225.05517578125,7418616,1225.05517578125,0.06343781226853062,1315.160888671875,-0.06851307217751812,0.02149644647172,0.21223863335202822,0.18978898515097087,1114.7402783203124,1107.0673217773438
2025-10-21,1225.800048828125,1238.800048828125,1222.0,1237.300048828125,1236.3465576171875,1940248,1236.3465576171875,0.07384458727523735,1315.160888671875,-0.05992752045286165,0.009217039411091532,0.2119169826544099,0.18867559861022862,1117.9597973632813,1107.8987567138672
2025-10-23,1246.0,1276.0999755859375,1241.300048828125,1258.800048828125,1257.8299560546875,14611221,1257.8299560546875,0.11311195056658918,1315.160888671875,-0.04359233391975603,0.01737651818184771,0.21307913078801385,0.19052511807114544,1121.9707055664062,1108.763729248047
2025-10-24,1254.199951171875,1256.0,1240.0999755859375,1241.9000244140625,1240.9429931640625,4882046,1240.9429931640625,0.03852738772661013,1315.160888671875,-0.056432559808528016,-0.013425473617747707,0.21772064049268156,0.19153075954052295,1125.340107421875,1109.552752685547
2025-10-27,1243.4000244140625,1258.5,1242.5999755859375,1254.0999755859375,1253.133544921875,6185072,1253.133544921875,0.05450029090598307,1315.160888671875,-0.047163312324957296,0.009823619477257406,0.21567685890646854,0.19218631136203237,1129.0192700195312,1110.510054321289
2025-10-28,1249.0,1258.9000244140625,1236.5999755859375,1246.300048828125,1245.339599609375,8146777,1245.339599609375,0.06091011494884002,1315.160888671875,-0.05308954186815085,-0.006219564821390078,0.2150872478101525,0.19235819240790228,1132.6224926757814,1111.407919921875
2025-10-29,1246.9000244140625,1251.0,1239.199951171875,1248.800048828125,1247.837646484375,4578825,1247.837646484375,0.07710040292669773,1315.160888671875,-0.05119011884202762,0.0020059161981065277,0.21468242885719163,0.19230311987609805,1136.2317114257812,1112.2810864257813
2025-10-30,1243.0,1248.0,1235.0,1238.5999755859375,1237.6455078125,4017532,1237.6455078125,0.06194239417776748,1315.160888671875,-0.058939846468255674,-0.008167840344126542,0.21494806551825615,0.19279119418738366,1139.349306640625,1113.1691845703126
2025-10-31,1243.0,1245.4000244140625,1231.0,1232.800048828125,1231.8499755859375,4106607,1231.8499755859375,0.03741837177586382,1315.160888671875,-0.06334655615410645,-0.004682707762423743,0.21619991292881094,0.19273489463135926,1142.3390014648437,1114.1333843994141
2025-11-03,1226.0,1241.0,1222.300048828125,1233.699951171875,1232.749267578125,6118907,1232.749267578125,0.05390432764547293,1315.160888671875,-0.06266276757741329,0.0007300336972930754,0.216100577121206,0.19250431844396979,1145.4066357421875,1115.0591497802734
2025-11-04,1230.0999755859375,1235.9000244140625,1222.800048828125,1226.5999755859375,1225.6546630859375,3299345,1225.6546630859375,0.034375287811147626,1315.160888671875,-0.06805724406564895,-0.005755107448675023,0.21756362751754568,0.19243802415211858,1148.3583569335938,1115.9377117919921
2025-11-06,1225.0,1239.5999755859375,1225.0,1228.5,1227.55322265625,3733721,1227.55322265625,0.05053818044832692,1315.160888671875,-0.0666136491513949,0.0015490167234646357,0.21709846235282063,0.19043264751992894,1151.5079272460937,1116.949814453125
2025-11-07,1227.0,1228.800048828125,1217.0,1222.800048828125,1221.857666015625,3461466,1221.857666015625,0.05544819488024011,1315.160888671875,-0.07094434107637804,-0.004639763503125893,0.2089377107595282,0.19024628889483547,1154.561572265625,1117.8775305175782
2025-11-10,1222.0,1232.800048828125,1215.5,1217.0,1216.0621337890625,4140568,1216.0621337890625,0.04146038491244908,1315.160888671875,-0.07535105076222892,-0.004743213868323326,0.20688120368568563,0.1870235255361261,1157.8969995117188,1119.0106378173828
2025-11-11,1218.0999755859375,1225.0,1209.4000244140625,1222.5,1221.557861328125,5615453,1221.557861328125,0.07399141472448689,1315.160888671875,-0.07117230154120213,0.004519281857694679,0.20653251879556936,0.18346006638236506,1161.3063696289062,1120.1861993408204
2025-11-12,1227.9000244140625,1232.699951171875,1216.5,1221.5999755859375,1220.6585693359375,6782513,1220.6585693359375,0.04347875540580848,1315.160888671875,-0.07185609011789529,-0.0007361845235965836,0.20329791265467603,0.1834613712285591,1164.831650390625,1121.4463696289063
2025-11-13,1219.0,1234.800048828125,1213.199951171875,1225.199951171875,1224.2557373046875,3345231,1224.2557373046875,0.05121907247561697,1315.160888671875,-0.06912093581112255,0.002946907562126011,0.1934308909467722,0.1833753247623577,1168.103125,1122.778937072754
2025-11-14,1224.0,1246.0,1222.0,1241.5999755859375,1240.6431884765625,5197740,1240.6431884765625,0.07135181551160441,1315.160888671875,-0.05666052027335211,0.013385643760962518,0.19560029783292118,0.18437232693897848,1171.8082690429687,1124.2346249389648
2025-11-17,1243.9000244140625,1261.0,1240.4000244140625,1249.5999755859375,1248.636962890625,4088026,1248.636962890625,0.07727978070276142,1315.160888671875,-0.050582348026202095,0.0064432501530744535,0.1850545544621348,0.18456394576329327,1175.7032641601563,1125.7430111694337
2025-11-18,1250.0,1273.5,1247.5999755859375,1265.4000244140625,1264.4249267578125,10175969,1264.4249267578125,0.08153850780192329,1315.160888671875,-0.038577760600300826,0.012644158659726124,0.18138191032013704,0.18498931965636986,1179.999951171875,1127.332333984375
2025-11-19,1268.0,1273.0,1257.800048828125,1270.4000244140625,1269.4210205078125,4101288,1269.4210205078125,0.09785921034475886,1315.160888671875,-0.034778914548054485,0.003951277489293803,0.1659118803432283,0.18503581118611973,1184.2866455078124,1128.7684268188477
2025-11-20,1275.0,1287.300048828125,1262.5999755859375,1285.199951171875,1284.2095947265625,4617594,1284.2095947265625,0.12917371310467884,1315.160888671875,-0.02353422627749291,0.011649857675142261,0.15321535233011957,0.18586959292926708,1188.8771044921875,1130.280458984375
2025-11-21,1284.0,1284.5,1273.0,1275.800048828125,1274.81689453125,6363593,1274.81689453125,0.11939194635476502,1315.160888671875,-0.03067609027011642,-0.007313993162706756,0.1542710413891448,0.1860245767435666,1193.3456616210938,1131.739038696289
2025-11-24,1279.199951171875,1290.9000244140625,1266.5999755859375,1269.0,1268.0220947265625,10491953,1268.0220947265625,0.1277612007059501,1315.160888671875,-0.03584260629352809,-0.00533002020434159,0.15060679942428748,0.18629876062287545,1197.3205981445312,1133.1566555786133
2025-11-25,1269.0999755859375,1276.699951171875,1263.699951171875,1266.300048828125,1265.32421875,5290156,1265.32421875,0.11767043161412927,1315.160888671875,-0.03789397202360767,-0.0021276253685029722,0.14914852107821625,0.18602354881382432,1200.8958422851563,1134.5006311035156
2025-11-26,1271.9000244140625,1292.800048828125,1269.300048828125,1290.199951171875,1289.2056884765625,4842021,1289.2056884765625,0.1335666546882588,1315.160888671875,-0.019735380225246457,0.01887379485248042,0.15594136219256644,0.18840939807671156,1204.5909912109375,1136.007692565918
2025-11-27,1297.0,1304.0,1281.0,1287.300048828125,1286.3079833984375,5924706,1286.3079833984375,0.12780124546415084,1315.160888671875,-0.0219386886592825,-0.0022476669968383156,0.1514162023203496,0.18794743596853203,1208.246171875,1137.3709759521485
2025-11-28,1287.300048828125,1289.0,1275.0,1279.699951171875,1278.7137451171875,3093636,1278.7137451171875,0.10804868371378706,1315.160888671875,-0.027713068316298495,-0.005903903559072998,0.15130470436274618,0.16531458094606125,1211.4137280273437,1138.7062719726562
2025-12-01,1288.0,1289.0,1268.5,1275.699951171875,1274.7169189453125,4098016,1274.7169189453125,0.1152954302014968,1315.160888671875,-0.03075210803098405,-0.0031256613821013524,0.1401026440159642,0.16549787810215746,1214.405419921875,1139.9846438598634
2025-12-02,1270.699951171875,1281.0,1255.0999755859375,1258.0,1257.030517578125,8115347,1257.030517578125,0.09518125709175895,1315.160888671875,-0.044200197553360465,-0.013874767883226169,0.14755987636487816,0.16746261845444999,1216.9034936523437,1141.1576113891601
2025-12-03,1255.0,1272.9000244140625,1255.0,1270.699951171875,1269.720703125,3582794,1269.720703125,0.12298972995586976,1315.160888671875,-0.0345510469010093,0.010095367908270703,0.13757018978994234,0.16789456424355262,1219.5974145507812,1142.4556796264649
2025-12-04,1270.699951171875,1282.800048828125,1269.4000244140625,1280.0,1279.0135498046875,3216108,1279.0135498046875,0.12742559145118793,1315.160888671875,-0.02748510785147451,0.007318811654260848,0.13671998036583294,0.16723332185284143,1222.30732421875,1143.821926574707
2025-12-05,1275.199951171875,1285.0,1267.300048828125,1282.5,1281.51171875,2728214,1281.51171875,0.12883305231173736,1315.160888671875,-0.02558559200757249,0.0019531997496773368,0.12785036840815714,0.16637365962410192,1224.5396020507812,1145.2031604003905
2025-12-08,1284.0,1288.800048828125,1265.0999755859375,1273.800048828125,1272.8184814453125,2969478,1272.8184814453125,0.09856851133734224,1315.160888671875,-0.032195610127459195,-0.006783580030908287,0.12284606341539754,0.16548057393359847,1226.8358325195313,1146.5344387817383
2025-12-09,1272.0,1281.4000244140625,1263.199951171875,1275.9000244140625,1274.916748046875,4239279,1274.916748046875,0.10137607181008956,1315.160888671875,-0.030600165327027695,0.0016485199045663812,0.11992119754211752,0.16448664582250874,1229.0201489257813,1147.9296215820314
2025-12-10,1273.0,1284.0,1268.300048828125,1278.5999755859375,1277.6146240234375,2928746,1277.6146240234375,0.09713015165258443,1315.160888671875,-0.028548799596948116,0.0021161193314744864,0.11822229083757026,0.16412085829730377,1231.5102270507812,1149.3610067749023
2025-12-11,1277.4000244140625,1282.0,1271.0,1272.699951171875,1271.7191162109375,2017404,1271.7191162109375,0.07533456591380983,1315.160888671875,-0.03303152704366652,-0.004614464879819535,0.11922721477615897,0.16412643854083256,1234.3180615234376,1150.7569241333008
2025-12-12,1278.0,1291.0,1277.9000244140625,1286.0999755859375,1285.10888671875,2281078,1285.10888671875,0.10655423151191168,1315.160888671875,-0.022850437700799642,0.010528874133548527,0.1195125088239623,0.16422892101547332,1237.4056811523437,1152.1339300537109
2025-12-15,1285.0,1290.4000244140625,1280.0,1284.800048828125,1283.8099365234375,1634472,1283.8099365234375,0.11463449066139964,1315.160888671875,-0.023838111685405616,-0.001010770533716454,0.11838844075367819,0.1641967608476946,1239.9097509765625,1153.4752386474609
2025-12-16,1277.0999755859375,1277.5999755859375,1216.9000244140625,1219.5999755859375,1218.66015625,11542048,1218.66015625,0.06397243528462604,1315.160888671875,-0.07337560997523807,-0.05074721609482424,0.19203858267658058,0.18649730438401874,1240.6811572265624,1154.5319815063476
2025-12-17,1220.5999755859375,1236.0,1220.300048828125,1224.699951171875,1223.756103515625,5147181,1223.756103515625,0.06991357988457758,1315.160888671875,-0.06950083897990289,0.004181598322953395,0.19174998535686022,0.18653652051921668,1240.9189697265624,1155.6087130737305
2025-12-18,1226.0999755859375,1238.5,1220.199951171875,1229.800048828125,1228.852294921875,3441592,1228.852294921875,0.07202973428528714,1315.160888671875,-0.06562588234901012,0.004164384873431626,0.19208071902658472,0.18650554280535198,1241.7783056640626,1156.715668029785
2025-12-19,1236.699951171875,1241.5,1229.0999755859375,1230.5999755859375,1229.651611328125,5055047,1229.651611328125,0.07016388106360405,1315.160888671875,-0.06501811153318449,0.0006504576746555468,0.19155581945319106,0.18390615025653403,1242.7775341796876,1157.7886810302734
2025-12-22,1235.0,1236.9000244140625,1226.800048828125,1233.199951171875,1232.2496337890625,2405809,1232.2496337890625,0.08625203041629526,1315.160888671875,-0.06304267074619363,0.002112811821660232,0.19102224252939362,0.18266425226200647,1244.09251953125,1158.8804248046874
2025-12-23,1239.0,1239.0,1223.5,1225.0,1224.0560302734375,2920318,1224.0560302734375,0.09249006078633615,1315.160888671875,-0.06927278569730011,-0.006649304889976171,0.19172773065162055,0.18302141691783366,1244.9838330078126,1159.9726333618164
2025-12-24,1230.0,1235.4000244140625,1224.699951171875,1226.300048828125,1225.35498046875,3155506,1225.35498046875,0.10681571948091584,1315.160888671875,-0.06828511171269402,0.0010611852424944335,0.19172712362270658,0.1828033186126317,1245.7172680664062,1161.0985424804687
2025-12-26,1225.0,1229.9000244140625,1222.0,1228.199951171875,1227.25341796875,1665983,1227.25341796875,0.14684858075255147,1315.160888671875,-0.06684160961621888,0.0015492959430203346,0.191595862411063,0.18280183842734438,1246.74447265625,1162.1707958984375
2025-12-29,1228.199951171875,1233.9000244140625,1219.0,1232.0,1231.050537109375,2209655,1231.050537109375,0.1426149051426342,1315.160888671875,-0.06395441978771088,0.0030939976088311116,0.18770170389662752,0.18171632692476902,1247.9915112304689,1163.1639447021485
2025-12-30,1233.0,1252.0999755859375,1232.0,1246.0,1245.039794921875,5673233,1245.039794921875,0.15586689342709437,1315.160888671875,-0.05331750233297483,0.011363674675247903,0.18974327056979354,0.1824553123883448,1248.9847436523437,1164.2093188476563
2025-12-31,1246.0,1271.5,1245.0,1269.4000244140625,1268.4217529296875,3711090,1268.4217529296875,0.17998040654766978,1315.160888671875,-0.03553872088561527,0.01878008888003424,0.19408724625828536,0.1845378929501631,1250.3676782226562,1165.3805877685547
2026-01-01,1270.0,1279.199951171875,1263.800048828125,1274.4000244140625,1273.41796875,2022412,1273.41796875,0.1838036562527341,1315.160888671875,-0.03173978201559002,0.003938923160827779,0.19408516289794675,0.18449663395637284,1251.3349340820312,1166.6277551269532
2026-01-02,1273.9000244140625,1281.800048828125,1264.300048828125,1266.9000244140625,1265.9237060546875,5860547,1265.9237060546875,0.18508613387856365,1315.160888671875,-0.0374381439117385,-0.005885155447169388,0.19171846198271264,0.1842951293913387,1251.9264770507812,1167.9095837402344
2026-01-05,1274.199951171875,1289.699951171875,1270.0,1285.800048828125,1284.8092041015625,6177100,1284.8092041015625,0.20869630525712468,1315.160888671875,-0.02307830534784483,0.01491835404973374,0.19554745321484293,0.18550541647306115,1252.4660620117188,1169.2908319091796
2026-01-06,1304.5999755859375,1304.5999755859375,1285.4000244140625,1293.800048828125,1292.802978515625,6751769,1292.802978515625,0.20815982061454297,1315.160888671875,-0.017000133100694814,0.006221759922441006,0.19550554163028513,0.1822810135253212,1253.50326171875,1170.5924932861328
2026-01-07,1293.0,1299.0,1284.0,1295.5,1294.501708984375,5440002,1294.501708984375,0.19327010369786235,1315.160888671875,-0.015708480890397225,0.0013139902189120978,0.195324308505025,0.18228642533459422,1254.330625,1171.9026483154296
2026-01-08,1291.0999755859375,1303.199951171875,1283.800048828125,1286.800048828125,1285.808349609375,3949654,1285.808349609375,0.18711372581459695,1315.160888671875,-0.02231859182806284,-0.006715602856809277,0.1887580993146149,0.18233440206936452,1255.14,1173.0799822998047
2026-01-09,1286.800048828125,1295.300048828125,1270.0999755859375,1272.0,1271.019775390625,5531427,1271.019775390625,0.19718549372115968,1315.160888671875,-0.033563280098624415,-0.011501382941900062,0.19159193356638357,0.1824106885339353,1255.603642578125,1174.1718920898438
2026-01-12,1274.699951171875,1279.5999755859375,1266.5,1274.199951171875,1273.218017578125,6489750,1273.218017578125,0.19465008712300969,1315.160888671875,-0.031891817537325284,0.001729510610347873,0.19093725366083333,0.18201929030937167,1256.3150927734375,1175.1959210205077
2026-01-13,1274.0,1284.0,1258.699951171875,1262.0,1261.0274658203125,5163166,1261.0274658203125,0.17501151655711245,1315.160888671875,-0.041161065020896115,-0.009574598842860382,0.19273972903452055,0.182981366655121,1256.898642578125,1176.02072265625
2026-01-14,1255.0,1308.0,1253.5,1298.800048828125,1297.7991943359375,7776704,1297.7991943359375,0.224308972225306,1315.160888671875,-0.013201194230669677,0.029160132917251502,0.2062596715000608,0.18820182909894576,1258.1996411132814,1176.9260498046874
2026-01-15,1298.800048828125,1298.800048828125,1298.800048828125,1298.800048828125,1297.7991943359375,0,1297.7991943359375,0.2490728502497188,1315.160888671875,-0.013201194230669677,0.0,0.20452189837585127,0.1881848083343365,1259.6425317382811,1177.9426965332032
2026-01-16,1298.800048828125,1309.0,1286.5,1294.199951171875,1293.20263671875,5175495,1293.20263671875,0.23444763099301458,1315.160888671875,-0.016696247692782107,-0.003541809578283428,0.20394024266430322,0.1883900821879686,1260.9555200195311,1178.9258776855468
2026-01-19,1307.0,1327.0,1297.0999755859375,1307.5,1306.492431640625,8833223,1306.492431640625,0.24434693267521812,1315.160888671875,-0.006591176110782859,0.010276653128078461,0.20589123017316077,0.18862418255019814,1262.6482153320312,1179.9572875976562
2026-01-20,1306.0999755859375,1310.9000244140625,1290.0,1293.5,1292.503173828125,6268527,1292.503173828125,0.2608154884675158,1315.160888671875,-0.01722809356551891,-0.010707492423000842,0.20744315812339661,0.18828284495663447,1264.1770361328124,1181.0006176757813
2026-01-21,1290.0,1297.699951171875,1267.4000244140625,1284.9000244140625,1283.9097900390625,3854702,1283.9097900390625,0.2389191197396121,1315.160888671875,-0.023762186742316893,-0.006648636508652217,0.20846843236094373,0.18735170246072946,1265.4240747070312,1182.0067218017577
2026-01-22,1290.0,1298.9000244140625,1281.4000244140625,1294.800048828125,1293.80224609375,5949677,1293.80224609375,0.30760972367151274,1315.160888671875,-0.016240326763134028,0.007704946353268793,0.20951379496201755,0.1859961017647944,1266.8869482421876,1183.03533203125
2026-01-23,1297.0,1299.0,1248.0,1258.0,1257.030517578125,8885549,1257.030517578125,0.2743029852138892,1315.160888671875,-0.044200197553360465,-0.02842144433327909,0.2253334156819837,0.19272169881640483,1267.5424438476562,1183.872844848633
2026-01-27,1288.800048828125,1333.199951171875,1278.4000244140625,1315.800048828125,1314.7860107421875,22715357,1314.7860107421875,0.3573742919319689,1315.160888671875,-0.00028504339880885965,0.045945975341424417,0.26071091545119973,0.20535164482441906,1269.0253002929687,1185.215534057617
2026-01-28,1348.0,1369.4000244140625,1310.199951171875,1319.800048828125,1318.782958984375,15426403,1318.782958984375,0.376970642154945,1318.782958984375,0.0,0.0030399990641301056,0.26071833537619615,0.2053207535403083,1270.4282202148438,1186.4289501953126
2026-01-29,1318.0,1367.0,1306.0,1363.699951171875,1362.6490478515625,16107684,1362.6490478515625,0.43511425945091187,1362.6490478515625,0.0,0.03326255360546204,0.2273015292368598,0.2118342029874512,1272.3927026367187,1187.942565307617
2026-01-30,1352.0,1378.699951171875,1352.0,1370.4000244140625,1369.343994140625,14758482,1369.343994140625,0.44604249774476146,1369.343994140625,0.0,0.004913184579417695,0.22732132160436455,0.2118837126993313,1274.391162109375,1189.4532147216796
2026-02-02,1339.0,1352.699951171875,1302.9000244140625,1311.5,1310.4893798828125,8647298,1310.4893798828125,0.38447523268773875,1369.343994140625,-0.04298015291237944,-0.04298015291237944,0.26474296891541027,0.2247404496385962,1274.9167578125,1190.4506964111329
2026-02-03,1403.0,1418.300048828125,1345.5,1356.199951171875,1355.15478515625,10384723,1355.15478515625,0.3797102421918912,1369.343994140625,-0.01036204857588019,0.03408299674846016,0.2802334023538424,0.22844270103629896,1276.523515625,1191.429398803711
2026-02-04,1369.699951171875,1369.9000244140625,1336.5999755859375,1338.699951171875,1337.6683349609375,6672251,1337.6683349609375,0.36246081419442655,1369.343994140625,-0.023131995550589535,-0.012903655277501258,0.28418213115498336,0.22889238115588303,1277.9164404296876,1192.1734088134765
2026-02-05,1340.0,1340.0,1317.4000244140625,1330.5999755859375,1329.5745849609375,3766488,1329.5745849609375,0.35242935331852476,1369.343994140625,-0.029042672513159173,-0.006050640348181924,0.2840126745606368,0.22910262852446603,1279.2014477539062,1192.7162115478516
2026-02-06,1325.0,1346.4000244140625,1324.699951171875,1341.5999755859375,1340.5660400390625,5876574,1340.5660400390625,0.36167372813449106,1369.343994140625,-0.02101586907650843,0.008266896195558537,0.28437174630484185,0.22840912900879623,1280.2286547851563,1193.3449212646485
2026-02-09,1350.0,1350.0,1330.699951171875,1341.4000244140625,1340.3663330078125,4077536,1340.3663330078125,0.3450347957599169,1369.343994140625,-0.02116171046633053,-0.0001489721694308832,0.2844976119850798,0.2257446129323631,1281.3098217773438,1194.0220520019532
2026-02-10,1352.5999755859375,1360.0999755859375,1343.300048828125,1356.699951171875,1355.6544189453125,5478998,1355.6544189453125,0.3724068458447898,1369.343994140625,-0.009997177666013601,0.011405901178667577,0.28551476060687725,0.22625094304879267,1282.8486352539062,1194.774624633789
2026-02-11,1358.0,1360.0,1344.800048828125,1347.300048828125,1346.2618408203125,3866272,1346.2618408203125,0.3281311163406917,1369.343994140625,-0.016856358533049565,-0.006928445770351566,0.2859889071325388,0.22349877734063858,1284.2795336914062,1195.6839031982422
2026-02-12,1347.9000244140625,1357.699951171875,1336.199951171875,1340.0,1338.9674072265625,4152620,1338.9674072265625,0.3235421311729003,1369.343994140625,-0.022183313355915613,-0.0054182874182227,0.28279544219495045,0.22199790779948558,1285.918271484375,1196.4244244384765
2026-02-13,1341.300048828125,1346.5,1316.0999755859375,1332.300048828125,1331.2733154296875,4624549,1331.2733154296875,0.30639621135442496,1369.343994140625,-0.027802129248633345,-0.005746287590981725,0.2835980665763034,0.2181005256503935,1287.1493237304687,1197.1539306640625
2026-02-16,1324.0,1361.9000244140625,1324.0,1358.300048828125,1357.2532958984375,5082167,1357.2532958984375,0.3274688614967589,1369.343994140625,-0.008829555096398822,0.01951513649949832,0.2872757200096851,0.21685971896060188,1288.7141186523438,1198.0248187255859
2026-02-17,1358.300048828125,1360.9000244140625,1350.4000244140625,1357.199951171875,1356.154052734375,4513065,1356.154052734375,0.3425844766947155,1369.343994140625,-0.009632306756146902,-0.0008099027406190951,0.28496663071528777,0.21659242164647835,1290.2069653320314,1198.898197631836
2026-02-18,1363.0,1378.5,1353.800048828125,1377.0,1375.9388427734375,5556076,1375.9388427734375,0.36805316522680553,1375.9388427734375,0.0,0.014588895707807747,0.28707849011722064,0.21656500476165505,1292.2693725585937,1199.9214172363281
2026-02-19,1381.0999755859375,1382.800048828125,1351.0,1356.5999755859375,1355.5545654296875,2744704,1355.5545654296875,0.3484550123401202,1375.9388427734375,-0.014814813500476531,-0.014814813500476531,0.29130386677198156,0.21779109412858702,1293.88212890625,1200.901619873047
2026-02-20,1351.0,1376.5,1351.0,1368.300048828125,1367.24560546875,3791536,1367.24560546875,0.3583311428142637,1375.9388427734375,-0.006318040478575981,0.00862454403328039,0.29084565321187505,0.21786196830847807,1295.6747485351561,1201.9407763671875
2026-02-23,1380.5,1402.0,1380.199951171875,1386.699951171875,1385.63134765625,6160153,1385.63134765625,0.39136350373159057,1385.63134765625,0.0,0.013447285633217732,0.28961047763683456,0.21772341219670238,1297.9529931640625,1203.0174505615234
2026-02-24,1398.0,1398.0,1383.5,1387.5999755859375,1386.5306396484375,7888492,1386.5306396484375,0.3986462936539821,1386.5306396484375,0.0,0.0006490124474367587,0.28966996361942343,0.21731019009596858,1299.9814282226562,1204.2039501953125
2026-02-25,1394.0,1404.300048828125,1387.5999755859375,1403.0,1401.9188232421875,4379373,1401.9188232421875,0.41246194125781654,1401.9188232421875,0.0,0.01109833649089187,0.2880599171119955,0.21500000343455702,1302.3436059570313,1205.2083123779296
2026-02-26,1403.0,1405.699951171875,1386.0,1395.5,1394.424560546875,8979547,1394.424560546875,0.3810180480009402,1401.9188232421875,-0.005345718005255629,-0.005345718005255629,0.2787635440942765,0.21532371222217286,1305.8588940429688,1206.2221264648438
2026-02-27,1387.0,1395.5,1381.0,1383.9000244140625,1382.83349609375,5840317,1382.83349609375,0.3616620775777397,1401.9188232421875,-0.0136137177360236,-0.008312435667784834,0.28045893801898003,0.2133588055802593,1309.0404418945313,1207.168500366211
2026-03-02,1369.0999755859375,1384.699951171875,1353.5999755859375,1372.300048828125,1371.2425537109375,5132511,1371.2425537109375,0.361289371479635,1401.9188232421875,-0.021881630393053464,-0.00838202315430947,0.28167842868347825,0.21357385384735333,1311.8882470703124,1207.9890301513672
2026-03-04,1344.5,1357.5999755859375,1327.0,1351.300048828125,1350.2586669921875,5832353,1350.2586669921875,0.3389979751583758,1401.9188232421875,-0.036849605978273914,-0.015302826375947931,0.2849684052173326,0.21358362845119194,1314.3003881835937,1208.7061376953125
2026-03-05,1354.9000244140625,1355.800048828125,1335.300048828125,1349.0999755859375,1348.060302734375,6057499,1348.060302734375,0.33807650752327323,1401.9188232421875,-0.03841771692832763,-0.001628106015204911,0.2828638931024678,0.21225478512284843,1316.6166015625,1209.4422045898436
2026-03-06,1347.0,1347.9000244140625,1313.5,1315.800048828125,1314.7860107421875,11629935,1314.7860107421875,0.29529312988381684,1401.9188232421875,-0.06215253769008522,-0.02468308867540625,0.2920886905095794,0.21601764690213401,1318.431201171875,1210.0468432617188
2026-03-09,1282.199951171875,1291.0,1260.800048828125,1288.300048828125,1287.3072509765625,7926265,1287.3072509765625,0.26965789038988786,1401.9188232421875,-0.08175335858645882,-0.020899796271876547,0.29804974935731027,0.2187146605543135,1319.6702465820313,1210.5041046142578
2026-03-10,1295.199951171875,1319.5,1284.5999755859375,1314.699951171875,1313.686767578125,6289277,1313.686767578125,0.30635248818204186,1401.9188232421875,-0.06293663670198113,0.020492012751074595,0.29115029521938235,0.22125673927679826,1321.3989135742188,1211.1396881103515
2026-03-11,1310.0,1317.5,1252.699951171875,1255.800048828125,1254.832275390625,6859908,1254.832275390625,0.2546150303441719,1401.9188232421875,-0.10491802051091559,-0.04480100861181879,0.28992255632923325,0.23354887647672956,1321.8745483398438,1211.3731744384766
2026-03-12,1243.199951171875,1251.0999755859375,1231.800048828125,1234.5,1233.5487060546875,9663320,1233.5487060546875,0.2179555447348882,1401.9188232421875,-0.1200997621232548,-0.016961286184093427,0.2930440424302068,0.23518279971269893,1321.6447265625,1211.47478515625
2026-03-13,1224.0,1234.5,1194.300048828125,1197.300048828125,1196.3773193359375,9098187,1196.3773193359375,0.15880786857628837,1401.9188232421875,-0.14661441197493774,-0.030133700060889224,0.28410984857103855,0.24056659223786345,1320.203837890625,1211.4883795166015
2026-03-16,1199.199951171875,1219.9000244140625,1180.0999755859375,1214.699951171875,1213.763916015625,8743794,1213.763916015625,0.1716264121485278,1401.9188232421875,-0.13421241237878578,0.014532703352599707,0.2881225547764602,0.2416374756001956,1319.0107568359374,1211.5933996582032
2026-03-17,1219.699951171875,1232.300048828125,1210.0,1228.0999755859375,1227.153564453125,5707317,1227.153564453125,0.18660952720899582,1401.9188232421875,-0.12466146819035262,0.011031509720155208,0.2660642157419206,0.2423288090305843,1318.2353540039062,1211.7304248046876
2026-03-18,1228.0,1260.0,1224.199951171875,1253.199951171875,1252.2342529296875,6018952,1252.2342529296875,0.22290352687214776,1401.9188232421875,-0.10677121087961983,0.020438100986765795,0.2525574877316616,0.2445594485797451,1317.5838549804687,1212.0402758789062
2026-03-19,1221.0,1241.5,1202.0,1207.0,1206.06982421875,8264698,1206.06982421875,0.19465136629280266,1401.9188232421875,-0.1397006700933665,-0.03686564922092861,0.2700710898558834,0.252254686759717,1315.8491918945313,1212.1083227539064
2026-03-20,1208.5999755859375,1231.800048828125,1199.699951171875,1203.9000244140625,1202.9722900390625,7518686,1202.9722900390625,0.19276275338532978,1401.9188232421875,-0.1419101661985147,-0.0025682876044875735,0.2699519866871345,0.25217663568341553,1314.018603515625,1212.2252770996095
2026-03-23,1181.0,1185.0999755859375,1165.0,1170.5999755859375,1169.6978759765625,6697446,1169.6978759765625,0.13291144478600136,1401.9188232421875,-0.16564507403401052,-0.027660166687147436,0.27670144572572103,0.25637509463921204,1311.6963940429687,1212.2282745361329
2026-03-24,1187.0,1202.800048828125,1169.5999755859375,1192.699951171875,1191.78076171875,8274701,1191.78076171875,0.1542998344762354,1401.9188232421875,-0.14989317358437038,0.018879136395584917,0.28461608484160283,0.258332814180366,1310.1116137695312,1212.4015887451171
2026-03-25,1200.0,1239.0,1198.0,1222.0999755859375,1221.158203125,9645791,1221.158203125,0.1626296226650603,1401.9188232421875,-0.1289380077650618,0.02465003828714507,0.29320416865320753,0.26068301995579185,1309.0704174804687,1212.5440789794923
2026-03-27,1209.5,1213.5,1202.0,1205.199951171875,1204.271240234375,9479301,1204.271240234375,0.144050897989368,1401.9188232421875,-0.1409836145510317,-0.01382864468126288,0.2946226360758016,0.2614609444680709,1307.93529296875,1212.47583984375
2026-03-30,1185.0999755859375,1188.800048828125,1153.9000244140625,1161.300048828125,1160.4051513671875,18534887,1160.4051513671875,0.08610245859636967,1401.9188232421875,-0.17227364942319312,-0.03642542261380444,0.3096619373779114,0.2674247678194555,1305.187412109375,1212.1238751220703
2026-04-01,1175.0,1208.0,1175.0,1193.0999755859375,1192.1805419921875,6595695,1192.1805419921875,0.08768933939281753,1401.9188232421875,-0.14960800709198185,0.027383014102929648,0.32316408576101446,0.27145058218194307,1303.0750390625,1211.9377758789062
2026-04-02,1174.5999755859375,1202.300048828125,1150.300048828125,1197.9000244140625,1196.9769287109375,9501543,1196.9769287109375,0.07185523228785118,1401.9188232421875,-0.1461867057732239,0.004023205001093988,0.3166426853509483,0.27077906049960465,1301.1505249023437,1211.8680084228515
2026-04-06,1202.0999755859375,1249.800048828125,1196.4000244140625,1245.300048828125,1244.34033203125,7847086,1244.34033203125,0.1369343190090182,1401.9188232421875,-0.11240200830352587,0.039569186493276565,0.3408629115532198,0.2787525453397687,1299.9074829101562,1212.0704998779297
2026-04-07,1237.800048828125,1255.5,1221.0,1250.0999755859375,1249.1365966796875,9248545,1249.1365966796875,0.13913447426448333,1401.9188232421875,-0.10898079405850603,0.003854463706571387,0.3375518199286822,0.27868974422351594,1299.0401513671875,1212.2490509033203
2026-04-08,1300.0999755859375,1335.5999755859375,1300.0999755859375,1333.0,1331.9727783203125,13519723,1331.9727783203125,0.21065272490925246,1401.9188232421875,-0.04989307780325847,0.0663147504130539,0.3906004105929619,0.29994139670260783,1300.0014111328126,1212.8432806396484
2026-04-09,1322.300048828125,1338.5999755859375,1312.800048828125,1318.5,1317.48388671875,6542529,1317.48388671875,0.21557364660110379,1401.9188232421875,-0.06022812100358754,-0.01087776855307343,0.3908206998103959,0.2989803136602365,1300.4750439453126,1213.3356134033204
2026-04-10,1328.800048828125,1358.5999755859375,1326.0999755859375,1350.800048828125,1349.759033203125,6755589,1349.759033203125,0.24667293842596583,1401.9188232421875,-0.037205998788455985,0.02449756449375462,0.395639078645897,0.3016432076331737,1302.3296142578124,1214.006793823242
2026-04-13,1318.0,1366.9000244140625,1315.300048828125,1353.5999755859375,1352.556884765625,8974851,1352.556884765625,0.24306727070563228,1401.9188232421875,-0.03521026871042665,0.0020728526304880646,0.3956988871750487,0.3014429791424325,1303.0850317382813,1214.6759893798828
2026-04-15,1367.0,1384.5,1349.0,1355.5,1354.4554443359375,6789879,1354.4554443359375,0.24315804770042582,1401.9188232421875,-0.0338560108612298,0.0014036818648417437,0.3942184928074985,0.30137114804673587,1303.7984814453125,1215.3876245117187
2026-04-16,1362.0,1364.5,1343.0,1349.5999755859375,1348.5599365234375,5232398,1348.5599365234375,0.2889484316927171,1401.9188232421875,-0.038061324118145445,-0.004352677555510498,0.3941306055584867,0.30047348773244287,1303.51669921875,1216.0343395996094
2026-04-17,1353.0,1364.300048828125,1344.0999755859375,1359.0999755859375,1358.0526123046875,4062181,1358.0526123046875,0.2620137080423608,1401.9188232421875,-0.03129012194589953,0.007039120415902378,0.3941053908656657,0.30025377656549784,1303.2908715820313,1216.7679541015625
2026-04-20,1359.5,1374.0,1348.0,1354.699951171875,1353.656005859375,4878641,1353.656005859375,0.27712309485041553,1401.9188232421875,-0.03442625677226885,-0.00323743454817349,0.3934708819169613,0.30013677189281684,1304.1542041015625,1217.3787493896484
2026-04-21,1361.0,1380.300048828125,1354.699951171875,1377.699951171875,1376.6383056640625,5145338,1376.6383056640625,0.28993637832511965,1401.9188232421875,-0.018032797020058,0.016977946912071662,0.3937804225865904,0.3013497854841065,1304.5838745117187,1218.1463879394532
2026-04-22,1370.0,1391.0,1366.0,1379.5999755859375,1378.536865234375,3997911,1378.536865234375,0.24081503045459107,1401.9188232421875,-0.016678539170861262,0.0013791273731822429,0.39370636836120265,0.301064230929915,1305.4012451171875,1219.0528094482422
2026-04-23,1369.0,1384.199951171875,1365.4000244140625,1369.5999755859375,1368.5445556640625,5671255,1368.5445556640625,0.18037577061593058,1401.9188232421875,-0.02380613415328936,-0.00724848919336929,0.3869928213546072,0.3013832905428516,1306.18064453125,1220.0385583496093
2026-04-24,1369.0,1375.0,1350.0,1365.9000244140625,1364.847412109375,3648313,1364.847412109375,0.1480242767547577,1401.9188232421875,-0.02644333646015129,-0.0027015149337930033,0.3813424898320651,0.3014390301317592,1306.6662719726562,1220.9958380126952
2026-04-27,1325.0,1327.300048828125,1299.9000244140625,1324.199951171875,1323.179443359375,10768267,1323.179443359375,0.0836725885916858,1401.9188232421875,-0.056165434529735214,-0.030529397191442875,0.3887092849199361,0.3058708539716421,1306.3225341796874,1221.7657440185546
2026-04-28,1312.0,1321.4000244140625,1285.5,1289.0,1288.0067138671875,9939787,1288.0067138671875,0.060241328261037896,1401.9188232421875,-0.08125442606695155,-0.02658197999425438,0.37353751531944185,0.3087582575497626,1304.969580078125,1222.3223150634765
2026-04-29,1295.0,1309.199951171875,1279.0,1296.4000244140625,1295.4010009765625,6228275,1295.4010009765625,0.07507494273554416,1401.9188232421875,-0.07598002145322758,0.005740876215756696,0.369755822736069,0.30888922304083166,1303.95236328125,1222.9283477783204
2026-04-30,1288.0,1288.0,1257.300048828125,1268.300048828125,1267.3226318359375,16481853,1267.3226318359375,0.051597942812088515,1401.9188232421875,-0.09600854855131502,-0.02167542646598053,0.3641599933679866,0.2989602235401449,1302.5194677734376,1223.442451171875
2026-05-01,1268.300048828125,1268.300048828125,1268.300048828125,1268.300048828125,1267.3226318359375,0,1267.3226318359375,0.08838540216997615,1401.9188232421875,-0.09600854855131502,0.0,0.36230550675564704,0.2989006485661945,1301.2404541015626,1223.9600524902344
2026-05-04,1268.300048828125,1294.4000244140625,1264.5,1275.0999755859375,1274.1173095703125,9759479,1274.1173095703125,0.06991076157564047,1401.9188232421875,-0.09116185013930489,0.005361442748427647,0.3614067145443784,0.29894818970205145,1299.577734375,1224.5136248779297
2026-05-05,1268.0,1273.699951171875,1252.0,1259.699951171875,1258.729248046875,10163714,1258.729248046875,0.061885360362030406,1401.9188232421875,-0.10213827849472845,-0.012077429140827767,0.35887953080716867,0.2996970223814969,1297.62923828125,1224.9427935791016
2026-05-06,1275.0,1301.0,1255.199951171875,1294.199951171875,1293.20263671875,7277673,1293.20263671875,0.09308529847429092,1401.9188232421875,-0.07754813240328129,0.027387453437954346,0.34905698120534967,0.3030628004960585,1295.9745141601563,1225.5498254394531
2026-05-07,1299.0,1308.0999755859375,1281.199951171875,1292.699951171875,1291.7037353515625,6785048,1291.7037353515625,0.09329453323648806,1401.9188232421875,-0.07861731083382772,-0.0011590614839687152,0.34890096608914023,0.30282414440818467,1294.6974975585938,1226.1833361816407
2026-05-08,1280.0,1282.0,1264.5999755859375,1268.300048828125,1267.3226318359375,6358595,1267.3226318359375,0.0819842280262062,1401.9188232421875,-0.09600854855131502,-0.01887515135890605,0.34316062083500637,0.30460347688176315,1292.6990380859374,1226.682451171875
2026-05-11,1258.699951171875,1283.0,1251.699951171875,1272.300048828125,1271.319580078125,7341360,1271.319580078125,0.09642448329194009,1401.9188232421875,-0.09315749314359623,0.0031538521776395267,0.339807383049712,0.30463012942602435,1290.412802734375,1227.2445178222656
2026-05-12,1270.4000244140625,1274.0,1256.9000244140625,1260.0999755859375,1259.12890625,5727828,1259.12890625,0.08600428599013554,1401.9188232421875,-0.10185319907607793,-0.009588992428934295,0.33475582048554003,0.3050719392225215,1287.8647680664062,1228.0478979492189
2026-05-13,1256.0999755859375,1275.300048828125,1247.5,1255.699951171875,1254.7322998046875,6045406,1254.7322998046875,0.07214905827839568,1401.9188232421875,-0.10498933390244725,-0.0034917842196210414,0.3320439178996125,0.3045771192125954,1284.9210375976563,1228.8277966308594
2026-05-14,1256.5999755859375,1269.0,1235.800048828125,1254.5999755859375,1253.6331787109375,5822618,1253.6331787109375,0.09084552357438502,1401.9188232421875,-0.10577334584060505,-0.0008759805529203746,0.3120727430407823,0.3029659739615378,1282.1052099609376,1229.6101934814453
2026-05-15,1259.5999755859375,1263.4000244140625,1242.0,1244.800048828125,1243.8408203125,4805485,1243.8408203125,0.03563095819359985,1401.9188232421875,-0.11275831403996983,-0.007811183179202819,0.30452414643438225,0.30317673798009354,1279.3253564453125,1230.3096545410156
2026-05-18,1239.0,1242.0,1222.0999755859375,1237.9000244140625,1236.946044921875,6052023,1236.946044921875,0.03800096966910682,1401.9188232421875,-0.11767641291724973,-0.005543133235402897,0.3051214447182487,0.3031587391790141,1276.6394262695312,1231.0231042480468
2026-05-19,1238.5,1249.800048828125,1231.300048828125,1238.300048828125,1237.3458251953125,9200314,1237.3458251953125,0.03668617956922704,1401.9188232421875,-0.1173912464248612,0.0003231994435639596,0.28269256218694183,0.30209639874016175,1274.3811694335936,1231.783518676758
2026-05-20,1234.0,1254.0999755859375,1226.5999755859375,1249.800048828125,1248.8369140625,3562641,1248.8369140625,0.03454482077464305,1401.9188232421875,-0.10919456008562478,0.00928688539064959,0.2837788109682698,0.3023254828599339,1272.3967016601562,1232.6638403320312
2026-05-21,1256.9000244140625,1262.699951171875,1244.800048828125,1253.300048828125,1252.334228515625,5171528,1252.334228515625,0.0376994278003846,1401.9188232421875,-0.10669989748808806,0.0028004573005038225,0.20340767022842868,0.30235687094541236,1271.147666015625,1233.6086120605469
2026-05-22,1254.0999755859375,1288.800048828125,1254.0999755859375,1285.4000244140625,1284.409423828125,5016900,1284.409423828125,0.06958630475032979,1401.9188232421875,-0.08382040205601993,0.02561232822847792,0.21659321510998772,0.3052067532007934,1271.0897094726563,1234.6682946777344
2026-05-25,1300.4000244140625,1314.5,1293.9000244140625,1311.199951171875,1310.189453125,5671455,1310.189453125,0.09744136222919075,1401.9188232421875,-0.06543129929951785,0.020071504318333933,0.21244891431228277,0.30635855208440765,1271.0197631835938,1235.881358642578
2026-05-26,1309.800048828125,1317.0,1291.5,1299.300048828125,1298.298828125,6455265,1298.298828125,0.08566577831711175,1401.9188232421875,-0.07391297798366658,-0.009075500471812714,0.21354543395646503,0.30677108099566486,1271.8890942382814,1237.0649462890624
2026-05-27,1296.300048828125,1314.5,1293.0999755859375,1304.0999755859375,1303.094970703125,7243174,1303.094970703125,0.09820313646109802,1401.9188232421875,-0.07049185081238496,0.0036941746185288338,0.21389811122722016,0.3063526093196476,1273.28001953125,1238.2415386962891
2026-05-28,1304.0999755859375,1304.0999755859375,1304.0999755859375,1304.0999755859375,1303.094970703125,0,1303.094970703125,0.07860045456005937,1401.9188232421875,-0.07049185081238496,0.0,0.21371253926994604,0.302502981888823,1275.4143725585936,1239.4071392822266
2026-05-29,1296.0999755859375,1312.5999755859375,1277.4000244140625,1286.5999755859375,1285.6085205078125,15215715,1285.6085205078125,0.05966070991609418,1401.9188232421875,-0.08296507672633047,-0.013419167895243445,0.2151998988386314,0.3033633021976106,1276.8512646484376,1240.4843084716797
2026-06-01,1289.0,1293.199951171875,1267.0,1275.9000244140625,1274.916748046875,4311076,1274.916748046875,0.06807500166181746,1401.9188232421875,-0.09059160422826584,-0.008316507156248654,0.2160096248617507,0.30362957923587075,1277.8065283203125,1241.4820391845703
2026-06-02,1263.0,1275.800048828125,1244.9000244140625,1251.0999755859375,1250.1358642578125,11884695,1250.1358642578125,0.04810354301347575,1401.9188232421875,-0.10826800843814177,-0.019437256453824103,0.21412142790845923,0.3048566177611003,1277.764560546875,1242.4462957763672
2026-06-03,1245.0999755859375,1264.800048828125,1230.300048828125,1255.199951171875,1254.232666015625,7953326,1254.232666015625,0.04541295885164742,1401.9188232421875,-0.10534572671262943,0.003277085215249498,0.21453821493831113,0.30440366387517903,1278.7278173828124,1243.3550946044923
2026-06-04,1246.0,1259.9000244140625,1244.0999755859375,1253.300048828125,1252.334228515625,6392593,1252.334228515625,0.05214825319725058,1401.9188232421875,-0.10669989748808806,-0.0015136246658531416,0.2142081129364859,0.30421460910909043,1279.7150561523438,1244.270888671875
2026-06-05,1260.0,1276.0,1252.0999755859375,1272.300048828125,1271.319580078125,7825303,1271.319580078125,0.06613144353008948,1401.9188232421875,-0.09315749314359623,0.015159971779261427,0.2204900963763586,0.30501060403357466,1281.747490234375,1245.3015942382813
2026-06-08,1262.0,1279.199951171875,1262.0,1268.0999755859375,1267.1226806640625,5034388,1267.1226806640625,0.07421383400473403,1401.9188232421875,-0.09615117533437845,-0.003301215115246281,0.20364408910855464,0.3012592185701762,1283.2543286132814,1246.3003240966798
2026-06-09,1275.9000244140625,1298.4000244140625,1271.5,1292.4000244140625,1291.404052734375,7533504,1291.404052734375,0.10461537304951918,1401.9188232421875,-0.07883107686094648,0.019162605516292563,0.19748097165174716,0.29298011211586833,1284.6592456054686,1247.348515625
2026-06-10,1283.5,1326.5,1283.5,1314.5,1313.487060546875,12262606,1313.487060546875,0.13513673752071664,1401.9188232421875,-0.06307908933756823,0.017099998846791697,0.20293807300396377,0.29433893071397027,1286.8435620117189,1248.5041247558593
2026-06-11,1308.800048828125,1339.5,1307.300048828125,1317.300048828125,1316.284912109375,8196686,1316.284912109375,0.10365463725063129,1401.9188232421875,-0.061083359259538894,0.002130094499244617,0.19170997098068063,0.28897586052288926,1289.9611572265626,1249.6887115478517
2026-06-12,1332.0,1358.5,1318.5,1356.300048828125,1355.2548828125,8535670,1355.2548828125,0.11276267783934824,1401.9188232421875,-0.033285764950190755,0.029606030081036794,0.2083958044567949,0.2931420369302325,1293.2226440429688,1251.074642944336
2026-06-15,1372.0,1378.0,1360.5999755859375,1368.300048828125,1367.24560546875,7522828,1367.24560546875,0.11086100168823854,1401.9188232421875,-0.02473268580077237,0.008847577535648687,0.20908152809501995,0.2842942409552459,1296.628017578125,1252.5604974365235
2026-06-16,1363.5,1371.5,1349.199951171875,1365.699951171875,1364.6474609375,7709061,1364.6474609375,0.11001059650204215,1401.9188232421875,-0.026585963243214605,-0.0019002763811108991,0.2049824735868172,0.2786247260391072,1299.03416015625,1254.0378576660157
2026-06-17,1364.0999755859375,1365.699951171875,1349.300048828125,1350.9000244140625,1349.8590087890625,4761917,1349.8590087890625,0.11472879579336248,1401.9188232421875,-0.03713468539692433,-0.010836829710054174,0.19478676382840662,0.27837023346260886,1301.0486083984374,1255.540698852539
2026-06-18,1347.5999755859375,1365.9000244140625,1345.0,1360.0999755859375,1359.0518798828125,5186573,1359.0518798828125,0.1289287411297284,1401.9188232421875,-0.030577336325535276,0.006810245391477343,0.19520940933291073,0.2783775664586657,1301.5901904296875,1257.0805114746095
2026-06-19,1356.800048828125,1363.0,1350.5,1357.9000244140625,1356.8536376953125,4640277,1356.8536376953125,0.11820020323148328,1401.9188232421875,-0.03214536020185088,-0.0016174821727111821,0.1855180358550256,0.27807735961110663,1302.3775854492187,1258.642807006836
2026-06-22,1361.0,1366.0999755859375,1355.199951171875,1358.5999755859375,1357.552978515625,3153284,1357.552978515625,0.11905280121071438,1401.9188232421875,-0.0316465147560816,0.0005154136016471966,0.18557548901824633,0.2780766436139716,1302.5334643554688,1260.1271618652345
2026-06-23,1358.5999755859375,1371.9000244140625,1356.0999755859375,1363.5,1362.44921875,5745853,1362.44921875,0.11766189107156988,1401.9188232421875,-0.02815398711953021,0.00360666604682236,0.18216633372986754,0.27749974748371525,1302.7313110351563,1261.6624780273437
2026-06-24,1356.0,1386.0999755859375,1356.0,1384.5,1383.43310546875,8343829,1383.43310546875,0.1381382032794367,1401.9188232421875,-0.01318601153430976,0.015401591802446823,0.18480103733651573,0.27838837968282,1303.3108642578125,1263.3102075195313
2026-06-25,1386.9000244140625,1400.0999755859375,1372.699951171875,1377.199951171875,1376.138671875,7995552,1376.138671875,0.1291692809184859,1401.9188232421875,-0.018389189830240182,-0.005272704234787318,0.18610435320179805,0.27837979066659974,1303.8624389648437,1264.942947998047
2026-06-26,1377.199951171875,1377.199951171875,1377.199951171875,1377.199951171875,1376.138671875,0,1376.138671875,0.13530765509243126,1401.9188232421875,-0.018389189830240182,0.0,0.18345420041965782,0.27818328833970485,1304.22416015625,1266.5482098388673
2026-06-29,1392.5999755859375,1392.5999755859375,1352.199951171875,1356.800048828125,1355.7545166015625,12602010,1355.7545166015625,0.11198794532343137,1401.9188232421875,-0.032929372140008684,-0.01481257353640375,0.18927280402309013,0.27747578712078574,1304.2661303710938,1268.053549194336
2026-06-30,1357.699951171875,1375.0,1343.5999755859375,1345.699951171875,1344.6629638671875,7781221,1344.6629638671875,0.11007180839512354,1401.9188232421875,-0.04084106613433269,-0.00818109222470298,0.19195458356219017,0.2778210343013905,1303.6266235351563,1269.5199188232423
2026-07-01,1345.699951171875,1377.699951171875,1345.699951171875,1368.699951171875,1367.6451416015625,3187785,1367.6451416015625,0.11055503917708442,1401.9188232421875,-0.024447693455860064,0.017091403832733887,0.19552941096624346,0.27822295075375236,1303.4087890625,1271.0117681884765
2026-07-02,1374.0,1375.5,1358.0999755859375,1362.5999755859375,1361.5499267578125,4013561,1361.5499267578125,0.1131862740303573,1401.9188232421875,-0.028795459348362806,-0.004456722477449326,0.1967556437356609,0.27719035503166223,1303.268896484375,1272.386707763672
2026-07-03,1373.0,1373.0,1338.4000244140625,1342.0999755859375,1341.065673828125,3500465,1341.065673828125,0.12011927536322031,1401.9188232421875,-0.043407042123401074,-0.015044804841248482,0.19111463141883434,0.2779817475820434,1302.79326171875,1273.569794921875
2026-07-06,1355.699951171875,1371.0,1335.5,1339.5999755859375,1338.567626953125,5154081,1338.567626953125,0.14271264912100445,1401.9188232421875,-0.045188919100573544,-0.0018627326936713207,0.18300357085797853,0.277053719773103,1303.101025390625,1274.744888305664
2026-07-07,1346.800048828125,1356.9000244140625,1336.199951171875,1341.0,1339.966552734375,6198988,1339.966552734375,0.14196035692561604,1401.9188232421875,-0.044191054061558876,0.0010450915987221254,0.18060310868177848,0.27705808624424894,1304.1402221679687,1275.843041381836
2026-07-08,1344.0,1344.0,1304.0,1309.5,1308.4908447265625,6917968,1308.4908447265625,0.11913514536119596,1401.9188232421875,-0.06664293036565139,-0.023489920657782326,0.19392462158878784,0.27909169511200416,1304.4020190429687,1276.759833984375
2026-07-09,1312.9000244140625,1321.5999755859375,1292.199951171875,1297.5999755859375,1296.5999755859375,5609851,1296.5999755859375,0.10190212838575574,1401.9188232421875,-0.07512478319727622,-0.009087468352222072,0.19578959721340067,0.27934144434267866,1304.9875659179688,1277.5821997070314
2026-07-10,1304.0,1326.5999755859375,1303.9000244140625,1323.699951171875,1323.699951171875,3549139,1323.699951171875,0.12732600817901973,1401.9188232421875,-0.05579415211033223,0.02090079908700515,0.20069686567543632,0.2813440420413587,1306.1151123046875,1278.525576171875
2026-07-13,1315.9000244140625,1329.9000244140625,1313.5,1319.4000244140625,1319.4000244140625,3674483,1319.4000244140625,0.13301658350454937,1401.9188232421875,-0.05886132453609938,-0.0032484149855908084,0.1991730918902369,0.2810590700879868,1307.0207666015624,1279.404985961914
2026-07-14,1320.0999755859375,1323.699951171875,1298.5999755859375,1317.5999755859375,1317.5999755859375,6005505,1317.5999755859375,0.13215096620270317,1401.9188232421875,-0.06014531387862221,-0.0013642934627990932,0.18953987621518065,0.2799140984446847,1308.1981811523438,1280.1434967041016
2026-07-15,1328.0,1348.0,1303.300048828125,1312.300048828125,1312.300048828125,9442403,1312.300048828125,0.12798423099667633,1401.9188232421875,-0.06392579436718249,-0.004022409574996888,0.19023239741614137,0.2799793166389168,1308.5801293945312,1280.914962158203
2026-07-16,1315.0999755859375,1315.5,1299.4000244140625,1307.5999755859375,1307.5999755859375,5001226,1307.5999755859375,0.11484779920818955,1401.9188232421875,-0.06727839450655271,-0.0035815538118623147,0.19061853668619194,0.27695311698238556,1308.8980541992187,1281.624457397461
2026-07-17,1307.0,1333.0,1305.0,1328.5,1328.5,11192836,1328.5,0.13372950578450316,1401.9188232421875,-0.05237023857943024,0.015983500156228736,0.1911452015574905,0.2759134139867758,1310.1216015625,1282.5014038085938
2026-07-20,1275.0,1284.0,1249.0999755859375,1256.0,1256.0,25314148,1256.0,0.07811011942651547,1401.9188232421875,-0.1040850731319265,-0.05457282649604822,0.2508579325463129,0.2888020564988333,1309.8152099609374,1283.124766845703
2026-07-21,1245.0,1267.699951171875,1244.5,1258.199951171875,1258.199951171875,15014867,1258.199951171875,0.07768766238362668,1401.9188232421875,-0.10251583022327704,0.0017515534807921451,0.24418376181870557,0.2788411689010826,1309.796630859375,1283.7621270751954
2026-07-22,1258.199951171875,1258.199951171875,1230.5,1238.4000244140625,1238.4000244140625,8358923,1238.4000244140625,0.06859379213293781,1401.9188232421875,-0.11663927762233661,-0.015736709208557076,0.2418578029343635,0.27863544801610796,1309.4699853515624,1284.161094970703
2026-07-23,1230.0999755859375,1239.4000244140625,1219.199951171875,1223.0,1223.0,8240787,1223.0,0.11338412535564157,1401.9188232421875,-0.12762423920409727,-0.012435419985839302,0.24345560212367892,0.2747271891417497,1308.8573217773437,1284.375645751953
2026-07-24,1216.800048828125,1233.9000244140625,1210.5999755859375,1227.300048828125,1227.300048828125,8088828,1227.300048828125,0.11699402542900605,1401.9188232421875,-0.1245569797045919,0.003515984323896104,0.2247371779139431,0.27373834792096413,1308.5265063476563,1284.4528186035157
2026-07-27,1237.0,1237.0,1221.5999755859375,1227.5,1227.5,5967502,1227.5,0.1188039364994029,1401.9188232421875,-0.12441435292152858,0.00016291955016689563,0.22208489268410028,0.27313198202960937,1308.3375854492188,1284.6608911132812
2026-07-28,1222.5,1233.9000244140625,1219.699951171875,1223.5,1223.5,6093182,1223.5,0.10829434512807867,1401.9188232421875,-0.12726758517270076,-0.0032586558044807035,0.2220352195876468,0.27101797567974345,1308.0606689453125,1284.879940185547
2026-07-29,1229.5,1237.0999755859375,1214.4000244140625,1235.4000244140625,1235.4000244140625,10110233,1235.4000244140625,0.12898618563329967,1401.9188232421875,-0.11877920181071577,0.009726215295514873,0.22414857545349834,0.2642579420952933,1307.7919311523438,1285.2244384765625
2026-07-30,1229.0,1232.199951171875,1220.199951171875,1228.9000244140625,1228.9000244140625,6878684,1228.9000244140625,0.13235233576972383,1401.9188232421875,-0.1234157042188706,-0.005261453676174921,0.2223504952719304,0.2643820947782131,1307.3232470703124,1285.4714868164062
2026-07-31,1226.199951171875,1239.699951171875,1226.0,1229.5,1229.5,7487936,1229.5,0.1460956585530544,1401.9188232421875,-0.12298773679594244,0.0004882216405062145,0.22256877763425587,0.26009187495875635,1306.22505859375,1285.675570678711
2026-08-03,1236.9000244140625,1272.0,1230.5,1272.0,1272.0,6713421,1272.0,0.19618587915705832,1401.9188232421875,-0.09267214412723768,0.03456689711264738,0.24792253726382113,0.26448648728429663,1305.46126953125,1286.1561047363282
2026-08-04,1264.0,1264.0,1244.0,1261.800048828125,1261.800048828125,5694891,1261.800048828125,0.17653327032183452,1401.9188232421875,-0.0999478515382316,-0.00801882953763755,0.24790787859406335,0.26180211697186817,1304.7312939453125,1286.6216119384765
2026-08-05,1260.0,1263.0,1246.199951171875,1253.9000244140625,1253.9000244140625,4295407,1253.9000244140625,0.1745292597821897,1401.9188232421875,-0.1055830026490443,-0.006260916237401881,0.24224929191810948,0.26093437070421505,1303.7473950195313,1286.9142211914063
2026-08-06,1256.0999755859375,1259.9000244140625,1248.300048828125,1256.0,1256.0,4845792,1256.0,0.1831406613760933,1401.9188232421875,-0.1040850731319265,0.0016747551998164134,0.24255889533701203,0.2533114456198679,1302.8054956054686,1287.197846069336
2026-08-07,1252.0999755859375,1256.0,1238.0,1238.0,1238.0,3628823,1238.0,0.1594186727790814,1401.9188232421875,-0.11692461826220146,-0.014331210191082855,0.2446041548984396,0.2506148262413732,1301.8533251953124,1287.2625701904296
2026-08-10,1235.0,1250.0,1235.0,1247.300048828125,1247.300048828125,3661847,1247.300048828125,0.16572837644722327,1401.9188232421875,-0.1102908184487309,0.007512155757774641,0.24411331949358983,0.2508199823298656,1301.3009912109376,1287.3173376464845
2026-08-11,1242.0,1243.0,1225.4000244140625,1229.800048828125,1229.800048828125,5843702,1229.800048828125,0.1491582344487561,1401.9188232421875,-0.12277370954760924,-0.01403030491054802,0.24584541146638267,0.24314713537875324,1300.8942749023438,1287.1771881103516
2026-08-12,1230.0,1234.9000244140625,1216.9000244140625,1230.0,1230.0,7218881,1230.0,0.143791725145628,1401.9188232421875,-0.12263108276454593,0.00016258835903082414,0.23870247589869736,0.24305923360816883,1300.4096215820311,1287.1224731445313
2026-08-13,1224.5,1224.800048828125,1215.5999755859375,1221.800048828125,1221.800048828125,5284300,1221.800048828125,0.15560191773151177,1401.9188232421875,-0.1284801740499537,-0.006666626969004108,0.2388718175641282,0.21578013627880083,1299.7989379882813,1286.9658056640626
2026-08-14,1216.0,1218.699951171875,1208.5999755859375,1217.4000244140625,1217.4000244140625,5557745,1217.4000244140625,0.13513360008504738,1401.9188232421875,-0.13161874694099074,-0.003601263904255636,0.23635204825345438,0.21516695580784873,1298.720546875,1286.826107788086
2026-08-17,1220.0,1235.0,1213.5999755859375,1227.300048828125,1227.300048828125,6068014,1227.300048828125,0.14789400463654068,1401.9188232421875,-0.1245569797045919,0.008132104662004869,0.23857558900543208,0.2114320818479042,1297.9240942382812,1286.7234197998048
2026-08-18,1223.9000244140625,1250.5,1223.4000244140625,1243.0,1243.0,5064697,1243.0,0.16694060079702577,1401.9188232421875,-0.11335807794823627,0.012792268025138442,0.24260674104191415,0.21262609889165265,1296.9560131835938,1286.750192260742
2026-08-19,1243.0999755859375,1245.0,1224.0,1235.0,1235.0,3061937,1235.0,0.15704229781734802,1401.9188232421875,-0.11906454245058062,-0.006436041834271933,0.23461957660366736,0.21279553496453615,1295.3862719726562,1286.7659423828125
2026-08-20,1237.5,1253.9000244140625,1236.199951171875,1251.0,1251.0,4163816,1251.0,0.15644260634801532,1401.9188232421875,-0.1076516134458918,0.012955465587044523,0.23736684355023172,0.21397632482795825,1294.0805737304688,1286.857196044922
2026-08-21,1250.5999755859375,1256.4000244140625,1240.4000244140625,1245.800048828125,1245.800048828125,3690270,1245.800048828125,0.1509978418213873,1401.9188232421875,-0.11136078054292042,-0.004156635628996819,0.22813039335249616,0.21364313896373502,1291.8914770507813,1286.9579229736328
2026-08-24,1245.800048828125,1248.699951171875,1231.800048828125,1236.0,1236.0,3778588,1236.0,0.14511502198722726,1401.9188232421875,-0.11835123438778761,-0.00786647009473429,0.22875608190288618,0.21392871698194924,1289.2665649414062,1287.0001568603516
2026-08-25,1236.0999755859375,1240.5,1229.800048828125,1235.0,1235.0,3606504,1235.0,0.14556717074647696,1401.9188232421875,-0.11906454245058062,-0.0008090614886731018,0.22877667952669786,0.21177486649274474,1286.6736157226562,1287.0658685302735
2026-08-26,1240.0999755859375,1257.699951171875,1238.199951171875,1255.0,1255.0,3298266,1255.0,0.17281531070087186,1401.9188232421875,-0.10479838119471963,0.0161943319838056,0.23469214477713587,0.21371150576066447,1284.776435546875,1287.2605578613282
2026-08-27,1260.0,1268.699951171875,1251.4000244140625,1256.0,1256.0,7005789,1256.0,0.17473707525730164,1401.9188232421875,-0.1040850731319265,0.0007968127490038945,0.23467833628607862,0.21346429498737177,1282.7153979492186,1287.4327685546875
2026-08-28,1256.0,1265.4000244140625,1248.199951171875,1265.0,1265.0,3242475,1265.0,0.20557621812538462,1401.9188232421875,-0.09766530056678913,0.007165605095541316,0.23040934937024735,0.2138618661333809,1280.8783251953125,1287.6544757080078
