Date,Open,High,Low,Close,Adj Close,Volume,Price,rolling_1y_return,running_max,drawdown,daily_return,rolling_volatility_30d,rolling_volatility_90d,sma50,sma200
2023-08-28,7240.0,7364.75,7233.10009765625,7323.5498046875,7015.4462890625,15894,7015.4462890625,,7015.4462890625,0.0,,,,,
2023-08-29,7323.5498046875,7400.0,7296.0498046875,7369.9501953125,7059.89453125,12812,7059.89453125,,7059.89453125,0.0,0.006335768296993116,,,,
2023-08-30,7399.0,7425.0,7351.2998046875,7418.0,7105.9228515625,7628,7105.9228515625,,7105.9228515625,0.0,0.006519689509348892,,,,
2023-08-31,7410.4501953125,7494.0,7410.0,7437.7001953125,7124.794921875,56012,7124.794921875,,7124.794921875,0.0,0.002655822573186306,,,,
2023-09-01,7446.4501953125,7468.0,7306.7998046875,7340.7998046875,7031.970703125,16812,7031.970703125,,7124.794921875,-0.013028335519525647,-0.013028335519525647,,,,
2023-09-04,7340.0498046875,7377.0,7202.85009765625,7226.64990234375,6922.62255859375,47769,6922.62255859375,,7124.794921875,-0.028375885270820578,-0.015550142221533392,,,,
2023-09-05,7280.0,7280.0,7140.89990234375,7176.7998046875,6874.8701171875,85742,6874.8701171875,,7124.794921875,-0.035078175221600394,-0.006898027590276468,,,,
2023-09-06,7200.0,7215.0,7162.10009765625,7191.0,6888.47265625,11332,6888.47265625,,7124.794921875,-0.03316899198030643,0.001978588515947788,,,,
2023-09-07,7200.0,7240.2998046875,7134.5,7193.64990234375,6891.01123046875,145744,6891.01123046875,,7124.794921875,-0.032812690606500494,0.0003685249757718889,,,,
2023-09-08,7228.9501953125,7232.5,7128.0,7141.7998046875,6841.34228515625,13932,6841.34228515625,,7124.794921875,-0.03978397130399858,-0.007207787602041327,,,,
2023-09-11,7141.7998046875,7199.85009765625,7132.9501953125,7185.2001953125,6882.9169921875,31984,6882.9169921875,,7124.794921875,-0.03394875674875508,0.006076980992670844,,,,
2023-09-12,7212.0,7212.0,7042.2001953125,7133.0,6832.91259765625,154364,6832.91259765625,,7124.794921875,-0.040967119393513274,-0.007265000375278108,,,,
2023-09-13,7101.0498046875,7139.0,7019.0,7093.2001953125,6794.787109375,90976,6794.787109375,,7124.794921875,-0.046318219137338135,-0.005579683295572568,,,,
2023-09-14,7097.7001953125,7146.75,7097.7001953125,7125.0498046875,6825.29736328125,13303,6825.29736328125,,7124.794921875,-0.04203595498225687,0.004490244273312793,,,,
2023-09-15,7131.9501953125,7163.9501953125,6982.0498046875,7103.10009765625,6804.271484375,71560,6804.271484375,,7124.794921875,-0.044987040471285544,-0.0030805806380488354,,,,
2023-09-18,7194.9501953125,7254.39990234375,7152.39990234375,7229.89990234375,6925.73583984375,42353,6925.73583984375,,7124.794921875,-0.027938920939336254,0.017851191820854817,,,,
2023-09-20,7253.9501953125,7273.9501953125,7186.35009765625,7230.7001953125,6926.5029296875,75653,6926.5029296875,,7124.794921875,-0.027831256107974545,0.00011075932745474582,,,,
2023-09-21,7241.7001953125,7385.5,7237.2998046875,7346.60009765625,7037.5263671875,45166,7037.5263671875,,7124.794921875,-0.012248570751076993,0.01602878662248819,,,,
2023-09-22,7348.0,7419.0,7310.0498046875,7332.0498046875,7023.58935546875,21167,7023.58935546875,,7124.794921875,-0.014204698874282329,-0.001980385009103691,,,,
2023-09-25,7341.39990234375,7398.9501953125,7253.0,7280.25,6973.96875,142385,6973.96875,,7124.794921875,-0.021169194837022398,-0.0070648500300083406,,,,
2023-09-26,7320.0,7450.0,7305.2998046875,7351.5,7042.22119140625,87105,7042.22119140625,,7124.794921875,-0.011589629087459974,0.009786743223684446,,,,
2023-09-27,7400.0,7405.2001953125,7192.0,7303.89990234375,6996.623046875,39279,6996.623046875,,7124.794921875,-0.01798955287912618,-0.006474966248844027,,,,
2023-09-28,7276.0,7339.9501953125,7020.0,7058.64990234375,6865.08203125,52319,6865.08203125,,7124.794921875,-0.03645198121108206,-0.018800643502403958,,,,
2023-09-29,7060.9501953125,7140.89990234375,7001.0498046875,7108.5,6913.56494140625,33287,6913.56494140625,,7124.794921875,-0.02964716637951481,0.007062247754004325,,,,
2023-10-03,7100.0,7100.0,6945.0,7014.25,6821.8994140625,33983,6821.8994140625,,7124.794921875,-0.042512873862871614,-0.013258793129251267,,,,
2023-10-04,7014.25,7014.2998046875,6801.0,6819.2998046875,6632.29541015625,31137,6632.29541015625,,7124.794921875,-0.06912472809661463,-0.02779343294265013,,,,
2023-10-05,6834.4501953125,6865.9501953125,6651.0,6672.0498046875,6489.0830078125,42162,6489.0830078125,,7124.794921875,-0.08922529294291637,-0.021593188102635552,,,,
2023-10-06,6750.0,6874.39990234375,6701.14990234375,6843.7001953125,6656.02685546875,41262,6656.02685546875,,7124.794921875,-0.06579390305916155,0.025726878120569285,,,,
2023-10-09,6840.0,6879.7001953125,6800.0,6825.39990234375,6638.22802734375,15307,6638.22802734375,,7124.794921875,-0.06829205610358846,-0.0026740919938410546,,,,
2023-10-10,6850.9501953125,6892.0,6785.9501953125,6821.39990234375,6634.337890625,17024,6634.337890625,,7124.794921875,-0.06883805591992098,-0.0005860203510222872,,,,
2023-10-11,6822.0,7097.9501953125,6822.0,6884.5,6695.70751953125,70547,6695.70751953125,,7124.794921875,-0.06022452674761747,0.009250301977077768,0.18711102809342398,,,
2023-10-12,6916.35009765625,6978.7998046875,6761.0,6783.4501953125,6597.4287109375,29503,6597.4287109375,,7124.794921875,-0.07401844077200692,-0.01467788255491631,0.1893754469880953,,,
2023-10-13,6788.14990234375,6849.9501953125,6770.0,6838.85009765625,6651.30908203125,15812,6651.30908203125,,7124.794921875,-0.06645606575847163,0.008166874316417383,0.19009233014701948,,,
2023-10-16,6838.85009765625,6863.39990234375,6791.35009765625,6850.25,6662.39697265625,25560,6662.39697265625,,7124.794921875,-0.06489982578994191,0.0016670238126437198,0.18989741946746963,,,
2023-10-17,6876.89990234375,6880.0,6790.14990234375,6840.5498046875,6652.96240234375,25456,6652.96240234375,,7124.794921875,-0.06622401412321355,-0.0014160924891178928,0.1870864832945988,,,
2023-10-18,6870.0,6875.0,6822.7001953125,6865.0498046875,6676.791015625,30829,6676.791015625,,7124.794921875,-0.06287955108357013,0.00358165458335602,0.18302110829045715,,,
2023-10-19,6822.0,6889.0,6756.0,6861.14990234375,6672.99755859375,16188,6672.99755859375,,7124.794921875,-0.06341198143038651,-0.0005681557236660861,0.18220832699425882,,,
2023-10-20,6861.14990234375,7120.0,6828.0,7055.39990234375,6861.9208984375,101039,6861.9208984375,,7124.794921875,-0.03689566174464998,0.028311615310041116,0.2008865403605305,,,
2023-10-23,7080.0,7165.0,7008.75,7099.0498046875,6904.37353515625,53413,6904.37353515625,,7124.794921875,-0.030937225440973548,0.006186698644167876,0.20169831893990703,,,
2023-10-25,7099.10009765625,7128.89990234375,6800.35009765625,6856.0,6667.9892578125,28693,6667.9892578125,,7124.794921875,-0.06411492107091898,-0.03423689001472896,0.22421378014365956,,,
2023-10-26,6770.0,6833.9501953125,6650.0,6667.64990234375,6484.80419921875,21099,6484.80419921875,,7124.794921875,-0.08982584476801003,-0.027472308594247097,0.2360953319722591,,,
2023-10-27,6766.9501953125,6839.0,6670.14990234375,6729.0,6544.4716796875,13991,6544.4716796875,,7124.794921875,-0.08145122049839704,0.009201122907602777,0.23764798465246414,,,
2023-10-30,6790.0,6820.0,6627.89990234375,6794.2998046875,6607.98095703125,19034,6607.98095703125,,7124.794921875,-0.07253738114720953,0.009704263453514272,0.23939383534231454,,,
2023-10-31,6811.5498046875,6949.89990234375,6805.5498046875,6926.4501953125,6736.5078125,19889,6736.5078125,,7124.794921875,-0.05449800501385049,0.019450246044064423,0.24610883687614468,,,
2023-11-01,6884.5,6924.60009765625,6711.0,6741.0,6556.14208984375,28739,6556.14208984375,,7124.794921875,-0.0798132210493997,-0.02677436554316326,0.25772494889404235,,,
2023-11-02,6776.5,6885.0,6776.5,6849.2998046875,6661.47265625,56156,6661.47265625,,7124.794921875,-0.0650295581424356,0.016065937095753213,0.25663327279129416,,,
2023-11-03,6860.0498046875,6984.89990234375,6851.14990234375,6922.2998046875,6732.47021484375,17745,6732.47021484375,,7124.794921875,-0.05506470169782851,0.01065793740474752,0.25890088162743125,,,
2023-11-06,7026.35009765625,7034.0,6913.2998046875,7000.35009765625,6808.3798828125,31959,6808.3798828125,,7124.794921875,-0.04441040654953066,0.011275158381151673,0.2565691570792296,,,
2023-11-07,7000.0,7097.60009765625,7000.0,7065.14990234375,6871.40380859375,28285,6871.40380859375,,7124.794921875,-0.035564688676620326,0.009256816873622453,0.25824846861586453,,,
2023-11-08,7084.0,7135.25,7076.0,7130.5498046875,6935.01025390625,14575,6935.01025390625,,7124.794921875,-0.026637211323242593,0.009256688601672725,0.25903001524395125,,6809.11478515625,
2023-11-09,7120.0,7170.0,7050.0,7073.7998046875,6879.81591796875,17729,6879.81591796875,,7124.794921875,-0.03438400776338135,-0.007958796586697292,0.2582746469676623,,6806.402177734375,
2023-11-10,7015.0498046875,7150.0,7015.0498046875,7138.60009765625,6942.83935546875,14493,6942.83935546875,,7124.794921875,-0.025538358423145446,0.009160628460333609,0.2591836796319432,,6804.06107421875,
2023-11-13,7134.0,7150.0,7052.0498046875,7126.2001953125,6930.77978515625,23008,6930.77978515625,,7124.794921875,-0.027230978413578244,-0.0017369795979796931,0.2531490131230072,,6800.558212890625,
2023-11-15,7163.7001953125,7190.0,7110.14990234375,7183.25,6986.26513671875,21269,6986.26513671875,,7124.794921875,-0.019443336499542885,0.008005643417113628,0.25337808730392836,,6797.7876171875,
2023-11-16,7091.5498046875,7195.0,7036.0,7138.39990234375,6942.64453125,21153,6942.64453125,,7124.794921875,-0.02556570296020033,-0.00624376610608246,0.25087794068506064,,6796.00109375,
2023-11-17,7125.0,7375.0,7108.64990234375,7347.7998046875,7146.30224609375,62674,7146.30224609375,,7146.30224609375,0.0,0.029334314025016406,0.24911435175013197,,6800.4746875,
2023-11-20,7347.7998046875,7357.7001953125,7243.60009765625,7272.0,7072.58154296875,12074,7072.58154296875,,7146.30224609375,-0.01031592291877892,-0.01031592291877892,0.24162470161128796,,6804.428916015625,
2023-11-21,7320.0,7355.0,7234.0498046875,7346.0,7144.5517578125,11430,7144.5517578125,,7146.30224609375,-0.0002449502163454076,0.010175946987178941,0.2329549237949785,,6809.550498046875,
2023-11-22,7359.0,7470.0,7330.39990234375,7377.2998046875,7174.99365234375,27197,7174.99365234375,,7174.99365234375,0.0,0.004260854363321354,0.23249129601973936,,6815.230146484375,
2023-11-23,7420.89990234375,7440.0,7329.9501953125,7423.60009765625,7220.0234375,15089,7220.0234375,,7220.0234375,0.0,0.006275933797034172,0.2324992908531576,,6822.80376953125,
2023-11-24,7423.60009765625,7488.7998046875,7399.0,7438.85009765625,7234.85546875,14344,7234.85546875,,7234.85546875,0.0,0.00205429128844159,0.2317331110184045,,6829.8425390625,
2023-11-28,7420.10009765625,7480.0,7300.0,7320.7001953125,7119.9462890625,19597,7119.9462890625,,7234.85546875,-0.015882719452217753,-0.015882719452217753,0.23254260396915866,,6835.583212890625,
2023-11-29,7325.0,7444.85009765625,7244.5498046875,7309.35009765625,7108.90673828125,17133,7108.90673828125,,7234.85546875,-0.017408603532270805,-0.0015505104017721205,0.23224392200406477,,6841.86560546875,
2023-11-30,7371.25,7400.0,7210.0,7356.10009765625,7154.375,57191,7154.375,,7234.85546875,-0.011123991225204799,0.006395956986452678,0.23253188115056342,,6848.447158203125,
2023-12-01,7406.9501953125,7439.9501953125,7260.5498046875,7332.89990234375,7131.81103515625,30157,7131.81103515625,,7234.85546875,-0.014242777072581037,-0.0031538694636149556,0.23283935563788805,,6854.99794921875,
2023-12-04,7396.64990234375,7974.25,7357.0498046875,7849.9501953125,7634.6826171875,157847,7634.6826171875,,7634.6826171875,0.0,0.070511063676862,0.3052687649711186,,6869.176884765625,
2023-12-05,7897.0,7897.0,7629.64990234375,7709.25,7497.84033203125,65891,7497.84033203125,,7634.6826171875,-0.017923768677454266,-0.017923768677454266,0.31192092815372047,,6880.6036328125,
2023-12-06,7780.0,7950.0,7720.0,7879.0,7662.935546875,43794,7662.935546875,,7662.935546875,0.0,0.022019035820015187,0.30818321456741493,,6893.11181640625,
2023-12-07,7870.0,8373.849609375,7800.0,8080.39990234375,7858.8125,151760,7858.8125,,7858.8125,0.0,0.025561607810322684,0.314501777077427,,6909.816279296875,
2023-12-08,8080.39990234375,8080.39990234375,7920.0,7984.25,7765.29931640625,27621,7765.29931640625,,7858.8125,-0.011899149342696536,-0.011899149342696536,0.2967485426096754,,6925.642890625,
2023-12-11,7984.25,8039.0,7770.0,7818.10009765625,7603.70556640625,64180,7603.70556640625,,7858.8125,-0.032461257167511026,-0.020809725860610473,0.290934367540228,,6936.872578125,
2023-12-12,7900.5,7900.5,7755.60009765625,7838.0,7623.0595703125,26619,7623.0595703125,,7858.8125,-0.029998543633341535,0.0025453384191724826,0.2908339522129221,,6949.40130859375,
2023-12-13,7849.85009765625,8366.650390625,7823.25,8233.099609375,8007.32470703125,53366,8007.32470703125,,8007.32470703125,0.0,0.05040825578947916,0.31882200308776243,,6972.246162109375,
2023-12-14,8233.099609375,8350.0,8160.10009765625,8325.599609375,8097.2880859375,41327,8097.2880859375,,8097.2880859375,0.0,0.011235135603687052,0.3168307281908922,,6995.920625,
2023-12-15,8325.5498046875,8370.0,7883.75,7969.7998046875,7751.2451171875,75533,7751.2451171875,,8097.2880859375,-0.0427356622461007,-0.0427356622461007,0.3342268501399442,,7014.5075390625,
2023-12-18,8039.85009765625,8039.85009765625,7870.14990234375,7894.60009765625,7678.107421875,39141,7678.107421875,,8097.2880859375,-0.051768031421592586,-0.009435606048675438,0.33559517641764214,,7035.423779296875,
2023-12-19,7940.0,7940.0,7800.0,7827.35009765625,7612.70166015625,54892,7612.70166015625,,8097.2880859375,-0.05984552119651365,-0.008518474426706835,0.33736257384385815,,7057.89615234375,
2023-12-20,7860.0,7914.25,7812.0,7869.64990234375,7653.84130859375,27757,7653.84130859375,,8097.2880859375,-0.05476485122394015,0.0054040799540087114,0.336739170764487,,7077.85244140625,
2023-12-21,7777.0,7805.0,7660.0,7742.9501953125,7530.6162109375,29668,7530.6162109375,,8097.2880859375,-0.06998292131709316,-0.016099771694755738,0.34136758991812793,,7095.700205078125,
2023-12-22,7745.0,7873.2001953125,7745.0,7837.60009765625,7622.6708984375,17659,7622.6708984375,,8097.2880859375,-0.05861433883330203,0.012224057755897855,0.3419270706399586,,7115.466865234375,
2023-12-26,7877.0,7955.0,7835.0,7891.39990234375,7674.99560546875,19122,7674.99560546875,,8097.2880859375,-0.0521523349530002,0.006864353417379565,0.34035210637994795,,7135.052626953125,
2023-12-27,7898.9501953125,7980.0,7830.10009765625,7921.35009765625,7704.12451171875,11177,7704.12451171875,,8097.2880859375,-0.04855496927441105,0.0037952994043728427,0.33998254607358525,,7157.18654296875,
2023-12-28,7968.9501953125,8188.4501953125,7676.7998046875,7713.25,7501.73046875,87310,7501.73046875,,8097.2880859375,-0.07355025668677895,-0.026270868631586675,0.3506552210963903,,7174.194970703125,
2023-12-29,7749.89990234375,7819.85009765625,7620.0,7674.60009765625,7464.14111328125,52509,7464.14111328125,,8097.2880859375,-0.07819247208899871,-0.005010757934497456,0.35102919217014267,,7190.229853515625,
2024-01-01,7710.0,7799.0,7700.0,7763.64990234375,7550.74853515625,17080,7550.74853515625,,8097.2880859375,-0.06749661676610241,0.01160313297412019,0.3510034507244979,,7208.185576171875,
2024-01-02,7810.0,7848.9501953125,7756.0498046875,7817.75,7603.365234375,30786,7603.365234375,,8097.2880859375,-0.06099855239438645,0.006968408360279454,0.34231986559924166,,7226.717060546875,
2024-01-03,7829.9501953125,8220.5498046875,7711.2001953125,8103.39990234375,7881.181640625,86219,7881.181640625,,8097.2880859375,-0.02668874356685058,0.036538611218357,0.3540606187383519,,7250.8807421875,
2024-01-04,8080.0,8246.0,7968.0498046875,8209.9501953125,7984.810546875,46150,7984.810546875,,8097.2880859375,-0.013890766620720751,0.01314890469162977,0.3546264608784244,,7273.33853515625,
2024-01-05,8252.0,8275.0,8020.0,8066.10009765625,7844.90478515625,26527,7844.90478515625,,8097.2880859375,-0.031168867663182498,-0.017521487942316227,0.36003902078932837,,7292.14916015625,
2024-01-08,8070.0,8128.2998046875,8018.0,8045.7998046875,7825.16064453125,11458,7825.16064453125,,8097.2880859375,-0.03360723226321316,-0.0025168107409485607,0.36029329181906183,,7315.292587890625,
2024-01-09,8279.9501953125,8312.9501953125,7965.0,8008.35009765625,7788.73828125,38473,7788.73828125,,8097.2880859375,-0.038105326303427,-0.004654519560145287,0.3609592986309352,0.2689832016025455,7341.37126953125,
2024-01-10,8088.0,8136.60009765625,7990.0,8031.9501953125,7811.69091796875,21386,7811.69091796875,,8097.2880859375,-0.035270718410617574,0.002946900497864169,0.35663166405050983,0.2688634245745655,7366.715654296875,
2024-01-11,8032.7001953125,8108.9501953125,8005.25,8041.14990234375,7820.638671875,19415,7820.638671875,,8097.2880859375,-0.03416568746552995,0.001145431123710683,0.35639621512386016,0.2687164120868319,7390.96880859375,
2024-01-12,8078.0,8117.9501953125,8025.0,8051.5498046875,7830.75341796875,9367,7830.75341796875,,8097.2880859375,-0.0329165351584364,0.0012933401628854035,0.3563334824419303,0.2687052677265893,7412.853720703125,
2024-01-15,8090.0,8250.0,8081.7998046875,8222.7998046875,7997.3076171875,33759,7997.3076171875,,8097.2880859375,-0.012347401708929562,0.021269243242491687,0.3595324579869557,0.26969339984861845,7441.67703125,
2024-01-16,8200.0,8209.0,8140.75,8177.35009765625,7953.1044921875,14829,7953.1044921875,,8097.2880859375,-0.017806405332225106,-0.005527250809384987,0.300048087250742,0.2684101129439104,7467.50966796875,
2024-01-17,8149.9501953125,8150.0,8058.14990234375,8098.75,7876.65966796875,21311,7876.65966796875,,8097.2880859375,-0.02724719876916737,-0.009611947673244248,0.2963077821864825,0.2686940536163409,7490.39345703125,
2024-01-18,8139.7998046875,8139.7998046875,7890.0,7999.35009765625,7779.98486328125,33821,7779.98486328125,,8097.2880859375,-0.03918635712212193,-0.012273578999564716,0.292632047564808,0.2697016305707195,7509.825556640625,
2024-01-19,8003.5,8500.0,8003.5,8472.7998046875,8240.451171875,135675,8240.451171875,,8240.451171875,0.0,0.059186015999463715,0.33117533054093323,0.2864445064743201,7537.20650390625,
2024-01-23,8400.0,8400.0,8007.5498046875,8122.2001953125,7899.4658203125,38548,7899.4658203125,,8240.451171875,-0.04137945173758173,-0.04137945173758173,0.3521233935077528,0.29517879254277574,7556.495615234375,
2024-01-24,8199.849609375,8230.900390625,8001.0,8190.9501953125,7966.3310546875,21964,7966.3310546875,,8240.451171875,-0.033265183115590014,0.008464526069986267,0.3466866880601081,0.295304474573059,7578.22591796875,
2024-01-25,8224.099609375,8224.900390625,8130.0,8194.7001953125,7969.97802734375,14926,7969.97802734375,,8240.451171875,-0.03282261357902172,0.00045779828018877033,0.34669958396537404,0.2949160889125827,7598.76869140625,
2024-01-29,8192.0498046875,8380.0,8177.5498046875,8246.5498046875,8020.40576171875,32525,8020.40576171875,,8240.451171875,-0.026703077970690936,0.006327211217143969,0.3149885805063667,0.2947361826793738,7620.5612109375,
2024-01-30,8255.0,8327.900390625,8202.150390625,8251.650390625,8025.3671875,34625,8025.3671875,,8240.451171875,-0.026100996157721323,0.0006186003462480549,0.31326761823308275,0.29471525108875835,7641.343251953125,
2024-01-31,8251.650390625,8393.5498046875,8211.0,8366.2998046875,8136.8720703125,35250,8136.8720703125,,8240.451171875,-0.012569591082102316,0.013894053718336519,0.2883109823395495,0.29525981469226853,7665.227802734375,
2024-02-01,8457.0,8457.0,8251.2998046875,8341.900390625,8113.14208984375,21348,8113.14208984375,,8240.451171875,-0.01544928540633328,-0.0029163516722020555,0.28672245275053504,0.29417760973442847,7684.564599609375,
2024-02-02,8341.900390625,8485.0,8271.0498046875,8461.4501953125,8229.4140625,16462,8229.4140625,,8240.451171875,-0.0013393816849094353,0.014331312254693751,0.2870896833592319,0.2948904029421317,7707.70125,
2024-02-05,8468.7998046875,8520.0,8307.900390625,8330.349609375,8101.908203125,18949,8101.908203125,,8240.451171875,-0.016812546529351824,-0.015493917113251321,0.29176608320823205,0.29538741667600166,7726.84837890625,
2024-02-06,8342.7998046875,8479.5,8283.5498046875,8452.4501953125,8220.66015625,19163,8220.66015625,,8240.451171875,-0.002401690782726451,0.014657281981940606,0.28873300703321425,0.29610584424029857,7747.761708984375,
2024-02-07,8524.0,8719.0,8452.0,8611.849609375,8375.689453125,48763,8375.689453125,,8375.689453125,0.0,0.01885849724089783,0.2911875760822883,0.2970542716145562,7770.875029296875,
2024-02-08,8700.0,8724.900390625,8575.0,8674.0498046875,8436.1826171875,38780,8436.1826171875,,8436.1826171875,0.0,0.007222469792015795,0.29122744683945295,0.2968999973777302,7794.901572265625,
2024-02-09,8684.25,8784.099609375,8510.0,8634.0498046875,8397.279296875,27292,8397.279296875,,8436.1826171875,-0.004611483899511604,-0.004611483899511604,0.2921256599628046,0.29676252452807594,7820.448232421875,
2024-02-12,8634.0,8700.900390625,8519.650390625,8619.599609375,8383.224609375,11036,8383.224609375,,8436.1826171875,-0.006277484760062624,-0.0016737191896464276,0.27908873330018286,0.29470734419815453,7845.93458984375,
2024-02-13,8619.599609375,8790.0,8571.5498046875,8761.7998046875,8521.5263671875,16594,8521.5263671875,,8521.5263671875,0.0,0.01649744152838717,0.28010936512106077,0.2955524675446265,7873.2776171875,
2024-02-14,8700.150390625,8878.9501953125,8651.0,8764.400390625,8524.0556640625,16425,8524.0556640625,,8524.0556640625,0.0,0.0002968126560916051,0.2795604469151811,0.2943745328692217,7901.122509765625,
2024-02-15,8764.400390625,8825.0,8680.849609375,8769.099609375,8528.6259765625,17982,8528.6259765625,,8528.6259765625,0.0,0.0005361664306426928,0.27962813409048026,0.28986221178833654,7919.001376953125,
2024-02-16,8825.900390625,8925.0,8620.2001953125,8784.75,8543.8466796875,38842,8543.8466796875,,8543.8466796875,0.0,0.0017846606436755508,0.2620582956909579,0.28687917371129446,7939.92150390625,
2024-02-19,8880.0,8974.900390625,8757.400390625,8876.25,8632.8369140625,14418,8632.8369140625,,8632.8369140625,0.0,0.010415710593984384,0.2612411049684037,0.284613230253965,7959.31953125,
2024-02-20,8859.0,8898.349609375,8742.7001953125,8817.5,8575.6982421875,18070,8575.6982421875,,8632.8369140625,-0.0066187595623316,-0.0066187595623316,0.2557486101720728,0.2849142853851237,7973.65724609375,
2024-02-21,8895.0,8898.900390625,8750.0,8807.7998046875,8566.2646484375,11657,8566.2646484375,,8632.8369140625,-0.007711516652950667,-0.0011000379775015778,0.2555112000451346,0.28493393822672647,7989.676552734375,
2024-02-22,8845.5,8845.5,8615.2001953125,8683.900390625,8445.763671875,38170,8445.763671875,,8632.8369140625,-0.021669961340607058,-0.014066921990844583,0.2594339411006783,0.2861548103286549,8006.51771484375,
2024-02-23,8750.0,8800.0,8559.0498046875,8755.7998046875,8515.69140625,12322,8515.69140625,,8632.8369140625,-0.013569758004078003,0.008279622434601563,0.25991458160676173,0.28477281017602923,8024.3703515625,
2024-02-26,8765.0,8869.0,8730.0,8802.2001953125,8560.818359375,17937,8560.818359375,,8632.8369140625,-0.00834239722172736,0.005299270602018291,0.2599346288586377,0.2846658265424173,8035.440224609375,
2024-02-27,8802.25,9140.0,8631.150390625,8703.0,8464.33984375,70693,8464.33984375,,8632.8369140625,-0.019518157471274167,-0.01126977720761313,0.2632424215410137,0.2856543018151475,8042.781259765625,
2024-02-28,8708.150390625,8820.7998046875,8671.150390625,8705.2998046875,8466.5751953125,16018,8466.5751953125,,8632.8369140625,-0.019259221551975236,0.00026409047885178616,0.2573604088267837,0.2855975510295217,8057.087861328125,
2024-02-29,8651.0,9348.9501953125,8601.0,9149.599609375,8898.6904296875,80740,8898.6904296875,,8898.6904296875,0.0,0.051037783803566716,0.2927174377474739,0.2967675117555872,8081.499521484375,
2024-03-01,9154.2998046875,9288.0,8911.5,8944.349609375,8699.0693359375,35724,8699.0693359375,,8898.6904296875,-0.0224326371759187,-0.0224326371759187,0.30012986920665774,0.2998280452624232,8103.226875,
2024-03-04,9175.0,9175.0,8838.900390625,8855.599609375,8612.75390625,45298,8612.75390625,,8898.6904296875,-0.03213242731577315,-0.009922375182241039,0.2991327213575801,0.29755113704768327,8122.405126953125,
2024-03-05,8830.0,8860.4501953125,8685.0,8726.150390625,8486.853515625,41517,8486.853515625,,8898.6904296875,-0.04628062042573633,-0.01461790177629918,0.25276898301511735,0.2988943527856117,8141.529873046875,
2024-03-06,8756.9501953125,8756.9501953125,8649.9501953125,8716.099609375,8477.080078125,41202,8477.080078125,,8898.6904296875,-0.047378921077638414,-0.001151597288913564,0.21859481096898295,0.29244766076875833,8158.618056640625,
2024-03-07,8787.9501953125,8787.9501953125,8610.0,8665.150390625,8427.5263671875,38774,8427.5263671875,,8898.6904296875,-0.05294757315392373,-0.005845610809478208,0.21910484554601725,0.28831111441938406,8173.668671875,
2024-03-11,8666.25,8747.7001953125,8558.7998046875,8616.150390625,8379.8701171875,67923,8379.8701171875,,8898.6904296875,-0.05830299599693112,-0.005654832500500917,0.22018467126745206,0.28848922593515725,8187.183583984375,
2024-03-12,8616.9501953125,8662.4501953125,8525.0,8594.150390625,8358.4736328125,23669,8358.4736328125,,8898.6904296875,-0.060707449162715865,-0.0025533193326129355,0.2200899814019431,0.28840117445257696,8204.318447265625,
2024-03-13,8510.0,8581.25,8277.900390625,8369.0,8139.49853515625,36711,8139.49853515625,,8898.6904296875,-0.08531501354384241,-0.026197976721088034,0.23425739852760707,0.2910314907285155,8217.825595703125,
2024-03-14,8225.0,8300.0,8080.60009765625,8231.0,8005.28271484375,68591,8005.28271484375,,8898.6904296875,-0.10039766209454759,-0.0164894458464232,0.23579220083643804,0.28862429461923794,8226.916279296875,
2024-03-15,8148.7001953125,8299.900390625,8142.0498046875,8243.75,8017.68310546875,46749,8017.68310546875,,8898.6904296875,-0.0990041547326519,0.0015490259453305733,0.23573949633304092,0.2876963347331333,8235.20263671875,
2024-03-18,8243.75,8243.75,8150.10009765625,8210.2998046875,7985.1494140625,19087,7985.1494140625,,8898.6904296875,-0.10266016363231112,-0.004057742240281215,0.2318213485984976,0.2875282128401863,8237.2819921875,
2024-03-19,8264.599609375,8318.0,8190.10009765625,8204.599609375,7979.6064453125,23350,7979.6064453125,,8898.6904296875,-0.1032830607646249,-0.0006941596784949544,0.22765725520319396,0.2871390832744803,8237.17791015625,
2024-03-20,8191.0498046875,8194.75,8088.0,8130.14990234375,7907.1982421875,14503,7907.1982421875,,8898.6904296875,-0.11142001121785494,-0.009074157180713471,0.22437650286940805,0.28745193494188087,8238.423779296874,
2024-03-21,8121.0,8219.7001953125,8120.0,8202.650390625,7977.7099609375,16304,7977.7099609375,,8898.6904296875,-0.10349618025563145,0.008917408744578692,0.21842506192986547,0.28742731104708147,8241.474765625,
2024-03-22,8215.0,8447.650390625,8202.650390625,8395.0498046875,8164.8330078125,49514,8164.8330078125,,8898.6904296875,-0.0824680246687457,0.023455734514195026,0.2288943855014874,0.2892340296171498,8248.99666015625,
2024-03-26,8212.0,8435.0,8212.0,8413.2001953125,8182.486328125,29115,8182.486328125,,8898.6904296875,-0.08048421362913416,0.0021621165179506185,0.22880497760395127,0.2889849642374464,8256.412568359376,
2024-03-27,8428.150390625,8509.7998046875,7965.25,8096.2998046875,7874.27685546875,108749,7874.27685546875,,8898.6904296875,-0.11511958779924936,-0.03766697068553193,0.25259254459439057,0.29645416118616297,8257.48533203125,
2024-03-28,8065.10009765625,8344.0498046875,8065.10009765625,8272.75,8045.8876953125,74053,8045.8876953125,,8898.6904296875,-0.0958346333219896,0.021793853961912024,0.2563941574310118,0.29819184223530176,8261.788017578125,
2024-04-01,8272.7001953125,8464.099609375,8260.0,8407.5498046875,8176.99072265625,23249,8176.99072265625,,8898.6904296875,-0.08110178826128622,0.01629441427825662,0.26166235303375873,0.29886679862153526,8265.3816796875,
2024-04-02,8399.9501953125,8447.0,8370.0498046875,8420.5,8189.5859375,14963,8189.5859375,,8898.6904296875,-0.07968638731625166,0.0015403239738125407,0.2617382294061861,0.29526429846142,8270.11130859375,
2024-04-03,8479.349609375,8479.349609375,8304.099609375,8358.150390625,8128.94677734375,21126,8128.94677734375,,8898.6904296875,-0.0865007787860288,-0.007404423205156663,0.26217596923070746,0.294969297525118,8275.15705078125,
2024-04-04,8358.150390625,8449.0,8115.0,8124.60009765625,7901.80029296875,61071,7901.80029296875,,8898.6904296875,-0.11202661162286975,-0.02794291691121431,0.2704335715883336,0.2987463116475889,8277.593359375,
2024-04-05,8178.25,8209.0,8125.0,8195.5498046875,7970.8046875,20381,7970.8046875,,8898.6904296875,-0.10427216785651061,0.008732743422110056,0.27220688297324735,0.29896573042581953,8272.2004296875,
2024-04-08,8239.9501953125,8256.0,8190.0,8238.099609375,8012.1875,23206,8012.1875,,8898.6904296875,-0.09962172936480407,0.005191798585266749,0.2730561548647945,0.29892057889904233,8274.45486328125,
2024-04-09,8225.0,8270.0,8153.5,8172.0,7947.90087890625,16546,7947.90087890625,,8898.6904296875,-0.1068460082181597,-0.008023604177230026,0.27130777959304647,0.2993269083767366,8274.086259765625,
2024-04-10,8248.2001953125,8248.2001953125,8104.2001953125,8148.89990234375,7925.43359375,16089,7925.43359375,,8898.6904296875,-0.10937079378450498,-0.0028268199992124154,0.2695969591338234,0.29800920537542497,8273.19537109375,
2024-04-12,8187.9501953125,8271.2001953125,8106.10009765625,8175.5498046875,7951.3525390625,43228,7951.3525390625,,8898.6904296875,-0.10645812415999145,0.0032703504490831925,0.2691668617107717,0.29798489666707056,8271.814306640625,
2024-04-15,8165.0,8165.0,7893.0,7953.39990234375,7735.2958984375,40510,7735.2958984375,,8898.6904296875,-0.13073772376311954,-0.027172313083036026,0.27757597764440717,0.3016682301337457,8266.012880859374,
2024-04-16,7945.0,7945.0,7848.0,7902.89990234375,7686.18017578125,42416,7686.18017578125,,8898.6904296875,-0.13625715643069403,-0.006349559642077951,0.27759292746665637,0.30184150128321324,8256.99904296875,
2024-04-18,7920.0,7954.5,7860.0,7920.2001953125,7703.00537109375,28100,7703.00537109375,,8898.6904296875,-0.1343664068372069,0.002189019113228108,0.22619852518522215,0.27800695306067413,8248.79630859375,
2024-04-19,7924.9501953125,7925.0,7739.5,7835.7001953125,7620.8232421875,31951,7620.8232421875,,8898.6904296875,-0.14360171281347467,-0.010668839621304937,0.2206869241961008,0.2769270623978968,8236.6244921875,
2024-04-22,7845.0,8034.2001953125,7845.0,7955.14990234375,7736.99658203125,36625,7736.99658203125,,8898.6904296875,-0.13054660759752335,0.015244198185917268,0.22708365408435682,0.2756538046840348,8229.326259765625,
2024-04-23,8046.5,8325.0,7967.5,8101.35009765625,7879.18798828125,109168,7879.18798828125,,8898.6904296875,-0.114567693916514,0.01837811413542978,0.233063730705857,0.27404388289204423,8222.49681640625,
2024-04-24,8120.0,8281.5498046875,8102.25,8230.0,8004.31005859375,34767,8004.31005859375,,8898.6904296875,-0.10050696539683524,0.015880071715333344,0.23898861705562888,0.2745201634184299,8215.069228515626,
2024-04-25,8250.0,8324.5,8151.9501953125,8200.5498046875,7975.66796875,30933,7975.66796875,,8898.6904296875,-0.10372565134507261,-0.0035783333771532977,0.23874538416182342,0.27224044873324804,8205.858935546876,
2024-04-26,8200.599609375,8248.5,8080.0,8146.64990234375,7923.24609375,32513,7923.24609375,,8898.6904296875,-0.10961661647238075,-0.0065727253448109035,0.2388914448269819,0.27249054570550874,8196.378271484375,
2024-04-29,8309.599609375,8343.0,8142.14990234375,8187.35009765625,7962.830078125,60799,7962.830078125,,8898.6904296875,-0.1051683232445434,0.004995930191569409,0.23967313924364428,0.25924854012371024,8187.970380859375,
2024-04-30,8250.0,8295.0,8050.0,8116.14990234375,7893.58251953125,72113,7893.58251953125,,8898.6904296875,-0.1129500928364745,-0.008696350156206734,0.2291400627841727,0.25896307861241724,8175.41150390625,
2024-05-02,8188.7001953125,8250.0,8014.2998046875,8110.5,7888.087890625,37195,7888.087890625,,8898.6904296875,-0.11356755772635518,-0.0006960881060854573,0.22433708846295533,0.24874207590006128,8162.6921484375,
2024-05-03,8130.0,8324.9501953125,8130.0,8238.4501953125,8012.52880859375,46486,8012.52880859375,,8898.6904296875,-0.0995833744409591,0.015775802665263017,0.22914579843130273,0.24951998770492365,8152.370205078125,
2024-05-06,8320.0,8320.0,8143.75,8186.2001953125,7961.71142578125,54469,7961.71142578125,,8898.6904296875,-0.10529403301640128,-0.006342240262274812,0.22959946125478592,0.2493214161369166,8140.7275,
2024-05-07,8186.2001953125,8310.0,8186.2001953125,8279.5498046875,8052.50146484375,33098,8052.50146484375,,8898.6904296875,-0.09509140378911529,0.011403332048497417,0.2319450686371934,0.24984893960164375,8129.120791015625,
2024-05-08,8186.2001953125,8393.599609375,8186.2001953125,8350.0,8121.01904296875,32647,8121.01904296875,,8898.6904296875,-0.0873916665450356,0.008508856337889448,0.23129682635201015,0.24855764399685026,8120.02720703125,
2024-05-09,8372.599609375,8435.0,8320.25,8383.5498046875,8153.6484375,38823,8153.6484375,,8898.6904296875,-0.0837249029027819,0.004017894104004105,0.23027181599109467,0.24788300907057742,8111.7748828125,
2024-05-10,8401.900390625,8469.5,8270.0,8431.5498046875,8200.3330078125,16630,8200.3330078125,,8898.6904296875,-0.07847867361979066,0.005725605006194456,0.22066673637625828,0.2478123304631891,8106.86626953125,
2024-05-13,8431.5498046875,8433.099609375,8338.650390625,8405.75,8175.2412109375,11773,8175.2412109375,,8898.6904296875,-0.08129839154045115,-0.003059850965941857,0.22079020888104103,0.24784756745965061,8100.057265625,
2024-05-14,8405.7998046875,8495.0,8376.650390625,8436.150390625,8204.8076171875,17962,8204.8076171875,,8898.6904296875,-0.07797583453235912,0.003616579069305459,0.1897181841086712,0.24362112576578046,8092.93705078125,
2024-05-15,8444.2001953125,8493.9501953125,8386.0,8429.900390625,8198.728515625,12212,8198.728515625,,8898.6904296875,-0.07865898017165662,-0.0007409194518791518,0.1796875303788593,0.24342198597106895,8087.62482421875,
2024-05-16,8468.0,8468.0,8300.0,8336.2998046875,8107.69482421875,21728,8107.69482421875,,8898.6904296875,-0.08888899009565021,-0.01110339136522931,0.17652961564713698,0.24362871919069468,8080.447216796875,
2024-05-17,8336.2998046875,8384.9501953125,8201.0,8220.650390625,7995.216796875,29430,7995.216796875,,8898.6904296875,-0.10152883055672579,-0.013872997169030454,0.18079212343063167,0.24465436749993946,8062.377744140625,
2024-05-21,8278.900390625,8299.9501953125,8027.0,8146.89990234375,7923.48876953125,60118,7923.48876953125,,8898.6904296875,-0.10958934551794453,-0.008971367402042851,0.18135042452736547,0.237512750862047,8046.8661328125,
2024-05-22,8175.0,8175.0,8075.10009765625,8123.9501953125,7901.1689453125,15810,7901.1689453125,,8898.6904296875,-0.11209756000131255,-0.002816918767472476,0.16227729990356515,0.23654289713133114,8032.63443359375,
2024-05-23,8130.0,8181.0,8095.0,8165.2001953125,7941.28759765625,12988,7941.28759765625,,8898.6904296875,-0.10758918287989838,0.00507755910820662,0.160917526099142,0.23482166420694678,8021.723115234375,
2024-05-24,8198.349609375,8198.349609375,8015.0,8031.9501953125,7811.69091796875,59111,7811.69091796875,,8898.6904296875,-0.1221527504870088,-0.016319353517148638,0.16677170235730882,0.2364114548008009,8008.41533203125,
2024-05-27,8001.0,8033.25,7965.60009765625,7988.2998046875,7769.23828125,26182,7769.23828125,,8898.6904296875,-0.1269234116370046,-0.0054345003104383505,0.16596283611632387,0.23645937342665482,7995.2495703125,
2024-05-28,7999.9501953125,8000.0498046875,7825.10009765625,7852.60009765625,7637.259765625,53389,7637.259765625,,8898.6904296875,-0.141754640643994,-0.016987317269379187,0.17248274017243195,0.23812220499879144,7980.39736328125,
2024-05-29,7860.0,7860.0,7755.0,7793.89990234375,7580.1689453125,53870,7580.1689453125,,8898.6904296875,-0.14817028357073692,-0.007475301621854391,0.17288651675139782,0.2384271502120476,7964.83126953125,
2024-05-30,7765.0,8060.4501953125,7765.0,7986.25,7767.244140625,60364,7767.244140625,,8898.6904296875,-0.12714750535514852,0.024679554857175656,0.17137948741494094,0.2420359748397002,7957.386181640625,
2024-05-31,8014.0,8019.9501953125,7813.0,7953.39990234375,7735.2958984375,114833,7735.2958984375,,8898.6904296875,-0.13073772376311954,-0.004113201749434081,0.1707589904115783,0.2394401151488814,7951.9864453125,
2024-06-03,8129.0,8129.0,7990.0498046875,8014.2998046875,7794.52490234375,28468,7794.52490234375,,8898.6904296875,-0.12408180013320513,0.007656979730822355,0.17202419981272768,0.23963489897833942,7947.52328125,
2024-06-04,8014.2998046875,8080.0,7659.9501953125,7933.4501953125,7715.89208984375,40557,7715.89208984375,,8898.6904296875,-0.1329182478241674,-0.010088211082160514,0.1717060110243417,0.23968967929459464,7942.138134765625,
2024-06-05,7933.4501953125,8098.0,7900.0,8048.89990234375,7828.1767578125,26432,7828.1767578125,,8898.6904296875,-0.12030013633282377,0.014552389621486306,0.17119970363753603,0.2400403574018032,7939.109541015625,
2024-06-06,8129.0,8145.0,8052.0498046875,8130.2998046875,7907.34423828125,17926,7907.34423828125,,8898.6904296875,-0.1114036047482847,0.010113144211995495,0.16524973399663076,0.21900900491737127,7939.1124609375,
2024-06-07,8181.9501953125,8415.0,8163.39990234375,8377.599609375,8147.86279296875,45046,8147.86279296875,,8898.6904296875,-0.08437507098953179,0.0304171093909249,0.18180035017045318,0.21382781570988102,7942.515517578125,
2024-06-10,8450.0,8490.0,8280.0,8423.400390625,8192.40625,20223,8192.40625,,8898.6904296875,-0.07936945163652609,0.005466888454440877,0.18185991776221547,0.21356770709974632,7943.066982421875,
2024-06-11,8430.0,8622.7998046875,8349.5,8382.400390625,8152.53125,35518,8152.53125,,8898.6904296875,-0.08385044806123265,-0.0048673123357377834,0.18131266070413338,0.21374945090884678,7942.467880859375,
2024-06-12,8448.900390625,8448.900390625,8320.0,8350.75,8121.74853515625,12780,8121.74853515625,,8898.6904296875,-0.08730968906831993,-0.0037758475128506497,0.1814210237277011,0.21361681296170928,7947.417314453125,
2024-06-13,8440.0,8465.0,8226.5,8253.4501953125,8027.11767578125,27651,8027.11767578125,,8898.6904296875,-0.09794393464891638,-0.011651537715724136,0.18294985144584644,0.21453814058745307,7947.0419140625,
2024-06-14,8264.599609375,8340.0,8260.2998046875,8302.849609375,8075.162109375,37519,8075.162109375,,8898.6904296875,-0.09254488925303817,0.005985265886746083,0.18355500163998728,0.21350320901638598,7945.005341796875,
2024-06-18,8340.0,8376.0,8273.349609375,8283.599609375,8056.4404296875,18624,8056.4404296875,,8898.6904296875,-0.09464875833753184,-0.0023184277211927284,0.17817875785158352,0.21348239053565496,7942.342431640625,
2024-06-19,8348.7998046875,8373.599609375,8185.7998046875,8199.7001953125,7974.8408203125,24661,7974.8408203125,,8898.6904296875,-0.10381860304892565,-0.010128494101974694,0.17972589794232477,0.21275898894561437,7939.2603125,
2024-06-20,8200.099609375,8277.7998046875,8164.89990234375,8245.7001953125,8019.57958984375,19663,8019.57958984375,,8898.6904296875,-0.09879103524164534,0.0056099890316678724,0.1773328038073144,0.2114069592504288,7941.6158984375,
2024-06-21,8250.0,8310.0,8200.0,8226.650390625,8001.052734375,59500,8001.052734375,,8898.6904296875,-0.10087301074300015,-0.0023102028306088984,0.17554447162453649,0.2099717880808653,7942.220859375,
2024-06-24,8309.9501953125,8992.849609375,8274.5,8724.7998046875,8485.541015625,464475,8485.541015625,,8898.6904296875,-0.04642811403846181,0.06055306686937434,0.249081277359781,0.23121242148054427,7951.6879296875,7647.938298339844
2024-06-25,8730.0,8853.0,8523.099609375,8611.5498046875,8375.396484375,74272,8375.396484375,,8898.6904296875,-0.058805725342091386,-0.012980260309529257,0.25217031090519765,0.2319572308430476,7960.237841796875,7654.738049316406
2024-06-26,8611.0,8645.0,8444.0,8503.599609375,8270.4072265625,112962,8270.4072265625,,8898.6904296875,-0.07060400719514226,-0.012535437338204392,0.2549188611874456,0.23278312187483804,7967.137314453125,7660.790612792969
2024-06-27,8503.099609375,8730.0,8432.5498046875,8449.900390625,8218.1796875,72022,8218.1796875,,8898.6904296875,-0.07647313361044716,-0.006314990015819033,0.25549090370162825,0.23300345538615846,7972.473857421875,7666.3518969726565
2024-06-28,8449.0,8698.0,8449.0,8536.25,8322.8466796875,74446,8322.8466796875,,8898.6904296875,-0.06471106670694937,0.012736031112425161,0.2580432426821251,0.23232813391988713,7984.224873046875,7672.3421557617185
2024-07-01,8498.099609375,8837.4501953125,8498.0498046875,8756.400390625,8537.4921875,111072,8537.4921875,,8898.6904296875,-0.040590044685955506,0.02578991492614624,0.26551642890673155,0.23635063422770217,8001.25111328125,7679.869763183594
2024-07-02,8730.5,8965.0,8717.5,8896.4501953125,8674.041015625,71695,8674.041015625,,8898.6904296875,-0.025245221848939958,0.015994020858364655,0.2642493960078097,0.23783727554064482,8020.671826171875,7688.62685546875
2024-07-03,8855.5498046875,9349.0,8820.5498046875,9296.75,9064.3330078125,131187,9064.3330078125,,9064.3330078125,0.0,0.044995405426887736,0.28844988163638136,0.24931601405625622,8049.542021484375,7699.574169921875
2024-07-04,9300.0,9980.0,9280.0498046875,9902.900390625,9655.3310546875,499552,9655.3310546875,,9655.3310546875,0.0,0.06520038996422817,0.3365081228325869,0.2712053230904039,8087.9087109375,7713.408461914062
2024-07-05,9880.0,9899.9501953125,9550.0,9667.599609375,9425.9111328125,136490,9425.9111328125,,9655.3310546875,-0.023760958643009977,-0.023760958643009977,0.34806014823536063,0.27413909710228285,8118.843173828125,7726.082961425781
2024-07-08,9765.0,9935.0,9634.25,9905.150390625,9657.5244140625,91945,9657.5244140625,,9657.5244140625,0.0,0.024571978028069097,0.3454866626578954,0.2768822348635559,8151.9074609375,7740.163872070312
2024-07-09,9860.0,9879.0,9722.0,9848.0,9601.802734375,74520,9601.802734375,,9657.5244140625,-0.0057697684518780434,-0.0057697684518780434,0.34559556049286466,0.27590936126861737,8184.43015625,7753.75830078125
2024-07-10,9839.9501953125,9839.9501953125,9690.0,9767.7998046875,9523.6064453125,46700,9523.6064453125,,9657.5244140625,-0.013866697406946238,-0.008143917473179552,0.3411146348023321,0.2761476641032465,8216.43736328125,7767.211770019531
2024-07-11,9755.4501953125,9791.2998046875,9662.0,9773.900390625,9529.5556640625,26061,9529.5556640625,,9657.5244140625,-0.01325067838437588,0.000624681288980522,0.3388033640345582,0.2760711167154134,8247.771875,7780.8856127929685
2024-07-12,9792.0,9974.0,9693.0,9903.349609375,9655.7685546875,38090,9655.7685546875,,9657.5244140625,-0.00018181257429106257,0.013244362599293957,0.3354788501412576,0.275948375272822,8283.015595703126,7795.03796875
2024-07-15,9920.0,9920.0,9752.0,9908.75,9661.033203125,23059,9661.033203125,,9661.033203125,0.0,0.0005452334951570048,0.3343483281334196,0.27594488913301685,8318.474501953126,7809.32177734375
2024-07-16,9908.75,9910.0,9735.0,9796.900390625,9551.9794921875,42229,9551.9794921875,,9661.033203125,-0.011287996702280756,-0.011287996702280756,0.3388220726342124,0.2637773771879275,8349.263515625,7822.4529956054685
2024-07-18,9750.0498046875,9850.0,9461.2001953125,9780.7001953125,9536.185546875,38458,9536.185546875,,9661.033203125,-0.012922805835054563,-0.001653473536602279,0.33599222336999435,0.26084342475903094,8380.752998046875,7835.501408691406
2024-07-19,9680.0,9924.5,9600.0498046875,9714.349609375,9471.4931640625,37654,9471.4931640625,,9661.033203125,-0.0196190236672813,-0.006783884656449413,0.33767482039107827,0.26051876842224836,8409.13283203125,7847.671242675781
2024-07-22,9749.599609375,10075.0,9724.4501953125,9979.0,9729.52734375,77031,9729.52734375,,9729.52734375,0.0,0.027243241927952244,0.3428401888888157,0.2627351357159277,8441.302998046875,7861.200932617187
2024-07-23,9950.0,9990.2001953125,9488.2001953125,9738.150390625,9494.69921875,31007,9494.69921875,,9729.52734375,-0.024135614886867773,-0.024135614886867773,0.3471090225236843,0.2662215944130677,8468.124013671875,7873.804584960937
2024-07-24,9795.0,9870.0498046875,9478.599609375,9501.5,9263.96484375,32368,9263.96484375,,9729.52734375,-0.047850474493919326,-0.02430138856261488,0.3575775383206017,0.2694154470195598,8489.396650390625,7884.913303222656
2024-07-25,9501.5,9568.650390625,9329.0,9409.849609375,9174.6064453125,23383,9174.6064453125,,9729.52734375,-0.057034723150654054,-0.009645805003004382,0.3589131122143035,0.2697851684537199,8509.383955078125,7895.803220214843
2024-07-26,9409.849609375,9564.400390625,9377.650390625,9480.650390625,9243.63671875,17040,9243.63671875,,9729.52734375,-0.04993979746735833,0.007524058263313149,0.35822829909760495,0.26992063150471635,8530.160537109376,7907.6959936523435
2024-07-29,9481.0,9725.5,9481.0,9642.5,9401.4404296875,29885,9401.4404296875,,9729.52734375,-0.03372074536316039,0.017071604579332655,0.35659987751530636,0.26715411103587133,8554.214775390625,7920.13537109375
2024-07-30,9720.0,9720.0,9605.099609375,9675.150390625,9433.2744140625,11511,9433.2744140625,,9729.52734375,-0.03044885113332929,0.0033860752097598645,0.3566500137174714,0.2653780684082212,8580.7263671875,7933.19224609375
2024-07-31,9675.150390625,9724.0498046875,9496.349609375,9619.5,9379.0146484375,46366,9379.0146484375,,9729.52734375,-0.03602566526910067,-0.0057519545433888375,0.3574365189276626,0.26569124808960654,8608.40232421875,7946.925842285156
2024-08-01,9619.5,9850.0,9360.0,9412.4501953125,9177.142578125,51150,9177.142578125,,9729.52734375,-0.05677405963403126,-0.021523803712805933,0.36319553712657693,0.2683903575210184,8633.475400390626,7960.366140136719
2024-08-02,9412.4501953125,9558.25,9348.0,9434.599609375,9198.7373046875,33863,9198.7373046875,,9729.52734375,-0.05455455545879795,0.0023530991677054303,0.3632659617673348,0.2683622549981652,8659.426767578125,7973.079692382813
2024-08-05,9378.0,9385.0,9078.849609375,9121.400390625,8893.3671875,26071,8893.3671875,,9729.52734375,-0.08594047035461883,-0.03319696030800767,0.37922168513184745,0.2740844012382562,8678.468359375,7984.355388183594
2024-08-06,9141.400390625,9367.650390625,9117.2001953125,9189.9501953125,8960.2041015625,27023,8960.2041015625,,9729.52734375,-0.07907097796294227,0.0075153665257903235,0.33930381488644173,0.27398630277103947,8701.438623046875,7995.984719238281
2024-08-07,9354.400390625,9444.25,9150.0,9347.7998046875,9114.107421875,19537,9114.107421875,,9729.52734375,-0.0632528076783021,0.017176318593642437,0.3389651992916405,0.27275614589501096,8728.336005859375,8008.07671875
2024-08-08,9347.7998046875,9520.0,9317.599609375,9401.349609375,9166.318359375,20264,9166.318359375,,9729.52734375,-0.05788657192446156,0.005728584828250671,0.33579145166853297,0.2728508497569073,8758.917177734374,8020.921166992188
2024-08-09,9365.0,9528.0,9365.0,9454.099609375,9217.75,9605,9217.75,,9729.52734375,-0.05260043223772348,0.005610937631508106,0.33449321235698276,0.26479379900458916,8791.668798828125,8033.753371582031
2024-08-12,9453.0,9478.2001953125,9321.400390625,9374.0498046875,9139.7001953125,13984,9139.7001953125,,9729.52734375,-0.06062238458237024,-0.00846733798242516,0.3353500137838276,0.26318921346430646,8819.117919921875,8046.139887695313
2024-08-13,9257.5498046875,9448.0,9121.0,9148.900390625,8920.1806640625,38083,8920.1806640625,,9729.52734375,-0.08318458349442881,-0.024018242016580094,0.33743750212650897,0.26543026347896725,8842.815615234374,8057.475979003906
2024-08-14,9179.0498046875,9460.0,9151.0,9390.599609375,9155.837890625,56696,9155.837890625,,9729.52734375,-0.058963753618876846,0.02641843651350162,0.3425937513651183,0.2687894095603386,8870.041875,8069.871213378906
2024-08-16,9400.0,9600.0,9392.0,9585.5,9345.865234375,20441,9345.865234375,,9729.52734375,-0.03943275925129652,0.02075477373235013,0.3228061998207062,0.2703094573422736,8902.641337890625,8083.235551757813
2024-08-19,9580.0,9665.9501953125,9530.099609375,9607.650390625,9367.4609375,11623,9367.4609375,,9729.52734375,-0.03721315470505171,0.0023107227189163027,0.25979784713457194,0.26561756166964706,8933.427021484375,8095.763251953125
2024-08-20,9608.0,9797.650390625,9595.900390625,9776.5,9532.08984375,21525,9532.08984375,,9729.52734375,-0.020292609602133305,0.017574549533583284,0.2557521516081869,0.2666594254123332,8965.92193359375,8108.901833496094
2024-08-21,9749.0498046875,9800.0,9674.849609375,9746.5,9502.83984375,18400,9502.83984375,,9729.52734375,-0.023298922135782663,-0.0030685820716617185,0.245484826797134,0.2667488468363419,8993.021474609375,8123.076086425781
2024-08-22,9740.0,9900.0,9739.9501953125,9880.900390625,9633.880859375,29193,9633.880859375,,9729.52734375,-0.009830537599181621,0.013789668959977908,0.24831152380727312,0.26691699893767773,9021.850966796876,8138.821469726562
2024-08-23,9890.0,9921.349609375,9825.0498046875,9874.150390625,9627.298828125,29951,9627.298828125,,9729.52734375,-0.010507038216061804,-0.0006832170073595156,0.24706361114313635,0.2668250094053153,9051.346318359376,8154.23560546875
2024-08-26,9855.0,9925.0,9760.099609375,9911.900390625,9664.1044921875,69355,9664.1044921875,,9729.52734375,-0.006724155167159851,0.00382305200239319,0.2472538873366405,0.2668322940604915,9082.1934375,8169.516223144531
2024-08-27,9911.900390625,9997.0,9801.7998046875,9934.599609375,9686.2373046875,35085,9686.2373046875,,9729.52734375,-0.004449346564641576,0.0022902083186178146,0.2444021428087964,0.26212863438651673,9115.375830078125,8184.264870605469
2024-08-28,9985.0,10409.0,9865.099609375,9972.4501953125,9723.142578125,189405,9723.142578125,,9729.52734375,-0.0006562256725760607,0.0038100732282948524,0.24462298109102917,0.26169355491087715,9148.335439453125,8200.099873046875
2024-08-29,9950.0,10214.0,9938.25,10059.599609375,9808.11328125,62522,9808.11328125,,9808.11328125,0.0,0.008739016469445415,0.24324105465207763,0.26188339220161544,9183.368896484375,8215.833076171875
2024-08-30,10210.5,10288.0,9951.0,10057.7001953125,9806.259765625,112815,9806.259765625,,9808.11328125,-0.00018897779540771875,-0.00018897779540771875,0.2431394337929439,0.2609403511273575,9219.997275390626,8231.202023925782
2024-09-02,10199.9501953125,10748.650390625,10100.0498046875,10631.25,10365.4716796875,301690,10365.4716796875,,10365.4716796875,0.0,0.05702601475261426,0.29092426652752706,0.27548105294509145,9266.9151171875,8248.987482910155
2024-09-03,10600.0,10979.099609375,10568.5,10903.900390625,10631.306640625,201716,10631.306640625,,10631.306640625,0.0,0.025646200110549522,0.28981071069686654,0.2768648409847049,9319.5201953125,8267.786997070312
2024-09-04,10625.0,11185.0,10602.0498046875,11067.7001953125,10791.0107421875,139699,10791.0107421875,,10791.0107421875,0.0,0.015022057679366485,0.2798616811235705,0.2767597547079127,9365.62958984375,8287.066999511719
2024-09-05,10957.0,11128.599609375,10851.099609375,10895.7001953125,10623.310546875,47122,10623.310546875,,10791.0107421875,-0.015540731013905407,-0.015540731013905407,0.2731184164799909,0.27834203328792634,9410.58787109375,8305.78447265625
2024-09-06,10850.0,10897.400390625,10590.2001953125,10693.400390625,10426.068359375,71606,10426.068359375,,10791.0107421875,-0.03381911032538931,-0.01856692286549244,0.27836831208520135,0.2802683959368453,9453.70109375,8323.20061767578
2024-09-09,10650.0,10761.349609375,10260.099609375,10357.099609375,10098.173828125,72041,10098.173828125,0.4394200186335482,10791.0107421875,-0.06420500642760474,-0.03144948986979934,0.2968917289305307,0.2861821149251466,9491.3009765625,8339.037587890625
2024-09-10,10484.599609375,10525.0,10265.150390625,10343.849609375,10085.2568359375,109379,10085.2568359375,0.4285279746455135,10791.0107421875,-0.06540202054390065,-0.0012791413979748034,0.2941492907104421,0.28560689616585466,9526.5491796875,8354.53254638672
2024-09-11,10418.900390625,10516.2998046875,10271.9501953125,10314.650390625,10056.787109375,116090,10056.787109375,0.4152682655657658,10791.0107421875,-0.06804030228067981,-0.002822905457504299,0.2945384277602026,0.28570453665766077,9556.935078125,8370.103259277344
2024-09-12,10449.9501953125,10481.349609375,10262.9501953125,10393.7998046875,10133.9580078125,81548,10133.9580078125,0.4223508352077019,10791.0107421875,-0.06088889632981731,0.0076735141748760505,0.2939182936108288,0.28498823997509004,9586.13341796875,8385.041538085938
2024-09-13,10433.9501953125,10485.0,10330.2998046875,10371.2998046875,10112.01953125,84443,10112.01953125,0.4380064932233334,10791.0107421875,-0.06292192892394977,-0.002164847786579216,0.28525375968553746,0.28469561071113575,9607.0871484375,8400.238728027343
2024-09-16,10514.25,10514.25,10374.099609375,10400.0,10140.001953125,51928,10140.001953125,0.4647630818088142,10791.0107421875,-0.06032880557864506,0.002767243653804652,0.2852431547947231,0.2843246145875842,9616.78056640625,8415.215979003906
2024-09-17,10479.9501953125,10479.9501953125,10300.2001953125,10369.900390625,10110.65625,32624,10110.65625,0.47066869303070646,10791.0107421875,-0.06304826382274387,-0.0028940530051827507,0.2641959699537959,0.28430757853149136,9630.47546875,8429.894291992188
2024-09-18,10430.0,10894.400390625,10389.900390625,10793.0,10523.1767578125,203890,10523.1767578125,0.5276502184072236,10791.0107421875,-0.024820101728552868,0.04080056700696355,0.28442539101921827,0.29140296437908153,9647.788515625,8446.41005859375
2024-09-19,10850.0,10857.4501953125,10647.650390625,10766.900390625,10497.73046875,37124,10497.73046875,0.5233947700352113,10791.0107421875,-0.027178202343077995,-0.00241811856325691,0.28311829196735866,0.2915061110194373,9665.7070703125,8462.72443359375
2024-09-20,10812.349609375,11350.0,10716.0498046875,11163.400390625,10884.3173828125,116438,10884.3173828125,0.5909622599103608,10884.3173828125,0.0,0.03682576107410118,0.297894040132311,0.29678496388308645,9692.9212890625,8481.5462890625
2024-09-23,11164.2001953125,11277.0,10950.0,11085.349609375,10808.2197265625,40331,10808.2197265625,0.570296393059867,10884.3173828125,-0.0069914955227387,-0.0069914955227387,0.3002342536463228,0.2972889396205485,9718.4945703125,8500.042854003907
2024-09-24,11200.0,11280.0,10790.0,10842.0498046875,10571.0009765625,67183,10571.0009765625,0.5470710074922438,10884.3173828125,-0.02878604098266746,-0.021947994767075873,0.30811888996730824,0.30019622931505163,9736.79921875,8517.125983886719
2024-09-25,10770.0498046875,10770.0498046875,10600.0,10686.349609375,10482.03515625,38803,10482.03515625,0.5426583625832189,10884.3173828125,-0.03695980302795532,-0.008416026118032827,0.2985002679563131,0.29987220305657175,9753.2192578125,8533.877104492187
2024-09-26,10778.7998046875,10866.400390625,10590.0,10815.2998046875,10608.51953125,55743,10608.51953125,0.5542941159343089,10884.3173828125,-0.025339012256112126,0.012066776452718031,0.29262661262902856,0.29887146812972915,9774.35005859375,8548.7462890625
2024-09-27,10815.2998046875,10897.0,10356.0,10543.4501953125,10341.8681640625,95510,10341.8681640625,0.5199082205657235,10884.3173828125,-0.04983768845316705,-0.02513558714785913,0.30136544986713637,0.3019616779073725,9790.4637109375,8562.966428222657
2024-09-30,10540.0,10556.0,10287.7001953125,10494.7001953125,10294.0498046875,62295,10294.0498046875,0.4863474499656548,10884.3173828125,-0.05423101489645055,-0.004623764161021393,0.3022826666982172,0.30207772412297346,9806.91484375,8576.121999511719
2024-10-01,10514.349609375,10638.0498046875,10378.5,10605.7001953125,10402.9287109375,28112,10402.9287109375,0.5019020155683158,10884.3173828125,-0.04422773196922425,0.01057687774158822,0.3000880349303026,0.30231867833229115,9820.38287109375,8588.842580566406
2024-10-03,10540.0,10750.0,10393.25,10519.099609375,10317.9833984375,46736,10317.9833984375,0.4661377961644515,10884.3173828125,-0.052032108625323814,-0.008165519043756397,0.30135773164080537,0.30113502348292437,9836.8485546875,8601.606000976562
2024-10-04,10411.0,10570.849609375,10195.0498046875,10368.349609375,10170.115234375,29133,10170.115234375,0.4479939984612402,10884.3173828125,-0.06561754158008126,-0.01433111087239125,0.30355605807942393,0.302229321733824,9854.9715625,8614.438049316406
2024-10-07,10499.0,10499.0,10174.4501953125,10335.0,10137.4033203125,28090,10137.4033203125,0.45360607191027347,10884.3173828125,-0.06862295872403146,-0.003216474278672221,0.30383796280041336,0.3005018550892483,9874.2275,8627.009768066406
2024-10-08,10160.0,10385.7998046875,10160.0,10332.75,10135.1953125,23825,10135.1953125,0.4392043415035247,10884.3173828125,-0.06882582011945404,-0.000217808026644839,0.30384110279443205,0.30000819738699297,9892.058671875,8637.64912109375
2024-10-09,10424.0,10591.2001953125,10315.0,10473.400390625,10273.15625,16202,10273.15625,0.4683020910478297,10884.3173828125,-0.056150616645706086,0.013612065011697316,0.30577771499946077,0.2983532035500289,9909.49298828125,8648.528461914062
2024-10-10,10473.400390625,10801.900390625,10434.2998046875,10747.0498046875,10541.57421875,29630,10541.57421875,0.5355350701950143,10884.3173828125,-0.031489633387917215,0.02612809171962116,0.3135790753341356,0.3005138271448345,9931.658984375,8662.480107421876
2024-10-11,10830.0,10897.0,10729.0,10851.099609375,10643.634765625,19967,10643.634765625,0.539529151144422,10884.3173828125,-0.02211278932085936,0.009681717811507395,0.3137438936609657,0.30060992739971293,9956.95138671875,8677.307744140626
2024-10-14,10880.0,10880.0,10609.9501953125,10670.25,10466.2421875,31733,10466.2421875,0.5342123288896841,10884.3173828125,-0.0384107868788065,-0.01666654127384304,0.31875516339792404,0.3016603979257269,9982.73337890625,8691.575446777344
2024-10-15,10720.0,10818.4501953125,10487.4501953125,10707.349609375,10502.6337890625,32315,10502.6337890625,0.5835594073477901,10884.3173828125,-0.035067297316478396,0.003477045620630115,0.27353740813660626,0.30108736968678806,10008.81130859375,8705.819409179687
2024-10-16,10707.349609375,10732.150390625,10399.5,10505.150390625,10304.2998046875,33502,10304.2998046875,0.5879439039817627,10884.3173828125,-0.053289293000671756,-0.01888421403225027,0.2684797704816275,0.3031718957756358,10037.0299609375,8719.687827148438
2024-10-17,10480.0,10550.0,10219.150390625,10402.75,10203.857421875,36005,10203.857421875,0.5330252782095175,10884.3173828125,-0.06251746774786437,-0.009747618442429995,0.2652913897096243,0.3003703819089153,10061.90302734375,8732.593759765625
2024-10-18,10306.0,10328.099609375,10004.849609375,10240.400390625,10044.6123046875,31707,10044.6123046875,0.5131466203499484,10884.3173828125,-0.07714816176262773,-0.01560636439765517,0.2653211490667884,0.3018823430471177,10080.513125,8744.441843261719
2024-10-21,10241.349609375,10574.9501953125,10165.9501953125,10304.2998046875,10107.2900390625,57230,10107.2900390625,0.5234813489595003,10884.3173828125,-0.0713896256807992,0.006239935646470851,0.26135453217700827,0.30169278404187744,10099.33255859375,8756.457670898437
2024-10-22,10367.4501953125,10489.0498046875,10101.0498046875,10296.75,10099.884765625,39686,10099.884765625,0.5084118797250075,10884.3173828125,-0.07206998745058679,-0.0007326665613512917,0.24479713310783985,0.3015545695385251,10116.97525390625,8769.448442382813
2024-10-23,10339.849609375,10382.349609375,10138.5498046875,10216.849609375,10021.51171875,22608,10021.51171875,0.5190026535847077,10884.3173828125,-0.07927053518532656,-0.007759796145570208,0.24583727105477945,0.30110374284434205,10134.611484375,8782.235295410157
2024-10-24,10218.7998046875,10346.5,10072.7998046875,10117.2998046875,9923.865234375,19752,9923.865234375,0.4920168514172161,10884.3173828125,-0.08824183590549795,-0.00974368808972259,0.2473180849295123,0.30175913627969525,10154.68517578125,8794.10087890625
2024-10-25,10100.0,10299.900390625,10010.0,10156.4501953125,9962.2666015625,23577,9962.2666015625,0.49529765975362094,10884.3173828125,-0.08471369850956545,0.0038695978109901663,0.24649312917148022,0.3016587812492349,10170.81375,8805.895385742188
2024-10-28,10310.0,10371.150390625,10140.150390625,10223.849609375,10028.3779296875,18055,10028.3779296875,0.5073552687077618,10884.3173828125,-0.07863969994816766,0.006636173349810814,0.24728084371205608,0.3009691818756921,10184.46400390625,8816.6313671875
2024-10-29,10342.75,10387.0498046875,10200.0,10355.25,10157.2646484375,24098,10157.2646484375,0.5212794027351626,10884.3173828125,-0.0667981931070013,0.012852199992229085,0.2500306081053719,0.3014094467911775,10200.260078125,8827.493637695312
2024-10-30,10325.0498046875,10398.0,10135.0,10223.2998046875,10027.8388671875,29790,10027.8388671875,0.5027487690705434,10884.3173828125,-0.07868922648079624,-0.012742188544817457,0.2526961972372134,0.30241451541686803,10210.17505859375,8838.408308105469
2024-10-31,10226.0,10337.4501953125,10064.0498046875,10249.5,10053.537109375,41264,10053.537109375,0.4651199362651135,10884.3173828125,-0.07632819259289436,0.002562689980150079,0.22118298686593718,0.28612638288496306,10221.18900390625,8849.550190429687
2024-11-01,10300.0,10350.0,10251.0,10332.5498046875,10135.0,2117,10135.0,0.46791015120977786,10884.3173828125,-0.06884376451533403,0.008102908432996658,0.2228689106687944,0.2851649715581911,10231.21138671875,8861.281499023438
2024-11-04,10332.5498046875,10699.0,10110.0498046875,10658.25,10454.47265625,110638,10454.47265625,0.5678598528036161,10884.3173828125,-0.03949211617453119,0.03152172237296491,0.21543678933224752,0.28819770568738207,10247.75486328125,8874.495407714843
2024-11-05,10649.9501953125,10715.0,10380.099609375,10600.349609375,10397.6787109375,39999,10397.6787109375,0.6033913116744758,10884.3173828125,-0.04471007733047683,-0.005432502162464159,0.21512311808507914,0.2881227250257526,10262.42634765625,8887.380607910156
2024-11-06,10600.0,10736.400390625,10540.7998046875,10590.2001953125,10387.7236328125,23227,10387.7236328125,0.5872516745780334,10884.3173828125,-0.04562470318847689,-0.0009574327503049096,0.20593843497783346,0.28769349949704753,10276.45607421875,8900.165458984375
2024-11-07,10725.0,10725.0,10400.0,10498.849609375,10298.12109375,39553,10298.12109375,0.5584368600203427,10884.3173828125,-0.05385696396433337,-0.0086258108349615,0.20600937738666336,0.2856037219009426,10287.95564453125,8911.669526367188
2024-11-08,10498.849609375,10618.0,10390.0498046875,10488.2998046875,10287.771484375,29146,10287.771484375,0.5271668601475403,10884.3173828125,-0.0548078375020109,-0.0010049997743065697,0.2025297590383803,0.2847014555943969,10297.54880859375,8923.342861328125
2024-11-11,10550.0,10897.7998046875,10390.099609375,10851.4501953125,10643.978515625,57715,10643.978515625,0.6235124818471824,10884.3173828125,-0.022081207184110663,0.034624314098636866,0.21422460077003005,0.28077419596825764,10314.30318359375,8937.179455566406
2024-11-12,10850.0,10888.7001953125,10624.0,10794.150390625,10587.7744140625,39197,10587.7744140625,0.5894044696150966,10884.3173828125,-0.027244976264498955,-0.005280365934598019,0.2143840435988978,0.2597962902632531,10318.74923828125,8951.218403320312
2024-11-13,10655.0,10750.5,10469.0498046875,10528.650390625,10327.3505859375,21623,10327.3505859375,0.5339615707720113,10884.3173828125,-0.051171495398922295,-0.024596654399730133,0.22475372412599967,0.26002689969566833,10312.6701171875,8961.652900390625
2024-11-14,10530.0,11154.5,10249.0,10850.099609375,10642.654296875,106278,10642.654296875,0.5631698700805432,10884.3173828125,-0.02220287018817657,0.030530939016134573,0.24020779136611056,0.26173247998345905,10309.70298828125,8975.368842773438
2024-11-18,10860.0,11005.099609375,10605.349609375,10684.75,10480.4658203125,39537,10480.4658203125,0.5252292125817233,10884.3173828125,-0.037103986248850584,-0.015239476171853394,0.2407301432760135,0.2629248109931842,10306.84609375,8987.939516601562
2024-11-19,10760.0,10799.900390625,10520.0498046875,10555.2998046875,10353.4912109375,18870,10353.4912109375,0.49293091601497463,10884.3173828125,-0.04876981745435238,-0.012115359331539177,0.24348666010124728,0.26340405340538364,10305.39455078125,8999.857082519531
2024-11-21,10626.599609375,10657.349609375,10352.75,10420.9501953125,10221.7099609375,33961,10221.7099609375,0.4857534100934835,10884.3173828125,-0.06087726024245932,-0.012728194510928437,0.24662775811015397,0.26441283557411527,10307.8652734375,9010.863603515625
2024-11-22,10524.0,10615.0,10400.400390625,10458.2998046875,10258.3447265625,21513,10258.3447265625,0.47754314932869435,10884.3173828125,-0.05751142990726066,0.0035840153716941714,0.24365389675906507,0.26363041064472253,10311.32703125,9022.028491210938
2024-11-25,10498.9501953125,10659.9501953125,10300.0,10591.5498046875,10389.046875,99760,10389.046875,0.49897229417826394,10884.3173828125,-0.04550312990639038,0.012741056371313508,0.23411282837065134,0.26438475138953393,10317.9722265625,9033.289365234376
2024-11-26,10675.0,10680.0,10415.4501953125,10476.25,10275.953125,35282,10275.953125,0.4708793502541364,10884.3173828125,-0.05589365289670556,-0.01088586386804613,0.23401964376822368,0.26433292433496364,10320.81212890625,9044.103420410156
2024-11-27,10476.25,10530.0,10154.0,10221.849609375,10026.416015625,39102,10026.416015625,0.4441782191921868,10884.3173828125,-0.07881995140478149,-0.02428359747651143,0.23941099601353016,0.2676550944903178,10319.10005859375,9053.088430175781
2024-11-28,10320.0,10395.849609375,10178.2998046875,10326.4501953125,10129.0166015625,27443,10129.0166015625,0.41737870198523086,10884.3173828125,-0.06939349108311565,0.010233027013601736,0.24138012560992206,0.26782304806879476,10318.8803515625,9063.223972167969
2024-11-29,10378.900390625,10551.0,10120.0498046875,10468.25,10268.10546875,56323,10268.10546875,0.45181860489938064,10884.3173828125,-0.05661465872316118,0.013731724673651247,0.2389915096910959,0.2649974114718446,10322.0293359375,9073.461198730469
2024-12-02,10301.0,10451.650390625,10200.0,10403.2998046875,10204.396484375,44838,10204.396484375,0.4282766547553649,10884.3173828125,-0.0624679412152358,-0.006204551031238625,0.2379552214921342,0.2619129699795872,10315.65373046875,9082.60473388672
2024-12-03,10400.0,10706.0,10250.0498046875,10683.0,10478.75,61089,10478.75,0.4604542537228671,10884.3173828125,-0.03726162776665576,0.026885814956826737,0.2453233272393352,0.26195330715998083,10315.27412109375,9092.817570800782
2024-12-04,10683.0,10713.9501953125,10480.0,10607.150390625,10404.349609375,38886,10404.349609375,0.4410409743735684,10884.3173828125,-0.044097186489197804,-0.007100120780150321,0.24614124821839012,0.261681006895761,10305.674765625,9102.852922363281
2024-12-05,10650.0,10790.0,10481.0,10742.9501953125,10537.5537109375,30835,10537.5537109375,0.45649816453874825,10884.3173828125,-0.03185901877710562,0.01280273218063277,0.2483902419337037,0.26217186995963215,10300.2614453125,9113.624567871093
2024-12-06,10700.0,10766.0,10601.0,10675.849609375,10471.7353515625,22898,10471.7353515625,0.47076044206245515,10884.3173828125,-0.03790610074468348,-0.006246075814226537,0.24793648465027063,0.26117481648462015,10298.2761328125,9123.375612792968
2024-12-09,10700.0,11244.4501953125,10675.849609375,11122.0,10909.3564453125,127070,10909.3564453125,0.5346039618955671,10909.3564453125,0.0,0.04179069457525042,0.27136055877772886,0.26979412797592645,10306.82255859375,9135.302116699218
2024-12-10,11079.0498046875,11268.349609375,10925.0,11197.75,10983.658203125,74434,10983.658203125,0.5352365794531317,10983.658203125,0.0,0.006810828684988612,0.2715479530028599,0.2696228578508275,10314.32533203125,9147.577277832032
2024-12-11,11350.0,11545.900390625,11031.0498046875,11167.75,10954.232421875,84627,10954.232421875,0.5359678443352089,10983.658203125,-0.0026790510689441716,-0.0026790510689441716,0.27192480883165127,0.2668170944363187,10326.5726171875,9159.629206542968
2024-12-12,11198.75,11450.0498046875,11119.9501953125,11273.4501953125,11057.91015625,54988,11057.91015625,0.44837849989415335,11057.91015625,0.0,0.009464627952202376,0.27104366290957915,0.26710086166327524,10341.84982421875,9171.754572753905
2024-12-13,11276.7001953125,11289.099609375,11070.0,11131.75,10918.919921875,35484,10918.919921875,0.45627533240854445,11057.91015625,-0.012569304001483705,-0.012569304001483705,0.2709569941842428,0.26153596226386927,10352.1696484375,9183.470681152343
2024-12-16,11197.9501953125,11297.650390625,10800.0,11023.5,10812.740234375,31261,10812.740234375,0.41104413161670306,11057.91015625,-0.022171451785256924,-0.009724376427313053,0.27345061491913825,0.2621742783027523,10362.06478515625,9194.70305908203
2024-12-17,11025.0,11340.0,10966.7998046875,11270.0,11054.52734375,71749,11054.52734375,0.40664093255183276,11057.91015625,-0.0003059178861285483,0.022361316755426186,0.2790226168884842,0.2631533103029449,10379.75302734375,9207.746877441406
2024-12-18,11281.0498046875,11355.0,11050.0,11184.0498046875,10970.21875,52623,10970.21875,0.41272323229350727,11057.91015625,-0.007930197027368302,-0.00762661225834016,0.2671216886275693,0.263606478234262,10396.4093359375,9220.019514160156
2024-12-19,11025.0,11524.0,10849.849609375,11331.5,11114.8505859375,117845,11114.8505859375,0.46176761959902235,11114.8505859375,0.0,0.013184043019880631,0.26822372553908747,0.2641933203501056,10416.00244140625,9232.789675292968
2024-12-20,11331.5,11331.5498046875,10651.400390625,10746.75,10541.2802734375,65090,10541.2802734375,0.3828148889836591,11114.8505859375,-0.05160396067093165,-0.05160396067093165,0.3105041694689521,0.27860058620877537,10421.364921875,9243.174377441406
2024-12-23,10746.75,11220.0,10746.75,11115.150390625,10902.63671875,87126,10902.63671875,0.36158294032666993,11114.8505859375,-0.019092822305321167,0.03428012878312958,0.32394699334925064,0.2804131196635766,10428.586171875,9255.354685058594
2024-12-24,11115.0,11210.0,10920.0498046875,11048.599609375,10837.359375,29202,10837.359375,0.3383937016914542,11114.8505859375,-0.024965806673873048,-0.005987298800641305,0.3246835742488463,0.2777797965249537,10432.4606640625,9265.048029785155
2024-12-26,11048.599609375,11259.0,10916.099609375,11202.0498046875,10987.8759765625,42464,10987.8759765625,0.4175627025647972,11114.8505859375,-0.011423870109027678,0.013888678630489704,0.3118527128265431,0.27670451388079353,10442.89333984375,9276.492062988282
2024-12-27,11094.0,11398.0,11094.0,11300.900390625,11084.8359375,57315,11084.8359375,0.44369378135023196,11114.8505859375,-0.0027004095291640606,0.008824267869815605,0.31196650345674826,0.27694315382758605,10454.5373828125,9288.85247314453
2024-12-30,11300.0,13238.0,11211.9501953125,12630.7998046875,12389.30859375,685958,12389.30859375,0.6274522694871654,12389.30859375,0.0,0.1176808266360505,0.44977420455017797,0.33700719868915907,10496.23755859375,9308.364748535156
2024-12-31,12488.0,12488.0,11650.0498046875,11886.75,11659.484375,187495,11659.484375,0.5233506816908662,12389.30859375,-0.05890758255211859,-0.05890758255211859,0.4817418307940672,0.3525132265176827,10525.35009765625,9324.27677001953
2025-01-01,11900.0,12045.599609375,11711.0,11843.099609375,11616.66796875,60912,11616.66796875,0.5425919530831886,12389.30859375,-0.062363498265736284,-0.0036722384003365915,0.4789949731224144,0.3521424525877115,10556.7912109375,9340.222478027345
2025-01-02,11863.25,12033.2998046875,11835.599609375,11918.9501953125,11691.0693359375,39204,11691.0693359375,0.533723479828303,12389.30859375,-0.05635821018815679,0.006404708078740606,0.476627746983176,0.35217104938299576,10588.466796875,9356.778474121094
2025-01-03,11937.0,11996.7001953125,11525.0,11607.9501953125,11386.0146484375,57648,11386.0146484375,0.48352067333100446,12389.30859375,-0.0809806243601543,-0.02609296709602804,0.4823605852524687,0.3553716280715082,10614.18939453125,9371.91617919922
2025-01-06,11705.0,11705.0,10951.9501953125,11025.9501953125,10815.1435546875,60656,10815.1435546875,0.4038121448110783,12389.30859375,-0.1270583444710236,-0.05013792019214913,0.507283620270934,0.3659491645971324,10630.06203125,9385.294404296876
2025-01-07,11136.2001953125,11323.0,11045.0,11101.2998046875,10889.0517578125,46066,10889.0517578125,0.4515386554039875,12389.30859375,-0.12109286200961455,0.006833769958880076,0.5065098906806241,0.3660385640087404,10649.36576171875,9399.713249511718
2025-01-08,11200.9501953125,11764.9501953125,11138.7998046875,11270.7998046875,11055.3115234375,220364,11055.3115234375,0.4811230596600504,12389.30859375,-0.10767324586502414,0.015268525609285932,0.5063783596128347,0.3665660229305279,10671.22666015625,9414.901391601563
2025-01-09,11250.0,11424.900390625,11117.650390625,11168.900390625,10955.359375,32000,10955.359375,0.450897129468939,12389.30859375,-0.11574085897524422,-0.009041097415084076,0.501162860440166,0.36698666518795814,10689.7662890625,9429.75244140625
2025-01-10,11200.2001953125,11294.4501953125,10680.0,10827.849609375,10620.830078125,42116,10620.830078125,0.39685912102551213,12389.30859375,-0.14274230900319484,-0.030535675318729583,0.5102004134910941,0.35862198843898435,10699.03759765625,9442.958559570312
2025-01-13,10827.849609375,10846.650390625,10245.099609375,10314.7998046875,10117.58984375,45192,10117.58984375,0.2837655957067431,12389.30859375,-0.18336122091155338,-0.04738238260788008,0.5284800599781594,0.36489839228413634,10700.8326171875,9454.010517578125
2025-01-14,10499.0,10717.25,10315.0498046875,10620.599609375,10417.541015625,26276,10417.541015625,0.30466977951055996,12389.30859375,-0.1591507357496682,0.02964650440542327,0.5349782137883409,0.3674480182762116,10708.1126953125,9466.209672851563
2025-01-15,10600.0,10970.0,10600.0,10849.150390625,10641.7236328125,36677,10641.7236328125,0.3565140590295315,12389.30859375,-0.14105589086860737,0.02151972493808807,0.5329640571184477,0.3682793283133546,10718.24716796875,9478.594125976562
2025-01-16,11099.0,11099.9501953125,10761.0498046875,10937.349609375,10728.236328125,23836,10728.236328125,0.3709924710136929,12389.30859375,-0.13407303991628372,0.008129575461417682,0.5327684536545338,0.3671182110355992,10723.72244140625,9491.322875976562
2025-01-17,10937.0,10999.9501953125,10780.0,10802.099609375,10595.572265625,15135,10595.572265625,0.3603708178424678,12389.30859375,-0.1447809871351401,-0.012365878084938275,0.5331452679895835,0.3637778783503919,10727.6803125,9504.929353027344
2025-01-20,10843.9501953125,11057.9501953125,10800.0,10861.7998046875,10654.130859375,21529,10654.130859375,0.36386999578643864,12389.30859375,-0.14005444462416083,0.005526704200770727,0.5329009275295613,0.36384653454408045,10733.00845703125,9517.970568847657
2025-01-21,10910.0,11022.5498046875,10665.5498046875,10797.0,10590.5693359375,20940,10590.5693359375,0.3541821557392586,12389.30859375,-0.14518479737601375,-0.005965904143327649,0.5190152895786746,0.36397473414658177,10738.857421875,9530.038461914062
2025-01-22,10900.150390625,11423.4501953125,10890.7998046875,11286.400390625,11070.6142578125,376194,11070.6142578125,0.4137355203152535,12389.30859375,-0.10643808941870558,0.04532758406538551,0.5354629491693259,0.37135788631572036,10754.51427734375,9544.443603515625
2025-01-23,11200.0498046875,11365.0,11082.7001953125,11198.2998046875,10984.197265625,42202,10984.197265625,0.37348690226923287,12389.30859375,-0.11341321571680218,-0.007805979882870129,0.5359584910622199,0.3716245882492229,10761.31865234375,9558.719855957032
2025-01-24,11160.0498046875,11310.0,11101.400390625,11290.099609375,11074.2412109375,28427,11074.2412109375,0.39244256400955857,12389.30859375,-0.10614534078809756,0.008197589968116592,0.5357895712885603,0.3718010526622865,10771.04798828125,9574.582060546874
2025-01-27,11286.0,11307.9501953125,11102.150390625,11193.2001953125,10979.1953125,33246,10979.1953125,0.39388976740331083,12389.30859375,-0.1138169471346735,-0.008582610458550244,0.5350629132383029,0.3721021552964026,10784.0848828125,9589.624013671875
2025-01-28,11150.0,11328.2001953125,10986.099609375,11029.2998046875,10818.4287109375,80284,10818.4287109375,0.3905462415481835,12389.30859375,-0.12679318389122674,-0.014642840115929534,0.5360862115446761,0.3669174868118643,10787.60037109375,9603.655219726563
2025-01-29,11029.2998046875,11498.0,11029.2998046875,11426.849609375,11208.376953125,49369,11208.376953125,0.3601654471759572,12389.30859375,-0.09531860730474828,0.03604481321703035,0.5423526543711232,0.3716456588477785,10802.15859375,9619.957600097656
2025-01-30,11601.2001953125,11867.5,11106.099609375,11206.0498046875,10991.798828125,101370,10991.798828125,0.39146102763821666,12389.30859375,-0.11279965746676113,-0.01932288019092865,0.5450246384648977,0.368177837897453,10814.92474609375,9635.289426269532
2025-01-31,11250.0,11849.9501953125,11193.099609375,11559.7001953125,11338.6875,81560,11338.6875,0.4233261738888141,12389.30859375,-0.08480062352147755,0.0315588628666863,0.5512703797858546,0.3716299830830964,10837.264296875,9652.226101074219
2025-02-01,11561.9501953125,11845.25,11514.0498046875,11754.0,11529.2724609375,25068,11529.2724609375,0.44658773479454617,12389.30859375,-0.06941760521215523,0.01680837935938362,0.5295170959771093,0.3705700970821182,10862.6828515625,9671.195983886719
2025-02-03,11700.0,12419.4501953125,11681.099609375,12205.0,11971.650390625,100514,11971.650390625,0.4926489689294111,12389.30859375,-0.03371117927724354,0.03836997791372587,0.5317099730586368,0.37536062558713684,10894.334921875,9692.623334960937
2025-02-04,12205.0,12368.849609375,11560.0,11735.849609375,11511.46875,54181,11511.46875,0.4343853036319405,12389.30859375,-0.07085462736740944,-0.03843928160359311,0.5449759694870396,0.38090310279489226,10919.045234375,9711.665651855468
2025-02-05,11771.7998046875,11855.0,11325.2001953125,11381.900390625,11164.287109375,101219,11164.287109375,0.37206128017030893,12389.30859375,-0.09887730821338836,-0.030159630205745858,0.5519357363958082,0.38197746817024847,10941.80265625,9729.382971191406
2025-02-06,11481.900390625,11711.849609375,11360.0,11424.400390625,11205.974609375,74724,11205.974609375,0.38121266523890185,12389.30859375,-0.09551251189044985,0.0037340046517608805,0.5515139478314597,0.381876849521365,10963.34181640625,9746.727861328125
2025-02-07,11440.0,11478.5498046875,11200.0,11271.150390625,11055.6552734375,167122,11055.6552734375,0.3434316452511712,12389.30859375,-0.10764550016820829,-0.013414213504619354,0.4272451019175797,0.3823232258128005,10979.0928125,9762.610197753906
2025-02-10,11262.599609375,11700.0,11238.5498046875,11523.2001953125,11302.884765625,84954,11302.884765625,0.39508921629911153,12389.30859375,-0.08769043243244945,0.022362264928927233,0.3995880718728162,0.3836705656983775,11001.062578125,9779.103071289062
2025-02-11,11500.0,11628.400390625,11340.849609375,11513.599609375,11293.46875,87425,11293.46875,0.37379097728712285,12389.30859375,-0.08845044382079681,-0.0008330630471997669,0.3994909794914185,0.3827774620940372,11017.356953125,9795.692075195313
2025-02-12,11480.0498046875,11994.599609375,11250.0,11877.099609375,11650.0185546875,88894,11650.0185546875,0.39093248620157905,12389.30859375,-0.05967161391358411,0.031571327869260646,0.4098675257632961,0.3859899034103273,11042.27033203125,9814.3259375
2025-02-13,11639.5498046875,12376.349609375,11635.099609375,12142.650390625,11910.4921875,102223,11910.4921875,0.4118343245953564,12389.30859375,-0.03864754862039255,0.02235821613414468,0.40689754532415195,0.38749568992258354,11069.7291015625,9834.064248046874
2025-02-14,12100.2001953125,12250.0,11851.0498046875,12075.2001953125,11844.33203125,120567,11844.33203125,0.41049637775628134,12389.30859375,-0.04398764938141286,-0.00555477936666926,0.37683276822201645,0.38720851659921884,11097.18103515625,9853.817995605468
2025-02-17,12032.599609375,12094.0,11602.0498046875,12013.650390625,11783.958984375,94605,11783.958984375,0.4056594608233379,12389.30859375,-0.048860645030698424,-0.005097209932625302,0.3774485241394507,0.3851901535451864,11114.6730859375,9873.29735107422
2025-02-18,12012.0,12245.0,11849.900390625,11994.150390625,11764.8330078125,33973,11764.8330078125,0.3806016083120378,12389.30859375,-0.05040439353109083,-0.0016230518612514455,0.37581366964763746,0.3849768104551063,11130.29658203125,9892.058872070313
2025-02-19,11991.0,12475.0,11636.0,11732.099609375,11507.791015625,78087,11507.791015625,0.35003705620341696,12389.30859375,-0.07115147479413797,-0.02184833325018809,0.3809833914745898,0.3857621945202582,11141.36775390625,9909.789270019532
2025-02-20,11740.0,12586.599609375,11730.0,12454.2998046875,12216.18359375,118067,12216.18359375,0.43237417461162786,12389.30859375,-0.013973741850883958,0.061557650565878586,0.40551858630795873,0.39869786581191385,11164.53322265625,9930.607680664063
2025-02-21,12440.0,12569.0,12125.0,12207.849609375,11974.4453125,45778,11974.4453125,0.40152858091058086,12389.30859375,-0.0334855878446102,-0.019788363476599735,0.3817404477787964,0.39883473255587704,11185.64373046875,9949.874812011718
2025-02-24,12407.849609375,12603.900390625,11871.2998046875,12001.849609375,11772.3837890625,151381,11772.3837890625,0.3636749896069298,12389.30859375,-0.04979493407717028,-0.01687439527796497,0.38041185271813166,0.3996055186204467,11204.8366015625,9967.968488769531
2025-02-25,12053.0,12097.25,11561.099609375,11642.0498046875,11419.462890625,69293,11419.462890625,0.33160735932239493,12389.30859375,-0.07828085770777038,-0.029978711598358854,0.3893983849366525,0.4021040384636742,11212.1353125,9984.064138183594
2025-02-27,11759.0,12449.0,11759.0,12068.650390625,11837.9072265625,250322,11837.9072265625,0.3819217257923211,12389.30859375,-0.044506225913661046,0.03664308382498693,0.40147226652416024,0.40626446275812533,11229.48908203125,10002.377468261719
2025-02-28,11854.150390625,12000.0,11202.0,11574.349609375,11353.056640625,182651,11353.056640625,0.3442309164334654,12389.30859375,-0.08364082186537469,-0.040957457822406895,0.41949535798376447,0.4125787468170851,11234.253203125,10018.118713378906
2025-03-03,11594.75,11836.099609375,11303.650390625,11346.75,11129.80859375,60270,11129.80859375,0.3069765052290876,12389.30859375,-0.10166023313321748,-0.019664135742628486,0.4243142755411602,0.4138248319179689,11246.02376953125,10032.774113769532
2025-03-04,11343.75,11444.9501953125,11082.650390625,11209.150390625,10994.8388671875,69989,10994.8388671875,0.2843210083002159,12389.30859375,-0.11255428146054614,-0.012126868618234199,0.4256675936184678,0.41402729457199305,11247.8678125,10047.209833984374
2025-03-05,11225.0,11595.0,11225.0,11560.0,11338.982421875,40281,11338.982421875,0.33961804832867304,12389.30859375,-0.08477681897477762,0.031300463685242974,0.41495088650910006,0.41701089060206775,11257.9002734375,10063.928662109374
2025-03-06,11676.099609375,12095.0,11299.0,11361.9501953125,11144.71875,139333,11144.71875,0.3163195852994074,12389.30859375,-0.1004567635338307,-0.017132372610458302,0.41756760448400776,0.4181216365688638,11261.03712890625,10080.03481201172
2025-03-07,11450.150390625,11907.9501953125,11435.0498046875,11774.9501953125,11549.8232421875,138683,11549.8232421875,0.297923928632845,12389.30859375,-0.06775885395138137,0.03634945854398519,0.42968788136619385,0.42175901038102115,11270.336875,10098.278083496094
2025-03-10,11838.099609375,12015.0,11536.0498046875,11637.2001953125,11414.70703125,83095,11414.70703125,0.31217565815847537,12389.30859375,-0.07866472572905758,-0.011698552272554896,0.4304334865629698,0.4216609176065851,11250.84484375,10115.645180664062
2025-03-11,11587.2001953125,11705.0,11315.5498046875,11384.5498046875,11166.8857421875,78819,11166.8857421875,0.2965522832463665,12389.30859375,-0.09866756020422096,-0.021710700798893923,0.43323658515864505,0.4234863374027652,11240.99287109375,10132.421154785156
2025-03-12,11454.0,11582.0498046875,11283.7998046875,11458.2998046875,11239.2255859375,63518,11239.2255859375,0.3243100714823408,12389.30859375,-0.09282866748453411,0.00647806787139471,0.42100163006713576,0.4234234858577082,11233.4440234375,10149.771091308594
2025-03-13,11543.9501953125,11589.9501953125,11285.25,11320.2001953125,11103.767578125,40038,11103.767578125,0.3098575778207091,12389.30859375,-0.10376212731302159,-0.012052254559423048,0.41855776852618876,0.42094521734715873,11221.69798828125,10167.103630371093
2025-03-17,11442.849609375,11722.400390625,11311.2998046875,11566.599609375,11345.455078125,85256,11345.455078125,0.3462378619541826,12389.30859375,-0.08425438011541575,0.02176626071281751,0.413206252695739,0.4222245592134439,11220.886796875,10185.930061035157
2025-03-18,11566.599609375,11566.599609375,11566.599609375,11566.599609375,11345.455078125,0,11345.455078125,0.35389390521160324,12389.30859375,-0.08425438011541575,0.0,0.4102478490247565,0.42221301116420484,11231.49302734375,10203.821115722656
2025-03-19,11699.9501953125,11900.0,11527.5,11870.0498046875,11643.103515625,67825,11643.103515625,0.3929700597389181,12389.30859375,-0.06022975959299581,0.026235037329960464,0.401749566110714,0.42391289361509865,11246.5740625,10223.360153808593
2025-03-20,11870.0498046875,12049.849609375,11802.9501953125,11998.7001953125,11769.2939453125,51283,11769.2939453125,0.44594828471046233,12389.30859375,-0.05004433005650344,0.010838212467848773,0.3865376509924925,0.42416107551193594,11260.8537109375,10243.233999023438
2025-03-21,12005.0,12390.0,11950.0,12273.5498046875,12038.8896484375,161147,12038.8896484375,0.5038681427346041,12389.30859375,-0.028283979098662093,0.02290670148759233,0.3798789118001528,0.4220449076317545,11282.52431640625,10264.848986816407
2025-03-24,12400.0,12550.0,12338.0,12435.5,12197.7431640625,41834,12197.7431640625,0.5213551101492886,12389.30859375,-0.015462156603649246,0.013195030460771529,0.3810706567376663,0.42231017341223753,11314.062578125,10286.696818847657
2025-03-25,12570.0,12795.0,12451.0,12521.5,12282.0986328125,46286,12282.0986328125,0.5381175725006124,12389.30859375,-0.008653425663445291,0.006915661988894151,0.3779541865408583,0.4199935186095804,11357.35275390625,10308.570590820313
2025-03-26,12521.099609375,12800.0,12460.099609375,12599.0498046875,12358.166015625,63984,12358.166015625,0.5487187369854085,12389.30859375,-0.0025136655439118583,0.0061933538466529825,0.37393180473154297,0.41732239281516403,11396.16525390625,10329.622106933593
2025-03-27,12599.0498046875,12681.0,12203.349609375,12462.5498046875,12224.2763671875,116843,12224.2763671875,0.5459681157311789,12389.30859375,-0.013320535630677033,-0.010834103399178896,0.3759974577491884,0.41687200566844823,11427.81630859375,10349.781457519532
2025-03-28,12562.5498046875,12899.9501953125,12434.7001953125,12473.0498046875,12234.5751953125,51564,12234.5751953125,0.5335948856524679,12389.30859375,-0.012489268248234486,0.0008424897978127621,0.36606094269135947,0.41618880160037147,11457.9430859375,10370.191677246094
2025-04-01,12499.0,12532.0,11806.099609375,11911.4501953125,11683.712890625,57842,11683.712890625,0.4309800187518187,12389.30859375,-0.056951983864616085,-0.0450250454873623,0.38492679030246835,0.4229214503307129,11479.7058984375,10388.001499023438
2025-04-02,11989.0,12055.5,11405.0,11515.099609375,11294.939453125,209700,11294.939453125,0.38037987479451285,12389.30859375,-0.08833173637930636,-0.03327481949782862,0.3963920993428091,0.42696729255664795,11492.5220703125,10404.340607910157
2025-04-03,11499.9501953125,11699.650390625,11400.0498046875,11499.849609375,11279.9814453125,61864,11279.9814453125,0.4325101405951277,12389.30859375,-0.08953906830580671,-0.0013243105794924492,0.3962273519139154,0.4265601311460272,11506.3103125,10420.364704589843
2025-04-04,11506.349609375,11639.900390625,11201.150390625,11506.900390625,11286.8974609375,63954,11286.8974609375,0.40281568527400635,12389.30859375,-0.08898084380339277,0.0006131229611086031,0.39625747040346004,0.4260661937206793,11510.6359765625,10436.516989746095
2025-04-07,10400.0,10955.349609375,10400.0,10779.599609375,10573.501953125,82134,10573.501953125,0.2930798519593105,12389.30859375,-0.14656238698752044,-0.06320563381402822,0.43164070908080665,0.43753177806309157,11502.4220703125,10449.510295410157
2025-04-08,11249.9501953125,11249.9501953125,10625.599609375,10811.75,10605.0380859375,184342,10605.0380859375,0.29494191365367795,12389.30859375,-0.14401695577367457,0.0029825627263613264,0.3872523407014917,0.4372649221636869,11493.0380078125,10462.437587890625
2025-04-09,10776.5,11234.0,10538.75,11092.2998046875,10880.2236328125,148878,10880.2236328125,0.3384542832949595,12389.30859375,-0.12180542195056665,0.025948567524703314,0.3940996034657572,0.4387567725983366,11491.05857421875,10476.833442382813
2025-04-11,11300.0,11384.0,11087.2998046875,11282.150390625,11066.4443359375,44334,11066.4443359375,0.40049658630131946,12389.30859375,-0.10677466363860222,0.01711552164823127,0.39592587600649376,0.43940466204414386,11496.01888671875,10489.737958984375
2025-04-15,11339.0,11890.0,11339.0,11826.0,11599.896484375,74599,11599.896484375,0.45529804569998134,12389.30859375,-0.0637172045075407,0.04820447582293008,0.4120123976037115,0.44434299028340035,11503.84927734375,10505.860458984374
2025-04-16,11825.0,11825.0,11522.0,11585.0,11363.50390625,62520,11363.50390625,0.4182773314091812,12389.30859375,-0.08279757338657989,-0.020378852384020818,0.4019907108861882,0.44562554357051426,11511.28337890625,10521.325942382813
2025-04-17,11668.0,12017.0,11503.0,11955.0,11726.4296875,76485,11726.4296875,0.47541217060494234,12389.30859375,-0.053504108097234826,0.03193784102545938,0.3945557771705604,0.4481591613957136,11519.03822265625,10538.867192382813
2025-04-21,12030.0,12248.0,11984.0,12207.0,11973.6123046875,35641,11973.6123046875,0.5107832477619767,12389.30859375,-0.03355282386558722,0.021079102827946672,0.39334125435968254,0.4491397210611833,11527.92501953125,10557.121020507813
2025-04-22,12250.0,12436.0,12207.0,12324.0,12088.3740234375,32407,12088.3740234375,0.5202915433633601,12389.30859375,-0.024289859925219037,0.009584552750640851,0.39123912029728874,0.44424342835506725,11530.2594921875,10574.8754296875
2025-04-23,12345.0,12535.0,12154.0,12422.0,12184.5009765625,53425,12184.5009765625,0.5751822731207634,12389.30859375,-0.01653099651507739,0.007952016783946636,0.3825583386302624,0.4442859811165967,11543.72013671875,10592.427729492187
2025-04-24,12560.0,12681.0,12180.0,12379.0,12142.32421875,56181,12142.32421875,0.5797605495913074,12389.30859375,-0.019935283162177075,-0.0034615088376314107,0.37843460641687193,0.44430893445442915,11563.28087890625,10607.817685546876
2025-04-25,12478.0,12585.0,11868.0,12198.0,11964.7841796875,57428,11964.7841796875,0.5532618248698715,12389.30859375,-0.03426538380653932,-0.014621586103618078,0.36826242032459433,0.4449183697654128,11578.4570703125,10619.364951171876
2025-04-28,12109.0,12411.0,12109.0,12354.0,12117.80078125,28811,12117.80078125,0.5900907810284912,12389.30859375,-0.02191468639637939,0.012788914473047974,0.36750876525784165,0.4447098345779848,11599.69998046875,10632.824399414063
2025-04-29,12484.0,12530.0,12228.0,12316.0,12080.5283203125,31643,12080.5283203125,0.561397655049876,12389.30859375,-0.024923123925839508,-0.003075843679091639,0.3608568779383686,0.44437191964443684,11615.2528515625,10644.939418945312
2025-04-30,12360.0,12535.0,11841.0,11973.0,11744.0859375,68305,11744.0859375,0.4905198295772393,12389.30859375,-0.052078988215330524,-0.02784997260813482,0.37144077252788865,0.44567593799509064,11624.2651953125,10655.650834960938
2025-05-02,11997.0,12199.0,11772.0,11952.0,11723.486328125,47621,11723.486328125,0.4646467018775957,12389.30859375,-0.05374168062622042,-0.0017540410964826947,0.3693126507074333,0.4454601806122215,11625.73455078125,10666.650234375
2025-05-05,12014.0,12171.0,11774.0,11901.0,11673.4619140625,56022,11673.4619140625,0.4636343889691841,12389.30859375,-0.05777938891994516,-0.00426702541056323,0.3649333046601516,0.44507936649545604,11620.9939453125,10677.369765625
2025-05-06,11914.0,12055.0,11726.0,11858.0,11631.2841796875,31438,11631.2841796875,0.46799481450695657,12389.30859375,-0.061183754390047085,-0.0036131299082914348,0.3651874504140337,0.43619644571339494,11616.73298828125,10687.24734375
2025-05-07,11711.0,12000.0,11700.0,11907.0,11679.34765625,37189,11679.34765625,0.4667332520801606,12389.30859375,-0.05730432268497632,0.00413225881338497,0.35749948980318785,0.4326772015032567,11614.64076171875,10697.338916015626
2025-05-08,11908.0,11968.0,11411.0,11549.0,11328.1923828125,55182,11328.1923828125,0.4351142025541541,12389.30859375,-0.08564773432738593,-0.03006634306750733,0.3666137994674963,0.4356641473641688,11605.90794921875,10706.21998046875
2025-05-09,11200.0,11445.0,11151.0,11238.0,11023.138671875,33839,11023.138671875,0.39744115744146447,12389.30859375,-0.11027006967638109,-0.026928719130894785,0.3668126836748294,0.43755780836619723,11596.21490234375,10713.65474609375
2025-05-12,11699.0,12190.0,11507.0,12094.0,11862.7724609375,52048,11862.7724609375,0.4805279012805812,12389.30859375,-0.042499234628647464,0.0761701194238611,0.4303858333022951,0.4553748241414877,11589.1466796875,10725.611142578126
2025-05-13,12001.0,12120.0,11880.0,11921.0,11693.080078125,31479,11693.080078125,0.4686641417649229,12389.30859375,-0.05619591362638465,-0.014304614150804418,0.43156962507762076,0.4111555002001973,11583.519375,10735.42890625
2025-05-14,11970.0,12089.0,11808.0,12020.0,11790.1875,30116,11790.1875,0.46416458928626536,12389.30859375,-0.048357911921916075,0.008304691426569866,0.4319306197379823,0.3992429875535553,11583.87544921875,10746.90634765625
2025-05-15,12066.0,12744.0,12066.0,12630.0,12388.5244140625,143084,12388.5244140625,0.5254889009019865,12389.30859375,-6.329487086109697e-05,0.050748719141447074,0.45620310794819696,0.40794800467676773,11603.2566796875,10762.529145507813
2025-05-16,12630.0,13480.0,12630.0,13111.0,12860.3271484375,173590,12860.3271484375,0.5772481787773303,12860.3271484375,0.0,0.03808385233026179,0.4687983073772342,0.4125456492004178,11623.705078125,10780.957749023437
2025-05-19,13150.0,14400.0,13045.0,13973.0,13705.8466796875,268741,13705.8466796875,0.6713768412367971,13705.8466796875,0.0,0.06574634700119031,0.4818225203777514,0.4236931365559178,11670.76087890625,10803.268798828125
2025-05-20,14000.0,14000.0,12800.0,12932.0,12684.7509765625,196316,12684.7509765625,0.5516057140420287,13705.8466796875,-0.07450073877145413,-0.07450073877145413,0.5238397750251965,0.43408288124096833,11701.8597265625,10819.6853515625
2025-05-21,13090.0,13314.0,12710.0,13142.0,12890.734375,113427,12890.734375,0.5711196381980219,13705.8466796875,-0.05947186800911197,0.016238663164779066,0.524644167117609,0.43465559818585164,11739.77763671875,10836.972651367187
2025-05-22,13142.0,13394.0,13037.0,13198.0,12945.6650390625,87848,12945.6650390625,0.5789844747744566,13705.8466796875,-0.055464040886405996,0.0042612517227127444,0.5244864136522058,0.43411177810987245,11771.9112890625,10854.805903320312
2025-05-23,13200.0,13845.0,13189.0,13748.0,13485.1484375,114272,13485.1484375,0.6632530860952104,13705.8466796875,-0.016102488765949885,0.04167289952348163,0.4929145628287605,0.43868873516965173,11818.7198828125,10876.345932617187
2025-05-26,13851.0,14146.0,13841.0,13978.0,13710.751953125,83908,13710.751953125,0.7148693151740384,13710.751953125,0.0,0.016729776217934145,0.49316235733670055,0.43567243113593784,11861.93845703125,10898.906005859375
2025-05-27,13979.0,14040.0,13656.0,13803.0,13539.09765625,52486,13539.09765625,0.7087293299780832,13710.751953125,-0.012519685095453537,-0.012519685095453537,0.49431804007294583,0.4280477107812145,11904.42626953125,10922.134658203126
2025-05-28,13926.0,13973.0,13556.0,13617.0,13356.6533203125,39327,13356.6533203125,0.6904654757745128,13710.751953125,-0.025826346652839338,-0.013475368932971632,0.49724039269725595,0.42669785302423696,11948.22162109375,10944.116904296876
2025-05-29,13787.0,13890.0,13266.0,13327.0,13072.197265625,56660,13072.197265625,0.6461055093235837,13710.751953125,-0.04657327983783255,-0.021296955746759272,0.4876107721166939,0.42748468521737953,11984.8810546875,10963.907353515626
2025-05-30,13480.0,14018.0,13263.0,13414.0,13157.53515625,299062,13157.53515625,0.6843389343508888,13710.751953125,-0.040349121533695964,0.006528197891368048,0.4819107985079551,0.42743491149248414,12025.95640625,10983.8634375
2025-06-02,13477.0,13549.0,13184.0,13418.0,13161.458984375,68285,13161.458984375,0.6940475382430207,13710.751953125,-0.04006293532462335,0.0002982190872684587,0.4754176275001506,0.42670176281933003,12062.276484375,11003.581982421874
2025-06-03,13545.0,13596.0,13101.0,13158.0,12906.4296875,47907,12906.4296875,0.6899293835193774,13710.751953125,-0.058663614393642094,-0.019376977672290407,0.4774547504732162,0.4282778665455826,12093.4959765625,11022.415629882813
2025-06-04,13224.0,13456.0,13121.0,13414.0,13157.53515625,54760,13157.53515625,0.7357838923084277,13710.751953125,-0.040349121533695964,0.01945584292712632,0.479501700610014,0.42896843073676677,12123.784609375,11043.60240234375
2025-06-05,13460.0,13538.0,13271.0,13482.0,13224.2353515625,39215,13224.2353515625,0.7025646564134389,13710.751953125,-0.03548431210963676,0.005069353379672847,0.47932968985705987,0.42290736110963556,12152.8834375,11063.944389648437
2025-06-06,13600.0,14740.0,13490.0,14251.0,13978.5322265625,503230,13978.5322265625,0.8071102140237596,13978.5322265625,0.0,0.057038978432191634,0.5035178452375305,0.4323232537043971,12191.6762890625,11087.107724609376
2025-06-09,14322.0,14387.0,14090.0,14251.0,13978.5322265625,86582,13978.5322265625,0.7933783523302709,13978.5322265625,0.0,0.0,0.5002922967105082,0.4322643497525456,12227.2920703125,11110.163081054687
2025-06-10,14327.0,14458.0,14228.0,14382.0,14107.02734375,66433,14107.02734375,0.8283080140945405,14107.02734375,0.0,0.009192318270964783,0.4999563499606392,0.4319440341768629,12263.79064453125,11133.037768554688
2025-06-11,14499.0,14632.0,14271.0,14361.0,14086.4296875,51861,14086.4296875,0.7994521742807839,14107.02734375,-0.0014600989810320542,-0.0014600989810320542,0.49973586016297367,0.4309683092845121,12298.35591796875,11155.955717773437
2025-06-12,14490.0,14524.0,14036.0,14090.0,13820.6103515625,167890,13820.6103515625,0.747819487186834,14107.02734375,-0.020303142909437577,-0.01887059686766357,0.4951684829906148,0.42894599748437207,12330.28259765625,11176.889365234376
2025-06-13,14036.0,14149.0,13878.0,14084.0,13814.724609375,37393,13814.724609375,0.6955028527599292,14107.02734375,-0.02072036349348272,-0.00042586702307501056,0.49500483403818135,0.4273627162051964,12361.8855859375,11197.826494140625
2025-06-16,14059.0,14200.0,13650.0,13978.0,13710.751953125,67774,13710.751953125,0.6735927802805188,14107.02734375,-0.02809063745102658,-0.007526219971076498,0.49567918585062787,0.42493888549958536,12402.4263671875,11218.059731445312
2025-06-17,14081.0,14108.0,13722.0,13789.0,13525.365234375,36462,13525.365234375,0.6590387475515656,14107.02734375,-0.041232082082317656,-0.013521265601172616,0.49814746701495216,0.4250709607083397,12447.0348828125,11237.25537109375
2025-06-18,13840.0,13858.0,13580.0,13684.0,13422.373046875,45817,13422.373046875,0.6526457312454546,14107.02734375,-0.04853285388847928,-0.007614743536702662,0.4995918052480313,0.42091409112461503,12489.88271484375,11255.7515234375
2025-06-19,13757.0,13788.0,13406.0,13465.0,13207.5595703125,35924,13207.5595703125,0.6453676280542451,14107.02734375,-0.06376026298949522,-0.01600413546936197,0.49259859697821695,0.41651989997909783,12528.29595703125,11272.748754882812
2025-06-20,13531.0,13724.0,13500.0,13614.0,13353.7099609375,74560,13353.7099609375,0.6536770135467966,14107.02734375,-0.05340015046800428,0.01106566204353987,0.48301807866171653,0.41324410744335266,12583.9001171875,11290.486005859375
2025-06-23,13551.0,13585.0,13364.0,13459.0,13201.673828125,32073,13201.673828125,0.6386484755075732,14107.02734375,-0.06417748357354036,-0.011385310393683734,0.43844023107639407,0.4138721112092264,12635.83283203125,11304.667016601563
2025-06-24,13547.0,13812.0,13439.0,13774.0,13510.6513671875,70253,13510.6513671875,0.6941593784260731,14107.02734375,-0.0422750989298053,0.023404421521477925,0.43842753547124064,0.414534923057025,12688.44138671875,11319.063740234375
2025-06-25,13839.0,13918.0,13592.0,13721.0,13458.666015625,41533,13458.666015625,0.6782258801533041,14107.02734375,-0.04596016668332692,-0.0038477309605333687,0.439092857328989,0.4133091665046893,12736.2858203125,11332.402016601562
2025-06-26,13844.0,13940.0,13681.0,13870.0,13604.81640625,42047,13604.81640625,0.7003782949460509,14107.02734375,-0.03560005416183587,0.010859203315939814,0.41750163048376415,0.41352323024019233,12776.38421875,11347.309545898437
2025-06-27,13934.0,14400.0,13747.0,14134.0,13891.8134765625,96693,13891.8134765625,0.6371158245517363,14107.02734375,-0.015255791453672063,0.021095254926090323,0.4080556944085206,0.41179904384051175,12826.95041015625,11364.638271484375
2025-06-30,14000.0,14450.0,13951.0,14379.0,14132.615234375,98360,14132.615234375,0.6873965621496929,14132.615234375,0.0,0.01733407652059027,0.3651233153049917,0.4111910991952158,12875.07412109375,11384.810478515625
2025-07-01,14473.0,14630.0,14221.0,14341.0,14095.265625,87116,14095.265625,0.7043012803202118,14132.615234375,-0.002642795318176794,-0.002642795318176794,0.2864438424217625,0.41106379736673815,12917.5071875,11404.860522460938
2025-07-02,14448.0,14538.0,14265.0,14417.0,14169.9638671875,35886,14169.9638671875,0.7242217140543024,14169.9638671875,0.0,0.0052995271018527745,0.2840191703222942,0.4109046672278401,12959.138984375,11425.42640625
2025-07-03,14444.0,14524.0,14116.0,14184.0,13940.95703125,32741,13940.95703125,0.6750226896854772,14169.9638671875,-0.016161426950974556,-0.016161426950974556,0.28953967018079313,0.4120243683304605,12994.26810546875,11444.461401367187
2025-07-04,14293.0,14405.0,14174.0,14227.0,13983.2197265625,28212,13983.2197265625,0.637860324725773,14169.9638671875,-0.013178872040558343,0.003031549069247186,0.26487051407949713,0.41000779185105574,13031.086015625,11463.81740234375
2025-07-07,14291.0,14349.0,14105.0,14288.0,14043.1748046875,21147,14043.1748046875,0.6189887480807159,14169.9638671875,-0.008947733649031897,0.004287644712548611,0.26101623342982033,0.3976621535621037,13072.653828125,11483.333266601563
2025-07-08,14332.0,14346.0,13850.0,13882.0,13644.130859375,35627,13644.130859375,0.5052548099915566,14169.9638671875,-0.0371089872028636,-0.028415507950474428,0.27196859510217686,0.3992507603801172,13103.1804296875,11501.000639648437
2025-07-09,13951.0,13972.0,13701.0,13862.0,13624.4736328125,33064,13624.4736328125,0.41108301265320657,14169.9638671875,-0.038496233264091684,-0.0014407093251376235,0.2688528882988642,0.3980442186405609,13134.0593359375,11516.507124023437
2025-07-10,13862.0,13916.0,13740.0,13875.0,13637.2509765625,22679,13637.2509765625,0.4467833172211779,14169.9638671875,-0.03759451298662586,0.0009378229276488792,0.26056914940976805,0.3943706248130272,13171.92263671875,11532.2047265625
2025-07-11,13950.0,14100.0,13710.0,13752.0,13516.3583984375,21532,13516.3583984375,0.3995676136998505,14169.9638671875,-0.04612612105973768,-0.008864878877185012,0.26182480527449487,0.39047513047636884,13207.780078125,11545.364931640624
2025-07-14,13805.0,14299.0,13659.0,14148.0,13905.5732421875,57795,13905.5732421875,0.44822525799293467,14169.9638671875,-0.018658524995411763,0.02879583629529936,0.2738850465249789,0.3862843438494943,13252.4223046875,11560.85169921875
2025-07-15,14220.0,14350.0,14008.0,14164.0,13921.298828125,39811,13921.298828125,0.4617675465765425,14169.9638671875,-0.01754874192998601,0.0011308836869659,0.26633627537224686,0.3844616157390416,13298.22259765625,11577.603188476562
2025-07-16,14164.0,14220.0,14050.0,14095.0,13853.4814453125,30787,13853.4814453125,0.4537384463324168,14169.9638671875,-0.022334737395333648,-0.004871483878752025,0.2623077959523669,0.38385636276510526,13341.7052734375,11594.460419921876
2025-07-17,14161.0,14161.0,14022.0,14100.0,13858.3955078125,14426,13858.3955078125,0.43524520387191634,14169.9638671875,-0.021987943109472496,0.00035471679226617425,0.2621607918297926,0.3808450820308448,13392.3093359375,11610.709799804688
2025-07-18,14100.0,14146.0,13800.0,13848.0,13610.712890625,24707,13610.712890625,0.4088258061490173,14169.9638671875,-0.03946735374939969,-0.017872387683543267,0.2093099545330171,0.38095517723636807,13444.0608203125,11627.0540234375
2025-07-21,13940.0,14100.0,13763.0,14035.0,13794.509765625,61972,13794.509765625,0.4441519453540952,14169.9638671875,-0.02649647557901791,0.013503838959574077,0.21338051363524105,0.3771073643039822,13482.69556640625,11644.556323242188
2025-07-22,14100.0,14107.0,13949.0,14070.0,13828.9091796875,22959,13828.9091796875,0.4501510181100894,14169.9638671875,-0.024068846660206367,0.0024937032665142134,0.2116524483828714,0.37636767398563503,13525.4121484375,11661.686225585938
2025-07-23,14172.0,14172.0,13939.0,13973.0,13733.5712890625,21611,13733.5712890625,0.44999009672218526,14169.9638671875,-0.03079701417838665,-0.0068941005676019795,0.21243382555512114,0.37449081218008784,13564.27982421875,11678.764165039063
2025-07-24,14033.0,14204.0,13901.0,14165.0,13922.28125,108160,13922.28125,0.4309308929527105,14169.9638671875,-0.017479410639927084,0.013740778488388505,0.20927604843840172,0.3749020613345979,13594.9549609375,11697.524995117188
2025-07-25,14150.0,14150.0,13675.0,13852.0,13614.6455078125,83665,13614.6455078125,0.43392067448819094,14169.9638671875,-0.03918982183581399,-0.02209664757257368,0.21914675220130506,0.37639166602536017,13610.041328125,11714.911206054687
2025-07-28,13900.0,14149.0,13511.0,13802.0,13565.501953125,50923,13565.501953125,0.4643300338382721,14169.9638671875,-0.04265797144777583,-0.0036096095678216367,0.21833160057373735,0.3751153876678309,13607.23443359375,11732.062739257812
2025-07-29,13804.0,14117.0,13562.0,14062.0,13821.046875,47610,13821.046875,0.5064457486415086,14169.9638671875,-0.024623703734027558,0.018837852278376754,0.22137884873344876,0.37611670766652344,13629.9603515625,11749.802192382813
2025-07-30,14099.0,14119.0,13903.0,14059.0,13818.0986328125,17412,13818.0986328125,0.49487685996828046,14169.9638671875,-0.024831766521987597,-0.000213315403251646,0.21996458409858516,0.3739830757689129,13648.50763671875,11766.184814453125
2025-07-31,13844.0,14061.0,13844.0,13963.0,13723.7431640625,27343,13723.7431640625,0.4597489891789561,14169.9638671875,-0.031490602750109065,-0.006828397398028652,0.21533737582794382,0.37399314192570904,13664.06919921875,11781.585356445312
2025-08-01,13975.0,14034.0,13781.0,13848.0,13610.712890625,21385,13610.712890625,0.442840766970062,14169.9638671875,-0.03946735374939969,-0.008236111102216337,0.21504988286624505,0.37268788172703293,13666.58048828125,11797.307709960938
2025-08-04,13715.0,14250.0,13641.0,13899.0,13660.83984375,48902,13660.83984375,0.45653252029261226,14169.9638671875,-0.03592980392959555,0.0036829043069102063,0.21209077070824686,0.37219209880239174,13665.58224609375,11813.098740234374
2025-08-05,13964.0,13987.0,13800.0,13861.0,13623.4912109375,22438,13623.4912109375,0.48450251207941264,14169.9638671875,-0.0385655645541505,-0.0027339924367525414,0.20161052171633623,0.3721470115535058,13667.2701171875,11829.694697265624
2025-08-06,13900.0,13974.0,13531.0,13607.0,13373.8427734375,49939,13373.8427734375,0.4538781063594941,14169.9638671875,-0.05618370669197881,-0.018324850336422727,0.20848214462345888,0.37351609002010117,13667.61390625,11845.544624023438
2025-08-07,14000.0,14445.0,13645.0,13780.0,13543.87890625,293772,13543.87890625,0.5229191172142862,14169.9638671875,-0.04418394900690503,0.012714081935389476,0.20939883890271338,0.37345512654111757,13677.0475390625,11863.04095703125
2025-08-08,13909.0,14374.0,13667.0,13718.0,13482.94140625,94466,13482.94140625,0.5047582904834518,14169.9638671875,-0.048484418688490405,-0.00449926497584674,0.1998447063937444,0.37358515019499317,13683.5556640625,11879.919213867188
2025-08-11,13828.0,14099.0,13515.0,14047.0,13806.3037109375,45715,13806.3037109375,0.514827845653941,14169.9638671875,-0.025664155509394382,0.023983068304191058,0.2059574174902409,0.36711831712523113,13696.45255859375,11898.45130859375
2025-08-12,13902.0,14109.0,13755.0,13805.0,13568.451171875,25155,13568.451171875,0.48025091862510405,14169.9638671875,-0.042449839742032425,-0.017227821728568182,0.21142028276002617,0.36370382646658633,13709.69298828125,11916.186005859376
2025-08-13,13933.0,14021.0,13813.0,13917.0,13678.53125,22910,13678.53125,0.48393385045157444,14169.9638671875,-0.034681289366268575,0.008112943528379768,0.2123252211761781,0.36378051213568524,13720.11291015625,11934.9593359375
2025-08-14,13970.0,14200.0,13900.0,14136.0,13893.779296875,26389,13893.779296875,0.5201570073382424,14169.9638671875,-0.01949084506503529,0.015736195863499614,0.21277536708676054,0.3644494022833326,13733.5037890625,11954.616899414063
2025-08-18,14136.0,14763.0,14135.0,14523.0,14274.1474609375,94360,14274.1474609375,0.6002083364123989,14274.1474609375,0.0,0.027376868160562617,0.22703684541709224,0.34936666176675507,13739.41609375,11975.845747070312
2025-08-19,14636.0,14636.0,13700.0,13785.0,13548.79296875,131464,13548.79296875,0.4797982588380152,14274.1474609375,-0.05081595900368119,-0.05081595900368119,0.2714728685982457,0.3610294487748898,13730.82130859375,11992.803388671875
2025-08-20,13853.0,13874.0,13405.0,13642.0,13408.2431640625,111820,13408.2431640625,0.434671143635335,14274.1474609375,-0.06066241779024817,-0.010373603391215402,0.26048348285370204,0.3595995371825666,13716.845625,12009.70541015625
2025-08-21,13780.0,13780.0,13568.0,13700.0,13465.2490234375,36999,13465.2490234375,0.4374491778805456,14274.1474609375,-0.05666877406959847,0.004251553218231452,0.2608175939491489,0.3587701326243045,13704.42201171875,12026.763969726562
2025-08-22,13700.0,13850.0,13421.0,13545.0,13312.90625,33115,13312.90625,0.39664086975942703,14274.1474609375,-0.0673414096055841,-0.011313773192930476,0.26273857477210677,0.35100950933942576,13694.2679296875,12042.653500976563
2025-08-25,13630.0,13630.0,13200.0,13265.0,13037.7041015625,61206,13037.7041015625,0.3719797782488541,14274.1474609375,-0.08662117038923967,-0.020671831023935883,0.26811262969916216,0.3510621973919845,13678.72751953125,12055.569658203125
2025-08-26,13299.0,13350.0,12840.0,12997.0,12774.2958984375,92529,12774.2958984375,0.3259761133548247,14274.1474609375,-0.10507468600870773,-0.02020357273589546,0.2581198479173932,0.34921186450723496,13659.9983984375,12067.452744140624
2025-08-28,13050.0,13200.0,12900.0,12966.0,12743.826171875,38487,12743.826171875,0.3237177321893696,14274.1474609375,-0.10720929521362754,-0.002385237261196327,0.25786794974547533,0.34763145584723315,13644.3676171875,12079.233256835938
2025-08-29,13030.0,13040.0,12751.0,12770.0,12551.185546875,38945,12551.185546875,0.2987427399011908,14274.1474609375,-0.12070506618889443,-0.015116388312416573,0.26027692537399766,0.3483463818843952,13626.9438671875,12090.498579101562
2025-09-01,12770.0,12847.0,12481.0,12544.0,12329.0576171875,89792,12329.0576171875,0.2728428211459417,14274.1474609375,-0.13626662111155252,-0.017697764793446535,0.26340208873951865,0.34946716277168416,13609.373828125,12100.705009765625
2025-09-02,12600.0,12744.0,12544.0,12620.0,12403.755859375,44479,12403.755859375,0.27569412458075115,14274.1474609375,-0.1310335070224682,0.0060587146647255175,0.261381409503638,0.3495347806878304,13590.37474609375,12109.503896484375
2025-09-03,12720.0,13067.0,12650.0,13023.0,12799.8505859375,53649,12799.8505859375,0.3050267894444849,14274.1474609375,-0.10328440833573749,0.03193345072679121,0.27648876551300156,0.35250990331489557,13582.33828125,12120.56427734375
2025-09-04,13200.0,13200.0,12850.0,12981.0,12758.5703125,39931,12758.5703125,0.3010638732235169,14274.1474609375,-0.10617636903254746,-0.003225059008333475,0.27611581323615586,0.35201062088250173,13567.29666015625,12132.720375976562
2025-09-05,13079.0,13079.0,12835.0,12926.0,12704.51171875,50777,12704.51171875,0.2256568838682136,14274.1474609375,-0.10996353698061134,-0.004237041645413608,0.2758585416439052,0.35205231471640486,13552.21357421875,12143.029663085938
2025-09-08,12934.0,13000.0,12717.0,12771.0,12552.16796875,61431,12552.16796875,0.18067970316883608,14274.1474609375,-0.12063624093136582,-0.011991310911631747,0.27280224222223315,0.34938798492514844,13531.16060546875,12153.388173828125
2025-09-09,12850.0,13100.0,12776.0,13064.0,12840.1474609375,55948,12840.1474609375,0.18989293660313877,14274.1474609375,-0.1004613413112252,0.022942609826800853,0.2770390373064581,0.35128014594643114,13510.12728515625,12165.821455078125
2025-09-10,13120.0,13297.0,12950.0,13054.0,12830.318359375,47841,12830.318359375,0.2077514163557257,14274.1474609375,-0.1011499359603556,-0.0007654975608654135,0.2770004547321194,0.351173230522882,13484.08134765625,12178.864497070312
2025-09-11,13140.0,13260.0,13004.0,13099.0,12874.5478515625,25540,12874.5478515625,0.23484207160274906,14274.1474609375,-0.09805136266142211,0.003447263812840662,0.27059838568249955,0.35109278857628884,13459.6669921875,12191.945512695313
2025-09-12,13188.0,13243.0,13107.0,13211.0,12984.62890625,66532,12984.62890625,0.28583931384561523,14274.1474609375,-0.0903394446650061,0.008550285101790234,0.2723496800828953,0.35126902510918934,13435.96029296875,12204.923422851563
2025-09-15,13279.0,13280.0,13111.0,13198.0,12971.8515625,51240,12971.8515625,0.2862192578255911,14274.1474609375,-0.09123458350149116,-0.0009840361124106023,0.2719624691050911,0.34723606299036136,13416.57818359375,12218.402915039063
2025-09-16,13275.0,13600.0,13158.0,13525.0,13293.248046875,53962,13293.248046875,0.321818579065172,14274.1474609375,-0.06871859890384491,0.024776454064901365,0.28175792595483773,0.34592453996300104,13402.77875,12234.737075195313
2025-09-17,13590.0,13880.0,13551.0,13663.0,13428.8837890625,63527,13428.8837890625,0.3251371062234387,14274.1474609375,-0.05921640323445876,0.010203355997662644,0.2832556939395157,0.32289161655450416,13390.4929296875,12251.236411132813
2025-09-18,13664.0,13703.0,13445.0,13467.0,13236.2421875,25665,13236.2421875,0.3089612956734269,14274.1474609375,-0.0727122426244945,-0.014345317495367826,0.2860665354238077,0.3228972944525819,13382.33515625,12266.077094726563
2025-09-19,13469.0,13520.0,13152.0,13206.0,12979.71484375,95999,12979.71484375,0.28005052698730903,14274.1474609375,-0.09068370778218682,-0.01938067769659413,0.28664428121649355,0.32458419918509646,13369.43998046875,12279.953686523437
2025-09-22,13209.0,13419.0,13142.0,13279.0,13116.021484375,29040,13116.021484375,0.2972472963241135,14274.1474609375,-0.08113451116655601,0.010501512727040696,0.28580577189920864,0.31402951232002513,13359.015390625,12293.140043945312
2025-09-23,13328.0,13345.0,13175.0,13265.0,13102.193359375,28684,13102.193359375,0.24507966186615793,14274.1474609375,-0.08210326429439363,-0.001054292646323729,0.2856043676271747,0.3076463020314259,13350.73208984375,12306.629262695313
2025-09-24,13215.0,13290.0,13152.0,13203.0,13040.9541015625,14576,13040.9541015625,0.24226413893776888,14274.1474609375,-0.08639348603829022,-0.004673969932574851,0.2759105217968964,0.28717507896535305,13333.43970703125,12319.146264648438
2025-09-25,13225.0,13263.0,12850.0,12899.0,12740.6845703125,31085,12740.6845703125,0.17055430508039038,14274.1474609375,-0.1074293855252274,-0.023025119857911558,0.2792277293615071,0.2613144184306033,13309.827421875,12330.491010742187
2025-09-26,12897.0,12985.0,12544.0,12698.0,12542.15234375,32351,12542.15234375,0.1604272175302055,14274.1474609375,-0.12133790280135903,-0.015582539970034781,0.2802539654376126,0.2612031964296257,13283.60083984375,12338.654990234376
2025-09-29,12798.0,12903.0,12320.0,12462.0,12309.048828125,125091,12309.048828125,0.16441658225328082,14274.1474609375,-0.13766837131185383,-0.018585607098064005,0.27824306996197684,0.262897655070735,13252.61390625,12345.281943359376
2025-09-30,12570.0,12690.0,11890.0,12247.0,12096.6875,103078,12096.6875,0.15403996644556672,14274.1474609375,-0.15254571013059215,-0.017252456391250504,0.2643989609260524,0.25453814997983903,13222.3333984375,12350.99421875
2025-10-01,12100.0,12301.0,11940.0,11996.0,11848.767578125,81652,11848.767578125,0.1169105682674707,14274.1474609375,-0.16991416751506683,-0.020494860421499728,0.23168910121277198,0.254784796188083,13183.4185546875,12354.948505859375
2025-10-03,12039.0,12039.0,11780.0,11819.0,11673.9404296875,119815,11673.9404296875,0.1288038335524222,14274.1474609375,-0.18216198469055345,-0.014754880394503012,0.23302198807674493,0.25508596407260975,13140.3191796875,12358.723608398437
2025-10-06,11828.0,11986.0,11782.0,11802.0,11657.1494140625,57423,11657.1494140625,0.13241626330137812,14274.1474609375,-0.1833383082272796,-0.001438333159752947,0.2317445489185881,0.25428229822615606,13098.7907421875,12362.945654296875
2025-10-07,11880.0,12148.0,11810.0,12089.0,11940.626953125,102380,11940.626953125,0.14781397478681013,14274.1474609375,-0.1634788006918375,0.024317912466707226,0.2454992480795468,0.25562049860816016,13059.15765625,12367.37615234375
2025-10-08,12250.0,12273.0,12015.0,12093.0,11944.5771484375,38642,11944.5771484375,0.15764647869527715,14274.1474609375,-0.1632020629515759,0.00033081975745563597,0.24022683453495933,0.25532228519036937,13025.7562890625,12372.247944335937
2025-10-09,12151.0,12166.0,11884.0,11909.0,11762.8359375,33143,11762.8359375,0.15660793082674251,14274.1474609375,-0.1759342566909815,-0.015215374196923648,0.23750701285442588,0.2564254190134509,12989.70296875,12375.48787109375
2025-10-10,11980.0,12148.0,11888.0,12074.0,11925.810546875,31215,11925.810546875,0.1764166986410649,14274.1474609375,-0.16451678956581728,0.013855043991171767,0.2422734541270332,0.25575424007216035,12951.7982421875,12382.410522460938
2025-10-13,11911.0,12400.0,11911.0,12354.0,12202.3740234375,44409,12202.3740234375,0.20396042179749552,14274.1474609375,-0.14514165859429407,0.023190329535711873,0.24970960817236318,0.2566643514402172,12919.48375,12388.909208984374
2025-10-14,12302.0,12362.0,12095.0,12211.0,12061.12890625,39400,12061.12890625,0.1740431677217018,14274.1474609375,-0.1550368286963285,-0.011575216176475611,0.24672629518803213,0.2571142450416749,12886.23146484375,12395.028056640625
2025-10-15,12225.0,12300.0,12125.0,12217.0,12067.0556640625,25443,12067.0556640625,0.1447109714030348,14274.1474609375,-0.15462161946378283,0.0004913932898460427,0.24594394302224212,0.23771794819241582,12855.3583203125,12400.423955078126
2025-10-16,12217.0,12563.0,12217.0,12501.0,12347.5703125,46094,12347.5703125,0.16008962956696715,14274.1474609375,-0.13496968233722917,0.023246320912641005,0.2370235350364343,0.2412948421545191,12829.0929296875,12406.737626953125
2025-10-17,12520.0,12681.0,12325.0,12655.0,12499.6796875,46744,12499.6796875,0.1942853474601005,14274.1474609375,-0.12431339793101426,0.012318972166209363,0.24006919495426138,0.24173476682809486,12806.61669921875,12407.289482421875
2025-10-20,12593.0,12676.0,12510.0,12605.0,12450.29296875,24435,12450.29296875,0.18544483401066536,14274.1474609375,-0.12777326962458835,-0.003951038745367841,0.24003269001214833,0.24177745865285802,12788.145703125,12411.243525390624
2025-10-21,12799.0,12799.0,12623.0,12732.0,12575.734375,7414,12575.734375,0.22043560585059918,14274.1474609375,-0.11898525572790675,0.010075377869810387,0.23942281073495872,0.24065539694641983,12768.7828125,12416.038857421874
2025-10-23,12735.0,13186.0,12683.0,13144.0,12982.677734375,102501,12982.677734375,0.27233037444670405,14274.1474609375,-0.0904761373732984,0.03235941116758845,0.24858539237891314,0.24702042324764018,12758.7775390625,12422.496899414062
2025-10-24,13144.0,13167.0,12953.0,13144.0,12982.677734375,76553,12982.677734375,0.2925016258035562,14274.1474609375,-0.0904761373732984,0.0,0.24856179829473643,0.24674120532280946,12742.30501953125,12430.48021484375
2025-10-27,13140.0,13157.0,12901.0,12953.0,12794.0224609375,42072,12794.0224609375,0.26582124501140836,14274.1474609375,-0.10369270767662286,-0.014531306814925093,0.25215244663694175,0.2468980250896446,12726.8164453125,12440.374609375
2025-10-28,12953.0,13074.0,12727.0,12787.0,12630.0595703125,78709,12630.0595703125,0.25051521511403374,14274.1474609375,-0.11517941054792913,-0.012815585647563799,0.2533929894192868,0.24747521223100663,12705.84701171875,12449.0796484375
2025-10-29,12786.0,12793.0,12513.0,12619.0,12464.12109375,22032,12464.12109375,0.24373661814214498,14274.1474609375,-0.12680451649675062,-0.013138376397886953,0.255905922508604,0.24701471065082445,12677.25384765625,12456.123696289062
2025-10-30,12700.0,12700.0,12350.0,12446.0,12293.2451171875,23844,12293.2451171875,0.23875574958487666,14274.1474609375,-0.1387755275172068,-0.013709428468902107,0.24607265036787696,0.24720222805248843,12637.63580078125,12462.813125
2025-10-31,12534.0,12534.0,12273.0,12303.0,12152.0,29810,12152.0,0.21980273024354302,14274.1474609375,-0.14867069761924134,-0.011489652719119836,0.2443767399296156,0.24721494153279194,12609.69994140625,12470.468974609375
2025-11-03,12303.0,12303.0,12014.0,12127.0,11978.16015625,42681,11978.16015625,0.19442648055678724,14274.1474609375,-0.16084934746335477,-0.014305451263166513,0.24436098279559057,0.2448021408199097,12581.09828125,12479.771826171875
2025-11-04,12106.0,12463.0,12006.0,12091.0,11942.6015625,35113,11942.6015625,0.17576945918576015,14274.1474609375,-0.16334046602909114,-0.0029686189937480068,0.2395044634728549,0.2447798317704745,12550.64533203125,12487.39712890625
2025-11-06,12139.0,13250.0,12015.0,13139.0,12977.7392578125,706323,12977.7392578125,0.29417110004404723,14274.1474609375,-0.09082211085970204,0.08667606382874338,0.35147010782355764,0.2849450731856031,12543.9419921875,12499.07720703125
2025-11-07,13000.0,13000.0,12510.0,12580.0,12425.6005859375,87011,12425.6005859375,0.23594317609376825,14274.1474609375,-0.12950313705660643,-0.042545058188206086,0.37237479097832415,0.29120298235038194,12531.699921875,12507.564028320312
2025-11-10,12594.0,13157.0,12570.0,12614.0,12459.1826171875,85196,12459.1826171875,0.22932240919462266,14274.1474609375,-0.12715048998315426,0.002702648537407981,0.3724432564623634,0.28960897818351233,12525.39765625,12516.882080078125
2025-11-11,12614.0,12634.0,12050.0,12156.0,12006.8037109375,73726,12006.8037109375,0.1484848739605693,14274.1474609375,-0.15884267387630624,-0.03630887516055359,0.38107855549453323,0.2954910739372553,12510.65720703125,12523.645444335938
2025-11-12,12499.0,12500.0,11934.0,11998.0,11850.7431640625,82679,11850.7431640625,0.1397489279599009,14274.1474609375,-0.1697757644375516,-0.012997676203604258,0.38033339336666533,0.29586546209177994,12496.648359375,12529.946313476563
2025-11-13,12000.0,12133.0,11964.0,11981.0,11833.9521484375,40621,11833.9521484375,0.13922477789615884,14274.1474609375,-0.17095208797427763,-0.0014168744856372095,0.37691703162081414,0.29486798273604703,12486.74625,12533.763002929687
2025-11-14,12041.0,12642.0,12019.0,12570.0,12415.72265625,174364,12415.72265625,0.2056298953199518,14274.1474609375,-0.13019515244418256,0.04916113404170841,0.40051175297086933,0.30680344865522363,12486.9855859375,12540.920629882812
2025-11-17,12574.0,12964.0,12090.0,12124.0,11975.197265625,110495,11975.197265625,0.16402247890253507,14274.1474609375,-0.1610569178722432,-0.03548125250713796,0.409803181135165,0.31198545146904716,12470.49251953125,12545.42541015625
2025-11-18,12159.0,12189.0,11828.0,11872.0,11726.2900390625,85666,11726.2900390625,0.1016829864743436,14274.1474609375,-0.17849454258809105,-0.02078522975792574,0.41214151866065823,0.3103842242016159,12449.8469140625,12549.160883789062
2025-11-19,11949.0,11959.0,11679.0,11733.0,11588.99609375,61239,11588.99609375,0.09456394144152669,14274.1474609375,-0.18811290653509505,-0.01170821673821365,0.41362652785034126,0.3108543171689571,12427.5366015625,12553.013720703126
2025-11-20,11679.0,11809.0,11667.0,11747.0,11602.82421875,39186,11602.82421875,0.12350443825827706,14274.1474609375,-0.18714415340725732,0.001193211636981939,0.40725462373533666,0.3108605349500728,12408.5497265625,12554.98595703125
2025-11-21,11747.0,11824.0,11601.0,11641.0,11498.125,54164,11498.125,0.08038132962527889,14274.1474609375,-0.19447903761218222,-0.00902359777034345,0.40796172611215065,0.3108711423095894,12381.70927734375,12557.517587890625
2025-11-24,11721.0,11731.0,11351.0,11473.0,11332.1865234375,161587,11332.1865234375,0.08126744724211155,14274.1474609375,-0.20610414356100382,-0.014431785753111881,0.40772999393545384,0.3072952847369056,12351.746640625,12557.485083007812
2025-11-25,11500.0,11690.0,11352.0,11640.0,11497.1376953125,41900,11497.1376953125,0.11045998504995524,14274.1474609375,-0.1945482049435554,0.01455598807289693,0.4079558686577793,0.30851218075547565,12324.1984375,12557.324409179688
2025-11-26,11690.0,11818.0,11425.0,11734.0,11589.9833984375,65740,11589.9833984375,0.1338595443158619,14274.1474609375,-0.18804373920372186,0.008075549374593871,0.4025133677578873,0.3089241081631155,12296.30552734375,12555.41607421875
2025-11-27,11740.0,11773.0,11221.0,11246.0,11107.97265625,112924,11107.97265625,0.08282310180974051,14274.1474609375,-0.22181183243006453,-0.04158856191739513,0.4181932061492731,0.31598949947159705,12259.02794921875,12553.39859375
2025-11-28,11329.0,11615.0,11100.0,11499.0,11357.8681640625,198137,11357.8681640625,0.09325410701474968,14274.1474609375,-0.20430497196807462,0.02249695021277298,0.4243387104614641,0.3175588079044692,12220.3203515625,12554.366499023437
2025-12-01,11519.0,11846.0,11300.0,11332.0,11192.91796875,131948,11192.91796875,0.08923404307082228,14274.1474609375,-0.21586084217075407,-0.014522989079448934,0.4191488853724692,0.31719408954452655,12175.60103515625,12554.301215820313
2025-12-02,11300.0,11300.0,10922.0,11049.0,10913.390625,359605,10913.390625,0.08846377489152202,14274.1474609375,-0.23544361196593466,-0.02497358995486476,0.4212842293647085,0.31938426389175034,12129.14400390625,12553.589892578126
2025-12-03,11116.0,11320.0,10985.0,11222.0,11084.267578125,186376,11084.267578125,0.09430836320429603,14274.1474609375,-0.22347253253070953,0.01565754942680786,0.4251919151724931,0.3207181122153193,12091.23505859375,12552.496806640625
2025-12-04,11249.0,11379.0,11080.0,11118.0,10981.5439453125,60360,10981.5439453125,0.0694810234209009,14274.1474609375,-0.2306690136581192,-0.009267516512793894,0.4235074838227409,0.31979396832375717,12048.5455078125,12550.937182617188
2025-12-05,11121.0,11266.0,10980.0,11181.0,11043.7705078125,194196,11043.7705078125,0.08225611624585061,14274.1474609375,-0.22630962458284953,0.005666467557739141,0.4103620887175004,0.3183316771908712,12007.37705078125,12547.905942382813
2025-12-08,11100.0,11172.0,10890.0,10968.0,10833.384765625,62994,10833.384765625,0.033843231838244,14274.1474609375,-0.2410485603240725,-0.019050173311612184,0.41203149813623285,0.31958153600393024,11963.2256640625,12542.520405273437
2025-12-09,10988.0,11127.0,10880.0,11063.0,10927.21875,60470,10927.21875,0.050254860731886675,14274.1474609375,-0.23447485883809693,0.008661557436115519,0.41319125530729117,0.31812631510962325,11926.95634765625,12537.934838867188
2025-12-10,11062.0,11165.0,10977.0,11102.0,10965.740234375,43035,10965.740234375,0.04063433840370956,14274.1474609375,-0.23177616986347216,0.003525278047078473,0.4131930462752461,0.3182609026211323,11895.42810546875,12533.843745117187
2025-12-11,11089.0,11174.0,10968.0,10984.0,10849.1884765625,31891,10849.1884765625,0.03604494501894373,14274.1474609375,-0.23994140411871956,-0.010628717744666005,0.41279450932625916,0.31847514130029253,11866.2308984375,12529.265522460937
2025-12-12,11035.0,11089.0,10880.0,10900.0,10766.2197265625,37619,10766.2197265625,-0.01312054652055139,14274.1474609375,-0.24575392288574593,-0.007647461391166455,0.41196611731313887,0.3184461776400562,11839.62154296875,12525.557666015626
2025-12-15,10905.0,11098.0,10830.0,11062.0,10926.2314453125,52244,10926.2314453125,-0.0052283817240562636,14274.1474609375,-0.23454402616947012,0.014862386502777492,0.41492342725489706,0.31959865123207454,11821.1708203125,12519.107905273437
2025-12-16,11032.0,11152.0,10945.0,11068.0,10932.1572265625,65436,10932.1572265625,-0.0020152206437045184,14274.1474609375,-0.2341288853516933,0.0005423444743650752,0.41370421217803693,0.3196325012754618,11806.33515625,12513.89646484375
2025-12-17,11075.0,11140.0,10987.0,11072.0,10936.1083984375,26971,10936.1083984375,-0.011014898483657554,14274.1474609375,-0.23385207919666284,0.0003614265504159331,0.4137993188215436,0.31849797269094526,11791.9143359375,12509.715087890625
2025-12-18,11106.0,11106.0,10800.0,10941.0,10806.716796875,29991,10806.716796875,-0.010276027830849133,14274.1474609375,-0.24291683083360593,-0.011831594644854393,0.31605002772132235,0.31792708824107596,11769.2361328125,12506.651357421875
2025-12-19,11020.0,11270.0,10962.0,11148.0,11011.17578125,72371,11011.17578125,0.018352012771392534,14274.1474609375,-0.22859310432492852,0.01891962084489185,0.3040859458825397,0.3198793544806493,11750.56810546875,12502.517700195312
2025-12-22,11158.0,11337.0,11102.0,11255.0,11116.8623046875,36705,11116.8623046875,0.005638862612497242,14274.1474609375,-0.22118905278863044,0.00959811427381485,0.3060262233716115,0.3174612130327143,11737.6486328125,12501.336728515626
2025-12-23,11255.0,11310.0,11186.0,11279.0,11140.568359375,25921,11140.568359375,0.01552836942061897,14274.1474609375,-0.21952828427321658,0.0021324411545067257,0.2902091791372104,0.31651931059464805,11721.9437890625,12501.39052734375
2025-12-24,11240.0,11302.0,11198.0,11224.0,11086.2431640625,16358,11086.2431640625,-0.002573801748733673,14274.1474609375,-0.2233341294531943,-0.004876339658809625,0.2885653157273059,0.31609095732509385,11699.621171875,12501.847548828126
2025-12-26,11199.0,11295.0,11149.0,11155.0,11018.08984375,14887,11018.08984375,0.045232605332958586,14274.1474609375,-0.22810872776100966,-0.006147557770826095,0.2887992164762345,0.31470519070399977,11678.760390625,12500.2430859375
2025-12-29,11120.0,11330.0,11120.0,11250.0,11111.923828125,21182,11111.923828125,0.019196008706322765,14274.1474609375,-0.22153502627503407,0.008516356801013591,0.2469581480707537,0.3112186821381483,11659.65775390625,12500.079111328125
2025-12-30,11236.0,11420.0,10913.0,10982.0,10847.212890625,81987,10847.212890625,0.0009092173918059387,14274.1474609375,-0.24007980719623478,-0.023822241908282304,0.23593387969645715,0.3025316808766602,11629.65060546875,12496.566059570312
2025-12-31,11020.0,11500.0,11020.0,11328.0,11188.966796875,135869,11188.966796875,0.018301154903953565,14274.1474609375,-0.21613764832578453,0.03150614906298843,0.25027681681979425,0.30744006486791536,11603.43634765625,12495.437358398438
2026-01-01,11350.0,11438.0,11220.0,11342.0,11202.794921875,37154,11202.794921875,0.010641473183734318,14274.1474609375,-0.2151688951979468,0.0012358714840285945,0.2484679780646549,0.30731267550680164,11578.48638671875,12495.616904296876
2026-01-02,11342.0,11342.0,11072.0,11181.0,11043.7705078125,58889,11043.7705078125,-0.10860477610641484,14274.1474609375,-0.22630962458284953,-0.014195066068020457,0.2512691452791755,0.3076013633290803,11547.847109375,12494.63962890625
2026-01-05,11199.0,11392.0,11100.0,11272.0,11133.654296875,67952,11133.654296875,-0.045098913572239385,14274.1474609375,-0.22001266083713544,0.008138867880215006,0.2517403813350644,0.3063961102765157,11510.866640625,12494.7890625
2026-01-06,11272.0,11343.0,11101.0,11202.0,11064.5126953125,54515,11064.5126953125,-0.047531295111718164,14274.1474609375,-0.22485649489109294,-0.006210144461006539,0.24902771404239157,0.30487754993869826,11472.50333984375,12493.384350585937
2026-01-07,11224.0,11247.0,11029.0,11198.0,11060.5625,47399,11060.5625,-0.05393063866274128,14274.1474609375,-0.22513323263135443,-0.0003570148474928425,0.24481605360736503,0.30487816742005885,11437.834140625,12491.959887695313
2026-01-08,11200.0,11660.0,11138.0,11209.0,11071.4267578125,287380,11071.4267578125,-0.02762932424895226,14274.1474609375,-0.22437211832717407,0.0009822518350670606,0.2433460159102105,0.3040151841903863,11406.661484375,12489.10150390625
2026-01-09,11201.0,11272.0,11016.0,11043.0,10907.46484375,61206,10907.46484375,0.008536298070910497,14274.1474609375,-0.23585875278371138,-0.014809465631590912,0.21573626777411056,0.30360990565102847,11375.528359375,12484.792358398438
2026-01-12,11134.0,11161.0,10640.0,10745.0,10613.1220703125,133197,10613.1220703125,-0.02534010248431695,14274.1474609375,-0.2564794430381029,-0.02698544324038399,0.21752595760779697,0.30640083621764735,11341.9258984375,12477.663520507813
2026-01-13,10785.0,10980.0,10624.0,10729.0,10597.318359375,128939,10597.318359375,-0.04142743179073194,14274.1474609375,-0.25758659924345584,-0.001489072756612031,0.21434957398510895,0.3011180709805494,11310.832265625,12469.661396484375
2026-01-14,10799.0,10820.0,10600.0,10741.0,10609.1708984375,88075,10609.1708984375,-0.031599919702542834,14274.1474609375,-0.25675624919313333,0.0011184470127778567,0.2027945206784115,0.3011524893940277,11283.45248046875,12461.2967578125
2026-01-15,10741.0,10741.0,10741.0,10741.0,10609.1708984375,0,10609.1708984375,-0.001097765391380623,14274.1474609375,-0.25675624919313333,0.0,0.19669620878869493,0.30114172806140577,11256.7838671875,12452.551782226563
2026-01-16,10799.0,10810.0,10621.0,10682.0,10550.8955078125,52028,10550.8955078125,0.042826964796380596,14274.1474609375,-0.26083883211337255,-0.00549292599609108,0.19568338454103767,0.30071657341946956,11208.2469921875,12444.184877929687
2026-01-19,10631.0,10788.0,10505.0,10648.0,10517.3125,42224,10517.3125,0.00957725860885561,14274.1474609375,-0.2631915476015937,-0.0031829533130750542,0.19463983664403756,0.2978052956074774,11170.08123046875,12435.598564453125
2026-01-20,10689.0,10689.0,10520.0,10560.0,10430.392578125,45417,10430.392578125,-0.019858724204778744,14274.1474609375,-0.2692808725236505,-0.008264461275159452,0.18863259551427147,0.2979785277069702,11129.5054296875,12429.331962890625
2026-01-21,10561.0,10661.0,10540.0,10613.0,10482.7421875,43298,10482.7421875,-0.02288299149240547,14274.1474609375,-0.265613430421188,0.005018949093516412,0.1872692055347951,0.2980733561874152,11099.02419921875,12425.2709765625
2026-01-22,10649.0,10787.0,10639.0,10735.0,10603.2451171875,33459,10603.2451171875,0.000724156408936194,14274.1474609375,-0.25717139001091005,0.011495363286830873,0.1904571840691339,0.29841209893772125,11074.07423828125,12421.887294921875
2026-01-23,10767.0,10785.0,10596.0,10668.0,10537.0673828125,131490,10537.0673828125,-0.010987613922490036,14274.1474609375,-0.2618075852412103,-0.006241271765728418,0.18895841266035823,0.2984872818893679,11048.13654296875,12418.13814453125
2026-01-27,10711.0,10744.0,10481.0,10609.0,10478.791015625,76057,10478.791015625,-0.010554514754291588,14274.1474609375,-0.26589023657621846,-0.005530605914370157,0.18840074228830703,0.2950387735745684,11009.39791015625,12417.66458984375
2026-01-28,10582.0,10754.0,10580.0,10704.0,10572.625,50260,10572.625,-0.04498298343843665,14274.1474609375,-0.2593165350902429,0.008954657482440842,0.18486878975789703,0.2948942492910484,10981.34646484375,12417.502524414063
2026-01-29,10749.0,10775.0,10641.0,10727.0,10595.3427734375,37478,10595.3427734375,-0.03540126627226725,14274.1474609375,-0.25772500232097106,0.0021487353838332,0.1850460927807228,0.29430693328991314,10958.72751953125,12416.078120117187
2026-01-30,10640.0,10860.0,10640.0,10800.0,10667.447265625,66246,10667.447265625,-0.03673334701349373,14274.1474609375,-0.25267359785812515,0.006805300567364947,0.18638868093936553,0.2932642823104221,10940.29654296875,12414.083134765626
2026-02-02,10560.0,10697.0,10400.0,10661.0,10530.1533203125,46807,10530.1533203125,-0.04089935367815689,14274.1474609375,-0.26229196180512915,-0.012870365504868198,0.186948233647579,0.2930484098930021,10918.843125,12408.734418945312
2026-02-03,10800.0,11035.0,10800.0,10915.0,10781.03515625,83810,10781.03515625,-0.0034564681883696435,14274.1474609375,-0.24471600242653502,0.023825088610395895,0.1919184009962816,0.29628007930494377,10904.501328125,12405.822075195312
2026-02-04,10915.0,11086.0,10827.0,10889.0,10755.3544921875,48360,10755.3544921875,-0.040418203530457886,14274.1474609375,-0.24651510560469525,-0.002382022105512971,0.18949413979706722,0.29624620145817837,10892.9646875,12400.96669921875
2026-02-05,11000.0,11310.0,10816.0,10891.0,10757.330078125,211732,10757.330078125,-0.021331244654883896,14274.1474609375,-0.24637670252718002,0.00018368394448886605,0.18929536442019326,0.29411321878688895,10878.16853515625,12394.885288085938
2026-02-06,10915.0,11023.0,10675.0,10999.0,10864.0048828125,53765,10864.0048828125,-0.041863982686488166,14274.1474609375,-0.2389034152447398,0.009916475920398016,0.19157089116902093,0.29380278886512773,10863.64896484375,12388.763442382813
2026-02-09,11032.0,11139.0,10957.0,11101.0,10964.7529296875,52907,10964.7529296875,-0.04896402033715974,14274.1474609375,-0.23184533719484535,0.009273564211517371,0.19290263640841881,0.292893001008923,10860.7845703125,12382.664702148437
2026-02-10,11063.0,11150.0,11005.0,11081.0,10944.998046875,33459,10944.998046875,-0.08575696000561217,14274.1474609375,-0.23322929955522875,-0.0018016714958540847,0.19121279316006543,0.291621377877073,10852.52716796875,12376.678071289063
2026-02-11,11097.0,11195.0,11015.0,11111.0,10974.6298828125,28692,10974.6298828125,-0.046635132218684094,14274.1474609375,-0.23115339022203807,0.0027073404500022047,0.17801984200332363,0.2897962203690978,10848.16140625,12371.727299804688
2026-02-12,11113.0,11181.0,11000.0,11040.0,10904.5009765625,24946,10904.5009765625,-0.023269388387042622,14274.1474609375,-0.23606639160736875,-0.006390093059979174,0.15264524195122353,0.2889834759073686,10847.98361328125,12365.66080078125
2026-02-13,11040.0,11040.0,10821.0,10881.0,10747.453125,32683,10747.453125,-0.04091759087080182,14274.1474609375,-0.2470686494999872,-0.0144021126597218,0.15747333639666178,0.28990324434746756,10841.24732421875,12358.995424804687
2026-02-16,10881.0,11239.0,10862.0,11133.0,10996.3603515625,46053,10996.3603515625,-0.005363311392085679,14274.1474609375,-0.22963102478413944,0.023159647561849628,0.1678390620189591,0.28962612378972125,10841.54365234375,12355.256796875
2026-02-17,11205.0,11274.0,11033.0,11217.0,11079.3291015625,34140,11079.3291015625,-0.01977863781663869,14274.1474609375,-0.22381850601711317,0.00754511014075776,0.16759476150273903,0.28995391800260756,10842.25482421875,12352.036010742188
2026-02-18,11236.0,11440.0,11226.0,11413.0,11272.9228515625,58482,11272.9228515625,-0.001819272616086165,14274.1474609375,-0.21025596222738507,0.01747341813076919,0.17403583246751603,0.29047047703098317,10851.0455859375,12350.033315429688
2026-02-19,11388.0,11460.0,11100.0,11188.0,11050.6845703125,68967,11050.6845703125,-0.05144489526446738,14274.1474609375,-0.22582524801893067,-0.019714344201264167,0.18380687811988555,0.29126590000720876,10853.51490234375,12347.130317382813
2026-02-20,11188.0,11217.0,10949.0,11188.0,11050.6845703125,61661,11050.6845703125,-0.07218909207546131,14274.1474609375,-0.22582524801893067,0.0,0.18378493739943547,0.2884555455162763,10855.2137890625,12343.987001953124
2026-02-23,11220.0,11632.0,11150.0,11501.0,11359.84375,137005,11359.84375,-0.04090465211307226,14274.1474609375,-0.2041665688905594,0.027976473106295252,0.19529559272191827,0.29189830669675,10865.42689453125,12344.145258789062
2026-02-24,11524.0,11558.0,11261.0,11330.0,11190.9423828125,62913,11190.9423828125,-0.05032405512857041,14274.1474609375,-0.2159992452482693,-0.014868282601818383,0.1827295037562271,0.2928804249573992,10873.92134765625,12344.98427734375
2026-02-25,11400.0,11449.0,11112.0,11166.0,11028.955078125,114964,11028.955078125,-0.06254894814051648,14274.1474609375,-0.22734754504206034,-0.014474858251105505,0.18856344444428927,0.2909536382363777,10875.9758203125,12340.815190429688
2026-02-26,11184.0,11224.0,10880.0,10951.0,10816.59375,109416,10816.59375,-0.06006341831255968,14274.1474609375,-0.24222488386079866,-0.0192548910228314,0.1978441656063756,0.29162961215265953,10873.66455078125,12336.432758789062
2026-02-27,10980.0,11060.0,10767.0,10804.0,10671.3974609375,83861,10671.3974609375,-0.12645406979662932,14274.1474609375,-0.25239686011786355,-0.013423476227208742,0.20204944321341894,0.29229046710507334,10868.37033203125,12330.83880859375
2026-03-02,10400.0,10720.0,10400.0,10695.0,10563.7353515625,35739,10563.7353515625,-0.11781004665534478,14274.1474609375,-0.259939314731677,-0.010088848229024894,0.20362208240690444,0.2919677169294244,10863.510703125,12321.71486328125
2026-03-04,10499.0,10681.0,10485.0,10651.0,10520.275390625,54569,10520.275390625,-0.10635980111358667,14274.1474609375,-0.2629839771927053,-0.0041140713479793645,0.2037711476610994,0.2862179065269312,10853.6926953125,12310.014604492188
2026-03-05,10658.0,10726.0,10540.0,10663.0,10532.1279296875,36502,10532.1279296875,-0.0777037387341547,14274.1474609375,-0.2621536271423829,0.0011266377183491993,0.202237893363416,0.2862483595171813,10841.9980078125,12294.146010742188
2026-03-06,10600.0,10791.0,10543.0,10560.0,10430.392578125,29688,10430.392578125,-0.11889894231298304,14274.1474609375,-0.2692808725236505,-0.009659524859713553,0.20379441236797943,0.2857680054753865,10827.7944921875,12282.87421875
2026-03-09,10481.0,10489.0,10200.0,10250.0,10124.197265625,53369,10124.197265625,-0.10824039850226186,14274.1474609375,-0.2907319128283644,-0.029356067876310288,0.2175475421331392,0.2888464631436082,10808.55357421875,12269.041533203124
2026-03-10,10308.0,10352.0,10111.0,10289.0,10162.71875,59081,10162.71875,-0.08689186661242976,14274.1474609375,-0.28803322385373964,0.0038048927104368246,0.21757305683892647,0.28843620963932765,10791.44615234375,12255.126801757813
2026-03-11,10300.0,10419.0,10110.0,10177.0,10052.09375,66296,10052.09375,-0.08574433227948308,14274.1474609375,-0.29578324887644136,-0.010885374546058313,0.21906592657929277,0.288153056116265,10770.24955078125,12237.961528320313
2026-03-12,10102.0,10103.0,9760.0,9789.0,9668.85546875,83281,9668.85546875,-0.14729072600933002,14274.1474609375,-0.3226316671304048,-0.03812521955935799,0.24129638716390112,0.2940051523417352,10746.68240234375,12217.752045898438
2026-03-13,9768.0,9856.0,9482.0,9506.0,9389.3291015625,60848,9389.3291015625,-0.15750865390277347,14274.1474609375,-0.34221436851081644,-0.028909974721510356,0.25223436469996613,0.2966874700612056,10710.6896484375,12197.003203125
2026-03-16,9506.0,9691.0,9345.0,9631.0,9512.794921875,46038,9512.794921875,-0.17636878743494033,14274.1474609375,-0.33356475769165017,0.013149589174795695,0.25522608289976817,0.29784383994896907,10676.8896484375,12177.783911132812
2026-03-17,9630.0,9729.0,9531.0,9663.0,9544.4013671875,31655,9544.4013671875,-0.16385051836566378,14274.1474609375,-0.3313505136957131,0.0033225193617725246,0.2544763872684089,0.25717966434164735,10646.902265625,12160.144931640625
2026-03-18,9663.0,9900.0,9657.0,9859.0,9737.99609375,32315,9737.99609375,-0.12795775665898346,14274.1474609375,-0.31778790149121616,0.020283590255126382,0.2514031324805838,0.25144244696826706,10618.9891015625,12143.047236328124
2026-03-19,9781.0,9781.0,9630.0,9674.0,9555.2666015625,74131,9555.2666015625,-0.14982873788759665,14274.1474609375,-0.3305893309767638,-0.018764588774560997,0.25535623887896003,0.25272802418440216,10588.8041796875,12125.016274414062
2026-03-20,9705.0,9794.0,9470.0,9512.0,9395.2548828125,42855,9395.2548828125,-0.15386783659614411,14274.1474609375,-0.3417992276930396,-0.016745918813383498,0.2577580288079722,0.2474527684376715,10555.49802734375,12107.460400390624
2026-03-23,9466.0,9498.0,9088.0,9162.0,9049.55078125,46331,9049.55078125,-0.20236334999921668,14274.1474609375,-0.36601812430375147,-0.03679560649226499,0.270492637708509,0.25341608380171166,10515.0605078125,12086.920478515625
2026-03-24,9252.0,9436.0,9211.0,9337.0,9222.4033203125,46884,9222.4033203125,-0.18712795063689636,14274.1474609375,-0.3539086417910111,0.019100676181699194,0.2767207303901515,0.25606007476318127,10481.35927734375,12066.911318359374
2026-03-25,9401.0,9662.0,9401.0,9554.0,9436.7392578125,49122,9436.7392578125,-0.18949966861082768,14274.1474609375,-0.3388929683095264,0.02324078985224176,0.28895871091213493,0.24463175756006314,10457.83162109375,12044.202353515626
2026-03-27,9464.0,9531.0,9120.0,9150.0,9037.6982421875,131105,9037.6982421875,-0.23209512106823926,14274.1474609375,-0.366848474354074,-0.04228590032247015,0.3076614435187376,0.2474446351261303,10426.63921875,12019.49818359375
2026-03-30,9026.0,9090.0,8712.0,8746.0,8638.65625,108922,8638.65625,-0.2824374587467714,14274.1474609375,-0.39480404881339026,-0.044153055511943595,0.32667056282460155,0.2551688680145046,10387.22892578125,11992.156328125
2026-04-01,8999.0,9166.0,8831.5,8907.0,8797.6806640625,71648,8797.6806640625,-0.27874521165664534,14274.1474609375,-0.38366331942848764,0.01840846648603489,0.33441998627432584,0.25731328103744827,10350.99912109375,11965.712583007813
2026-04-02,8780.0,9020.0,8588.0,8992.5,8882.130859375,52733,8882.130859375,-0.27682303123297225,14274.1474609375,-0.37774701545701717,0.009599143062497095,0.3262007288880817,0.2580776439420182,10317.623828125,11941.020185546875
2026-04-06,9037.0,9190.0,8838.0,9131.0,9018.931640625,48445,9018.931640625,-0.270204686583596,14274.1474609375,-0.36816320096831523,0.015401797543391105,0.3299938562519005,0.25965026793464113,10287.6562109375,11917.041220703126
2026-04-07,9077.0,9300.0,8933.0,9237.0,9123.6298828125,46495,9123.6298828125,-0.2536466283352182,14274.1474609375,-0.3608283851781593,0.011608718899242643,0.32669359384081803,0.2599355930279528,10261.52095703125,11894.105610351562
2026-04-08,9500.0,10100.5,9450.0,9970.0,9847.6337890625,101490,9847.6337890625,-0.19509802082580863,14274.1474609375,-0.3101070437998876,0.07935480894659164,0.40862095890652567,0.2924012781993608,10248.8187890625,11875.716953125
2026-04-09,9961.5,10090.0,9879.0,9912.5,9790.83984375,54813,9790.83984375,-0.16200954821423585,14274.1474609375,-0.31408584151568264,-0.00576726821173823,0.40853140893103423,0.2920279548170589,10232.57068359375,11857.559287109376
2026-04-10,9990.0,10118.5,9924.0,9997.5,9874.7958984375,42980,9874.7958984375,-0.12573272841180083,14274.1474609375,-0.3082041554172832,0.008574959454688003,0.39921884535702107,0.28459913708861545,10219.32525390625,11840.89546875
2026-04-13,9846.0,10022.0,9795.0,9858.0,9737.0087890625,39203,9737.0087890625,-0.13678858105668223,14274.1474609375,-0.31785706882258935,-0.013953413396301406,0.39901827361586395,0.28255267221573244,10204.489609375,11822.811962890624
2026-04-15,10004.5,10167.5,9942.5,10058.5,9935.0478515625,53511,9935.0478515625,-0.11977158595208093,14274.1474609375,-0.3039831010047598,0.02033879878207112,0.4040493732342312,0.28403974053239217,10191.73806640625,11806.478833007812
2026-04-16,10173.0,10260.0,10098.0,10205.0,10079.75,81617,10079.75,-0.04669710709979791,14274.1474609375,-0.2938457426207659,0.014564816455790108,0.4042361800054023,0.28235660257874046,10181.4262109375,11789.324326171874
2026-04-17,10210.0,10401.0,10150.5,10355.5,10228.40234375,47900,10228.40234375,-0.035514793924873,14274.1474609375,-0.2834316464965104,0.014747622088841394,0.40558487178804664,0.28221116628864545,10172.6453125,11773.1730078125
2026-04-20,10400.0,10496.0,10302.0,10388.0,10260.50390625,38761,10260.50390625,-0.05695836294150736,14274.1474609375,-0.2811827162127335,0.003138472795765068,0.40484839278300994,0.2819127317439642,10167.25232421875,11756.4514453125
2026-04-21,10375.0,10449.0,10304.5,10329.0,10202.2275390625,20317,10202.2275390625,-0.07809344814291586,14274.1474609375,-0.2852653675477417,-0.005679678865674664,0.40498992417702473,0.2818380030520675,10155.676171875,11738.003515625
2026-04-22,10355.0,10425.5,10300.0,10376.0,10248.6513671875,25978,10248.6513671875,-0.11648768754166217,14274.1474609375,-0.282013066263056,0.004550361962351035,0.4052463651008688,0.28025548676399015,10145.542109375,11718.583696289063
2026-04-23,10350.5,10583.0,10252.0,10376.5,10249.14453125,50640,10249.14453125,-0.09806476806745279,14274.1474609375,-0.28197851680475394,4.8119898397480654e-05,0.404335450841895,0.27983173332840655,10135.3783984375,11699.353090820312
2026-04-24,10351.5,10450.0,10210.0,10259.5,10133.5810546875,32677,10133.5810546875,-0.13583406674159537,14274.1474609375,-0.2900745153138593,-0.011275426569519298,0.39635134433091984,0.2803156480646588,10120.769921875,11679.171176757813
2026-04-27,10310.0,10420.0,10255.5,10333.5,10206.6728515625,20642,10206.6728515625,-0.14756945591375692,14274.1474609375,-0.2849539435196402,0.007212829944374777,0.39673386808739586,0.28012025639681704,10105.6083203125,11660.499755859375
2026-04-28,10333.5,10392.0,10185.0,10246.5,10120.740234375,65957,10120.740234375,-0.16277075686503084,14274.1474609375,-0.29097410111032385,-0.008419258502475158,0.3961859416698709,0.2801787920960419,10089.1231640625,11641.187358398438
2026-04-29,10355.0,10470.0,10290.0,10305.5,10179.0166015625,23745,10179.0166015625,-0.16459306613029534,14274.1474609375,-0.28689144977531567,0.005758113125911901,0.37902769054586255,0.2791746318801691,10073.2108984375,11621.866567382813
2026-04-30,10355.0,10372.5,10120.5,10267.0,10140.98828125,28916,10140.98828125,-0.164823134471205,14274.1474609375,-0.28955558929163827,-0.0037359522831176273,0.3680584783742999,0.2792153433076781,10057.94064453125,11604.350854492188
2026-05-01,10267.0,10267.0,10267.0,10267.0,10140.98828125,0,10140.98828125,-0.1524303214372843,14274.1474609375,-0.28955558929163827,0.0,0.3668250405252447,0.279212172968574,10045.81134765625,11586.933427734375
2026-05-04,10399.0,10691.0,10276.0,10376.0,10248.6513671875,48288,10248.6513671875,-0.15424823759725892,14274.1474609375,-0.282013066263056,0.010616626600048695,0.36759465028304705,0.2792017215901366,10030.85716796875,11569.9904296875
2026-05-05,10376.0,10498.0,10231.0,10469.0,10340.509765625,28968,10340.509765625,-0.14403497169588098,14274.1474609375,-0.27557776785459565,0.008962974263286627,0.3643206964713383,0.27774050583401744,10016.08078125,11554.111186523438
2026-05-06,10600.0,10799.0,10514.0,10612.0,10481.75390625,47202,10481.75390625,-0.10748661394066028,14274.1474609375,-0.26568266616733005,0.013659301507024102,0.36016091440965664,0.2782432391909293,10000.25740234375,11536.99208984375
2026-05-07,10800.0,10804.0,10542.0,10597.0,10466.9384765625,139708,10466.9384765625,-0.1071820972357006,14274.1474609375,-0.26672058662654097,-0.0014134494875581716,0.3554426081839448,0.2782114273395985,9988.58248046875,11519.720288085937
2026-05-08,10545.0,10840.0,10342.0,10632.0,10501.5087890625,79849,10501.5087890625,-0.10039465015842475,14274.1474609375,-0.26429870380694664,0.0033028103277199516,0.3339499483109311,0.2781872495119469,9977.59896484375,11502.960424804687
2026-05-11,10632.0,10662.0,10370.0,10425.0,10297.0498046875,34410,10297.0498046875,-0.11471083969645102,14274.1474609375,-0.27862243031562406,-0.019469486573962302,0.3386590173413031,0.27984787867695426,9956.3430859375,11485.153696289062
2026-05-12,10410.0,10525.0,10062.0,10097.0,9973.0751953125,42479,9973.0751953125,-0.14609313046901362,14274.1474609375,-0.30131902990320614,-0.03146285737372245,0.3484785725042983,0.2841240790999211,9931.9857421875,11466.9655078125
2026-05-13,10060.0,10195.0,9958.0,10025.0,9901.958984375,32335,9901.958984375,-0.12590123386335028,14274.1474609375,-0.3063011986199099,-0.007130820689181805,0.3235982467302064,0.2816974431872956,9909.4458203125,11447.50275390625
2026-05-14,10074.0,10473.0,9940.0,10357.0,10229.8837890625,57961,10229.8837890625,-0.07196270558007689,14274.1474609375,-0.28332786129206633,0.03311716451309854,0.3020213462867541,0.2822338982379591,9897.71162109375,11429.507626953126
2026-05-15,10305.0,10482.0,10229.0,10308.0,10181.4853515625,21073,10181.4853515625,-0.1417280079265829,14274.1474609375,-0.28671849723949827,-0.004731083802901659,0.30108622735012824,0.28228625477202274,9887.91337890625,11411.747197265626
2026-05-18,10250.0,10425.0,10100.0,10367.0,10239.76171875,30521,10239.76171875,-0.12428875451676902,14274.1474609375,-0.2826358459044901,0.0057237588794996075,0.30078683982938587,0.28159807060081726,9881.43390625,11393.334599609376
2026-05-19,10367.0,10475.0,10270.0,10313.0,10186.423828125,30959,10186.423828125,-0.13602528983317697,14274.1474609375,-0.28637252375309463,-0.0052088995906353075,0.3004779376344471,0.2812994423819733,9874.756875,11376.193491210937
2026-05-20,10237.0,10498.0,10171.0,10468.0,10339.521484375,39588,10339.521484375,-0.16539523685013124,14274.1474609375,-0.2756470036007377,0.015029578469658134,0.3013697200783619,0.28239294876769816,9870.90474609375,11360.063588867188
2026-05-21,10540.0,10685.0,10200.0,10402.0,10274.33203125,78531,10274.33203125,-0.20108315187780368,14274.1474609375,-0.28021396308489577,-0.006304881055038569,0.20198257445452358,0.2825539743895563,9867.78353515625,11342.330014648438
2026-05-22,10389.0,10575.0,10370.0,10483.0,10354.337890625,29263,10354.337890625,-0.2445313206392088,14274.1474609375,-0.2746090147267579,0.007786964557078502,0.20156860580181876,0.28289539473326275,9872.38634765625,11325.0112109375
2026-05-25,10650.0,10741.0,10535.0,10642.0,10511.3857421875,33285,10511.3857421875,-0.17133684676906213,14274.1474609375,-0.26360675683413937,0.015167348527875824,0.2043393576115404,0.28307533812455254,9879.3596875,11308.949423828126
2026-05-26,10681.0,10931.0,10601.0,10705.0,10573.61328125,47093,10573.61328125,-0.17975089908328046,14274.1474609375,-0.25924729934410073,0.005920012887810744,0.19875916910275043,0.2796110174382773,9889.790078125,11293.76392578125
2026-05-27,10705.0,10710.0,10500.0,10556.0,10426.44140625,30861,10426.44140625,-0.19459978496361108,14274.1474609375,-0.26955767867868097,-0.013918787370536534,0.1973254135224378,0.28058430635269926,9904.941796875,11277.59193359375
2026-05-28,10556.0,10556.0,10556.0,10556.0,10426.44140625,0,10426.44140625,-0.22682041991797686,14274.1474609375,-0.26955767867868097,0.0,0.19354346824019522,0.2805776202792884,9925.68404296875,11261.606684570312
2026-05-29,10570.0,10620.0,10270.0,10361.0,10233.8349609375,103855,10233.8349609375,-0.2535905400429208,14274.1474609375,-0.28305105513703577,-0.018472884257235145,0.19724972636184912,0.2822679133660871,9940.10484375,11245.906645507812
2026-06-01,10450.0,10547.0,10200.0,10270.0,10143.9521484375,66761,10143.9521484375,-0.2507660107056848,14274.1474609375,-0.289347950467981,-0.008782906197244977,0.19867095342018046,0.2824947123986756,9952.095859375,11228.90701171875
2026-06-02,10295.0,10318.0,10073.0,10240.0,10114.3203125,31461,10114.3203125,-0.24275040536401682,14274.1474609375,-0.2914238598011716,-0.002921133252986041,0.19818273888218826,0.28248743709465385,9959.62234375,11212.06390625
2026-06-03,10200.0,10265.0,10060.0,10190.0,10064.93359375,25913,10064.93359375,-0.23005035884693859,14274.1474609375,-0.29488373149474567,-0.004882850970120534,0.19809832781198863,0.2822733375680824,9969.81568359375,11193.357055664062
2026-06-04,10149.0,10278.0,10081.0,10127.0,10002.70703125,24423,10002.70703125,-0.239773490059908,14274.1474609375,-0.29924312057001545,-0.006182510984338752,0.19876295213914397,0.28230466760362477,9981.9647265625,11175.528334960938
2026-06-05,10189.0,10355.0,10131.0,10199.0,10073.8232421875,68806,10073.8232421875,-0.23459676817388364,14274.1474609375,-0.2942609518533116,0.007109696476695904,0.19742895913466815,0.28187801701157633,10002.45017578125,11157.504794921875
2026-06-08,10092.0,10092.0,9816.0,9868.0,9746.8857421875,45644,9746.8857421875,-0.24480387076935373,14274.1474609375,-0.3171651218497821,-0.032454162847610823,0.21711420914299606,0.2867824360345531,10012.93982421875,11136.770327148437
2026-06-09,9938.0,10280.0,9870.0,10253.0,10127.16015625,57488,10127.16015625,-0.2303147940714817,14274.1474609375,-0.290524342419476,0.039014965817907976,0.245537955563062,0.2942498371750047,10026.7482421875,11116.035390625
2026-06-10,10280.0,10283.0,9974.0,10035.0,9911.8359375,32889,9911.8359375,-0.2504794663739197,14274.1474609375,-0.3056092516471026,-0.021262053273356396,0.2525505901452973,0.2959244213506478,10044.23099609375,11097.85060546875
2026-06-11,9976.0,10021.0,9850.0,9863.0,9741.947265625,29918,9741.947265625,-0.3030779549863606,14274.1474609375,-0.3175110953361857,-0.017139980216203,0.25687216405624813,0.29718458171505424,10066.29681640625,11079.519125976563
2026-06-12,9958.0,10199.0,9904.0,10161.0,10036.2900390625,29301,10036.2900390625,-0.2820211824535349,14274.1474609375,-0.2968904050817943,0.03021395675955918,0.2725571092244651,0.30142308911924864,10091.06900390625,11062.374331054687
2026-06-15,10280.0,10552.0,10254.0,10286.0,10159.755859375,62629,10159.755859375,-0.2798088773907287,14274.1474609375,-0.28824079426262805,0.012301938249288824,0.2731815534970013,0.3014410830255713,10116.62150390625,11046.608579101563
2026-06-16,10350.0,10500.0,10295.0,10464.0,10335.5712890625,32359,10335.5712890625,-0.26627459772620254,14274.1474609375,-0.2759237413409993,0.01730508411038878,0.27664702657671686,0.30016318771896733,10142.954296875,11033.097915039063
2026-06-17,10500.0,10598.0,10414.0,10500.0,10371.12890625,39333,10371.12890625,-0.24958966048286835,14274.1474609375,-0.2734326911900318,0.003440314636998121,0.2738759977799627,0.3002065575215823,10167.90427734375,11021.082080078126
2026-06-18,10550.0,10705.0,10500.0,10676.0,10544.96875,50170,10544.96875,-0.23668628596157948,14274.1474609375,-0.26125404134591823,0.016761901748732377,0.2782136970588298,0.3015496501984223,10181.8509765625,11010.08779296875
2026-06-19,10740.0,10844.0,10582.0,10677.0,10545.95703125,56613,10545.95703125,-0.2308257732832567,14274.1474609375,-0.2611848055997762,9.372064284218773e-05,0.2780777416822489,0.30107855540388306,10196.9533203125,11000.061650390626
2026-06-22,10741.0,10939.0,10690.0,10895.0,10761.28125,97395,10761.28125,-0.20436298291967914,14274.1474609375,-0.24609989637214957,0.02041770302230006,0.277479579847622,0.3026399491745231,10214.68302734375,10992.222768554688
2026-06-23,10920.0,10995.0,10600.0,10615.0,10484.7177734375,67206,10484.7177734375,-0.21886258586155494,14274.1474609375,-0.2654750273436728,-0.025699865112483677,0.27195697666955987,0.3056631182054844,10229.63720703125,10982.627578125
2026-06-24,10630.0,10701.0,10523.0,10583.0,10453.1103515625,60977,10453.1103515625,-0.20855095932645695,14274.1474609375,-0.2676893397543787,-0.0030146182813881595,0.2710411318041239,0.3056539472634914,10239.99845703125,10970.893876953125
2026-06-25,10583.0,10810.0,10570.0,10599.0,10468.9140625,34737,10468.9140625,-0.21602954586224754,14274.1474609375,-0.26658218354902574,0.0015118668421152393,0.2544272741083655,0.3054983879381358,10247.78173828125,10959.445595703124
2026-06-26,10599.0,10599.0,10599.0,10599.0,10468.9140625,0,10468.9140625,-0.20700100617567874,14274.1474609375,-0.26658218354902574,0.0,0.2538872568120528,0.304561174380735,10252.59197265625,10948.267607421874
2026-06-29,10599.0,10692.0,10555.0,10592.0,10462.0,52336,10462.0,-0.22564799315239348,14274.1474609375,-0.2670665601129446,-0.0006604374110554811,0.2535404028257994,0.30200540152267175,10256.62189453125,10937.816767578124
2026-06-30,10545.0,10670.0,10385.0,10603.0,10603.0,92118,10603.0,-0.21218046515974764,14274.1474609375,-0.25718856211790775,0.01347734658765054,0.25544420618901026,0.30260845139417875,10264.63734375,10926.631030273438
2026-07-01,10649.0,10905.0,10513.0,10719.0,10719.0,88123,10719.0,-0.21211726201055292,14274.1474609375,-0.2490619822070974,0.010940299915118468,0.2538266451778314,0.3017175526834853,10274.04431640625,10916.074438476562
2026-07-02,10780.0,10910.0,10753.0,10858.0,10858.0,46088,10858.0,-0.218388584160087,14274.1474609375,-0.2393240976587987,0.01296762757719927,0.2549357185782805,0.30074282246728895,10286.22142578125,10905.99169921875
2026-07-03,10939.0,11218.0,10921.0,11079.0,11079.0,65821,11079.0,-0.21606865988593815,14274.1474609375,-0.22384156179423753,0.020353656290292843,0.2599800725499594,0.30266875612942534,10305.1298046875,10896.4635546875
2026-07-06,11111.0,11148.0,10787.0,10819.0,10819.0,43332,10819.0,-0.23243730995668976,14274.1474609375,-0.2420563098701919,-0.02346782200559616,0.2674819902276563,0.3015439767097944,10317.37634765625,10885.699296875
2026-07-07,10923.0,10943.0,10710.0,10759.0,10759.0,37791,10759.0,-0.24071789449555736,14274.1474609375,-0.2462597132723352,-0.005545799057214196,0.26775034486497046,0.3006765906660241,10330.14154296875,10873.028056640625
2026-07-08,10650.0,10728.0,10276.0,10336.0,10336.0,56531,10336.0,-0.25858748600753456,14274.1474609375,-0.27589370725744555,-0.03931592155404773,0.28908181589275606,0.30681228687181344,10333.2812109375,10857.563637695312
2026-07-09,10392.0,10611.0,10388.0,10581.0,10581.0,48069,10581.0,-0.2433073207095251,14274.1474609375,-0.258729810032027,0.023703560371516996,0.2972227543966862,0.3078106601624903,10342.0814453125,10844.287426757812
2026-07-10,10687.0,10695.0,10493.0,10654.0,10654.0,23369,10654.0,-0.24133964376461514,14274.1474609375,-0.253615669226086,0.006899158869672073,0.2920821983838515,0.30719019813887394,10352.3416796875,10832.658852539062
2026-07-13,10150.0,10915.0,10132.0,10752.0,10752.0,83705,10752.0,-0.21196885966450485,14274.1474609375,-0.24675011033591854,0.009198423127463773,0.291226070107183,0.3070623909166488,10362.40865234375,10820.838745117188
2026-07-14,10635.0,10714.0,10459.0,10486.0,10486.0,29082,10486.0,-0.23035558784846977,14274.1474609375,-0.2653851987520872,-0.02473958333333337,0.30119335193753993,0.30984424843708797,10365.31845703125,10807.757778320312
2026-07-15,10480.0,10577.0,10458.0,10531.0,10531.0,42422,10531.0,-0.22777691646953047,14274.1474609375,-0.2622326462004798,0.004291436200648535,0.3007094366227798,0.3099176966251823,10366.30337890625,10795.2080078125
2026-07-16,10531.0,10559.0,10380.0,10417.0,10417.0,60178,10417.0,-0.22930424801370963,14274.1474609375,-0.270219112664552,-0.010825182793656851,0.30206281251976647,0.3100286735802921,10365.304609375,10783.589584960937
2026-07-17,10444.0,10533.0,10345.0,10398.0,10398.0,68257,10398.0,-0.25224226150893436,14274.1474609375,-0.2715501904085641,-0.0018239416338676762,0.3017381673796561,0.30600027416855635,10363.23443359375,10772.868823242188
2026-07-20,10369.0,10446.0,10285.0,10299.0,10299.0,67812,10299.0,-0.26019833873596054,14274.1474609375,-0.2784858060221006,-0.009521061742642778,0.2864226257150391,0.3064024481601014,10363.2734375,10762.818579101562
2026-07-21,10299.0,10525.0,10299.0,10446.0,10446.0,109643,10446.0,-0.24596571329479522,14274.1474609375,-0.2681874676868494,0.014273230410719595,0.26694946726599517,0.3066865498981153,10372.73193359375,10754.565141601563
2026-07-22,10446.0,10544.0,10304.0,10425.0,10425.0,41630,10425.0,-0.24774841401206693,14274.1474609375,-0.26965865887759966,-0.0020103388856979043,0.2585914870702694,0.29964385940909405,10383.19275390625,10747.446303710938
2026-07-23,10446.0,10700.0,10378.0,10636.0,10636.0,108337,10636.0,-0.21855672913899826,14274.1474609375,-0.254876690246729,0.020239808153477146,0.257476210679024,0.2970219970482272,10391.315078125,10742.2566015625
2026-07-24,10625.0,10750.0,10555.0,10679.0,10679.0,73470,10679.0,-0.2258514306458822,14274.1474609375,-0.2518642511418596,0.004042873260624358,0.2443282329603555,0.2964060030803744,10401.26537109375,10737.365854492187
2026-07-27,10694.0,10829.0,10631.0,10810.0,10810.0,69044,10810.0,-0.2183042162227664,14274.1474609375,-0.24268682038051337,0.01226706620470086,0.24431570797152133,0.29694276914322865,10412.67013671875,10731.712719726562
2026-07-28,10800.0,10886.0,10741.0,10831.0,10831.0,50011,10831.0,-0.21134861631905788,14274.1474609375,-0.24121562918976325,0.001942645698427281,0.24007458574540338,0.2952488202938743,10425.56166015625,10726.144833984376
2026-07-29,10875.0,10968.0,10810.0,10949.0,10949.0,25720,10949.0,-0.21356279165815584,14274.1474609375,-0.23294893583221465,0.010894654233219558,0.24151913808001518,0.2936937962966158,10437.75123046875,10722.075654296876
2026-07-30,10875.0,10990.0,10875.0,10970.0,10970.0,39575,10970.0,-0.19425004538641288,14274.1474609375,-0.23147774464146453,0.0019179833774773947,0.2373898619340288,0.2920336680951366,10451.66458984375,10717.2966015625
2026-07-31,11000.0,11467.0,10951.0,11343.0,11343.0,89978,11343.0,-0.1638348481910038,14274.1474609375,-0.205346586824807,0.03400182315405642,0.2553943118984061,0.2894965453702888,10471.43783203125,10712.999731445312
2026-08-03,11313.0,11629.0,11257.0,11599.0,11599.0,46101,11599.0,-0.16077268929745958,14274.1474609375,-0.18741206564232882,0.022568985277263476,0.2567740136607889,0.29011121124327194,10493.1901171875,10710.689086914062
2026-08-04,11530.0,11598.0,11364.0,11475.0,11475.0,26227,11475.0,-0.1695673692217372,14274.1474609375,-0.19609909934009162,-0.010690576773859761,0.2458366101764147,0.2888671359199649,10511.2178515625,10707.72880859375
2026-08-05,11510.0,11624.0,11419.0,11496.0,11496.0,36376,11496.0,-0.1623276636286921,14274.1474609375,-0.1946279081493415,0.001830065359477162,0.24518462234331126,0.2788287162702697,10532.6090234375,10703.47095703125
2026-08-06,11496.0,11583.0,11387.0,11387.0,11387.0,49087,11387.0,-0.1633796046169399,14274.1474609375,-0.2022640909965685,-0.009481558803061896,0.24793255216899912,0.26811747066456887,10551.8201953125,10697.90755859375
2026-08-07,11400.0,11428.0,11263.0,11263.0,11263.0,25976,11263.0,-0.17552653212950453,14274.1474609375,-0.21095112469433142,-0.010889610959866514,0.251038014043761,0.26789808764488904,10572.40349609375,10691.97109375
2026-08-10,11263.0,11498.0,11219.0,11471.0,11471.0,36334,11471.0,-0.1579985025578019,14274.1474609375,-0.1963793262335679,0.0184675486104946,0.25499504170280174,0.26893614015364453,10598.944453125,10686.447421875
2026-08-11,11490.0,11599.0,11412.0,11550.0,11550.0,36058,11550.0,-0.13637387580628146,14274.1474609375,-0.1908448450874125,0.006886932263969969,0.25339702339988723,0.2681995511060804,10627.658046875,10679.284033203125
2026-08-12,11587.0,11587.0,11410.0,11579.0,11579.0,21972,11579.0,-0.14507504975869812,14274.1474609375,-0.18881320010970992,0.0025108225108225746,0.2522709560198002,0.2677940624192793,10657.939375,10672.26564453125
2026-08-13,11570.0,11570.0,11410.0,11500.0,11500.0,17501,11500.0,-0.14707038668363637,14274.1474609375,-0.19434768125586532,-0.006822696260471495,0.2517905367763705,0.23482655306544412,10687.885234375,10665.795532226562
2026-08-14,11540.0,11541.0,11387.0,11475.0,11475.0,31456,11475.0,-0.16885791879912193,14274.1474609375,-0.19609909934009162,-0.0021739130434782483,0.24594875380759287,0.23457408828543613,10715.90876953125,10660.020234375
2026-08-17,11511.0,11574.0,11306.0,11379.0,11379.0,147900,11379.0,-0.16136338216799162,14274.1474609375,-0.20282454478352097,-0.00836601307189544,0.2364513473744266,0.23491626432915222,10748.5510546875,10654.59462890625
2026-08-18,11379.0,11435.0,11211.0,11254.0,11254.0,21569,11254.0,-0.17725084701619553,14274.1474609375,-0.2115816352046529,-0.010985148079796114,0.23843517417297336,0.23440873622465805,10771.0878515625,10649.398403320312
2026-08-19,11264.0,11383.0,11234.0,11380.0,11380.0,25169,11380.0,-0.18092840278817446,14274.1474609375,-0.20275448806015195,0.0111960191931757,0.20580688483862858,0.2328463311041687,10800.4511328125,10645.538403320312
2026-08-20,11380.0,11423.0,11303.0,11368.0,11368.0,26558,11368.0,-0.2035951687405806,14274.1474609375,-0.2035951687405806,-0.0010544815465729496,0.1967824349791821,0.23185167952960703,10832.9721875,10642.487602539062
2026-08-21,11360.0,11410.0,11280.0,11320.0,11320.0,24339,11320.0,-0.16450121969467413,14274.1474609375,-0.20695789146229526,-0.004222378606615007,0.19724571101976912,0.23094052867483447,10858.64638671875,10639.374594726563
2026-08-24,11250.0,11360.0,11050.0,11120.0,11120.0,70315,11120.0,-0.17065943211677226,14274.1474609375,-0.2209692361361063,-0.017667844522968212,0.20409164215233916,0.23306870926801426,10877.85126953125,10630.0858984375
2026-08-25,11120.0,11290.0,10811.0,11290.0,11290.0,64609,11290.0,-0.16154539880036978,14274.1474609375,-0.20905959316336686,0.015287769784172678,0.19252438104454367,0.23400593815161833,10896.93984375,10624.407895507813
2026-08-26,11270.0,11540.0,11223.0,11540.0,11540.0,34213,11540.0,-0.1331719924039877,14274.1474609375,-0.19154541232110311,0.02214348981399472,0.20071688170129137,0.23654990526169023,10920.317265625,10619.811982421876
2026-08-27,11440.0,11520.0,11331.0,11399.0,11399.0,55310,11399.0,-0.125689622098887,14274.1474609375,-0.20142341031613986,-0.012218370883882113,0.20159735252097272,0.23764070195831913,10937.397890625,10616.772963867188
2026-08-28,11406.0,11429.0,11250.0,11340.0,11340.0,31933,11340.0,-0.11227983990984092,14274.1474609375,-0.20555675699491416,-0.005175892622159783,0.2025384598485758,0.23694545534987682,10953.27875,10614.219248046875
