Date,Open,High,Low,Close,Adj Close,Volume,Price,rolling_1y_return,running_max,drawdown,daily_return,rolling_volatility_30d,rolling_volatility_90d,sma50,sma200
2023-08-28,136.10000610351562,136.39999389648438,134.60000610351562,134.89999389648438,131.7657928466797,13346571,131.7657928466797,,131.7657928466797,0.0,,,,,
2023-08-29,135.3000030517578,135.85000610351562,134.10000610351562,134.5500030517578,131.4239501953125,11118400,131.4239501953125,,131.7657928466797,-0.0025943201492738543,-0.0025943201492738543,,,,
2023-08-30,135.5,135.5,134.25,134.5500030517578,131.4239501953125,12555619,131.4239501953125,,131.7657928466797,-0.0025943201492738543,0.0,,,,
2023-08-31,134.5500030517578,135.0500030517578,132.1999969482422,133.1999969482422,130.1053009033203,14954352,130.1053009033203,,131.7657928466797,-0.012601843828249804,-0.010033553930105632,,,,
2023-09-01,134.0500030517578,138.39999389648438,133.89999389648438,137.85000610351562,134.6472625732422,23415545,134.6472625732422,,134.6472625732422,0.0,0.03490988943868589,,,,
2023-09-04,139.5,142.35000610351562,139.1999969482422,140.5500030517578,137.2845458984375,28262276,137.2845458984375,,137.2845458984375,0.0,0.01958660929895073,,,,
2023-09-05,141.3000030517578,141.89999389648438,139.1999969482422,139.6999969482422,136.45428466796875,11695197,136.45428466796875,,137.2845458984375,-0.0060477399334005755,-0.0060477399334005755,,,,
2023-09-06,140.5,140.75,137.75,138.3000030517578,135.0867919921875,10151022,135.0867919921875,,137.2845458984375,-0.016008749505395103,-0.010021617709614183,,,,
2023-09-07,138.4499969482422,141.0,137.60000610351562,139.85000610351562,136.60079956054688,18438943,136.60079956054688,,137.2845458984375,-0.0049805047859972085,0.011207665427771296,,,,
2023-09-08,140.5500030517578,144.3000030517578,140.1999969482422,143.3000030517578,139.97064208984375,16579557,139.97064208984375,,139.97064208984375,0.0,0.024669273826638305,,,,
2023-09-11,144.35000610351562,147.14999389648438,143.0500030517578,144.6999969482422,141.33810424804688,19902175,141.33810424804688,,141.33810424804688,0.0,0.009769635530609166,,,,
2023-09-12,144.60000610351562,144.9499969482422,133.60000610351562,134.14999389648438,131.03321838378906,48752780,131.03321838378906,,141.33810424804688,-0.07290946711845547,-0.07290946711845547,,,,
2023-09-13,135.0,136.9499969482422,133.3000030517578,135.85000610351562,132.69374084472656,19282289,132.69374084472656,,141.33810424804688,-0.061160884032727236,0.012672530534004967,,,,
2023-09-14,138.0,138.6999969482422,135.5,136.8000030517578,133.62168884277344,13197189,133.62168884277344,,141.33810424804688,-0.05459543586159332,0.006993155759567715,,,,
2023-09-15,137.5,138.1999969482422,135.10000610351562,135.6999969482422,132.54721069335938,9651337,132.54721069335938,,141.33810424804688,-0.062197618975131985,-0.00804119569749151,,,,
2023-09-18,145.0,145.0,139.0,139.89999389648438,136.64962768554688,51859825,136.64962768554688,,141.33810424804688,-0.03317206345340373,0.03095060975427244,,,,
2023-09-20,140.0,140.10000610351562,136.25,136.89999389648438,133.71932983398438,19080613,133.71932983398438,,141.33810424804688,-0.053904603111781024,-0.021443877317438353,,,,
2023-09-21,137.0,138.0,134.60000610351562,135.25,132.107666015625,9531884,132.107666015625,,141.33810424804688,-0.06530749992388851,-0.0120525867154756,,,,
2023-09-22,134.14999389648438,136.89999389648438,134.0500030517578,136.0500030517578,132.88906860351562,12604969,132.88906860351562,,141.33810424804688,-0.05977889465464514,0.005914892083539014,,,,
2023-09-25,136.3000030517578,136.85000610351562,133.60000610351562,136.60000610351562,133.42630004882812,14984591,133.42630004882812,,141.33810424804688,-0.05597785707761882,0.0040427060777690205,,,,
2023-09-26,136.60000610351562,138.3000030517578,135.89999389648438,137.64999389648438,134.451904296875,12315581,134.451904296875,,141.33810424804688,-0.0487214681971867,0.007686672325257771,,,,
2023-09-27,137.39999389648438,137.5500030517578,135.6999969482422,136.60000610351562,133.42630004882812,8713378,133.42630004882812,,141.33810424804688,-0.05597785707761882,-0.007628038095929823,,,,
2023-09-28,136.89999389648438,138.0,134.60000610351562,135.0500030517578,131.91232299804688,22012674,131.91232299804688,,141.33810424804688,-0.06668959726145651,-0.01134691623935613,,,,
2023-09-29,136.0,138.64999389648438,135.75,138.3000030517578,135.0867919921875,8504659,135.0867919921875,,141.33810424804688,-0.044229489910862174,0.024064991973400618,,,,
2023-10-03,137.89999389648438,140.60000610351562,137.1999969482422,139.1999969482422,135.9658966064453,19010910,135.9658966064453,,141.33810424804688,-0.0380096200538631,0.0065077022060651135,,,,
2023-10-04,138.0,139.14999389648438,136.5500030517578,138.85000610351562,135.62403869628906,14912053,135.62403869628906,,141.33810424804688,-0.040428344374349945,-0.002514291588469164,,,,
2023-10-05,139.5,141.35000610351562,138.10000610351562,138.9499969482422,135.7217254638672,15996620,135.7217254638672,,141.33810424804688,-0.03973718774608015,0.0007202762026345955,,,,
2023-10-06,139.0,140.5,138.64999389648438,139.0,135.7705535888672,4987359,135.7705535888672,,141.33810424804688,-0.0393917173914311,0.00035976646209823215,,,,
2023-10-09,136.1999969482422,137.60000610351562,135.0500030517578,135.75,132.59605407714844,10489249,132.59605407714844,,141.33810424804688,-0.06185204066099703,-0.023381354997870862,,,,
2023-10-10,137.39999389648438,141.0,136.5,139.9499969482422,136.698486328125,15593722,136.698486328125,,141.33810424804688,-0.032826377179782984,0.03093932379458031,,,,
2023-10-11,139.9499969482422,140.5,137.5,137.75,134.5496063232422,10778916,134.5496063232422,,141.33810424804688,-0.04803020360943111,-0.01571985222809813,0.3293317561428961,,,
2023-10-12,137.9499969482422,138.6999969482422,137.1999969482422,138.1999969482422,134.9891357421875,7567439,134.9891357421875,,141.33810424804688,-0.04492043062016027,0.003266671906043239,0.32922809519139296,,,
2023-10-13,136.3000030517578,138.1999969482422,136.3000030517578,137.4499969482422,134.25656127929688,8303230,134.25656127929688,,141.33810424804688,-0.05010356553475459,-0.005426914239155867,0.32976152173223816,,,
2023-10-16,137.0,137.89999389648438,136.5500030517578,137.39999389648438,134.20773315429688,7785480,134.20773315429688,,141.33810424804688,-0.05044903588940375,-0.0003636926533402418,0.3281566337074861,,,
2023-10-17,137.5,138.89999389648438,137.5,138.5500030517578,135.3310089111328,6076896,135.3310089111328,,141.33810424804688,-0.04250159834018763,0.00836967982720127,0.31317067345781296,,,
2023-10-18,138.75,138.9499969482422,136.39999389648438,137.0500030517578,133.86585998535156,6806231,133.86585998535156,,141.33810424804688,-0.052867868169376386,-0.01082640953887637,0.3093275517924935,,,
2023-10-19,136.0,137.1999969482422,135.0500030517578,137.0,133.81700134277344,7775836,133.81700134277344,,141.33810424804688,-0.053213554442997024,-0.00036498209912128043,0.3089045141970359,,,
2023-10-20,136.6999969482422,136.89999389648438,133.5,134.1999969482422,131.0820770263672,8982112,131.0820770263672,,141.33810424804688,-0.07256378084483484,-0.020437794069235737,0.31315113762328645,,,
2023-10-23,134.3000030517578,135.89999389648438,131.39999389648438,132.6999969482422,129.61692810058594,19333777,129.61692810058594,,141.33810424804688,-0.08293005067402348,-0.011177339869939185,0.312405491622977,,,
2023-10-25,132.5,134.64999389648438,129.25,131.1999969482422,128.15176391601562,10225867,128.15176391601562,,141.33810424804688,-0.09329642846269792,-0.011303802721148504,0.3034321140774562,,,
2023-10-26,130.0,130.1999969482422,127.0,128.85000610351562,125.85639190673828,18167694,125.85639190673828,,141.33810424804688,-0.1095367199360362,-0.0179113571217141,0.3041079636298095,,,
2023-10-27,129.25,132.85000610351562,129.25,132.1999969482422,129.12855529785156,8761931,129.12855529785156,,141.33810424804688,-0.08638540197742917,0.02599918320825534,0.23590883705027355,,,
2023-10-30,133.5,133.9499969482422,130.8000030517578,131.9499969482422,128.8843231201172,9052085,128.8843231201172,,141.33810424804688,-0.0881134015075894,-0.001891387827975155,0.2326596360858506,,,
2023-10-31,132.5,133.64999389648438,130.75,133.25,130.15415954589844,8098744,130.15415954589844,,141.33810424804688,-0.07912901309699705,0.009852528182173081,0.2336445953076322,,,
2023-11-01,133.75,134.5500030517578,132.0500030517578,132.39999389648438,129.32388305664062,10431945,129.32388305664062,,141.33810424804688,-0.08500341259934707,-0.006379177524211355,0.233244567845683,,,
2023-11-02,133.6999969482422,135.0,133.3000030517578,134.75,131.61929321289062,4885035,131.61929321289062,,141.33810424804688,-0.0687628512272942,0.01774931359928833,0.2204576306635853,,,
2023-11-03,135.14999389648438,137.0,134.75,135.9499969482422,132.79139709472656,9154983,132.79139709472656,,141.33810424804688,-0.06046994332342914,0.008905258896506174,0.2136306550962214,,,
2023-11-06,136.9499969482422,138.0,136.0,137.64999389648438,134.451904296875,7070089,134.451904296875,,141.33810424804688,-0.0487214681971867,0.012504629354595398,0.2135923262855674,,,
2023-11-07,137.5500030517578,138.9499969482422,136.6999969482422,138.0500030517578,134.84262084960938,8587321,134.84262084960938,,141.33810424804688,-0.04595705760307922,0.002905994933858791,0.2131282579713206,,,
2023-11-08,137.75,141.14999389648438,137.6999969482422,140.39999389648438,137.1380157470703,9755483,137.1380157470703,,141.33810424804688,-0.029716604190512252,0.017022769826025685,0.21822357819407537,,133.52203140258788,
2023-11-09,139.9499969482422,139.9499969482422,137.60000610351562,137.9499969482422,134.74493408203125,5481774,134.74493408203125,,141.33810424804688,-0.04664821423134902,-0.017450169830754536,0.22363062661235902,,133.58161422729492,
2023-11-10,137.5,139.10000610351562,137.0500030517578,138.8000030517578,135.57521057128906,5781314,135.57521057128906,,141.33810424804688,-0.04077381472899899,0.006161838253246232,0.2230237274689652,,133.66463943481446,
2023-11-13,139.14999389648438,144.1999969482422,139.0500030517578,143.39999389648438,140.06832885742188,20245049,140.06832885742188,,141.33810424804688,-0.008983956572649054,0.033141149235170975,0.23896910964992302,,133.83752700805664,
2023-11-15,144.5,145.39999389648438,142.5,143.0500030517578,139.7264404296875,11440473,139.7264404296875,,141.33810424804688,-0.011402896812107488,-0.0024408688996524486,0.22998792468519746,,134.02994979858397,
2023-11-16,143.25,144.35000610351562,142.1999969482422,142.60000610351562,139.2869110107422,11453235,139.2869110107422,,141.33810424804688,-0.01451266980137833,-0.003145642425253725,0.22976361526890562,,134.122742767334,
2023-11-17,142.85000610351562,146.5,141.8000030517578,146.10000610351562,142.70558166503906,13496261,142.70558166503906,,142.70558166503906,0.0,0.024544091253723144,0.23944368500971433,,134.231163482666,
2023-11-20,146.39999389648438,146.75,143.14999389648438,143.85000610351562,140.5078582763672,7741502,140.5078582763672,,142.70558166503906,-0.015400402444176398,-0.015400402444176398,0.2445829346838745,,134.312234954834,
2023-11-21,144.14999389648438,144.5500030517578,142.25,142.85000610351562,139.53111267089844,9972235,139.53111267089844,,142.70558166503906,-0.022244883186081643,-0.006951537212584791,0.2457346108012139,,134.4011213684082,
2023-11-22,143.25,143.4499969482422,140.14999389648438,141.85000610351562,138.55435180664062,7445272,138.55435180664062,,142.70558166503906,-0.029089470852950106,-0.0070003087165342315,0.23598917355176807,,134.44019241333007,
2023-11-23,141.85000610351562,142.5500030517578,139.10000610351562,139.35000610351562,136.1124267578125,13138745,136.1124267578125,,142.70558166503906,-0.046201100407565865,-0.01762431144880927,0.22520187238491512,,134.36302810668946,
2023-11-24,139.9499969482422,142.14999389648438,137.35000610351562,140.35000610351562,137.08920288085938,19614754,137.08920288085938,,142.70558166503906,-0.0393564058157343,0.007176245007995297,0.22109428405813736,,134.2780500793457,
2023-11-28,141.64999389648438,141.8000030517578,140.39999389648438,141.3000030517578,138.01712036132812,8595693,138.01712036132812,,142.70558166503906,-0.03285408495594633,0.006768713078557864,0.22167746168397057,,134.4177281188965,
2023-11-29,142.0500030517578,142.64999389648438,140.5,141.0,137.72409057617188,14680789,137.72409057617188,,142.70558166503906,-0.03490747194850319,-0.0021231408421585884,0.22107267055532612,,134.51833511352538,
2023-11-30,141.0,146.35000610351562,140.75,145.89999389648438,142.51022338867188,27591484,142.51022338867188,,142.70558166503906,-0.0013689603033589792,0.034751602224978306,0.2417295904792577,,134.69610580444336,
2023-12-01,147.9499969482422,150.3000030517578,146.75,147.4499969482422,144.02423095703125,34466616,144.02423095703125,,144.02423095703125,0.0,0.010623852326932193,0.24232404825987025,,134.9256462097168,
2023-12-04,152.0,157.5,151.60000610351562,153.5500030517578,149.98251342773438,51416976,149.98251342773438,,149.98251342773438,0.0,0.04137000025003257,0.26419581078241694,,135.19230392456055,
2023-12-05,153.6999969482422,155.10000610351562,149.9499969482422,152.0,148.468505859375,29109123,148.468505859375,,149.98251342773438,-0.010094560584150147,-0.010094560584150147,0.2670593972381967,,135.48728744506835,
2023-12-06,152.60000610351562,157.14999389648438,151.85000610351562,156.14999389648438,152.52210998535156,26688698,152.52210998535156,,152.52210998535156,0.0,0.027302787904500248,0.26555141277386646,,135.8955763244629,
2023-12-07,161.8000030517578,161.8000030517578,158.25,160.35000610351562,156.62452697753906,51346222,156.62452697753906,,156.62452697753906,0.0,0.026897195380928718,0.26806764540504596,,136.37028549194335,
2023-12-08,161.35000610351562,162.35000610351562,157.3000030517578,158.75,155.06167602539062,22869782,155.06167602539062,,156.62452697753906,-0.009978328313627105,-0.009978328313627105,0.2673306812468762,,136.8029930114746,
2023-12-11,159.8000030517578,163.25,159.14999389648438,161.25,157.50360107421875,22941648,157.50360107421875,,157.50360107421875,0.0,0.01574808883420209,0.2582573542895471,,137.26402694702148,
2023-12-12,162.4499969482422,162.8000030517578,160.0,160.8000030517578,157.06405639648438,16306341,157.06405639648438,,157.50360107421875,-0.002790696052258901,-0.002790696052258901,0.2539075220779283,,137.7367820739746,
2023-12-13,160.1999969482422,163.89999389648438,159.39999389648438,162.85000610351562,159.06642150878906,16804086,159.06642150878906,,159.06642150878906,0.0,0.012748716404280325,0.2531612867947776,,138.27986404418945,
2023-12-14,163.10000610351562,164.35000610351562,162.60000610351562,164.0,160.18971252441406,13887946,160.18971252441406,,160.18971252441406,0.0,0.00706177334581537,0.2530325285843558,,138.781922454834,
2023-12-15,166.0,170.1999969482422,165.25,169.0500030517578,165.12237548828125,39766631,165.12237548828125,,165.12237548828125,0.0,0.030792632598771963,0.2587386919027951,,139.36505203247071,
2023-12-18,171.75,174.35000610351562,169.4499969482422,172.6999969482422,168.68756103515625,35901409,168.68756103515625,,168.68756103515625,0.0,0.02159117161639923,0.2601926596156562,,140.02632247924805,
2023-12-19,172.89999389648438,174.39999389648438,171.10000610351562,173.0500030517578,169.02944946289062,14732129,169.02944946289062,,169.02944946289062,0.0,0.0020267554147819222,0.26084730076052515,,140.69247695922851,
2023-12-20,173.75,176.3000030517578,166.14999389648438,167.25,163.3642120361328,24511237,163.3642120361328,,169.02944946289062,-0.03351627449985617,-0.03351627449985617,0.28704131000982397,,141.24435012817383,
2023-12-21,165.0,171.85000610351562,164.0500030517578,170.64999389648438,166.68519592285156,22646625,166.68519592285156,,169.02944946289062,-0.013868905965724765,0.020328711198902116,0.2894868358345483,,141.9261329650879,
2023-12-22,171.9499969482422,175.25,169.39999389648438,174.8000030517578,170.73880004882812,19640046,170.73880004882812,,170.73880004882812,0.0,0.024318921086745604,0.29238471719335835,,142.60693923950194,
2023-12-26,178.0,184.5,178.0,181.9499969482422,177.72265625,52736391,177.72265625,,177.72265625,0.0,0.040903744193906855,0.29798417886596223,,143.47040023803712,
2023-12-27,184.0,184.8999938964844,179.10000610351562,180.1999969482422,176.01332092285156,26206240,176.01332092285156,,177.72265625,-0.00961799335670488,-0.00961799335670488,0.30296061536886504,,144.29088394165038,
2023-12-28,181.5,184.25,180.8000030517578,182.6999969482422,178.45523071289062,20453485,178.45523071289062,,178.45523071289062,0.0,0.013873437403691513,0.294602799786333,,145.17485733032225,
2023-12-29,182.9499969482422,185.1999969482422,181.1000061035156,184.1999969482422,179.92037963867188,19305150,179.92037963867188,,179.92037963867188,0.0,0.008210176411911796,0.2928494600664926,,146.08911026000976,
2024-01-01,184.8000030517578,187.0,184.4499969482422,184.9499969482422,180.6529693603516,18008785,180.6529693603516,,180.6529693603516,0.0,0.0040717439744788475,0.2910700064074005,,146.99554946899414,
2024-01-02,186.0,186.1999969482422,179.75,182.1499938964844,177.91802978515625,22790965,177.91802978515625,,180.6529693603516,-0.015139189712071177,-0.015139189712071177,0.295191177931662,,147.87659286499024,
2024-01-03,182.3500061035156,184.6999969482422,180.6000061035156,182.3500061035156,178.11337280273438,18738690,178.11337280273438,,180.6529693603516,-0.01405787331705266,0.0010979382910996094,0.28782865911830813,,148.76252029418944,
2024-01-04,182.5,187.6499938964844,182.5,186.8999938964844,182.5576629638672,25403124,182.5576629638672,,182.5576629638672,0.0,0.02495202966065313,0.2881889116380898,,149.79203201293944,
2024-01-05,187.6999969482422,188.6499938964844,184.0500030517578,185.9499969482422,181.62973022460935,22023938,181.62973022460935,,182.5576629638672,-0.005082956936414695,-0.005082956936414695,0.287306991693189,,150.83228805541992,
2024-01-08,186.75,187.5,183.1999969482422,183.6000061035156,179.3343505859375,11472441,179.3343505859375,,182.5576629638672,-0.01765640688864245,-0.012637686769854772,0.28359761368369213,,151.85593978881835,
2024-01-09,184.8999938964844,186.6999969482422,184.1999969482422,184.6499938964844,180.3599548339844,11550790,180.3599548339844,,182.5576629638672,-0.012038432647539787,0.0057189503555563626,0.2837277892271537,0.2856889784687349,152.94601104736327,
2024-01-10,184.3999938964844,186.0,182.0500030517578,185.6000061035156,181.2878875732422,8701594,181.2878875732422,,182.5576629638672,-0.006955475711125425,0.005144893388956184,0.28389461209441136,0.28550309489091874,153.9891976928711,
2024-01-11,187.0,187.6499938964844,183.8000030517578,184.3500061035156,180.06690979003906,10942508,180.06690979003906,,182.5576629638672,-0.01364365172839177,-0.006735021294292709,0.28581323079354143,0.2859750065338082,155.01284942626953,
2024-01-12,185.3500061035156,185.5,183.1000061035156,183.5,179.23666381835938,8853157,179.23666381835938,,182.5576629638672,-0.018191507776724403,-0.0046107637024912496,0.27780855557785916,0.2853828016133111,155.99449951171874,
2024-01-15,184.8999938964844,189.8999938964844,184.1000061035156,188.6499938964844,184.2670135498047,24570393,184.2670135498047,,184.2670135498047,0.0,0.02806540595144713,0.28387153857211467,0.2834887071604702,157.09336212158203,
2024-01-16,188.8999938964844,190.25,185.1000061035156,186.8000030517578,182.4600067138672,16471601,182.4600067138672,,184.2670135498047,-0.00980645857946294,-0.00980645857946294,0.27066518611569135,0.28307649323574063,158.11017639160156,
2024-01-17,186.3000030517578,188.5,183.8000030517578,185.6499938964844,181.3367156982422,16350370,181.3367156982422,,184.2670135498047,-0.015902454786192566,-0.006156368378230637,0.2687764939160132,0.2830867339456559,159.08108276367187,
2024-01-18,185.6499938964844,189.0,180.0,188.1999969482422,183.82745361328125,24831623,183.82745361328125,,184.2670135498047,-0.0023854510259625483,0.013735430827940265,0.26260006848414125,0.282706867495122,160.06859375,
2024-01-19,190.0,193.6999969482422,190.0,191.8500061035156,187.39268493652344,22303305,187.39268493652344,,187.39268493652344,0.0,0.019394444372505815,0.258370957327082,0.28366206360148954,161.11959503173827,
2024-01-23,195.25,195.5,184.3999938964844,187.1000061035156,182.7530212402344,26628471,182.7530212402344,,187.39268493652344,-0.02475904381145211,-0.02475904381145211,0.26967940606090335,0.28535803043848124,162.03189514160155,
2024-01-24,186.8000030517578,190.1999969482422,184.0,189.25,184.8530731201172,14742783,184.8530731201172,,187.39268493652344,-0.013552353002821316,0.011491201981948196,0.26857163914586873,0.2854859927867384,163.03405792236327,
2024-01-25,190.75,192.0,188.3000030517578,189.6999969482422,185.2926177978516,12592882,185.2926177978516,,187.39268493652344,-0.01120677223544353,0.002377805628629215,0.2676030222115359,0.25484629033906425,164.02840606689452,
2024-01-29,190.0,193.6999969482422,187.5500030517578,190.8999938964844,186.46473693847656,28919512,186.46473693847656,,187.39268493652344,-0.004951890189103136,0.006325773549725078,0.26677104344279545,0.2544545898409091,164.95633422851563,
2024-01-30,192.0,192.3500061035156,187.0,187.8999938964844,183.534423828125,20894159,183.534423828125,,187.39268493652344,-0.020589176731767078,-0.015715106021994996,0.2736522231818762,0.25650526618246855,165.83249389648438,
2024-01-31,188.1999969482422,189.1000061035156,184.8500061035156,185.8999938964844,181.5808868408203,23757415,181.5808868408203,,187.39268493652344,-0.03101400728460557,-0.010643981366319166,0.26553606041632355,0.2568781881563239,166.67837341308595,
2024-02-01,187.6999969482422,188.3999938964844,181.5500030517578,183.3999938964844,179.1389617919922,27835431,179.1389617919922,,187.39268493652344,-0.04404506583235668,-0.013448139235980205,0.26398516692326957,0.2542386704068113,167.407041015625,
2024-02-02,185.0,187.75,183.8500061035156,184.6000061035156,180.31109619140625,27710061,180.31109619140625,,187.39268493652344,-0.03779010235920344,0.006543157265671118,0.2642928386040682,0.2508673004598612,168.20310577392578,
2024-02-05,187.0,187.0,178.8000030517578,181.5500030517578,177.33197021484375,23880364,177.33197021484375,,187.39268493652344,-0.053687873275777065,-0.016522144446396436,0.24839792455647702,0.2517592378228911,168.9591229248047,
2024-02-06,182.3999938964844,183.5500030517578,180.6999969482422,183.1000061035156,178.84597778320312,12134363,178.84597778320312,,187.39268493652344,-0.04560854206350362,0.008537702290935423,0.24349302809922765,0.25187164813799406,169.76495544433592,
2024-02-07,184.1499938964844,184.1499938964844,179.64999389648438,181.6999969482422,177.47848510742188,14192151,177.47848510742188,,187.39268493652344,-0.052906013019984544,-0.007646203133731766,0.23607205978454093,0.2525495695643392,170.59227661132812,
2024-02-08,182.1999969482422,187.1000061035156,181.75,184.8000030517578,180.50645446777344,29094709,180.50645446777344,,187.39268493652344,-0.036747594875875866,0.017061050293047275,0.21008327654914966,0.2534960606063672,171.46062164306642,
2024-02-09,185.5,185.6999969482422,176.5,180.6499938964844,177.123779296875,21081134,177.123779296875,,187.39268493652344,-0.05479886070860707,-0.018739912547018456,0.21553248257013363,0.25553893503466396,172.24275482177734,
2024-02-12,181.25,183.1000061035156,173.64999389648438,174.64999389648438,171.2408905029297,19640568,171.2408905029297,,187.39268493652344,-0.08619223551370181,-0.0332134330991497,0.23231383004466924,0.26162986398683374,172.9130908203125,
2024-02-13,174.75,176.89999389648438,171.75,176.60000610351562,173.15286254882812,13961795,173.15286254882812,,187.39268493652344,-0.07598921159872829,0.01116539420160123,0.2335166441811633,0.2595766341362397,173.52594360351563,
2024-02-14,177.25,182.1499938964844,175.3000030517578,181.6000061035156,178.0552520751953,23449380,178.0552520751953,,187.39268493652344,-0.04982816092576425,0.028312494833775848,0.24834511085082725,0.26297819523773985,174.20656402587892,
2024-02-15,183.0,186.3000030517578,182.6000061035156,185.9499969482422,182.3203125,17335763,182.3203125,,187.39268493652344,-0.027068145366728857,0.0239535783140139,0.2539182811705982,0.2650889731391921,174.8533200073242,
2024-02-16,189.0,190.3999938964844,186.8500061035156,188.3000030517578,184.6244659423828,29843059,184.6244659423828,,187.39268493652344,-0.014772289511078451,0.012637941493122584,0.25617392226131475,0.26549381404241224,175.57643920898437,
2024-02-19,189.9499969482422,192.5,188.3000030517578,188.75,185.06570434570312,25343215,185.06570434570312,,187.39268493652344,-0.012417670367488198,0.00238992378972136,0.24624367702396768,0.26544619885029214,176.2273110961914,
2024-02-20,189.1000061035156,191.4499969482422,186.25,190.6499938964844,186.92860412597656,17809897,186.92860412597656,,187.39268493652344,-0.002476515082240671,0.010066153460792204,0.2471336915946992,0.2616990864987051,176.83339263916017,
2024-02-21,191.3000030517578,192.5500030517578,187.0,188.6999969482422,185.0166473388672,17870782,185.0166473388672,,187.39268493652344,-0.012679457570401453,-0.01022827296041251,0.24606822177136328,0.25873026826100404,177.4324920654297,
2024-02-22,189.75,196.0,188.6999969482422,194.75,190.9485626220703,31992371,190.9485626220703,,190.9485626220703,0.0,0.032061521860454745,0.2616626265298095,0.2610240468594321,178.1013912963867,
2024-02-23,196.3000030517578,207.0,195.9499969482422,205.3000030517578,201.2926483154297,76179371,201.2926483154297,,201.2926483154297,0.0,0.054172105572916074,0.30217257023087024,0.27417012487308695,178.98596313476563,
2024-02-26,205.6499938964844,206.8999938964844,202.8000030517578,204.25,200.2631378173828,27013630,200.2631378173828,,201.2926483154297,-0.005114496265326118,-0.005114496265326118,0.30172389731817956,0.27413828339272317,179.8098974609375,
2024-02-27,203.5500030517578,209.0,203.1000061035156,205.3500061035156,201.3416748046875,28877205,201.3416748046875,,201.3416748046875,0.0,0.005385599162478938,0.3007139740071492,0.2740123466361427,180.63293670654298,
2024-02-28,206.1999969482422,209.0,201.4499969482422,205.6499938964844,201.63580322265625,38996363,201.63580322265625,,201.63580322265625,0.0,0.0014608422138837618,0.2920158928034391,0.27399161034491326,181.36320526123046,
2024-02-29,205.4499969482422,205.8999938964844,199.75,205.1000061035156,201.0965576171875,24059731,201.0965576171875,,201.63580322265625,-0.0026743544392922036,-0.0026743544392922036,0.2899865627665345,0.27303104976159437,182.0113851928711,
2024-03-01,205.9499969482422,208.0500030517578,204.8000030517578,205.6000061035156,201.58680725097656,12949604,201.58680725097656,,201.63580322265625,-0.00024299241948411154,0.002437881779768336,0.2885900754352798,0.27292475626844853,182.66253234863282,
2024-03-04,207.9499969482422,212.9499969482422,206.3500061035156,209.6000061035156,205.5087127685547,34272251,205.5087127685547,,205.5087127685547,0.0,0.019455169567199615,0.2907873117230912,0.27067183082680574,183.50542236328124,
2024-03-05,211.0,213.75,209.8500061035156,210.75,206.63626098632807,24964592,206.63626098632807,,206.63626098632807,0.0,0.005486620020063171,0.28711162496611714,0.2692580088974362,184.30444366455077,
2024-03-06,211.8000030517578,213.4499969482422,205.6000061035156,210.4499969482422,206.34210205078125,26236957,206.34210205078125,,206.63626098632807,-0.0014235591282126814,-0.0014235591282126814,0.2749161557271305,0.2680338848439452,185.01650970458985,
2024-03-07,211.4499969482422,216.8000030517578,211.1499938964844,215.1999969482422,210.99940490722656,41484038,210.99940490722656,,210.99940490722656,0.0,0.022570783229198366,0.2793104356568585,0.26660106367339953,185.68204467773438,
2024-03-11,216.4499969482422,216.4499969482422,211.8999938964844,212.5500030517578,208.4011383056641,22800967,208.4011383056641,,210.99940490722656,-0.012314094453038327,-0.012314094453038327,0.283525378345355,0.2661289347080537,186.32980102539062,
2024-03-12,211.0,211.3500061035156,201.5,204.25,200.2631378173828,34719550,200.2631378173828,,210.99940490722656,-0.05088292592372157,-0.03904969307962791,0.3096919365637353,0.27611553814270917,186.76595916748047,
2024-03-13,204.1000061035156,205.6000061035156,188.1999969482422,190.3000030517578,186.58544921875,41620003,186.58544921875,,210.99940490722656,-0.11570627746182993,-0.06829858329247451,0.368566499954088,0.30202481041520435,186.89926055908202,
2024-03-14,189.0,197.1499938964844,186.25,195.25,191.43881225585935,34622781,191.43881225585935,,210.99940490722656,-0.09270449203384123,0.026011476550989343,0.37393750001104875,0.3036743350226512,187.1149774169922,
2024-03-15,196.75,196.75,179.10000610351562,188.8500061035156,185.1637420654297,88781999,185.1637420654297,,210.99940490722656,-0.12244424505915763,-0.03277846386783356,0.3849277649301557,0.3091757178490676,187.25989166259765,
2024-03-18,190.0,192.0,187.0500030517578,189.8999938964844,186.1932373046875,22999225,186.1932373046875,,210.99940490722656,-0.11756510694163325,0.005559918090735305,0.38482392242046365,0.30907571883412,187.4214889526367,
2024-03-19,190.0,192.4499969482422,184.5500030517578,185.3999938964844,181.78106689453125,27819341,181.78106689453125,,210.99940490722656,-0.13847592615506288,-0.023696727518283334,0.38826695736180933,0.31215968722024734,187.40595703125,
2024-03-20,186.8999938964844,187.9499969482422,182.5,187.4499969482422,183.79104614257807,16235947,183.79104614257807,,210.99940490722656,-0.12894993128824994,0.011057142981854007,0.38875367238431724,0.31241007933328,187.44918334960937,
2024-03-21,190.0,197.5,190.0,196.8500061035156,193.00759887695312,43152810,193.00759887695312,,210.99940490722656,-0.08526946338158714,0.05014690828423274,0.4126722058809237,0.3212207759851997,187.7226483154297,
2024-03-22,196.5,198.9499969482422,192.75,197.5,194.33595275878903,31321524,194.33595275878903,,210.99940490722656,-0.07897392959835225,0.006882391623776352,0.4107359564645205,0.31919265275616276,188.00216827392578,
2024-03-26,197.0,200.5,195.9499969482422,199.3999938964844,196.2055206298828,25723863,196.2055206298828,,210.99940490722656,-0.07011339337117284,0.009620288189361892,0.4060157222522755,0.31930291131197486,188.3005209350586,
2024-03-27,200.0,203.9499969482422,198.0,199.4499969482422,196.2547149658203,37817130,196.2547149658203,,210.99940490722656,-0.06988024420205963,0.00025072860223085414,0.39085423691484744,0.31561752635015294,188.6242770385742,
2024-03-28,200.5,202.4499969482422,199.0,201.5,198.27186584472656,17425093,198.27186584472656,,210.99940490722656,-0.06032026046754069,0.01027822887851415,0.39073811749219306,0.3156058612299973,189.00498107910155,
2024-04-01,205.0,212.75,203.75,211.1000061035156,207.7180938720703,45840349,207.7180938720703,,210.99940490722656,-0.01555128099341796,0.04764280593768877,0.40460728459133777,0.32364805531723817,189.47400268554688,
2024-04-02,213.75,222.6499938964844,212.6000061035156,221.0,217.45948791503903,93873385,217.45948791503903,,217.45948791503903,0.0,0.046897185803025154,0.4189285208451119,0.32964319929071145,190.1739923095703,
2024-04-03,221.6999969482422,225.4499969482422,218.8500061035156,221.5,217.95147705078125,47658754,217.95147705078125,,217.95147705078125,0.0,0.0022624404226245787,0.41862854702698926,0.3278829563632782,190.9062875366211,
2024-04-04,223.5,223.8999938964844,218.25,220.3000030517578,216.77069091796875,18279026,216.77069091796875,,217.95147705078125,-0.005417656025049067,-0.005417656025049067,0.41980473190661466,0.32773332730246446,191.56515228271485,
2024-04-05,220.3500061035156,226.0,218.75,224.5,220.9033966064453,25365958,220.9033966064453,,220.9033966064453,0.0,0.019064872981562342,0.42143918323562446,0.32790666125175677,192.2353665161133,
2024-04-08,225.5500030517578,225.6999969482422,222.1000061035156,223.5500030517578,219.96861267089844,16422350,219.96861267089844,,220.9033966064453,-0.004231641296182809,-0.004231641296182809,0.4197972573343225,0.32600345355760785,192.97967834472655,
2024-04-09,224.8000030517578,228.8999938964844,221.1999969482422,228.1499938964844,224.4949188232422,29048035,224.4949188232422,,224.4949188232422,0.0,0.020577054596037758,0.41492242389467276,0.3269618315723182,193.77251525878907,
2024-04-10,229.0,232.8500061035156,226.5,228.75,225.08529663085935,37218693,225.08529663085935,,225.08529663085935,0.0,0.0026298047666815094,0.3887065139094598,0.3269970492166677,194.5683688354492,
2024-04-12,231.3000030517578,235.3999938964844,230.5500030517578,233.5,229.75921630859372,57174716,229.75921630859372,,229.75921630859372,0.0,0.020765104374630194,0.3906521265007438,0.3276968864906205,195.43425842285157,
2024-04-15,230.0,238.0,226.0,234.4499969482422,230.69400024414065,51676313,230.69400024414065,,230.69400024414065,0.0,0.00406853727378409,0.390656118542302,0.3240531914642658,196.37744995117188,
2024-04-16,232.5,236.9499969482422,230.0,233.4499969482422,229.7100067138672,32508661,229.7100067138672,,230.69400024414065,-0.004265362468170442,-0.004265362468170442,0.39143844567934866,0.32435361578797,197.3400323486328,
2024-04-18,235.6000061035156,237.3999938964844,229.1999969482422,231.1499938964844,227.4468536376953,18623078,227.4468536376953,,230.69400024414065,-0.014075557244700443,-0.009852218057661344,0.39315466263739884,0.3195620925541991,198.30619018554688,
2024-04-19,228.5500030517578,234.5,225.6999969482422,233.3000030517578,229.5624084472656,27227241,229.5624084472656,,230.69400024414065,-0.0049051635312470365,0.009301314903833235,0.39335848660823125,0.3186427016671517,199.29121643066406,
2024-04-22,236.0,236.1499938964844,232.3000030517578,233.3000030517578,229.5624084472656,17549094,229.5624084472656,,230.69400024414065,-0.0049051635312470365,0.0,0.3910256655660197,0.3165127545141728,200.3358251953125,
2024-04-23,234.25,236.1000061035156,231.75,234.3500061035156,230.5956115722656,19202860,230.5956115722656,,230.69400024414065,-0.00042648994673000207,0.0045007505017413685,0.3910033488062602,0.3142862915337292,201.37081787109375,
2024-04-24,235.25,239.1499938964844,234.1000061035156,236.5,232.71116638183597,33392337,232.71116638183597,,232.71116638183597,0.0,0.009174306462928383,0.39094212695422,0.31342072822219647,202.47547149658203,
2024-04-25,236.3999938964844,240.0500030517578,235.4499969482422,237.6000061035156,233.7935333251953,16197834,233.7935333251953,,233.7935333251953,0.0,0.004651117349407263,0.38710040541897717,0.31286409854051267,203.54121307373046,
2024-04-26,238.5,241.6499938964844,237.8999938964844,238.9499969482422,235.1219024658203,20473627,235.1219024658203,,235.1219024658203,0.0,0.005681804461106665,0.3841275948477298,0.3126192474545498,204.70117553710938,
2024-04-29,240.1499938964844,240.1999969482422,234.8500061035156,235.3999938964844,231.6287841796875,19876408,231.6287841796875,,235.1219024658203,-0.014856626496719483,-0.014856626496719483,0.3663846692354412,0.31401260553317034,205.90893341064452,
2024-04-30,236.3000030517578,237.3000030517578,233.1999969482422,233.75,230.00521850585935,14514418,230.00521850585935,,235.1219024658203,-0.021761834632589294,-0.007009343331736639,0.2959516879429371,0.3145543622520667,207.04598052978517,
2024-05-02,234.6999969482422,237.3999938964844,230.75,234.75,230.98919677734372,19171145,230.98919677734372,,235.1219024658203,-0.017576863937962428,0.004278069331976164,0.29057891576821554,0.3113250181073139,208.10465942382814,
2024-05-03,237.1000061035156,238.0,231.1499938964844,234.1000061035156,230.34962463378903,15782582,230.34962463378903,,235.1219024658203,-0.020297036481852326,-0.0027688400690495385,0.26748271430751225,0.310077504614856,209.0652456665039,
2024-05-06,235.1000061035156,235.8500061035156,230.0,231.8500061035156,228.1356506347656,32422021,228.1356506347656,,235.1219024658203,-0.029713317890792013,-0.009611363606705337,0.27198540252427506,0.3108612286156075,209.93546936035156,
2024-05-07,232.5,235.8000030517578,225.4499969482422,227.3999938964844,223.75694274902344,26418769,223.75694274902344,,235.1219024658203,-0.04833645695108735,-0.019193439839669146,0.26786026339657304,0.306927614345929,210.70929412841798,
2024-05-08,227.1999969482422,232.6499938964844,224.6000061035156,231.6000061035156,227.88966369628903,18952985,227.88966369628903,,235.1219024658203,-0.030759528115772317,0.018469688120028804,0.26967107135575397,0.306657842472817,211.5285153198242,
2024-05-09,234.5,238.1999969482422,225.3000030517578,226.1999969482422,222.57614135742188,35229412,222.57614135742188,,235.1219024658203,-0.053358538599874605,-0.023316205977417903,0.2517765626065158,0.30793047533442086,212.2797052001953,
2024-05-10,227.8999938964844,228.5,223.1499938964844,227.1000061035156,223.4617462158203,18478580,223.4617462158203,,235.1219024658203,-0.04959196113894593,0.003978884946955308,0.2517167733490711,0.3012333520861854,212.9299688720703,
2024-05-13,228.3999938964844,228.6999969482422,221.0,224.75,221.1493988037109,32874369,221.1493988037109,,235.1219024658203,-0.059426635781583914,-0.010347844547299534,0.2550154275431933,0.30132049783672443,213.32710388183594,
2024-05-14,225.75,231.8999938964844,225.75,230.9499969482422,227.25006103515625,23191411,227.25006103515625,,235.1219024658203,-0.033479830454367754,0.027586157884427198,0.26357418625850765,0.3036228427180719,213.86684234619142,
2024-05-15,231.8000030517578,234.5,229.5500030517578,232.8500061035156,229.11962890625,33045920,229.11962890625,,235.1219024658203,-0.025528347196165035,0.008226919115346343,0.26328623446746957,0.30362367777372284,214.42240142822266,
2024-05-16,234.75,240.0,227.5,237.8999938964844,234.0886993408203,55556781,234.0886993408203,,235.1219024658203,-0.0043943295548580785,0.021687667958835366,0.23606418037465224,0.3052475769404363,215.07145935058594,
2024-05-17,241.0,249.6499938964844,237.8500061035156,248.1999969482422,244.2237091064453,82231249,244.2237091064453,,244.2237091064453,0.0,0.043295596046133644,0.23055650771145667,0.3109866436678974,215.93400238037108,
2024-05-21,283.0,283.0,271.04998779296875,274.1499938964844,269.7579650878906,127035921,269.7579650878906,,269.7579650878906,0.0,0.10455273189842584,0.37148198342939814,0.3537617275496965,217.29742553710938,
2024-05-22,277.0,284.5,264.29998779296875,283.6000061035156,279.0566101074219,85801218,279.0566101074219,,279.0566101074219,0.0,0.0344703260810173,0.37747443671276126,0.35564555363644795,218.7683834838867,
2024-05-23,286.29998779296875,293.29998779296875,283.20001220703125,288.5,283.8780822753906,70631009,283.8780822753906,,283.8780822753906,0.0,0.01727775653159669,0.37708405278475887,0.3558239871005455,220.31321990966796,
2024-05-24,288.0,299.8999938964844,286.0,297.20001220703125,292.4387512207031,63609206,292.4387512207031,,292.4387512207031,0.0,0.03015614617618767,0.38002976269675975,0.3569467885590342,222.0351528930664,
2024-05-27,301.75,303.20001220703125,289.6499938964844,294.45001220703125,289.7327880859375,49890427,289.7327880859375,,292.4387512207031,-0.009253093591291672,-0.009253093591291672,0.382507531971384,0.357822017171897,223.6098205566406,
2024-05-28,295.70001220703125,295.75,285.04998779296875,289.1000061035156,284.4684753417969,33893805,284.4684753417969,,292.4387512207031,-0.02725451345157437,-0.018169544354707856,0.3901021743046758,0.3600127502377731,225.13116729736328,
2024-05-29,285.3999938964844,293.95001220703125,285.0,292.1499938964844,287.4696350097656,31645904,287.4696350097656,,292.4387512207031,-0.01699198957113357,0.010550060650350801,0.38834342469777394,0.3595423897345724,226.87529724121094,
2024-05-30,293.0,296.29998779296875,289.6499938964844,290.6499938964844,285.99365234375,42769599,285.99365234375,,292.4387512207031,-0.022039141016879205,-0.005134395032593608,0.3900191445554024,0.35958498857676247,228.86346130371095,
2024-05-31,294.20001220703125,297.20001220703125,286.29998779296875,295.95001220703125,291.20880126953125,51397345,291.20880126953125,,292.4387512207031,-0.004205837790093758,0.01823519117659611,0.38958838043895727,0.3582084430932007,230.85886108398438,
2024-06-03,323.0,323.0,309.29998779296875,318.6499938964844,313.5450744628906,67256146,313.5450744628906,,313.5450744628906,0.0,0.07670191661784909,0.43304211213962257,0.37662251990465506,233.4264877319336,
2024-06-04,312.0,312.0,230.0500030517578,255.5500030517578,251.4559631347656,268052657,251.4559631347656,,313.5450744628906,-0.19802292041897007,-0.19802292041897007,0.7450371455290192,0.5083920337062672,234.73174224853517,
2024-06-05,264.5,264.5,230.0,260.3500061035156,256.1790771484375,193487058,256.1790771484375,,313.5450744628906,-0.18295933180491608,0.018783066246635727,0.7461066498766897,0.5087308364153986,236.21970245361328,
2024-06-06,267.0,281.5,267.0,273.6499938964844,269.2659912109375,95502477,269.2659912109375,,313.5450744628906,-0.14122079043277636,0.05108502305563811,0.7580541855555777,0.5141402777152388,237.92920135498048,
2024-06-07,274.0,284.54998779296875,268.70001220703125,283.20001220703125,278.6630554199219,60109827,278.6630554199219,,313.5450744628906,-0.11125041304738204,0.034898815727615995,0.7625337422698018,0.5141911101661173,239.64231048583986,
2024-06-10,288.8999938964844,292.0,281.1000061035156,283.3999938964844,278.8597717285156,42363741,278.8597717285156,,313.5450744628906,-0.11062301901502247,0.0007059289158275472,0.7627353617597864,0.5141369495713551,241.33278686523437,
2024-06-11,287.0,290.5,285.3500061035156,286.20001220703125,281.61492919921875,32269277,281.61492919921875,,313.5450744628906,-0.10183590132413622,0.009880082213455266,0.7627646825872313,0.5141766330422727,243.0409750366211,
2024-06-12,287.8999938964844,293.0,286.04998779296875,290.5,285.8460388183594,33990756,285.8460388183594,,313.5450744628906,-0.08834147910625068,0.015024450696459635,0.7601553714827887,0.5144360357087917,244.83280151367188,
2024-06-13,293.8999938964844,303.0,287.04998779296875,300.8999938964844,296.07940673828125,49511492,296.07940673828125,,313.5450744628906,-0.05570384977192966,0.035800278927162754,0.7628168542470278,0.5156961439334544,246.78895233154296,
2024-06-14,305.0,310.5,301.5,309.6000061035156,304.6400756835937,67366844,304.6400756835937,,313.5450744628906,-0.02840101632772063,0.02891342238090755,0.7646455926179124,0.5163550749584728,248.72739196777343,
2024-06-18,313.0,321.0,312.25,318.25,313.1514587402344,64859245,313.1514587402344,,313.5450744628906,-0.001255372049235759,0.02793914437403444,0.7652007038344992,0.5165132089425353,250.64123138427735,
2024-06-19,319.8999938964844,319.8999938964844,304.1000061035156,309.29998779296875,304.3448486328125,58698689,304.3448486328125,,313.5450744628906,-0.029342594030023594,-0.02812252621415101,0.7714947040208406,0.5198046657555978,252.36909881591797,
2024-06-20,309.79998779296875,313.3500061035156,302.25,311.8999938964844,306.9032287597656,39505506,306.9032287597656,,313.5450744628906,-0.02118306503300238,0.00840618836969309,0.7662724338165915,0.5183646908908106,254.1717495727539,
2024-06-21,312.70001220703125,314.0,304.1000061035156,304.95001220703125,300.0645446777344,37620968,300.0645446777344,,313.5450744628906,-0.042993913421375485,-0.022282867826667108,0.7722734067841739,0.5206109649508529,255.7549725341797,
2024-06-24,304.79998779296875,311.8999938964844,297.45001220703125,309.75,304.78765869140625,39139609,304.78765869140625,,313.5450744628906,-0.027930324807321605,0.015740326864490006,0.7657022014039937,0.52030424241759,257.4513534545898,186.49623958587645
2024-06-25,310.8999938964844,314.95001220703125,309.20001220703125,309.70001220703125,304.73846435546875,29124110,304.73846435546875,,313.5450744628906,-0.028087221980787835,-0.0001614052752290096,0.7661613266864349,0.5201207228230091,259.05622436523436,187.3611029434204
2024-06-26,310.0,311.5,305.8500061035156,306.8500061035156,301.93414306640625,24238007,301.93414306640625,,313.5450744628906,-0.037031139514387634,-0.0092023870206005,0.765883149055369,0.5190593881471658,260.5932012939453,188.2136539077759
2024-06-27,306.1000061035156,308.1499938964844,301.20001220703125,304.5,299.62176513671875,39996580,299.62176513671875,,313.5450744628906,-0.044406085313324684,-0.007658550656786556,0.7663233160437718,0.5152705222902836,261.99045227050783,189.0546429824829
2024-06-28,306.0,309.79998779296875,302.75,305.8999938964844,300.99932861328125,24256902,300.99932861328125,,313.5450744628906,-0.040012575133257955,0.004597674925030493,0.7664881040929805,0.5152296767750305,263.3965588378906,189.9091131210327
2024-07-01,310.95001220703125,312.5,305.8500061035156,307.6499938964844,302.7212829589844,39495237,302.7212829589844,,313.5450744628906,-0.03452068740817449,0.005720791317496365,0.7658336554758104,0.5139332721214744,264.85678436279295,190.74948322296143
2024-07-02,309.0,309.0,303.0,306.1000061035156,301.1961364746094,23974162,301.1961364746094,,313.5450744628906,-0.03938488910864013,-0.005038121104229187,0.760268815164273,0.5134288503364455,266.33177001953123,191.56904117584227
2024-07-03,307.0,315.45001220703125,305.75,314.5,309.4615478515625,44919849,309.4615478515625,,313.5450744628906,-0.013023730697486746,0.027441956838147874,0.706291627834464,0.5145556939232051,267.9297528076172,192.43407749176026
2024-07-04,317.3999938964844,318.5,313.04998779296875,317.3500061035156,312.2658996582031,35591681,312.2658996582031,,313.5450744628906,-0.0040797158331341565,0.009062036385812267,0.7010999284592505,0.514533085945209,269.5838226318359,193.31997303009032
2024-07-05,317.6499938964844,326.79998779296875,314.5,324.04998779296875,318.8585205078125,63125211,318.8585205078125,,318.8585205078125,0.0,0.021112202314839568,0.7017808857129499,0.5150889179188473,271.34908081054687,194.23126163482667
2024-07-08,328.45001220703125,335.79998779296875,325.6000061035156,334.6000061035156,329.2395324707031,70983243,329.2395324707031,,329.2395324707031,0.0,0.03255679649506593,0.7025649891059759,0.5161285948286181,273.2796481323242,195.17760608673095
2024-07-09,338.0,339.3500061035156,328.70001220703125,334.79998779296875,329.43634033203125,52225572,329.43634033203125,,329.43634033203125,0.0,0.0005977649763113657,0.7014071030198095,0.5144814330301586,275.19250427246095,196.1180972671509
2024-07-10,340.0,340.5,324.1499938964844,333.8500061035156,328.5015563964844,46779965,328.5015563964844,,329.43634033203125,-0.00283752525481773,-0.00283752525481773,0.6983439666927003,0.508371925487611,277.0600973510742,197.10543895721435
2024-07-11,335.5,338.20001220703125,333.0,335.5,330.1251220703125,31919433,330.1251220703125,,330.1251220703125,0.0,0.004942337843503397,0.6982046350137935,0.5080281211486429,279.0300241088867,198.0925958633423
2024-07-12,336.8999938964844,337.5,328.1000061035156,333.1000061035156,327.7635803222656,24517961,327.7635803222656,,330.1251220703125,-0.007153474819598493,-0.007153474819598493,0.6985002500083908,0.5085114939370526,280.98519134521484,199.06330532073974
2024-07-15,336.0,336.04998779296875,331.0,331.3999938964844,326.0907592773437,22021426,326.0907592773437,,330.1251220703125,-0.012220708220168519,-0.005103742896868435,0.6981035665291574,0.5087947441269073,282.88722259521484,200.03102306365966
2024-07-16,333.25,334.3999938964844,324.5,326.1499938964844,320.9248962402344,26585927,320.9248962402344,,330.1251220703125,-0.027868905499771612,-0.015841795236876677,0.6660806226830152,0.5098984432983009,284.69872802734375,200.9523994064331
2024-07-18,326.5,326.70001220703125,312.29998779296875,313.54998779296875,308.5267639160156,48043715,308.5267639160156,,330.1251220703125,-0.06542476385573803,-0.038632503957991116,0.32209330012397996,0.5152562874829492,286.3065502929687,201.82643657684326
2024-07-19,309.8999938964844,316.8999938964844,305.0,306.29998779296875,301.3929443359375,43313606,301.3929443359375,,330.1251220703125,-0.08703420555874997,-0.023122206610315388,0.3315750109595531,0.5168653140448813,287.85927032470704,202.67286296844483
2024-07-22,306.0,314.70001220703125,297.29998779296875,312.29998779296875,307.2968139648437,39386992,307.2968139648437,,330.1251220703125,-0.06915047228852422,0.019588612606423972,0.30561457227089006,0.5174553133779489,289.4474133300781,203.54490169525147
2024-07-23,317.0,317.0,281.1000061035156,301.45001220703125,296.6206359863281,76513131,296.6206359863281,,330.1251220703125,-0.10149026488462254,-0.03474223452162761,0.31218416113888475,0.5216086065600362,290.92830322265627,204.36087337493896
2024-07-24,302.5,306.5,299.29998779296875,300.1000061035156,295.292236328125,24099148,295.292236328125,,330.1251220703125,-0.10551419269075968,-0.004478446530821745,0.3127710660995572,0.5209338716670499,292.36491302490236,205.1650750350952
2024-07-25,297.95001220703125,303.3999938964844,293.3999938964844,301.45001220703125,296.6206359863281,27820556,296.6206359863281,,330.1251220703125,-0.10149026488462254,0.0044985932401115925,0.3119955055615576,0.5201744069317755,293.8743377685547,205.9810467147827
2024-07-26,303.79998779296875,310.5,302.0,309.8999938964844,304.9352722167969,24512844,304.9352722167969,,330.1251220703125,-0.0763039471081225,0.028031213009913403,0.31894322419368887,0.5163731666346141,295.4280419921875,206.84616146087646
2024-07-29,312.79998779296875,325.6000061035156,310.8500061035156,321.3500061035156,316.2018127441406,51391698,316.2018127441406,,330.1251220703125,-0.04217585513896871,0.0369473181814588,0.32000407430532485,0.5038150538592722,297.1696856689453,207.75173656463622
2024-07-30,325.20001220703125,326.54998779296875,317.6000061035156,318.1000061035156,313.0038757324219,41111245,313.0038757324219,,330.1251220703125,-0.05186290043762265,-0.010113594808219495,0.3117808350937121,0.5034607524908374,298.7479891967773,208.63692646026612
2024-07-31,319.8999938964844,320.6000061035156,315.45001220703125,316.04998779296875,310.9866943359375,25709971,310.9866943359375,,330.1251220703125,-0.05797325454770674,-0.006444589198022599,0.3018175316412907,0.49963085644387967,300.0832489013672,209.51373973846435
2024-08-01,317.70001220703125,317.70001220703125,308.04998779296875,311.1499938964844,306.1652526855469,28141436,306.1652526855469,,330.1251220703125,-0.0725781462328774,-0.015503691116708573,0.29372829179744897,0.5009602041134318,300.8113946533203,210.36595737457276
2024-08-02,305.29998779296875,308.70001220703125,301.70001220703125,302.95001220703125,298.0966186523437,26155604,298.0966186523437,,330.1251220703125,-0.0970192853458367,-0.02635385290273362,0.3026012247188519,0.5014266465017008,301.19219482421875,211.17758769989013
2024-08-05,289.8500061035156,297.45001220703125,285.0,290.25,285.6000366210937,50390560,285.6000366210937,,330.1251220703125,-0.13487336307515407,-0.04192124717061685,0.3195952528906059,0.5077204909182621,301.2266339111328,211.94260761260986
2024-08-06,292.0,302.6000061035156,286.3500061035156,287.25,282.6481018066406,39171936,282.6481018066406,,330.1251220703125,-0.14381522971026683,-0.010335904887748382,0.3163271534285973,0.5027045372520219,301.03082092285155,212.67235569000243
2024-08-07,295.5,301.0,289.79998779296875,300.20001220703125,295.3906555175781,22199473,295.3906555175781,,330.1251220703125,-0.10521606575986775,0.04508274999721973,0.34489696424839494,0.5072024361957229,301.1439782714844,213.47656093597413
2024-08-08,301.0,302.70001220703125,297.1499938964844,298.25,293.471923828125,21963656,293.471923828125,,330.1251220703125,-0.11102820049660089,-0.0064955734164683365,0.344413513203142,0.5075212376343522,301.32404724121096,214.2689748764038
2024-08-09,302.5,305.0,300.6499938964844,302.20001220703125,297.358642578125,15551076,297.358642578125,,330.1251220703125,-0.09925472889399989,0.013243920233665385,0.34607821731484895,0.5076413855360559,301.52182739257813,215.08448528289796
2024-08-12,299.0,303.6499938964844,298.25,301.3999938964844,296.5713806152344,15361379,296.5713806152344,,330.1251220703125,-0.10163946701375726,-0.0026475166689792218,0.3458745930040347,0.507733276337005,301.73338195800784,215.89630352020265
2024-08-13,302.0,302.6499938964844,295.3999938964844,296.1499938964844,291.405517578125,14746085,291.405517578125,,330.1251220703125,-0.11728766429336057,-0.017418616140211673,0.34888369751840115,0.5039255366730643,301.7373162841797,216.6766760635376
2024-08-14,296.1499938964844,297.04998779296875,290.6499938964844,293.70001220703125,289.777587890625,16641055,289.777587890625,,330.1251220703125,-0.12221891483646008,-0.005586475167078997,0.34894197334092214,0.4989908902145465,301.26196655273435,217.45623470306396
2024-08-16,296.5,303.8999938964844,296.0,303.29998779296875,299.24932861328125,21353408,299.24932861328125,,330.1251220703125,-0.09352754877726355,0.032686243237801005,0.35297128162102165,0.5013320649434841,302.2178338623047,218.2833963394165
2024-08-19,304.79998779296875,305.54998779296875,301.1000061035156,302.1499938964844,298.1146850585937,12232725,298.1146850585937,,330.1251220703125,-0.09696455940999538,-0.0037916327496723135,0.3517893421528358,0.5012524931103973,303.0565460205078,219.11855937957765
2024-08-20,302.1499938964844,304.5,297.79998779296875,303.1499938964844,299.1013488769531,14183642,299.1013488769531,,330.1251220703125,-0.09397580226188207,0.0033096786834418968,0.3456606322165798,0.5006107198634723,303.65325317382815,219.96598148345947
2024-08-21,303.0,306.75,302.54998779296875,305.3999938964844,301.3213195800781,11862616,301.3213195800781,,330.1251220703125,-0.08725116801047184,0.007422135378059691,0.33126407169131744,0.5004549594733453,304.1064184570312,220.83182926177977
2024-08-22,306.3999938964844,306.8999938964844,303.5,304.5,300.433349609375,13074829,300.433349609375,,330.1251220703125,-0.08994096624556047,-0.002946920489863114,0.3311130659490116,0.4997993056078464,304.53789001464844,221.70471405029298
2024-08-23,305.5,309.20001220703125,304.1000061035156,306.0,301.91326904296875,21891698,301.91326904296875,,330.1251220703125,-0.08545806162953873,0.004925949251366246,0.3318807169340391,0.4997993548728602,304.94385681152346,222.56863761901855
2024-08-26,308.70001220703125,308.8999938964844,305.79998779296875,306.70001220703125,302.6039733886719,15280637,302.6039733886719,,330.1251220703125,-0.08336581145066257,0.002287757500333054,0.33144548283586905,0.49897777176182384,305.27901550292967,223.43723587036132
2024-08-27,306.6000061035156,307.45001220703125,299.6000061035156,300.8999938964844,296.8813781738281,16873099,296.8813781738281,,330.1251220703125,-0.1007004365132923,-0.018911170103815933,0.33455946553113275,0.5003938752683925,305.2950549316406,224.27087196350098
2024-08-28,301.04998779296875,304.5,299.5,299.95001220703125,295.944091796875,14005947,295.944091796875,,330.1251220703125,-0.10353962176243392,-0.0031571073359957236,0.33450465562302956,0.5003497027252384,305.12113525390623,225.10397300720214
2024-08-29,299.3500061035156,301.04998779296875,292.1000061035156,296.20001220703125,292.24420166015625,19185385,292.24420166015625,,330.1251220703125,-0.1147471606298659,-0.012501990204481617,0.3335303468240963,0.5005670961068968,304.7029901123047,225.90709754943848
2024-08-30,296.79998779296875,302.1499938964844,294.3500061035156,299.29998779296875,295.3027648925781,28684991,295.3027648925781,,330.1251220703125,-0.1054823000423386,0.010465779013054899,0.3178110207321788,0.5006103562838429,304.5221484375,226.71965438842773
2024-09-02,301.95001220703125,301.95001220703125,295.04998779296875,296.8999938964844,292.93487548828125,11713172,292.93487548828125,,330.1251220703125,-0.11265500289344899,-0.008018514168528834,0.3117419065198422,0.5009407213776415,304.24278137207034,227.51206924438478
2024-09-03,300.0,301.3500061035156,296.75,297.1499938964844,293.1815185546875,13971488,293.1815185546875,,330.1251220703125,-0.11190788293826504,0.0008419723530532774,0.30578517111892306,0.5009519143493945,304.10512084960936,228.30376373291017
2024-09-04,297.1499938964844,301.8999938964844,295.29998779296875,298.95001220703125,294.9574584960937,17937646,294.9574584960937,,330.1251220703125,-0.1065282864680881,0.006057475758230346,0.2895453284759296,0.5008736731084013,303.9085168457031,229.09286094665526
2024-09-05,299.0,299.5,290.0,290.6000061035156,286.7189636230469,26342723,286.7189636230469,,330.1251220703125,-0.13148396030890575,-0.02793112917046625,0.3004511416886328,0.5035586979945152,303.5481268310547,229.85273109436037
2024-09-06,290.3500061035156,290.3500061035156,282.04998779296875,283.6000061035156,279.8124694824219,30062372,279.8124694824219,,330.1251220703125,-0.1524047981334019,-0.024088027012071134,0.3074057330592461,0.5055356337332589,303.105693359375,230.57391738891602
2024-09-09,282.0,284.5,275.75,281.54998779296875,277.7898254394531,29170063,277.7898254394531,1.1082089625695524,330.1251220703125,-0.15853169944368128,-0.007228570073056773,0.2944222993187517,0.5049563984223151,302.6690545654297,231.26252487182617
2024-09-10,282.5,288.3500061035156,282.29998779296875,285.75,281.9337158203125,19982334,281.9337158203125,1.1452232671543014,330.1251220703125,-0.14597921523747548,0.014917358381661083,0.2747556150583593,0.5051140692141185,302.2877423095703,231.9735612487793
2024-09-11,286.45001220703125,290.45001220703125,284.3500061035156,288.04998779296875,284.2030334472656,21650737,284.2030334472656,1.1624904214559386,330.1251220703125,-0.1391051015295529,0.008049117574853826,0.2760947279723143,0.5051848673123542,301.9173773193359,232.69814186096193
2024-09-12,290.8999938964844,292.5,289.0,291.70001220703125,287.8042907714844,16102095,287.8042907714844,1.2120873536532404,330.1251220703125,-0.12819633669022712,0.012671424652076935,0.27959888269543226,0.5053605453765768,301.64954040527346,233.42363540649413
2024-09-13,293.0,294.0,289.6000061035156,289.95001220703125,286.0776672363281,12330463,286.0776672363281,1.1246452528562507,330.1251220703125,-0.1334265461463512,-0.005999297406330872,0.27708247282327436,0.5051412794205723,301.18186279296873,234.15148445129395
2024-09-16,290.8999938964844,292.20001220703125,288.3999938964844,290.3999938964844,286.5216369628906,9184637,286.5216369628906,1.0870640252170705,330.1251220703125,-0.1320816932500365,0.0015519202559624024,0.267505797993501,0.5037459446384208,300.6669775390625,234.8864370727539
2024-09-17,290.5,290.8500061035156,283.8999938964844,284.29998779296875,280.50311279296875,15946216,280.50311279296875,1.055656320910046,330.1251220703125,-0.15031273283944413,-0.02100547879635828,0.24581575853784363,0.5047048764968892,299.8998693847656,235.59618087768555
2024-09-18,284.8999938964844,286.0,280.3999938964844,282.8500061035156,279.072509765625,10450571,279.072509765625,1.0658756170756107,330.1251220703125,-0.15464625044141278,-0.005100132448083161,0.24445712497426625,0.5029493826015511,298.8965289306641,236.31098129272462
2024-09-19,284.0,284.8500061035156,267.1000061035156,272.70001220703125,269.0580444335937,44560220,269.0580444335937,0.9696666878903335,330.1251220703125,-0.18498161319486706,-0.03588481481189887,0.2257254682428128,0.5071448561197441,297.6889630126953,236.97082550048827
2024-09-20,274.0,279.3999938964844,272.8500061035156,277.3500061035156,273.6459350585937,38501362,273.6459350585937,0.9550237890810491,330.1251220703125,-0.1710841836498873,0.017051676097097124,0.2327722041753638,0.5072368643426468,296.5918505859375,237.6489695739746
2024-09-23,280.0,286.70001220703125,278.6499938964844,286.29998779296875,282.47637939453125,19445968,282.47637939453125,0.9985861625735988,330.1251220703125,-0.1443354034281361,0.032269598063083826,0.2496761558282449,0.5079422300062033,295.63887573242187,238.37273101806642
2024-09-24,286.29998779296875,293.3999938964844,284.54998779296875,291.79998779296875,287.9029235839844,25346532,287.9029235839844,1.1971750914392763,330.1251220703125,-0.12789756266212093,0.019210612232727353,0.2568071368841948,0.5085971279916536,294.84166259765624,239.09969451904297
2024-09-25,294.0,295.0,287.6499938964844,289.8500061035156,285.9789733886719,19263084,285.9789733886719,1.15518058024541,330.1251220703125,-0.13372550505937575,-0.006682635144381499,0.25264371501803123,0.5078726914745015,294.0394268798828,239.80946823120118
2024-09-26,290.6000061035156,291.8999938964844,289.04998779296875,290.5,286.6203308105469,18343882,286.6203308105469,1.145013532554584,330.1251220703125,-0.13178273433701193,0.0022426733485867434,0.2522937963995922,0.5032199111182096,293.35333557128905,240.49265731811522
2024-09-27,292.3500061035156,294.8500061035156,289.20001220703125,293.45001220703125,289.53094482421875,208588855,289.53094482421875,1.184360902878843,330.1251220703125,-0.12296603479164392,0.010154946110908503,0.23456804827798464,0.47278198676438205,292.9734191894531,241.19796951293947
2024-09-30,293.45001220703125,294.6000061035156,283.6000061035156,285.1000061035156,281.2924499511719,32695169,281.2924499511719,1.0584940823876359,330.1251220703125,-0.14792170863246168,-0.02845462642360619,0.24765047182574876,0.4719895670774106,292.5714093017578,241.84182121276856
2024-10-01,285.1000061035156,286.6000061035156,282.54998779296875,283.95001220703125,280.1578063964844,13883476,280.1578063964844,1.0951182356679974,330.1251220703125,-0.1513587192651934,-0.004033679378470545,0.24724395251742864,0.4711984084607488,292.0286291503906,242.4594876098633
2024-10-03,275.04998779296875,286.29998779296875,275.04998779296875,278.70001220703125,274.9779357910156,27321529,274.9779357910156,1.0814684271122665,330.1251220703125,-0.1670493476335655,-0.018489117515926412,0.24999785071317832,0.46950484712656854,291.59577514648436,243.05906890869142
2024-10-04,278.70001220703125,281.8999938964844,273.54998779296875,277.20001220703125,273.4979553222656,17451235,273.4979553222656,1.0580921982248745,330.1251220703125,-0.1715324371345056,-0.005382178990080089,0.2500993610590029,0.4693386249710147,291.1598895263672,243.63904067993164
2024-10-07,277.3999938964844,278.8999938964844,265.0,267.3500061035156,263.7795104980469,21704629,263.7795104980469,0.9769678871520475,330.1251220703125,-0.20097110803380436,-0.0355338847515968,0.26593842004757584,0.47211467073102187,290.50306701660156,244.17261795043945
2024-10-08,267.0,281.5,265.54998779296875,280.25,276.5071716308594,29190708,276.5071716308594,1.0565508021390375,330.1251220703125,-0.16241705600349066,0.048251136370604186,0.30622726127662975,0.4787520215555732,289.9345050048828,244.75982170104982
2024-10-09,282.0,286.6000061035156,278.5,282.3999938964844,278.62847900390625,18984175,278.62847900390625,1.088257554184899,330.1251220703125,-0.15599128822264585,0.007671798747697078,0.30377300579654415,0.4788390057714249,289.18303833007815,245.35201553344726
2024-10-10,283.95001220703125,289.6000061035156,283.3999938964844,286.8999938964844,283.068359375,19155691,283.068359375,1.1458826055181452,330.1251220703125,-0.14254220460474376,0.01593476871770716,0.3081147672523805,0.4786089747688904,288.5843280029297,245.94174545288087
2024-10-11,287.20001220703125,288.6499938964844,284.1499938964844,285.8999938964844,282.08172607421875,9677338,282.08172607421875,1.0881517868196355,330.1251220703125,-0.14553086931039771,-0.003485494821673707,0.306369395184495,0.46077749579526955,288.0062286376953,246.50871627807618
2024-10-14,286.1000061035156,289.20001220703125,284.6499938964844,285.70001220703125,281.8843994140625,11386559,281.8843994140625,1.0731992834201636,330.1251220703125,-0.14612860225152857,-0.0006995371976146192,0.3044415595028154,0.3176042463176312,287.52061157226564,247.07299102783202
2024-10-15,287.1499938964844,289.45001220703125,285.75,288.8500061035156,284.9923400878906,14701531,284.9923400878906,1.101340904071518,330.1251220703125,-0.1367141697650297,0.011025585950440675,0.30582858556830533,0.3166706048950856,287.2585260009766,247.6811316680908
2024-10-16,288.1499938964844,291.04998779296875,284.75,285.70001220703125,281.8843994140625,11835439,281.8843994140625,1.076929087444499,330.1251220703125,-0.14612860225152857,-0.010905348097670409,0.3071938279967067,0.3059276230922212,287.18421325683596,248.25712768554686
2024-10-17,286.04998779296875,287.8999938964844,281.70001220703125,284.54998779296875,280.749755859375,11695551,280.749755859375,1.067825080168162,330.1251220703125,-0.14956561288426018,-0.00402520876304624,0.3065336232491946,0.30048959255559504,287.1462463378906,248.8071824645996
2024-10-18,282.8999938964844,287.79998779296875,277.79998779296875,287.1499938964844,283.3150329589844,10095514,283.3150329589844,1.136677708328658,330.1251220703125,-0.14179499220710068,0.009137237151843891,0.29741286891160684,0.30085601474733686,286.90473388671876,249.33514434814452
2024-10-21,286.29998779296875,287.45001220703125,281.1000061035156,282.29998779296875,278.5298156738281,8393942,278.5298156738281,1.0375486456028304,330.1251220703125,-0.15629015469321117,-0.016890093106527893,0.2930954168880473,0.30178920697447076,286.6058917236328,249.8477268218994
2024-10-22,282.0,282.1499938964844,270.6499938964844,271.6499938964844,268.0220642089844,15240897,268.0220642089844,0.9919944140534143,330.1251220703125,-0.18811975735703312,-0.037725768925036096,0.3123377650914105,0.30724026732967125,286.01916015625,250.29556098937988
2024-10-23,271.0,274.70001220703125,266.29998779296875,268.6499938964844,265.0621337890625,13503954,265.0621337890625,0.9635812343839159,330.1251220703125,-0.19708584391645423,-0.011043607281577938,0.3098906612510333,0.3015017040083676,285.38897521972655,250.72126976013183
2024-10-24,269.0,273.1499938964844,268.3500061035156,271.3500061035156,267.7260437011719,10700271,267.7260437011719,0.9941375017360641,330.1251220703125,-0.18901644921118854,0.010050133808359618,0.3105009298784226,0.297823414551181,284.9153857421875,251.15663513183594
2024-10-25,271.0,276.0,257.45001220703125,272.3500061035156,268.71270751953125,40406841,268.71270751953125,1.00221478452807,330.1251220703125,-0.18602769206307534,0.00368534866731407,0.3079423390438204,0.2938289029840104,284.4940881347656,251.6106085205078
2024-10-28,276.70001220703125,277.95001220703125,267.3999938964844,270.04998779296875,266.4433898925781,24479817,266.4433898925781,0.9688273370336156,330.1251220703125,-0.1929018057709978,-0.008445144436603047,0.30829261382548045,0.29061366725013327,283.83796936035156,252.05225860595704
2024-10-29,271.20001220703125,284.5,270.8500061035156,283.6499938964844,279.8617858886719,34271117,279.8617858886719,1.0906135882539139,330.1251220703125,-0.15225541111934882,0.05036115176850009,0.34383993620338066,0.30280953236393726,283.4729113769531,252.53877922058106
2024-10-30,283.45001220703125,294.75,282.04998779296875,288.54998779296875,284.69635009765625,40787587,284.69635009765625,1.127505079630383,330.1251220703125,-0.137610769176726,0.017274827978506213,0.34195277996642404,0.302113747720016,283.1848114013672,253.05411231994628
2024-10-31,287.95001220703125,288.45001220703125,283.75,284.8999938964844,281.0950622558594,18720310,281.0950622558594,1.144420264254106,330.1251220703125,-0.1485196264585109,-0.012649575031648874,0.34376418932992936,0.30155221948436167,282.7802862548828,253.5629158782959
2024-11-01,286.6499938964844,290.25,286.0,288.6499938964844,284.79498291015625,5265231,284.79498291015625,1.1972051574092877,330.1251220703125,-0.1373119951486197,0.013162524537443154,0.327711978569336,0.3024450768554166,282.46751892089844,254.08509101867676
2024-11-04,289.0,289.0,280.29998779296875,284.1499938964844,280.35516357421875,15157659,280.35516357421875,1.1876808793513742,330.1251220703125,-0.1507608938816034,-0.015589527914324663,0.32842627123218304,0.30314911320576793,282.03635681152343,254.58042739868165
2024-11-05,282.5,287.20001220703125,277.1499938964844,286.3500061035156,282.5257568359375,18761867,282.5257568359375,1.2448264450906383,330.1251220703125,-0.14418583152916464,0.007742298140851256,0.31558451023968265,0.30323541399539944,281.6347924804688,255.09272163391114
2024-11-06,287.5,304.29998779296875,287.20001220703125,301.8500061035156,297.8186950683594,52804364,297.8186950683594,1.306373631931391,330.1251220703125,-0.09786115882169144,0.05412935940315866,0.3483896535864651,0.31661235702463886,281.6535388183594,255.68563179016112
2024-11-07,301.0,302.0,296.1000061035156,300.3500061035156,296.3387756347656,24357284,296.3387756347656,1.2992616049865489,330.1251220703125,-0.10234406343771318,-0.004969195883603117,0.34808120729540193,0.31657818404799143,281.6614324951172,256.2459906005859
2024-11-08,300.3500061035156,304.5,295.75,297.75,293.77349853515625,22935845,293.77349853515625,1.2571195539206568,330.1251220703125,-0.11011468411487269,-0.008656569138191572,0.34928776140335394,0.31679773175665876,281.6920184326172,256.8025580596924
2024-11-11,297.5,303.79998779296875,294.3999938964844,299.75,295.7467346191406,20155408,295.7467346191406,1.28686865588169,330.1251220703125,-0.10413744714602391,0.006716862119365841,0.34865083052864726,0.31358130991359306,281.7008978271484,257.3746081542969
2024-11-12,300.0,300.8500061035156,287.29998779296875,290.1499938964844,286.2749938964844,14292965,286.2749938964844,1.1750230297426256,330.1251220703125,-0.13282881320522044,-0.032026526801230304,0.35141035039886737,0.3176150887109627,281.5677001953125,257.88684585571286
2024-11-13,288.0,288.8500061035156,279.45001220703125,281.54998779296875,277.7898254394531,20001842,277.7898254394531,1.0919263711134248,330.1251220703125,-0.15853169944368128,-0.029639921886084997,0.3621557842684643,0.31906585941636006,281.25986633300784,258.3388315582275
2024-11-14,282.0,284.45001220703125,275.5,280.95001220703125,277.1978759765625,20541591,277.1978759765625,1.0616879874345169,330.1251220703125,-0.1603248058246145,-0.002130925644789894,0.35799138379847234,0.3138712949626579,280.9046746826172,258.8110558319092
2024-11-18,283.0,286.70001220703125,277.25,278.04998779296875,274.3365478515625,12999925,274.3365478515625,1.0344943321557905,330.1251220703125,-0.16899221079838855,-0.010322330627244525,0.3589830672428243,0.3141749793292303,280.6570263671875,259.2584732055664
2024-11-19,280.0,285.20001220703125,277.0,279.0,275.2738952636719,13160982,275.2738952636719,1.007276346854629,330.1251220703125,-0.16615284066432845,0.003416779205869913,0.3425259318573223,0.31429296514200356,280.5662548828125,259.7083795928955
2024-11-21,278.45001220703125,278.45001220703125,270.25,275.45001220703125,271.77130126953125,14858108,271.77130126953125,1.0169314944640506,330.1251220703125,-0.1767627390330888,-0.012724032515998851,0.3149068591761212,0.3146148487325637,280.44588439941407,260.1349124145508
2024-11-22,276.0,283.5,275.5,280.8500061035156,277.0992126464844,13268900,277.0992126464844,1.043878165328596,330.1251220703125,-0.16062367229517982,0.01960439292914562,0.3194271198672924,0.3165456328512976,280.3491943359375,260.6027363586426
2024-11-25,290.0,299.0,287.95001220703125,292.3500061035156,288.44561767578125,49366681,288.44561767578125,1.0593207617219118,330.1251220703125,-0.12625365841032254,0.040947085056399324,0.33795136424773414,0.3244119479101599,280.4340460205078,261.13706001281736
2024-11-26,294.0,301.0,293.1499938964844,297.8999938964844,293.9214782714844,27347402,293.9214782714844,1.1035494596986473,330.1251220703125,-0.10966643063025416,0.01898403116617331,0.34170361751893547,0.32518132076427664,280.5563897705078,261.71097259521486
2024-11-27,298.8500061035156,307.95001220703125,297.45001220703125,307.3500061035156,303.2452697753906,39464505,303.2452697753906,1.177126820997585,330.1251220703125,-0.08142322561321702,0.031722048891215104,0.35256099472388563,0.323291158450653,280.89974182128907,262.3256434631348
2024-11-28,308.0,309.5,304.3500061035156,305.75,301.6666259765625,27772319,301.6666259765625,1.1139090879054714,330.1251220703125,-0.08620518158472257,-0.005205831569928154,0.3523582911304272,0.32104326080634293,281.2026416015625,262.9473167419434
2024-11-29,305.70001220703125,310.6000061035156,305.0,308.0,303.8865966796875,23241947,303.8865966796875,1.1627729609397934,330.1251220703125,-0.07948054733331233,0.0073590198980031385,0.35045669586647565,0.319602198288873,281.67031127929687,263.5725198364258
2024-12-02,307.79998779296875,309.3999938964844,303.29998779296875,306.8999938964844,302.80126953125,15549685,302.80126953125,1.1701344147197092,330.1251220703125,-0.08276817095199096,-0.003571487391335948,0.35038302748941236,0.3141976772095157,282.1448864746094,264.1991337585449
2024-12-03,309.0,312.75,307.79998779296875,312.1000061035156,307.931884765625,21405136,307.931884765625,1.2224627429628412,330.1251220703125,-0.06722674471275358,0.01694383660384724,0.35234336756701296,0.3152946149765599,282.92236328125,264.8362609100342
2024-12-04,316.0,320.8500061035156,311.20001220703125,312.8500061035156,308.6718444824219,41441172,308.6718444824219,1.2677712229144786,330.1251220703125,-0.06498529240474271,0.0024029980440645193,0.34727175767175916,0.31524186509559704,283.62288146972656,265.4940012359619
2024-12-05,314.0,315.3999938964844,310.6000061035156,314.5,310.2997741699219,17911694,310.2997741699219,1.2634880621458953,330.1251220703125,-0.060054041861643204,0.005273981791989124,0.3243473501047674,0.3119248230812046,284.1793493652344,266.18929565429687
2024-12-06,314.5,315.8500061035156,313.1000061035156,313.75,309.559814453125,8359798,309.559814453125,1.2429088046663992,330.1251220703125,-0.062295494169654075,-0.002384660829278129,0.32156276407585055,0.3057527056904907,284.6124871826172,266.8713304138184
2024-12-09,313.6000061035156,317.1000061035156,313.25,314.6000061035156,310.3984375,11830104,310.3984375,1.253770100796753,330.1251220703125,-0.059755175391077775,0.0027090824057913743,0.3213405175468902,0.30531064864088614,285.10087646484374,267.5330463409424
2024-12-10,317.54998779296875,318.29998779296875,314.0,314.8500061035156,310.64508056640625,15811501,310.64508056640625,1.1798090914444486,330.1251220703125,-0.059008055435893936,0.0007946015076387702,0.3215631640988853,0.3051122487103203,285.58137145996096,268.1746701812744
2024-12-11,314.8999938964844,316.5,313.0,314.1000061035156,309.90509033203125,9281006,309.90509033203125,1.1517566056262405,330.1251220703125,-0.06124960018636405,-0.0023821083309150115,0.3198290249011863,0.3039917133607784,285.98885437011717,268.80107330322267
2024-12-12,313.54998779296875,316.0,312.1000061035156,312.95001220703125,308.7705078125,10978047,308.7705078125,1.0587100506304954,330.1251220703125,-0.06468642593417728,-0.003661064483696186,0.2905945707934531,0.30070863040511403,286.5384155273438,269.41959732055665
2024-12-13,313.0,316.3500061035156,308.1499938964844,315.6499938964844,311.4344177246094,15557064,311.4344177246094,1.0976463386759674,330.1251220703125,-0.056617031228911596,0.008627475243610405,0.28808768103095445,0.29226298388279665,287.16394775390626,270.04212638854983
2024-12-16,315.79998779296875,317.3500061035156,314.0,316.20001220703125,311.9770812988281,10543307,311.9770812988281,1.045454795562367,330.1251220703125,-0.05497321941957234,0.001742465004939131,0.2842209349184,0.29161952466902574,287.9039306640625,270.67692855834963
2024-12-17,315.54998779296875,318.6499938964844,310.0,310.6000061035156,306.451904296875,18053073,306.451904296875,0.9566022653707495,330.1251220703125,-0.0717098342136937,-0.017710201592215147,0.2892666553036965,0.2837258711067909,288.56300964355466,271.2544452667236
2024-12-18,310.20001220703125,310.6000061035156,301.6499938964844,303.79998779296875,299.7426452636719,16598070,299.7426452636719,0.9330543364860213,330.1251220703125,-0.09203321642443663,-0.02189335076444343,0.29326147129811136,0.2859719028069475,289.2822723388672,271.74669525146487
2024-12-19,295.0,300.45001220703125,295.0,298.5,294.5134582519531,13349532,294.5134582519531,0.8698839661016555,330.1251220703125,-0.10787323180686181,-0.017445589055634203,0.2983128501459386,0.2866774465493037,289.64239807128905,272.21794685363767
2024-12-20,298.0,302.1000061035156,289.3500061035156,290.8500061035156,286.9656066894531,14964305,286.9656066894531,0.8270609665463624,330.1251220703125,-0.1307368403537218,-0.02562820594786841,0.2637238209801671,0.2898519797874076,289.809140625,272.6460665130615
2024-12-23,294.0,295.29998779296875,288.0,294.3500061035156,290.4189147949219,10201072,290.4189147949219,0.8257713478446176,330.1251220703125,-0.1202762365565554,0.012033874530496647,0.266151149448348,0.28908735633009724,289.9561517333984,273.0899820709229
2024-12-24,296.25,297.3500061035156,291.5,292.45001220703125,288.5442810058594,10685518,288.5442810058594,0.8012659892993013,330.1251220703125,-0.12595479193975712,-0.0064549300805226695,0.26564349198051584,0.28913958937547185,290.08540283203126,273.5272206878662
2024-12-26,293.0,296.0,292.5,295.20001220703125,291.2575988769531,9172485,291.2575988769531,0.7638893457999198,330.1251220703125,-0.11773573289306072,0.009403471320364343,0.26638759827658487,0.28429768003259637,290.2728668212891,273.9755746459961
2024-12-27,295.8500061035156,296.1499938964844,291.3500061035156,292.04998779296875,288.1495666503906,9495184,288.1495666503906,0.708185030847279,330.1251220703125,-0.1271504427069371,-0.010671076869913865,0.2510887370196564,0.28478031670196924,290.33601135253906,274.3887789154053
2024-12-30,292.04998779296875,292.5,282.8500061035156,284.8999938964844,281.0950622558594,25876258,281.0950622558594,0.6629946033017877,330.1251220703125,-0.1485196264585109,-0.0244820926733873,0.24613373621914472,0.2875883867868501,290.320224609375,274.76107292175294
2024-12-31,284.5,294.0,284.25,293.1499938964844,289.23492431640625,15725947,289.23492431640625,0.7704913500420363,330.1251220703125,-0.12386272664579934,0.028957684262478356,0.2593715310219275,0.2915051334838952,290.48992797851565,275.17553703308107
2025-01-01,293.1499938964844,294.6000061035156,290.25,293.8999938964844,289.97491455078125,6954271,289.97491455078125,0.7396560801055962,330.1251220703125,-0.12162118189532922,0.0025584401196498963,0.2569248829845735,0.29150856195624136,290.62312561035156,275.57041458129885
2025-01-02,294.45001220703125,297.79998779296875,291.3500061035156,296.79998779296875,292.8361511230469,13361957,292.8361511230469,0.7151119197235847,330.1251220703125,-0.11295405424893279,0.009867186534732397,0.25791755883472617,0.2918729458389908,290.90925231933596,275.99258964538575
2025-01-03,296.5,297.25,291.5,291.95001220703125,288.05096435546875,8167968,288.05096435546875,0.6207892141240081,330.1251220703125,-0.12744912429258404,-0.01634083342929693,0.2599400781654647,0.2930902729689282,291.3098303222656,276.4315287780762
2025-01-06,292.54998779296875,292.54998779296875,280.54998779296875,282.1499938964844,278.3818359375,12638091,278.3818359375,0.5815952706188505,330.1251220703125,-0.1567384081778297,-0.033567422485823006,0.2740699473569852,0.29671773098219506,291.5762243652344,276.89051071166995
2025-01-07,282.1499938964844,288.20001220703125,281.04998779296875,287.0,283.1670227050781,13247733,283.1670227050781,0.5867678496947732,330.1251220703125,-0.14224333813417833,0.017189292366950548,0.251140689864225,0.29815987691721535,291.8850439453125,277.34915176391604
2025-01-08,287.0,287.0,280.1000061035156,282.1000061035156,278.33251953125,10996122,278.33251953125,0.5469760573550142,330.1251220703125,-0.15688779519188278,-0.017072973850006945,0.24856895706116158,0.29878626927253515,292.0774401855469,277.8149956512451
2025-01-09,281.25,284.1000061035156,279.6000061035156,281.25,277.49383544921875,12715512,277.49383544921875,0.5360601955880229,330.1251220703125,-0.15942829885537746,-0.0030132450331126215,0.22748117245892568,0.29825332412037436,292.2984490966797,278.27149864196775
2025-01-10,280.0,281.0,270.0,271.0,267.3807373046875,15317565,267.3807373046875,0.5028310375714107,330.1251220703125,-0.1900624356369378,-0.03644440651504832,0.2474299951418814,0.3040148836380919,292.048828125,278.69949699401855
2025-01-13,265.0,268.8999938964844,258.29998779296875,259.6000061035156,256.13299560546875,19429753,256.13299560546875,0.43803349279755266,330.1251220703125,-0.22413358305122977,-0.04206638747652802,0.2684668555019785,0.3117261680706675,291.47756103515627,279.061206741333
2025-01-14,263.0,271.0,261.20001220703125,269.8999938964844,266.29541015625,18938129,266.29541015625,0.45869204191640334,330.1251220703125,-0.19335005925561632,0.039676319432248475,0.2987763334461722,0.3189677475978919,291.18156799316404,279.4276457977295
2025-01-15,272.0,272.20001220703125,266.29998779296875,267.8500061035156,264.2728271484375,11376064,264.2728271484375,0.4550086421514197,330.1251220703125,-0.19947677568097733,-0.007595260491443434,0.29214781418093155,0.3158949422499242,290.7711248779297,279.7773301696777
2025-01-16,273.3999938964844,278.04998779296875,271.3999938964844,276.1499938964844,272.4619445800781,17234302,272.4619445800781,0.5192959056079645,330.1251220703125,-0.17467067373913103,0.03098736075139863,0.3095984649405265,0.3177917924350339,290.6132604980469,280.15861228942873
2025-01-17,275.45001220703125,283.8999938964844,274.04998779296875,282.1499938964844,278.3818359375,12741720,278.3818359375,0.543479184133427,330.1251220703125,-0.1567384081778297,0.02172740624950653,0.3174389735920314,0.3196405744142732,290.53038208007814,280.5692478942871
2025-01-20,283.20001220703125,287.79998779296875,280.70001220703125,285.79998779296875,281.9830322265625,10483849,281.9830322265625,0.5554433117471151,330.1251220703125,-0.14582982822342228,0.012936175512079817,0.3209584902684926,0.3193997985346265,290.2136688232422,280.98780372619626
2025-01-21,285.79998779296875,286.8999938964844,278.25,279.0,275.2738952636719,13020489,275.2738952636719,0.528731156571997,330.1251220703125,-0.16615284066432845,-0.02379269741840384,0.3260785903539906,0.32162100168969904,289.7923712158203,281.3255827331543
2025-01-22,279.0,279.29998779296875,266.29998779296875,270.3500061035156,266.7394104003906,21272549,266.7394104003906,0.4881966932318469,330.1251220703125,-0.1920051139168425,-0.031003611349003757,0.33509214440894725,0.32497599026841356,289.251689453125,281.57198234558103
2025-01-23,268.79998779296875,276.95001220703125,267.1000061035156,273.95001220703125,270.29132080078125,11978782,270.29132080078125,0.46684594053902906,330.1251220703125,-0.18124582853402904,0.013316031534519102,0.3391610743452097,0.3256801579856538,288.7425811767578,281.8336815643311
2025-01-24,273.95001220703125,276.70001220703125,268.79998779296875,270.1499938964844,266.54205322265625,10164897,266.54205322265625,0.4608245281972727,330.1251220703125,-0.19260293930043249,-0.01387120965267108,0.34027589165612737,0.32643699693693545,288.34792236328127,282.0825383758545
2025-01-27,267.0,267.0,261.79998779296875,262.95001220703125,259.438232421875,13710372,259.438232421875,0.4306988599793522,330.1251220703125,-0.2141215100660594,-0.026651782391902912,0.3436435585671065,0.3275713861342888,287.9808905029297,282.2752125549316
2025-01-28,263.5,265.70001220703125,252.6999969482422,258.25,254.80101013183597,29049716,254.80101013183597,0.38608790538905113,330.1251220703125,-0.22816837284632174,-0.017874089900899448,0.34458238067737096,0.32875719563479117,287.5329531860352,282.44937454223634
2025-01-29,259.0,268.0,259.0,267.20001220703125,263.63153076171875,14361301,263.63153076171875,0.4068400314079501,330.1251220703125,-0.20141936151842288,0.03465653697885185,0.3627223576071844,0.3286314602778234,287.3188528442383,282.6450576019287
2025-01-30,268.8500061035156,280.5,267.8999938964844,278.75,275.0272521972656,46735932,275.0272521972656,0.5049122051762631,330.1251220703125,-0.1668999606195124,0.043225942673172923,0.38443272475664175,0.3353306040004897,287.31391998291014,282.89476737976076
2025-01-31,283.8999938964844,294.20001220703125,281.6000061035156,292.6499938964844,288.7416076660156,50252116,288.7416076660156,0.5620059909871873,330.1251220703125,-0.12535705899862626,0.049865441912328334,0.4104370102269059,0.3413232317500266,287.6533261108398,283.18967933654784
2025-02-01,295.95001220703125,299.6000061035156,269.29998779296875,281.79998779296875,278.0364990234375,61832253,278.0364990234375,0.5005265850729497,330.1251220703125,-0.1577844870460382,-0.037075046887460106,0.41784022471043053,0.34554171215772395,287.6720718383789,283.42639183044435
2025-02-03,277.8500061035156,277.8500061035156,263.29998779296875,274.1499938964844,270.4886474609375,41786023,270.4886474609375,0.4506155528494611,330.1251220703125,-0.18064809559289818,-0.027146981022314387,0.42284937766350345,0.34832202160936643,287.31293243408203,283.6302850341797
2025-02-04,276.0,286.0,275.8999938964844,284.5,280.7004089355469,29035155,280.7004089355469,0.5294155890799819,330.1251220703125,-0.14971509234077252,0.03775301318730606,0.4379665661515097,0.35409990353638676,287.04851104736326,283.89655281066894
2025-02-05,285.6499938964844,291.79998779296875,285.0,288.95001220703125,285.0910339355469,18818511,285.0910339355469,0.5700497937619773,330.1251220703125,-0.13641521085200514,0.015641676535669502,0.43956898184071985,0.35466344556574136,286.68542633056643,284.17419593811036
2025-02-06,288.95001220703125,289.95001220703125,279.0,279.75,276.01385498046875,16834939,276.01385498046875,0.5407807001860554,330.1251220703125,-0.16391138835631758,-0.03183958060613823,0.4480896798127172,0.3554786837211264,286.17237091064453,284.4064531707764
2025-02-07,280.75,282.29998779296875,273.1000061035156,277.04998779296875,273.34991455078125,26682639,273.34991455078125,0.5159905315012405,330.1251220703125,-0.1719808755040425,-0.009651473582280912,0.4433872034132797,0.3557849565038251,285.5616372680664,284.620224685669
2025-02-10,278.8999938964844,282.20001220703125,272.0,273.45001220703125,269.7980041503906,21789085,269.7980041503906,0.521429011494775,330.1251220703125,-0.18274016088685596,-0.012994005892512428,0.4357273635898568,0.35509569272673985,284.90157196044925,284.8056588745117
2025-02-11,273.79998779296875,274.0,262.75,265.04998779296875,261.5101623535156,23839025,261.5101623535156,0.46220879884991284,330.1251220703125,-0.20784531418418606,-0.03071869201914179,0.44334062391375373,0.35870265963513526,283.973137512207,284.9442420196533
2025-02-12,264.95001220703125,265.75,254.0,259.1499938964844,255.68898010253903,27997028,255.68898010253903,0.44067592163511504,330.1251220703125,-0.22547857461123333,-0.02225987012736963,0.4449737824518108,0.3556802386582543,282.9134802246094,285.0470774078369
2025-02-13,259.1499938964844,265.5,258.6000061035156,261.54998779296875,258.05694580078125,18016813,258.05694580078125,0.4296272482979451,330.1251220703125,-0.21830564065397495,0.009261117539334673,0.44505723007427295,0.3465391940147741,281.8686236572266,285.1792182159424
2025-02-14,262.20001220703125,264.5,248.1999969482422,250.3500061035156,247.00653076171875,25683310,247.00653076171875,0.39454189461322486,330.1251220703125,-0.25177905512713616,-0.04282161444936794,0.45129421937507375,0.353386926544526,280.61755798339846,285.26422477722167
2025-02-17,248.9499969482422,250.0,242.6000061035156,248.5,245.1812438964844,24947159,245.1812438964844,0.4317914557463114,330.1251220703125,-0.25730813105382544,-0.007389629981059742,0.4470632465021998,0.3523583831064103,279.31321411132814,285.33518501281736
2025-02-18,249.0,249.75,240.5500030517578,244.6000061035156,241.33331298828125,21180375,241.33331298828125,0.39375872530104217,330.1251220703125,-0.2689641082907944,-0.015694230305103418,0.44674157794265157,0.3531589396356737,277.92697875976563,285.39010345458985
2025-02-19,240.6999969482422,254.0,240.25,253.3999938964844,250.01577758789065,21516255,250.01577758789065,0.4041471659724216,330.1251220703125,-0.24266358155366186,0.03597706629101394,0.4618029531045925,0.358680288647099,276.7291925048828,285.49950408935547
2025-02-20,252.0,260.95001220703125,250.25,260.25,256.7742919921875,18922988,256.7742919921875,0.40836908664352745,330.1251220703125,-0.22219099721378432,0.027032351595974502,0.4585645392240019,0.3612012459423743,275.68926818847655,285.6645908355713
2025-02-21,259.5,262.5,254.3999938964844,256.1000061035156,252.67974853515625,16594628,252.67974853515625,0.36861464836416635,330.1251220703125,-0.2345940019634778,-0.015946080214119807,0.4442363507590052,0.36169463137814745,274.5141748046875,285.7885412597656
2025-02-24,251.0,258.45001220703125,250.5,256.3500061035156,252.9264068603516,15409569,252.9264068603516,0.36668437706796575,330.1251220703125,-0.23384683578706422,0.0009761697430257232,0.4280072136526321,0.3616713996863269,273.33316131591795,285.9402925872803
2025-02-25,256.3500061035156,258.54998779296875,255.3500061035156,256.6499938964844,253.2223663330078,14770656,253.2223663330078,0.3546475004026348,330.1251220703125,-0.2329503288178273,0.0011701406600048703,0.42765239200223937,0.3612906406882836,272.2685705566406,286.08909568786623
2025-02-27,257.1000061035156,258.3999938964844,251.8999938964844,252.4499969482422,249.07846069335935,11087361,249.07846069335935,0.3462489147647334,330.1251220703125,-0.24550285924526283,-0.01636469044838995,0.41873243859093895,0.36122624198539904,271.2552868652344,286.22874099731445
2025-02-28,250.0,250.9499969482422,243.5,246.25,242.96127319335935,17754591,242.96127319335935,0.2723912128850834,330.1251220703125,-0.2640327653052359,-0.02455927936511082,0.4167997785767651,0.3580928022105983,270.2242431640625,286.30729705810546
2025-03-03,247.5,258.8999938964844,244.3600006103516,257.3900146484375,253.95249938964844,24644079,253.95249938964844,0.2616084169735782,330.1251220703125,-0.230738642981676,0.045238593179176334,0.4382969373324477,0.36585214853342113,269.5639810180664,286.43146141052245
2025-03-04,253.88999938964844,266.5,252.5,264.7099914550781,261.1747131347656,24998454,261.1747131347656,0.30415769962082195,330.1251220703125,-0.2088614416956166,0.028439230810781924,0.4430048832272196,0.3685967297835823,268.9790969848633,286.5668914794922
2025-03-05,265.0,275.79998779296875,263.3299865722656,274.9200134277344,271.2484130859375,28499877,271.2484130859375,0.3472045136659532,330.1251220703125,-0.17834664812887213,0.0385707323280331,0.4484318003295112,0.3741672998672104,268.6331796264648,286.70201499938963
2025-03-06,276.2099914550781,281.0,271.8299865722656,272.95001220703125,269.3046875,22586087,269.3046875,0.33559954728189023,330.1251220703125,-0.184234493239683,-0.007165850534659901,0.44744869953374083,0.37408800383251856,268.1941213989258,286.6997486114502
2025-03-07,275.79998779296875,279.7300109863281,274.0,276.989990234375,273.2907409667969,25542382,273.2907409667969,0.3590025816704434,330.1251220703125,-0.17216012143241444,0.01480127770444728,0.4472970459199953,0.36526698077672975,267.8969448852539,286.67091926574705
2025-03-10,278.6000061035156,283.4700012207031,271.54998779296875,272.3299865722656,268.6929626464844,20986855,268.6929626464844,0.3328896186741046,330.1251220703125,-0.18608750233417204,-0.016823761771245338,0.4428613809711256,0.3651563849231031,267.6489028930664,286.5949936676025
2025-03-11,271.95001220703125,278.5,269.04998779296875,277.17999267578125,274.99285888671875,20980143,274.99285888671875,0.3381080304678741,330.1251220703125,-0.16700414327102098,0.023446450469650326,0.44331088268196356,0.36671490155419734,267.36406158447267,286.50776420593263
2025-03-12,278.7799987792969,280.3999938964844,274.1199951171875,276.8299865722656,274.6456298828125,15308721,274.6456298828125,0.3291260138557395,330.1251220703125,-0.16805595357169933,-0.001262683712267898,0.4330712035375388,0.3660447617454864,267.05747589111326,286.432328414917
2025-03-13,283.0,285.79998779296875,279.4200134277344,280.07000732421875,277.8600769042969,38015489,277.8600769042969,0.34659904179862866,330.1251220703125,-0.1583188969026229,0.011703980226650312,0.4161256543967736,0.36563221838754467,266.7579544067383,286.3992864227295
2025-03-17,281.0,283.3800048828125,276.7200012207031,279.92999267578125,277.7211608886719,13883681,277.7211608886719,0.31621774483573506,330.1251220703125,-0.1587396949768617,-0.0004999495327745462,0.38911299794766635,0.36540842184483024,266.55135833740235,286.350544052124
2025-03-18,279.92999267578125,279.92999267578125,279.92999267578125,279.92999267578125,277.7211608886719,0,277.7211608886719,0.3326278500520252,330.1251220703125,-0.1587396949768617,0.0,0.3737846994541002,0.35377466631487037,266.5381448364258,286.3091815948486
2025-03-19,286.0,292.989990234375,284.760009765625,290.0,287.7117004394531,21095205,287.7117004394531,0.4366682934021211,330.1251220703125,-0.12847680711141352,0.035973274484424556,0.3783527379080874,0.3589166374281711,266.6290383911133,286.2916960906982
2025-03-20,294.8099975585937,297.7799987792969,291.1000061035156,297.04998779296875,294.7060546875,27889890,294.7060546875,0.579469652759423,330.1251220703125,-0.10728982744690563,0.024310287824108823,0.3693152441497271,0.3609188165508047,266.9565090942383,286.1975009918213
2025-03-21,301.0,301.0,292.75,295.739990234375,293.40643310546875,41751586,293.40643310546875,0.5326381816103671,330.1251220703125,-0.11122658201402535,-0.0044098910129598545,0.3673923649777089,0.3608380365996139,267.27476104736326,286.4072533416748
2025-03-24,296.8999938964844,304.8999938964844,296.3500061035156,302.1000061035156,299.7162475585937,29935092,299.7162475585937,0.6186551655058126,330.1251220703125,-0.09211317915163719,0.021505371870482515,0.35809847415057156,0.3584254068692915,267.9214712524414,286.6249391937256
2025-03-25,304.0,304.5,298.6499938964844,300.0299987792969,297.6625366210937,19364944,297.6625366210937,0.5986753382132635,330.1251220703125,-0.09833418688537332,-0.0068521842049904524,0.3573305214464714,0.3549642883839951,268.7520620727539,286.7669219207764
2025-03-26,301.07000732421875,305.5,298.489990234375,299.5400085449219,297.1764221191406,23869923,297.1764221191406,0.6348040376039896,330.1251220703125,-0.099806702817831,-0.0016331060921243035,0.3543923824730752,0.3549527757613576,269.3696823120117,286.85948875427243
2025-03-27,297.0,302.0,296.6300048828125,300.6499938964844,298.27764892578125,14453677,298.27764892578125,0.6229171942053633,330.1251220703125,-0.09647091667791385,0.0037056331682974175,0.3392580840583602,0.35445937695167556,270.0497787475586,286.9565781402588
2025-03-28,304.0,306.5799865722656,299.07000732421875,301.32000732421875,298.9423828125,20850848,298.9423828125,0.5488632807824463,330.1251220703125,-0.09445733503180942,0.0022285742465542047,0.3296906963689706,0.3544436821950317,270.579387512207,287.0432154083252
2025-04-01,302.0,305.79998779296875,290.0,292.0,289.6959228515625,33171384,289.6959228515625,0.49069649099430834,330.1251220703125,-0.12246629085725591,-0.030930575564245055,0.34581705271733154,0.35775718144900687,270.8056692504883,287.0624648284912
2025-04-02,289.8999938964844,290.75,274.45001220703125,282.3999938964844,280.1716613769531,52653587,280.1716613769531,0.42794993982591323,330.1251220703125,-0.1513167503887205,-0.03287675360032427,0.3351299568847334,0.36077858311397987,270.7694418334961,286.9829261016846
2025-04-03,283.0,288.25,282.6000061035156,287.5,285.2314147949219,20968721,285.2314147949219,0.45337356529038164,330.1251220703125,-0.13598997553972525,0.018059476083704284,0.3354520998582224,0.3554850838024878,270.9685922241211,286.8858827972412
2025-04-04,287.1000061035156,288.0,278.29998779296875,280.0,277.79058837890625,19699594,277.79058837890625,0.4010590317259308,330.1251220703125,-0.15852938838220154,-0.02608698071131288,0.34237704623475856,0.35671212714669354,271.1896157836914,286.70907844543456
2025-04-07,257.0,274.5,256.20001220703125,272.1000061035156,269.95294189453125,24954083,269.95294189453125,0.2996120697159401,330.1251220703125,-0.18227083052154192,-0.028214226155439226,0.34233297768625737,0.3555375311272613,271.1828482055664,286.53711891174316
2025-04-08,282.45001220703125,288.0,276.6000061035156,281.45001220703125,279.22918701171875,26787606,279.22918701171875,0.28405152467209427,330.1251220703125,-0.15417165085592477,0.03436245240406266,0.34746537264373245,0.36035841167797755,271.4365908813477,286.3987487030029
2025-04-09,281.0,282.79998779296875,276.6000061035156,280.1499938964844,277.9394226074219,11389916,277.9394226074219,0.2752353247079111,330.1251220703125,-0.15807854650872566,-0.004619017152539762,0.34361982616413583,0.3601662878473853,271.8066146850586,286.28812309265135
2025-04-11,283.0,287.0,282.6499938964844,285.0,282.75115966796875,13883110,282.75115966796875,0.3043791043456543,330.1251220703125,-0.14350305152557785,0.01731217909070515,0.34587032661417716,0.36139416261022034,272.36561767578127,286.1779405975342
2025-04-15,289.8999938964844,294.1499938964844,287.54998779296875,293.70001220703125,291.38250732421875,19512440,291.38250732421875,0.3190494659678631,330.1251220703125,-0.11735736590759083,0.030526303292215173,0.35418431163790876,0.363956619977077,272.92063720703123,286.11116081237793
2025-04-16,293.5,295.3500061035156,291.29998779296875,293.6000061035156,291.2832946777344,12479078,291.2832946777344,0.3242038995514871,330.1251220703125,-0.11765789634242163,-0.0003404893704685996,0.34881689782354336,0.36392671879163024,273.2457580566406,286.05790657043457
2025-04-17,293.0,296.6000061035156,291.1499938964844,295.1499938964844,292.8210754394531,13609937,292.8210754394531,0.30435502493492095,330.1251220703125,-0.1129997208237733,0.005279330431290585,0.337020755173643,0.36392695438996164,273.32734741210936,286.02390312194825
2025-04-21,297.5,301.6000061035156,295.1499938964844,299.95001220703125,297.58319091796875,14064356,297.58319091796875,0.32209076013528426,330.1251220703125,-0.09857453727927057,0.01626288501047557,0.31797270562953345,0.3649730033115411,273.71828125,286.00682243347165
2025-04-22,301.0,304.75,299.75,303.3500061035156,300.95635986328125,11962358,300.95635986328125,0.3098772040511375,330.1251220703125,-0.0883566873799404,0.011335213305923464,0.31103529658628504,0.36545130304450496,274.3276354980469,285.99799781799317
2025-04-23,305.6000061035156,310.29998779296875,301.79998779296875,305.8500061035156,303.4366455078125,21918666,303.4366455078125,0.31532092376346665,330.1251220703125,-0.08084351895162856,0.008241346505048153,0.294505759351908,0.36571421035976537,274.7823602294922,286.00920036315915
2025-04-24,305.0,308.6000061035156,303.45001220703125,305.70001220703125,303.2878112792969,17241517,303.2878112792969,0.3203073545554336,330.1251220703125,-0.08129436082510444,-0.0004904952342409397,0.29295538364280405,0.3656930066317468,275.1462957763672,285.97833168029786
2025-04-25,306.79998779296875,307.79998779296875,293.70001220703125,297.6000061035156,295.2517395019531,20307004,295.2517395019531,0.29811309666330055,330.1251220703125,-0.10563686383410642,-0.026496520725468153,0.30412626316547337,0.3683310077118189,275.5310534667969,285.8932608795166
2025-04-28,296.0,307.8500061035156,295.8500061035156,305.04998779296875,302.6429138183594,29913417,302.6429138183594,0.318347005789851,330.1251220703125,-0.08324785487273445,0.025033465776947095,0.3049026832171965,0.3704651718145115,276.1169134521484,285.81218284606933
2025-04-29,306.54998779296875,319.45001220703125,305.79998779296875,317.1000061035156,314.597900390625,57882724,314.597900390625,0.37042428905729796,330.1251220703125,-0.04703435346668461,0.039501954370690484,0.3170404817446931,0.37632405099474553,277.0129113769531,285.73897468566895
2025-04-30,319.0,320.45001220703125,312.6000061035156,314.1000061035156,311.6215515136719,24863436,311.6215515136719,0.3513767646701891,330.1251220703125,-0.05605017406915069,-0.009460803372360438,0.3192600987501768,0.3754539990659729,278.01513916015625,285.64990074157714
2025-05-02,310.79998779296875,317.75,310.6000061035156,311.1499938964844,308.69482421875,15451259,308.69482421875,0.32651487686774305,330.1251220703125,-0.06491568323297159,-0.009391928384624215,0.32092477802068914,0.3739260428630486,279.0752560424805,285.5508670806885
2025-05-05,313.95001220703125,316.8999938964844,313.20001220703125,315.29998779296875,312.81207275390625,10955241,312.81207275390625,0.3379842817072276,330.1251220703125,-0.05244390129363974,0.013337601450157832,0.3218515327105046,0.373266805821929,280.170358581543,285.46430183410644
2025-05-06,315.6499938964844,319.29998779296875,309.20001220703125,310.5,308.0499267578125,17029890,308.0499267578125,0.31017112198891694,330.1251220703125,-0.06686917728060171,-0.015223664336766807,0.32655645186542853,0.3715718790304699,281.39122650146487,285.3657335662842
2025-05-07,305.0,315.20001220703125,305.0,309.95001220703125,307.5043029785156,19274367,307.5043029785156,0.3275737903971694,330.1251220703125,-0.06852195600848254,-0.0017712186626352988,0.31211016770626154,0.3711350792985701,282.63768768310547,285.27280128479003
2025-05-08,310.5,313.70001220703125,304.79998779296875,307.1499938964844,304.72637939453125,17110997,304.72637939453125,0.3248672415959484,330.1251220703125,-0.0769367157412868,-0.009033771420683068,0.3066905635325118,0.37130492805831533,283.90554901123045,285.1918087005615
2025-05-09,305.0,321.79998779296875,305.0,315.8500061035156,313.35772705078125,44244945,313.35772705078125,0.3565904008611911,330.1251220703125,-0.050791030123299774,0.02832491126432779,0.3159343514800104,0.37387632370826573,285.1723880004883,285.2159635162354
2025-05-12,325.0,325.0,316.20001220703125,322.79998779296875,320.2528686523437,39927141,320.2528686523437,0.39029038645703573,330.1251220703125,-0.029904580893622912,0.02200405800251759,0.3161997837996639,0.37496317818846747,286.4419595336914,285.3102631378174
2025-05-13,323.70001220703125,337.75,322.79998779296875,335.75,333.1007080078125,57985762,333.1007080078125,0.4600993184580826,333.1007080078125,0.0,0.0401177963199324,0.3331051590504127,0.37788328326592957,288.0503787231445,285.4392826080322
2025-05-14,339.0,346.0,334.5,344.3500061035156,341.6328430175781,43684324,341.6328430175781,0.5268033198003155,341.6328430175781,0.0,0.02561428062039872,0.33844150231112247,0.3772530206675329,289.82450744628903,285.6643436431885
2025-05-15,346.5,351.0,340.79998779296875,350.3999938964844,347.6351013183594,35959338,347.6351013183594,0.5254535711705484,347.6351013183594,0.0,0.017569324564244093,0.3404040361853578,0.3781364323436837,291.71276214599607,285.9260579681397
2025-05-16,351.6000061035156,371.1499938964844,349.6000061035156,363.8999938964844,361.0285949707031,68855818,361.0285949707031,0.6220453493752893,361.0285949707031,0.0,0.03852744904513594,0.35352582425397494,0.3827737784499054,293.95176483154296,286.24809776306154
2025-05-19,372.8999938964844,373.5,362.5499877929688,363.75,360.8797607421875,52003735,360.8797607421875,0.6149509562753004,361.0285949707031,-0.0004122505269359422,-0.0004122505269359422,0.3360435112144178,0.3814659672647026,296.3101345825195,286.5278202056885
2025-05-20,369.3999938964844,371.0,358.5,363.7999877929688,360.9293823242188,67088831,360.9293823242188,0.6320613317360841,361.0285949707031,-0.00027480550811320725,0.00013750170397264228,0.3144453568886146,0.37650658519595087,298.4496722412109,286.75145805358886
2025-05-21,366.8999938964844,383.8999938964844,364.0,383.0,379.9778747558594,88688170,379.9778747558594,0.6720694068243867,379.9778747558594,0.0,0.052776230931871115,0.33862525958881595,0.3848754247397169,300.8257354736328,287.08632804870604
2025-05-22,383.0,386.75,379.0,383.3999938964844,380.3746948242188,43486783,380.3746948242188,0.6601576069235804,380.3746948242188,0.0,0.001044324142857933,0.3223623097259708,0.3833158502124141,303.0082611083984,287.4332680511475
2025-05-23,389.1499938964844,389.8999938964844,381.1000061035156,383.7999877929688,380.7715759277344,37666187,380.7715759277344,0.6266123781283086,380.7715759277344,0.0,0.0010433951283193021,0.3021695732685553,0.38317285662625594,305.23759887695314,287.8062996673584
2025-05-26,384.8999938964844,385.7999877929688,378.5,384.5499877929688,381.515625,26722908,381.515625,0.5621563786573882,381.515625,0.0,0.0019540562355599977,0.2955787648301768,0.3770901009425895,307.4020965576172,288.2233946990967
2025-05-27,384.5,388.7999877929688,383.4500122070313,385.3999938964844,382.3589477539063,16859142,382.3589477539063,0.41741485790541466,382.3589477539063,0.0,0.0022104540381702176,0.2931713581325978,0.3688856917068889,309.6754162597656,288.70718925476075
2025-05-28,385.4500122070313,393.5,384.1000061035156,390.4500122070313,387.3691101074219,27549144,387.3691101074219,0.38813809125791887,387.3691101074219,0.0,0.013103295693606132,0.29261858584951056,0.36440999223930765,311.9229412841797,289.23079429626466
2025-05-29,391.5499877929688,392.1000061035156,385.5499877929688,386.7999877929688,383.7478637695313,18562683,383.7478637695313,0.3518051858517799,387.3691101074219,-0.009348309515145314,-0.009348309515145314,0.29197516853706723,0.364585582367999,314.10498596191405,289.67258033752444
2025-05-30,386.7999877929688,390.0,383.6499938964844,384.6000061035156,381.5652465820313,23144580,381.5652465820313,0.3047697850893383,387.3691101074219,-0.014982773210236333,-0.005687633453018592,0.2939271107751762,0.3621733618117144,316.17908935546876,290.11304695129394
2025-06-02,385.0,389.25,383.75,387.5,384.4423522949219,11943152,384.4423522949219,0.3268859035066911,387.3691101074219,-0.007555475478383866,0.007540271915912111,0.2937377994783986,0.36098377908441404,318.3135131835937,290.5484654998779
2025-06-03,387.5,391.7999877929688,385.5,386.0,382.9541931152344,18630318,382.9541931152344,0.34620960250552946,387.3691101074219,-0.011397183918364528,-0.003870955348191929,0.2953695813905013,0.36088112629877783,320.418173828125,290.98037956237795
2025-06-04,387.0,391.2999877929688,384.1000061035156,390.6000061035156,387.5178833007813,20648850,387.5178833007813,0.3480306651783134,387.5178833007813,0.0,0.011917065454806641,0.2954210810406763,0.3581257416212868,322.41429748535154,291.4609413909912
2025-06-05,393.7000122070313,394.7000122070313,389.5,393.5,390.39501953125,20746844,390.39501953125,0.3650478475026251,390.39501953125,0.0,0.007424525046333175,0.295439832827279,0.35321245204668184,324.32807678222656,291.9640285491943
2025-06-06,394.8500061035156,396.8500061035156,389.2000122070313,390.7000122070313,387.6171569824219,17366507,387.6171569824219,0.33106264402928853,390.39501953125,-0.007115517385860914,-0.007115517385860914,0.29782548816072807,0.3534205074578716,326.2122912597656,292.40586769104004
2025-06-09,394.0,395.2999877929688,391.7999877929688,392.4500122070313,389.3533020019531,13744521,389.3533020019531,0.24177776566550624,390.39501953125,-0.0026683678765873076,0.0044790200543418646,0.2792580108618151,0.3520867071718502,328.0050323486328,292.86206077575685
2025-06-10,396.5,401.8500061035156,394.7000122070313,397.3999938964844,394.2642211914063,26456073,394.2642211914063,0.5679255177579698,394.2642211914063,0.0,0.012613015387830329,0.2755154153699465,0.34837303979946194,329.93706604003904,293.3378751373291
2025-06-11,398.25,398.25,390.6000061035156,392.8999938964844,389.79974365234375,18042738,389.79974365234375,0.5215908652308971,394.2642211914063,-0.011323567544555768,-0.011323567544555768,0.2658249898621275,0.3473315473598601,331.78953247070314,293.7802672576904
2025-06-12,392.7999877929688,395.75,385.6000061035156,387.3999938964844,384.3431396484375,15555771,384.3431396484375,0.42737349755896537,394.2642211914063,-0.02516353503492863,-0.01399848022674155,0.2686222831635138,0.3450916636395499,333.51084228515623,294.19981620788576
2025-06-13,379.6499938964844,397.75,379.5,394.2000122070313,391.0895080566406,35564550,391.0895080566406,0.4034494363355827,394.2642211914063,-0.008052247614993235,0.017552982510300907,0.2655358575824213,0.3395488113542137,335.3537847900391,294.6456974029541
2025-06-16,396.1499938964844,404.5,394.2000122070313,403.8500061035156,400.6633605957031,32061745,400.6633605957031,0.43679153903120027,400.6633605957031,0.0,0.02447995239411016,0.269399430628551,0.33245318234664,337.57313354492186,295.13599433898924
2025-06-17,405.7999877929688,407.5,400.5,401.75,398.5799255371094,24371681,398.5799255371094,0.4153366324380756,400.6633605957031,-0.005199964018412162,-0.005199964018412162,0.26325066610694986,0.32554648211402576,339.941298828125,295.64448707580567
2025-06-18,401.6499938964844,405.0,398.5,400.5,397.3397521972656,18879759,397.3397521972656,0.3900481316438842,400.6633605957031,-0.008295264117727075,-0.003111479681703888,0.2637445821744346,0.3214485233310686,342.1834655761719,296.1514653778076
2025-06-19,401.0,403.7999877929688,393.4500122070313,398.5499877929688,395.4051513671875,18220823,395.4051513671875,0.33546995288566306,400.6633605957031,-0.013123758610464775,-0.004868883164545923,0.2615769312422279,0.31683697441956093,344.5357568359375,296.66727012634277
2025-06-20,399.0,410.0,397.75,408.25,405.0286560058594,122552435,405.0286560058594,0.3295317600515948,405.0286560058594,0.0,0.024338339056526603,0.2592425226807614,0.31807275303612725,347.2372711181641,297.2158995819092
2025-06-23,411.0,422.3999938964844,409.0499877929688,420.8999938964844,417.5787963867188,43017721,417.5787963867188,0.33347230144346574,417.5787963867188,0.0,0.030985808521849068,0.2644964885733946,0.31533023299704993,350.00426330566404,297.8391191864014
2025-06-24,426.3999938964844,426.5,415.0,418.5,415.19775390625,33807025,415.19775390625,0.36423453779952064,417.5787963867188,-0.005702019597431218,-0.005702019597431218,0.25065365702505105,0.31488650372397087,352.74942993164063,298.4492003631592
2025-06-25,420.2999877929688,420.3999938964844,405.0,406.0499877929688,402.845947265625,29028317,402.845947265625,0.3126155397373169,417.5787963867188,-0.035281602534841694,-0.029749213536000907,0.2667105831701463,0.3187985995811825,355.15132568359377,298.98864280700684
2025-06-26,408.9500122070313,413.8999938964844,406.8500061035156,410.1000061035156,406.8640441894531,25730795,406.8640441894531,0.3559217555223664,417.5787963867188,-0.025659234352844784,0.009974276646200764,0.2646600349869586,0.3132344782201872,357.4609564208984,299.5893682098389
2025-06-27,410.5,416.7999877929688,409.5,414.5,411.2293395996094,41398277,411.2293395996094,0.3492322535801031,417.5787963867188,-0.015205409953883753,0.010729125545740237,0.24602236892529272,0.3099178305024541,359.85987731933596,300.2464525604248
2025-06-30,416.6499938964844,423.0,414.25,421.5,418.1741027832031,20350621,418.1741027832031,0.3722393189440467,418.1741027832031,0.0,0.01688781055932309,0.24814309874555923,0.31044352269436437,362.36693786621095,300.9483739471436
2025-07-01,424.7999877929688,436.0,424.1000061035156,432.25,428.8392333984375,35405785,428.8392333984375,0.4203071870017703,428.8392333984375,0.0,0.025504043756539252,0.2545949054089437,0.3012049901147942,364.9920587158203,301.6829015350342
2025-07-02,431.0499877929688,432.75,422.6000061035156,426.9500122070313,423.5810852050781,22843521,423.5810852050781,0.4137193438260274,428.8392333984375,-0.01226135060379141,-0.01226135060379141,0.21759888124574187,0.3019424854387341,367.4445532226562,302.37979179382324
2025-07-03,427.7000122070313,430.7000122070313,424.0499877929688,426.25,422.8865966796875,13499244,422.8865966796875,0.4049419931530973,428.8392333984375,-0.013880811864103282,-0.0016395645359243982,0.21802407804758142,0.29995689440557055,369.83355224609375,303.05520332336425
2025-07-04,430.0,432.3999938964844,425.75,427.5499877929688,424.1763610839844,16618426,424.1763610839844,0.40121089914069863,428.8392333984375,-0.01087324095209552,0.003049906084571008,0.21789484652170726,0.29580381223570196,372.2513232421875,303.74569679260253
2025-07-07,427.4500122070313,427.4500122070313,416.1499938964844,417.1000061035156,413.8088073730469,22221724,413.8088073730469,0.37388484532546684,428.8392333984375,-0.03504909265478928,-0.024441611230864413,0.232657698706781,0.29800296112448593,374.6224645996094,304.3821326446533
2025-07-08,418.0,423.3500061035156,416.25,422.0,418.670166015625,15970711,418.670166015625,0.3528988299911364,428.8392333984375,-0.023713006159033823,0.011747837542267714,0.23407981458577046,0.2959586955031687,376.94300964355466,305.0729679107666
2025-07-09,423.9500122070313,424.0,416.5,417.6499938964844,414.3544616699219,14956297,414.3544616699219,0.32692830732866396,428.8392333984375,-0.03377669438900832,-0.010308124858225631,0.23524657447280095,0.29707937058149486,378.9381408691406,305.7493776702881
2025-07-10,418.4500122070313,419.5,410.5,413.5,410.2371826171875,17914452,410.2371826171875,0.28658058741490056,428.8392333984375,-0.043377679401750746,-0.009936610881758123,0.23550689563151989,0.2981353572012169,380.91045349121094,306.4552733612061
2025-07-11,411.0,413.2000122070313,405.1000061035156,409.2999877929688,406.0703125,15186245,406.0703125,0.23335830740840202,428.8392333984375,-0.053094304637194334,-0.010157221952930118,0.23718006968390218,0.2970223725397852,382.85796325683594,307.11739524841306
2025-07-14,405.5,410.3500061035156,405.1499938964844,407.2999877929688,404.0861206054688,17844425,404.0861206054688,0.2265984991157921,428.8392333984375,-0.05772119448308599,-0.004886325923004309,0.23747607251309716,0.29316224871410446,384.6834442138672,307.7254439544678
2025-07-15,408.5,412.8999938964844,407.7999877929688,408.9500122070313,405.7231140136719,11971127,405.7231140136719,0.23507212100993846,428.8392333984375,-0.05390392852252923,0.004051100309385269,0.23695011191957058,0.2854885066703272,386.63690795898435,308.3145449066162
2025-07-16,409.3999938964844,410.2999877929688,405.5,406.1499938964844,402.9451904296875,9173824,402.9451904296875,0.22058323796352952,428.8392333984375,-0.06038170240056295,-0.006846845762627063,0.2363897635634506,0.28351697653941577,388.5457257080078,308.8993759918213
2025-07-17,406.1499938964844,408.7000122070313,403.0499877929688,404.2000122070313,401.0105895996094,7922270,401.0105895996094,0.22347513169500233,428.8392333984375,-0.06489295202375367,-0.004801151312949337,0.23634193384024238,0.27820898942692646,390.4714099121094,309.4713272857666
2025-07-18,404.25,406.9500122070313,394.1499938964844,394.75,391.6351318359375,21172393,391.6351318359375,0.2010003984898192,428.8392333984375,-0.0867553588035016,-0.023379576517001288,0.24571084256710185,0.28143885568148774,392.0369580078125,309.9818482208252
2025-07-21,394.6000061035156,400.9500122070313,391.1000061035156,399.9500122070313,396.7941284179688,12980473,396.7941284179688,0.2364080601616556,428.8392333984375,-0.07472521748189809,0.01317296678121438,0.2482258594321683,0.28128036355082053,393.567783203125,310.5593566131592
2025-07-22,403.0,404.7000122070313,399.75,403.1000061035156,399.9192504882813,12447434,399.9192504882813,0.29622223178389717,428.8392333984375,-0.06743781971852947,0.007875928211872552,0.24663303711234924,0.2790544523492596,394.9041540527344,311.1581638336182
2025-07-23,403.5,404.8999938964844,396.6000061035156,400.2000122070313,397.0421752929688,10413255,397.0421752929688,0.31735723332135835,428.8392333984375,-0.07414680287875108,-0.007194140296571727,0.245185655978738,0.27789675761574056,396.0123406982422,311.7684850311279
2025-07-24,400.7000122070313,401.8999938964844,396.0,398.25,395.1075439453125,6767566,395.1075439453125,0.2857521653007271,428.8392333984375,-0.07865812366515601,-0.004872609178681819,0.24182594082402728,0.2781646725399087,396.96178955078125,312.37653297424316
2025-07-25,399.0,400.7000122070313,393.5,395.2000122070313,392.0816040039063,9202508,392.0816040039063,0.32182847865641473,428.8392333984375,-0.08571424098312252,-0.0076585223131679925,0.23786691873717772,0.27857226456096906,397.5828497314453,313.0180434417725
2025-07-28,395.2000122070313,396.3500061035156,383.2999877929688,389.25,386.1785583496094,19856033,386.1785583496094,0.30778432630545915,428.8392333984375,-0.09947941262452498,-0.015055655746190277,0.23026641381774948,0.28029519868266123,398.08882568359377,313.5664003753662
2025-07-29,390.0,390.75,378.0,388.25,385.1864318847656,25307639,385.1864318847656,0.2985827186430807,428.8392333984375,-0.1017929287106848,-0.0025690873907752154,0.22998793199174586,0.2804273481784874,398.5739666748047,314.0991901397705
2025-07-30,390.9500122070313,392.3999938964844,385.0,386.5,383.45025634765625,11335944,383.45025634765625,0.2574808206347423,428.8392333984375,-0.10584147511664366,-0.004507364209621945,0.23013285657921653,0.27541091188343436,398.64341430664064,314.6010996246338
2025-07-31,379.0,388.25,378.7999877929688,383.1000061035156,380.07708740234375,9702316,380.07708740234375,0.20200793317364307,428.8392333984375,-0.11370728748315928,-0.00879688796518685,0.23097428191219338,0.2738421056550813,398.6374621582031,315.0910764312744
2025-08-01,383.1000061035156,383.5,376.2000122070313,377.2000122070313,374.2236328125,8702605,374.2236328125,0.19558785633828113,428.8392333984375,-0.12735681890186057,-0.015400703656854198,0.22128334156196613,0.27529526037555463,398.5065032958984,315.5527725982666
2025-08-04,379.0,390.25,376.4500122070313,389.5499877929688,386.4761962890625,13454379,386.4761962890625,0.24274190287890218,428.8392333984375,-0.09878535779867703,0.03274128730053105,0.22364039967664168,0.2780785464902208,398.6057147216797,316.06019187927245
2025-08-05,390.0,390.25,383.3500061035156,386.6499938964844,383.59906005859375,13482710,383.59906005859375,0.25291507345732933,428.8392333984375,-0.10549448328532662,-0.007444536709103833,0.2239153368387566,0.27813960586572967,398.6305169677734,316.5687651824951
2025-08-06,392.0,393.5,387.1000061035156,389.7000122070313,386.625,16852693,386.625,0.29697881763262424,428.8392333984375,-0.09843836596736,0.007888288206295613,0.21033032996116066,0.27814947020067426,398.615634765625,317.09814140319827
2025-08-07,386.0,390.2999877929688,383.5,387.75,384.6903991699219,11520396,384.6903991699219,0.34695500645292854,428.8392333984375,-0.10294961559055082,-0.005003817213263817,0.20782821842961052,0.2784754931823488,398.6344854736328,317.60501823425295
2025-08-08,385.2999877929688,387.3999938964844,383.6000061035156,384.6000061035156,381.5652465820313,7139111,381.5652465820313,0.3499657140562007,428.8392333984375,-0.11023708451713321,-0.008123812277701647,0.20513005853129612,0.2790929016861999,398.6344854736328,318.12019538879395
2025-08-11,384.0,388.3999938964844,381.5499877929688,383.8999938964844,380.8707580566406,8910936,380.8707580566406,0.2893798464588726,428.8392333984375,-0.1118565457774453,-0.0018201042458969585,0.1968329114320249,0.2733022049891837,398.5630535888672,318.68443885803225
2025-08-12,384.0,385.3500061035156,379.5499877929688,380.3500061035156,377.3488159179688,9329093,377.3488159179688,0.2858089148554026,428.8392333984375,-0.12006927881206375,-0.009247079394181457,0.17790648080419347,0.26726626850459895,398.45094604492186,319.24587226867675
2025-08-13,382.2000122070313,389.8999938964844,382.1000061035156,388.8500061035156,385.78173828125,10930440,385.78173828125,0.29736178150562287,428.8392333984375,-0.10040474789577492,0.02234781721195178,0.19198937399416915,0.26802511711524624,398.4162231445313,319.83615074157717
2025-08-14,387.8500061035156,388.0,382.5499877929688,384.8999938964844,382.7487487792969,8046552,382.7487487792969,0.2905788413746748,428.8392333984375,-0.10747730391616861,-0.007861931245024212,0.19244128314955636,0.2640337998486473,398.2632977294922,320.406330947876
2025-08-18,388.0,389.75,381.1000061035156,382.5,380.3621826171875,11778056,380.3621826171875,0.3052676070734093,428.8392333984375,-0.11304248073825285,-0.006235333674429633,0.19168089873537567,0.25902484541849186,398.1181982421875,320.975924911499
2025-08-19,382.5,383.7000122070313,377.5,380.0499877929688,377.9258728027344,11111204,377.9258728027344,0.30419290033354995,428.8392333984375,-0.11872365359910797,-0.006405236708048712,0.18146029090636948,0.25441247545594925,397.8896496582031,321.46624534606934
2025-08-20,383.8999938964844,384.2999877929688,371.1000061035156,371.8500061035156,369.7716979980469,20289349,369.7716979980469,0.23566425265368407,428.8392333984375,-0.13773817971899638,-0.02157612217500582,0.18368475246142763,0.25750713596255104,397.3997991943359,321.89162208557127
2025-08-21,373.0,377.3999938964844,371.5,374.2000122070313,372.1085815429688,12680853,372.1085815429688,0.2482061441214538,428.8392333984375,-0.13228885660925493,0.006319800994975866,0.1850919457937164,0.2564690599479712,397.0459759521484,322.34668968200685
2025-08-22,373.7999877929688,379.9500122070313,373.6000061035156,374.8500061035156,372.75494384765625,15246732,372.75494384765625,0.24624962490892477,428.8392333984375,-0.13078161973737357,0.0017370260637561419,0.18466310850805104,0.25226848240922656,396.8142120361328,322.78648948669434
2025-08-25,377.8500061035156,380.0499877929688,371.5,372.0499877929688,369.9705505371094,8577673,369.9705505371094,0.2278273274944531,428.8392333984375,-0.1372744802167688,-0.007469768963506596,0.18393646133622488,0.2528063884790508,396.3918328857422,323.2345664215088
2025-08-26,372.0,372.0499877929688,364.25,365.8500061035156,363.8052368164063,15718869,363.8052368164063,0.21093492879345033,428.8392333984375,-0.1516512285190279,-0.016664336422865245,0.1880878139537444,0.2548515993419867,395.65467041015626,323.6409638214111
2025-08-28,364.0499877929688,367.75,361.2000122070313,363.8500061035156,361.81640625,12218065,361.81640625,0.19841174055356192,428.8392333984375,-0.15628893517344322,-0.005466745294295916,0.18681822726984046,0.25413164203992433,394.9194000244141,323.96095237731936
2025-08-29,362.2999877929688,371.0,361.6000061035156,369.3999938964844,367.33538818359375,12739664,367.33538818359375,0.2139146226998787,428.8392333984375,-0.1434193525798515,0.015253542510121454,0.19445319577302508,0.25461024746777994,394.31931274414063,324.31593544006347
2025-09-01,369.9500122070313,375.25,367.5499877929688,373.8999938964844,371.8102416992188,8821349,371.8102416992188,0.252386538981636,428.8392333984375,-0.13298454818902417,0.012181928721195057,0.199261992025559,0.25495388067805835,393.84741455078125,324.7061191558838
2025-09-02,377.2999877929688,378.9500122070313,373.75,376.6000061035156,374.4951477050781,12169182,374.4951477050781,0.2654253221656395,428.8392333984375,-0.1267236797871708,0.007221172804678488,0.19088133341277796,0.25503401164901984,393.23674438476564,325.09986122131346
2025-09-03,377.75,381.2000122070313,377.1000061035156,378.7000122070313,376.58343505859375,9919255,376.58343505859375,0.2885916398660102,428.8392333984375,-0.12185405221842782,0.005576273461252335,0.18706591049447316,0.2503220019561953,392.4168371582031,325.551403427124
2025-09-04,381.5,381.5,372.0,372.5,370.4180603027344,9288078,370.4180603027344,0.25436705761112943,428.8392333984375,-0.1362309428471149,-0.01637186923768985,0.18949379053834584,0.24950947939358561,391.5212432861328,326.01454460144043
2025-09-05,374.0,375.5,368.5,370.7999877929688,368.7275695800781,7325669,368.7275695800781,0.25873564547567485,428.8392333984375,-0.14017295792176088,-0.00456373731149784,0.18907837287891252,0.24171414754638554,390.83887573242185,326.472193069458
2025-09-08,371.6499938964844,374.5,370.8500061035156,371.8999938964844,369.8214111328125,6897641,369.8214111328125,0.2614076526922322,428.8392333984375,-0.13762225484343948,0.0029665304223931432,0.18955018779284125,0.24095665985535156,390.09802307128905,326.94961738586426
2025-09-09,371.8999938964844,374.0,369.8999938964844,371.9500122070313,369.87115478515625,10598912,369.87115478515625,0.2539813594510434,428.8392333984375,-0.1375062588046686,0.0001345072265863667,0.1889209876814531,0.24020559569519512,389.270859375,327.42260368347166
2025-09-10,373.7000122070313,389.0,373.0499877929688,388.0499877929688,385.8811340332031,23174318,385.8811340332031,0.345851453831725,428.8392333984375,-0.10017296930787511,0.04328528743298854,0.22564702375386042,0.24922247686564877,388.625,327.99315284729005
2025-09-11,389.6000061035156,392.5,384.0499877929688,385.1499938964844,382.9973449707031,19042696,382.9973449707031,0.3687643930920792,428.8392333984375,-0.10689760837517015,-0.007473257457183302,0.2265912841479412,0.24800017337896313,387.7081622314453,328.52264350891113
2025-09-12,386.0,399.8500061035156,385.2999877929688,399.2999877929688,397.0682678222656,26356961,397.0682678222656,0.4293837695247422,428.8392333984375,-0.074085958330807,0.03673895664378257,0.2499391261917234,0.2543933502975905,387.17790588378904,329.06575675964353
2025-09-15,400.0,403.1000061035156,395.7000122070313,398.4500122070313,396.2230224609375,18486916,396.2230224609375,0.4053765130860265,428.8392333984375,-0.07605696586813004,-0.0021287154623659266,0.24834455228331448,0.25373235444716497,386.6446343994141,329.5772644805908
2025-09-16,398.4500122070313,403.2999877929688,396.2000122070313,402.8999938964844,400.6481628417969,12467341,400.6481628417969,0.40972514607638,428.8392333984375,-0.06573808635285971,0.011168307064478133,0.24453768490066916,0.250496154839519,386.1740704345703,330.06427894592287
2025-09-17,405.5,416.6499938964844,405.0,412.2000122070313,409.8961791992188,31367478,409.8961791992188,0.42421844406994946,428.8392333984375,-0.0441728571546498,0.02308263762355911,0.23555795042020414,0.2507359892936884,386.09581787109374,330.60542671203615
2025-09-18,415.0,415.0,408.2000122070313,409.8999938964844,407.6090393066406,12000897,407.6090393066406,0.4248195017960479,428.8392333984375,-0.049506184225620364,-0.005579802907766496,0.23496482792245466,0.2430557226357081,385.87459533691407,331.1240389251709
2025-09-19,409.0,413.4500122070313,408.25,408.8999938964844,406.6145935058594,16150731,406.6145935058594,0.4191409689541974,428.8392333984375,-0.05182510871604196,-0.00243970497433732,0.23467203588127644,0.23996963346510458,385.7197979736328,331.64310554504397
2025-09-22,409.7999877929688,411.3999938964844,405.3500061035156,406.3999938964844,404.1285705566406,10884230,404.1285705566406,0.440727578859049,428.8392333984375,-0.05762220645245397,-0.0061139540708170514,0.23497301316622987,0.23890233463016408,385.5976257324219,332.12408897399905
2025-09-23,406.3999938964844,407.7000122070313,402.2999877929688,404.4500122070313,402.18951416015625,11906108,402.18951416015625,0.4411649305692247,428.8392333984375,-0.06214384590488442,-0.004798117573854177,0.23395424129282907,0.23090159574810842,385.520009765625,332.5916773223877
2025-09-24,404.4500122070313,404.9500122070313,395.0,395.4500122070313,393.2398071289063,10835672,393.2398071289063,0.4615426494930983,428.8392333984375,-0.08301345468653876,-0.022252462374456772,0.24402502263501932,0.23422933091993348,385.30308349609373,333.0063774871826
2025-09-25,395.4500122070313,406.4500122070313,392.4500122070313,403.1499938964844,400.8967590332031,23804019,400.8967590332031,0.46501996803775714,428.8392333984375,-0.06515839081186126,0.019471456768838324,0.24753278092229053,0.23623905985011642,385.20655639648436,333.463062210083
2025-09-26,403.6499938964844,406.1499938964844,394.3999938964844,395.8999938964844,393.6872863769531,11687034,393.6872863769531,0.39369984570318706,428.8392333984375,-0.08196998848009895,-0.017983364778593525,0.24651372980914216,0.22179229222768895,385.0213983154297,333.8795064544678
2025-09-29,401.0,408.1499938964844,399.0499877929688,399.9500122070313,397.7146606445313,23390892,397.7146606445313,0.3814193190313806,428.8392333984375,-0.07257865029571153,0.010229881448907241,0.24657155283796148,0.22238910634406409,384.95547973632813,334.3148543548584
2025-09-30,405.0,406.3999938964844,401.8500061035156,403.9500122070313,401.6922912597656,14681751,401.6922912597656,0.4046217681669506,428.8392333984375,-0.06330330815009522,0.01000121697497458,0.24669598022412556,0.222945059250168,385.1566229248047,334.77379035949707
2025-10-01,402.0,409.0,399.3500061035156,406.5,404.22802734375,13156495,404.22802734375,0.41032573021116425,428.8392333984375,-0.05739028553812631,0.006312633175090232,0.2457110152083797,0.22313416866316135,385.3053009033203,335.2510779571533
2025-10-03,406.7999877929688,413.7999877929688,405.1000061035156,412.6499938964844,410.3436584472656,16002501,410.3436584472656,0.4172704706793784,428.8392333984375,-0.04312939094821,0.015129161487644538,0.23753294930729096,0.2244186852761734,385.5137890625,335.7456241607666
2025-10-06,412.7000122070313,414.8999938964844,407.5,413.25,410.9403076171875,14684188,410.9403076171875,0.46090059540709505,428.8392333984375,-0.041738078951885416,0.0014540231282715865,0.23746449216598095,0.22346719113102806,385.79175170898435,336.2404402923584
2025-10-07,413.25,415.5499877929688,409.1000061035156,410.2999877929688,408.00677490234375,11933246,408.00677490234375,0.4563462648080747,428.8392333984375,-0.04857871405795133,-0.007138585970925204,0.23939696883295647,0.22321479219517468,386.049736328125,336.74821464538576
2025-10-08,410.3999938964844,412.0,403.1000061035156,403.6499938964844,401.3939514160156,8668516,401.3939514160156,0.4597314881332031,428.8392333984375,-0.06399899972986445,-0.01620763157158578,0.24405167016350007,0.22476639333225087,386.23598327636716,337.25647117614744
2025-10-09,403.7000122070313,410.0,403.0,409.3500061035156,407.0621032714844,9035150,407.0621032714844,0.4883551973609406,428.8392333984375,-0.050781571346388055,0.01412116907958616,0.23893511786371815,0.22560483915997256,386.6536541748047,337.8192144012451
2025-10-10,409.0,415.5,408.3500061035156,413.5,411.18890380859375,13813014,411.18890380859375,0.5588356466058357,428.8392333984375,-0.041158383410886956,0.010138012121352125,0.23792005359709573,0.22601254880460656,387.17370361328125,338.4403308868408
2025-10-13,412.9500122070313,413.0,406.3500061035156,409.3999938964844,407.11181640625,7858503,407.11181640625,0.4723372779269157,428.8392333984375,-0.05066564647083116,-0.009915363387922538,0.23910473073919797,0.22594914326779925,387.6469348144531,339.02379539489743
2025-10-14,410.0,414.1499938964844,401.6000061035156,402.3999938964844,400.1509399414063,10789648,400.1509399414063,0.43614515419221145,428.8392333984375,-0.06689754859807029,-0.017098193135955397,0.2448995574123037,0.22758678525881385,388.04841186523436,339.5818286895752
2025-10-15,403.0,410.25,403.0,408.1000061035156,405.819091796875,10892830,405.819091796875,0.4336434234221802,428.8392333984375,-0.05368012021459412,0.014165034464991288,0.24686566451377304,0.22838791356918695,388.68032104492187,340.1546361541748
2025-10-16,409.1000061035156,412.7000122070313,409.0499877929688,411.7999877929688,409.4983825683594,11479498,409.4983825683594,0.4517012082541494,428.8392333984375,-0.04510046964874692,0.00906633237779264,0.24741371883899213,0.2287365799927157,389.1407647705078,340.76138023376467
2025-10-17,410.3500061035156,420.0,409.6499938964844,412.7999877929688,410.4927978515625,19566580,410.4927978515625,0.456245179601394,428.8392333984375,-0.04278161632153932,0.0024283741414707904,0.24058545501277884,0.22786317660379024,389.6786395263672,341.40836891174314
2025-10-20,416.5,417.5499877929688,412.5,416.5,414.172119140625,10580573,414.172119140625,0.45327456524935306,428.8392333984375,-0.03420189459247813,0.008963181104076234,0.23981924828891038,0.22739824504260236,390.2295819091797,342.03305488586426
2025-10-21,418.1499938964844,419.1499938964844,416.6000061035156,417.7000122070313,415.3654479980469,2915071,415.3654479980469,0.47353116689481234,428.8392333984375,-0.031419199436615086,0.0028812389880272793,0.23982254150382365,0.226043313844684,390.8430828857422,342.66000755310057
2025-10-23,421.5,422.5,418.0,418.6499938964844,416.3101196289063,21980966,416.3101196289063,0.4828512258348401,428.8392333984375,-0.029216342148178143,0.0022743144270003235,0.23960385054375902,0.22430730457695167,391.53798034667966,343.27737739562986
2025-10-24,422.0,423.7000122070313,419.8999938964844,422.0499877929688,419.6911010742188,18720794,419.6911010742188,0.4813583899551763,428.8392333984375,-0.0213323119988863,0.008121304974105126,0.20934350634439325,0.2210627368201566,392.31438720703125,343.93557807922366
2025-10-27,425.0,425.0,414.6000061035156,415.1499938964844,412.8296508789063,12158324,412.8296508789063,0.4821739995058547,428.8392333984375,-0.03733236437501175,-0.016348810298217664,0.21467309758828992,0.22267384120743086,393.02400390625,344.6078171539307
2025-10-28,416.7999877929688,416.7999877929688,410.8500061035156,413.5499877929688,411.2386169433594,12247991,411.2386169433594,0.5343461298869223,428.8392333984375,-0.04104245853533006,-0.00385397204914828,0.18930301920313997,0.22271127972090213,393.5331414794922,345.2481751251221
2025-10-29,413.5499877929688,414.8999938964844,406.8500061035156,407.2000122070313,404.9241333007813,14498733,404.9241333007813,0.527657411914678,428.8392333984375,-0.055767052627473834,-0.015354792527783823,0.19513837333768624,0.22411099980788213,393.97664916992187,345.88113319396973
2025-10-30,407.7999877929688,410.6499938964844,404.2999877929688,409.8999938964844,407.6090393066406,11172780,407.6090393066406,0.5224855739533585,428.8392333984375,-0.049506184225620364,0.0066306396311155424,0.19347889478196073,0.22067956082191878,394.52158630371093,346.5317092132568
2025-10-31,413.7999877929688,427.25,408.1499938964844,426.1000061035156,423.7184753417969,51342361,423.7184753417969,0.5768456923869114,428.8392333984375,-0.0119409738144991,0.03952178308547594,0.21474230889987475,0.2244844953122352,395.4374383544922,347.31339790344236
2025-11-03,428.0,431.0,416.3999938964844,422.2999877929688,419.9397277832031,27222212,419.9397277832031,0.5760936233115412,428.8392333984375,-0.020752545294674074,-0.00891806182287802,0.21587235011304065,0.2247906547446947,396.4407989501953,348.13243156433106
2025-11-04,420.0,422.3999938964844,414.5,415.1499938964844,412.8296508789063,12831686,412.8296508789063,0.4751197615923477,428.8392333984375,-0.03733236437501175,-0.016931184248343945,0.221928072033211,0.2209415113543806,397.2552203369141,348.86510276794434
2025-11-06,411.0,415.0,407.4500122070313,408.7999877929688,406.5151672363281,12786294,406.5151672363281,0.42789033683391353,428.8392333984375,-0.052056958467155745,-0.015295615586561562,0.2259016166109978,0.22187461572054415,397.9304248046875,349.57631446838377
2025-11-07,408.0,416.0,405.2999877929688,414.25,411.9346923828125,10141248,411.9346923828125,0.4654639931307645,428.8392333984375,-0.0394192967878918,0.013331667753822662,0.2284472710124144,0.2222704728813359,398.76970764160154,350.27367820739744
2025-11-10,415.9500122070313,420.3999938964844,414.0,416.8500061035156,414.5202026367188,9288444,414.5202026367188,0.4555038800226574,428.8392333984375,-0.03339020697393791,0.0062765052366688945,0.21805173259311414,0.22070696523753222,399.7840069580078,350.95437004089354
2025-11-11,417.1499938964844,427.8999938964844,417.1499938964844,427.2999877929688,424.9117736816406,24889361,424.9117736816406,0.515619574344502,428.8392333984375,-0.009158349821850043,0.025068913357713773,0.22253998893045276,0.22056573494754553,401.0459143066406,351.66901374816894
2025-11-12,428.1499938964844,429.3999938964844,421.7999877929688,424.75,422.37603759765625,15221773,422.37603759765625,0.49500011017731627,428.8392333984375,-0.015071372433818953,-0.005967676682652301,0.2157692079378037,0.2198258779104142,402.1467272949219,352.40452445983885
2025-11-13,423.1499938964844,425.2000122070313,419.0,419.7999877929688,417.4536743164063,9091428,417.4536743164063,0.40170406099115663,428.8392333984375,-0.026549714194299967,-0.011653983282874703,0.21820859525722902,0.22068246067210312,403.0595959472656,353.15809577941894
2025-11-14,418.7999877929688,428.7000122070313,418.7000122070313,426.8500061035156,424.46429443359375,14719899,424.46429443359375,0.43236163922314863,428.8392333984375,-0.010201816028289956,0.01679376790410947,0.22131814322334092,0.22242037816862326,404.0589788818359,353.928960647583
2025-11-17,427.9500122070313,429.5,422.3999938964844,424.5499877929688,422.1771240234375,12996079,422.1771240234375,0.4370837605452522,428.8392333984375,-0.015535214262474395,-0.005388369387366865,0.22190358290794074,0.21872107671357255,404.9708526611328,354.7071360015869
2025-11-18,424.5499877929688,429.4500122070313,420.2999877929688,420.8999938964844,418.5475463867188,13340937,418.5475463867188,0.41522288293637355,428.8392333984375,-0.023998939952764586,-0.008597286376220592,0.2199266514750568,0.2183592394695082,405.9334423828125,355.5026825714111
2025-11-19,420.0,424.25,415.0499877929688,423.2000122070313,420.834716796875,9661756,420.834716796875,0.470036593377928,428.8392333984375,-0.01866554171858026,0.005464541435975745,0.2203446282115544,0.21782703920723356,406.97558532714845,356.33285110473633
2025-11-20,425.0,427.2000122070313,422.2000122070313,423.0,420.63580322265625,10463382,420.63580322265625,0.5142232173450778,428.8392333984375,-0.0191293835472357,-0.00047266436508075493,0.21907846642742673,0.2171466650539635,407.9918731689453,357.117872467041
2025-11-21,421.5,423.3500061035156,415.5,416.3500061035156,414.0229797363281,8395038,414.0229797363281,0.4936008375884322,428.8392333984375,-0.034549669219148815,-0.015721019075563003,0.21874854169032087,0.21810784960001536,408.8749096679687,357.81285110473635
2025-11-24,414.0,415.3500061035156,401.0,403.7999877929688,401.5431213378906,23696864,401.5431213378906,0.4636880302042614,428.8392333984375,-0.06365115393997978,-0.030142912372606356,0.23304703034065263,0.22383048171563394,409.1881494140625,358.3768586730957
2025-11-25,406.5,412.3999938964844,406.0,410.25,407.9570617675781,14107503,407.9570617675781,0.48200417397666895,428.8392333984375,-0.04869463893350823,0.01597322949604285,0.23592512185908399,0.22532136494673172,409.68734375,359.0264614868164
2025-11-26,410.25,416.5,408.5,415.2999877929688,412.9788513183594,8339381,412.9788513183594,0.5195822715246319,428.8392333984375,-0.036984447421913313,0.012309603194569307,0.236728710945657,0.2259139693159906,410.00555541992185,359.73891250610353
2025-11-27,415.2999877929688,417.2999877929688,412.0,413.0499877929688,410.7414245605469,5251173,410.7414245605469,0.482290117816248,428.8392333984375,-0.04220184961732698,-0.005417775633473565,0.23151032381197986,0.22595630807727465,410.2959234619141,360.38911758422853
2025-11-28,414.0,415.25,408.6499938964844,411.75,409.44866943359375,6690232,409.44866943359375,0.41950039918381554,428.8392333984375,-0.045216394524303816,-0.0031473697310571147,0.22835421556915522,0.22244505506065715,410.47193359375,361.01090576171873
2025-12-01,415.8999938964844,419.2000122070313,413.5,417.25,414.9179382324219,9650320,414.9179382324219,0.41166253202216674,428.8392333984375,-0.03246273680626899,0.013357642134712355,0.23010201102718725,0.22247484462534917,410.5723687744141,361.7054261779785
2025-12-02,418.0499877929688,418.6499938964844,411.0,413.0499877929688,410.7414245605469,11215451,410.7414245605469,0.35448584198783073,428.8392333984375,-0.04220184961732698,-0.010065878784771831,0.23205188526004236,0.22283719478328415,410.6350164794922,362.39238372802737
2025-12-03,412.0,412.7000122070313,403.3999938964844,403.9500122070313,401.6922912597656,12294040,401.6922912597656,0.33157683571856067,428.8392333984375,-0.06330330815009522,-0.0220312166236043,0.23907261288760623,0.2256331644976394,410.5365704345703,363.0518551635742
2025-12-04,405.7999877929688,409.5,401.75,407.1499938964844,404.8743896484375,10865110,404.8743896484375,0.33232065537657274,428.8392333984375,-0.05588304866624483,0.007921731280160715,0.2402108511106816,0.2258297369098528,410.5514868164062,363.7686763000488
2025-12-05,409.0,410.7000122070313,405.3500061035156,406.8999938964844,404.6257934570313,11774958,404.6257934570313,0.3362750892141577,428.8392333984375,-0.056462744207243065,-0.0006140081905947614,0.24004148430110328,0.22542784064769128,410.60021240234374,364.5133603668213
2025-12-08,406.4500122070313,406.4500122070313,385.0,386.3999938964844,384.2403869628906,25593778,384.2403869628906,0.2478096812070827,428.8392333984375,-0.10399898834375021,-0.050380887288406395,0.27795577504214886,0.2396108869219927,410.42022399902345,365.14427757263184
2025-12-09,385.0499877929688,391.0,380.5499877929688,389.4500122070313,387.2733459472656,19270896,387.2733459472656,0.25464422126560327,428.8392333984375,-0.0969265034865705,0.007893389365829284,0.2765552527151701,0.23992563512413706,410.1477557373047,365.84561164855955
2025-12-10,390.0,391.4500122070313,385.75,387.3500061035156,385.18505859375,8372979,385.18505859375,0.24133206227478765,428.8392333984375,-0.10179613105531349,-0.005392282674160587,0.2766817228377875,0.23997907485896225,409.97771118164064,366.54563072204587
2025-12-11,386.0,390.0,385.1499938964844,387.5,385.334228515625,7666925,385.334228515625,0.24478117160124513,428.8392333984375,-0.10144828526542882,0.0003872681936822886,0.27384187738131327,0.23949976668354836,409.7301025390625,367.26563529968263
2025-12-12,388.0,394.1000061035156,388.0,389.4500122070313,387.2733459472656,12661065,387.2733459472656,0.24766525587702293,428.8392333984375,-0.0969265034865705,0.00503229998308341,0.27346807459120454,0.23815220267198645,409.4417236328125,367.9519231414795
2025-12-15,389.0499877929688,392.3999938964844,388.0,390.75,388.5660400390625,9087687,388.5660400390625,0.25083596794960084,428.8392333984375,-0.09391210090602153,0.0033379371581458983,0.244843313190065,0.23187808694595008,409.12848388671875,368.61088188171385
2025-12-16,390.75,391.2000122070313,384.75,388.0,385.8314514160156,8700626,385.8314514160156,0.24499875430454243,428.8392333984375,-0.10028882302021802,-0.00703764184531408,0.2444931674834234,0.23184127327146312,408.63823974609375,369.2766403961182
2025-12-17,388.0,388.3999938964844,385.0,385.6000061035156,383.4448547363281,6612962,383.4448547363281,0.24184416916259988,428.8392333984375,-0.10585407100551625,-0.006185593919128651,0.24101832046773733,0.23171066187199257,408.08833068847656,369.92923263549807
2025-12-18,384.0499877929688,386.7999877929688,380.4500122070313,383.4500122070313,381.306884765625,7510229,381.306884765625,0.22435692095791882,428.8392333984375,-0.11083955228660214,-0.005575690856963744,0.23810884857912898,0.23174769676970738,407.5543328857422,370.56965522766114
2025-12-19,383.5,393.5,383.5,392.8500061035156,390.6543273925781,11595429,390.6543273925781,0.2521891857126157,428.8392333984375,-0.08904247333727866,0.02451422463221098,0.24643466787160703,0.23491882738679523,407.33954040527345,371.2775345611572
2025-12-22,393.0,399.2999877929688,392.8999938964844,398.9500122070313,396.7202453613281,9321669,396.7202453613281,0.2945595697033285,428.8392333984375,-0.07489750362291925,0.015527584218091084,0.25044586836251875,0.23625063552091977,407.1327032470703,372.0463294219971
2025-12-23,399.0,402.5,395.75,399.3999938964844,397.1676940917969,7734965,397.1676940917969,0.32502898859261076,428.8392333984375,-0.07385410857969321,0.0011278696655907527,0.23780130538754413,0.2356680169300352,406.8522790527344,372.7624053955078
2025-12-24,399.0,403.6499938964844,397.6000061035156,400.0,397.7643432617188,8097208,397.7643432617188,0.35058121154326205,428.8392333984375,-0.07246279658336852,0.0015022600750200787,0.23774156383409914,0.23280473456029635,406.66532958984374,373.4453535461426
2025-12-26,403.0,407.5499877929688,397.1499938964844,398.4500122070313,396.2230224609375,13284184,396.2230224609375,0.3807334859111531,428.8392333984375,-0.07605696586813004,-0.0038749597013706394,0.23602805966868418,0.23249725386528605,406.5867712402344,374.0702265930176
2025-12-29,401.0,403.4500122070313,392.4500122070313,393.25,391.0520629882813,15690096,391.0520629882813,0.34651030999279486,428.8392333984375,-0.08811500316960941,-0.013050628508508688,0.23159239545139684,0.23333368346827182,406.2914306640625,374.678963470459
2025-12-30,395.7999877929688,397.0,389.5499877929688,393.2999877929688,391.1017761230469,37726382,391.1017761230469,0.355430697706689,428.8392333984375,-0.08799907829405262,0.00012712663982816785,0.2315721840591279,0.23304892511786376,405.9234985351562,375.26801864624025
2025-12-31,395.8999938964844,401.2999877929688,395.7000122070313,399.6000061035156,397.3666076660156,9409818,397.3666076660156,0.3643132718191848,428.8392333984375,-0.07339026675103777,0.016018417520552886,0.23681605676220296,0.2314562144709213,405.6609747314453,375.91138687133787
2026-01-01,399.8999938964844,400.75,394.6000061035156,397.7000122070313,395.4772338867188,6084786,395.4772338867188,0.37247207581800024,428.8392333984375,-0.07779605249112509,-0.004754737169271217,0.23601007022570528,0.23146447946750595,405.2870770263672,376.5138087463379
2026-01-02,399.6499938964844,405.6000061035156,398.9500122070313,403.1499938964844,400.8967590332031,10950368,400.8967590332031,0.4261963757595195,428.8392333984375,-0.06515839081186126,0.013703760120959751,0.24032402938288364,0.23246825774875046,404.9977032470703,377.14506439208986
2026-01-05,402.8500061035156,418.6000061035156,402.7999877929688,413.7999877929688,411.4872131347656,26097635,411.4872131347656,0.42267471366847276,428.8392333984375,-0.040462762994331714,0.02641691124443679,0.24949534557454567,0.23589772760448774,404.9012451171875,377.8132000732422
2026-01-06,414.7000122070313,415.7000122070313,410.2000122070313,413.1000061035156,410.7911682128906,9927677,410.7911682128906,0.41664381158374875,428.8392333984375,-0.0420858535785561,-0.0016915347540752412,0.2327756056201982,0.23399355513457387,404.72324645996093,378.4785501098633
2026-01-07,413.1000061035156,416.25,409.5499877929688,415.6499938964844,413.3268737792969,8279218,413.3268737792969,0.41146122906669746,428.8392333984375,-0.03617290212980118,0.006172736325947836,0.22894949380619567,0.233828775199501,404.7331909179687,379.1565786743164
2026-01-08,415.7000122070313,422.9500122070313,414.0499877929688,415.6499938964844,413.3268737792969,22238704,413.3268737792969,0.43490883533106883,428.8392333984375,-0.03617290212980118,0.0,0.22621294626474217,0.23269482017316886,404.7749560546875,379.78465454101564
2026-01-09,417.0,424.5499877929688,415.8500061035156,418.6499938964844,416.3101196289063,22963210,416.3101196289063,0.4954643798037628,428.8392333984375,-0.029216342148178143,0.007217643078302194,0.2264855505520348,0.23219232368014314,405.00267578125,380.39267486572265
2026-01-12,419.5,419.7999877929688,410.6000061035156,417.7000122070313,415.3654479980469,14594852,415.3654479980469,0.4668567124451317,428.8392333984375,-0.031419199436615086,-0.002269153658098655,0.22637529291379707,0.23205732220987532,405.1578039550781,381.00246994018556
2026-01-13,419.75,422.3500061035156,409.3999938964844,413.7000122070313,411.3878173828125,13393010,411.3878173828125,0.4780443840182449,428.8392333984375,-0.040694541582231514,-0.009576219289316179,0.22487805621193468,0.23264319931201663,404.91119079589845,381.56082778930664
2026-01-14,411.0,420.7999877929688,411.0,417.6000061035156,415.2660217285156,17676239,415.2660217285156,0.4964873762196029,428.8392333984375,-0.031651049187728875,0.009427124921626673,0.2245330948664456,0.23116130925914757,404.8177166748047,382.14884521484373
2026-01-15,417.6000061035156,417.6000061035156,417.6000061035156,417.6000061035156,415.2660217285156,0,415.2660217285156,0.553088774885488,428.8392333984375,-0.031651049187728875,0.0,0.2141949063814532,0.23095535732320635,404.8664440917969,382.73929321289063
2026-01-16,416.5499877929688,417.25,406.3500061035156,410.25,407.9570617675781,18888193,407.9570617675781,0.5927548139716043,428.8392333984375,-0.04869463893350823,-0.017600669398653124,0.21992850244768974,0.23312097660713066,404.89528198242186,383.2876902770996
2026-01-19,410.0,414.8999938964844,407.7000122070313,412.7999877929688,410.4927978515625,8012134,410.4927978515625,0.5414940783647155,428.8392333984375,-0.04278161632153932,0.006215693565880809,0.22055911875609197,0.23326449975647792,404.8664440917969,383.8454423522949
2026-01-20,413.8999938964844,415.3999938964844,406.0,409.3500061035156,407.0621032714844,32732305,407.0621032714844,0.540310094169631,428.8392333984375,-0.050781571346388055,-0.008357502489772517,0.16206748396496928,0.2226906227944655,404.7172821044922,384.43227325439454
2026-01-21,406.5,409.5,397.0,402.6499938964844,400.3995361328125,19150437,400.3995361328125,0.4695613244261081,428.8392333984375,-0.06631785305707205,-0.016367446355546322,0.16945406294859366,0.22410675757224172,404.22703735351564,385.03341262817383
2026-01-22,406.0,418.2999877929688,406.0,417.2999877929688,414.9676513671875,19763144,414.9676513671875,0.4906419808954512,428.8392333984375,-0.032346811930712094,0.03638394633290165,0.19650155257001595,0.22394535724417516,404.07886962890626,385.68209381103514
2026-01-23,419.0,419.0,408.5,410.7000122070313,408.4045715332031,12715222,408.4045715332031,0.448330306644358,428.8392333984375,-0.047651101563854326,-0.015815883026932598,0.2035430723565489,0.22558077448375227,403.8978875732422,386.3351637268066
2026-01-27,416.4500122070313,419.25,411.6000061035156,415.9500122070313,413.6252136230469,15482165,413.6252136230469,0.5025951270346751,428.8392333984375,-0.035477210550031835,0.012783015797900532,0.20576760647281098,0.2258143432823488,403.68110595703126,387.0535250854492
2026-01-28,418.0,457.5,417.2999877929688,453.0,450.4681396484375,71986647,450.4681396484375,0.6887948390238243,450.4681396484375,0.0,0.08907321123553902,0.3250618577881262,0.26765945259525004,404.24692626953123,387.9097198486328
2026-01-29,454.25,455.9500122070313,438.25,444.5,442.0156555175781,42412510,442.0156555175781,0.635330554484828,450.4681396484375,-0.01876377791658257,-0.01876377791658257,0.3306069352468758,0.26950608164512285,404.71628845214843,388.73010101318357
2026-01-30,446.8500061035156,451.9500122070313,439.2999877929688,449.0,446.4905090332031,36684903,446.4905090332031,0.675122194171089,450.4681396484375,-0.008829993211814435,0.010123744396304701,0.329298173747908,0.2698663208525983,405.229404296875,389.5487977600098
2026-02-02,432.0,441.3500061035156,420.25,439.1000061035156,436.6458129882813,43652893,436.6458129882813,0.6830434316182334,450.4681396484375,-0.030684360210121997,-0.022049060048865976,0.33738259017706385,0.2723914429698853,405.5496044921875,390.2751142883301
2026-02-03,460.0,460.0,435.25,438.9500122070313,436.4966735839844,26696516,436.4966735839844,0.7130884738570609,450.4681396484375,-0.031015436686281483,-0.00034155693209625415,0.3323764359560278,0.2722247000356702,405.99907836914065,391.00118118286133
2026-02-04,436.7999877929688,443.3999938964844,433.7999877929688,439.2000122070313,436.7452697753906,12400181,436.7452697753906,0.6566503578441054,450.4681396484375,-0.030463574812986116,0.0005695259699578514,0.33065615596688824,0.26935597581486614,406.70312133789065,391.720802154541
2026-02-05,439.0,439.0,428.1499938964844,432.8999938964844,430.48046875,14345511,430.48046875,0.5652284103148957,450.4681396484375,-0.044370886948934096,-0.014344290502819823,0.3346019305034006,0.26884195659298404,407.1535894775391,392.38528854370117
2026-02-06,433.0,433.3999938964844,425.5499877929688,429.6499938964844,427.2486267089844,11078888,427.2486267089844,0.47969192996659604,450.4681396484375,-0.05154529454086254,-0.0075075230483743205,0.3359442766416595,0.26732227983837753,407.43898498535157,393.01674987792967
2026-02-09,432.0,439.6000061035156,429.5,437.2999877929688,434.8558654785156,12162696,434.8558654785156,0.5640243889053531,450.4681396484375,-0.034657887641301954,0.01780518015500343,0.3381845378772935,0.2683575782554585,407.92127380371096,393.67384597778323
2026-02-10,438.0,441.2999877929688,433.5499877929688,437.2999877929688,434.8558654785156,10878065,434.8558654785156,0.6076677138226851,450.4681396484375,-0.034657887641301954,0.0,0.334793691432626,0.26794312753481503,408.4294177246094,394.3316862487793
2026-02-11,438.7000122070313,438.7000122070313,434.3500061035156,437.5499877929688,435.1044616699219,8274702,435.1044616699219,0.5500670744296228,450.4681396484375,-0.0341060257680067,0.0005716749183839465,0.33475432832538193,0.26779423768224875,408.83314819335936,395.0309498596191
2026-02-12,437.0,444.9500122070313,434.6000061035156,443.8999938964844,441.4189758300781,16140306,441.4189758300781,0.5483439438150612,450.4681396484375,-0.02008835480667215,0.014512639415190653,0.3343036391473578,0.267703824332295,409.44669921875,395.7248301696777
2026-02-13,443.8999938964844,446.2000122070313,432.7999877929688,435.5499877929688,433.11566162109375,14086068,433.11566162109375,0.5691808719230482,450.4681396484375,-0.03852098850073238,-0.018810505808841138,0.33983549236201105,0.26973562341027313,410.0751666259766,396.3174189758301
2026-02-16,433.0499877929688,438.6000061035156,429.1000061035156,438.0,435.5519714355469,8156650,435.5519714355469,0.5933861627552575,450.4681396484375,-0.03311259310043946,0.0056250790039185095,0.33847980005477757,0.2695275520673745,410.68871826171875,396.93707107543946
2026-02-17,442.0,449.3500061035156,440.2999877929688,446.8500061035156,444.3525085449219,17963084,444.3525085449219,0.646982193008482,450.4681396484375,-0.01357616791342553,0.020205481059743846,0.33520538511377806,0.26988310737139093,411.4832525634766,397.6153594970703
2026-02-18,450.0,453.5,446.1499938964844,447.7000122070313,445.19775390625,14341134,445.19775390625,0.7024109116815933,450.4681396484375,-0.011699796896403658,0.0019021955431195448,0.3349511794524955,0.26900888619292346,412.70239990234376,398.27728790283203
2026-02-19,447.7000122070313,449.25,432.9500122070313,435.3500061035156,432.9167785644531,9791516,432.9167785644531,0.6931381962212073,450.4681396484375,-0.038962491548641176,-0.027585438682116603,0.3461802429185067,0.27281340425522077,413.6152685546875,398.90162216186525
2026-02-20,435.0,445.3999938964844,433.7000122070313,441.1499938964844,438.6843566894531,9533724,438.6843566894531,0.6999517502935781,450.4681396484375,-0.026158970905646894,0.013322602427480845,0.34773902852095107,0.27302033447951596,414.68525451660156,399.5575224304199
2026-02-23,442.7999877929688,445.2999877929688,435.7000122070313,439.75,437.2922058105469,12915631,437.2922058105469,0.770366979618009,450.4681396484375,-0.02924942449464596,-0.0031734682526912694,0.34774328310592906,0.27139990666211883,415.7244140625,400.2203515625
2026-02-24,437.0,437.5,430.3500061035156,435.0499877929688,432.6184387207031,12223376,432.6184387207031,0.7644842315236591,450.4681396484375,-0.03962477999368608,-0.01068797254499576,0.34946484401649014,0.27120602659463355,416.6313159179688,400.8166551208496
2026-02-25,435.0,441.0,433.5499877929688,439.2999877929688,436.8446960449219,9469190,436.8446960449219,0.8101301085861046,450.4681396484375,-0.0302428571622132,0.009769018021322129,0.34859276196946226,0.2712688231562328,417.5968890380859,401.3996142578125
2026-02-26,440.6000061035156,449.8999938964844,440.0,449.0499877929688,446.5401916503906,13738213,446.5401916503906,0.786048048481315,450.4681396484375,-0.008719702132791052,0.02219437638421451,0.3528217518348286,0.2735985837413007,418.8110638427734,401.9668116760254
2026-02-27,448.6000061035156,449.0,441.7000122070313,444.7000122070313,442.2145385742188,22732811,442.2145385742188,0.7221916382021352,450.4681396484375,-0.01832227486867355,-0.009687040846613204,0.3545679442762901,0.2738568503406138,419.98645751953126,402.46972015380857
2026-03-02,442.1000061035156,456.7000122070313,441.7000122070313,453.9500122070313,451.412841796875,35034174,451.412841796875,0.7865018641732118,451.412841796875,0.0,0.02080054457800773,0.3532741156108767,0.27586305862277155,421.3885766601563,402.98860885620115
2026-03-04,460.0,460.8500061035156,444.5,446.8500061035156,444.3525085449219,35193505,444.3525085449219,0.7568450604300188,451.412841796875,-0.01564052370297897,-0.01564052370297897,0.3575280570836185,0.2772672308442623,422.4625402832031,403.4052284240723
2026-03-05,448.7999877929688,467.8999938964844,445.8500061035156,460.0,457.4290161132813,38023711,457.4290161132813,0.8064321202643108,457.4290161132813,0.0,0.0294282294279824,0.3639196892209079,0.2811099843964589,423.67671569824216,403.8879747009277
2026-03-06,462.0,473.4500122070313,460.3500061035156,468.4500122070313,467.81494140625,28154230,467.81494140625,0.8781830436240623,467.81494140625,0.0,0.022704998867838944,0.3623998515227777,0.2818372242859043,425.08966064453125,404.4224024963379
2026-03-09,470.0,470.0,450.0,457.3500061035156,456.72998046875,21898419,456.72998046875,0.8798468351178916,467.81494140625,-0.02369518362149492,-0.02369518362149492,0.3596522044475121,0.2848526095739701,426.2689733886719,404.80616302490233
2026-03-10,465.0,465.7999877929688,453.5499877929688,463.3500061035156,462.7218322753906,19398151,462.7218322753906,0.8220802448784719,467.81494140625,-0.010887016809573269,0.013119024506539123,0.35594627736346185,0.2841159074526267,427.59894958496096,405.2178987121582
2026-03-11,463.5,469.7999877929688,453.25,454.1000061035156,453.484375,16015126,453.484375,0.7363257321393246,467.81494140625,-0.03063298141605386,-0.0199633054484728,0.3618544751564867,0.2862699805599113,428.8475958251953,405.5814627075195
2026-03-12,452.0,455.0,448.5,453.5499877929688,452.9351196289063,14089623,452.9351196289063,0.6698166616938195,467.81494140625,-0.03180706826638546,-0.0012111891861625868,0.2546551892531568,0.27890839362676134,430.0842626953125,405.93856018066407
2026-03-13,451.8999938964844,452.3999938964844,433.6499938964844,439.3999938964844,438.8042907714844,19502809,438.8042907714844,0.6293971517725043,467.81494140625,-0.062013091218420024,-0.0311983510331445,0.26508342068504437,0.28357990543681855,430.9130163574219,406.2207868957519
2026-03-16,431.8999938964844,437.7999877929688,422.25,429.5,428.917724609375,22324389,428.917724609375,0.5694557491850258,467.81494140625,-0.08314658929009433,-0.022530696189700605,0.2709604951038015,0.2847150567943539,431.581826171875,406.4285299682617
2026-03-17,432.4500122070313,441.0499877929688,430.2999877929688,439.3500061035156,438.7543640136719,14421128,438.7543640136719,0.632920935822703,467.81494140625,-0.062119814525851025,0.022933627686417823,0.27224006365998304,0.28586267087620604,432.3389782714844,406.70356246948245
2026-03-18,445.4500122070313,447.75,440.5,442.6000061035156,441.9999694824219,13700203,441.9999694824219,0.6073143545320225,467.81494140625,-0.05518201673129208,0.007397317804567427,0.27300375827670587,0.28531015488734346,432.9492333984375,407.0057360839844
2026-03-19,436.1000061035156,439.0,428.3999938964844,430.7999877929688,430.2159423828125,12237975,430.2159423828125,0.566440152593652,467.81494140625,-0.08037152235970713,-0.026660696636265357,0.28417499661664525,0.2888672221622463,433.3377288818359,407.23460403442385
2026-03-20,432.2000122070313,438.9500122070313,424.7000122070313,426.1000061035156,425.5223388671875,17599734,425.5223388671875,0.5314266936367034,467.81494140625,-0.09040455700694616,-0.010909878164041986,0.2828763517993714,0.28649302071837335,433.5816381835937,407.44744476318357
2026-03-23,420.6000061035156,421.75,404.0,405.5,404.95025634765625,18894757,404.95025634765625,0.4581181176539364,467.81494140625,-0.1343793870063721,-0.048345481871286955,0.31494682563810783,0.2976253706893477,433.41410583496094,407.534606628418
2026-03-24,412.5,417.4500122070313,408.75,414.4500122070313,413.8881530761719,14642804,413.8881530761719,0.49030110543893457,467.81494140625,-0.11527376224447727,0.022071591728645146,0.31746301892408657,0.2993265337884342,433.36566650390625,407.6520722961426
2026-03-25,416.2999877929688,422.0,412.5499877929688,413.4500122070313,412.8894958496094,15134997,412.8894958496094,0.435080656153221,467.81494140625,-0.11740848933027859,-0.0024128673873367035,0.31744418494938936,0.2980122143550311,433.3161474609375,407.7784339904785
2026-03-27,411.8999938964844,413.4500122070313,403.25,404.75,404.2012634277344,21818224,404.2012634277344,0.3715404111949474,467.81494140625,-0.1359804323207231,-0.02104251260739165,0.3223428508728956,0.2999386185044713,433.17241638183594,407.8526737976074
2026-03-30,400.0,413.25,399.3500061035156,400.6499938964844,400.1068420410156,22694742,400.1068420410156,0.36366076846444617,467.81494140625,-0.14473265681019953,-0.010129660041131361,0.31910171801234477,0.3000694557653518,432.8692327880859,407.88188690185547
2026-04-01,415.0,430.2000122070313,412.6499938964844,418.7000122070313,418.1323852539063,25301241,418.1323852539063,0.39509415542166293,467.81494140625,-0.10620130259841232,0.04505182446003464,0.3444102411467393,0.30939893398096513,432.92656005859374,408.02355010986327
2026-04-02,417.0,423.6000061035156,407.5,421.6000061035156,421.0284423828125,19686517,421.0284423828125,0.4144488828258428,467.81494140625,-0.10001069842446131,0.006926172741074765,0.34464648007078746,0.30960681759460207,433.18798767089845,408.2069766235352
2026-04-06,422.0,428.0499877929688,420.0,427.1499938964844,426.5708923339844,12327836,426.5708923339844,0.4354129755387135,467.81494140625,-0.08816317184800926,0.013164074901458767,0.34148895815740204,0.30917445323731646,433.5095495605469,408.3843835449219
2026-04-07,424.0,429.0,420.6499938964844,427.7999877929688,427.2200012207031,11417162,427.2200012207031,0.4322896896877644,467.81494140625,-0.08677563838281577,0.0015216905287820381,0.34146131770819205,0.30479237735394255,433.91270751953124,408.51716674804686
2026-04-08,440.0,440.0,428.7999877929688,433.1000061035156,432.5128479003906,20054221,432.5128479003906,0.44681006363579945,467.81494140625,-0.07546166310922309,0.012389042330799516,0.33414444595725906,0.3043481583618584,434.55497375488284,408.6868313598633
2026-04-09,425.0,443.2999877929688,424.5,439.75,439.1538391113281,19917307,439.1538391113281,0.5159130815118391,467.81494140625,-0.06126589759781231,0.015354436852398345,0.33488976540336307,0.30471577944419953,435.0386975097656,408.8959017944336
2026-04-10,444.1000061035156,447.4500122070313,440.4500122070313,442.4500122070313,441.8501892089844,10833065,441.8501892089844,0.5770695260092815,467.81494140625,-0.05550218665358497,0.006139875955798457,0.3351498711168189,0.30465492542471634,435.7076098632813,409.1281269836426
2026-04-13,435.0,445.5,434.0,441.5499877929688,440.9513854980469,15149734,440.9513854980469,0.5459425667228341,467.81494140625,-0.0574234671245244,-0.002034182021165565,0.33356046323877914,0.3046177935972778,436.25413330078123,409.3077406311035
2026-04-15,447.5,449.2000122070313,444.7999877929688,447.6499938964844,447.0431213378906,9915383,447.0431213378906,0.6092810197303156,467.81494140625,-0.044401788463445335,0.013814982876090065,0.33470469009104387,0.30467126513110426,436.1856329345703,409.4550622558594
2026-04-16,449.8500061035156,457.0,448.8999938964844,455.6499938964844,455.0322570800781,12197884,455.0322570800781,0.6855984375893784,467.81494140625,-0.027324232714216357,0.017871062903904944,0.33255171450585136,0.30538133498481534,436.44596496582034,409.6542347717285
2026-04-17,458.0,463.75,454.4500122070313,462.75,462.1226501464844,14128030,462.1226501464844,0.6549940752686785,467.81494140625,-0.01216782696733587,0.015582176771169909,0.3336627893320003,0.30371915288130324,436.75860778808595,409.9506182861328
2026-04-20,462.0,464.3999938964844,456.0,457.5499877929688,456.9296875,9914017,456.9296875,0.6439902019419339,467.81494140625,-0.02326829039177114,-0.011237195677031409,0.33061812007135627,0.3043060249266786,437.16428527832034,410.20094650268555
2026-04-21,457.5,461.7999877929688,449.4500122070313,451.5,450.8879089355469,13492130,450.8879089355469,0.5946456575634176,467.81494140625,-0.03618318051112379,-0.013222556401422558,0.3296579155115627,0.30528674724415616,437.45210998535157,410.39923934936525
2026-04-22,450.7999877929688,451.8500061035156,444.7000122070313,448.7000122070313,448.0917053222656,11538028,448.0917053222656,0.537812648525527,467.81494140625,-0.04216033807021302,-0.006201549338243573,0.3186633154434567,0.2927698084855827,437.67903869628907,410.54882736206054
2026-04-23,451.7000122070313,455.7000122070313,444.5,449.9500122070313,449.3399963378906,15021500,449.3399963378906,0.5426219235642218,467.81494140625,-0.03949199444725682,0.002785793623935051,0.31120557175969915,0.29259724191846853,438.05622924804686,410.6513311767578
2026-04-24,450.0,451.2000122070313,438.75,444.4500122070313,443.8474731445313,11651499,443.8474731445313,0.5157634144961196,467.81494140625,-0.051232797716277645,-0.01222353504723206,0.30571337206562843,0.2932963856244351,438.3882061767578,410.7526631164551
2026-04-27,445.0,448.2999877929688,432.9500122070313,435.6000061035156,435.0094604492188,18502535,435.0094604492188,0.46180790355572454,467.81494140625,-0.07012491062901505,-0.019912274441257316,0.30765328582503715,0.295520564418679,438.3912780761719,410.8132774353027
2026-04-28,435.6000061035156,441.0,433.5499877929688,435.75,435.15924072265625,10883746,435.15924072265625,0.4459213984390986,467.81494140625,-0.06980474070672227,0.00034431497945530687,0.3028705023658257,0.2954667931641954,438.3973455810547,410.8681918334961
2026-04-29,437.0499877929688,442.7999877929688,435.25,437.5499877929688,436.956787109375,9507163,436.956787109375,0.44002642257698166,467.81494140625,-0.06596231023343435,0.004130778387547496,0.3032638731803099,0.2954839994899487,438.43439208984375,410.9839317321777
2026-04-30,436.4500122070313,436.4500122070313,424.5,431.2999877929688,430.71527099609375,15795581,430.71527099609375,0.4201535801234335,467.81494140625,-0.07930415881680641,-0.014284058051989734,0.2924051991884887,0.2963226423582225,438.2203179931641,411.0441572570801
2026-05-01,431.2999877929688,431.2999877929688,431.2999877929688,431.2999877929688,430.71527099609375,0,430.71527099609375,0.4588068870403539,467.81494140625,-0.07930415881680641,0.0,0.28481751372844466,0.29605532418259595,438.17231018066406,411.12596130371094
2026-05-04,433.0,438.6000061035156,428.6000061035156,433.5499877929688,432.9622192382813,10764998,432.9622192382813,0.43060418555888336,467.81494140625,-0.07450108810804879,0.005216783321824625,0.277105049253216,0.29587962704899123,438.1205151367187,411.2395864868164
2026-05-05,433.5,436.5,429.2999877929688,433.3500061035156,432.7625122070313,11671943,432.7625122070313,0.3756052143694715,467.81494140625,-0.07492798133777268,-0.00046125740855940123,0.2761437261286061,0.29333930506474837,437.88871520996094,411.37304748535155
2026-05-06,437.0,439.6499938964844,435.1499938964844,438.2000122070313,437.6059265136719,9748728,437.6059265136719,0.4042864634619876,467.81494140625,-0.06457471153394534,0.011191852736827324,0.2666809468930089,0.2928333487687064,437.73687866210935,411.54064651489256
2026-05-07,439.8999938964844,441.0,433.5,439.4500122070313,438.854248046875,15696400,438.854248046875,0.4216443348460235,467.81494140625,-0.061906302676693614,0.0028526156927266566,0.26444611286037445,0.2928454252513328,437.85562805175783,411.7063021850586
2026-05-08,439.0,443.7999877929688,437.7999877929688,439.7000122070313,439.1039123535156,11164661,439.1039123535156,0.40373070798634103,467.81494140625,-0.061372620905243314,0.0005689002846656077,0.21895733949671353,0.2928475450849268,437.86401916503905,411.88709579467775
2026-05-11,438.0,439.1499938964844,431.0,431.9500122070313,431.3644104003906,7631226,431.3644104003906,0.40030681045909633,467.81494140625,-0.0779165601173174,-0.017625672956641858,0.2188143950597579,0.29443060659059483,437.74546325683593,412.03886489868165
2026-05-12,430.2000122070313,432.5,415.5,416.5,415.9353332519531,15199825,415.9353332519531,0.3526163023514284,467.81494140625,-0.11089771523403458,-0.03576808094602957,0.2438781658546693,0.2999274257011568,437.41180114746095,412.1603659057617
2026-05-13,416.6000061035156,432.0,415.75,428.25,427.6694030761719,13230827,427.6694030761719,0.40345382610432123,467.81494140625,-0.08581499814734606,0.028211284029363348,0.24806243350784254,0.3033946385338871,437.2282952880859,412.3147422790527
2026-05-14,431.0,435.1499938964844,424.4500122070313,428.8500061035156,428.26861572265625,9807792,428.26861572265625,0.3667083296569007,467.81494140625,-0.08453412275528793,0.001401111798446042,0.2453995931897712,0.3023535102888476,436.86286376953126,412.4564891052246
2026-05-15,428.8500061035156,429.5,422.2000122070313,423.6499938964844,423.0756530761719,7593616,423.0756530761719,0.3210674891266916,467.81494140625,-0.09563458617972309,-0.012125480261311772,0.21280142098371865,0.30300226309094885,436.48008605957034,412.58665649414064
2026-05-18,423.8500061035156,427.7999877929688,414.6000061035156,426.6000061035156,426.0216674804688,10452161,426.0216674804688,0.278957556194918,467.81494140625,-0.08933719346404534,0.006963327676448694,0.2128112296366054,0.30240687954059214,435.9722625732422,412.7412271118164
2026-05-19,428.3999938964844,430.8999938964844,419.2999877929688,422.9500122070313,422.3766174316406,13350029,422.3766174316406,0.23634663957032953,467.81494140625,-0.0971288429523477,-0.008556020331982994,0.21086379644194161,0.29968599931497414,435.5327447509766,412.89270217895506
2026-05-20,416.2999877929688,420.0,407.0,413.2999877929688,412.73968505859375,28012723,412.73968505859375,0.1872785098321026,467.81494140625,-0.117728724486867,-0.022815970333884716,0.22066336615100654,0.30219046064600635,434.63895812988284,413.0255078125
2026-05-21,420.0,426.1000061035156,418.0499877929688,420.3999938964844,419.8300476074219,19789651,419.8300476074219,0.16287200918666955,467.81494140625,-0.10257238397428203,0.017178775885874797,0.22361605778723187,0.30336225660318733,433.67926025390625,413.19872589111327
2026-05-22,421.4500122070313,421.4500122070313,415.4500122070313,416.5499877929688,415.9852600097656,9175611,415.9852600097656,0.1526976718069415,467.81494140625,-0.11079099192660358,-0.009157961940950643,0.2193827881410756,0.3037790984702013,432.86436584472654,413.3614009094238
2026-05-25,419.2999877929688,422.5499877929688,417.2999877929688,421.8500061035156,421.2781066894531,8862027,421.2781066894531,0.16720368947691755,467.81494140625,-0.09947701665301101,0.01272363996638548,0.22224171920174837,0.30427597945874824,432.0354913330078,413.56740600585937
2026-05-26,423.5,425.5499877929688,418.8500061035156,420.1000061035156,419.5304870605469,12315435,419.5304870605469,0.10409188253421475,467.81494140625,-0.10321272381886781,-0.0041483751497072285,0.22237089493778617,0.3043373475723046,431.3564135742188,413.79394027709964
2026-05-27,422.0,422.0,416.1000061035156,419.1000061035156,418.5318298339844,10871894,418.5318298339844,0.10031459907552209,467.81494140625,-0.10534745090466924,-0.002380416340084457,0.21753983292614829,0.3039146985093932,430.6683477783203,413.9542184448242
2026-05-28,419.1000061035156,419.1000061035156,419.1000061035156,419.1000061035156,418.5318298339844,0,418.5318298339844,0.09916773281789393,467.81494140625,-0.10534745090466924,0.0,0.2092906257959874,0.3035283986502246,430.2628985595703,414.12888229370117
2026-05-29,413.2999877929688,419.1000061035156,409.8999938964844,410.75,410.1931457519531,26559872,410.1931457519531,0.07516735586374246,467.81494140625,-0.12317220027450593,-0.019923655711774346,0.20763298300283142,0.3054028960098934,429.8884069824219,414.2467230224609
2026-06-01,412.3500061035156,413.7000122070313,404.75,407.2000122070313,406.6479797363281,16453240,406.6479797363281,0.06352416263592908,467.81494140625,-0.13075033791365065,-0.00864267492604276,0.2069694903273783,0.30430332834481977,429.246279296875,414.356510925293
2026-06-02,405.7999877929688,409.6000061035156,400.2999877929688,407.8500061035156,407.2970886230469,15004796,407.2970886230469,0.051444418245168766,467.81494140625,-0.12936280444845705,0.0015962427432680837,0.2055559925636806,0.30414047454615495,428.5522216796875,414.48517013549804
2026-06-03,408.0,408.9500122070313,403.1000061035156,406.6000061035156,406.04876708984375,6626958,406.04876708984375,0.05811342661624752,467.81494140625,-0.13203121330570877,-0.0030648918641263956,0.20537246737666942,0.30385292603695524,428.0688781738281,414.6110601806641
2026-06-04,405.0,411.5499877929688,404.0,409.8999938964844,409.3442993164063,9119774,409.3442993164063,0.07280289015630492,467.81494140625,-0.12498669220371872,0.00811609957636783,0.20729396237654826,0.3028444241254817,427.7453173828125,414.77103759765623
2026-06-05,410.1000061035156,412.0,405.1000061035156,408.2000122070313,407.6466064453125,11084641,407.6466064453125,0.06035821498821137,467.81494140625,-0.12861567606214475,-0.004147347047287364,0.20549173926008518,0.29675018073381765,427.79924438476564,414.88036193847654
2026-06-08,399.0,415.5,399.0,412.9500122070313,412.3901672363281,12017495,412.3901672363281,0.07686552243138967,467.81494140625,-0.1184758528731793,0.011636453526203905,0.20292340082260163,0.29616935976526276,427.76928466796875,415.02856903076173
2026-06-09,417.0,417.0,410.0,412.0499877929688,411.4913635253906,10996007,411.4913635253906,0.061864190680464004,467.81494140625,-0.12039713334411872,-0.0021794984030800713,0.20283438522921993,0.29543794213999375,427.7413220214844,415.18421493530275
2026-06-10,413.0,415.25,407.1000061035156,408.3500061035156,407.7964172363281,5371511,407.7964172363281,0.04457382096209139,467.81494140625,-0.12829544090555645,-0.008979401796933462,0.20307165362077775,0.25457131712768594,427.81322509765624,415.3335676574707
2026-06-11,407.3500061035156,407.3500061035156,401.75,402.2999877929688,401.7545776367188,6994969,401.7545776367188,0.03647263904507203,467.81494140625,-0.14121046149349992,-0.0148158231515505,0.20335182125749302,0.25387507687475225,427.8461798095703,415.49348205566406
2026-06-12,407.3500061035156,409.0,403.2999877929688,406.5,405.9489135742188,8086130,405.9489135742188,0.042623528520075116,467.81494140625,-0.13224465992057055,0.010440045169298973,0.20657578337501065,0.25391463323059765,427.6025103759766,415.6626837158203
2026-06-15,412.0,412.5,406.0,409.5499877929688,408.9947509765625,11500111,408.9947509765625,0.03736207597190222,467.81494140625,-0.12573388582432665,0.007503006660434908,0.20736399677419867,0.2517612097751855,427.36183654785157,415.84388275146483
2026-06-16,409.6000061035156,410.7999877929688,406.1499938964844,407.5499877929688,406.9974670410156,9701695,406.9974670410156,0.04411938096093326,467.81494140625,-0.13000327476163387,-0.004883397478275486,0.20750941249233243,0.2518625982542943,426.9703680419922,416.02901733398437
2026-06-17,407.0,422.3999938964844,406.1499938964844,419.8500061035156,419.2808227539063,24506595,419.2808227539063,0.09090232009195387,467.81494140625,-0.10374640559031811,0.030180422994261047,0.22456507614783366,0.2570889440030475,426.81158447265625,416.3063952636719
2026-06-18,422.5,430.0,421.75,428.6000061035156,428.0189514160156,23598062,428.0189514160156,0.0944270879136615,467.81494140625,-0.08506780452673823,0.02084075442496003,0.23335480809508255,0.2583939408904952,426.7217065429688,416.637407989502
2026-06-19,427.8999938964844,431.6000061035156,424.5499877929688,426.8999938964844,426.32122802734375,10829044,426.32122802734375,0.0640384670899099,467.81494140625,-0.08869685361945967,-0.003966467800211371,0.23350586440152735,0.25816784797145276,426.4650543212891,416.9323371887207
2026-06-22,428.1000061035156,432.7000122070313,426.1499938964844,431.5,430.9150085449219,9754708,430.9150085449219,0.08112571892384968,467.81494140625,-0.07887720035278711,0.010775397084574756,0.23029312762728799,0.2570689671883641,426.2463507080078,417.22786102294924
2026-06-23,435.0,435.0,418.5,420.0,419.43060302734375,15566093,419.43060302734375,0.05559688077499669,467.81494140625,-0.10342623566802533,-0.026651207987295922,0.21921500093096483,0.26091684202871496,425.81593505859377,417.45253829956056
2026-06-24,420.2000122070313,422.5499877929688,412.7999877929688,413.5499877929688,412.9893493652344,9620759,412.9893493652344,0.04447134271580988,467.81494140625,-0.1171950427154167,-0.015357138023830541,0.20717081646261443,0.2621304070838696,425.1348596191406,417.63456787109374
2026-06-25,413.6000061035156,415.0499877929688,406.0,407.2000122070313,406.6479797363281,21994027,406.6479797363281,0.00399804731457154,467.81494140625,-0.13075033791365065,-0.015354801857851652,0.21108109517491402,0.2620693617023403,424.16717407226565,417.8157174682617
2026-06-26,407.2000122070313,407.2000122070313,407.2000122070313,407.2000122070313,406.6479797363281,0,406.6479797363281,-0.026176656345998195,467.81494140625,-0.13075033791365065,0.0,0.20875967277819293,0.2602883624967724,423.0576806640625,418.005319519043
2026-06-29,406.7999877929688,418.2999877929688,403.5499877929688,411.6000061035156,411.0419921875,26669735,411.0419921875,-0.010009114162232047,467.81494140625,-0.12135770834529291,0.010805445176491402,0.21036177639381842,0.2607811913682628,422.1399267578125,418.2114224243164
2026-06-30,413.5,414.4500122070313,408.5,411.7999877929688,411.24169921875,14611849,411.24169921875,0.020841098216606957,467.81494140625,-0.12093081511556902,0.0004858555452866842,0.2092089168873703,0.2584228625819704,421.34700256347656,418.41827514648435
2026-07-01,413.0,417.6499938964844,411.3999938964844,416.25,415.6856994628906,8844076,415.6856994628906,0.021682071442345796,467.81494140625,-0.11143133177118936,0.010806297738247483,0.2010055146045817,0.2591081417428873,420.6988824462891,418.56729797363283
2026-07-02,416.25,418.2999877929688,412.2999877929688,415.0499877929688,414.4873046875,10736747,414.4873046875,0.00792250156825558,467.81494140625,-0.11399301732101019,-0.002882934815749194,0.1946897830468926,0.2550977264057578,420.00182861328125,418.7247477722168
2026-07-03,418.6000061035156,424.5,417.1000061035156,418.0499877929688,417.4832458496094,12085695,417.4832458496094,-0.0016520796696775086,467.81494140625,-0.10758890129790155,0.007228064956942726,0.1940423000078199,0.25437528605933046,419.4745440673828,418.8268226623535
2026-07-06,422.0,429.8999938964844,420.1000061035156,425.5499877929688,424.9730529785156,16516762,424.9730529785156,-0.009015454088198593,467.81494140625,-0.09157870909157328,0.01794037773579138,0.19752765775136336,0.2561760238276467,419.27381591796876,418.9705728149414
2026-07-07,425.5499877929688,425.8999938964844,416.0,419.1499938964844,418.5817565917969,7821978,418.5817565917969,-0.0118025303487308,467.81494140625,-0.10524072759723824,-0.015039298002365031,0.202158259049858,0.2567837440145969,418.94226623535155,419.0602407836914
2026-07-08,416.5,417.7999877929688,406.0,407.6000061035156,407.0474243164063,12837834,407.0474243164063,-0.037454893315709614,467.81494140625,-0.12989648621990735,-0.027555745308410318,0.21733524422414133,0.26023791779861455,418.3440789794923,419.04599700927736
2026-07-09,409.1499938964844,411.0,404.0499877929688,406.2000122070313,405.6493225097656,10893635,405.6493225097656,-0.043677678140462195,467.81494140625,-0.13288506499945207,-0.0034347393525180347,0.21744834698476248,0.25738531937758446,417.8427600097657,419.036198425293
2026-07-10,408.3999938964844,415.4500122070313,408.2000122070313,414.8500061035156,414.28759765625,9273712,414.28759765625,0.0011570326070211578,467.81494140625,-0.11441991055073397,0.02129493300528429,0.21900672322960318,0.2596142703858304,417.51420654296885,419.0745634460449
2026-07-13,411.9500122070313,412.8999938964844,408.6000061035156,410.7999877929688,410.2430725097656,6650781,410.2430725097656,-0.02012823981717593,467.81494140625,-0.12306547696707493,-0.00976260252386385,0.21943320948113038,0.2575121473751818,417.0598236083985,419.10513595581057
2026-07-14,409.3500061035156,411.25,405.7000122070313,410.1000061035156,409.5440368652344,10652838,409.5440368652344,-0.011609443724343249,467.81494140625,-0.12455973373969953,-0.0017039547804055255,0.2194834741698001,0.25631132343994656,416.59545410156255,419.14190856933595
2026-07-15,409.0,414.2999877929688,408.3999938964844,410.9500122070313,410.3928833007813,9115088,410.3928833007813,0.00037953820421754436,467.81494140625,-0.1227452418104864,0.0020726621782707344,0.2193089791948139,0.25122037565136573,416.05119323730474,419.2276739501953
2026-07-16,412.25,412.5,406.5,407.1000061035156,406.548095703125,5679241,406.548095703125,0.001176602150951389,467.81494140625,-0.13096384976280806,-0.009368553291501436,0.2198499817683018,0.24833821393668604,415.40507019042974,419.25593063354495
2026-07-17,407.1000061035156,411.2000122070313,405.1000061035156,409.4500122070313,408.8949279785156,6678047,408.8949279785156,0.011900451730045836,467.81494140625,-0.12594726720489313,0.0057725821377463404,0.22015679634738533,0.24574165598909148,414.80089050292975,419.33196884155274
2026-07-20,408.5499877929688,409.5,406.1000061035156,408.1499938964844,407.5966491699219,5382967,407.5966491699219,0.004617767860735755,467.81494140625,-0.12872246460387127,-0.0031750914960284593,0.21763868980694545,0.24458012954047656,414.3255352783204,419.3813787841797
2026-07-21,408.1499938964844,410.9500122070313,406.5,410.0499877929688,409.49407958984375,5242231,409.49407958984375,0.016252555721468553,467.81494140625,-0.12466652228142594,0.00465516687584655,0.21802659490377113,0.24272050838555337,414.1967102050782,419.4203877258301
2026-07-22,410.0499877929688,410.5499877929688,406.0,406.75,406.1985778808594,6665967,406.1985778808594,0.01293728498898239,467.81494140625,-0.13171097814912036,-0.008047739572413892,0.21771230011477136,0.24300539687559888,413.7672937011719,419.4302404785156
2026-07-23,405.5499877929688,406.9500122070313,400.6000061035156,405.3500061035156,404.8004760742188,9947413,404.8004760742188,0.033616351466130734,467.81494140625,-0.13469955692866487,-0.0034419170395290077,0.213458570613851,0.23764845750794028,413.29793090820317,419.4025245666504
2026-07-24,404.2000122070313,406.1000061035156,401.0,405.0,404.450927734375,6176660,404.450927734375,0.01929665478401632,467.81494140625,-0.1354467505492728,-0.0008635077291255788,0.21131383723936378,0.23478304833114147,412.9254364013673,419.37007766723633
2026-07-27,408.0,408.4500122070313,404.6000061035156,407.1499938964844,406.5980224609375,9683515,406.5980224609375,0.016700301284576113,467.81494140625,-0.13085712645537717,0.005308665599037976,0.210728297029926,0.23162382263612039,412.53696350097664,419.3630339050293
2026-07-28,406.1499938964844,406.1499938964844,388.0,389.0,388.4726257324219,35317783,388.4726257324219,-0.02158347423475515,467.81494140625,-0.16960192728202617,-0.0445781723649602,0.2468493122985308,0.2425255095344988,411.85888366699226,419.29842727661133
2026-07-29,390.8999938964844,390.9500122070313,382.2000122070313,387.5499877929688,387.0245971679688,32630643,387.0245971679688,-0.020457586551327567,467.81494140625,-0.17269722936900156,-0.0037274918965601866,0.2279522991916788,0.23874655776020232,411.34458190917974,419.19823974609375
2026-07-30,386.0,387.5,382.7000122070313,384.8999938964844,384.378173828125,16521484,384.378173828125,-0.01964751749920035,467.81494140625,-0.178354217005798,-0.006837868598556396,0.21711504984621147,0.2383679339616578,410.63554443359385,419.0641860961914
2026-07-31,385.0,390.6000061035156,385.0,387.8500061035156,387.3241882324219,17114563,387.3241882324219,0.002966580764371063,467.81494140625,-0.17205682429012037,0.007664364432966364,0.21949557155629693,0.2249258453335212,410.06232299804697,418.96524795532224
2026-08-03,390.0,392.25,388.0,392.1499938964844,391.6183471679688,9389415,391.6183471679688,0.016698187554870625,467.81494140625,-0.16287764133662452,0.01108673061484633,0.219668367605258,0.22255772384098993,409.46912780761727,418.9225849914551
2026-08-04,390.2000122070313,394.1000061035156,389.25,391.5,390.96923828125,10632551,390.96923828125,0.01960875448411925,467.81494140625,-0.16426517480181824,-0.0016575037697107442,0.20800632548445047,0.2225430934067063,408.8979028320313,418.84833572387697
2026-08-05,392.25,392.7000122070313,385.2000122070313,390.0,389.4712829589844,13854251,389.4712829589844,0.024716553215153647,467.81494140625,-0.16746720019622474,-0.0038313892132557648,0.20434810427352643,0.2198943195413629,408.31669189453135,418.7482002258301
2026-08-06,389.6499938964844,400.8999938964844,388.6499938964844,399.2000122070313,398.6588134765625,17574744,398.6588134765625,0.06529566420062372,467.81494140625,-0.14782795889717515,0.023589750822644584,0.2130077099576625,0.22285298105461407,407.9192315673829,418.68903030395506
2026-08-07,401.0,403.0,398.3500061035156,401.0,400.4563598632813,10798068,400.4563598632813,0.03617341432268306,467.81494140625,-0.14398552842388712,0.004508984439709263,0.2135134335603522,0.20960804342763104,407.72449584960947,418.62045150756836
2026-08-10,402.0,405.6499938964844,399.25,404.3500061035156,403.80181884765625,7836426,403.80181884765625,0.052666340699522474,467.81494140625,-0.1368342840144664,0.008354116252560218,0.21250907084203569,0.20976278994599398,407.66757263183604,418.5626333618164
2026-08-11,405.25,406.7999877929688,401.3999938964844,405.8500061035156,405.2998046875,6803132,405.2998046875,0.04830211364371162,467.81494140625,-0.13363219338576426,0.003709705528614604,0.21284479164156758,0.20862815690867118,407.62762695312506,418.50758178710936
2026-08-12,406.0,406.25,399.2999877929688,405.7000122070313,405.1499938964844,13125672,405.1499938964844,0.053184573284672076,467.81494140625,-0.13395242854235268,-0.00036962956626918064,0.21018092595754448,0.20860071727096827,407.6096514892579,418.4348762512207
2026-08-13,405.7000122070313,412.0,402.8999938964844,410.5,410.5,13819369,410.5,0.07583173173437352,467.81494140625,-0.12251626943329663,0.013205001071485922,0.21391418559629485,0.2087479238253318,407.6327655029298,418.4232279968262
2026-08-14,410.4500122070313,412.5,408.25,410.7999877929688,410.7999877929688,7388147,410.7999877929688,0.0785810648447769,467.81494140625,-0.12187501630857378,0.0007307863409715676,0.21277062399209792,0.20703140139957904,407.6958331298829,418.42103485107424
2026-08-17,411.0,413.9500122070313,409.1000061035156,412.4500122070313,412.4500122070313,7410599,412.4500122070313,0.09302055501001782,467.81494140625,-0.11834792841971209,0.004016612617072646,0.2060331093258402,0.20686445233779513,407.69703002929697,418.45866424560546
2026-08-18,412.7000122070313,416.3500061035156,410.9500122070313,412.0,412.0,9120934,412.0,0.06796138623761361,467.81494140625,-0.11930987334109189,-0.00109107090244287,0.20164277253762594,0.20685299601472226,407.70720275878915,418.4806190490723
2026-08-19,412.0,412.75,406.3999938964844,409.2000122070313,409.2000122070313,10660149,409.2000122070313,0.06910868686598093,467.81494140625,-0.1252951199528224,-0.006796086876137641,0.18574224171130016,0.2056379933513674,407.7352746582032,418.40802673339846
2026-08-20,411.7999877929688,412.2000122070313,406.2999877929688,409.3999938964844,409.3999938964844,6984638,409.3999938964844,0.07634252984745782,467.81494140625,-0.12486763961443925,0.0004887137915134954,0.1854150167579455,0.203188016047875,407.8881829833985,418.35532806396486
2026-08-21,413.4500122070313,415.9500122070313,408.6499938964844,414.0,414.0,13688811,414.0,0.09545291760454622,467.81494140625,-0.11503467855148553,0.011235970132131179,0.1776829499410987,0.20230637621943262,408.0492047119141,418.36117980957033
2026-08-24,414.2999877929688,414.6000061035156,405.5499877929688,409.0,409.0,9480784,409.0,0.1060878975171331,467.81494140625,-0.12572266552550138,-0.012077294685990392,0.1789147901633981,0.2024299404087585,408.0493096923829,418.3736039733887
2026-08-25,407.0,413.25,405.9500122070313,413.25,413.25,9410099,413.25,0.11056293914651483,467.81494140625,-0.11663787659758784,0.010391198044009675,0.18135424088793925,0.20229871869419602,408.1743603515626,418.38018051147463
2026-08-26,411.75,412.2999877929688,406.8999938964844,406.8999938964844,406.8999938964844,7631016,406.8999938964844,0.09160187037729295,467.81494140625,-0.13021163310144712,-0.015366015979469183,0.1868852411916452,0.20355768667552898,407.92674377441404,418.34207946777343
2026-08-27,410.7999877929688,412.8999938964844,408.0,411.0,411.0,9156009,411.0,0.11089923077208597,467.81494140625,-0.12144747073589501,0.010076200946217417,0.18710822655827056,0.20430467664931068,407.58636474609375,418.27252059936524
2026-08-28,410.8500061035156,411.8999938964844,407.25,411.8999938964844,411.8999938964844,8024554,411.8999938964844,0.1321991885024707,467.81494140625,-0.11952364612743127,0.0021897661714949113,0.1865066214828585,0.20346622572937328,407.2979400634766,418.2201403808594
