Date,Open,High,Low,Close,Adj Close,Volume,Price,rolling_1y_return,running_max,drawdown,daily_return,rolling_volatility_30d,rolling_volatility_90d,sma50,sma200
2023-08-28,874.0499877929688,875.75,865.8499755859375,870.3499755859375,847.6824951171875,3094455,847.6824951171875,,847.6824951171875,0.0,,,,,
2023-08-29,870.0,870.0,848.5,855.2000122070312,832.9271240234375,14064286,832.9271240234375,,847.6824951171875,-0.017406719117999625,-0.017406719117999625,,,,
2023-08-30,859.8499755859375,862.5999755859375,856.4500122070312,857.75,835.4107055664062,3261665,835.4107055664062,,847.6824951171875,-0.014476870315795254,0.002981751309732772,,,,
2023-08-31,855.5,859.5,847.0499877929688,856.4000244140625,834.0958862304688,12528190,834.0958862304688,,847.6824951171875,-0.016027945563321433,-0.0015738598119185987,,,,
2023-09-01,853.1500244140625,867.5499877929688,852.75,865.9500122070312,843.3971557617188,4427899,843.3971557617188,,847.6824951171875,-0.00505535902906229,0.011151319272518334,,,,
2023-09-04,865.75,869.4500122070312,859.7000122070312,865.2999877929688,842.76416015625,3102649,842.76416015625,,847.6824951171875,-0.005802095701242016,-0.0007505308752162598,,,,
2023-09-05,863.0999755859375,867.7999877929688,858.4000244140625,865.9000244140625,843.3484497070312,2216754,843.3484497070312,,847.6824951171875,-0.005112816927471231,0.0006933013746965866,,,,
2023-09-06,867.1500244140625,882.4000244140625,865.7999877929688,880.2999877929688,857.3734130859375,4235096,857.3734130859375,,857.3734130859375,0.0,0.016630093271385427,,,,
2023-09-07,880.2999877929688,883.7000122070312,873.1500244140625,875.2999877929688,852.5036010742188,4532834,852.5036010742188,,857.3734130859375,-0.005679919551261681,-0.005679919551261681,,,,
2023-09-08,881.7999877929688,890.6500244140625,878.1500244140625,885.8499755859375,862.7788696289062,3741470,862.7788696289062,,862.7788696289062,0.0,0.012053050030216728,,,,
2023-09-11,888.0,892.2999877929688,883.5999755859375,890.7999877929688,867.5999755859375,2733894,867.5999755859375,,867.5999755859375,0.0,0.005587881352616897,,,,
2023-09-12,894.9000244140625,896.5,885.0,890.4000244140625,867.2103881835938,4106031,867.2103881835938,,867.5999755859375,-0.00044904035650839,-0.00044904035650839,,,,
2023-09-13,888.0499877929688,918.0,885.5499877929688,915.1500244140624,891.3158569335938,5222561,891.3158569335938,,891.3158569335938,0.0,0.027796563646441008,,,,
2023-09-14,920.2999877929688,920.5999755859376,910.0999755859376,914.9500122070312,891.1209716796875,5513106,891.1209716796875,,891.3158569335938,-0.00021864892494649624,-0.00021864892494649624,,,,
2023-09-15,912.5999755859376,948.7000122070312,910.0,936.1500244140624,911.7688598632812,14003428,911.7688598632812,,911.7688598632812,0.0,0.023170690444726194,,,,
2023-09-18,929.4000244140624,935.7999877929688,918.0,920.2000122070312,896.2342529296875,2977375,896.2342529296875,,911.7688598632812,-0.017037878367466064,-0.017037878367466064,,,,
2023-09-20,911.0,919.2999877929688,904.7999877929688,910.7000122070312,886.981689453125,5241903,886.981689453125,,911.7688598632812,-0.027185804978986705,-0.010323822646051473,,,,
2023-09-21,910.2000122070312,920.1500244140624,903.3499755859376,917.9500122070312,894.0429077148438,4896202,894.0429077148438,,911.7688598632812,-0.01944127829842257,0.00796095155704113,,,,
2023-09-22,917.9500122070312,922.3499755859376,903.7999877929688,911.4000244140624,887.6634521484375,6112928,887.6634521484375,,911.7688598632812,-0.02643806865531506,-0.0071355138677986485,,,,
2023-09-25,912.0,913.3499755859376,902.0499877929688,910.4000244140624,886.6895751953125,5278045,886.6895751953125,,911.7688598632812,-0.027506186898869744,-0.0010971240854491526,,,,
2023-09-26,910.0,920.9500122070312,908.0,912.7000122070312,888.9295654296875,5355047,888.9295654296875,,911.7688598632812,-0.02504943460891884,0.0025262395059528764,,,,
2023-09-27,914.9500122070312,921.0499877929688,907.4500122070312,920.25,896.282958984375,4713145,896.282958984375,,911.7688598632812,-0.01698445906699242,0.008272189204476588,,,,
2023-09-28,926.0,932.0,918.5999755859376,925.6500244140624,901.5423583984376,7386917,901.5423583984376,,911.7688598632812,-0.011216111796554573,0.005868012284895308,,,,
2023-09-29,932.0,936.4000244140624,921.7999877929688,926.4000244140624,902.2728271484376,5608557,902.2728271484376,,911.7688598632812,-0.010414956172409284,0.0008102434047554397,,,,
2023-10-03,918.25,928.25,916.0499877929688,925.2999877929688,901.2014770507812,4338272,901.2014770507812,,911.7688598632812,-0.011589979958390506,-0.0011873904050089257,,,,
2023-10-04,918.2999877929688,925.9500122070312,918.2999877929688,924.25,900.1787719726562,5603669,900.1787719726562,,911.7688598632812,-0.012711651385377332,-0.001134824014571989,,,,
2023-10-05,925.0499877929688,929.5999755859376,919.4000244140624,928.8499755859376,904.6589965820312,7063132,904.6589965820312,,911.7688598632812,-0.00779787903955842,0.004977038727048688,,,,
2023-10-06,929.2000122070312,929.2000122070312,924.2999877929688,926.0499877929688,901.931884765625,2420855,901.931884765625,,911.7688598632812,-0.010788891275724577,-0.003014519091403267,,,,
2023-10-09,918.0,928.0499877929688,916.5499877929688,924.5499877929688,900.470947265625,2248103,900.470947265625,,911.7688598632812,-0.012391202524015044,-0.0016197869536230813,,,,
2023-10-10,924.5499877929688,954.0499877929688,921.0499877929688,948.3499755859376,923.651123046875,7897875,923.651123046875,,923.651123046875,0.0,0.0257422805828873,,,,
2023-10-11,948.5,956.7999877929688,948.0,955.5999755859376,930.7122802734376,5645289,930.7122802734376,,930.7122802734376,0.0,0.007644831528239582,0.16972594440490635,,,
2023-10-12,955.5999755859376,956.7999877929688,947.0,950.3499755859376,925.5990600585938,5544735,925.5990600585938,,930.7122802734376,-0.005493878530690055,-0.005493878530690055,0.16043036788058707,,,
2023-10-13,946.2999877929688,955.9500122070312,946.2999877929688,954.2000122070312,929.3488159179688,4421671,929.3488159179688,,930.7122802734376,-0.001464968695876978,0.004051166451203736,0.16042613809835424,,,
2023-10-16,957.9500122070312,958.75,943.8499755859376,946.5499877929688,921.89794921875,1881721,921.89794921875,,930.7122802734376,-0.009470521923378938,-0.008017298318564237,0.1632957313970999,,,
2023-10-17,946.5499877929688,960.25,946.0,953.6500244140624,928.8131713867188,3863410,928.8131713867188,,930.7122802734376,-0.002040489770008147,0.007501071212739907,0.16212714577899276,,,
2023-10-18,953.0,958.9000244140624,950.6500244140624,952.8499755859376,928.033935546875,2334392,928.033935546875,,930.7122802734376,-0.0028777365286033474,-0.0008389586451280628,0.1621464066557857,,,
2023-10-19,945.7999877929688,951.2999877929688,941.3499755859376,942.9500122070312,918.3917846679688,4306963,918.3917846679688,,930.7122802734376,-0.013237706073727984,-0.01038986885024229,0.16679088351578047,,,
2023-10-20,937.7999877929688,947.5,937.0,945.2000122070312,920.5831298828124,3125104,920.5831298828124,,930.7122802734376,-0.010883224177131723,0.002386067962961924,0.16162985450689854,,,
2023-10-23,941.5999755859376,949.0999755859376,937.0,939.2999877929688,914.8368530273438,2180066,914.8368530273438,,930.7122802734376,-0.017057287824148837,-0.006241996696376706,0.1618827464895982,,,
2023-10-25,924.5999755859376,939.6500244140624,919.0,922.5999755859376,898.5717163085938,6365249,898.5717163085938,,930.7122802734376,-0.03453329739605582,-0.017779275796472316,0.1693503294005369,,,
2023-10-26,921.6500244140624,924.5999755859376,900.0499877929688,905.5,881.9171752929688,6595332,881.9171752929688,,930.7122802734376,-0.05242770082085213,-0.018534459424166205,0.1783707125853468,,,
2023-10-27,910.75,918.4000244140624,906.4500122070312,914.5999755859376,890.7800903320312,3508393,890.7800903320312,,930.7122802734376,-0.042904978034322805,0.01004960022024548,0.18041449535186044,,,
2023-10-30,914.7999877929688,931.9500122070312,910.3499755859376,926.25,902.1266479492188,3686768,902.1266479492188,,930.7122802734376,-0.030713715645634965,0.012737776405575163,0.16561961187953378,,,
2023-10-31,920.2999877929688,923.5499877929688,912.4000244140624,914.4000244140624,890.5853271484375,5697563,890.5853271484375,,930.7122802734376,-0.04311424053974133,-0.01279345957357303,0.1700153195981315,,,
2023-11-01,903.0,914.5499877929688,895.4500122070312,913.4500122070312,889.6600952148438,4821458,889.6600952148438,,930.7122802734376,-0.04410835220368314,-0.0010389031857915842,0.1552235470450747,,,
2023-11-02,920.0,925.9500122070312,916.4000244140624,923.8499755859376,899.7891845703125,6611573,899.7891845703125,,930.7122802734376,-0.03322519360552556,0.011385347516370992,0.15114709696306233,,,
2023-11-03,925.0,933.7000122070312,922.2000122070312,930.75,906.509521484375,3895154,906.509521484375,,930.7122802734376,-0.0260045551155208,0.007468790500378963,0.1491911099957133,,,
2023-11-06,934.2000122070312,940.7000122070312,930.0,939.2000122070312,914.7394409179688,2760800,914.7394409179688,,930.7122802734376,-0.01716195186634495,0.009078690558172564,0.14969366356882585,,,
2023-11-07,936.0499877929688,938.9500122070312,932.4500122070312,937.1500244140624,912.7428588867188,3616946,912.7428588867188,,930.7122802734376,-0.019307171257522793,-0.002182678413042316,0.14809005088490315,,,
2023-11-08,941.7999877929688,941.7999877929688,934.4000244140624,936.75,912.353271484375,1808553,912.353271484375,,930.7122802734376,-0.019725761847333545,-0.0004268314986533017,0.14802142843075383,,891.4404602050781,
2023-11-09,936.75,937.2999877929688,930.5499877929688,932.3499755859376,908.0678100585938,3914416,908.0678100585938,,930.7122802734376,-0.024330258335251598,-0.004697151377348496,0.14884964821332852,,892.6481665039063,
2023-11-10,929.0,937.0,929.0,935.5,911.1358642578124,1345614,911.1358642578124,,930.7122802734376,-0.021033800058890106,0.0033786619955404884,0.1473698347162146,,894.2123413085938,
2023-11-13,938.0,940.2999877929688,933.7999877929688,935.0,910.6488037109376,1656368,910.6488037109376,,930.7122802734376,-0.021557120269870556,-0.0005345641259237865,0.14654306178816962,,895.7171032714843,
2023-11-15,948.0,952.7000122070312,936.2000122070312,950.0,925.2581176757812,4816316,925.2581176757812,,930.7122802734376,-0.005860202678376614,0.016042753150621758,0.15342366998026796,,897.5403479003907,
2023-11-16,949.0,953.9000244140624,943.25,949.5499877929688,924.8198852539062,5310736,924.8198852539062,,930.7122802734376,-0.0063310597103115596,-0.0004736326150542869,0.15335386469154488,,899.1688024902344,
2023-11-17,948.7999877929688,954.0,946.0,947.2999877929688,922.6285400390624,3249469,922.6285400390624,,930.7122802734376,-0.008685541606908043,-0.0023694832364490326,0.15353840189327836,,900.7660900878906,
2023-11-20,949.0,964.2999877929688,941.9500122070312,961.4000244140624,936.3612670898438,4646962,936.3612670898438,,936.3612670898438,0.0,0.014884351019750497,0.15844964480047638,,902.6263464355469,
2023-11-21,967.0,976.3499755859376,961.0,970.8499755859376,945.5651245117188,5704644,945.5651245117188,,945.5651245117188,0.0,0.009829387166429893,0.15984979119131332,,904.3901806640625,
2023-11-22,974.2999877929688,976.2999877929688,965.9500122070312,969.75,944.4937744140624,3309732,944.4937744140624,,945.5651245117188,-0.0011330262399531499,-0.0011330262399531499,0.15977013778427426,,906.2299841308594,
2023-11-23,970.0,981.0,963.7000122070312,976.6500244140624,951.2141723632812,2749555,951.2141723632812,,951.2141723632812,0.0,0.007115343828907772,0.1436624344733004,,907.9986901855468,
2023-11-24,975.0,977.1500244140624,971.0,973.1500244140624,947.8052978515624,2322104,947.8052978515624,,951.2141723632812,-0.003583708706998756,-0.003583708706998756,0.14284685681322384,,909.6027966308594,
2023-11-28,974.0499877929688,988.0,971.2000122070312,984.9000244140624,959.249267578125,5096984,959.249267578125,,959.249267578125,0.0,0.012074177842752443,0.14533802547403582,,911.44357421875,
2023-11-29,995.9000244140624,1007.0999755859376,990.9500122070312,995.4000244140624,969.4757690429688,5647918,969.4757690429688,,969.4757690429688,0.0,0.010660942687674035,0.14769571393941583,,913.0067724609376,
2023-11-30,995.0,1018.2000122070312,992.7000122070312,1014.7000122070312,988.2731323242188,9934052,988.2731323242188,,988.2731323242188,0.0,0.01938920381662146,0.1536657209380736,,914.9498156738281,
2023-12-01,1015.0,1022.5499877929688,1008.2000122070312,1014.7000122070312,988.2731323242188,5544950,988.2731323242188,,988.2731323242188,0.0,0.0,0.15302383606281467,,916.4799011230468,
2023-12-04,1036.0,1044.0,1025.199951171875,1032.9000244140625,1005.9991455078124,5164902,1005.9991455078124,,1005.9991455078124,0.0,0.017936350391217992,0.15941572162294398,,918.6751989746094,
2023-12-05,1038.800048828125,1045.949951171875,1022.0999755859376,1031.0999755859375,1004.2459106445312,4266159,1004.2459106445312,,1005.9991455078124,-0.0017427796744261537,-0.0017427796744261537,0.15513898102536539,,921.0204833984375,
2023-12-06,1029.0999755859375,1035.0,1013.4500122070312,1024.449951171875,997.7691040039062,4121251,997.7691040039062,,1005.9991455078124,-0.008180962718165818,-0.006449422966998353,0.1575520915853379,,923.0950073242187,
2023-12-07,1015.0,1019.7000122070312,998.0,1000.0,973.9559326171876,13805235,973.9559326171876,,1005.9991455078124,-0.03185212734395504,-0.023866414876106856,0.1737283130542777,,924.8208569335937,
2023-12-08,998.7000122070312,1004.0,991.2999877929688,1000.25,974.199462890625,6630766,974.199462890625,,1005.9991455078124,-0.03161004933173717,0.0002500423944058472,0.16330399634303783,,926.5710546875,
2023-12-11,996.0999755859376,1004.5999755859376,992.0499877929688,1000.8499755859376,974.7838134765624,6195119,974.7838134765624,,1005.9991455078124,-0.03102918344477623,0.0005998264300037803,0.15055285368629495,,928.2881396484376,
2023-12-12,999.25,1000.8499755859376,987.0,995.25,969.3296508789062,7119331,969.3296508789062,,1005.9991455078124,-0.03645082085074336,-0.005595253554943502,0.15136191676196864,,929.7490734863281,
2023-12-13,993.2000122070312,1002.0,991.5,999.9000244140624,973.858642578125,4153219,973.858642578125,,1005.9991455078124,-0.03194883720648034,0.004672292542699186,0.1485696746148015,,931.1953991699219,
2023-12-14,1006.0,1011.2000122070312,999.1500244140624,1005.2000122070312,979.0205688476562,6541673,979.0205688476562,,1005.9991455078124,-0.026817693415174593,0.005300488226777977,0.14136360778152499,,932.7303540039062,
2023-12-15,999.6500244140624,1010.8499755859376,988.25,992.5499877929688,966.7000122070312,10119597,966.7000122070312,,1005.9991455078124,-0.03906477801324926,-0.012584573841106117,0.14816811144078196,,934.0403247070312,
2023-12-18,995.0,998.7999877929688,982.1500244140624,990.25,964.4598999023438,5750263,964.4598999023438,,1005.9991455078124,-0.04129153169856847,-0.0023172776211859425,0.14659415663311828,,935.325947265625,
2023-12-19,995.4500122070312,997.9500122070312,985.9000244140624,988.4500122070312,962.706787109375,3912964,962.706787109375,,1005.9991455078124,-0.0430341900306328,-0.001817714550025662,0.14625090217936126,,936.4869030761719,
2023-12-20,992.9000244140624,993.6500244140624,969.0,971.5499877929688,946.2469482421876,3990591,946.2469482421876,,1005.9991455078124,-0.059395872782240566,-0.017097458008590305,0.15474647864358998,,937.3732043457031,
2023-12-21,968.0,981.5499877929688,960.0,977.9000244140624,952.4315795898438,4294277,952.4315795898438,,1005.9991455078124,-0.053248122681981536,0.006535959095186561,0.1551649677729411,,938.4124169921874,
2023-12-22,981.9000244140624,998.9500122070312,975.5499877929688,989.5499877929688,963.778076171875,4605120,963.778076171875,,1005.9991455078124,-0.041969289461597725,0.011913188123096052,0.15795361423955867,,939.2149560546875,
2023-12-26,995.0,1002.5,989.6500244140624,999.8499755859376,973.809814453125,2460643,973.809814453125,,1005.9991455078124,-0.031997374151285896,0.010408763728156245,0.15855637053262692,,940.0769067382812,
2023-12-27,1000.0,1024.050048828125,998.0,1021.2000122070312,994.6038208007812,4791379,994.6038208007812,,1005.9991455078124,-0.011327370165189365,0.02135325197901583,0.16782650845970656,,941.457001953125,
2023-12-28,1023.9000244140624,1041.949951171875,1022.2000122070312,1036.699951171875,1009.7001342773438,5288328,1009.7001342773438,,1009.7001342773438,0.0,0.015178217860060128,0.1711136135498466,,943.0640283203124,
2023-12-29,1033.1500244140625,1043.25,1024.4000244140625,1032.199951171875,1005.3173217773438,4631749,1005.3173217773438,,1009.7001342773438,-0.0043407070586722885,-0.0043407070586722885,0.1683092805276589,,944.7324157714844,
2024-01-01,1031.949951171875,1031.949951171875,1007.0,1013.0499877929688,986.6661376953124,3804406,986.6661376953124,,1009.7001342773438,-0.022812710229574318,-0.01855253428743986,0.1791919268722954,,945.8894750976563,
2024-01-02,1017.4000244140624,1025.449951171875,1016.0,1021.7000122070312,995.0907592773438,6865791,995.0907592773438,,1009.7001342773438,-0.014469023528907554,0.008538472397269015,0.17955178104396535,,947.2306115722656,
2024-01-03,1031.949951171875,1037.0,1021.3499755859376,1035.199951171875,1008.2391357421876,3604276,1008.2391357421876,,1009.7001342773438,-0.0014469628016854363,0.013213243457704804,0.17861999519779984,,949.02755859375,
2024-01-04,1035.25,1058.800048828125,1027.550048828125,1047.9000244140625,1020.6085205078124,4664043,1020.6085205078124,,1020.6085205078124,0.0,0.012268304539199804,0.179623166828707,,951.02806640625,
2024-01-05,1053.800048828125,1063.6500244140625,1038.949951171875,1046.5999755859375,1019.3422241210938,4008221,1019.3422241210938,,1020.6085205078124,-0.0012407268421475992,-0.0012407268421475992,0.17964294377633497,,953.118173828125,
2024-01-08,1050.0,1059.0,1045.25,1049.050048828125,1021.7285766601562,4489695,1021.7285766601562,,1021.7285766601562,0.0,0.0023410710187348194,0.17913404773661618,,955.5813110351562,
2024-01-09,1057.0,1067.9000244140625,1048.050048828125,1064.5,1036.776123046875,3371125,1036.776123046875,,1036.776123046875,0.0,0.01472753794937054,0.1816204131212255,0.16471146519250954,958.6784899902344,
2024-01-10,1066.949951171875,1073.300048828125,1055.300048828125,1062.699951171875,1035.02294921875,3111573,1035.02294921875,,1036.776123046875,-0.0016909859217945078,-0.0016909859217945078,0.1800577792894,0.16145650949704168,961.5633471679688,
2024-01-11,1065.75,1073.9000244140625,1057.3499755859375,1062.8499755859375,1035.1690673828125,2604325,1035.1690673828125,,1036.776123046875,-0.0015500508049314243,0.00014117383983891507,0.1785401603773217,0.16150085937315203,964.2241955566407,
2024-01-12,1058.0999755859375,1078.550048828125,1051.5999755859375,1076.3499755859375,1048.3175048828125,3394013,1048.3175048828125,,1048.3175048828125,0.0,0.012701729518679317,0.17395448972882738,0.1622620588032891,967.3788391113281,
2024-01-15,1078.050048828125,1104.699951171875,1074.550048828125,1102.4000244140625,1073.6890869140625,3312897,1073.6890869140625,,1073.6890869140625,0.0,0.02420219247801847,0.1852787198963054,0.1656450176947047,971.0594189453125,
2024-01-16,1107.0,1117.0,1093.0,1095.9000244140625,1067.3583984375,5025540,1067.3583984375,,1073.6890869140625,-0.005896202684482765,-0.005896202684482765,0.18122793990561178,0.1661749511665285,974.4108032226562,
2024-01-17,1092.0,1108.949951171875,1078.800048828125,1085.25,1056.9857177734375,4568700,1056.9857177734375,,1073.6890869140625,-0.015556988838019148,-0.009718085958050238,0.18412482719758183,0.16743628503776387,977.4203271484375,
2024-01-18,1075.199951171875,1096.0,1075.199951171875,1087.050048828125,1058.7388916015625,4407330,1058.7388916015625,,1073.6890869140625,-0.013924138276816267,0.0016586542264904747,0.1824707801867052,0.16574137329442742,980.3003161621094,
2024-01-19,1091.0,1136.3499755859375,1089.800048828125,1125.0,1095.7005615234375,11753391,1095.7005615234375,,1095.7005615234375,0.0,0.03491103445341737,0.1893387529449615,0.17385671837876165,983.9594702148438,
2024-01-23,1145.0,1172.550048828125,1135.0,1158.0,1127.8409423828125,18194595,1127.8409423828125,,1127.8409423828125,0.0,0.029333179144024335,0.20262687841022792,0.17878107029975526,988.2692236328126,
2024-01-24,1140.0999755859375,1194.0,1140.0999755859375,1189.949951171875,1158.9588623046875,9546592,1158.9588623046875,,1158.9588623046875,0.0,0.027590698965167526,0.21242976122375584,0.1833991424836118,993.2870446777343,
2024-01-25,1186.0,1200.6500244140625,1157.050048828125,1160.550048828125,1130.3245849609375,11424697,1130.3245849609375,,1158.9588623046875,-0.024706897091073876,-0.024706897091073876,0.22804191815361705,0.1891989596881004,997.6708190917968,
2024-01-29,1158.0,1169.75,1158.0,1162.1500244140625,1131.8829345703125,4015858,1131.8829345703125,,1158.9588623046875,-0.023362285422738993,0.001378674435740912,0.2283120749250057,0.1845088535529098,1002.0955017089843,
2024-01-30,1162.1500244140625,1180.8499755859375,1154.550048828125,1158.6500244140625,1128.47412109375,3902023,1128.47412109375,,1158.9588623046875,-0.0263035576174947,-0.0030116307724495917,0.22952415207674817,0.18469411520582987,1006.1598217773437,
2024-01-31,1159.0,1175.050048828125,1146.199951171875,1170.699951171875,1140.210205078125,5981966,1140.210205078125,,1158.9588623046875,-0.016177155062500836,0.01039995846160835,0.22395465224349,0.18190024379149136,1010.4676281738281,
2024-02-01,1165.050048828125,1170.199951171875,1148.949951171875,1151.199951171875,1121.218017578125,3606209,1121.218017578125,,1158.9588623046875,-0.03256443861304248,-0.016656742252801227,0.23207612150100487,0.18178510313551535,1014.4394177246094,
2024-02-02,1155.0,1175.199951171875,1145.300048828125,1150.800048828125,1120.8284912109375,4969983,1120.8284912109375,,1158.9588623046875,-0.0329005388663447,-0.00034741358155199187,0.23173219547214946,0.1805459412481703,1018.1287622070313,
2024-02-05,1154.3499755859375,1159.6500244140625,1110.0,1113.550048828125,1084.548828125,7809331,1084.548828125,,1158.9588623046875,-0.06420420655114267,-0.0323686124776692,0.24813795816341805,0.18958358319399246,1020.9084362792969,
2024-02-06,1125.0,1156.0999755859375,1123.0,1134.050048828125,1104.514892578125,9863065,1104.514892578125,,1158.9588623046875,-0.04697661970356404,0.018409557905883167,0.2512779627719812,0.19082939386484263,1024.108858642578,
2024-02-07,1138.800048828125,1148.25,1131.800048828125,1134.300048828125,1104.75830078125,2770694,1104.75830078125,,1158.9588623046875,-0.046766596543086236,0.00022037566424915056,0.2507961586704939,0.1907717458290831,1027.1797412109374,
2024-02-08,1144.4000244140625,1146.5,1116.199951171875,1142.1500244140625,1112.40380859375,6519392,1112.40380859375,,1158.9588623046875,-0.04016972062179913,0.006920525337617667,0.25030724914610636,0.19091397227168183,1030.4717114257812,
2024-02-09,1145.949951171875,1145.949951171875,1116.25,1120.25,1091.07421875,4203171,1091.07421875,,1158.9588623046875,-0.058573816347280094,-0.019174322920301634,0.25421663951545725,0.19408905547659844,1033.1082104492189,
2024-02-12,1122.9000244140625,1129.0,1111.300048828125,1118.699951171875,1089.564453125,3887976,1089.564453125,,1158.9588623046875,-0.05987650764556984,-0.0013837423697259377,0.2519654239897362,0.19408682328584637,1035.5099841308593,
2024-02-13,1111.0,1125.0,1103.800048828125,1117.8499755859375,1088.7366943359375,3211554,1088.7366943359375,,1158.9588623046875,-0.06059073384978242,-0.0007597153033841453,0.2513134726199485,0.194135985513012,1037.5192553710938,
2024-02-14,1110.0,1121.1500244140625,1104.699951171875,1115.8499755859375,1086.7886962890625,4653070,1086.7886962890625,,1158.9588623046875,-0.062271551098982525,-0.001789227879439803,0.243523204710666,0.1941680065059862,1039.4895666503905,
2024-02-15,1122.300048828125,1131.449951171875,1109.4000244140625,1120.699951171875,1091.512451171875,5056712,1091.512451171875,,1158.9588623046875,-0.05819569039636974,0.004346525593192263,0.24304827465618364,0.19412154307768725,1041.1998327636718,
2024-02-16,1124.0,1127.050048828125,1116.8499755859375,1120.0,1090.8306884765625,3091952,1090.8306884765625,,1158.9588623046875,-0.0587839448353209,-0.0006246036814152589,0.24139801232800898,0.194122375067736,1042.9315283203125,
2024-02-19,1121.050048828125,1145.0,1118.3499755859375,1142.199951171875,1112.4525146484375,4711035,1112.4525146484375,,1158.9588623046875,-0.04012769492419099,0.019821431868653816,0.24495521729355366,0.19615069014991096,1045.2251965332032,
2024-02-20,1145.0,1151.5999755859375,1135.0,1143.949951171875,1114.156982421875,5397418,1114.156982421875,,1158.9588623046875,-0.03865700616303169,0.0015321712621381156,0.24467060652145756,0.19603826049438675,1048.0292175292968,
2024-02-21,1155.0,1159.1500244140625,1132.5999755859375,1139.9000244140625,1110.21240234375,4570259,1110.21240234375,,1158.9588623046875,-0.04206056103147704,-0.0035404167817990606,0.24541837174677525,0.19227191033580252,1050.7494763183595,
2024-02-22,1137.5999755859375,1138.75,1097.6500244140625,1135.550048828125,1105.975830078125,8642368,1105.975830078125,,1158.9588623046875,-0.04571605943044543,-0.0038160015657194846,0.2435218865388925,0.19229563626401303,1053.3733166503907,
2024-02-23,1127.0,1131.8499755859375,1115.300048828125,1125.75,1096.430908203125,6709844,1096.430908203125,,1158.9588623046875,-0.05395183223088729,-0.008630316879823408,0.2453263872310594,0.19271248999866966,1055.915341796875,
2024-02-26,1118.0999755859375,1125.9000244140625,1104.3499755859375,1110.050048828125,1081.1397705078125,3186134,1081.1397705078125,,1158.9588623046875,-0.06714568940102428,-0.013946284787221375,0.24963273740348102,0.19450336828804346,1058.0609643554687,
2024-02-27,1113.0,1131.0,1101.300048828125,1127.5,1098.13525390625,7149094,1098.13525390625,,1158.9588623046875,-0.05248124879729088,0.01571996874229753,0.25095221785537797,0.19518049336330826,1060.4432580566406,
2024-02-28,1133.4000244140625,1152.6500244140625,1123.5,1128.75,1099.352783203125,5302711,1099.352783203125,,1158.9588623046875,-0.05143071168465008,0.0011087243511616052,0.24168823781608126,0.1949652195775031,1063.0963134765625,
2024-02-29,1118.8499755859375,1137.949951171875,1099.0,1123.3499755859375,1094.0933837890625,13818650,1094.0933837890625,,1158.9588623046875,-0.05596874973338961,-0.004784087050508479,0.24143787986753198,0.19523654094269957,1065.688983154297,
2024-03-01,1128.0,1140.75,1117.4000244140625,1128.699951171875,1099.303955078125,5927490,1099.303955078125,,1158.9588623046875,-0.05147284270982122,0.004762455715632941,0.23952510095824772,0.1941781517263752,1068.420926513672,
2024-03-04,1132.0,1149.25,1132.0,1133.5,1103.9791259765625,5855090,1103.9791259765625,,1158.9588623046875,-0.04743890237725368,0.004252846427815538,0.23966560781918708,0.19421177572056106,1071.5755700683594,
2024-03-05,1133.050048828125,1179.75,1133.050048828125,1168.9000244140625,1138.4571533203125,5375008,1138.4571533203125,,1158.9588623046875,-0.017689764193705382,0.03123068772994353,0.23540753334535458,0.19970211681035005,1075.2960815429688,
2024-03-06,1173.949951171875,1196.5999755859375,1157.3499755859375,1193.699951171875,1162.6112060546875,5464839,1162.6112060546875,,1162.6112060546875,0.0,0.021216479394002397,0.2280950874710895,0.19914351658895696,1079.272744140625,
2024-03-07,1209.8499755859375,1213.5999755859375,1189.449951171875,1199.699951171875,1168.454833984375,8903981,1168.454833984375,,1168.454833984375,0.0,0.005026295892603505,0.21429109018169115,0.1958231663438799,1083.16564453125,
2024-03-11,1186.0,1218.300048828125,1186.0,1196.5999755859375,1165.4356689453125,6679208,1165.4356689453125,,1168.454833984375,-0.002583895372974987,-0.002583895372974987,0.20098256361627564,0.19571406161688143,1086.5822814941407,
2024-03-12,1200.0,1208.0,1197.800048828125,1204.25,1172.886474609375,4249548,1172.886474609375,,1172.886474609375,0.0,0.006393150529540037,0.2015680999218985,0.1951132790198411,1089.8460083007812,
2024-03-13,1212.0,1212.0,1151.699951171875,1168.75,1138.31103515625,7528096,1138.31103515625,,1172.886474609375,-0.029478930997682617,-0.029478930997682617,0.2201843304712799,0.20084959430556285,1092.5058825683593,
2024-03-14,1173.949951171875,1199.699951171875,1163.550048828125,1194.5999755859375,1163.48779296875,8569080,1163.48779296875,,1172.886474609375,-0.008013291860796024,0.022117643627204364,0.2273202364841013,0.2033157984097028,1096.0423156738282,
2024-03-15,1190.0,1222.800048828125,1187.8499755859375,1220.0,1188.226318359375,10115416,1188.226318359375,,1188.226318359375,0.0,0.0212623849946052,0.22861774164172613,0.20512372249401412,1099.9050268554688,
2024-03-18,1225.0,1230.550048828125,1215.199951171875,1225.300048828125,1193.3883056640625,4141080,1193.3883056640625,,1193.3883056640625,0.0,0.004344279557630726,0.22859689693077206,0.2050052029280942,1103.6080102539063,
2024-03-19,1216.199951171875,1240.4000244140625,1214.5999755859375,1228.3499755859375,1196.3587646484375,7703719,1196.3587646484375,,1196.3587646484375,0.0,0.0024890967761930227,0.20377734861205304,0.2047612780346751,1107.1230151367188,
2024-03-20,1228.25,1239.0,1223.6500244140625,1231.800048828125,1199.718994140625,6596032,1199.718994140625,,1199.718994140625,0.0,0.0028087139004451256,0.1987158775023436,0.20456906740990768,1110.7305505371094,
2024-03-21,1238.0,1242.9000244140625,1214.0999755859375,1220.800048828125,1189.0054931640625,9952250,1189.0054931640625,,1199.718994140625,-0.0089300086344275,-0.0089300086344275,0.20151225672013298,0.2054798005478051,1114.0760888671875,
2024-03-22,1226.949951171875,1245.0,1222.0,1236.0999755859375,1203.906982421875,7840007,1203.906982421875,,1203.906982421875,0.0,0.01253273373713193,0.20322391744080773,0.2056678288202022,1117.4187060546874,
2024-03-26,1225.0,1234.0,1210.0,1213.0999755859375,1181.505859375,10898138,1181.505859375,,1203.906982421875,-0.018607021450952277,-0.018607021450952277,0.20269885565925813,0.20888534594457236,1120.3483642578126,
2024-03-27,1210.550048828125,1228.25,1210.550048828125,1224.800048828125,1192.9013671875,5779169,1192.9013671875,,1203.906982421875,-0.00914158269290477,0.009644901649940252,0.20327031756371516,0.20909521076207538,1123.5030102539063,
2024-03-28,1226.949951171875,1238.5,1220.300048828125,1228.5999755859375,1196.602294921875,10518377,1196.602294921875,,1203.906982421875,-0.006067484952454794,0.003102459127111823,0.2029403353471107,0.20794349180631616,1126.4687060546876,
2024-04-01,1228.0,1231.9000244140625,1208.0,1217.3499755859375,1185.6451416015625,5461473,1185.6451416015625,,1203.906982421875,-0.015168813776273216,-0.009156888104604466,0.20563022386871538,0.20885348116773939,1128.7078271484374,
2024-04-02,1225.0,1227.75,1203.199951171875,1208.25,1176.7823486328125,3625577,1176.7823486328125,,1203.906982421875,-0.02253050624766406,-0.007475080576620274,0.2077941445247516,0.20938879217627393,1130.8963061523436,
2024-04-03,1195.0,1240.5999755859375,1189.449951171875,1225.699951171875,1193.7777099609375,9532291,1193.7777099609375,,1203.906982421875,-0.008413667009855352,0.014442229990847766,0.21033955303209304,0.20931779809718898,1133.6321459960936,
2024-04-04,1231.949951171875,1233.0,1201.300048828125,1206.8499755859375,1175.418701171875,7327626,1175.418701171875,,1203.906982421875,-0.023663191314573728,-0.015378917394649028,0.21075707181557163,0.21115886057767502,1135.9657421875,
2024-04-05,1205.9000244140625,1211.3499755859375,1188.949951171875,1191.0,1159.9815673828125,4227519,1159.9815673828125,,1203.906982421875,-0.03648572163831021,-0.013133306262416933,0.2152313552563814,0.21269395062353266,1137.2513623046875,
2024-04-08,1188.0,1210.550048828125,1183.0999755859375,1204.699951171875,1173.32470703125,4827733,1173.32470703125,,1203.906982421875,-0.025402523481592665,0.011502889376546532,0.2166221821086023,0.21309717531091626,1138.1610375976563,
2024-04-09,1214.949951171875,1214.949951171875,1198.300048828125,1204.449951171875,1173.081298828125,3372798,1173.081298828125,,1203.906982421875,-0.025604705383250326,-0.00020745169829494703,0.2160414527605604,0.21290248980501233,1138.443486328125,
2024-04-10,1213.25,1230.699951171875,1208.75,1229.4000244140625,1197.3814697265625,6442196,1197.3814697265625,,1203.906982421875,-0.005420279797850536,0.020714822512909015,0.22013187132325907,0.21449220938236277,1139.7846240234376,
2024-04-12,1226.0999755859375,1231.8499755859375,1219.550048828125,1225.550048828125,1193.6317138671875,7877073,1193.6317138671875,,1203.906982421875,-0.0085349355927955,-0.0031316301063447627,0.2150562584660611,0.21425824164107687,1141.019599609375,
2024-04-15,1210.5999755859375,1235.0,1210.3499755859375,1224.550048828125,1192.6578369140625,4281602,1192.6578369140625,,1203.906982421875,-0.009343865989698608,-0.00081589399964066,0.2121406316710679,0.21238221271636556,1142.3032739257812,
2024-04-16,1223.9000244140625,1233.949951171875,1212.050048828125,1216.449951171875,1184.7686767578125,5235632,1184.7686767578125,,1203.906982421875,-0.01589683085445881,-0.0066147724117276985,0.21386310352902113,0.21286227845805192,1143.194443359375,
2024-04-18,1220.0,1281.8499755859375,1215.800048828125,1265.75,1232.78466796875,19939924,1232.78466796875,,1232.78466796875,0.0,0.04052773520510011,0.2391255157310481,0.22082720117182936,1145.4257763671876,
2024-04-19,1280.0,1296.5,1253.3499755859375,1289.0,1255.4293212890625,13103862,1255.4293212890625,,1255.4293212890625,0.0,0.018368701289596556,0.2426805963001627,0.22232922017421552,1148.11779296875,
2024-04-22,1304.0,1305.4000244140625,1288.25,1297.550048828125,1263.7564697265625,7894656,1263.7564697265625,,1263.7564697265625,0.0,0.006632908994788966,0.24275339987967537,0.2219021034553904,1151.7019458007812,
2024-04-23,1310.0,1351.0,1302.0999755859375,1342.3499755859375,1307.3897705078125,12074766,1307.3897705078125,,1307.3897705078125,0.0,0.03452666856826525,0.2460575339763668,0.22359459339073365,1155.759443359375,
2024-04-24,1352.0,1354.0,1333.550048828125,1336.4000244140625,1301.5947265625,6277492,1301.5947265625,,1307.3897705078125,-0.004432529667921181,-0.004432529667921181,0.24233232359502674,0.2239169128624737,1159.696171875,
2024-04-25,1331.0,1343.800048828125,1324.3499755859375,1338.699951171875,1303.8348388671875,8512627,1303.8348388671875,,1307.3897705078125,-0.00271910620751159,0.0017210520747910074,0.24238615944755545,0.22388617107528808,1163.5247924804687,
2024-04-26,1338.0,1345.699951171875,1322.0,1326.0,1291.465576171875,5289771,1291.465576171875,,1307.3897705078125,-0.012180142980430575,-0.00948683247799953,0.24477321107962066,0.22441973941153176,1167.5326196289063,
2024-04-29,1324.5,1346.0,1320.0,1332.449951171875,1297.74755859375,3195888,1297.74755859375,,1307.3897705078125,-0.007375162427894266,0.004864227539456367,0.24465858151120962,0.22442331282393324,1171.6962817382812,
2024-04-30,1323.1500244140625,1334.800048828125,1319.949951171875,1322.300048828125,1287.862060546875,5272565,1287.862060546875,,1307.3897705078125,-0.014936410243865272,-0.007617427581668501,0.22659559399556153,0.2251360965854959,1175.6787890625,
2024-05-02,1315.25,1319.9000244140625,1293.5999755859375,1304.050048828125,1270.0872802734375,7995432,1270.0872802734375,,1307.3897705078125,-0.028532034650910587,-0.013801773355983205,0.22585597079708508,0.22538604287152975,1179.3447607421874,
2024-05-03,1306.0,1310.5,1258.1500244140625,1277.4000244140625,1244.13134765625,11290875,1244.13134765625,,1307.3897705078125,-0.04838528209303017,-0.020436337738615418,0.22890797355276485,0.22864320767507368,1182.397138671875,
2024-05-06,1275.0,1298.449951171875,1273.199951171875,1283.4000244140625,1249.97509765625,5555467,1249.97509765625,,1307.3897705078125,-0.04391549799969874,0.004697052293560988,0.22894655903173156,0.22851959104120273,1185.5800268554688,
2024-05-07,1286.3499755859375,1294.449951171875,1271.0,1286.1500244140625,1252.6534423828125,5767030,1252.6534423828125,,1307.3897705078125,-0.04186687808008427,0.002142718468219451,0.22893766283478947,0.22598042352151812,1188.3840454101562,
2024-05-08,1276.1500244140625,1299.4000244140625,1274.699951171875,1288.5999755859375,1255.0396728515625,2682816,1255.0396728515625,,1307.3897705078125,-0.04004169134344404,0.001904940654783971,0.22891233048781434,0.22592095653774077,1191.20169921875,
2024-05-09,1283.0,1295.300048828125,1270.050048828125,1275.449951171875,1242.232177734375,4809145,1242.232177734375,,1307.3897705078125,-0.049837924575568016,-0.010204852798069486,0.22945126473529381,0.22652804054109382,1193.8420947265624,
2024-05-10,1275.050048828125,1308.5,1271.75,1301.1500244140625,1267.2628173828125,5532513,1267.2628173828125,,1307.3897705078125,-0.030692417846755804,0.02014972731916287,0.23364005841243268,0.22802082785806785,1197.0678344726562,
2024-05-13,1301.1500244140625,1302.9000244140625,1281.4000244140625,1285.949951171875,1252.4586181640625,3703942,1252.4586181640625,,1307.3897705078125,-0.042015895781725265,-0.011682027607599177,0.22920015474270614,0.22720440542969883,1200.188388671875,
2024-05-14,1290.550048828125,1299.9000244140625,1280.699951171875,1284.300048828125,1250.851806640625,3262908,1250.851806640625,,1307.3897705078125,-0.043244918342314365,-0.001282925838933413,0.22823796329723275,0.22630540502734764,1203.5826293945313,
2024-05-15,1281.550048828125,1318.25,1280.5,1309.9000244140625,1275.784912109375,6891004,1275.784912109375,,1307.3897705078125,-0.024174013833810015,0.019932901192917463,0.23428117732507012,0.22787277285593274,1207.1356225585937,
2024-05-16,1328.0,1356.8499755859375,1321.300048828125,1345.0999755859375,1310.068115234375,11932181,1310.068115234375,,1310.068115234375,0.0,0.026872243745472923,0.2421857643289633,0.22852390896213048,1211.3499291992186,
2024-05-17,1353.5999755859375,1360.0,1339.25,1344.449951171875,1309.43505859375,6614017,1309.43505859375,,1310.068115234375,-0.00048322421808710825,-0.00048322421808710825,0.24028702603968013,0.2284321416442828,1215.6567626953124,
2024-05-21,1356.0,1362.75,1335.75,1344.300048828125,1309.2891845703125,5422220,1309.2891845703125,,1310.068115234375,-0.0005945726447385002,-0.0001114022589208119,0.23831494041664147,0.2278586023418876,1219.8564672851562,
2024-05-22,1342.1500244140625,1351.0,1329.550048828125,1347.9000244140625,1312.7952880859375,3026723,1312.7952880859375,,1312.7952880859375,0.0,0.0026778679278371964,0.2317438773858657,0.22731956902916745,1224.0327905273436,
2024-05-23,1350.75,1377.300048828125,1344.300048828125,1374.050048828125,1338.26416015625,7147341,1338.26416015625,,1338.26416015625,0.0,0.0194004901613003,0.23027315070542667,0.22887311086913,1228.0289306640625,
2024-05-24,1375.5,1397.75,1374.050048828125,1388.5,1352.337890625,5622368,1352.337890625,,1352.337890625,0.0,0.010516406915587417,0.23004415182408414,0.22920176835552356,1231.8234643554688,
2024-05-27,1396.0,1407.0,1378.0,1384.3499755859375,1348.2958984375,6553974,1348.2958984375,,1352.337890625,-0.0029888922106825477,-0.0029888922106825477,0.23071522888225102,0.22860010283642915,1235.4202856445313,
2024-05-28,1384.800048828125,1386.949951171875,1366.9000244140625,1371.050048828125,1335.34228515625,2068963,1335.34228515625,,1352.337890625,-0.01256757322749813,-0.009607396489347497,0.2292176041055558,0.22944480575320617,1238.81841796875,
2024-05-29,1355.5,1390.25,1355.5,1377.0999755859375,1341.2347412109375,4445083,1341.2347412109375,,1352.337890625,-0.008210336699899012,0.004412693374716392,0.2282929514558227,0.22940873324419797,1242.1853833007813,
2024-05-30,1378.800048828125,1386.449951171875,1363.5,1377.1500244140625,1341.283447265625,7100303,1341.283447265625,,1352.337890625,-0.008174320512653876,3.631434020534563e-05,0.2281502852335399,0.2288680895880315,1246.2448315429688,
2024-05-31,1380.0,1388.0,1338.0,1372.75,1336.998046875,24825643,1336.998046875,,1352.337890625,-0.011343203393428869,-0.003194999833451506,0.22697722788968708,0.22620488031731167,1249.7150366210938,
2024-06-03,1415.300048828125,1420.449951171875,1385.0,1391.0999755859375,1354.8702392578125,6017122,1354.8702392578125,,1354.8702392578125,0.0,0.013367403508618203,0.20133773563226912,0.2264672640753625,1253.0479150390624,
2024-06-04,1391.0999755859375,1397.0,1219.050048828125,1299.699951171875,1265.8505859375,19924421,1265.8505859375,,1354.8702392578125,-0.06570345317281212,-0.06570345317281212,0.27890759266439924,0.25301727246376915,1254.4971606445313,
2024-06-05,1325.6500244140625,1348.75,1279.8499755859375,1344.3499755859375,1309.337646484375,12175520,1309.337646484375,,1354.8702392578125,-0.03360660781683411,0.03435402331837456,0.2953543127552889,0.25869539105384903,1256.75673828125,
2024-06-06,1359.0,1376.25,1329.0,1370.5999755859375,1334.904052734375,10279789,1334.904052734375,,1354.8702392578125,-0.014736604248075325,0.01952621336341087,0.28368217903264537,0.25448352931375406,1259.460439453125,
2024-06-07,1370.5999755859375,1430.6500244140625,1363.1500244140625,1425.25,1388.130615234375,12280748,1388.130615234375,,1388.130615234375,0.0,0.03987294996293733,0.30478836769746015,0.2582343312157404,1263.4429418945313,
2024-06-10,1421.050048828125,1436.6500244140625,1421.050048828125,1426.050048828125,1388.909912109375,5318477,1388.909912109375,,1388.909912109375,0.0,0.000561400250413957,0.3048269720624351,0.2547176923661466,1267.1430004882814,
2024-06-11,1426.0,1434.5999755859375,1413.0,1427.25,1390.0787353515625,4416792,1390.0787353515625,,1390.0787353515625,0.0,0.0008415399962207193,0.3028228616545926,0.250647999832297,1271.3144580078124,
2024-06-12,1425.0,1447.8499755859375,1422.0999755859375,1438.4000244140625,1400.9383544921875,4876138,1400.9383544921875,,1400.9383544921875,0.0,0.007812233123527745,0.3031319152324178,0.2508031133041177,1275.4751977539063,
2024-06-13,1449.0,1455.949951171875,1420.449951171875,1425.75,1388.6177978515625,7990376,1388.6177978515625,,1400.9383544921875,-0.008794503056553826,-0.008794503056553826,0.30350010716545583,0.25134878167644403,1279.3155078125,
2024-06-14,1434.0,1434.0,1420.949951171875,1427.4000244140625,1390.224853515625,3978442,1390.224853515625,,1400.9383544921875,-0.007647375019899427,0.00115730596752317,0.2995058498471298,0.25099473754258483,1283.4071020507813,
2024-06-18,1444.0,1444.0,1418.0,1428.3499755859375,1391.1500244140625,8671131,1391.1500244140625,,1400.9383544921875,-0.006986981294885841,0.0006654829224912451,0.2911683174070019,0.248949995392002,1287.6944555664063,
2024-06-19,1433.949951171875,1434.800048828125,1388.300048828125,1392.3499755859375,1356.0875244140625,8640918,1356.0875244140625,,1400.9383544921875,-0.03201484914329622,-0.025203967497875013,0.3031045379401725,0.2531994152745104,1290.9406518554688,
2024-06-20,1405.949951171875,1406.949951171875,1376.25,1381.1500244140625,1345.1793212890625,8742855,1345.1793212890625,,1400.9383544921875,-0.03980120397470066,-0.008043878384408232,0.3047585212340309,0.24697896680874218,1294.3358642578125,
2024-06-21,1384.949951171875,1423.949951171875,1372.8499755859375,1416.050048828125,1379.17041015625,43929578,1379.17041015625,,1400.9383544921875,-0.01553811719561915,0.025268816082167023,0.311765324319319,0.2484908735372494,1298.7196411132813,
2024-06-24,1402.0,1423.800048828125,1389.3499755859375,1419.800048828125,1382.82275390625,6195831,1382.82275390625,,1400.9383544921875,-0.012931047628076398,0.0026482178874371876,0.3091282197609833,0.24845846906177815,1302.9096020507814,1080.195080871582
2024-06-25,1434.0,1434.0,1409.8499755859375,1414.949951171875,1378.098876953125,6353748,1378.098876953125,,1400.9383544921875,-0.016302985399626158,-0.003416111674313105,0.3058023308025532,0.2485537983836448,1307.0099536132811,1082.8471627807617
2024-06-26,1414.949951171875,1479.949951171875,1408.949951171875,1459.5,1421.48876953125,9579826,1421.48876953125,,1421.48876953125,0.0,0.03148532612845378,0.3133173705509413,0.2504909999291073,1311.492099609375,1085.7899710083009
2024-06-27,1464.0,1489.0,1440.050048828125,1475.800048828125,1437.3643798828125,19675528,1437.3643798828125,,1437.3643798828125,0.0,0.0111682981194412,0.3134264275645502,0.2507399472995748,1316.3667529296874,1088.7997393798828
2024-06-28,1536.25,1536.25,1436.6500244140625,1444.050048828125,1406.441162109375,29145832,1406.441162109375,,1437.3643798828125,-0.02151383337881152,-0.02151383337881152,0.3190457411503009,0.25405260486371245,1320.6424194335937,1091.6614657592772
2024-07-01,1450.0,1466.800048828125,1449.25,1454.0,1416.1319580078125,6011806,1416.1319580078125,,1437.3643798828125,-0.014771774069377686,0.006890295989277817,0.3114661923647103,0.2540067835294908,1325.2696850585937,1094.5251397705078
2024-07-02,1462.0,1473.4000244140625,1417.0,1418.949951171875,1381.994873046875,7792632,1381.994873046875,,1437.3643798828125,-0.03852155209276287,-0.02410586440613971,0.32100014609826977,0.25803267356318765,1328.2538891601562,1097.221293334961
2024-07-03,1427.949951171875,1432.4000244140625,1408.449951171875,1419.8499755859375,1382.871337890625,8261388,1382.871337890625,,1437.3643798828125,-0.037911779890239306,0.0006342026738621609,0.32096481567227353,0.25799456772898877,1330.8027294921876,1099.918907775879
2024-07-04,1418.0,1441.0999755859375,1411.5,1423.050048828125,1385.988037109375,9570938,1385.988037109375,,1437.3643798828125,-0.03574343673218494,0.0022537882833728595,0.3209596634561452,0.2563767051448437,1333.2473608398439,1102.5619808959962
2024-07-05,1422.5,1433.5999755859375,1416.8499755859375,1429.699951171875,1392.46484375,4881198,1392.46484375,,1437.3643798828125,-0.031237406993815386,0.004673060998515499,0.3168373487543599,0.2563943998977242,1334.9488623046875,1105.261787109375
2024-07-08,1431.0,1438.8499755859375,1423.1500244140625,1435.1500244140625,1397.7728271484375,3261797,1397.7728271484375,,1437.3643798828125,-0.02754454840296161,0.003811933509317633,0.3157770213678072,0.25619011111482093,1336.8724243164063,1107.9367568969726
2024-07-09,1436.0,1441.6500244140625,1428.1500244140625,1435.550048828125,1398.16259765625,2897480,1398.16259765625,,1437.3643798828125,-0.02727337811846886,0.00027885111245695704,0.31553367710040087,0.2559871450803442,1338.7589794921876,1110.5895700073243
2024-07-10,1441.0,1448.75,1426.1500244140625,1445.050048828125,1407.4150390625,3416762,1407.4150390625,,1437.3643798828125,-0.020836289836787425,0.006617571820158874,0.3141140946537279,0.2553406766198589,1341.07796875,1113.2905932617186
2024-07-11,1450.0,1450.8499755859375,1428.0,1437.949951171875,1400.4998779296875,4178558,1400.4998779296875,,1437.3643798828125,-0.025647290602909267,-0.0049133773200397135,0.3146400406080473,0.25409694094072316,1343.1330151367188,1115.8365133666991
2024-07-12,1442.0,1447.5999755859375,1421.449951171875,1433.25,1395.9224853515625,6342135,1395.9224853515625,,1437.3643798828125,-0.028831864147509156,-0.0032683991268115387,0.3149315524635391,0.2533925584559685,1345.2942236328124,1118.3605209350585
2024-07-15,1433.25,1440.0,1426.050048828125,1437.5999755859375,1400.1590576171875,3324806,1400.1590576171875,,1437.3643798828125,-0.025884405364670515,0.0030349624066396963,0.3146377782327839,0.25337674207037686,1347.8956591796875,1120.802471923828
2024-07-16,1452.0,1473.300048828125,1445.0,1466.5,1428.306396484375,6967651,1428.306396484375,,1437.3643798828125,-0.006301800382152223,0.020102958098981327,0.3173957314459481,0.25468156686919136,1351.57916015625,1123.4628326416016
2024-07-18,1466.0,1485.949951171875,1459.050048828125,1483.6500244140625,1445.009765625,6470342,1445.009765625,,1445.009765625,0.0,0.011694527996050752,0.2450484994070917,0.2550740138275861,1355.479853515625,1126.252973022461
2024-07-19,1480.0,1480.0,1451.949951171875,1461.75,1423.68017578125,3858596,1423.68017578125,,1445.009765625,-0.014760862072461078,-0.014760862072461078,0.2342223254474142,0.2568238962137844,1358.9003881835938,1128.901159362793
2024-07-22,1450.0,1472.0,1449.050048828125,1465.4000244140625,1427.235107421875,3560584,1427.235107421875,,1445.009765625,-0.012300718393717602,0.0024970015745806595,0.22885631982072038,0.2523293310246911,1362.344296875,1131.5990176391601
2024-07-23,1470.0,1470.0,1428.449951171875,1465.699951171875,1427.5272216796875,2936143,1427.5272216796875,,1445.009765625,-0.012098564564199221,0.00020467143520597197,0.19927866251279597,0.2503915754039082,1366.0501977539063,1134.3032058715821
2024-07-24,1466.0,1475.5999755859375,1436.550048828125,1455.199951171875,1417.3006591796875,4529339,1417.3006591796875,,1445.009765625,-0.019175722617575275,-0.007163830114543801,0.20068242820074178,0.25086091167511515,1369.0509545898437,1136.9450613403321
2024-07-25,1445.0,1454.0,1440.0999755859375,1449.1500244140625,1411.4083251953125,4277756,1411.4083251953125,,1445.009765625,-0.023253434841081555,-0.004157434025173878,0.2011853904355137,0.25096094319365553,1372.2299487304688,1139.5206881713866
2024-07-26,1450.25,1520.0,1449.1500244140625,1514.4000244140625,1474.958984375,9564987,1474.958984375,,1474.958984375,0.0,0.04502641655517614,0.23829138689038495,0.2608946834226944,1376.7120922851564,1142.3877713012696
2024-07-29,1525.0,1525.0,1477.050048828125,1481.3499755859375,1442.7696533203125,4589313,1442.7696533203125,,1474.958984375,-0.021823882152443352,-0.021823882152443352,0.24619843515080952,0.25852637718184535,1380.051787109375,1145.090255432129
2024-07-30,1484.4000244140625,1484.9000244140625,1464.050048828125,1470.3499755859375,1432.05615234375,4263689,1432.05615234375,,1474.958984375,-0.02908747462522132,-0.007425648960599496,0.2475225107170977,0.25698749094773055,1382.4915478515625,1147.7445288085937
2024-07-31,1477.8499755859375,1504.1500244140625,1473.1500244140625,1491.550048828125,1452.7041015625,5634305,1452.7041015625,,1474.958984375,-0.015088475712380811,0.014418393569942678,0.2505016268064015,0.25582068929492585,1385.3569287109376,1150.507155456543
2024-08-01,1485.0,1511.0,1485.0,1505.5,1466.290771484375,4531379,1466.290771484375,,1474.958984375,-0.005876917922770675,0.009352675405309041,0.23813047553715586,0.25606761993016325,1388.4969604492187,1153.3153143310547
2024-08-02,1494.0999755859375,1505.1500244140625,1483.5999755859375,1493.800048828125,1454.8955078125,3335905,1454.8955078125,,1474.958984375,-0.013602735245551001,-0.007771489730061698,0.23802481363046454,0.25663470612995953,1391.33896484375,1156.080132446289
2024-08-05,1482.0,1488.0,1451.5,1465.699951171875,1427.5272216796875,5111901,1427.5272216796875,,1474.958984375,-0.032158021475703125,-0.018811169589740495,0.2360228935140789,0.2590531836432346,1393.1242260742188,1158.7154138183594
2024-08-06,1483.0999755859375,1492.9000244140625,1431.0999755859375,1443.550048828125,1405.9542236328125,8249573,1405.9542236328125,,1474.958984375,-0.04678418957624619,-0.015112144776819991,0.24067925432009898,0.26000096596120537,1394.196552734375,1161.126929321289
2024-08-07,1452.0,1454.9000244140625,1422.5999755859375,1441.75,1412.0262451171875,5700734,1412.0262451171875,,1474.958984375,-0.04266745036607211,0.004318790315011478,0.24058402276491928,0.25942114950021283,1395.4711596679688,1163.533499145508
2024-08-08,1435.0,1466.5,1430.0,1451.800048828125,1421.869140625,5986360,1421.869140625,,1474.958984375,-0.03599411530246477,0.006970759602981547,0.22339882448442783,0.2572159205851751,1397.2016967773438,1166.01484954834
2024-08-09,1465.0,1482.0,1457.300048828125,1464.0999755859375,1433.91552734375,3615910,1433.91552734375,,1474.958984375,-0.0278268463503355,0.008472218978924362,0.2223728091784177,0.2571271501539639,1399.0553125,1168.5376831054687
2024-08-12,1466.0,1477.5,1445.0,1458.5999755859375,1428.5289306640625,4028226,1428.5289306640625,,1474.958984375,-0.031478877855448895,-0.003756564858228395,0.2132008944431039,0.2573133086542003,1400.8002221679687,1171.0708380126953
2024-08-13,1468.0,1478.4000244140625,1450.3499755859375,1459.699951171875,1429.606201171875,4495208,1429.606201171875,,1474.958984375,-0.030748504659160236,0.0007541117891898264,0.2123693460689005,0.2566190938935989,1402.6523852539062,1173.574803161621
2024-08-14,1453.0999755859375,1480.0999755859375,1453.0999755859375,1471.699951171875,1441.35888671875,5891784,1441.35888671875,,1474.958984375,-0.022780360682699063,0.008220925131159351,0.20027539475601486,0.25628553046296976,1404.382158203125,1176.1414279174805
2024-08-16,1480.0,1491.0,1468.0999755859375,1483.550048828125,1452.9647216796875,7176426,1452.9647216796875,,1474.958984375,-0.014911779194071828,0.00805200916154769,0.20115544472439387,0.25565658458471824,1408.1244409179687,1178.8142926025391
2024-08-19,1487.0,1489.0999755859375,1464.300048828125,1469.6500244140625,1439.3511962890625,4404075,1439.3511962890625,,1474.958984375,-0.02414154458744222,-0.009369481025586879,0.20369539402157127,0.25467489521954456,1410.7247119140625,1181.4081329345704
2024-08-20,1480.0,1484.75,1446.5,1449.1500244140625,1419.2738037109375,10046892,1419.2738037109375,,1474.958984375,-0.037753714682214445,-0.013948918533495225,0.2081482581265581,0.25481919104208356,1412.4121069335938,1183.9303176879882
2024-08-21,1453.0,1466.5999755859375,1447.699951171875,1463.449951171875,1433.2789306640625,6175510,1433.2789306640625,,1474.958984375,-0.028258449321286738,0.009867811916563385,0.20966488442288791,0.2546679340555526,1413.3150732421875,1186.6038537597656
2024-08-22,1473.699951171875,1499.9000244140625,1465.0,1486.3499755859375,1455.706787109375,6781325,1455.706787109375,,1474.958984375,-0.013052700088323377,0.015647935628915866,0.21394450423860611,0.25559679028251925,1414.6510107421875,1189.4728018188478
2024-08-23,1493.0,1510.0,1479.3499755859375,1506.75,1475.686279296875,6238112,1475.686279296875,,1475.686279296875,0.0,0.013724942663194906,0.21641871273917745,0.2544537203825181,1416.3631616210937,1192.3973327636718
2024-08-26,1509.0,1520.699951171875,1505.0,1513.550048828125,1482.34619140625,4307432,1482.34619140625,,1482.34619140625,0.0,0.0045130948242930735,0.21565032942707052,0.25430023749735636,1417.991318359375,1195.298430480957
2024-08-27,1518.0,1526.3499755859375,1502.0,1522.75,1491.3564453125,3965066,1491.3564453125,,1491.3564453125,0.0,0.00607837356650287,0.2153736036339674,0.254304538557131,1420.0460913085938,1198.3022860717774
2024-08-28,1527.949951171875,1564.5,1521.6500244140625,1556.3499755859375,1524.263671875,6225319,1524.263671875,,1524.263671875,0.0,0.022065299456700105,0.22287350348138024,0.2558810965572967,1422.7268676757812,1201.475303955078
2024-08-29,1565.0,1571.699951171875,1545.949951171875,1565.9000244140625,1533.6168212890625,8036748,1533.6168212890625,,1533.6168212890625,0.0,0.006136175509947828,0.21712346914613098,0.247921219837098,1425.5762036132812,1204.6444421386718
2024-08-30,1576.0,1608.4000244140625,1561.5999755859375,1589.050048828125,1556.2896728515625,37820442,1556.2896728515625,,1556.2896728515625,0.0,0.014783909023273978,0.21844537392530805,0.2473454838845389,1429.5802465820314,1207.8933428955079
2024-09-02,1605.0,1605.0,1565.5,1571.3499755859375,1538.9544677734375,4890314,1538.9544677734375,,1556.2896728515625,-0.011138803643387263,-0.011138803643387263,0.21618933022552173,0.24829260189122956,1433.4557495117188,1211.0144180297852
2024-09-03,1579.0,1579.0,1558.5999755859375,1560.5999755859375,1528.4261474609375,4546295,1528.4261474609375,,1556.2896728515625,-0.01790381692861276,-0.006841216249713011,0.21794781134264812,0.24268154213869328,1436.4408642578126,1214.0928344726562
2024-09-04,1558.0,1566.0,1542.0,1561.9000244140625,1529.6993408203125,5213811,1529.6993408203125,,1556.2896728515625,-0.017085721569127243,0.0008330094074155969,0.21790101168078937,0.24245522486846652,1439.3783959960938,1217.1795648193358
2024-09-05,1559.0,1563.0,1541.5,1547.199951171875,1515.3023681640625,5652812,1515.3023681640625,,1556.2896728515625,-0.02633655250850553,-0.00941163552344182,0.2188533708005916,0.24319451649556245,1442.1224658203125,1220.2157376098633
2024-09-06,1552.800048828125,1555.5999755859375,1530.199951171875,1539.25,1507.5162353515625,5497805,1507.5162353515625,,1556.2896728515625,-0.03133956251899639,-0.0051383360681562795,0.21912403439239733,0.24273210798000988,1443.8430151367188,1223.197639465332
2024-09-09,1523.25,1546.75,1523.25,1542.6500244140625,1510.84619140625,3912508,1510.84619140625,0.7823255760370322,1556.2896728515625,-0.029199886266704556,0.0022089022835041217,0.1778011734590791,0.24267897885576556,1445.3126513671875,1226.1986264038087
2024-09-10,1545.1500244140625,1586.0,1545.1500244140625,1577.8499755859375,1545.3204345703125,6163457,1545.3204345703125,0.8552888842251571,1556.2896728515625,-0.007048326845960018,0.02281783768602863,0.17536404662304012,0.2446680686998871,1448.0902368164063,1229.2989379882813
2024-09-11,1578.449951171875,1598.9000244140625,1574.449951171875,1577.800048828125,1545.271484375,5994914,1545.271484375,0.8497147260368301,1556.2896728515625,-0.007079779984900947,-3.16764045937834e-05,0.17307669274306423,0.24320748729714875,1450.67302734375,1232.4011959838867
2024-09-12,1596.1500244140625,1652.800048828125,1590.0999755859375,1646.75,1612.800048828125,12204496,1612.800048828125,0.9335907003652248,1612.800048828125,0.0,0.043700129806276466,0.2077830765513544,0.2498210804755521,1455.289130859375,1235.8520535278321
2024-09-13,1651.0,1654.9000244140625,1631.050048828125,1634.449951171875,1600.7535400390625,5609618,1600.7535400390625,0.8979830902955004,1612.800048828125,-0.007469313259145571,-0.007469313259145571,0.20943040365391363,0.25041731781034565,1459.6467749023439,1239.174014892578
2024-09-16,1634.449951171875,1652.949951171875,1630.0999755859375,1635.449951171875,1601.73291015625,3762063,1601.73291015625,0.9005707478819291,1612.800048828125,-0.006862064940980406,0.0006118181798078215,0.20707560352312682,0.25044310082744287,1463.9616723632812,1242.4548538208007
2024-09-17,1650.0,1666.050048828125,1638.5,1661.75,1627.49072265625,4223072,1627.49072265625,0.929796305692647,1627.49072265625,0.0,0.01608121574869026,0.19925829029949116,0.25141184461240385,1468.6621899414063,1245.8698385620116
2024-09-18,1655.199951171875,1670.949951171875,1647.8499755859375,1654.9000244140625,1620.781982421875,3171195,1620.781982421875,0.8904038283484985,1627.49072265625,-0.004122137312970731,-0.004122137312970731,0.1923049048288602,0.25071121698180066,1473.122373046875,1249.2176776123047
2024-09-19,1647.699951171875,1711.699951171875,1647.699951171875,1664.8499755859375,1630.52685546875,8498240,1630.52685546875,0.9126333934709054,1630.52685546875,0.0,0.006012451491047344,0.1923291142380494,0.24909723385834648,1477.769658203125,1252.6312854003907
2024-09-20,1671.0,1723.4000244140625,1666.0,1711.75,1676.4599609375,21646275,1676.4599609375,0.9430934390622823,1676.4599609375,0.0,0.02817071384914116,0.20380630886595658,0.2513953916609554,1483.150556640625,1256.2173388671874
2024-09-23,1719.0,1754.25,1719.0,1750.449951171875,1714.362060546875,5001827,1714.362060546875,0.9759821447540649,1714.362060546875,0.0,0.0226084132591986,0.20958323111908744,0.2533149581527113,1489.4278002929686,1259.941770324707
2024-09-24,1752.0,1767.550048828125,1746.0999755859375,1756.6500244140625,1720.4342041015625,7579205,1720.4342041015625,0.9838717657719478,1720.4342041015625,0.0,0.00354192599943004,0.20767284237086733,0.2518092701273654,1495.9180346679686,1263.6025756835938
2024-09-25,1755.550048828125,1766.9000244140625,1745.0,1760.4000244140625,1724.1070556640625,4017103,1724.1070556640625,0.9343390362149864,1724.1070556640625,0.0,0.0021348398873632934,0.20739087734823564,0.2486776252318706,1502.3969946289062,1267.2817453002929
2024-09-26,1770.0,1779.0,1746.1500244140625,1771.0999755859375,1734.5863037109375,7417423,1734.5863037109375,0.9465216944018153,1734.5863037109375,0.0,0.00607807271158034,0.2073153955579973,0.24864649476870299,1508.5225927734375,1270.9246810913087
2024-09-27,1755.199951171875,1763.449951171875,1722.5,1734.5999755859375,1698.8387451171875,7116861,1698.8387451171875,0.8632340057895007,1734.5863037109375,-0.020608694140656136,-0.020608694140656136,0.22134526631760387,0.2517770946884058,1513.5991723632812,1274.3976452636718
2024-09-30,1714.0,1733.0,1704.199951171875,1709.550048828125,1674.3052978515625,6907288,1674.3052978515625,0.8681558893542056,1734.5863037109375,-0.034752382012017025,-0.014441304294559587,0.2247318814412664,0.25346741352692387,1518.6116748046875,1277.78032623291
2024-10-01,1705.0,1722.8499755859375,1696.0,1698.699951171875,1663.678955078125,3649090,1663.678955078125,0.8756632463336176,1734.5863037109375,-0.040878535983545405,-0.006346717523424861,0.22015147067336804,0.25236130610012597,1523.3405517578126,1281.228941345215
2024-10-03,1665.0,1695.0,1665.0,1673.449951171875,1638.9495849609375,7200276,1638.9495849609375,0.833188956389197,1734.5863037109375,-0.05513517462082851,-0.014864268158051086,0.22734406346425687,0.2536620296600952,1527.5689990234375,1284.5526919555664
2024-10-04,1670.050048828125,1686.699951171875,1630.1500244140625,1640.9000244140625,1607.0706787109375,8576527,1607.0706787109375,0.8104504300828179,1734.5863037109375,-0.07351356616110472,-0.01945081565810325,0.23511868315415632,0.2561111982208987,1531.3643994140625,1287.7141262817383
2024-10-07,1651.0,1670.0,1642.449951171875,1662.050048828125,1627.7845458984375,5387707,1627.7845458984375,0.835799801232447,1734.5863037109375,-0.061571890417911446,0.012889207339726427,0.2348122907156158,0.25597047102975595,1535.691923828125,1291.006400756836
2024-10-08,1662.5999755859375,1679.5,1652.0,1657.449951171875,1623.2794189453125,5224335,1623.2794189453125,0.8261057816888537,1734.5863037109375,-0.06416912466534375,-0.0027676432759339287,0.23545427463354188,0.2560871328147877,1538.6583325195313,1294.253504638672
2024-10-09,1666.75,1704.5999755859375,1661.050048828125,1678.0999755859375,1643.503662109375,3414614,1643.503662109375,0.8336883967667028,1734.5863037109375,-0.052509720275492944,0.012458879800991252,0.23686877393672784,0.25662592039991705,1542.6730126953125,1297.5759201049805
2024-10-10,1686.5999755859375,1698.949951171875,1665.0,1678.0999755859375,1643.503662109375,5047657,1643.503662109375,0.8229910628148509,1734.5863037109375,-0.052509720275492944,0.0,0.2302599671031531,0.2564846964975869,1546.901962890625,1300.9599383544921
2024-10-11,1678.0999755859375,1690.25,1658.6500244140625,1687.4000244140625,1652.6119384765625,2367678,1652.6119384765625,0.8316100061436102,1734.5863037109375,-0.047258741210512656,0.005541987266093118,0.2301874263736406,0.2558729514271963,1550.9001196289062,1304.4006985473634
2024-10-14,1686.0,1710.050048828125,1679.3499755859375,1695.5999755859375,1660.642822265625,2069815,1660.642822265625,0.842698735581467,1734.5863037109375,-0.0426288857966417,0.004859509726443001,0.22740099322457352,0.22852470600277225,1554.7871606445312,1307.8903787231445
2024-10-15,1708.0,1732.75,1699.949951171875,1717.25,1681.8465576171875,5891334,1681.8465576171875,0.8683472772098153,1734.5863037109375,-0.030404797951488316,0.012768390088022663,0.2257068385708867,0.2229584867072782,1559.326181640625,1311.5683767700195
2024-10-16,1720.0,1742.25,1717.0999755859375,1733.949951171875,1698.2022705078125,3299887,1698.2022705078125,0.8771739151701738,1734.5863037109375,-0.020975625787708396,0.009724854396822913,0.22449493122744998,0.2214851635451096,1564.7396826171876,1315.2972302246094
2024-10-17,1736.75,1737.949951171875,1694.4000244140625,1701.1500244140625,1666.0784912109375,4373392,1666.0784912109375,0.8472331662206207,1734.5863037109375,-0.03949518819181019,-0.018916344569053667,0.23372731336885338,0.21536460632901497,1569.94216796875,1318.8087322998047
2024-10-18,1710.0,1716.0999755859375,1685.199951171875,1707.8499755859375,1672.6402587890625,4154915,1672.6402587890625,0.8575171846112426,1734.5863037109375,-0.03571228758658418,0.0039384504468067405,0.2307734215744854,0.21536952301164164,1575.1544482421875,1322.3028845214844
2024-10-21,1705.550048828125,1708.949951171875,1662.0,1692.550048828125,1657.6558837890625,3836168,1657.6558837890625,0.7946774950274564,1734.5863037109375,-0.04435087476321686,-0.008958516286609153,0.2322623872153842,0.21616198348266066,1579.8701831054686,1325.6181448364257
2024-10-22,1692.0,1712.9000244140625,1687.3499755859375,1692.25,1657.3619384765625,3070057,1657.3619384765625,0.7807457509743394,1734.5863037109375,-0.044520336099254765,-0.00017732589458074877,0.23246020866197087,0.2159721860024428,1584.339111328125,1328.856453857422
2024-10-23,1690.0,1701.3499755859375,1680.0999755859375,1685.800048828125,1651.044921875,2764757,1651.044921875,0.7837582092731197,1734.5863037109375,-0.048162136214964235,-0.003811488881764191,0.2256366771484411,0.21542986618393575,1588.7894311523437,1332.0850918579101
2024-10-24,1687.0,1693.0,1657.4000244140625,1678.449951171875,1643.8463134765625,3669575,1643.8463134765625,0.7688152019140901,1734.5863037109375,-0.05231217959016954,-0.004360031821703858,0.22637373201747757,0.21568977827075098,1593.0742333984374,1335.3709927368163
2024-10-25,1681.0999755859375,1684.75,1655.8499755859375,1666.0,1631.653076171875,3434386,1631.653076171875,0.7698847009634824,1734.5863037109375,-0.05934165819184045,-0.0074175044252768885,0.19050287528425508,0.21624988598590342,1596.8801171875,1338.5538043212891
2024-10-28,1658.1500244140625,1677.8499755859375,1645.6500244140625,1663.3499755859375,1629.0577392578125,2811651,1629.0577392578125,0.7539132620456148,1734.5863037109375,-0.06083788637518894,-0.0015906180988862761,0.18913443185699688,0.21143710868963614,1600.4019775390625,1341.657897338867
2024-10-29,1650.5,1667.949951171875,1610.0,1637.0999755859375,1603.3489990234375,6990747,1603.3489990234375,0.7276835874311112,1734.5863037109375,-0.0756591380934657,-0.01578135606543185,0.1950408275364987,0.2128824404352929,1603.68193359375,1344.5715997314453
2024-10-30,1627.800048828125,1651.0,1617.800048828125,1633.3499755859375,1599.6761474609375,4622628,1599.6761474609375,0.7418232329237104,1734.5863037109375,-0.07777656030223234,-0.002290737428181311,0.18914428124588392,0.20933345500415113,1607.28998046875,1347.4732693481446
2024-10-31,1634.0,1638.800048828125,1602.1500244140625,1612.5999755859375,1579.35400390625,4921681,1579.35400390625,0.7156017231244476,1734.5863037109375,-0.0894924048878899,-0.0127039110928443,0.19218099129149585,0.21071545659149124,1610.2114819335939,1350.261396484375
2024-11-01,1620.0,1626.3499755859375,1605.3499755859375,1616.449951171875,1583.1246337890625,279441,1583.1246337890625,0.7304994093211767,1734.5863037109375,-0.08731861285762554,0.0023874507383945254,0.1913510780106465,0.21055078929157192,1612.7598388671875,1352.993139038086
2024-11-04,1619.1500244140625,1623.8499755859375,1573.050048828125,1591.25,1558.4442138671875,6094029,1558.4442138671875,0.7343570753255,1734.5863037109375,-0.10154703139700538,-0.015589688515429523,0.17487777083664768,0.20634275287390993,1614.4149975585938,1355.6102453613282
2024-11-05,1583.25,1593.9000244140625,1566.0,1578.4000244140625,1545.859130859375,6473278,1545.859130859375,0.7528393529084496,1734.5863037109375,-0.10880241153052084,-0.008075414503662781,0.1586503375740375,0.2061980517284013,1615.6852563476561,1358.1636956787108
2024-11-06,1583.0,1610.75,1566.5,1598.800048828125,1565.838623046875,6631728,1565.838623046875,0.7578284921738889,1734.5863037109375,-0.09728410763018669,0.012924523191445658,0.16443980412050468,0.2036390507015168,1617.1748999023437,1360.7513012695313
2024-11-07,1595.949951171875,1608.550048828125,1569.6500244140625,1575.800048828125,1543.312744140625,5160994,1543.312744140625,0.7107495357209523,1734.5863037109375,-0.11027041961596595,-0.014385824040039408,0.16683934017427332,0.2050846570281662,1617.5558813476562,1363.099419555664
2024-11-08,1571.0,1579.5,1558.8499755859375,1569.9000244140625,1537.534423828125,3096384,1537.534423828125,0.7264313445979982,1734.5863037109375,-0.11360165790612087,-0.00374410198738917,0.1642808034604232,0.20080173275539406,1617.6342333984376,1365.4502996826172
2024-11-11,1561.0,1581.5999755859375,1551.800048828125,1560.550048828125,1528.377197265625,3664301,1528.377197265625,0.7179338552849643,1734.5863037109375,-0.11888085706900431,-0.005955786368477156,0.15669052463016875,0.2011627354785287,1617.0759838867189,1367.8072570800782
2024-11-12,1568.800048828125,1595.0,1550.0999755859375,1555.6500244140625,1523.5782470703125,4479934,1523.5782470703125,0.6932613474320495,1734.5863037109375,-0.12164748227816558,-0.0031398991059917725,0.1531996709094626,0.20128448023541334,1616.7684594726563,1370.1314538574218
2024-11-13,1559.9000244140625,1572.5,1546.3499755859375,1550.449951171875,1518.4853515625,5816699,1518.4853515625,0.6750903499348113,1734.5863037109375,-0.12458356882336474,-0.003342720019536616,0.1528926109624266,0.20133198872820093,1616.5696435546874,1372.2453778076172
2024-11-14,1550.0,1568.0,1536.550048828125,1550.5,1518.5343017578125,5139154,1518.5343017578125,0.6600730588744674,1734.5863037109375,-0.12455534872546148,3.2236198566071295e-05,0.1488863560108777,0.2012840858841956,1616.3463427734375,1374.1988446044923
2024-11-18,1568.949951171875,1568.949951171875,1529.449951171875,1537.0,1505.3126220703125,4816078,1505.3126220703125,0.6492187338571531,1734.5863037109375,-0.13217773088033824,-0.008706869296396524,0.1413197548578425,0.2019357851119357,1616.1465478515624,1375.9306134033204
2024-11-19,1537.0,1558.0,1519.300048828125,1525.5,1494.0496826171875,6238241,1494.0496826171875,0.6375780405614238,1734.5863037109375,-0.13867088687322793,-0.0074821264951825395,0.1346713687375344,0.20218357451595725,1615.877216796875,1377.7492388916016
2024-11-21,1538.0,1542.050048828125,1511.0,1525.1500244140625,1493.70703125,7356679,1493.70703125,0.6449289521160511,1734.5863037109375,-0.13886842755855122,-0.0002293440246158296,0.13488050889324485,0.20196430209360974,1615.53443359375,1379.558359375
2024-11-22,1533.0,1575.0,1520.199951171875,1569.300048828125,1536.94677734375,7640321,1536.94677734375,0.6868469759948554,1734.5863037109375,-0.1139404398295788,0.028947943063215797,0.15757682031894923,0.20725408329286424,1615.3669604492188,1381.60072265625
2024-11-25,1581.949951171875,1609.25,1562.550048828125,1578.75,1546.201904296875,12155641,1546.201904296875,0.6979124092581332,1734.5863037109375,-0.10860480047088861,0.006021761514162671,0.15925974403792392,0.20739107122787803,1615.3855688476563,1383.6306811523436
2024-11-26,1590.0,1604.8499755859375,1566.0,1577.25,1544.7327880859375,4030593,1544.7327880859375,0.6695155206703365,1734.5863037109375,-0.10945175527953344,-0.0009501451310174325,0.157697773153992,0.20493139117391287,1614.0242236328124,1385.7482550048828
2024-11-27,1569.1500244140625,1583.75,1554.1500244140625,1577.6500244140625,1545.1246337890625,4982785,1545.1246337890625,0.6707303318471074,1734.5863037109375,-0.10922585374768878,0.0002536656864844389,0.15646623570580048,0.20412602220117843,1612.9116455078124,1387.8697357177734
2024-11-28,1571.0,1588.5,1556.949951171875,1560.4000244140625,1528.230224609375,6714728,1528.230224609375,0.6563873306419423,1734.5863037109375,-0.11896558773702326,-0.010934010635930247,0.15156377728374298,0.2033977881584803,1611.441591796875,1390.0881427001952
2024-11-29,1551.1500244140625,1648.9000244140625,1551.1500244140625,1627.1500244140625,1593.6041259765625,10775801,1593.6041259765625,0.7019116253381468,1734.5863037109375,-0.08127711917980718,0.042777521550391606,0.19884806559271145,0.2151400904086957,1610.7638598632811,1392.5335888671875
2024-12-02,1627.1500244140625,1646.199951171875,1617.199951171875,1643.5999755859375,1609.7149658203125,3790108,1609.7149658203125,0.7023840284417795,1734.5863037109375,-0.07198911787985285,0.010109687582464888,0.19520589475859076,0.21563312105857377,1610.54251953125,1395.0583721923829
2024-12-03,1652.9000244140625,1652.9000244140625,1613.1500244140625,1620.550048828125,1587.1402587890625,9131055,1587.1402587890625,0.6804136795646749,1734.5863037109375,-0.08500357958922655,-0.01402403997638546,0.19811788790865947,0.21670974842415378,1609.6747875976562,1397.4320544433594
2024-12-04,1629.75,1630.5,1582.4000244140625,1584.0999755859375,1551.441650390625,8772014,1551.441650390625,0.6310119166287074,1734.5863037109375,-0.10558405363197942,-0.022492409351190124,0.20616223249823726,0.22017308039898578,1607.1744213867187,1399.7338916015624
2024-12-05,1600.0,1622.050048828125,1585.3499755859375,1615.3499755859375,1582.04736328125,10324005,1582.04736328125,0.6691691498954013,1734.5863037109375,-0.08793966613442572,0.019727272941859608,0.21564883270756208,0.2097180900192478,1604.5281274414062,1402.1963061523438
2024-12-06,1618.0,1624.6500244140625,1594.800048828125,1597.8499755859375,1564.9080810546875,4296866,1564.9080810546875,0.6313883512319025,1734.5863037109375,-0.0978205709875859,-0.010833608793490712,0.2172682526296768,0.20714199093203106,1601.4176049804687,1404.5771630859374
2024-12-09,1595.9000244140625,1605.9000244140625,1589.050048828125,1602.550048828125,1569.51123046875,4264409,1569.51123046875,0.618927755170317,1734.5863037109375,-0.09516682617003802,0.002941482295215847,0.21752040651666824,0.2066757288646833,1598.3256884765624,1406.990775756836
2024-12-10,1610.550048828125,1611.8499755859375,1570.050048828125,1578.6500244140625,1546.10400390625,14645786,1546.10400390625,0.5644501032524538,1734.5863037109375,-0.10866124066669525,-0.014913704411983808,0.22037328686560745,0.20715207950194336,1594.5560424804687,1409.263733520508
2024-12-11,1588.0,1588.0,1571.199951171875,1586.0,1553.3023681640625,3853182,1553.3023681640625,0.5717338834366661,1734.5863037109375,-0.10451133804010782,0.0046558085611483335,0.22114286012813106,0.20675017590998773,1591.6453149414062,1411.5760919189454
2024-12-12,1578.5,1617.9000244140625,1578.5,1610.550048828125,1577.346435546875,13120939,1577.346435546875,0.567940134532277,1734.5863037109375,-0.09064978077347141,0.015479321911568089,0.2221492839148455,0.2077034931031597,1589.7061376953125,1413.9005615234375
2024-12-13,1618.0,1685.0,1606.800048828125,1681.75,1647.078369140625,12900707,1647.078369140625,0.6401145891483091,1734.5863037109375,-0.050448879011150916,0.044208381888899195,0.25695512360395756,0.21724881820818584,1589.3741259765625,1416.5651684570312
2024-12-16,1681.75,1687.0,1660.1500244140625,1662.550048828125,1628.2742919921875,4375126,1628.2742919921875,0.6319149244631379,1734.5863037109375,-0.061289548690260265,-0.01141662564498902,0.2563806925913275,0.2165267165447117,1589.1606201171876,1419.1554779052735
2024-12-17,1650.5,1658.6500244140625,1608.5,1615.300048828125,1581.9984130859375,6182486,1581.9984130859375,0.6243018396477495,1734.5863037109375,-0.0879678862323291,-0.028420198693692833,0.27025283528902705,0.22226971806497892,1588.6591748046876,1421.5355908203126
2024-12-18,1621.4000244140625,1623.0,1596.0999755859375,1601.9000244140625,1568.874755859375,3905144,1568.874755859375,0.6104245748650297,1734.5863037109375,-0.09553375781709028,-0.008295619716180869,0.26738121536892345,0.22264618349206755,1587.4809790039062,1423.8978100585937
2024-12-19,1586.4000244140625,1609.75,1585.449951171875,1600.300048828125,1567.3076171875,5865855,1567.3076171875,0.6078515005267722,1734.5863037109375,-0.0964372231958508,-0.0009988934209197442,0.2662258253663638,0.22233291012716777,1586.36154296875,1426.3286492919922
2024-12-20,1610.0,1622.300048828125,1573.4000244140625,1578.0999755859375,1545.5653076171875,9738879,1545.5653076171875,0.5944682040993994,1734.5863037109375,-0.1089718024922498,-0.013872394501169172,0.2667685294153614,0.22359739282319227,1584.4027758789061,1428.5657995605468
2024-12-23,1586.0,1607.449951171875,1578.3499755859375,1586.9000244140625,1554.1839599609375,4363599,1554.1839599609375,0.595903031518517,1734.5863037109375,-0.10400309478061198,0.005576375389169108,0.26386697588734515,0.22372961497323632,1582.6163818359375,1430.8399554443358
2024-12-24,1590.0,1598.800048828125,1575.0,1583.9000244140625,1551.2457275390625,3610076,1551.2457275390625,0.5844873712560876,1734.5863037109375,-0.10569700439790164,-0.0018905306563251623,0.26367070412848337,0.22344851892271628,1580.5890576171876,1433.125717163086
2024-12-26,1583.9000244140625,1606.8499755859375,1581.0999755859375,1599.5,1566.524169921875,3400479,1566.524169921875,0.620486345443827,1734.5863037109375,-0.09688888551092201,0.009849143892277201,0.2643238596483247,0.22363123589576386,1578.7066845703125,1435.4618182373047
2024-12-27,1599.5,1628.449951171875,1596.300048828125,1599.8499755859375,1566.8668212890625,2559578,1566.8668212890625,0.6246054620287638,1734.5863037109375,-0.09669134482559871,0.00021873353361967496,0.2640508671435768,0.22295494277361086,1576.40708984375,1437.7762567138673
2024-12-30,1605.0,1613.050048828125,1581.0999755859375,1586.9000244140625,1554.1839599609375,4438130,1554.1839599609375,0.6143897402318446,1734.5863037109375,-0.10400309478061198,-0.008094409273208591,0.2650974187755081,0.22205389131407355,1573.5267236328125,1439.8548907470704
2024-12-31,1583.0,1597.199951171875,1563.3499755859375,1587.75,1555.016357421875,2249626,1555.016357421875,0.6433515165471113,1734.5863037109375,-0.1035232123676374,0.000535584900103192,0.2650869806812573,0.22155971609260539,1571.3054809570312,1441.8169165039062
2025-01-01,1593.0,1606.550048828125,1584.050048828125,1595.699951171875,1562.802490234375,1405565,1562.802490234375,0.6408553892211155,1734.5863037109375,-0.0990344574432831,0.005007106693982966,0.26373335992845176,0.22027978930030193,1569.1087255859375,1443.7886547851563
2025-01-02,1599.9000244140625,1619.5999755859375,1588.4000244140625,1609.699951171875,1576.5137939453125,3728040,1576.5137939453125,0.6357643247159375,1734.5863037109375,-0.09112980393506398,0.00877353587328944,0.263193305480225,0.21961730939911986,1567.4858837890624,1445.8440454101562
2025-01-03,1615.0,1617.0,1593.300048828125,1598.8499755859375,1565.887451171875,3669685,1565.887451171875,0.6080013036747332,1734.5863037109375,-0.09725595790659236,-0.006740405833585816,0.2643302532598154,0.2198898388877977,1565.6563940429687,1447.8090502929688
2025-01-06,1596.1500244140625,1609.8499755859375,1567.0999755859375,1588.449951171875,1555.701904296875,4584188,1555.701904296875,0.5641422964214426,1734.5863037109375,-0.10312799024837271,-0.006504648126132828,0.25227757306914983,0.22002696835957578,1563.7495336914062,1449.896004638672
2025-01-07,1594.0,1603.0,1584.050048828125,1590.8499755859375,1558.052490234375,2830856,1558.052490234375,0.5430843646955583,1734.5863037109375,-0.10177286255454099,0.001510948807742496,0.2517617613410787,0.21700705345593313,1562.0336572265626,1451.868828125
2025-01-08,1598.75,1613.449951171875,1577.8499755859375,1599.199951171875,1566.230224609375,3674564,1566.230224609375,0.5579461237575905,1734.5863037109375,-0.09705834684696002,0.005248689903746273,0.25211906849169924,0.2169449518908396,1560.7252001953125,1453.75884765625
2025-01-09,1600.0,1620.199951171875,1592.4000244140625,1607.050048828125,1573.91845703125,4684859,1573.91845703125,0.5951884805813454,1734.5863037109375,-0.09262603211841236,0.004908749876661567,0.2524272911562472,0.2157072259026209,1559.6224145507813,1455.6614984130858
2025-01-10,1608.0,1625.0,1591.800048828125,1615.9000244140625,1582.5860595703125,4145892,1582.5860595703125,0.5903936850138378,1734.5863037109375,-0.08762910430887116,0.0055070213455730155,0.25031069431346914,0.21502355903110656,1559.2071557617187,1457.5926348876953
2025-01-13,1580.0,1614.699951171875,1578.0999755859375,1597.199951171875,1564.271484375,3705039,1564.271484375,0.5514885595305765,1734.5863037109375,-0.0981875730089472,-0.011572561937191028,0.21971714085180213,0.21561966699318683,1558.4990625,1459.4153973388673
2025-01-14,1604.699951171875,1633.4000244140625,1578.5,1600.0999755859375,1567.1116943359375,7284572,1567.1116943359375,0.5354679711631329,1734.5863037109375,-0.09655017396177312,0.0018156758525023076,0.21753214894208447,0.21563219542321607,1558.2542163085936,1461.3059283447265
2025-01-15,1608.050048828125,1613.8499755859375,1593.0,1607.449951171875,1574.3101806640625,2960985,1574.3101806640625,0.5444373277301233,1734.5863037109375,-0.09240020096087675,0.00459347368419416,0.21436920547235122,0.21510821882658962,1558.0779272460939,1463.1579443359376
2025-01-16,1619.050048828125,1635.0,1600.550048828125,1630.199951171875,1596.5911865234375,5299325,1596.5911865234375,0.5626373021124671,1734.5863037109375,-0.07955505983892308,0.014152869068010832,0.20742734787697806,0.21609263249017133,1558.8408666992189,1465.2333709716797
2025-01-17,1630.0999755859375,1639.0,1623.0,1627.5,1593.9468994140625,2678801,1593.9468994140625,0.5374070293302815,1734.5863037109375,-0.08107950812017484,-0.0016562080084714381,0.1998042542168173,0.21611446051727448,1559.8026220703125,1467.2385986328125
2025-01-20,1638.0,1645.0,1618.0999755859375,1641.1500244140625,1607.3154296875,3933044,1607.3154296875,0.552927334510529,1734.5863037109375,-0.07337246567158806,0.008387061249249816,0.1982354304523449,0.21326022328497185,1560.632158203125,1469.2921643066406
2025-01-21,1654.0,1656.699951171875,1620.300048828125,1626.1500244140625,1592.6246337890625,7958844,1592.6246337890625,0.5385164452562792,1734.5863037109375,-0.08184180263510965,-0.00913995823538738,0.20027149085733847,0.2138713514593159,1561.6183959960938,1471.327061767578
2025-01-22,1627.5,1641.0,1622.550048828125,1631.75,1598.1092529296875,3262136,1598.1092529296875,0.5244515573631809,1734.5863037109375,-0.07867988493237488,0.0034437613385247534,0.19493977124987927,0.2010299624630882,1562.829892578125,1473.4336962890625
2025-01-23,1624.5,1645.4000244140625,1617.199951171875,1636.0,1602.271728515625,2457080,1602.271728515625,0.49230512635718915,1734.5863037109375,-0.07628019137026587,0.0026046251708429224,0.19471208309473967,0.2006798480150127,1564.307783203125,1475.476166381836
2025-01-24,1634.050048828125,1661.9000244140625,1634.050048828125,1644.800048828125,1610.8902587890625,3620058,1610.8902587890625,0.5092308835975206,1734.5863037109375,-0.07131155403293699,0.005378944232774963,0.19038621503827802,0.20087345973327886,1566.0540234375,1477.6535241699219
2025-01-27,1638.949951171875,1647.199951171875,1593.699951171875,1602.5999755859375,1569.5601806640625,6622807,1569.5601806640625,0.4849398192156975,1734.5863037109375,-0.09513860607213465,-0.02565666897512231,0.15654373221997075,0.2036185506550815,1567.0755200195313,1479.701417236328
2025-01-28,1607.6500244140625,1630.300048828125,1597.0,1618.3499755859375,1584.9854736328125,5216471,1584.9854736328125,0.4970503928831713,1734.5863037109375,-0.086245826891445,0.009827780520160534,0.15702617078775138,0.20421845580110232,1568.4045434570312,1481.759721069336
2025-01-29,1620.0,1626.9000244140625,1593.1500244140625,1600.449951171875,1567.4544677734375,5009227,1567.4544677734375,0.43055002691071365,1734.5863037109375,-0.09635256290214078,-0.011060672890076173,0.13737093623143834,0.20475331896691518,1569.6473803710937,1483.7315869140625
2025-01-30,1606.699951171875,1644.949951171875,1595.199951171875,1640.75,1606.9237060546875,4283637,1606.9237060546875,0.4247786595330607,1734.5863037109375,-0.07359829682912367,0.025180468774519404,0.15367438733225633,0.2036317556407696,1571.9048608398436,1485.779298095703
2025-01-31,1639.0999755859375,1639.0999755859375,1574.25,1626.300048828125,1592.7716064453125,8340866,1592.7716064453125,0.3743124611670441,1734.5863037109375,-0.0817570719670907,-0.008806951789964712,0.15613477422086747,0.20034433294359705,1573.88615234375,1487.7749975585937
2025-02-01,1627.0,1644.0,1609.199951171875,1623.25,1589.7845458984375,2741589,1589.7845458984375,0.4064849752457418,1734.5863037109375,-0.0834791313079748,-0.0018753853564362766,0.15024271878701742,0.20022163087528586,1574.9429077148438,1489.7606311035156
2025-02-03,1619.9000244140625,1661.0,1608.0999755859375,1652.3499755859375,1618.2845458984375,4146970,1618.2845458984375,0.4297278424051634,1734.5863037109375,-0.06704870064042734,0.017926957507247376,0.15760678135731715,0.20260642987268665,1576.384560546875,1491.9282104492188
2025-02-04,1662.1500244140625,1668.300048828125,1629.050048828125,1661.449951171875,1627.1968994140625,6385876,1627.1968994140625,0.4419443645166943,1734.5863037109375,-0.06191067234136949,0.005507284573787352,0.157724745654298,0.20255521709693008,1578.0338427734375,1493.9002716064454
2025-02-05,1670.0,1675.199951171875,1649.0999755859375,1660.449951171875,1626.217529296875,3920893,1626.217529296875,0.4262436189872987,1734.5863037109375,-0.062475285422363025,-0.000601875604323121,0.15589728441139158,0.19971438410562264,1579.6557006835938,1495.7542126464843
2025-02-06,1665.9000244140625,1667.300048828125,1613.25,1619.75,1586.356689453125,5229162,1586.356689453125,0.41485122838082633,1734.5863037109375,-0.08545531227860681,-0.024511382472297227,0.17292587538681486,0.20241063037583482,1580.8182299804687,1497.3672137451172
2025-02-07,1635.050048828125,1707.550048828125,1635.0,1676.75,1642.1815185546875,14873255,1642.1815185546875,0.46514969188593946,1734.5863037109375,-0.05327194441611882,0.03519059078750275,0.19798762127532782,0.21078503228999218,1581.7897778320312,1499.0411724853516
2025-02-10,1698.8499755859375,1700.0,1678.050048828125,1693.050048828125,1658.1455078125,6782878,1658.1455078125,0.5288804568431933,1734.5863037109375,-0.04406860340987451,0.00972120869553006,0.1992185900021865,0.20990796397453165,1582.758388671875,1500.8239263916016
2025-02-11,1706.0,1706.6500244140625,1686.199951171875,1696.75,1661.7691650390625,8965266,1661.7691650390625,0.5045240007223548,1734.5863037109375,-0.041979542047629215,0.0021853674538749868,0.19904317238495287,0.20727405817496153,1584.250966796875,1502.613598022461
2025-02-12,1704.0,1713.699951171875,1684.5,1711.550048828125,1676.2640380859375,7148192,1676.2640380859375,0.5173129153232312,1734.5863037109375,-0.03362315585002984,0.008722555064700765,0.19902842832488865,0.20668277923503484,1586.7474145507813,1504.5375903320312
2025-02-13,1710.0,1728.4000244140625,1703.9000244140625,1714.5999755859375,1679.251220703125,5356002,1679.251220703125,0.5095698232334871,1734.5863037109375,-0.03190102613483681,0.001782047785621188,0.1972552696694966,0.20662496492290894,1588.6914916992187,1506.4451086425781
2025-02-14,1714.0,1724.0999755859375,1705.25,1717.050048828125,1681.650634765625,5125863,1681.650634765625,0.5412797826826343,1734.5863037109375,-0.030517748717410642,0.0014288595017339922,0.1954727983085112,0.20563328331786243,1591.0263427734376,1508.414051513672
2025-02-17,1711.75,1716.9000244140625,1666.25,1675.550048828125,1641.00634765625,4906462,1641.00634765625,0.5061122294781637,1734.5863037109375,-0.05394943788872564,-0.024169281222338856,0.21039755718126057,0.2096827446757564,1592.4562451171876,1510.268646850586
2025-02-18,1692.0,1695.949951171875,1655.800048828125,1668.9000244140625,1634.493408203125,7529598,1634.493408203125,0.5012752088787322,1734.5863037109375,-0.057704188770357434,-0.0039688691408336085,0.21078623036851962,0.2095837553922183,1594.224033203125,1512.2204571533202
2025-02-19,1670.0,1673.449951171875,1638.449951171875,1645.199951171875,1611.281982421875,7776555,1611.281982421875,0.48260833768674805,1734.5863037109375,-0.07108572287540138,-0.01420099075637593,0.21533459777110908,0.21074651390450924,1595.3836254882813,1514.0269915771485
2025-02-20,1639.8499755859375,1649.800048828125,1627.25,1643.5,1609.6170654296875,5524503,1609.6170654296875,0.4746667009630192,1734.5863037109375,-0.0720455580756596,-0.0010332871653445652,0.21494503452286665,0.20959501878690268,1596.0290380859376,1515.811809692383
2025-02-21,1643.5,1658.699951171875,1629.199951171875,1639.25,1605.4547119140625,5447583,1605.4547119140625,0.47177259392675874,1734.5863037109375,-0.07444518126345956,-0.002585927799239496,0.21206205104442732,0.20892207560599613,1595.1965649414062,1517.5638848876954
2025-02-24,1627.0,1637.550048828125,1598.0,1601.300048828125,1568.287109375,4673190,1568.287109375,0.40975645137592,1734.5863037109375,-0.09587253974054821,-0.02315082590822537,0.2232304267704505,0.21009361107760724,1593.9968212890626,1519.1941595458984
2025-02-25,1597.0,1649.1500244140625,1597.0,1641.4000244140625,1607.560302734375,6286808,1607.560302734375,0.44284901328713566,1734.5863037109375,-0.07323129480776236,0.025042094093999268,0.234379739262612,0.21430593342776952,1594.5080590820312,1520.8956469726563
2025-02-27,1643.4000244140625,1656.0,1638.6500244140625,1650.4000244140625,1616.374755859375,7568745,1616.374755859375,0.4559148793934156,1734.5863037109375,-0.06814970670451115,0.005483124402865025,0.2314165800063445,0.21402591752898417,1595.4580590820312,1522.7152276611328
2025-02-28,1641.949951171875,1648.449951171875,1559.5,1570.199951171875,1537.828125,13640211,1537.828125,0.3904717292884867,1734.5863037109375,-0.11343233731870084,-0.048594319216284876,0.2717168654135175,0.22883870022978314,1594.8684692382812,1524.1501092529297
2025-03-03,1579.0,1602.75,1572.75,1595.800048828125,1562.9005126953125,6993525,1562.9005126953125,0.42544368368514585,1734.5863037109375,-0.09897794687316741,0.01630376456752125,0.27505478343467665,0.23054055948456378,1595.2151733398437,1525.5856872558593
2025-03-04,1589.0,1590.5,1568.0,1575.3499755859375,1542.8720703125,5219668,1542.8720703125,0.4270791921638506,1734.5863037109375,-0.11052447087140493,-0.012814918301019884,0.2762282236988037,0.2313734376845227,1594.988935546875,1526.74970703125
2025-03-05,1578.0,1626.0999755859375,1577.0999755859375,1618.25,1584.8875732421875,6295425,1584.8875732421875,0.4432535223730214,1734.5863037109375,-0.08630226708725164,0.027232006942207176,0.28784614246433626,0.2357063073024065,1595.6617724609375,1528.1269696044922
2025-03-06,1618.0,1631.75,1590.449951171875,1626.9000244140625,1593.3592529296875,5174009,1593.3592529296875,0.4493611853032313,1734.5863037109375,-0.08141829004363277,0.0053452874705615105,0.2881807334640299,0.23587730674309476,1596.1984741210938,1529.547319946289
2025-03-07,1629.0,1642.4000244140625,1615.5999755859375,1630.699951171875,1597.080810546875,3035558,1597.080810546875,0.4597298861417727,1734.5863037109375,-0.07927278848558073,0.002335667621940596,0.28781952082067686,0.23441869535207083,1596.80275390625,1530.9687475585938
2025-03-10,1640.0,1654.9000244140625,1626.5999755859375,1630.949951171875,1597.32568359375,3778450,1597.32568359375,0.4530336911962003,1734.5863037109375,-0.07913161762175513,0.00015332539547019408,0.2774604361115998,0.2343848514295054,1597.6655883789062,1532.2640551757813
2025-03-11,1630.0,1676.4000244140625,1624.050048828125,1662.949951171875,1628.666015625,6078564,1628.666015625,0.4752688500195217,1734.5863037109375,-0.06106371753272455,0.0196205021638034,0.28166941303262444,0.23562625167934226,1599.1385815429687,1533.6456958007811
2025-03-12,1690.0,1716.6500244140625,1634.0,1642.8499755859375,1608.9803466796875,9907628,1608.9803466796875,0.41329899152295124,1734.5863037109375,-0.07241263047132984,-0.012086989448084062,0.28206859200117573,0.23653240852111748,1600.062138671875,1534.9491180419923
2025-03-13,1650.800048828125,1656.9000244140625,1629.5999755859375,1632.5,1598.84375,8317331,1598.84375,0.3752179074771389,1734.5863037109375,-0.07825644271520693,-0.006300012738257199,0.273261364253582,0.23527401053392205,1600.5087377929688,1536.266625366211
2025-03-17,1612.199951171875,1648.4000244140625,1612.199951171875,1639.1500244140625,1605.356689453125,6405522,1605.356689453125,0.3739142008415812,1734.5863037109375,-0.07450169183357513,0.004073530920782664,0.27221185742158543,0.23491388247332892,1601.2981225585938,1537.587235107422
2025-03-18,1639.1500244140625,1639.1500244140625,1639.1500244140625,1639.1500244140625,1605.356689453125,0,1605.356689453125,0.37747344811054995,1734.5863037109375,-0.07450169183357513,0.0,0.2721295708775135,0.23397634031892298,1602.2912182617188,1538.9076013183594
2025-03-19,1635.0,1642.050048828125,1627.5,1637.1500244140625,1603.3978271484375,6283464,1603.3978271484375,0.36705287498727657,1734.5863037109375,-0.07563098836987137,-0.001220203782472007,0.26706607541702965,0.23265655534147617,1603.198125,1540.2396002197265
2025-03-20,1660.0,1709.6500244140625,1646.0999755859375,1705.25,1670.093994140625,12074465,1670.093994140625,0.46716841228845674,1734.5863037109375,-0.03718022529772025,0.04159676772844523,0.2929606982757144,0.2424618671646938,1605.275400390625,1541.8157189941405
2025-03-21,1709.6500244140625,1731.4000244140625,1692.0,1725.800048828125,1690.22021484375,14715349,1690.22021484375,0.45271847720120206,1734.5863037109375,-0.02557733147798502,0.012050950888833789,0.2946376501664687,0.2428638691330932,1607.601435546875,1543.937567138672
2025-03-24,1740.0,1740.0,1714.8499755859375,1718.800048828125,1683.3646240234375,4120999,1683.3646240234375,0.41670370199148343,1734.5863037109375,-0.029529623044940112,-0.004056034095501704,0.2847723090212202,0.24291542224146048,1609.6170068359374,1545.8077020263672
2025-03-25,1725.0,1740.5,1706.0999755859375,1730.5,1694.8233642578125,4857399,1694.8233642578125,0.4201776204893559,1734.5863037109375,-0.022923586660437145,0.006807045883492124,0.26750185132020976,0.24296884956387996,1612.2280444335938,1547.6072985839844
2025-03-26,1739.1500244140625,1765.0,1726.1500244140625,1738.550048828125,1702.7073974609375,7142394,1702.7073974609375,0.4232414621556233,1734.5863037109375,-0.018378391540276207,0.0046518317893131655,0.2664985869497555,0.24302157333019112,1614.9399584960938,1549.1801824951172
2025-03-27,1739.949951171875,1746.4000244140625,1713.25,1724.699951171875,1689.142822265625,6222339,1689.142822265625,0.4079487200880578,1734.5863037109375,-0.026198455129094245,-0.007966474577804639,0.2677345445387891,0.24293763255199707,1617.236611328125,1550.6813470458985
2025-03-28,1733.300048828125,1745.75,1660.0,1733.4000244140625,1697.6636962890625,4133264,1697.6636962890625,0.4278013903631426,1734.5863037109375,-0.021286117238954017,0.005044495889346079,0.2669859515999759,0.24254532818388932,1619.2580615234374,1552.219271850586
2025-04-01,1715.0,1765.0,1708.449951171875,1724.1500244140625,1688.604248046875,6773056,1688.604248046875,0.4026035837502533,1734.5863037109375,-0.026508946580339865,-0.00533642102495957,0.2674994892120885,0.2428009712328073,1621.1512084960937,1553.6576013183594
2025-04-02,1720.0,1760.4000244140625,1716.949951171875,1754.5999755859375,1718.426513671875,6431226,1718.426513671875,0.4544375722189804,1734.5863037109375,-0.009316221397857594,0.017660896956462002,0.2721786458455762,0.23990262073751414,1623.3734301757813,1555.306644897461
2025-04-03,1748.0,1754.949951171875,1735.449951171875,1746.0,1710.00390625,2341989,1710.00390625,0.43348306346707544,1734.5863037109375,-0.014171907969264153,-0.004901348620301449,0.2623300394590483,0.23999704873746622,1625.721015625,1556.9055401611329
2025-04-04,1754.5,1770.800048828125,1740.0,1743.449951171875,1707.50634765625,7817334,1707.50634765625,0.4269622872215295,1734.5863037109375,-0.01561176633111494,-0.0014605572447066173,0.2619756248190591,0.2400117091433087,1627.9089575195312,1558.4873217773438
2025-04-07,1730.0,1774.75,1669.4000244140625,1686.6500244140625,1651.87744140625,14870388,1651.87744140625,0.39323089467975514,1734.5863037109375,-0.0476821834276806,-0.03257903335255952,0.27660780914356825,0.24658639445677377,1628.9010717773438,1559.9662713623047
2025-04-08,1720.699951171875,1742.300048828125,1706.800048828125,1720.4000244140625,1684.931640625,7206935,1684.931640625,0.4318124694702943,1734.5863037109375,-0.028626228040488644,0.020010079676740844,0.2819509440734008,0.24782847787224813,1630.3818994140624,1561.6650329589843
2025-04-09,1719.6500244140625,1726.8499755859375,1711.5999755859375,1715.550048828125,1680.181640625,5600666,1680.181640625,0.40744933215412305,1734.5863037109375,-0.031364633151746535,-0.002819105467233074,0.2819823992503902,0.23770985486130156,1632.5943286132813,1563.170089111328
2025-04-11,1760.0,1767.0,1732.3499755859375,1756.5999755859375,1720.38525390625,8340002,1720.38525390625,0.4636361087253855,1734.5863037109375,-0.008186995235870409,0.02392813509514058,0.27896772482945775,0.24036859029261654,1635.30232421875,1564.857901611328
2025-04-15,1808.199951171875,1820.0,1781.0999755859375,1798.800048828125,1761.71533203125,10313411,1761.71533203125,0.5187442469504826,1761.71533203125,0.0,0.024023734236943373,0.2782909326202039,0.24212628359135657,1639.1875415039062,1566.7759838867187
2025-04-16,1802.4000244140625,1826.5,1794.0999755859375,1822.5999755859373,1785.024658203125,6180958,1785.024658203125,0.5213390185225029,1785.024658203125,0.0,0.01323104008239473,0.2797439789035547,0.2395626189356925,1642.749560546875,1568.593663330078
2025-04-17,1834.0,1897.699951171875,1825.699951171875,1889.0999755859373,1850.1536865234373,10894325,1850.1536865234373,0.577174308695986,1850.1536865234373,0.0,0.03648634657286687,0.2491697853216855,0.24472476619376218,1647.8972021484376,1570.6576098632813
2025-04-21,1898.4000244140625,1904.300048828125,1868.5999755859373,1883.4000244140625,1844.5711669921875,3501123,1844.5711669921875,0.5405041865341536,1850.1536865234373,-0.0030173274641522863,-0.0030173274641522863,0.24872145882259156,0.2439251830296852,1652.9929345703124,1572.8482598876953
2025-04-22,1888.0,1888.0,1836.800048828125,1852.199951171875,1814.014404296875,6155127,1814.014404296875,0.5197438064206092,1850.1536865234373,-0.019533124458687712,-0.016565781381663536,0.25136555765079466,0.24587582445687192,1656.9075317382812,1574.8376721191407
2025-04-23,1867.0,1885.9000244140625,1836.0999755859373,1881.5999755859373,1842.8082275390625,6855027,1842.8082275390625,0.5451273370300647,1850.1536865234373,-0.003970188551296716,0.015872984896913245,0.2449173664146964,0.24537195488863822,1661.2197583007812,1577.1417388916016
2025-04-24,1874.5,1877.800048828125,1839.5,1845.5999755859373,1807.5504150390625,5180688,1807.5504150390625,0.5256568227187841,1850.1536865234373,-0.02302688246641238,-0.01913265415961607,0.2548247353476562,0.24787821613004885,1664.846416015625,1579.2651342773438
2025-04-25,1846.699951171875,1861.699951171875,1806.0,1817.199951171875,1779.73583984375,4570083,1779.73583984375,0.44367129644482617,1850.1536865234373,-0.03806053907446316,-0.01538799414051828,0.2611335590148681,0.24843784177806566,1668.7139990234375,1581.2338732910157
2025-04-28,1836.0,1838.9000244140625,1813.4000244140625,1821.800048828125,1784.2412109375,3301891,1784.2412109375,0.4212199609177987,1850.1536865234373,-0.03562540564389072,0.00253148303972206,0.2609401323754344,0.2376897771451951,1671.5551928710938,1583.1927551269532
2025-04-29,1823.699951171875,1847.800048828125,1817.5999755859373,1823.800048828125,1786.1998291015625,4684155,1786.1998291015625,0.413405091795922,1850.1536865234373,-0.034566781066738494,0.0010977317147793375,0.25668475430141013,0.23675935295542808,1674.116279296875,1585.1348901367187
2025-04-30,1837.0,1876.9000244140625,1827.0,1864.5,1826.060791015625,9139821,1826.060791015625,0.3967225629326683,1850.1536865234373,-0.013022104965282333,0.022316070836325252,0.25823287293712494,0.2340295129938376,1677.4021118164062,1587.2743811035157
2025-05-02,1852.0,1883.5999755859373,1832.0999755859373,1848.199951171875,1810.0968017578125,3866806,1810.0968017578125,0.3906761949921709,1850.1536865234373,-0.021650571548407105,-0.008742309859757547,0.25920371123269925,0.23408473574265173,1680.0787670898437,1589.287789916992
2025-05-05,1868.0,1873.5,1849.199951171875,1866.0,1827.5299072265625,3548839,1827.5299072265625,0.4016575203761066,1850.1536865234373,-0.012228054059328697,0.00963103489924988,0.2596665435700622,0.23441355202327985,1683.0443408203125,1591.4229400634765
2025-05-06,1888.300048828125,1912.0,1882.5999755859373,1901.0,1861.8082275390625,8597920,1861.8082275390625,0.44162435444681436,1861.8082275390625,0.0,0.018756639865073588,0.2625424843051734,0.23458880955617292,1686.6474926757812,1593.752368774414
2025-05-07,1901.0,1917.0,1885.5,1896.800048828125,1857.6949462890625,5554616,1857.6949462890625,0.4314763560812058,1861.8082275390625,-0.0022092937334565743,-0.0022092937334565743,0.2627644127082706,0.23463125832573425,1690.9812646484374,1596.0400482177733
2025-05-08,1897.0,1905.800048828125,1862.4000244140625,1874.9000244140625,1836.2464599609373,5500724,1836.2464599609373,0.4258098877306762,1861.8082275390625,-0.013729538413262188,-0.011545752638758455,0.24292928341832495,0.23564933050922346,1695.0163256835938,1598.0797485351563
2025-05-09,1855.0,1871.0999755859373,1836.5,1848.4000244140625,1810.292724609375,3686209,1810.292724609375,0.4253293869848349,1861.8082275390625,-0.02766960751794545,-0.014134124104513979,0.24654086184454868,0.23679749874164524,1698.9965405273438,1599.906163330078
2025-05-12,1868.9000244140625,1883.4000244140625,1854.0,1870.800048828125,1832.23095703125,3936019,1832.23095703125,0.4726989722450834,1861.8082275390625,-0.015886314213418018,0.012118610500745808,0.24731224955467657,0.2374205202612154,1703.448818359375,1601.948917236328
2025-05-13,1870.0,1883.699951171875,1816.5999755859373,1820.5999755859373,1783.0657958984375,8817763,1783.0657958984375,0.4264810548960154,1861.8082275390625,-0.042293524368353874,-0.02683349549582681,0.2615567968893322,0.24167554051298784,1707.0010400390624,1603.728070678711
2025-05-14,1830.0,1870.699951171875,1820.199951171875,1834.199951171875,1796.3853759765625,7401614,1796.3853759765625,0.4340641355357284,1861.8082275390625,-0.035139414787620726,0.007470044071712811,0.26194877605477673,0.2418641149297316,1711.5630053710938,1605.5723614501953
2025-05-15,1849.9000244140625,1869.9000244140625,1825.0,1867.199951171875,1828.7049560546875,8788351,1828.7049560546875,0.4570893618842391,1861.8082275390625,-0.01778017251977171,0.01799145133908442,0.2642307545502763,0.24333527938632307,1715.9858984375,1607.6293829345702
2025-05-16,1834.0,1834.0,1810.0999755859373,1814.0,1776.6019287109375,100662047,1776.6019287109375,0.4301689817367025,1861.8082275390625,-0.04576534659573972,-0.028491762529128217,0.2791906661416959,0.24827851454043864,1719.1904418945312,1609.4553509521484
2025-05-19,1822.0,1828.699951171875,1809.0,1818.300048828125,1780.813232421875,5799804,1780.813232421875,0.4052438120923185,1861.8082275390625,-0.043503403798062834,0.0023704261730668197,0.27840347660024367,0.24789531856588437,1724.0501440429687,1610.9846221923829
2025-05-20,1809.800048828125,1824.9000244140625,1799.5,1808.9000244140625,1771.6070556640625,12512596,1771.6070556640625,0.41450346540071914,1861.8082275390625,-0.04844815407987957,-0.005169647546526934,0.2750312847487219,0.24778252581918797,1728.2242749023437,1612.6288092041016
2025-05-21,1813.0,1826.5,1805.300048828125,1822.5,1784.9267578125,6849562,1784.9267578125,0.42696900491052103,1861.8082275390625,-0.04129397893368658,0.007518429160604523,0.2750077485328442,0.24798260372645556,1733.0653686523438,1614.3931622314453
2025-05-22,1819.9000244140625,1836.699951171875,1816.300048828125,1831.4000244140625,1793.643310546875,6496923,1793.643310546875,0.40591356232711373,1861.8082275390625,-0.03661221171113194,0.00488342319718349,0.27501379954355787,0.2479682742790547,1737.2404833984374,1616.097858276367
2025-05-23,1825.0,1841.800048828125,1821.5,1831.699951171875,1793.93701171875,3460945,1793.93701171875,0.3693463651680504,1861.8082275390625,-0.03645446121485063,0.00016374558427978414,0.2551122669028613,0.24791764736823618,1741.2520385742187,1617.736089477539
2025-05-26,1834.0,1850.0,1830.9000244140625,1847.4000244140625,1809.313232421875,3254715,1809.313232421875,0.3817510235024273,1861.8082275390625,-0.028195704767389196,0.008571215490109863,0.2505506319933297,0.24810818056611275,1745.4966870117187,1619.5081781005858
2025-05-27,1844.0,1857.5999755859373,1833.699951171875,1843.800048828125,1805.78759765625,5847725,1805.78759765625,0.379212185464497,1861.8082275390625,-0.03008936637736348,-0.0019486038693840024,0.25040278945139977,0.24718127136090673,1749.6659252929687,1621.3994799804686
2025-05-28,1848.0,1867.0,1845.0999755859373,1856.0999755859373,1817.833984375,3713699,1817.833984375,0.38470483621662876,1861.8082275390625,-0.023619104542355385,0.00667098762577889,0.24245478070301726,0.24732026461651185,1753.4492846679686,1623.4588787841797
2025-05-29,1858.0,1867.0,1850.5,1863.5999755859373,1825.1793212890625,5786774,1825.1793212890625,0.36384084370604564,1861.8082275390625,-0.019673834129745993,0.004040708324961839,0.23339433262365436,0.24730412898628545,1757.7732641601563,1625.524644165039
2025-05-30,1854.0,1867.0,1843.0,1856.199951171875,1817.9317626953125,16712960,1817.9317626953125,0.3442881215545417,1861.8082275390625,-0.02356658660905475,-0.003970874811704106,0.23105649320768035,0.24659192153078335,1762.1550244140626,1627.5049572753906
2025-06-02,1844.0,1859.0,1831.5,1854.0999755859373,1815.8751220703125,3199499,1815.8751220703125,0.3467927360564369,1861.8082275390625,-0.02467123347578304,-0.0011313079331155551,0.20465895582174673,0.24657408265006744,1766.3653930664063,1629.4147552490235
2025-06-03,1867.0,1869.5,1832.0,1841.300048828125,1803.3392333984373,5596977,1803.3392333984373,0.35046965369439076,1861.8082275390625,-0.031404412804593496,-0.006903497118008195,0.20537597902923124,0.24670434965408133,1770.3250439453125,1631.2888067626952
2025-06-04,1855.0,1884.5999755859373,1850.0,1875.4000244140625,1836.736083984375,5892170,1836.736083984375,0.3694367045145823,1861.8082275390625,-0.013466555354000098,0.018519449900172402,0.2069496709527434,0.24769823804495916,1774.9918090820313,1633.3244561767578
2025-06-05,1884.0,1889.0,1868.5999755859373,1878.800048828125,1840.06591796875,8999675,1840.06591796875,0.37186954906508074,1861.8082275390625,-0.011678060741546648,0.0018129082416411535,0.2018208200246109,0.24768087885011647,1778.3912475585937,1635.3179913330077
2025-06-06,1872.0999755859373,1881.9000244140625,1867.300048828125,1870.199951171875,1831.6431884765625,4644174,1831.6431884765625,0.3699669889254582,1861.8082275390625,-0.016202011902360147,-0.0045774063906826035,0.19407254005486926,0.24789709878229726,1781.21970703125,1637.211383666992
2025-06-09,1874.0,1875.0,1848.699951171875,1865.0999755859373,1826.6483154296875,3649505,1826.6483154296875,0.3482090479973281,1861.8082275390625,-0.018884819386500107,-0.0027269902120125034,0.18844528334840605,0.24791907115668083,1784.085380859375,1639.1478692626954
2025-06-10,1866.5999755859373,1875.5999755859373,1850.300048828125,1857.0999755859373,1818.8133544921875,7925901,1818.8133544921875,0.43683099308688034,1861.8082275390625,-0.023093072858371477,-0.004289255283197124,0.18897958264977543,0.24383196997575743,1786.5651806640626,1641.1455670166015
2025-06-11,1857.9000244140625,1866.5,1847.800048828125,1860.199951171875,1821.849365234375,8907265,1821.849365234375,0.3914282310037558,1861.8082275390625,-0.021462394307659283,0.0016692261109085837,0.18899706582204434,0.24344909641830004,1788.9480200195312,1643.0884191894531
2025-06-12,1871.9000244140625,1883.0,1831.5999755859373,1844.199951171875,1806.17919921875,7346031,1806.17919921875,0.3530404642333882,1861.8082275390625,-0.02987903238232159,-0.008601241307131358,0.1793024548425105,0.2431196433274143,1791.2887475585937,1644.84078125
2025-06-13,1815.0,1844.5999755859373,1815.0,1840.4000244140625,1802.4576416015625,4613000,1802.4576416015625,0.29847841537392483,1861.8082275390625,-0.03187792655527666,-0.0020604586847181583,0.17760735527287147,0.23991998933938607,1793.3846264648437,1646.4746380615234
2025-06-16,1842.0999755859373,1870.0,1838.800048828125,1861.300048828125,1822.9267578125,5722187,1822.9267578125,0.3124873988723804,1861.8082275390625,-0.020883713559455064,0.011356225932027897,0.17849521341292357,0.23986594965517374,1796.0710766601562,1648.1775408935546
2025-06-17,1879.0,1879.0,1847.5999755859373,1854.800048828125,1816.560791015625,6561555,1816.560791015625,0.3068042441180152,1861.8082275390625,-0.024302952288080437,-0.0034921681683547368,0.1695796075164307,0.23994778237219527,1798.0337622070313,1649.8035626220703
2025-06-18,1847.5999755859373,1871.0,1843.0999755859373,1865.9000244140625,1827.4320068359373,5069427,1827.4320068359373,0.30443427505298426,1861.8082275390625,-0.018463889134577305,0.005984504275375446,0.17063245456625384,0.23847392955366042,1800.38232421875,1651.319404296875
2025-06-19,1872.0,1879.0,1864.0999755859373,1877.0,1838.3031005859373,4712312,1838.3031005859373,0.32383662619773235,1861.8082275390625,-0.0126248915465339,0.005948836240874611,0.16830111985618565,0.23849627552823946,1802.9982592773438,1652.8428356933593
2025-06-20,1880.0,1949.0,1874.0,1936.699951171875,1896.772216796875,16228526,1896.772216796875,0.36436362218693197,1896.772216796875,0.0,0.03180602599881466,0.1862664999803348,0.24380600811345324,1807.8961547851563,1654.545248413086
2025-06-23,1930.0,1949.0,1927.0999755859373,1936.300048828125,1896.380615234375,2946463,1896.380615234375,0.3631747704803514,1896.772216796875,-0.00020645682124198483,-0.00020645682124198483,0.18363857451187932,0.23972929119685887,1812.1251342773437,1656.3323791503906
2025-06-24,1950.9000244140625,1963.0,1929.0999755859373,1933.5999755859373,1893.7362060546875,6837210,1893.7362060546875,0.3964704873108629,1896.772216796875,-0.0016006195764056708,-0.0013944506490121134,0.16358377531286733,0.23315616217975557,1816.3962255859376,1658.1589294433593
2025-06-25,1942.0,1970.0,1938.0,1965.5999755859373,1925.0765380859373,4152765,1925.0765380859373,0.4310928718716618,1925.0765380859373,0.0,0.016549470792736498,0.16824302767767807,0.23410005131208814,1820.4900512695312,1660.1358154296875
2025-06-26,1970.0,2018.4000244140625,1966.300048828125,2014.300048828125,1972.7724609375,9413241,1972.7724609375,0.43040515255399026,1972.7724609375,0.0,0.024776117680487486,0.17474314284190448,0.23724512888972474,1824.7111938476562,1662.4231658935546
2025-06-27,2010.0,2039.0,2008.5999755859373,2027.0999755859373,1985.30859375,6405854,1985.30859375,0.4356927438038065,1985.30859375,0.0,0.006354576141306634,0.14802764223875522,0.23708870149400968,1828.7168725585936,1664.8121276855468
2025-06-30,2018.0,2023.9000244140625,2000.199951171875,2009.5999755859373,1968.1693115234373,5597484,1968.1693115234373,0.42817713912873545,1985.30859375,-0.008633056986968812,-0.008633056986968812,0.15229313540563044,0.23775444146269112,1831.0771850585938,1667.0987432861327
2025-07-01,2009.0,2030.800048828125,2006.9000244140625,2019.4000244140625,1977.767333984375,3769165,1977.767333984375,0.39133518067579476,1985.30859375,-0.0037985327769022303,0.004876624386297657,0.15015839854672908,0.2378060536376679,1833.7411083984375,1669.260977783203
2025-07-02,2037.0,2045.800048828125,2018.300048828125,2033.300048828125,1991.380859375,6513288,1991.380859375,0.3854391323773838,1991.380859375,0.0,0.006883279522672314,0.15002997124562997,0.23380508587783888,1837.2884375,1671.4915246582032
2025-07-03,2041.800048828125,2044.9000244140625,2012.9000244140625,2019.300048828125,1977.66943359375,5558647,1977.66943359375,0.4061515596056995,1991.380859375,-0.006885385945485822,-0.006885385945485822,0.15306833935278166,0.23407585916464962,1839.9856616210936,1673.3158715820311
2025-07-04,2027.0,2036.5,2005.0999755859373,2017.199951171875,1975.6126708984373,2178315,1975.6126708984373,0.3950766803382444,1991.380859375,-0.007918218357040763,-0.0010399931658827688,0.1533225763022597,0.23249107260134474,1843.3469067382812,1675.190167236328
2025-07-07,2018.0,2036.0,2010.5999755859373,2033.9000244140625,1991.9683837890625,4165432,1991.9683837890625,0.4413717609511698,1991.9683837890625,0.0,0.008278805421503721,0.1532369621928497,0.23262683036454032,1847.5915576171874,1677.1413446044921
2025-07-08,2026.0,2035.0,2014.800048828125,2030.0,1988.1488037109373,3624619,1988.1488037109373,0.4376961538183137,1991.9683837890625,-0.0019174903122004539,-0.0019174903122004539,0.15322780641436362,0.23258832339341895,1851.6697094726562,1678.9446350097655
2025-07-09,2035.0,2040.699951171875,1998.5,2019.699951171875,1978.06103515625,2937734,1978.06103515625,0.4271847824038266,1991.9683837890625,-0.00698171153015914,-0.005073950468827193,0.15472732005331213,0.22888437433317743,1855.50693359375,1680.7310302734375
2025-07-10,2028.5999755859373,2028.5999755859373,1962.300048828125,1964.5,1923.9991455078125,5695845,1923.9991455078125,0.38172188270574603,1991.9683837890625,-0.03412164511966853,-0.02733074899489496,0.17766990466543087,0.2311657151411553,1857.4657006835937,1682.1983917236328
2025-07-11,1942.0,1959.0999755859373,1914.199951171875,1921.9000244140625,1882.2774658203125,13103980,1882.2774658203125,0.34662616790190515,1991.9683837890625,-0.05506659586639584,-0.021684874333188997,0.18969703673622113,0.23448732347458517,1858.9093139648437,1683.2274792480468
2025-07-14,1915.0,1927.5,1900.199951171875,1920.9000244140625,1881.298095703125,5269381,1881.298095703125,0.345550294977679,1991.9683837890625,-0.05555825533506897,-0.000520311237302451,0.18963923421505283,0.2184849342053457,1859.984677734375,1684.0621594238282
2025-07-15,1924.800048828125,1943.0,1923.199951171875,1934.199951171875,1894.3238525390625,4163140,1894.3238525390625,0.3459596494015722,1991.9683837890625,-0.04901911699234074,0.006923813331703332,0.18870582149707013,0.2173478037280313,1860.634990234375,1684.9316076660157
2025-07-16,1944.0,1944.0,1928.800048828125,1936.5999755859373,1896.67431640625,4211258,1896.67431640625,0.35428381415501486,1991.9683837890625,-0.04783914652377508,0.0012407930481563856,0.18185172849348843,0.2158601449253096,1861.4145776367188,1685.7944439697267
2025-07-17,1943.699951171875,1944.9000244140625,1927.5999755859373,1929.9000244140625,1890.112548828125,6256455,1890.112548828125,0.3540240010906486,1991.9683837890625,-0.051133258835760476,-0.003459617458498654,0.18232218231646877,0.21193179821567004,1862.4918994140626,1686.5720751953124
2025-07-18,1915.0999755859373,1916.0,1891.800048828125,1901.0,1877.372802734375,4643961,1877.372802734375,0.3408282384212242,1991.9683837890625,-0.057528815209761164,-0.00674020502199657,0.18299932648407682,0.21236359935428703,1863.8335009765624,1687.4647454833985
2025-07-21,1894.800048828125,1919.9000244140625,1892.5999755859373,1909.199951171875,1885.4708251953125,5109654,1885.4708251953125,0.3200744811030738,1991.9683837890625,-0.05346347836664633,0.0043134866176515185,0.18292894604548765,0.21240054628244928,1864.8982983398437,1688.5205731201172
2025-07-22,1909.199951171875,1911.300048828125,1883.0,1906.800048828125,1883.100830078125,4513541,1883.100830078125,0.3031751583101865,1991.9683837890625,-0.05465325383521047,-0.0012569778781604812,0.1823598548481791,0.2124471353582017,1866.8989990234375,1689.6176824951172
2025-07-23,1920.0,1949.0,1907.300048828125,1943.800048828125,1919.640869140625,5194282,1919.640869140625,0.3483652450854804,1991.9683837890625,-0.03630956958807663,0.019404186158732628,0.18982875995835097,0.21239640292669185,1869.3641088867187,1691.0211389160156
2025-07-24,1943.800048828125,1970.4000244140625,1933.699951171875,1936.0999755859373,1912.0364990234373,4150685,1912.0364990234373,0.3396787180195535,1991.9683837890625,-0.040127085056230305,-0.003961350396020746,0.18808505633078126,0.2113119630195995,1871.0307397460938,1692.5459680175782
2025-07-25,1936.0999755859373,1952.699951171875,1925.0,1937.9000244140625,1913.814208984375,3896884,1913.814208984375,0.3406498873853363,1991.9683837890625,-0.03923464621261963,0.0009297468755673499,0.1877278538403355,0.21085306555302788,1873.7749853515625,1693.976116333008
2025-07-28,1930.0,1930.0,1885.0,1890.300048828125,1866.805908203125,3575044,1866.805908203125,0.3171558879282568,1991.9683837890625,-0.06283356533393225,-0.024562625024190043,0.20070071442959547,0.21548303577067993,1875.4948388671876,1695.1937487792968
2025-07-29,1880.0,1923.5999755859373,1880.0,1918.300048828125,1894.4578857421875,3748040,1894.4578857421875,0.342246500834569,1991.9683837890625,-0.048951830179851274,0.014812454480433113,0.20422404673991906,0.21656158271744239,1877.95185546875,1696.448519897461
2025-07-30,1934.0,1939.199951171875,1922.0999755859373,1932.5999755859373,1908.580078125,5044683,1908.580078125,0.2939885775425428,1991.9683837890625,-0.04186226364970902,0.007454476813180788,0.2045499358195789,0.21669034553562638,1880.424921875,1697.773901977539
2025-07-31,1913.0,1926.5,1895.5999755859373,1914.300048828125,1890.507568359375,4674966,1890.507568359375,0.3103322238644697,1991.9683837890625,-0.050934952710791404,-0.009469086454774067,0.2065267243665915,0.2069160341466592,1882.36220703125,1698.963380126953
2025-08-01,1914.0,1919.699951171875,1878.0,1884.4000244140625,1860.9791259765625,5192594,1860.9791259765625,0.2995154714644557,1991.9683837890625,-0.06575870323972521,-0.015619319846700175,0.19017928887853716,0.20808379100623114,1883.7030493164064,1699.9650616455078
2025-08-04,1892.0,1919.9000244140625,1878.5,1914.5999755859373,1890.8037109375,3074380,1890.8037109375,0.301575254660456,1991.9683837890625,-0.050786284398314674,0.01602628667061845,0.19617034508014342,0.20936928357093482,1885.3328588867187,1701.0098474121094
2025-08-05,1920.0,1937.5999755859373,1912.0999755859373,1931.800048828125,1907.7900390625,5167672,1907.7900390625,0.30109939731202195,1991.9683837890625,-0.04225887589964705,0.008983654954102915,0.19783927454331843,0.20956068480728746,1887.3729077148437,1702.0577862548828
2025-08-06,1930.0,1964.800048828125,1921.5999755859373,1929.699951171875,1905.716064453125,5461349,1905.716064453125,0.3098645601830565,1991.9683837890625,-0.04330004433698442,-0.0010871084170217538,0.19177906035209108,0.20952872996399688,1889.1305493164064,1703.2559741210937
2025-08-07,1928.0999755859373,1933.300048828125,1909.0999755859373,1922.5999755859373,1898.704345703125,4268534,1898.704345703125,0.3300652462998437,1991.9683837890625,-0.046820039336434416,-0.003679309253245,0.176625307833583,0.20911204950108123,1890.6010498046876,1704.386294555664
2025-08-08,1886.300048828125,1893.800048828125,1856.0,1858.5999755859373,1835.499755859375,93801105,1835.499755859375,0.3055188604339263,1991.9683837890625,-0.07854975470647663,-0.033288273651864486,0.19794604653554193,0.21690553814471644,1890.9524096679688,1705.2755139160156
2025-08-11,1863.0,1866.0,1845.699951171875,1857.4000244140625,1834.314697265625,5266532,1834.314697265625,0.29906558295833285,1991.9683837890625,-0.07914467308138362,-0.0006456326621493425,0.19716031419306804,0.21666186461252024,1891.321201171875,1706.1602777099608
2025-08-12,1857.4000244140625,1865.0,1847.0999755859373,1850.300048828125,1827.302978515625,4645011,1827.302978515625,0.28514145662688173,1991.9683837890625,-0.08266466808083361,-0.0038225277050073503,0.19602914126329649,0.21496327855115635,1891.8004760742188,1707.041567993164
2025-08-13,1853.0,1872.5,1851.800048828125,1867.4000244140625,1844.1904296875,6697206,1844.1904296875,0.2861220863573197,1991.9683837890625,-0.07418689739465834,0.009241735700334264,0.19713245186726405,0.2152086843799671,1891.9495629882813,1708.0432885742186
2025-08-14,1873.0,1883.0,1866.800048828125,1873.800048828125,1850.5108642578125,3958631,1850.5108642578125,0.2953961411181141,1991.9683837890625,-0.07101393811390411,0.003427213626405967,0.19739603136232184,0.2152103235285997,1892.1584619140624,1709.1375775146485
2025-08-18,1892.5,1912.5999755859373,1870.300048828125,1892.300048828125,1868.781005859375,7146376,1868.781005859375,0.3071998458928762,1991.9683837890625,-0.061842034709087224,0.009873025851642403,0.20043383545042415,0.2080689746565919,1892.9012182617187,1710.3361938476562
2025-08-19,1901.0999755859373,1931.800048828125,1900.0,1909.699951171875,1885.964599609375,5706265,1885.964599609375,0.30846287970844566,1991.9683837890625,-0.053215595710435104,0.00919508155108728,0.20085032392516192,0.20611624077346796,1894.0875439453125,1711.749271850586
2025-08-20,1937.0,1952.0,1926.0,1928.4000244140625,1904.4322509765625,6962619,1904.4322509765625,0.31072160428985485,1991.9683837890625,-0.043944539243133685,0.009792151650679148,0.20361026082668404,0.20647626300952696,1895.799921875,1713.2730523681641
2025-08-21,1930.0,1940.9000244140625,1927.699951171875,1929.9000244140625,1905.9136962890625,3376913,1905.9136962890625,0.32414778353114393,1991.9683837890625,-0.04320082999324992,0.0007778934177051777,0.20338717549488763,0.2029524959444161,1897.4812084960938,1714.9058508300782
2025-08-22,1934.0,1947.699951171875,1917.4000244140625,1933.300048828125,1909.2713623046875,3271920,1909.2713623046875,0.34524526367820396,1991.9683837890625,-0.041515227931013254,0.0017617093691926211,0.1877301355637836,0.19925484275866587,1899.5430517578125,1716.5365844726562
2025-08-25,1940.0,1940.0999755859373,1913.199951171875,1930.699951171875,1906.70361328125,2451388,1906.70361328125,0.3303088271853978,1991.9683837890625,-0.04280427902456185,-0.001344884270582658,0.1764051248518963,0.19820567352945434,1901.6279711914062,1718.2778814697265
2025-08-26,1922.0999755859373,1925.800048828125,1896.199951171875,1904.699951171875,1881.0267333984373,5984656,1881.0267333984373,0.29217418648822013,1991.9683837890625,-0.0556944835537978,-0.013466634092450969,0.18098063699302067,0.19021104563670763,1902.789970703125,1719.9537194824218
2025-08-28,1893.0,1899.800048828125,1878.199951171875,1881.0999755859373,1857.7200927734373,5494113,1857.7200927734373,0.2588855225099682,1991.9683837890625,-0.06739479005196969,-0.01239038244974433,0.1832567602692646,0.19131107870413813,1903.6131567382813,1721.4131268310548
2025-08-29,1872.5,1900.0999755859373,1872.5,1888.800048828125,1865.324462890625,4339042,1865.324462890625,0.2583595341659406,1991.9683837890625,-0.06357727458381601,0.004093388528642716,0.18368975441243576,0.1893126085053104,1904.371005859375,1723.0231854248048
2025-09-01,1889.0,1904.800048828125,1884.199951171875,1900.5999755859373,1876.977783203125,3421488,1876.977783203125,0.2585708729141689,1991.9683837890625,-0.057727121334730125,0.006247342242239773,0.1844789501105072,0.18776103657989673,1905.1444995117188,1724.7204022216797
2025-09-02,1904.5,1917.5,1878.0,1887.199951171875,1863.7442626953125,4423049,1863.7442626953125,0.2227177601121444,1991.9683837890625,-0.06437056036494215,-0.007050440674491676,0.18457717584045175,0.1852975116319775,1904.4839404296874,1726.3972375488281
2025-09-03,1891.0,1892.0999755859373,1870.0,1883.9000244140625,1860.4853515625,3803044,1860.4853515625,0.21313572317151053,1991.9683837890625,-0.06600658589593644,-0.0017485827846893676,0.18413127632292745,0.1834012381191212,1903.76603515625,1728.081773071289
2025-09-04,1899.0,1903.5,1876.5999755859373,1880.4000244140625,1857.0289306640625,5205333,1857.0289306640625,0.19324118321845618,1991.9683837890625,-0.06774176448941538,-0.00185780602654817,0.1841643997355418,0.18341466141803212,1903.0318896484375,1729.774490966797
2025-09-05,1887.0,1910.699951171875,1875.699951171875,1895.300048828125,1871.74365234375,2620140,1871.74365234375,0.21624368461777332,1991.9683837890625,-0.06035473877181963,0.00792379775926566,0.1762738217504965,0.18383172299251524,1901.9652319335937,1731.5405377197267
2025-09-08,1898.0,1899.0,1884.0999755859373,1887.699951171875,1864.238037109375,2547552,1864.238037109375,0.21971090340628963,1991.9683837890625,-0.06412267770873081,-0.004009958962583715,0.17628149679743677,0.1802641424053976,1899.7945434570313,1733.3351647949219
2025-09-09,1892.0,1904.0,1883.0,1893.699951171875,1870.1634521484373,4517793,1870.1634521484373,0.22256929988970797,1991.9683837890625,-0.06114802455294577,0.003178464831803396,0.17659160581274824,0.179674855802691,1897.491640625,1735.215733642578
2025-09-10,1904.0,1905.0,1883.0,1891.4000244140625,1867.8922119140625,3566139,1867.8922119140625,0.23268612994857074,1991.9683837890625,-0.062288223490267414,-0.0012144608171898996,0.1615064140956845,0.17901697234567523,1895.4860986328124,1737.0866595458983
2025-09-11,1884.0,1916.0,1882.0999755859373,1913.0,1889.2236328125,4718266,1889.2236328125,0.25320284353151323,1991.9683837890625,-0.05157950889819074,0.011420049166851465,0.15909682749485912,0.17728852389461772,1893.715224609375,1738.8480438232423
2025-09-12,1925.0,1925.0,1901.5999755859373,1902.5999755859373,1878.952880859375,3192824,1878.952880859375,0.2436427291850949,1991.9683837890625,-0.0567355907098851,-0.005436493475277415,0.15820215394256787,0.17749607673816886,1891.4666650390625,1740.5117987060546
2025-09-15,1904.0,1913.0,1898.4000244140625,1904.5,1880.829345703125,3553258,1880.829345703125,0.21711284185930224,1991.9683837890625,-0.055793575335032264,0.0009986758384765704,0.15592224872296934,0.17638564820423555,1889.52986328125,1742.1922814941406
2025-09-16,1903.300048828125,1942.0,1902.5,1939.5,1915.394287109375,5427586,1915.394287109375,0.23951959670314804,1991.9683837890625,-0.03844142171274356,0.018377500056140583,0.15768666099908335,0.1772255911139506,1888.3254956054689,1744.043629760742
2025-09-17,1938.0999755859373,1950.0999755859373,1932.5999755859373,1941.300048828125,1917.1719970703125,4234637,1917.1719970703125,0.18872268044842078,1991.9683837890625,-0.037548982869132996,0.000928116979830973,0.15112735711406972,0.17616823349481,1886.8295678710938,1745.988338623047
2025-09-18,1944.5,1949.800048828125,1920.5,1941.0999755859373,1916.974365234375,5080814,1916.974365234375,0.19754497946485627,1991.9683837890625,-0.037648197212867496,-0.0001030850837794306,0.14897731405087014,0.16996634031895025,1885.4060791015625,1747.605189819336
2025-09-19,1930.199951171875,1976.800048828125,1927.800048828125,1962.4000244140625,1938.009765625,11287603,1938.009765625,0.20994564907575386,1991.9683837890625,-0.027088089652017477,0.010973229883568747,0.15213685857656187,0.1704523879350454,1884.6050537109375,1749.2466638183594
2025-09-22,1954.0,1966.0,1944.0,1956.199951171875,1931.88671875,4469137,1931.88671875,0.1870339362653577,1991.9683837890625,-0.030161957151537244,-0.0031594509912210578,0.15201705760798004,0.16810580714940482,1884.7628051757813,1750.970396118164
2025-09-23,1950.0,1955.0,1930.0999755859373,1938.699951171875,1914.604248046875,4348633,1914.604248046875,0.18128426204858972,1991.9683837890625,-0.038838033962681595,-0.008945902746465006,0.11722029958728249,0.16156094397138224,1885.4093408203125,1752.7862091064453
2025-09-24,1926.0,1937.300048828125,1918.800048828125,1931.0999755859373,1907.0986328125,5237977,1907.0986328125,0.16962111137031233,1991.9683837890625,-0.04260597289959278,-0.003920191466216361,0.11810591685164497,0.16173975058154758,1885.9253515625,1754.4114654541015
2025-09-25,1930.0,1950.0,1928.800048828125,1935.5999755859373,1911.542724609375,7133365,1911.542724609375,0.14022569530405815,1991.9683837890625,-0.04037496771244142,0.0023302894356969084,0.11711795109440166,0.1614408702909635,1886.2697290039061,1756.144638671875
2025-09-26,1931.0999755859373,1944.699951171875,1911.9000244140625,1916.5999755859373,1892.7789306640625,3239306,1892.7789306640625,0.10407187269430884,1991.9683837890625,-0.04979469249221957,-0.00981604737563313,0.1192190386179638,0.1620322617650282,1886.1918212890625,1757.7609771728517
2025-09-29,1928.0,1928.0,1897.5,1902.199951171875,1878.557861328125,5072608,1878.557861328125,0.09190915691491797,1991.9683837890625,-0.05693389683485406,-0.007513328210467907,0.12139622878029259,0.16245408461527727,1885.9607275390624,1759.4232464599609
2025-09-30,1896.0,1907.5999755859373,1875.199951171875,1878.4000244140625,1855.0537109375,5945625,1855.0537109375,0.07595042015706022,1991.9683837890625,-0.06873335639551037,-0.012511805398428222,0.12373878685124018,0.1639209352728035,1885.514345703125,1760.9320031738282
2025-10-01,1868.0,1877.0,1855.9000244140625,1867.5999755859373,1844.387939453125,5675393,1844.387939453125,0.06330133906123914,1991.9683837890625,-0.0740877443321738,-0.005749575562954856,0.12142052963294354,0.16365720311403206,1884.6926879882812,1762.2672106933594
2025-10-03,1851.199951171875,1900.300048828125,1848.0999755859373,1896.699951171875,1873.126220703125,5828332,1873.126220703125,0.10259212423008113,1991.9683837890625,-0.059660667334427986,0.01558147320054637,0.12681327553318622,0.1656027985802699,1884.4931958007812,1763.397449951172
2025-10-06,1892.5999755859373,1907.0,1887.5,1903.0999755859373,1879.4466552734373,2809218,1879.4466552734373,0.12252326841771821,1991.9683837890625,-0.05648770805367387,0.003374270511220301,0.12726691917620325,0.16534442500476318,1883.6893115234375,1764.653311767578
2025-10-07,1900.0,1946.0,1900.0,1929.0,1905.0247802734373,5713060,1905.0247802734373,0.1450675471121643,1991.9683837890625,-0.0436470800556803,0.013609391321765862,0.13352255869263066,0.1667066808460218,1883.5490771484374,1766.2684436035156
2025-10-08,1929.0,1962.5999755859373,1927.5999755859373,1943.5,1919.3446044921875,4957406,1919.3446044921875,0.17108215048477704,1991.9683837890625,-0.03645829918180343,0.0075168703142511895,0.1352293620168538,0.16693651435798595,1883.6596850585938,1768.0207928466798
2025-10-09,1945.0,1948.800048828125,1931.300048828125,1942.0,1917.86328125,3945737,1917.86328125,0.19339074917872012,1991.9683837890625,-0.03720194715043723,-0.0007717859725244747,0.12889251585128328,0.16692668649374431,1884.6808325195314,1769.7735711669923
2025-10-10,1937.0,1947.5999755859373,1935.4000244140625,1939.9000244140625,1915.789306640625,2512581,1915.789306640625,0.17693051667548954,1991.9683837890625,-0.03824311558777449,-0.0010813985697787354,0.12295935708934107,0.16646318658933823,1885.1074609375,1771.6246911621095
2025-10-13,1937.9000244140625,1965.9000244140625,1936.0,1954.9000244140625,1930.6029052734373,3672419,1930.6029052734373,0.18932260382368482,1991.9683837890625,-0.030806452057686617,0.0077323735869412324,0.12418682937528627,0.1641612390502255,1885.5479174804686,1773.5067858886719
2025-10-14,1964.0,1964.0,1939.199951171875,1946.5999755859373,1922.406005859375,4454239,1922.406005859375,0.1696998614484615,1991.9683837890625,-0.03492142671329357,-0.0042457718216794005,0.12418759829814476,0.16434815418354534,1886.1858862304687,1775.3625872802734
2025-10-15,1957.199951171875,1976.0,1951.5999755859373,1968.5,1944.0338134765625,3447352,1944.0338134765625,0.18285943517854308,1991.9683837890625,-0.024063921246240016,0.0112503849609642,0.1254210551012544,0.16508520645742253,1887.8469799804689,1777.2501354980468
2025-10-16,1962.300048828125,1986.9000244140625,1962.0,1967.4000244140625,1942.947509765625,3700674,1942.947509765625,0.1756828475756409,1991.9683837890625,-0.024609263089904854,-0.0005587884857799486,0.12520567820642856,0.16499703332758475,1888.8898559570312,1779.1305389404297
2025-10-17,1973.5999755859373,2034.300048828125,1970.300048828125,2012.0,1986.9931640625,6743801,1986.9931640625,0.19652049039156605,1991.9683837890625,-0.0024976399058597165,0.022669502946164544,0.13895482763667974,0.16879356541401264,1890.4739184570312,1781.2945849609375
2025-10-20,2026.0,2057.0,2019.699951171875,2051.5,2026.0023193359373,7387180,2026.0023193359373,0.20462970308441464,2026.0023193359373,0.0,0.01963225439270322,0.14698815856981848,0.17163579281067787,1892.8796435546874,1783.6495147705077
2025-10-21,2051.800048828125,2058.5,2038.5,2043.5,2018.1016845703125,240850,2018.1016845703125,0.188375330558733,2026.0023193359373,-0.0038996178287764582,-0.0038996178287764582,0.1469448311296966,0.1710519022494905,1895.2675903320312,1785.9260107421876
2025-10-23,2063.89990234375,2067.0,2003.5999755859373,2007.9000244140625,1982.9442138671875,8790128,1982.9442138671875,0.19018655143068686,2026.0023193359373,-0.021252742436574712,-0.017421060084299222,0.15805605093401237,0.1738129152399685,1898.2164794921875,1787.9581628417968
2025-10-24,2008.0,2033.0,2006.9000244140625,2029.300048828125,2004.0782470703125,3236799,2004.0782470703125,0.19815258334221864,2026.0023193359373,-0.01082134608454488,0.010657906084966973,0.15969394596589295,0.1737003638170204,1901.6117504882814,1790.149116821289
2025-10-27,2030.0,2094.0,2030.0,2080.10009765625,2054.246826171875,5796831,2054.246826171875,0.23924805278420425,2054.246826171875,0.0,0.025033243674443373,0.17086110759606446,0.17806277751462138,1906.1506274414062,1792.641841430664
2025-10-28,2092.0,2102.60009765625,2071.699951171875,2090.199951171875,2064.22119140625,9891522,2064.22119140625,0.2454860603976885,2064.22119140625,0.0,0.004855485284094296,0.16911805467563543,0.1779910074829954,1910.5512426757812,1795.1726849365234
2025-10-29,2083.0,2110.39990234375,2081.60009765625,2100.60009765625,2074.4921875,2742750,2074.4921875,0.25647228613508255,2074.4921875,0.0,0.004975724566974815,0.1690622193868607,0.17792828934980032,1915.030869140625,1797.7139947509766
2025-10-30,2070.0,2088.0,2058.60009765625,2066.300048828125,2040.618408203125,4222189,2040.618408203125,0.24136812028822274,2074.4921875,-0.016328709021409593,-0.016328709021409593,0.17210985827221495,0.17279880039906667,1918.4676171875,1800.0474945068358
2025-10-31,2056.0,2073.800048828125,2051.699951171875,2054.5,2028.9649658203125,4659723,2028.9649658203125,0.24350267556912053,2074.4921875,-0.021946200595025167,-0.00571074059508947,0.17359519686546612,0.1731411259773447,1921.3276245117188,1802.279389038086
2025-11-03,2055.0,2081.0,2047.199951171875,2074.0,2048.22265625,2979629,2048.22265625,0.2573051322190434,2074.4921875,-0.012663114090421201,0.009491386373890132,0.17483264008914293,0.17370594092337538,1924.2034326171874,1804.6991448974609
2025-11-04,2107.0,2135.60009765625,2103.5,2113.300048828125,2087.0341796875,12263078,2087.0341796875,0.3016718013100479,2087.0341796875,0.0,0.01894887907770637,0.17974254626881084,0.17436195683383632,1927.8258422851563,1807.2987573242187
2025-11-06,2115.0,2123.300048828125,2080.5,2094.89990234375,2068.86279296875,9546299,2068.86279296875,0.2933010198673789,2087.0341796875,-0.008706798813170824,-0.008706798813170824,0.18197470699709578,0.1703671027279493,1931.0176708984375,1809.7715203857422
2025-11-07,2048.0,2048.0,1995.5999755859373,2001.199951171875,1976.327392578125,70392750,1976.327392578125,0.2513517474170024,2087.0341796875,-0.053045028292709406,-0.04472766425357755,0.22559619254963192,0.18617855704878705,1932.410146484375,1811.6702014160155
2025-11-10,1995.0,2028.800048828125,1992.199951171875,2019.800048828125,1994.6962890625,7457061,1994.6962890625,0.2599742600734971,2087.0341796875,-0.044243592905040985,0.009294460297093243,0.22626219193635905,0.18623662845021935,1934.6835375976561,1813.6739483642577
2025-11-11,2020.0999755859373,2056.89990234375,2017.4000244140625,2042.300048828125,2016.9166259765625,14825625,2016.9166259765625,0.29418596317394163,2087.0341796875,-0.033596744314669746,0.011139709356207783,0.22794458230057024,0.18697371486341224,1937.8674682617188,1815.7219543457031
2025-11-12,2060.0,2079.800048828125,2054.89990234375,2073.800048828125,2048.025146484375,8210277,2048.025146484375,0.3248459096954297,2087.0341796875,-0.018691132892210693,0.015423800918270558,0.22841800538351795,0.1883678169525906,1941.5214819335938,1817.9989569091797
2025-11-13,2099.89990234375,2107.0,2079.0,2091.800048828125,2065.801513671875,5958875,2065.801513671875,0.31929400850526424,2087.0341796875,-0.010173607228035064,0.00867976021584238,0.22692313972065156,0.1884681520693961,1945.2979565429687,1820.3374182128907
2025-11-14,2090.0,2107.89990234375,2081.89990234375,2100.699951171875,2074.5908203125,6312655,2074.5908203125,0.34424524658980293,2087.0341796875,-0.005962221173044346,0.004254671410808708,0.22193760759819633,0.18854952610620884,1949.5148876953126,1822.699013671875
2025-11-17,2112.0,2122.0,2100.89990234375,2112.199951171875,2085.94775390625,5998770,2085.94775390625,0.35668361083760036,2087.0341796875,-0.0005205596495849729,0.005474300513890862,0.22010393995394822,0.1882849145138659,1954.0241357421876,1825.074301147461
2025-11-18,2122.0,2159.0,2110.300048828125,2149.199951171875,2122.488037109375,10972556,2122.488037109375,0.3887200364587069,2122.488037109375,0.0,0.017517353027993066,0.22104294771795574,0.19035145336859602,1959.3333178710936,1827.8389404296875
2025-11-19,2155.0,2166.199951171875,2146.699951171875,2159.800048828125,2132.956298828125,7419461,2132.956298828125,0.39996505130575666,2132.956298828125,0.0,0.004932071010872008,0.22103424494313728,0.19021375083428765,1964.5575708007811,1830.578794555664
2025-11-20,2153.10009765625,2169.300048828125,2149.89990234375,2158.300048828125,2131.474853515625,7452899,2131.474853515625,0.40368483062570704,2132.956298828125,-0.0006945502415187654,-0.0006945502415187654,0.21969486654151849,0.1841415576890143,1969.9023071289062,1833.398896484375
2025-11-21,2150.10009765625,2174.5,2148.60009765625,2162.699951171875,2135.820068359375,6720938,2135.820068359375,0.40650103582580255,2135.820068359375,0.0,0.002038595405703836,0.2194727409543046,0.18002438835039267,1975.215439453125,1836.0433782958985
2025-11-24,2162.10009765625,2165.800048828125,2140.39990234375,2152.10009765625,2125.35205078125,9686848,2125.35205078125,0.41190077039158424,2135.820068359375,-0.00490117015623226,-0.00490117015623226,0.22052143128990967,0.18031048413191456,1980.3646362304687,1838.706280517578
2025-11-25,2159.0,2170.699951171875,2138.699951171875,2161.60009765625,2134.73388671875,7102592,2134.73388671875,0.42882389491844064,2135.820068359375,-0.000508554843507647,0.004414250304579648,0.22009888151411455,0.18014242386078066,1985.2748413085938,1841.4310272216796
2025-11-26,2104.0,2134.89990234375,2097.5,2126.800048828125,2100.366455078125,43174047,2100.366455078125,0.40614351485006117,2135.820068359375,-0.016599531864350148,-0.0160991643288384,0.22704003045548193,0.18250500236456624,1989.7031127929688,1843.8414367675782
2025-11-27,2132.0,2136.89990234375,2103.800048828125,2115.60009765625,2089.3056640625,4444877,2089.3056640625,0.35938712703726283,2135.820068359375,-0.021778241054081326,-0.005266124389333604,0.2273386621960122,0.18266055988607405,1993.8726391601563,1846.1519805908204
2025-11-28,2118.0,2129.5,2096.39990234375,2101.60009765625,2075.479736328125,6263457,2075.479736328125,0.3423083560823421,2135.820068359375,-0.02825159896432672,-0.0066174748732032995,0.2275193901201229,0.1826456072775758,1997.0743481445313,1848.3982916259765
2025-12-01,2114.699951171875,2119.0,2083.10009765625,2089.699951171875,2063.7275390625,5058900,2063.7275390625,0.33597704080564217,2135.820068359375,-0.0337540274880237,-0.005662400388652622,0.22855187435848281,0.1829237899586688,2000.005458984375,1850.7851458740233
2025-12-02,2089.800048828125,2114.800048828125,2087.10009765625,2104.0,2077.849853515625,6591396,2077.849853515625,0.34477815451053706,2135.820068359375,-0.0271419000610289,0.006843109948293069,0.22064885243718504,0.18313403225671487,2003.22296875,1852.9634875488282
2025-12-03,2100.10009765625,2109.89990234375,2081.60009765625,2086.0,2060.073486328125,4357641,2060.073486328125,0.34801252661698423,2135.820068359375,-0.035464870451111796,-0.008555174069687088,0.21568350489811655,0.18121345546153528,2005.6642431640626,1854.9731274414062
2025-12-04,2094.800048828125,2108.5,2074.10009765625,2103.800048828125,2077.65234375,4611819,2077.65234375,0.3037443301527676,2135.820068359375,-0.027234374969636987,0.008533121531119514,0.21641528505498225,0.1814801065488454,2008.5795556640626,1857.052543334961
2025-12-05,2092.60009765625,2111.89990234375,2090.0,2108.800048828125,2082.590087890625,2938290,2082.590087890625,0.29376326375230954,2135.820068359375,-0.024922502254433154,0.002376597872824515,0.2092103444349715,0.1814949301195591,2011.9392724609374,1859.0841735839845
2025-12-08,2114.39990234375,2114.39990234375,2078.89990234375,2086.199951171875,2060.27099609375,4327091,2060.27099609375,0.2981026627512249,2135.820068359375,-0.0353723955425036,-0.01071698743149263,0.2104441226630231,0.17740501116089963,2015.0027197265624,1860.9892724609374
2025-12-09,2086.800048828125,2100.39990234375,2080.39990234375,2089.699951171875,2063.7275390625,5139229,2063.7275390625,0.33019990699804325,2135.820068359375,-0.0337540274880237,0.0016777127743405895,0.19777978359867313,0.17589767538867832,2018.046416015625,1862.899656982422
2025-12-10,2072.0,2096.89990234375,2062.199951171875,2067.0,2041.3095703125,3987451,2041.3095703125,0.29029611735436034,2135.820068359375,-0.04425021538423557,-0.010862852932700617,0.19982114841327714,0.17666699806141742,2021.0170288085938,1864.9011730957031
2025-12-11,2066.0,2069.199951171875,2038.0,2053.199951171875,2027.68115234375,3254850,2027.68115234375,0.29571901180110927,2135.820068359375,-0.050631098385872764,-0.006676311210682129,0.20000430027923416,0.17626831306569396,2023.9994946289062,1866.8671118164064
2025-12-12,2053.10009765625,2087.10009765625,2050.60009765625,2083.39990234375,2057.505615234375,2706420,2057.505615234375,0.3109212443289626,2135.820068359375,-0.03666715857069225,0.014708655182868124,0.1991333849488011,0.17555377695491967,2028.0485327148438,1869.0982299804687
2025-12-15,2070.10009765625,2078.89990234375,2061.5,2069.699951171875,2043.97607421875,3233614,2043.97607421875,0.32201719228112746,2135.820068359375,-0.04300174696418824,-0.006575700652016847,0.1993778388128728,0.17420931593544853,2032.0402954101562,1871.270025024414
2025-12-16,2070.10009765625,2106.60009765625,2070.10009765625,2102.0,2075.87451171875,5756692,2075.87451171875,0.33642654145460793,2135.820068359375,-0.02806676345478487,0.015606071862750204,0.2025831255236231,0.17542483475199377,2036.0952612304689,1873.6221240234374
2025-12-17,2117.60009765625,2128.0,2096.39990234375,2108.0,2081.800048828125,6412516,2081.800048828125,0.31981155306973075,2135.820068359375,-0.025292401888865723,0.002854477511007536,0.1950971810468735,0.1754160832365935,2040.1423291015626,1876.189688720703
2025-12-18,2099.0,2116.60009765625,2088.10009765625,2092.0,2065.9990234375,3760341,2065.9990234375,0.25434166469896025,2135.820068359375,-0.03269050888519265,-0.007590078307241677,0.1946910251614126,0.17583574978187702,2043.3618139648438,1878.4818823242188
2025-12-19,2113.89990234375,2115.0,2082.0,2097.699951171875,2071.6279296875,10127415,2071.6279296875,0.2722843687182894,2135.820068359375,-0.030055031143697453,0.0027245444872643354,0.14110295241271226,0.16600296961497676,2046.40748046875,1880.7581481933594
2025-12-22,2118.0,2151.699951171875,2101.699951171875,2147.60009765625,2120.907958984375,7670853,2120.907958984375,0.3406511292556922,2135.820068359375,-0.006981912753753039,0.02378806956146251,0.15365684120472134,0.1701340049101198,2050.4683740234377,1883.6735473632812
2025-12-23,2157.0,2164.0,2119.199951171875,2122.89990234375,2096.5146484375,4110853,2096.5146484375,0.33631740877180616,2135.820068359375,-0.018402964043720882,-0.011501352731287828,0.1560653152431563,0.1713171831130516,2054.082880859375,1886.3416180419922
2025-12-24,2111.0,2137.199951171875,2111.0,2123.699951171875,2097.304931640625,3145464,2097.304931640625,0.33815781193241046,2135.820068359375,-0.018032950101613765,0.00037695095701528736,0.1502484927364944,0.17083703022785648,2057.416921386719,1889.1137823486329
2025-12-26,2123.0,2123.0,2101.800048828125,2105.39990234375,2079.232177734375,1297870,2079.232177734375,0.3452891103902602,2135.820068359375,-0.026494690008446176,-0.008617132222214607,0.1507642353228247,0.1716367551503046,2060.553444824219,1891.5855053710939
2025-12-29,2105.39990234375,2112.699951171875,2079.39990234375,2081.60009765625,2055.728271484375,2371034,2055.728271484375,0.3227058858180747,2135.820068359375,-0.03749931844049126,-0.011304127793756447,0.1538927794473434,0.17231719852350413,2062.787333984375,1893.8973504638673
2025-12-30,2077.0,2102.800048828125,2071.60009765625,2099.800048828125,2073.701904296875,6983390,2073.701904296875,0.33679781834864486,2135.820068359375,-0.029083987449474602,0.008743194838451096,0.15523682361985827,0.172258876030343,2065.402421875,1896.280455932617
2025-12-31,2096.0,2121.0,2090.10009765625,2105.60009765625,2079.429931640625,2991434,2079.429931640625,0.3274164366990453,2135.820068359375,-0.026402100792163652,0.0027622231198616287,0.14627613728604857,0.17165661498441281,2067.2511572265626,1898.6909771728515
2026-01-01,2114.800048828125,2123.89990234375,2107.0,2110.39990234375,2084.170166015625,2097756,2084.170166015625,0.330151444716263,2135.820068359375,-0.024182702985567905,0.0022795836026368033,0.14559825169718024,0.17166863206432545,2068.414514160156,1900.9684979248048
2026-01-02,2108.0,2125.0,2098.0,2106.300048828125,2080.121337890625,2927138,2080.121337890625,0.33840098178783573,2135.820068359375,-0.026078381458197852,-0.0019426571740733811,0.14564050777221066,0.17173716017203067,2069.6549072265625,1903.3242028808593
2026-01-05,2102.10009765625,2112.10009765625,2096.5,2105.0,2078.83740234375,2642580,2078.83740234375,0.3368588648098463,2135.820068359375,-0.026679525517988134,-0.0006172406981685974,0.1453983380295296,0.1717132145006971,2071.572770996094,1905.7241711425781
2026-01-06,2106.800048828125,2121.800048828125,2087.5,2105.300048828125,2079.133544921875,9119265,2079.133544921875,0.33038791396478095,2135.820068359375,-0.026540870308913056,0.0001424558639320228,0.14491438971323536,0.1699636812259481,2073.073876953125,1908.093055419922
2026-01-07,2095.60009765625,2103.800048828125,2077.0,2084.199951171875,2058.2958984375,4171371,2058.2958984375,0.30559967590673676,2135.820068359375,-0.03629714462858524,-0.010022274199398717,0.1465250641350006,0.16947419879097297,2073.1548583984377,1910.3577514648437
2026-01-08,2088.0,2092.0,2055.0,2066.300048828125,2040.618408203125,5534929,2040.618408203125,0.3031705482255267,2135.820068359375,-0.04457382041052682,-0.008588410562249238,0.14140438717228657,0.1701874564280545,2072.682802734375,1912.5438543701173
2026-01-09,2070.199951171875,2084.0,2023.199951171875,2027.0999755859373,2001.905517578125,4165409,2001.905517578125,0.28681819572813283,2135.820068359375,-0.06269935972842322,-0.018971156228610564,0.150357381367538,0.17321385519002186,2071.2310693359377,1914.2029119873048
2026-01-12,2023.5,2048.800048828125,2001.300048828125,2044.0,2018.595458984375,4689135,2018.595458984375,0.2955888659956003,2135.820068359375,-0.05488505848952241,0.008337027526874152,0.15206814094727172,0.17315915059831746,2070.7906103515625,1915.844788208008
2026-01-13,2047.0,2049.89990234375,2014.9000244140625,2026.9000244140625,2001.7080078125,7388496,2001.7080078125,0.27804199942044616,2135.820068359375,-0.06279183463703142,-0.008365941326535897,0.15300569312919524,0.17380358490469824,2070.245471191406,1917.436505126953
2026-01-14,2015.0999755859373,2034.0,2008.699951171875,2022.5,1997.3626708984373,4842964,1997.3626708984373,0.26903821603686784,2135.820068359375,-0.06482633978024821,-0.0021708145729063544,0.15122499900957226,0.17381829707734264,2069.228271484375,1918.9492016601562
2026-01-15,2022.5,2022.5,2022.5,2022.5,1997.3626708984373,0,1997.3626708984373,0.26208787119023436,2135.820068359375,-0.06482633978024821,0.0,0.14966949487659328,0.17341294975088575,2067.4348413085936,1920.4224780273437
2026-01-16,2020.0,2029.699951171875,1988.699951171875,2016.4000244140625,1991.3385009765625,7310676,1991.3385009765625,0.273013361726143,2135.820068359375,-0.06764688164663402,-0.0030160621351579264,0.1470051556599242,0.1733431590680196,2065.88435546875,1921.9334564208984
2026-01-19,2023.0,2023.0,1996.300048828125,2010.0,1985.01806640625,4272071,1985.01806640625,0.2666729969412933,2135.820068359375,-0.07060613587593223,-0.0031739629235375544,0.1466550236341363,0.17342144990547426,2066.0581689453124,1923.3702282714844
2026-01-20,2018.0,2018.0,1977.0999755859373,1996.0,1971.1920166015625,6076838,1971.1920166015625,0.2520988816638985,2135.820068359375,-0.07707955094001484,-0.006965200991706166,0.14501267255862135,0.17386963305298458,2065.5880834960935,1924.7831671142578
2026-01-21,1977.0,2007.0999755859373,1967.0,1996.0999755859373,1971.290771484375,7952295,1971.290771484375,0.2346872437501315,2135.820068359375,-0.07703331348571085,5.0099067965270194e-05,0.1447859238239965,0.17291520368140106,2064.67556640625,1926.0474884033204
2026-01-22,2008.800048828125,2018.9000244140625,1990.0,2002.199951171875,1977.31494140625,6722567,1977.31494140625,0.24051493944567048,2135.820068359375,-0.07421277161932482,0.003055951972696036,0.14255571686453408,0.17266904558637924,2063.2613623046873,1927.3840435791017
2026-01-23,2009.0,2011.699951171875,1980.0999755859373,1984.699951171875,1960.032470703125,4340925,1960.032470703125,0.21944481742715638,2135.820068359375,-0.08230449758405012,-0.008740373291689085,0.14339016625994513,0.17337707657864704,2061.1459814453124,1928.646674194336
2026-01-27,1972.0999755859373,2003.800048828125,1962.699951171875,1973.4000244140625,1948.873046875,10510891,1948.873046875,0.2236863637091786,2135.820068359375,-0.08752938707424818,-0.005693489263533302,0.13584923731264031,0.17101882910878768,2058.6316259765626,1930.1316522216796
2026-01-28,1995.0,1995.0,1939.0,1957.699951171875,1933.3680419921875,9426909,1933.3680419921875,0.20978464923339657,2135.820068359375,-0.09478889601533735,-0.0079558824561069,0.13633143682551174,0.1715643346575035,2055.5800317382814,1931.3738342285155
2026-01-29,1964.0,1970.5,1939.0,1967.9000244140625,1943.44140625,6065044,1943.44140625,0.2129287259224384,2135.820068359375,-0.09007250421480972,0.0052102672843565845,0.1278521759150817,0.17177226958784578,2051.999099121094,1932.6901330566407
2026-01-30,1925.5999755859373,1974.0,1925.5999755859373,1968.699951171875,1944.2313232421875,7683747,1944.2313232421875,0.20692971643127578,2135.820068359375,-0.08970266173421426,0.0004064526924492107,0.12721249900142997,0.170804913521211,2048.224599609375,1933.8093634033203
2026-02-02,1936.0999755859373,1969.800048828125,1926.5,1965.4000244140625,1940.972412109375,5326225,1940.972412109375,0.2366345910280243,2135.820068359375,-0.09122849772624886,-0.0016761951594206348,0.12620408343054,0.17074296250262005,2044.41455078125,1934.705648803711
2026-02-03,2050.0,2050.0,1980.0999755859373,1997.300048828125,1972.4759521484373,6915795,1972.4759521484373,0.24447572861818756,2135.820068359375,-0.07647840688022478,0.016230802582518633,0.13630880291137634,0.17215377512965604,2041.1476684570312,1935.6429052734375
2026-02-04,2008.0,2034.5999755859373,1998.4000244140625,2025.800048828125,2000.6217041015625,7464725,2000.6217041015625,0.27635076184601215,2135.820068359375,-0.06330044663437628,0.014269249732788092,0.12305108704956523,0.17354948321224858,2038.6530615234376,1936.395245361328
2026-02-05,2012.0,2022.9000244140625,1985.0,1992.4000244140625,1967.6368408203125,7708690,1967.6368408203125,0.22447433777129744,2135.820068359375,-0.07874409929496173,-0.016487306527579015,0.12720475419781363,0.17585676799698566,2035.3111206054687,1937.0105737304686
2026-02-06,1994.0,2049.699951171875,1988.5,2038.4000244140625,2013.0650634765625,13870403,2013.0650634765625,0.26387553327199553,2135.820068359375,-0.05747441308438794,0.023087706894790117,0.14657393584081949,0.1790440631897094,2033.5650927734375,1938.0058270263671
2026-02-09,2051.199951171875,2055.199951171875,2028.699951171875,2038.199951171875,2012.8675537109373,7570161,2012.8675537109373,0.26612600361730276,2135.820068359375,-0.05756688799299625,-9.811395031822379e-05,0.1449614448446946,0.1785044356070847,2032.0363305664061,1938.8561236572266
2026-02-10,2052.0,2057.0,2008.4000244140625,2011.300048828125,1986.302001953125,9077763,1986.302001953125,0.2274120808898734,2135.820068359375,-0.07000499181614206,-0.013197863768451001,0.14622496531558873,0.17865325800349577,2030.2527758789063,1939.7498815917968
2026-02-11,2012.9000244140625,2021.0,1996.699951171875,2012.0999755859373,1987.0919189453125,7423601,1987.0919189453125,0.22117484347520855,2135.820068359375,-0.0696351493355466,0.0003976822212385933,0.14331297472144347,0.17830874106729444,2028.7200634765625,1940.7866619873048
2026-02-12,2019.199951171875,2027.0,2009.0999755859373,2014.5,1989.462158203125,7437690,1989.462158203125,0.22336779819567276,2135.820068359375,-0.06852539327841156,0.0011928181254294845,0.14299045330895346,0.17656921847913704,2026.9523095703125,1941.8127667236329
2026-02-13,2013.9000244140625,2024.199951171875,1992.0,2004.699951171875,1979.783935546875,4808543,1979.783935546875,0.24800679992680497,2135.820068359375,-0.07305677810788569,-0.004864743275635575,0.1428772701497258,0.17675811951257295,2025.3465185546875,1942.7806872558594
2026-02-16,2010.0,2032.199951171875,1995.0,2029.4000244140625,2004.177001953125,3455964,2004.177001953125,0.22043573095198155,2135.820068359375,-0.06163584112559228,0.012321075026559436,0.14851226696575842,0.1765034183467831,2023.87701171875,1943.6712683105468
2026-02-17,2028.0,2038.5,2014.199951171875,2020.300048828125,1995.1900634765625,4471158,1995.1900634765625,0.20326597037235095,2135.820068359375,-0.06584356377493783,-0.004484104182317483,0.14880372455002103,0.17631891701808983,2022.1290112304687,1944.5967346191405
2026-02-18,2020.0999755859373,2028.5999755859373,2015.0,2021.800048828125,1996.6715087890625,2182669,1996.6715087890625,0.20153361296851813,2135.820068359375,-0.06514994480653935,0.000742508365302541,0.14886531963263025,0.1763063951562451,2020.857021484375,1945.4424426269532
2026-02-19,2032.0,2032.0,1974.800048828125,1988.5999755859373,1963.884033203125,4712417,1963.884033203125,0.17158394416527,2135.820068359375,-0.08050117971235393,-0.01642106648069641,0.15321279603465196,0.17855230711714276,2018.8601513671874,1945.9528216552735
2026-02-20,1981.0999755859373,1993.699951171875,1971.0,1977.4000244140625,1952.8232421875,5180301,1952.8232421875,0.16291309966702117,2135.820068359375,-0.08567988890208511,-0.005632099873832508,0.15226410154602935,0.17838562084486356,2017.0904248046875,1946.4284631347657
2026-02-23,1994.0,2000.5,1983.9000244140625,1997.300048828125,1972.4759521484373,3728878,1972.4759521484373,0.17294039045354093,2135.820068359375,-0.07647840688022478,0.010063742348192628,0.14632004610999622,0.178984181955081,2015.9863208007812,1947.109610595703
2026-02-24,1997.300048828125,1997.300048828125,1921.800048828125,1941.0,1916.8756103515625,10006761,1916.8756103515625,0.1681098084046535,2135.820068359375,-0.10251072234563008,-0.028188096152104825,0.1644274244340862,0.1842707248123926,2013.173720703125,1947.642525024414
2026-02-25,1955.0,1961.800048828125,1904.0,1913.4000244140625,1889.6187744140625,8285195,1889.6187744140625,0.1560883420701027,2135.820068359375,-0.11527248834890447,-0.014219407764545,0.1673479921340389,0.18578084334597786,2010.0865747070313,1947.9294641113281
2026-02-26,1914.0,1935.0,1904.5,1929.5999755859373,1905.6173095703125,10795028,1905.6173095703125,0.18267151892682998,2135.820068359375,-0.10778190644396946,0.008466541173740572,0.16999806526784345,0.182309165711805,2006.6814306640624,1948.5422216796876
2026-02-27,1910.0,1915.0,1870.0999755859373,1879.300048828125,1855.942626953125,13754648,1855.942626953125,0.15303364186045143,2135.820068359375,-0.1310398031896185,-0.026067501784179492,0.18418168774722915,0.1841204927795299,2002.1642822265626,1948.8400079345704
2026-03-02,1850.0999755859373,1895.9000244140625,1847.9000244140625,1873.199951171875,1849.9183349609373,11785758,1849.9183349609373,0.1522706440939834,2135.820068359375,-0.13386040220984174,-0.003245947317928488,0.1841897962177633,0.1840936552672993,1997.8426684570313,1948.9460748291015
2026-03-04,1861.0999755859373,1920.0,1815.300048828125,1905.9000244140625,1882.2119140625,20565585,1882.2119140625,0.2001704935345714,2135.820068359375,-0.11874041172938476,0.01745675930188817,0.19292241632619134,0.18448144302786051,1994.0543481445313,1949.4741247558593
2026-03-05,1919.0,1929.0999755859373,1897.199951171875,1907.0,1883.2982177734373,11398717,1883.2982177734373,0.17152570548678425,2135.820068359375,-0.11823179973204001,0.0005771420862981103,0.19237120455018822,0.1835219062181792,1989.3021533203125,1949.9865496826171
2026-03-06,1900.0,1902.0999755859373,1867.0999755859373,1870.800048828125,1847.5482177734373,10896859,1847.5482177734373,0.14301971809201808,2135.820068359375,-0.13497010111313967,-0.01898265482471817,0.1988818030099072,0.18085825608511252,1984.3228247070313,1950.366255493164
2026-03-09,1831.0,1872.4000244140625,1818.0999755859373,1866.699951171875,1843.4990234375,8073518,1843.4990234375,0.1987679204641286,2135.820068359375,-0.13686595104728116,-0.0021916582728309653,0.19828428157975808,0.18058397422374395,1979.2467065429687,1950.659116821289
2026-03-10,1880.800048828125,1881.0,1846.5,1850.4000244140625,1827.4017333984373,11741600,1827.4017333984373,0.16923740094433581,2135.820068359375,-0.1444027704065205,-0.008731922194917585,0.19828188204776478,0.1807151473972808,1974.21009765625,1950.827908935547
2026-03-11,1841.0,1847.699951171875,1799.5,1807.0,1784.5411376953125,9548404,1784.5411376953125,0.15663584300535294,2135.820068359375,-0.16447028280518805,-0.023454391511064432,0.20742751992206965,0.18276983458830176,1968.7863549804688,1950.7809295654297
2026-03-12,1797.9000244140625,1817.800048828125,1791.0,1801.300048828125,1778.9119873046875,12922735,1778.9119873046875,0.12242156310531627,2135.820068359375,-0.16710587485435768,-0.0031543965402192065,0.20686637617832138,0.18265004153509537,1962.890556640625,1950.6289233398438
2026-03-13,1781.0999755859375,1816.0,1776.5999755859375,1803.4000244140625,1780.98583984375,8970772,1780.98583984375,0.11775535653310842,2135.820068359375,-0.16613488831397205,0.001165798282243724,0.20585395627255326,0.18177426317666487,1956.9216748046874,1950.5049145507812
2026-03-16,1798.0,1804.9000244140625,1770.9000244140625,1788.800048828125,1766.5673828125,14261268,1766.5673828125,0.10612272788349952,2135.820068359375,-0.17288567095004193,-0.008095772975103999,0.20616918385406927,0.1787737390003917,1950.569619140625,1950.2485815429689
2026-03-17,1797.0,1834.5,1791.0999755859375,1827.0,1804.2926025390625,7181491,1804.2926025390625,0.1295708953227792,2135.820068359375,-0.1552225633290235,0.021355098080946933,0.21802359965734225,0.1825172029083928,1945.0530444335936,1950.1441479492187
2026-03-18,1826.800048828125,1869.0,1826.800048828125,1855.4000244140625,1832.339599609375,6428092,1832.339599609375,0.1250554638154069,2135.820068359375,-0.14209084053747922,0.015544594613337015,0.2175241992634673,0.16945204591204646,1940.1230883789062,1950.2161871337892
2026-03-19,1826.5999755859373,1861.300048828125,1816.300048828125,1827.0,1804.2926025390625,7145082,1804.2926025390625,0.1213888387527069,2135.820068359375,-0.1552225633290235,-0.015306658807292983,0.2147455607436734,0.17030723985091697,1934.62626953125,1950.158274536133
2026-03-20,1834.0,1860.9000244140625,1834.0,1846.0999755859373,1823.1551513671875,7691633,1823.1551513671875,0.14029601164415695,2135.820068359375,-0.14639103809543297,0.010454262685321014,0.21461781808173006,0.17017205375487943,1929.9234545898437,1950.2573541259765
2026-03-23,1827.0,1830.0,1792.0,1795.9000244140625,1773.5791015625,6874051,1773.5791015625,0.10478818396843703,2135.820068359375,-0.16960275454061513,-0.027192446988129504,0.21208667764026365,0.173391210834601,1924.5826684570313,1949.9415692138673
2026-03-24,1816.300048828125,1826.800048828125,1781.0,1802.0999755859373,1779.7020263671875,7535860,1779.7020263671875,0.10860224276603248,2135.820068359375,-0.16673597521992511,0.0034522986876048822,0.21292064783037426,0.17273837116735774,1920.1385986328125,1949.6397497558594
2026-03-25,1814.0,1849.199951171875,1810.0999755859373,1834.9000244140625,1812.0943603515625,12473682,1812.0943603515625,0.13015892230207227,2135.820068359375,-0.15156974728516415,0.018200987302630534,0.22045826694193968,0.17562812624677399,1916.0085766601562,1949.5420056152343
2026-03-27,1839.9000244140625,1856.9000244140625,1818.4000244140625,1843.9000244140625,1820.9825439453125,24490425,1820.9825439453125,0.09034733993060651,2135.820068359375,-0.1474082620901227,0.00490492315865132,0.2214398796111976,0.17556721779005943,1912.3940673828124,1949.5136767578124
2026-03-30,1818.0,1824.5,1774.5,1782.4000244140625,1760.2469482421875,14240129,1760.2469482421875,0.041430538330717415,2135.820068359375,-0.17584492517934014,-0.033353200394516835,0.2380262332144541,0.18057227783297275,1907.6517529296875,1949.2208447265625
2026-04-01,1811.0,1817.300048828125,1776.5,1781.9000244140625,1759.7530517578125,10694662,1759.7530517578125,0.04537842048254381,2135.820068359375,-0.17607616960469774,-0.00028058363337502,0.23824597066704156,0.18021492685935422,1902.899560546875,1948.9103631591797
2026-04-02,1765.0,1799.4000244140625,1746.9000244140625,1789.699951171875,1767.4560546875,10857093,1767.4560546875,0.0428556107742204,2135.820068359375,-0.17246959101514248,0.004377320398446294,0.23465766526352827,0.1805241710567499,1898.4219116210938,1948.7167474365235
2026-04-06,1812.0999755859373,1814.300048828125,1763.4000244140625,1792.800048828125,1770.5177001953125,8183498,1770.5177001953125,0.03982498862428918,2135.820068359375,-0.17103611562404164,0.0017322328890116978,0.2352543000438247,0.18050542206985754,1894.131904296875,1948.5570477294923
2026-04-07,1788.0999755859375,1840.0,1772.0,1830.300048828125,1807.5516357421875,10057628,1807.5516357421875,0.07009994176676093,2135.820068359375,-0.1536966701831518,0.020917009495465377,0.24572304243524679,0.18446429211200926,1890.8590966796876,1948.4801721191407
2026-04-08,1864.0,1871.5,1840.199951171875,1861.5999755859373,1838.4625244140625,11587604,1838.4625244140625,0.08293681983821255,2135.820068359375,-0.1392240612167892,0.017100971314262248,0.24922626313188206,0.1868669162953404,1888.2025317382813,1948.5896807861327
2026-04-09,1869.9000244140625,1869.9000244140625,1846.0999755859373,1859.4000244140625,1836.2899169921875,10113053,1836.2899169921875,0.08746020218540451,2135.820068359375,-0.14024128521147894,-0.001181752357213517,0.2490083847013187,0.18524754800593204,1885.38203125,1948.633970336914
2026-04-10,1868.0,1874.5999755859373,1859.9000244140625,1870.0,1846.758056640625,5857988,1846.758056640625,0.07467968047963569,2135.820068359375,-0.13534005790140935,0.005700700935930669,0.2474988741427062,0.1855123209666527,1883.11654296875,1948.6762451171876
2026-04-13,1838.0,1893.699951171875,1838.0,1870.9000244140625,1847.64697265625,10371983,1847.64697265625,0.08049283741585023,2135.820068359375,-0.13492386365883546,0.0004813386422919397,0.23483783376023895,0.18531664435938267,1881.092021484375,1948.4306188964845
2026-04-15,1880.5,1890.9000244140625,1853.5999755859373,1855.699951171875,1832.6357421875,11049107,1832.6357421875,0.07328194984633862,2135.820068359375,-0.14195218532840426,-0.008124512253100624,0.23253642433913774,0.18552930073340046,1879.0773754882812,1948.11189453125
2026-04-16,1863.5,1864.9000244140625,1823.199951171875,1840.5999755859373,1817.7235107421875,15871247,1817.7235107421875,0.10039853150046785,2135.820068359375,-0.14893415523599451,-0.008137040603340417,0.23169272939959298,0.18537212486158325,1876.563017578125,1947.7318310546875
2026-04-17,1837.0999755859373,1851.4000244140625,1829.699951171875,1846.9000244140625,1823.9451904296875,7344787,1823.9451904296875,0.08250397016292155,2135.820068359375,-0.1460211384610003,0.00342278660683637,0.2199538968505582,0.1851496359616131,1874.157294921875,1947.2261743164063
2026-04-20,1865.0,1865.0,1839.199951171875,1846.0999755859373,1823.1551513671875,9243641,1823.1551513671875,0.08509407988115125,2135.820068359375,-0.14639103809543297,-0.00043314846665643003,0.2197982523069025,0.18440989177805844,1871.8009497070314,1946.4780877685546
2026-04-21,1830.0,1868.9000244140625,1830.0,1855.0,1831.944580078125,10485373,1831.944580078125,0.06484554893653738,2135.820068359375,-0.14227579035469562,0.004820998752819383,0.21385209341501799,0.1845962984575398,1868.990322265625,1945.7112677001953
2026-04-22,1850.199951171875,1857.9000244140625,1825.300048828125,1829.0,1806.2677001953125,5687058,1806.2677001953125,0.02528919817749098,2135.820068359375,-0.15429781424294198,-0.014016188132567553,0.2171839597702367,0.18515169078913699,1865.1032421875,1944.9017596435547
2026-04-23,1821.800048828125,1846.0,1812.0999755859373,1841.199951171875,1818.3160400390625,7489947,1818.3160400390625,0.018650376443230643,2135.820068359375,-0.14865673051017003,0.006670295794165559,0.2116915182447073,0.1855741638525824,1862.116826171875,1944.104503173828
2026-04-24,1845.0,1850.699951171875,1807.300048828125,1814.5,1791.9478759765625,6306448,1791.9478759765625,-0.03145998679506856,2135.820068359375,-0.16100241657854497,-0.014501419710257646,0.21554537751267783,0.18620177135685292,1857.694482421875,1943.1073382568359
2026-04-27,1816.0999755859373,1828.4000244140625,1814.0,1820.0999755859373,1797.478271484375,4413769,1797.478271484375,-0.025530538669648384,2135.820068359375,-0.15841306198367933,0.0030862479773852147,0.21451167211755806,0.18613185406663282,1853.3866967773438,1942.2063824462891
2026-04-28,1826.0,1852.0,1812.5999755859373,1843.800048828125,1820.8837890625,10558455,1820.8837890625,0.0037868413554784652,2135.820068359375,-0.1474544995444268,0.013021307656084558,0.20643527168431935,0.18574272213320753,1850.0783325195312,1941.4327380371094
2026-04-29,1848.0,1900.4000244140625,1845.4000244140625,1888.0999755859373,1864.6331787109373,7713013,1864.6331787109373,0.011843311119258626,2135.820068359375,-0.12697085005702247,0.024026458970762832,0.21673711355583744,0.19027954563628666,1847.6291577148438,1940.7960620117187
2026-04-30,1860.0,1906.0,1860.0,1886.800048828125,1863.349365234375,12709188,1863.349365234375,0.030869927461528945,2135.820068359375,-0.12757193696297542,-0.000688507257738391,0.216840493560194,0.18820775309891333,1845.1069018554688,1940.172064819336
2026-05-01,1886.800048828125,1886.800048828125,1886.800048828125,1886.800048828125,1863.349365234375,0,1863.349365234375,0.04698086284421055,2135.820068359375,-0.12757193696297542,0.0,0.2149566413267219,0.18809723570636253,1842.7782104492187,1939.5985064697265
2026-05-04,1873.199951171875,1895.300048828125,1821.699951171875,1827.0999755859373,1804.3912353515625,10707858,1804.3912353515625,0.011293329786657536,2135.820068359375,-0.15517638302855674,-0.03164094237121051,0.22770722713797492,0.19461702645585438,1838.7824951171874,1939.0004669189452
2026-05-05,1828.0,1846.0,1801.0,1806.0999755859373,1783.65234375,11407461,1783.65234375,-0.0014262040058775627,2135.820068359375,-0.16488641989392472,-0.011493567024294382,0.22524415926272068,0.19521122522868953,1834.5517407226562,1938.5073413085938
2026-05-06,1817.0,1841.5,1813.800048828125,1833.699951171875,1810.9091796875,5507749,1810.9091796875,-0.00829742985703008,2135.820068359375,-0.15212465389065033,0.015281473451375982,0.22557071811390564,0.19258162570415893,1830.836494140625,1938.1553967285156
2026-05-07,1835.0,1843.9000244140625,1821.199951171875,1826.5999755859373,1803.8974609375,7914845,1803.8974609375,-0.0034248670094838563,2135.820068359375,-0.15540757030007712,-0.003871932854860205,0.2237367028793311,0.19190201772386517,1827.6367626953124,1937.7032647705078
2026-05-08,1820.0,1840.800048828125,1815.199951171875,1834.5,1811.6993408203125,4839183,1811.6993408203125,-0.008662274879142395,2135.820068359375,-0.15175469710238043,0.004325012952098639,0.20892214167910383,0.19213054678379043,1824.8142846679686,1937.2783898925782
2026-05-11,1814.0,1819.800048828125,1756.0,1759.800048828125,1737.9278564453125,15803791,1737.9278564453125,-0.06653766443899278,2135.820068359375,-0.1862948184674107,-0.04071949617291204,0.240825386625245,0.2026919408240628,1820.1233227539062,1936.5174664306642
2026-05-12,1751.5,1776.5,1751.5,1756.800048828125,1734.965087890625,11945399,1734.965087890625,-0.06606566844766582,2135.820068359375,-0.18768199925037032,-0.0017047707381522281,0.23408064871086046,0.20206762119355692,1816.4851123046874,1935.8054278564452
2026-05-13,1740.5,1798.0,1740.5,1789.199951171875,1766.9622802734375,9825413,1766.9622802734375,-0.03773141634210353,2135.820068359375,-0.17270077828666286,0.018442556917219965,0.24042271435472096,0.20414206540950758,1814.031982421875,1935.212885131836
2026-05-14,1820.0,1889.199951171875,1797.300048828125,1883.5,1860.09033203125,21279151,1860.09033203125,0.027508041514457515,2135.820068359375,-0.12909783010884723,0.05270517248585582,0.2673251852797776,0.22342460520291593,1813.1214428710937,1935.0978326416016
2026-05-15,1883.199951171875,1922.9000244140625,1880.4000244140625,1905.4000244140625,1881.7181396484373,15807294,1881.7181396484373,0.027009249258276302,2135.820068359375,-0.11897159900090526,0.011627288871271846,0.26867562117243754,0.22437518823808955,1813.636953125,1934.9082189941407
2026-05-18,1904.800048828125,1953.800048828125,1890.4000244140625,1938.0999755859373,1914.01171875,13888648,1914.01171875,0.07343863762782932,2135.820068359375,-0.10385160852044828,0.017161751497807298,0.2720377965960881,0.22642454226618766,1814.9188208007813,1934.9180950927735
2026-05-19,1928.4000244140625,1942.0,1907.800048828125,1913.5,1889.7174072265625,8962228,1889.7174072265625,0.05195546150516961,2135.820068359375,-0.1152263080484377,-0.012692875015051452,0.27571768171913036,0.22729332054663667,1815.0689306640625,1934.7976110839843
2026-05-20,1914.0,1914.0,1897.699951171875,1904.9000244140625,1881.224365234375,5778742,1881.224365234375,0.028719454718925563,2135.820068359375,-0.11920278627242564,-0.004494345006141542,0.2706126043315343,0.2273621803576271,1815.0274536132813,1934.8697033691406
2026-05-21,1911.0,1915.300048828125,1880.800048828125,1885.300048828125,1861.8680419921875,6419014,1861.8680419921875,0.04799393263245921,2135.820068359375,-0.12826549877753657,-0.010289215683093711,0.26850237684497796,0.22739257918087424,1815.3138500976563,1934.7067541503907
2026-05-22,1891.300048828125,1896.5999755859373,1869.300048828125,1871.4000244140625,1848.1407470703125,5099120,1848.1407470703125,0.0378071733872245,2135.820068359375,-0.13469267638731508,-0.007372861347996973,0.26944915307342543,0.2272869816786584,1815.4066845703126,1934.4045574951172
2026-05-25,1892.5,1892.5,1863.0999755859373,1874.800048828125,1851.49853515625,5903841,1851.49853515625,0.04509548504944361,2135.820068359375,-0.13312054578713917,0.0018168465206236384,0.2690141209708004,0.2252857136768371,1815.8886206054688,1934.2095123291015
2026-05-26,1874.0,1874.0,1844.800048828125,1846.9000244140625,1823.9451904296875,5803034,1823.9451904296875,0.02185996285080405,2135.820068359375,-0.1460211384610003,-0.014881645436590762,0.27254791628472685,0.2259778501147948,1816.6767016601561,1934.024342651367
2026-05-27,1840.4000244140625,1869.4000244140625,1840.4000244140625,1852.199951171875,1829.1793212890625,8653155,1829.1793212890625,0.019812194840094888,2135.820068359375,-0.14357049622904694,0.002869675518123449,0.27166238304498125,0.22572646107462088,1817.6820483398437,1933.716220703125
2026-05-28,1852.199951171875,1852.199951171875,1852.199951171875,1852.199951171875,1829.1793212890625,0,1829.1793212890625,0.01964523243575167,2135.820068359375,-0.14357049622904694,0.0,0.2705455364834564,0.22572111174970538,1818.64591796875,1933.3231671142578
2026-05-29,1860.0,1860.0,1818.5,1829.0,1806.2677001953125,52886264,1806.2677001953125,-0.0016832531658909078,2135.820068359375,-0.15429781424294198,-0.012525628748964679,0.27290939706833456,0.22655488537336396,1819.4399243164062,1932.8259252929688
2026-06-01,1830.0,1842.0,1803.9000244140625,1810.5999755859373,1788.0963134765625,6391656,1788.0963134765625,-0.009796990633144875,2135.820068359375,-0.16280573445024127,-0.010060184720562249,0.27440846493034604,0.22703707022656952,1819.1159985351562,1932.272885131836
2026-06-02,1785.0,1825.0,1777.4000244140625,1814.199951171875,1791.651611328125,10791294,1791.651611328125,-0.014403060605051254,2135.820068359375,-0.16114112894145716,0.0019883145134671487,0.2740534494320142,0.22706750987792573,1818.3022387695312,1932.0536444091797
2026-06-03,1829.9000244140625,1835.5,1804.9000244140625,1824.0999755859373,1801.4285888671875,5832363,1801.4285888671875,-0.013012821340261826,2135.820068359375,-0.15656350665767904,0.005456963550974692,0.2715683845168363,0.22710063348653606,1818.2449584960937,1931.8892138671874
2026-06-04,1815.0,1829.800048828125,1798.4000244140625,1818.9000244140625,1796.293212890625,6735759,1796.293212890625,-0.011902839396240927,2135.820068359375,-0.1589679114353283,-0.002850724146546302,0.2709531792412955,0.2271181823992059,1817.7077197265626,1931.7341650390624
2026-06-05,1824.9000244140625,1827.800048828125,1790.699951171875,1798.199951171875,1775.8504638671875,3926715,1775.8504638671875,-0.02204152571763418,2135.820068359375,-0.1685392930916214,-0.01138051899140713,0.2696763308303029,0.22768456725104572,1817.7531469726562,1931.3924652099608
2026-06-08,1775.0999755859375,1820.0999755859373,1771.0,1813.300048828125,1790.7628173828125,6324919,1790.7628173828125,-0.006973960186029027,2135.820068359375,-0.16155726603019394,0.008397302486354175,0.2706696885789357,0.2278602938135588,1817.9743627929688,1931.093724975586
2026-06-09,1837.0,1837.0,1789.199951171875,1799.0,1776.6405029296875,10377475,1776.6405029296875,-0.03271868047821225,2135.820068359375,-0.16816939345718873,-0.00788620040356025,0.26871548038948806,0.22802035587861613,1817.2652856445313,1930.6330224609376
2026-06-10,1799.0,1807.699951171875,1771.0,1775.199951171875,1753.1363525390625,7999362,1753.1363525390625,-0.04724263657122085,2135.820068359375,-0.17917413619690825,-0.013229547762682703,0.2605169587351607,0.2286506321726805,1815.9083618164063,1929.9688812255858
2026-06-11,1773.0,1796.0,1768.5999755859375,1782.5999755859375,1760.4443359375,5020731,1760.4443359375,-0.03887157334299418,2135.820068359375,-0.17575250742456927,0.004168519686362782,0.26109674732452604,0.2285773553733957,1815.9123095703126,1929.2489416503906
2026-06-12,1784.0,1825.0,1784.0,1822.5,1799.8485107421875,5910557,1799.8485107421875,-0.014671573318805975,2135.820068359375,-0.1573033059265443,0.022383084770302153,0.2703058852392177,0.23189314829152421,1816.71421875,1928.7186157226563
2026-06-15,1841.0,1857.0,1816.0,1841.199951171875,1818.3160400390625,5307277,1818.3160400390625,-0.0002734279753866531,2135.820068359375,-0.14865673051017003,0.010260602037701405,0.25595225758395374,0.23261747856286627,1817.7314184570312,1928.263839111328
2026-06-16,1840.199951171875,1859.199951171875,1837.199951171875,1853.0,1829.9693603515625,5957732,1829.9693603515625,0.004457006859149848,2135.820068359375,-0.14320059659461437,0.006408853057386921,0.2539865442870365,0.23117918017447026,1818.9204516601562,1927.8801678466798
2026-06-17,1853.0,1878.0,1841.5,1875.699951171875,1852.38720703125,7653632,1852.38720703125,0.025583290867532416,2135.820068359375,-0.13270446585223972,0.012250394550529897,0.2526516345870433,0.23083276922796317,1819.8171630859374,1927.7369702148437
2026-06-18,1878.800048828125,1878.800048828125,1861.800048828125,1874.800048828125,1851.49853515625,4262944,1851.49853515625,0.027207792528823216,2135.820068359375,-0.13312054578713917,-0.00047974412240958664,0.25228863158352416,0.22929175066302793,1820.0778833007812,1927.705862426758
2026-06-19,1874.300048828125,1917.5,1867.199951171875,1910.800048828125,1887.051025390625,15918432,1887.051025390625,0.03517654634411849,2135.820068359375,-0.11647471931464781,0.019202008297227513,0.25762570571962146,0.22824625335166634,1821.09310546875,1927.814495239258
2026-06-22,1915.800048828125,1924.5,1901.0,1916.5999755859373,1892.7789306640625,3798060,1892.7789306640625,0.041957384539729414,2135.820068359375,-0.11379288981117397,0.003035373816800746,0.22440726268548444,0.22832658710678874,1822.0135229492187,1927.8935009765626
2026-06-23,1907.5999755859373,1927.699951171875,1896.699951171875,1901.5999755859373,1877.96533203125,5155908,1877.96533203125,0.027652643166082846,2135.820068359375,-0.12072867941829735,-0.007826375490990523,0.22620345643402573,0.2276621036303456,1822.6198901367188,1927.9646063232422
2026-06-24,1891.199951171875,1894.0999755859373,1872.9000244140625,1877.300048828125,1853.9674072265625,8957457,1853.9674072265625,0.008521068498243078,2135.820068359375,-0.13196460942953725,-0.012778683607929442,0.22546809117460145,0.22857731825054875,1823.0465234375,1927.9320166015625
2026-06-25,1885.0,1889.0,1848.0,1850.699951171875,1827.6978759765625,8521503,1827.6978759765625,-0.03641678226232137,2135.820068359375,-0.1442641151974453,-0.014169359799748538,0.17065117397898377,0.22966612093190117,1823.2460107421875,1927.785361328125
2026-06-26,1850.699951171875,1850.699951171875,1850.699951171875,1850.699951171875,1827.6978759765625,0,1827.6978759765625,-0.036217802853528935,2135.820068359375,-0.1442641151974453,0.0,0.16673583119290644,0.2295688784236638,1823.321064453125,1927.565132446289
2026-06-29,1837.0999755859373,1849.800048828125,1833.0999755859373,1841.0999755859373,1818.21728515625,10940130,1818.21728515625,-0.03987826850275511,2135.820068359375,-0.14870296796447413,-0.005187176143785166,0.1580328081929988,0.22860622769830125,1823.2223071289063,1927.3350286865234
2026-06-30,1853.0,1876.5999755859373,1843.199951171875,1852.0,1828.9818115234373,7233634,1828.9818115234373,-0.049917353757812144,2135.820068359375,-0.14366297113765525,0.005920374014188434,0.15593692220007027,0.228817367574579,1823.1630517578126,1927.1291204833985
2026-07-01,1845.5999755859373,1887.0,1845.5999755859373,1871.0,1847.7457275390625,4307333,1847.7457275390625,-0.06337615506809258,2135.820068359375,-0.13487762620453136,0.010259214114325177,0.1589322946517155,0.2295593936179588,1823.9926123046876,1927.0283880615234
2026-07-02,1860.800048828125,1883.800048828125,1850.199951171875,1875.0,1851.6959228515625,5282404,1851.6959228515625,-0.06730070645896913,2135.820068359375,-0.1330281280323683,0.002137845729326182,0.15637547541464425,0.22806956109788407,1824.6602099609374,1926.8407495117187
2026-07-03,1890.0,1913.0,1885.0,1910.4000244140625,1886.656005859375,5087043,1886.656005859375,-0.041415799538591425,2135.820068359375,-0.1166596691318641,0.01888003455447196,0.164136281682798,0.23020169879095467,1826.5543725585937,1926.8792651367187
2026-07-06,1916.800048828125,1932.699951171875,1915.5999755859373,1925.699951171875,1901.7657470703125,2740217,1901.7657470703125,-0.03842797158599598,2135.820068359375,-0.10958522431566564,0.00800874200914814,0.16546517717145715,0.2299658358497853,1828.6401220703126,1926.9839471435546
2026-07-07,1923.5,1956.5,1917.0,1925.800048828125,1901.8646240234373,5767438,1901.8646240234373,-0.04495184079436099,2135.820068359375,-0.10953892970752444,5.199218319984489e-05,0.15856942660895415,0.225072594978344,1830.2597387695312,1926.916298828125
2026-07-08,1911.0,1924.199951171875,1875.0999755859373,1888.0999755859373,1864.6331787109373,6188780,1864.6331787109373,-0.05715629364681407,2135.820068359375,-0.12697085005702247,-0.0195762857367503,0.1697645973024421,0.2262072951663588,1830.2597387695312,1926.6536047363281
2026-07-09,1902.0,1966.0,1898.800048828125,1931.0999755859373,1907.0986328125,11145066,1907.0986328125,-0.03467989403751881,2135.820068359375,-0.1070883446294082,0.02277415986500908,0.18138792853914856,0.22898199996286508,1831.1347241210938,1926.6042260742188
2026-07-10,1930.0,1930.0,1906.0,1920.4000244140625,1896.53173828125,6420887,1896.53173828125,-0.04791072302376398,2135.820068359375,-0.11203580939378177,-0.005540822246653532,0.17780421535088223,0.22487652895566115,1831.7983715820312,1926.3968359375
2026-07-13,1914.0,1917.0,1896.699951171875,1901.800048828125,1878.1629638671875,7862506,1878.1629638671875,-0.05532072832700352,2135.820068359375,-0.12063614735585204,-0.009685455847266433,0.17759226583056667,0.2254247353459725,1833.2738061523437,1926.128217163086
2026-07-14,1885.0,1941.0999755859373,1885.0,1936.5,1912.431640625,6964062,1912.431640625,-0.033178649882290356,2135.820068359375,-0.10459140778931353,0.018245848425874733,0.18395848410463256,0.22559889994929666,1835.8493920898438,1926.1173541259766
2026-07-15,1953.699951171875,1953.699951171875,1916.5999755859373,1918.300048828125,1894.4578857421875,5763065,1894.4578857421875,-0.015354091936370384,2135.820068359375,-0.11300679593416751,-0.009398377699366245,0.18671994563132147,0.22617808284908542,1837.5203662109375,1926.054150390625
2026-07-16,1928.0,1936.0,1917.0,1921.800048828125,1897.914306640625,4644787,1897.914306640625,0.008307404781843886,2135.820068359375,-0.11138848503352472,0.0018244907550866163,0.18621065573589335,0.22385818904448448,1839.400703125,1925.9860083007814
2026-07-17,1918.0,1925.199951171875,1902.699951171875,1908.800048828125,1885.075927734375,4715613,1885.075927734375,0.0020080985782522376,2135.820068359375,-0.11739946840072935,-0.0067644671107276455,0.18381456230849996,0.22413851869164633,1840.8682348632813,1925.9474932861328
2026-07-20,1901.199951171875,1942.5,1901.199951171875,1940.0999755859373,1915.98681640625,6437294,1915.98681640625,0.011435723537003284,2135.820068359375,-0.10292685943436675,0.016397688929711274,0.18763559937205132,0.22519852233827492,1844.4294140625,1926.1346380615234
2026-07-21,1946.4000244140625,1952.0,1938.699951171875,1948.4000244140625,1924.1837158203125,5061312,1924.1837158203125,0.014504018521316997,2135.820068359375,-0.09908903641945388,0.0042781606553208285,0.18518043784171426,0.2215539576807243,1848.2137866210937,1926.4802880859374
2026-07-22,1942.4000244140625,1956.0,1939.5,1949.0,1924.7762451171875,6589708,1924.7762451171875,0.018339487937135912,2135.820068359375,-0.0988116116936294,0.0003079380061286052,0.179099844540716,0.22144879283552846,1851.3700659179688,1926.8822296142578
2026-07-23,1948.0,1948.9000244140625,1925.800048828125,1931.0,1907.0,5612121,1907.0,0.015781200847521326,2135.820068359375,-0.10713452492987507,-0.009235486546700034,0.18263513796453096,0.2221060169428911,1852.3082592773437,1927.0515985107422
2026-07-24,1900.199951171875,1905.0,1878.0,1898.199951171875,1898.199951171875,4483600,1898.199951171875,0.006751165706976092,2135.820068359375,-0.11125474505444988,-0.004614603475681656,0.17394889118234397,0.22178487829398652,1852.6378955078126,1927.1453649902344
2026-07-27,1892.0,1917.0,1890.0,1905.300048828125,1905.300048828125,5230299,1905.300048828125,0.011788651141467987,2135.820068359375,-0.107930449266882,0.0037404371714722107,0.17222174224210776,0.2191265047047287,1852.463662109375,1927.1467413330079
2026-07-28,1901.0,1908.4000244140625,1892.4000244140625,1901.800048828125,1901.800048828125,6309089,1901.800048828125,-0.009293832299208549,2135.820068359375,-0.10956916408740924,-0.00183698100577534,0.17188532178313146,0.21771805145684864,1852.7053149414062,1927.0590185546876
2026-07-29,1915.199951171875,1957.0,1913.0999755859373,1950.199951171875,1950.199951171875,6315728,1950.199951171875,0.019959583495361866,2135.820068359375,-0.08690812486375954,0.02544952208491824,0.18305895499844158,0.2200056826289327,1854.0848266601563,1927.220701904297
2026-07-30,1954.0,1963.199951171875,1943.9000244140625,1956.800048828125,1956.800048828125,5356472,1956.800048828125,0.022460821767313455,2135.820068359375,-0.08381793119340986,0.003384318439903611,0.1829868954379907,0.21945912527644706,1855.983466796875,1927.4257556152343
2026-07-31,1969.0,1976.4000244140625,1947.4000244140625,1972.0,1972.0,6529385,1972.0,0.056349774411271536,2135.820068359375,-0.07670124969151215,0.007767758990489426,0.17648250548947497,0.21453830162662765,1858.4606518554688,1927.632741088867
2026-08-03,1987.4000244140625,1987.4000244140625,1943.0,1970.5,1970.5,4361200,1970.5,0.040139247660299304,2135.820068359375,-0.07740355604316673,-0.0007606490872210658,0.17654374451490157,0.21453273532305153,1860.8406811523437,1927.8732110595704
2026-08-04,1980.0,1980.0,1936.0,1970.0999755859373,1970.0999755859373,4977391,1970.0999755859373,0.032233333128665276,2135.820068359375,-0.07759084916770875,-0.00020300655369842602,0.17445124294231001,0.21261032480678127,1863.7637768554684,1928.0035418701173
2026-08-05,2020.0,2031.0,1951.800048828125,1978.0,1978.0,14286999,1978.0,0.046279863199147675,2135.820068359375,-0.07389202428489405,0.004009961175555743,0.16908339680152926,0.212569265609997,1866.7401904296871,1928.1788043212891
2026-08-06,1969.0,1970.0,1944.300048828125,1948.0,1948.0,5391645,1948.0,0.046760800703647076,2135.820068359375,-0.08793815131798466,-0.015166835187057637,0.1699458497471605,0.20633225212614278,1869.1166040039059,1927.9838385009766
2026-08-07,1938.300048828125,1961.0,1938.300048828125,1959.9000244140625,1959.9000244140625,3019876,1959.9000244140625,0.0365433561806916,2135.820068359375,-0.08236650949742463,0.006108842101674838,0.17018629710326894,0.20647851201153927,1872.189250488281,1927.6533270263672
2026-08-10,1955.0,1959.0,1935.0,1943.0,1943.0,3671000,1943.0,0.018455888864375547,2135.820068359375,-0.09027917249016637,-0.008622901272280492,0.17179849778227027,0.20707157970719908,1875.2873242187497,1927.2778186035157
2026-08-11,1934.800048828125,1938.300048828125,1914.4000244140625,1915.199951171875,1915.199951171875,6798617,1915.199951171875,0.004976547606251991,2135.820068359375,-0.10329527306903186,-0.014307796617666013,0.177957908730794,0.2086741896535443,1877.7582910156248,1926.9390972900392
2026-08-12,1908.5999755859373,1945.0,1901.300048828125,1945.0,1945.0,10871157,1945.0,0.024382761013658882,2135.820068359375,-0.08934276402129371,0.015559758556745518,0.18083963381411566,0.20741209186260604,1880.629719238281,1926.6437060546875
2026-08-13,1965.0,1970.0,1930.5,1939.0999755859373,1939.0999755859373,13019222,1939.0999755859373,0.05644251348759077,2135.820068359375,-0.09210518043523575,-0.003033431575353629,0.18136948034618838,0.20568789354711678,1883.4858544921872,1926.0679718017577
2026-08-14,1939.0999755859373,2005.800048828125,1932.0,1992.0999755859373,1992.0999755859373,12282580,1992.0999755859373,0.08601865239128248,2135.820068359375,-0.06729035601010902,0.027332267890924467,0.18982389544491265,0.21043818024180214,1887.8108447265622,1925.7073657226563
2026-08-17,1984.199951171875,1993.199951171875,1969.300048828125,1969.300048828125,1969.300048828125,5537411,1969.300048828125,0.07770855297781476,2135.820068359375,-0.07796537826295546,-0.011445171947811583,0.19272026052688115,0.21130585788649178,1891.3815893554683,1925.181405029297
2026-08-18,1956.699951171875,1959.699951171875,1923.199951171875,1934.199951171875,1934.199951171875,6710275,1934.199951171875,0.04880706462598172,2135.820068359375,-0.09439939261474117,-0.017823641286728753,0.20048103728685607,0.2135919937622621,1894.5327783203122,1924.6493127441406
2026-08-19,1924.800048828125,1941.800048828125,1922.0,1922.0,1922.0,6252338,1922.0,0.038632108096733564,2135.820068359375,-0.10011146141332983,-0.006307492234442158,0.19237957083259416,0.21340345145295428,1897.9100512695309,1924.114487915039
2026-08-20,1944.0,1952.199951171875,1933.0,1941.699951171875,1941.699951171875,4390604,1941.699951171875,0.0390195240019402,2135.820068359375,-0.0908878608564685,0.010249714449466651,0.18331857217775174,0.21348541574681015,1901.5351635742184,1923.5818743896484
2026-08-21,1950.0,1954.9000244140625,1940.5,1946.0,1946.0,3016258,1946.0,0.031832729205553356,2135.820068359375,-0.08887455978685732,0.002214579459369981,0.18241344897515435,0.21345331708581525,1904.4581933593747,1922.876703491211
2026-08-24,1950.0,1952.5,1932.5,1935.0,1935.0,2277098,1935.0,0.016050846128951468,2135.820068359375,-0.09402480636565724,-0.00565262076053441,0.18074240249192133,0.2137178372983899,1906.7918725585935,1922.2073895263673
2026-08-25,1926.0,1947.0,1923.4000244140625,1947.0,1947.0,3820206,1947.0,0.02155727396835183,2135.820068359375,-0.08840635555242093,0.006201550387596955,0.17403528645697394,0.21380474606341884,1909.1324853515623,1922.0607525634766
2026-08-26,1933.5,1942.9000244140625,1902.0999755859373,1902.0999755859373,1902.0999755859373,4552921,1902.0999755859373,-0.003756085625300387,2135.820068359375,-0.10942873710938072,-0.023061132210612567,0.18505002318223918,0.2160988536063477,1910.126740722656,1921.5977709960937
2026-08-27,1915.0,1915.0,1878.300048828125,1878.300048828125,1878.300048828125,8757645,1878.300048828125,-0.014896685701583867,2135.820068359375,-0.12057196359666356,-0.012512447854104436,0.18858756055442555,0.21697186084822215,1910.6627709960935,1920.9046881103516
2026-08-28,1875.699951171875,1894.300048828125,1867.5999755859373,1882.4000244140625,1882.4000244140625,6103006,1882.4000244140625,0.0007300752250043452,2135.820068359375,-0.11865233766624195,0.002182811840150567,0.18769422532307373,0.21550711524027527,1910.5697509765623,1920.0765625
