Date,Open,High,Low,Close,Adj Close,Volume,Price,rolling_1y_return,running_max,drawdown,daily_return,rolling_volatility_30d,rolling_volatility_90d,sma50,sma200
2023-08-28,18270.0,18594.0,18270.0,18530.80078125,17945.01953125,22053,17945.01953125,,17945.01953125,0.0,,,,,
2023-08-29,18569.94921875,18670.44921875,18472.05078125,18628.75,18039.869140625,26259,18039.869140625,,18039.869140625,0.0,0.005285567352536269,,,,
2023-08-30,18630.0,18745.0,18531.0,18626.44921875,18037.640625,22726,18037.640625,,18039.869140625,-0.00012353280434729275,-0.00012353280434729275,,,,
2023-08-31,18579.0,18685.25,18505.099609375,18573.849609375,17986.705078125,21914,17986.705078125,,18039.869140625,-0.002947031493719443,-0.0028238475271762375,,,,
2023-09-01,18599.0,19048.94921875,18507.150390625,18986.80078125,18386.6015625,24442,18386.6015625,,18386.6015625,0.0,0.02223289271926432,,,,
2023-09-04,18986.80078125,19190.0,18844.69921875,19066.80078125,18464.07421875,20109,18464.07421875,,18464.07421875,0.0,0.004213538645880366,,,,
2023-09-05,19066.80078125,19255.0,18999.44921875,19150.80078125,18545.41796875,20402,18545.41796875,,18545.41796875,0.0,0.004405514678737399,,,,
2023-09-06,19160.0,19329.05078125,19091.05078125,19275.150390625,18665.8359375,14855,18665.8359375,,18665.8359375,0.0,0.00649313857217515,,,,
2023-09-07,19275.150390625,19395.0,19171.0,19293.0,18683.123046875,11157,18683.123046875,,18683.123046875,0.0,0.0009261363612582674,,,,
2023-09-08,19336.0,19425.0,19210.0,19403.25,18789.88671875,13230,18789.88671875,,18789.88671875,0.0,0.00571444461437931,,,,
2023-09-11,19455.0,19499.900390625,19280.0,19444.5,18829.833984375,29532,18829.833984375,,18829.833984375,0.0,0.00212599821504722,,,,
2023-09-12,19494.0,19497.94921875,18901.05078125,19160.349609375,18554.666015625,36608,18554.666015625,,18829.833984375,-0.01461340386635035,-0.01461340386635035,,,,
2023-09-13,19102.25,19435.0,19102.25,19362.099609375,18750.037109375,16344,18750.037109375,,18829.833984375,-0.004237789619718102,0.010529485876246802,,,,
2023-09-14,19400.0,19749.94921875,19393.599609375,19489.75,18873.65234375,21565,18873.65234375,,18873.65234375,0.0,0.0065927994517511745,,,,
2023-09-15,19550.75,19693.30078125,19456.150390625,19664.599609375,19042.9765625,25736,19042.9765625,,19042.9765625,0.0,0.008971460089762129,,,,
2023-09-18,19700.0,19718.0,19537.900390625,19586.69921875,18967.537109375,16545,18967.537109375,,19042.9765625,-0.003961536836292634,-0.003961536836292634,,,,
2023-09-20,19586.69921875,19625.0,19290.0,19315.400390625,18704.814453125,14856,18704.814453125,,19042.9765625,-0.017757838868578957,-0.013851173968187247,,,,
2023-09-21,19390.0,19390.0,19080.0,19187.849609375,18581.296875,9683,18581.296875,,19042.9765625,-0.024244092617808133,-0.00660351795707681,,,,
2023-09-22,19187.849609375,19271.94921875,18995.05078125,19119.25,18514.8671875,13390,18514.8671875,,19042.9765625,-0.027732501443076374,-0.003575083480280461,,,,
2023-09-25,19119.0,19198.94921875,19001.150390625,19105.55078125,18501.599609375,6836,18501.599609375,,19042.9765625,-0.028429219105961412,-0.0007165905102445302,,,,
2023-09-26,19170.0,19199.94921875,19038.55078125,19143.599609375,18538.447265625,15216,18538.447265625,,19042.9765625,-0.02649424554082236,0.001991592998873859,,,,
2023-09-27,19200.0,19340.0,19015.55078125,19218.55078125,18611.025390625,23854,18611.025390625,,19042.9765625,-0.02268296505314249,0.003915005607539657,,,,
2023-09-28,19199.94921875,19700.0,18840.0,19319.75,18709.02734375,78557,18709.02734375,,19042.9765625,-0.017536608190109493,0.005265800839451051,,,,
2023-09-29,19500.0,19500.05078125,18960.0,19019.69921875,18418.4609375,33903,18418.4609375,,19042.9765625,-0.032795063468691876,-0.01553081306212678,,,,
2023-10-03,19060.0,19060.0,18625.099609375,18762.849609375,18169.728515625,28949,18169.728515625,,19042.9765625,-0.04585669913571322,-0.013504517164546592,,,,
2023-10-04,18762.849609375,18900.0,18600.0,18742.349609375,18149.876953125,15586,18149.876953125,,19042.9765625,-0.04689916024649832,-0.0010925624168203196,,,,
2023-10-05,18742.349609375,18950.650390625,18742.349609375,18930.44921875,18332.03125,8247,18332.03125,,19042.9765625,-0.03733372827334225,0.010036117453878335,,,,
2023-10-06,18970.0,19342.0,18900.0,19303.94921875,18693.7265625,18284,18693.7265625,,19042.9765625,-0.018340095039961035,0.019730236522480293,,,,
2023-10-09,19200.0,19300.0,19051.30078125,19256.650390625,18647.921875,20739,18647.921875,,19042.9765625,-0.020745427386491322,-0.00245027054112823,,,,
2023-10-10,19289.849609375,19772.69921875,19205.150390625,19717.75,19094.4453125,26329,19094.4453125,,19094.4453125,0.0,0.023944943597099977,,,,
2023-10-11,19717.75,19950.0,19613.349609375,19698.099609375,19075.4140625,26535,19075.4140625,,19094.4453125,-0.0009966903823879214,-0.0009966903823879214,0.15520856323168047,,,
2023-10-12,19601.25,20564.75,19601.25,20455.69921875,19809.06640625,81609,19809.06640625,,19809.06640625,0.0,0.03846062483080104,0.18756409005345082,,,
2023-10-13,20250.0,20932.099609375,20215.05078125,20529.44921875,19880.486328125,60488,19880.486328125,,19880.486328125,0.0,0.003605415843952464,0.18730279854652854,,,
2023-10-16,20552.44921875,20760.0,20500.05078125,20674.05078125,20020.515625,25227,20020.515625,,20020.515625,0.0,0.007043554899202942,0.18667499007660757,,,
2023-10-17,20700.0,20775.69921875,20275.0,20335.30078125,19692.4765625,30590,19692.4765625,,20020.515625,-0.016385145549916325,-0.016385145549916325,0.18681140120737139,,,
2023-10-18,20453.75,20499.94921875,20058.30078125,20121.099609375,19485.044921875,18121,19485.044921875,,20020.515625,-0.026746099508863197,-0.010533547670688037,0.19039239688667522,,,
2023-10-19,20000.0,20285.94921875,19947.849609375,20232.25,19592.68359375,12124,19592.68359375,,20020.515625,-0.021369680944468672,0.005524168525480766,0.19054966763792644,,,
2023-10-20,20100.0,20230.0,19933.25,20088.69921875,19453.66796875,12024,19453.66796875,,20020.515625,-0.028313339519695835,-0.007095282498429389,0.19177052221791782,,,
2023-10-23,20099.900390625,20135.94921875,19720.349609375,19825.599609375,19198.884765625,21454,19198.884765625,,20020.515625,-0.04103944547507132,-0.013096923599923649,0.1963547044192816,,,
2023-10-25,19825.55078125,20136.0,19608.0,19696.0,19073.384765625,22214,19073.384765625,,20020.515625,-0.047308015293687,-0.006536838026378722,0.19699802772128783,,,
2023-10-26,19503.05078125,19816.19921875,19480.0,19648.349609375,19027.240234375,23748,19027.240234375,,20020.515625,-0.049612877571678426,-0.0024193152823700492,0.19712710721498117,,,
2023-10-27,19739.0,19964.80078125,19709.69921875,19742.650390625,19118.55859375,23336,19118.55859375,,20020.515625,-0.045051638436510055,0.0047993486312336575,0.19222945862139043,,,
2023-10-30,19742.650390625,19927.19921875,19400.0,19478.099609375,18862.37109375,17238,18862.37109375,,20020.515625,-0.057847887284371624,-0.013399938010167256,0.19449325089535094,,,
2023-10-31,19566.599609375,19608.849609375,19362.5,19450.94921875,18836.080078125,8370,18836.080078125,,20020.515625,-0.05916109100586664,-0.0013938340781404213,0.19361290309909707,,,
2023-11-01,19460.0,19585.0,19300.0,19358.400390625,18746.45703125,10874,18746.45703125,,20020.515625,-0.06363765137792254,-0.0047580519143727296,0.19217134981966327,,,
2023-11-02,19500.0,19551.0,19380.05078125,19454.05078125,18839.083984375,12097,18839.083984375,,20020.515625,-0.05901104960302439,0.004941037816937444,0.1924907973360586,,,
2023-11-03,19510.0,19608.0,19432.30078125,19519.5,18902.462890625,6856,18902.462890625,,20020.515625,-0.05584535160417481,0.0033642244125333676,0.18826777182958085,,,
2023-11-06,19608.0,19673.849609375,19524.099609375,19565.099609375,18946.623046875,8576,18946.623046875,,20020.515625,-0.053639606403743656,0.002336211768038998,0.18715020573356464,,,
2023-11-07,19524.0,19824.94921875,19511.0,19757.69921875,19133.134765625,14641,19133.134765625,,20020.515625,-0.044323576674863974,0.009844061302563434,0.18851292982338794,,,
2023-11-08,19755.0,19895.55078125,19319.099609375,19646.94921875,19025.8828125,31879,19025.8828125,,20020.515625,-0.0496806791158757,-0.005605560951658095,0.18946664760983345,,18818.9933203125,
2023-11-09,19710.0,19710.0,19358.69921875,19535.0,18917.47265625,32754,18917.47265625,,20020.515625,-0.05509563237085713,-0.005698035529724477,0.190425319969248,,18838.4423828125,
2023-11-10,19325.099609375,19800.0,19315.19921875,19572.44921875,18953.73828125,35887,18953.73828125,,20020.515625,-0.05328420924473565,0.0019170438704463333,0.19022412825992108,,18856.719765625,
2023-11-13,19555.0,19700.0,19455.0,19476.400390625,18860.724609375,7171,18860.724609375,,20020.515625,-0.057930127143016596,-0.00490740509839227,0.19037669664589343,,18873.1814453125,
2023-11-15,19550.0,19785.0,19500.0,19722.400390625,19098.94921875,27938,19098.94921875,,20020.515625,-0.04603110247066877,0.012630724126929227,0.1874524290004391,,18895.426328125,
2023-11-16,19749.900390625,20700.0,19670.650390625,20589.150390625,19938.30078125,72642,19938.30078125,,20020.515625,-0.0041065297862427075,0.04394752574534233,0.2193303655123003,,18926.4603125,
2023-11-17,20580.0,20899.94921875,20531.400390625,20651.900390625,19999.06640625,32860,19999.06640625,,20020.515625,-0.001071361954495087,0.0030476832337258397,0.2189555089729564,,18957.16015625,
2023-11-20,20660.0,20900.900390625,20485.0,20579.19921875,19928.666015625,21881,19928.666015625,,20020.515625,-0.00458777441577507,-0.003520183852332215,0.21887262100389746,,18984.8251171875,
2023-11-21,20650.0,20832.599609375,20580.05078125,20718.150390625,20063.22265625,19085,20063.22265625,,20063.22265625,0.0,0.006751914077916865,0.21335181708457113,,19012.7728515625,
2023-11-22,20715.0,21217.650390625,20615.05078125,20821.30078125,20163.111328125,59486,20163.111328125,,20163.111328125,0.0,0.004978695276747214,0.21295659358742444,,19042.3726171875,
2023-11-23,20821.0,21250.0,20821.0,21207.30078125,20536.91015625,42759,20536.91015625,,20536.91015625,0.0,0.018538747420572932,0.20880438629959924,,19077.3130859375,
2023-11-24,21250.0,21333.0,20999.80078125,21036.25,20371.267578125,26207,20371.267578125,,20536.91015625,-0.008065603679655253,-0.008065603679655253,0.21083208395833827,,19108.1417578125,
2023-11-28,21150.0,21350.55078125,21000.0,21273.599609375,20601.11328125,24561,20601.11328125,,20601.11328125,0.0,0.011282837567349713,0.1832050933346351,,19149.070703125,
2023-11-29,21300.0,21850.0,21255.0,21663.900390625,20979.078125,55002,20979.078125,,20979.078125,0.0,0.018346816436080715,0.18963618753792585,,19193.6515234375,
2023-11-30,21670.0,21800.0,21498.5,21599.55078125,20916.759765625,14343,20916.759765625,,20979.078125,-0.0029705003720224,-0.0029705003720224,0.1894797407983966,,19234.513671875,
2023-12-01,21700.0,22125.349609375,21490.0,22083.55078125,21385.458984375,49102,21385.458984375,,21385.458984375,0.0,0.022407831040841764,0.19096118734260634,,19281.3633203125,
2023-12-04,22200.0,22200.0,21708.05078125,21944.44921875,21250.755859375,32269,21250.755859375,,21385.458984375,-0.006298818514880566,-0.006298818514880566,0.18876941780999607,,19327.0276953125,
2023-12-05,21944.44921875,22127.94921875,21600.0,21652.94921875,20968.470703125,115959,20968.470703125,,21385.458984375,-0.019498682799123812,-0.013283534859559687,0.19434015183381437,,19372.3008203125,
2023-12-06,21694.099609375,21799.30078125,21560.05078125,21592.55078125,20909.978515625,15706,20909.978515625,,21385.458984375,-0.02223382107895855,-0.002789530449222588,0.19291983295079582,,19418.874453125,
2023-12-07,21679.94921875,21830.0,21515.05078125,21665.94921875,20981.060546875,19313,20981.060546875,,21385.458984375,-0.018909972322570634,0.003399431099218253,0.18718496428555423,,19468.1983203125,
2023-12-08,21666.05078125,21746.69921875,21459.94921875,21626.25,20942.6171875,14151,20942.6171875,,21385.458984375,-0.020707612457537494,-0.001832288662868664,0.1855854509401494,,19517.018671875,
2023-12-11,21626.25,21960.0,21585.94921875,21889.75,21197.787109375,25624,21197.787109375,,21385.458984375,-0.008775676740776062,0.012184242284068558,0.18657612675029875,,19570.20546875,
2023-12-12,21901.0,22110.0,21623.75,21734.650390625,21047.587890625,23219,21047.587890625,,21385.458984375,-0.015799104148143894,-0.007085608416341316,0.18911518888863965,,19618.93671875,
2023-12-13,21785.0,22050.0,21611.25,21949.599609375,21255.7421875,19356,21255.7421875,,21385.458984375,-0.006065654095606554,0.00988969842799503,0.18322295707072206,,19669.871015625,
2023-12-14,22000.0,22244.0,21850.0,22061.849609375,21364.443359375,28367,21364.443359375,,21385.458984375,-0.000982706287265378,0.005113967365436123,0.18251116312218213,,19728.7906640625,
2023-12-15,22080.0,22163.900390625,21663.0,21708.150390625,21021.927734375,34392,21021.927734375,,21385.458984375,-0.0169989921780781,-0.016032040677984694,0.19012349011991242,,19785.8346484375,
2023-12-18,21752.150390625,22043.05078125,21715.0,21970.44921875,21275.935546875,9700,21275.935546875,,21385.458984375,-0.00512139756177421,0.012082993325329028,0.19158629711163178,,19848.3558203125,
2023-12-19,22020.0,22130.0,21820.05078125,21888.599609375,21196.673828125,12777,21196.673828125,,21385.458984375,-0.008827734601718595,-0.0037254163783008165,0.1929305115740134,,19905.648671875,
2023-12-20,21970.0,22077.650390625,21365.599609375,21494.150390625,20814.693359375,30828,20814.693359375,,21385.458984375,-0.026689425998152383,-0.01802077400668245,0.20311353378450497,,19948.0680078125,
2023-12-21,21494.150390625,21700.0,21331.0,21624.25,20940.677734375,18909,20940.677734375,,21385.458984375,-0.02079830273107408,0.00605266543325067,0.2023344438739641,,19993.923125,
2023-12-22,21695.0,21895.94921875,21506.849609375,21633.94921875,20950.0703125,20236,20950.0703125,,21385.458984375,-0.0203590987779646,0.0004485326713938864,0.2008284365417858,,20031.035625,
2023-12-26,21644.400390625,21998.0,21562.94921875,21905.900390625,21213.42578125,10747,21213.42578125,,21385.458984375,-0.008044400788904893,0.01257062457651359,0.20070094363900187,,20073.795859375,
2023-12-27,21995.900390625,22063.650390625,21781.150390625,22008.44921875,21312.732421875,15391,21312.732421875,,21385.458984375,-0.003400748263253872,0.004681310866478494,0.20062326586716123,,20103.8691796875,
2023-12-28,22050.0,22240.0,21860.0,22102.69921875,21404.00390625,21913,21404.00390625,,21404.00390625,0.0,0.0042824862888684034,0.19884015274356268,,20134.33953125,
2023-12-29,22199.94921875,22300.0,21981.849609375,22203.80078125,21501.91015625,25019,21501.91015625,,21501.91015625,0.0,0.004574202585125198,0.1972720349521024,,20163.967421875,
2024-01-01,22301.0,22635.94921875,22209.25,22433.44921875,21724.298828125,19391,21724.298828125,,21724.298828125,0.0,0.010342740261630068,0.15839948231695117,,20204.6038671875,
2024-01-02,22400.0,22469.5,22101.0,22334.349609375,21628.330078125,10969,21628.330078125,,21724.298828125,-0.004417576408761059,-0.004417576408761059,0.15981519142948636,,20247.4695703125,
2024-01-03,22265.0,22382.400390625,22133.0,22289.150390625,21584.560546875,6363,21584.560546875,,21724.298828125,-0.0064323494330270625,-0.0020237129307670854,0.15937031864288315,,20287.307109375,
2024-01-04,22289.150390625,22550.0,22202.55078125,22488.80078125,21777.8984375,14386,21777.8984375,,21777.8984375,0.0,0.008957230804172767,0.15998299109648917,,20333.79171875,
2024-01-05,22400.05078125,22819.849609375,22400.05078125,22691.650390625,21974.3359375,28782,21974.3359375,,21974.3359375,0.0,0.00902003931020956,0.16089043841938963,,20389.3007421875,
2024-01-08,22800.0,22810.0,22400.0,22466.69921875,21756.498046875,10072,21756.498046875,,21974.3359375,-0.009913286628755458,-0.009913286628755458,0.1579971205167945,,20442.9630078125,
2024-01-09,22567.80078125,22935.44921875,22517.150390625,22754.599609375,22035.296875,13943,22035.296875,,22035.296875,0.0,0.012814508452799744,0.15805891268777358,0.17461006849488292,20503.124140625,
2024-01-10,22799.5,22824.80078125,22530.05078125,22615.19921875,21900.3046875,9397,21900.3046875,,22035.296875,-0.006126179659197373,-0.006126179659197373,0.15786752633120268,0.1751090513938836,20558.7590625,
2024-01-11,22615.19921875,23265.55078125,22615.19921875,23081.30078125,22351.671875,35821,22351.671875,,22351.671875,0.0,0.020610087117081344,0.1600146757147108,0.1777416408164979,20628.545078125,
2024-01-12,23050.05078125,23282.69921875,22982.0,23229.650390625,22495.330078125,13938,22495.330078125,,22495.330078125,0.0,0.006427179314746345,0.1597122323211211,0.17763893798401145,20701.730078125,
2024-01-15,23353.80078125,23477.0,23105.400390625,23400.150390625,22660.439453125,19671,22660.439453125,,22660.439453125,0.0,0.007339717818168667,0.14898273258481665,0.17469000434924048,20780.0097265625,
2024-01-16,23400.19921875,23568.94921875,23061.900390625,23098.349609375,22368.1796875,22573,22368.1796875,,22660.439453125,-0.012897356480202626,-0.012897356480202626,0.15333099693862104,0.1765195129355077,20850.591640625,
2024-01-17,23000.0,23181.150390625,22700.0,22919.5,22194.984375,27741,22194.984375,,22660.439453125,-0.020540425929860384,-0.007742932814366998,0.1493994310453416,0.17725756424900807,20916.4420703125,
2024-01-18,22711.0,23033.25,22555.0,22813.900390625,22092.72265625,21477,22092.72265625,,22660.439453125,-0.025053212143099413,-0.004607424678576777,0.149991191595302,0.17744447324152063,20979.3640625,
2024-01-19,22990.0,23262.69921875,22771.0,23184.30078125,22451.4140625,19057,22451.4140625,,22660.439453125,-0.009224242586176934,0.016235726661264493,0.15562981179089727,0.17903987546923703,21045.7296484375,
2024-01-23,23022.400390625,23121.0,22381.0,22774.80078125,22054.859375,56122,22054.859375,,22660.439453125,-0.026724110067578022,-0.01766279337221588,0.16572408678165448,0.18195537332487247,21106.3091796875,
2024-01-24,22821.19921875,22893.69921875,22315.19921875,22444.150390625,21734.662109375,35408,21734.662109375,,22660.439453125,-0.04085434202037641,-0.01451821841983525,0.1691896345023673,0.18400290503379085,21162.65296875,
2024-01-25,22508.80078125,22836.400390625,22381.75,22779.30078125,22059.216796875,10866,22059.216796875,,22660.439453125,-0.026531818038819543,0.014932584912834113,0.1721797976722523,0.18324396468648493,21224.7625390625,
2024-01-29,22800.94921875,23348.69921875,22775.05078125,23248.80078125,22513.875,64222,22513.875,,22660.439453125,-0.006467855728401917,0.02061080442300245,0.17930895516857445,0.18533878565632128,21297.825546875,
2024-01-30,23248.0,24172.05078125,23199.75,23875.400390625,23120.66796875,37640,23120.66796875,,23120.66796875,0.0,0.0269519560160123,0.1932535949876942,0.18981268933690434,21378.259921875,
2024-01-31,23870.0,24050.0,23500.0,23568.150390625,22823.130859375,31087,22823.130859375,,23120.66796875,-0.0128688803358602,-0.0128688803358602,0.19078988005454556,0.19116162473599027,21435.9565234375,
2024-02-01,23600.0,23850.0,23589.25,23679.69921875,22931.15234375,18754,22931.15234375,,23120.66796875,-0.008196805786759742,0.004732982737582159,0.18886642341812787,0.190936421382541,21494.5982421875,
2024-02-02,23848.0,24272.69921875,23705.349609375,23956.75,23199.447265625,24154,23199.447265625,,23199.447265625,0.0,0.011700019164022635,0.18968898025887032,0.18964405052461283,21560.0138671875,
2024-02-05,24180.0,24360.0,23751.0,24163.099609375,23399.2734375,14936,23399.2734375,,23399.2734375,0.0,0.008613402275798432,0.1793660006212608,0.18929266136480088,21626.7348828125,
2024-02-06,24100.0,24955.599609375,24011.900390625,24891.44921875,24104.59765625,19634,24104.59765625,,24104.59765625,0.0,0.030142996560723834,0.19472730540563832,0.19449767246714345,21705.564609375,
2024-02-07,24890.0,25300.0,24789.69921875,25223.150390625,24425.814453125,20225,24425.814453125,,24425.814453125,0.0,0.013325955548223467,0.19581548699285234,0.19515427923360432,21783.3426953125,
2024-02-08,25222.94921875,25386.25,24910.05078125,25299.05078125,24499.3125,21046,24499.3125,,24499.3125,0.0,0.0030090315725621597,0.1946467318007008,0.19514437813554728,21865.90359375,
2024-02-09,25299.0,25519.0,24750.0,25457.150390625,24652.416015625,23943,24652.416015625,,24652.416015625,0.0,0.006249298449701346,0.19468557453057547,0.19520846626143307,21946.9296484375,
2024-02-12,25388.05078125,25659.94921875,25107.19921875,25237.900390625,24440.095703125,36672,24440.095703125,,24652.416015625,-0.008612555960658352,-0.008612555960658352,0.19860968916875182,0.19617211639169052,22016.15,
2024-02-13,25290.0,27300.0,25118.30078125,26300.75,25469.34765625,85754,25469.34765625,,25469.34765625,0.0,0.042113253795213135,0.22655461636069998,0.20426101590840057,22107.2017578125,
2024-02-14,26650.0,27502.0,25608.69921875,27399.55078125,26533.4140625,152203,26533.4140625,,26533.4140625,0.0,0.04177831409784405,0.24926418710748535,0.2118898060629177,22210.160859375,
2024-02-15,27399.599609375,28400.0,27350.30078125,27955.099609375,27071.400390625,89838,27071.400390625,,27071.400390625,0.0,0.020275804947594178,0.24987614178785755,0.21336088984468204,22326.57375,
2024-02-16,27920.05078125,28635.849609375,27800.0,28329.05078125,27433.529296875,48546,27433.529296875,,27433.529296875,0.0,0.013376807295695237,0.2486902370205179,0.2136775209879182,22455.874921875,
2024-02-19,28400.0,29100.0,28075.0,28993.80078125,28077.26953125,54538,28077.26953125,,28077.26953125,0.0,0.02346545453225124,0.252627046620494,0.21451726861455814,22599.2207421875,
2024-02-20,28900.0,29200.0,28810.150390625,29148.400390625,28226.98046875,44221,28226.98046875,,28226.98046875,0.0,0.005332104581372121,0.25280310234616565,0.21418609515610157,22744.139140625,
2024-02-21,29170.0,29199.94921875,27925.19921875,28054.25,27167.41796875,66555,27167.41796875,,28226.98046875,-0.03753722440035834,-0.03753722440035834,0.2813550308006863,0.22307247335700173,22868.63515625,
2024-02-22,28250.0,28551.0,27922.0,28444.099609375,27544.94140625,45835,27544.94140625,,28226.98046875,-0.02416266462702532,0.013896183948517216,0.2815472314069036,0.22351522354384007,22995.5782421875,
2024-02-23,28460.0,28710.900390625,28065.05078125,28279.900390625,27584.7421875,42212,27584.7421875,,28226.98046875,-0.022752638453872875,0.001444939768177056,0.27918067567387944,0.21589670006507858,23126.321328125,
2024-02-26,28420.0,28958.94921875,28158.05078125,28772.75,28065.474609375,32625,28065.474609375,,28226.98046875,-0.005721683888710749,0.017427475617040278,0.2780688595257774,0.21710116238516303,23262.5159765625,
2024-02-27,28837.05078125,29300.0,28650.150390625,28865.44921875,28155.8984375,32611,28155.8984375,,28226.98046875,-0.0025182300787962575,0.00322188843707627,0.2783578398877475,0.21704016361723524,23398.345078125,
2024-02-28,29065.0,29150.0,28211.150390625,28327.55078125,27631.220703125,28212,27631.220703125,,28226.98046875,-0.02110603953138257,-0.018634736005305297,0.28860674198697356,0.217666867286457,23530.5309375,
2024-02-29,28400.0,28750.0,28208.05078125,28590.849609375,27888.046875,28396,27888.046875,,28226.98046875,-0.012007433601522899,0.009294781965458077,0.28255436833789327,0.21647910720512709,23662.7731640625,
2024-03-01,28590.849609375,29350.0,28590.849609375,28939.69921875,28228.322265625,47200,28228.322265625,,28228.322265625,0.0,0.01220147800777105,0.2790768181455655,0.21689291162699686,23803.4061328125,
2024-03-04,29038.94921875,29500.0,28550.099609375,29313.400390625,28592.833984375,38585,28592.833984375,,28592.833984375,0.0,0.012912978508605288,0.2767014808939868,0.21653747710515664,23958.9689453125,
2024-03-05,29320.0,30250.0,29280.099609375,30047.900390625,29309.283203125,67247,29309.283203125,,29309.283203125,0.0,0.025056950253392607,0.27992909833489465,0.21722904278227798,24126.3410546875,
2024-03-06,30200.0,30263.44921875,29553.150390625,30110.55078125,29370.392578125,59027,29370.392578125,,29370.392578125,0.0,0.0020849836066099137,0.2691835758370861,0.21643221610775723,24294.7475,
2024-03-07,30135.25,30468.05078125,29450.0,29501.0,28775.82421875,50513,28775.82421875,,29370.392578125,-0.020243800207758622,-0.020243800207758622,0.2741318953728855,0.22016184704297306,24445.99546875,
2024-03-11,29819.94921875,30020.0,29257.05078125,29431.19921875,28707.73828125,46917,28707.73828125,,29370.392578125,-0.02256198295996026,-0.0023660812278536447,0.2757558289352276,0.22047907724085658,24593.8955859375,
2024-03-12,29477.400390625,29800.0,29302.400390625,29473.0,28748.51171875,26775,28748.51171875,,29370.392578125,-0.021173733300322795,0.001420294315788384,0.2743187607089112,0.21843427112918368,24740.7857421875,
2024-03-13,29550.0,29850.0,28116.0,28300.30078125,27604.640625,58216,27604.640625,,29370.392578125,-0.06012013453439935,-0.03978888037546513,0.3017652495699146,0.23061870952686883,24862.8403515625,
2024-03-14,28429.94921875,29629.5,28238.099609375,29401.0,28678.28515625,54457,28678.28515625,,29370.392578125,-0.023564799824653315,0.03889362465663315,0.3106505540166499,0.23720541644184662,25001.920078125,
2024-03-15,29400.0,29763.80078125,28955.0,29571.55078125,28844.640625,53434,28844.640625,,29370.392578125,-0.01790074653331597,0.005800746726787542,0.3105735690818735,0.2372107661765478,25146.2462890625,
2024-03-18,29500.05078125,29960.0,29392.44921875,29814.30078125,29081.423828125,34319,29081.423828125,,29370.392578125,-0.009838777239063012,0.008208915000999406,0.3103634099103938,0.23726311261896,25296.1835546875,
2024-03-19,29800.05078125,29950.0,29380.400390625,29746.900390625,29015.6796875,28685,29015.6796875,,29370.392578125,-0.012077226740550562,-0.002260691945950022,0.3116964681362237,0.2375287481696788,25440.9391796875,
2024-03-20,29731.0,30197.349609375,29550.05078125,29870.400390625,29136.14453125,44864,29136.14453125,,29370.392578125,-0.007975652564122249,0.0041517153844889965,0.30421761047700707,0.2373812925516187,25584.1753515625,
2024-03-21,29932.80078125,30200.0,29907.94921875,30066.25,29327.1796875,35457,29327.1796875,,29370.392578125,-0.0014713078999558649,0.0065566381318951095,0.303532837286091,0.23674417892843805,25735.588984375,
2024-03-22,30066.0,30450.0,29899.25,30178.69921875,29436.865234375,38966,29436.865234375,,29436.865234375,0.0,0.003740064610500138,0.3034715399542342,0.2360704105106476,25883.6203515625,
2024-03-26,30245.0,30852.099609375,30180.099609375,30680.349609375,29926.185546875,39017,29926.185546875,,29926.185546875,0.0,0.016622704510281805,0.3049376488736431,0.23680202177122167,26044.13796875,
2024-03-27,30700.0,31150.0,30231.599609375,30341.599609375,29595.759765625,51920,29595.759765625,,29926.185546875,-0.011041359772779424,-0.011041359772779424,0.30607391090272906,0.23776363318646143,26189.0197265625,
2024-03-28,30499.94921875,30595.75,29730.94921875,30031.30078125,29293.08984375,36810,29293.08984375,,29926.185546875,-0.02115524219193754,-0.010226800199484853,0.29046649679138953,0.23879580969145067,26324.974921875,
2024-04-01,30050.099609375,30431.75,30050.099609375,30282.30078125,29537.91796875,17643,29537.91796875,,29926.185546875,-0.012974175326048054,0.00835787983807501,0.2688785747315169,0.22955452296595144,26462.5244921875,
2024-04-02,30329.94921875,30999.94921875,30300.0,30915.849609375,30155.89453125,23277,30155.89453125,,30155.89453125,0.0,0.020921466541879985,0.26923028838592283,0.23118143594389648,26618.2787890625,
2024-04-03,30800.0,30900.0,30592.349609375,30815.650390625,30058.158203125,18469,30058.158203125,,30155.89453125,-0.0032410356132436258,-0.0032410356132436258,0.2683697600679704,0.23115387604847526,26775.542265625,
2024-04-04,30815.650390625,31145.099609375,30629.25,30790.900390625,30034.017578125,25484,30034.017578125,,30155.89453125,-0.004041563184229213,-0.0008031305456862592,0.26156765655029757,0.23130791216554222,26934.3681640625,
2024-04-05,30790.0,30982.30078125,30639.849609375,30792.849609375,30035.91796875,19278,30035.91796875,,30155.89453125,-0.0039785443066751025,6.327460587174372e-05,0.26149669212981913,0.2314311769925943,27086.0582421875,
2024-04-08,30980.0,31400.150390625,30805.0,31087.349609375,30323.1796875,34117,30323.1796875,,30323.1796875,0.0,0.009563940048340491,0.2334182282809927,0.2303792490465743,27251.4246484375,
2024-04-09,31137.94921875,31292.80078125,29918.05078125,30067.900390625,29328.7890625,153880,29328.7890625,,30323.1796875,-0.032793085528887156,-0.032793085528887156,0.2541301928199516,0.23777772416962337,27403.3071875,
2024-04-10,30275.0,30345.30078125,29375.05078125,29795.75,29063.328125,86951,29063.328125,,30323.1796875,-0.041547475412657464,-0.00905120688529959,0.25621989989004695,0.23848844552752704,27543.3894140625,
2024-04-12,29951.349609375,30225.0,29800.0,29849.400390625,29115.66015625,39244,29115.66015625,,30323.1796875,-0.039821665923371885,0.0018006207350005354,0.251941066090869,0.23726277511827779,27675.4251171875,
2024-04-15,29730.0,30161.0,29500.0,29800.400390625,29067.865234375,28572,29067.865234375,,30323.1796875,-0.04139785029346621,-0.0016415537761640397,0.2520209409942842,0.23716645709303388,27794.3690625,
2024-04-16,29800.400390625,30130.900390625,29570.05078125,29986.5,29249.390625,25386,29249.390625,,30323.1796875,-0.03541149290958567,0.0062448820772134095,0.2452429290563997,0.2351038016622352,27922.8942578125,
2024-04-18,30000.0,30449.80078125,29802.650390625,29924.099609375,29188.521484375,51782,29188.521484375,,30323.1796875,-0.037418839805666404,-0.0020810396156757394,0.2445236739978071,0.2347068915570057,28048.041640625,
2024-04-19,29801.0,29895.25,29421.150390625,29787.0,29054.794921875,22176,29054.794921875,,30323.1796875,-0.0418288839988592,-0.004581477776172571,0.24305551999918915,0.23337812799782948,28165.14859375,
2024-04-22,29985.94921875,30127.150390625,29000.0,29142.05078125,28425.69921875,32663,28425.69921875,,30323.1796875,-0.06257524732909825,-0.021652044174345964,0.24900034900941437,0.23697837894727347,28265.677109375,
2024-04-23,29335.0,29567.19921875,29053.599609375,29277.400390625,28557.72265625,51227,28557.72265625,,30323.1796875,-0.058221368914611826,0.0046445097615370745,0.2378762774532715,0.2369856285170994,28354.739609375,
2024-04-24,29439.94921875,29550.0,28800.5,28858.0,28148.62890625,30991,28148.62890625,,30323.1796875,-0.07171249201634378,-0.014325153126678591,0.24090826075019978,0.23870351424817418,28429.1958984375,
2024-04-25,28950.400390625,29171.650390625,28538.900390625,28901.05078125,28190.625,36654,28190.625,,30323.1796875,-0.07032754181709688,0.001491941006784625,0.23420200707384034,0.23825986288087186,28503.0221484375,
2024-04-26,28901.05078125,29189.94921875,28810.05078125,28877.19921875,28167.357421875,14760,28167.357421875,,30323.1796875,-0.07109486168146428,-0.0008253658131027741,0.2341424106198488,0.23771807292677136,28573.3209765625,
2024-04-29,29100.0,29700.0,29008.80078125,29287.150390625,28567.23046875,29397,28567.23046875,,30323.1796875,-0.05790781959036595,0.014196328071743647,0.237962802355852,0.2381621701836425,28655.863671875,
2024-04-30,29304.05078125,29650.0,29251.0,29356.05078125,28634.4375,23608,28634.4375,,30323.1796875,-0.05569146128155367,0.0023525917685132125,0.20610062096676451,0.23815076946546468,28719.16546875,
2024-05-02,29365.05078125,30899.94921875,29356.05078125,30670.44921875,29916.52734375,87649,29916.52734375,,30323.1796875,-0.013410610230879971,0.0447744029806767,0.21589321978004306,0.24573848467146892,28786.827734375,
2024-05-03,30688.0,30769.94921875,29932.80078125,30093.44921875,29353.7109375,46475,29353.7109375,,30323.1796875,-0.031971210143230455,-0.01881289227800631,0.2232906085668107,0.24830233939824703,28832.4739453125,
2024-05-06,30250.0,30310.650390625,29494.650390625,30034.55078125,29296.259765625,36056,29296.259765625,,30323.1796875,-0.033865839020118416,-0.0019572030261293394,0.22225292146289602,0.24817015011029014,28869.7285546875,
2024-05-07,30186.0,30186.0,29160.05078125,29607.849609375,28880.046875,26812,28880.046875,,30323.1796875,-0.04759173765325464,-0.014207031680998683,0.22613059088939508,0.24730458358890908,28885.7841015625,
2024-05-08,29607.849609375,30547.900390625,29607.849609375,30047.599609375,29308.98828125,35553,29308.98828125,,30323.1796875,-0.03344607711664471,0.014852517660603803,0.22995630869250938,0.24797254058547555,28907.4242578125,
2024-05-09,29900.05078125,30439.650390625,29763.349609375,29881.69921875,29147.166015625,25858,29147.166015625,,30323.1796875,-0.038782663427601616,-0.005521250480301387,0.22976413797105993,0.2484061044375531,28947.01921875,
2024-05-10,30200.0,30584.0,29753.5,30431.94921875,29683.888671875,30547,29683.888671875,,30323.1796875,-0.021082585078916805,0.01841423128280395,0.23575581453613187,0.24918177965107025,28989.7981640625,
2024-05-13,30431.94921875,31031.0,29979.80078125,30797.80078125,30040.748046875,31139,30040.748046875,,30323.1796875,-0.009314050951636399,0.012021988727444644,0.2333672071417024,0.24955264340666092,29038.91828125,
2024-05-14,31000.0,32100.0,30170.349609375,31882.0,31098.296875,82044,31098.296875,,31098.296875,0.0,0.0352038113856159,0.2517234352897744,0.25497672736542193,29099.5747265625,
2024-05-15,31900.0,31900.0,30573.599609375,30935.400390625,30174.96484375,101787,30174.96484375,,31098.296875,-0.029690758788538996,-0.029690758788538996,0.26571808333022084,0.26123697972182286,29139.9560546875,
2024-05-16,31101.05078125,31277.0,30600.05078125,31041.55078125,30278.505859375,66955,30278.505859375,,31098.296875,-0.026361283350022635,0.0034313549712865488,0.26493510858989455,0.2610106812292325,29192.9017578125,
2024-05-17,31043.55078125,31154.0,30542.19921875,31027.75,30265.04296875,56789,30265.04296875,,31098.296875,-0.026794197431430855,-0.0004446352368748796,0.2580948775083865,0.2607397855567815,29240.4416796875,
2024-05-21,30813.400390625,30999.400390625,30580.0,30883.05078125,30123.904296875,52316,30123.904296875,,31098.296875,-0.03133266693161951,-0.0046634221540915455,0.2582947919756513,0.26094615489278256,29278.3533203125,
2024-05-22,31000.0,31344.94921875,30587.55078125,30935.44921875,30175.013671875,85634,30175.013671875,,31098.296875,-0.029689188666380928,0.0016966384734300455,0.2583120247794312,0.2608261072649085,29309.9969140625,
2024-05-23,30865.150390625,30999.94921875,30647.900390625,30861.30078125,30102.685546875,51535,30102.685546875,,31098.296875,-0.03201497921660701,-0.002396954174950894,0.25842863833588503,0.260874216246451,29325.8649609375,
2024-05-24,30960.0,31318.349609375,30739.94921875,30840.150390625,30082.056640625,74133,30082.056640625,,31098.296875,-0.032678324425925664,-0.000685284580934753,0.2569047901222284,0.25997254849476376,29340.0982421875,
2024-05-27,30901.0,32229.5,30901.0,31566.44921875,30790.501953125,121384,30790.501953125,,31098.296875,-0.009897484840156512,0.02355042811611696,0.24635850771840292,0.26164904706424924,29380.391796875,
2024-05-28,31550.0,31566.44921875,30821.55078125,31065.94921875,30302.306640625,76953,30302.306640625,,31098.296875,-0.02559594300531931,-0.01585538661380781,0.24971433415659103,0.2632021237002316,29412.2831640625,
2024-05-29,30962.5,31317.05078125,30822.05078125,31127.05078125,30361.904296875,52833,30361.904296875,,31098.296875,-0.02367951470413121,0.0019667696243987898,0.24971647202963823,0.2616649616420416,29444.551015625,
2024-05-30,31140.0,31300.0,30470.55078125,30610.349609375,29857.904296875,68887,29857.904296875,,31098.296875,-0.039886190009400635,-0.016599749313216616,0.2550663156397163,0.26377473641614246,29489.6162890625,
2024-05-31,31099.900390625,31150.900390625,29502.69921875,30393.75,29646.62890625,868375,29646.62890625,,31098.296875,-0.04667998297736364,-0.00707602879707514,0.2556155947505517,0.26425016175339716,29508.9831640625,
2024-06-03,30555.0,30694.349609375,29865.75,29989.349609375,29252.169921875,44990,29252.169921875,,31098.296875,-0.0593642462333398,-0.013305357098858606,0.25868038527007575,0.26432108814008975,29517.13375,
2024-06-04,30300.0,30351.30078125,27500.0,29548.25,28821.9140625,72953,28821.9140625,,31098.296875,-0.07319959744580062,-0.014708510873692515,0.2619514238158504,0.2653866561467391,29511.9435546875,
2024-06-05,29748.0,31143.94921875,29315.80078125,30867.05078125,30108.294921875,49866,30108.294921875,,31098.296875,-0.03183460358309409,0.04463204132055543,0.28414898879144557,0.2740163708330202,29533.795859375,
2024-06-06,30849.94921875,31168.75,30494.75,30651.69921875,29898.23828125,20538,29898.23828125,,31098.296875,-0.03858920630199303,-0.006976703302862375,0.28522883215631356,0.2737364482402657,29549.037734375,
2024-06-07,30510.0,31000.0,30510.0,30596.599609375,29844.4921875,19067,29844.4921875,,31098.296875,-0.040317471163764496,-0.0017976341363131754,0.28140392327977604,0.27156948242902196,29559.383984375,
2024-06-10,30599.94921875,30929.94921875,30563.80078125,30764.75,30008.51171875,12586,30008.51171875,,31098.296875,-0.03504324242032952,0.005495805732580017,0.2815677098751488,0.26986706126550375,29570.8169140625,
2024-06-11,30765.099609375,31598.94921875,30650.0,31174.0,30407.69921875,39791,30407.69921875,,31098.296875,-0.02220692853457107,0.013302475768919297,0.2832056532618125,0.2696892352368338,29580.4471875,
2024-06-12,31255.0,31550.0,31160.0,31411.30078125,30639.16796875,18859,30639.16796875,,31098.296875,-0.014763795846938987,0.007612175730062232,0.281522331951253,0.2682566963245099,29601.3153515625,
2024-06-13,31550.69921875,32683.25,31450.80078125,32433.150390625,31635.8984375,56576,31635.8984375,,31635.8984375,0.0,0.03253125116734901,0.29467722726789947,0.26979170324566554,29648.1715234375,
2024-06-14,32680.0,32927.94921875,31980.0,32327.80078125,31533.138671875,57427,31533.138671875,,31635.8984375,-0.0032482012745114197,-0.0032482012745114197,0.2678674511280181,0.2686032853333812,29688.0759375,
2024-06-18,32355.599609375,34350.0,32355.599609375,33379.19921875,32558.689453125,156530,32558.689453125,,32558.689453125,0.0,0.032522952818671014,0.2746223113761211,0.2728855476900029,29736.1318359375,
2024-06-19,33400.0,33592.5,32606.400390625,32892.55078125,32084.0078125,42616,32084.0078125,,32558.689453125,-0.014579261284714873,-0.014579261284714873,0.27924084192050896,0.274338175072642,29776.648828125,
2024-06-20,33050.0,33301.25,32201.55078125,32254.69921875,31461.833984375,45408,31461.833984375,,32558.689453125,-0.03368856324297542,-0.01939202333327572,0.28243279297799784,0.27692439871139307,29805.20515625,
2024-06-21,32254.69921875,32800.0,32064.94921875,32606.349609375,31804.83984375,45227,31804.83984375,,32558.689453125,-0.023153561216286755,0.01090228432154805,0.28122291374500263,0.2735227419328049,29840.58359375,
2024-06-24,32600.0,33095.0,32200.0,33015.5,32203.935546875,27730,32203.935546875,,32558.689453125,-0.010895828800503216,0.012548269542801194,0.28140947647351194,0.273444556775565,29878.1987109375,24263.73146484375
2024-06-25,33075.0,33919.94921875,33075.0,33817.94921875,32986.65625,54500,32986.65625,,32986.65625,0.0,0.024305125750413215,0.2846255690935647,0.2757101213334223,29951.3560546875,24338.9396484375
2024-06-26,33817.94921875,34426.8984375,33450.05078125,34149.3984375,33309.9609375,35727,33309.9609375,,33309.9609375,0.0,0.00980107486644699,0.28413208082344765,0.27587590902093323,30036.2887109375,24415.290107421875
2024-06-27,34300.0,36678.0,33980.0,34749.6484375,33895.453125,107957,33895.453125,,33895.453125,0.0,0.017577090186283062,0.2714042252268437,0.2761011702870621,30131.8845703125,24494.579169921875
2024-06-28,34785.0,34785.0,33965.80078125,34084.3984375,33246.5546875,58629,33246.5546875,,33895.453125,-0.01914411455445031,-0.01914411455445031,0.26191566266912586,0.271006231308344,30215.458359375,24570.87841796875
2024-07-01,34000.05078125,34479.8515625,33702.1484375,34249.94921875,33408.0390625,30255,33408.0390625,,33895.453125,-0.014379924667255795,0.00485717622526205,0.26195131644816466,0.263013621446696,30298.631328125,24645.98560546875
2024-07-02,34460.0,35099.0,34300.05078125,34644.80078125,33793.18359375,35059,33793.18359375,,33895.453125,-0.0030172050178189913,0.0115284985906976,0.26271600852620364,0.26176270142532887,30390.7245703125,24722.63115234375
2024-07-03,34775.0,35080.5,34419.69921875,34546.44921875,33697.25,23302,33697.25,,33895.453125,-0.005847484152787796,-0.0028388445108717963,0.2622572531917461,0.26127853743350904,30483.573671875,24798.3903125
2024-07-04,34750.0,35331.44921875,34571.0,35276.3984375,34409.25390625,27710,34409.25390625,,34409.25390625,0.0,0.021129436563814608,0.2668624449473038,0.26077454863396665,30603.244765625,24877.10740234375
2024-07-05,35000.0,35680.0,34944.0,35074.0,34211.83203125,33743,34211.83203125,,34409.25390625,-0.005737464565139572,-0.005737464565139572,0.2677890645208793,0.26107922358409885,30716.326953125,24954.750947265624
2024-07-08,35172.1015625,35484.0,34342.5,34412.30078125,33566.3984375,28099,33566.3984375,,34409.25390625,-0.02449502308438334,-0.018865800380419406,0.27585787670382944,0.2548122068983421,30824.68234375,25028.633505859376
2024-07-09,34700.0,35753.0,34556.0,35612.44921875,34737.04296875,30550,34737.04296875,,34737.04296875,0.0,0.03487548815908026,0.28471272608293025,0.2598421795166047,30955.610703125,25108.16955078125
2024-07-10,35649.94921875,35675.0,34867.5,35389.94921875,34520.01953125,30144,34520.01953125,,34737.04296875,-0.006247608286498063,-0.006247608286498063,0.2801623559474622,0.2602669370236341,31082.6639453125,25187.996318359375
2024-07-11,35450.0,35777.80078125,35300.6484375,35611.25,34735.87890625,23755,34735.87890625,,34737.04296875,-3.3510696378136196e-05,0.0062531649150601165,0.2801006839070217,0.25913694602981774,31206.0369140625,25267.92552734375
2024-07-12,35650.0,35698.5,34902.1484375,35139.05078125,34275.28125,21287,34275.28125,,34737.04296875,-0.013293063521998882,-0.01325999717736015,0.2780592966357174,0.26047168480676064,31318.8537890625,25344.933671875
2024-07-15,35239.05078125,35364.75,35000.0,35085.19921875,34222.75390625,14038,34222.75390625,,34737.04296875,-0.014805205583061976,-0.0015325138652217962,0.27646903708047227,0.25813760595392155,31404.9783203125,25420.83255859375
2024-07-16,35389.94921875,35399.0,35000.05078125,35108.8515625,34245.828125,14283,34245.828125,,34737.04296875,-0.014140951611566477,0.0006742361767031468,0.2713735300144879,0.2578989873615381,31502.8206640625,25497.224013671876
2024-07-18,35170.05078125,35385.05078125,34784.69921875,35149.8515625,34285.8203125,48057,34285.8203125,,34737.04296875,-0.012989668022575396,0.001167797354878486,0.264972686793645,0.2573737187503761,31602.611875,25575.12904296875
2024-07-19,35200.0,35200.0,33948.0,34073.30078125,33397.25390625,24779,33397.25390625,,34737.04296875,-0.03856946210721779,-0.025916440037050625,0.25411440682044323,0.261012173616035,31692.956015625,25649.208828125
2024-07-22,34073.30078125,34650.0,33715.0,34135.6015625,33458.3203125,20371,33458.3203125,,34737.04296875,-0.036811499971381,0.0018284858516037783,0.2522085830100083,0.2580441925785647,31775.94265625,25723.92609375
2024-07-23,34197.94921875,34422.44921875,33100.0,34065.1015625,33389.21875,36942,33389.21875,,34737.04296875,-0.03880077587382791,-0.0020653027962729276,0.25226211692717265,0.2581156450764888,31860.7837109375,25798.364189453125
2024-07-24,34130.6484375,34574.94921875,33836.05078125,34116.3984375,33439.5,18849,33439.5,,34737.04296875,-0.037353293713494606,0.001505912743166471,0.252303640845185,0.2554666555851095,31935.8959375,25872.869453125
2024-07-25,34090.0,34920.0,33800.05078125,34751.05078125,34061.55859375,20428,34061.55859375,,34737.04296875,-0.019445649867424697,0.018602508821902175,0.25450779153433595,0.25690446377390175,32016.3121484375,25950.122119140626
2024-07-26,34751.05078125,35000.0,34563.1484375,34917.05078125,34224.265625,18411,34224.265625,,34737.04296875,-0.014761686658570916,0.004776852204286808,0.2542822691197546,0.25694327797084193,32078.8315234375,26027.698310546875
2024-07-29,34902.0,35156.1484375,34820.0,34936.05078125,34242.88671875,19618,34242.88671875,,34737.04296875,-0.014225627968522003,0.0005440903817786058,0.23935835380787748,0.24701122097196507,32160.1899609375,26106.820439453124
2024-07-30,34945.0,35050.0,34810.0,34924.55078125,34231.61328125,10838,34231.61328125,,34737.04296875,-0.01455016444418411,-0.00032921983454825554,0.2388714760165351,0.23925326066188332,32239.252109375,26187.12986328125
2024-07-31,34904.05078125,35029.8984375,34420.44921875,34978.44921875,34284.44140625,32525,34284.44140625,,34737.04296875,-0.01302936357902329,0.001543255486265327,0.22168711412407294,0.23917185513151268,32319.640078125,26267.802685546874
2024-08-01,34853.0,35182.80078125,34266.1015625,34370.69921875,33688.75390625,23238,33688.75390625,,34737.04296875,-0.03017784396452683,-0.01737486380313047,0.22362346092845264,0.24112464750060225,32390.9370703125,26344.586298828126
2024-08-02,34370.69921875,34580.0,33810.0,33909.75,33236.94921875,28189,33236.94921875,,34737.04296875,-0.04318426733529124,-0.013411142743875115,0.21934690558423658,0.24236830827307124,32452.17578125,26417.302412109377
2024-08-05,33500.05078125,33789.8984375,32147.69921875,32355.19921875,31713.2421875,35807,31713.2421875,,34737.04296875,-0.08704830701825306,-0.04584376927080991,0.2575011388640529,0.25500140226261586,32484.3869140625,26482.629013671874
2024-08-06,32355.19921875,33220.0,32355.19921875,32699.400390625,32050.61328125,29693,32050.61328125,,34737.04296875,-0.07733616502466134,0.010638177318967879,0.2567527659540386,0.25534132308856733,32523.758046875,26547.409853515626
2024-08-07,32900.0,33254.6484375,31800.0,32430.849609375,31787.392578125,60281,31787.392578125,,34737.04296875,-0.08491368690416601,-0.008212657299727422,0.24708382741065854,0.2557762963970304,32543.695859375,26610.96974609375
2024-08-08,32430.0,32519.75,31619.0,31835.650390625,31204.001953125,44900,31204.001953125,,34737.04296875,-0.101708168389675,-0.018352893322916675,0.24973388567771282,0.2564153696374597,32561.729765625,26667.944423828125
2024-08-09,31930.05078125,32500.0,31849.0,32018.69921875,31383.41796875,32494,31383.41796875,,34737.04296875,-0.09654319174539339,0.005749775810632185,0.2439401511142874,0.2557967608236604,32582.1600390625,26725.45908203125
2024-08-12,31989.94921875,31989.94921875,31076.94921875,31598.0,30971.068359375,36237,30971.068359375,,34737.04296875,-0.10841379367734127,-0.013139091789989066,0.24097158855702752,0.2561976827148788,32604.4233203125,26780.211845703125
2024-08-13,31786.0,31880.0,31369.599609375,31593.849609375,30966.998046875,16810,30966.998046875,,34737.04296875,-0.10853096866266343,-0.00013142305757007922,0.24012560369447256,0.2558772707602603,32630.830703125,26836.584453125
2024-08-14,31648.900390625,31648.94921875,30900.0,30993.150390625,30378.21875,26467,30378.21875,,34737.04296875,-0.12548057768392284,-0.019013121516776033,0.2410286241082295,0.2556460885466582,32653.3516796875,26891.050322265626
2024-08-16,31445.94921875,32048.400390625,31085.0,31940.599609375,31306.869140625,25740,31306.869140625,,34737.04296875,-0.0987468573882595,0.03056961299368477,0.2604133023865581,0.26056693151709953,32703.05078125,26949.62125
2024-08-19,31940.599609375,32082.44921875,31525.099609375,31605.75,30978.6640625,25158,30978.6640625,,34737.04296875,-0.10819513076087384,-0.010483484523819975,0.25164845880339226,0.26121564232154215,32720.4581640625,27007.24623046875
2024-08-20,31750.0,32345.19921875,31732.19921875,32054.5,31418.509765625,29425,31418.509765625,,34737.04296875,-0.0955329791919941,0.014198343164108174,0.25660507747466305,0.26222107870414924,32750.86359375,27068.34435546875
2024-08-21,32279.849609375,32279.849609375,31751.900390625,32213.69921875,31574.548828125,22620,31574.548828125,,34737.04296875,-0.09104097154930635,0.004966469245804905,0.252833858718772,0.26189043475362794,32785.4647265625,27130.85017578125
2024-08-22,32213.69921875,32559.75,32102.099609375,32503.150390625,31858.2578125,32048,31858.2578125,,34737.04296875,-0.08287363892314614,0.008985369384669983,0.2302215372412406,0.25608070934075544,32822.4596484375,27195.005263671876
2024-08-23,32500.0,32826.1015625,32157.69921875,32600.150390625,31953.333984375,39122,31953.333984375,,34737.04296875,-0.0801366134382615,0.002984349377626483,0.23056676999311893,0.2555281156737671,32853.37234375,27259.179140625
2024-08-26,32660.0,32903.8984375,32427.05078125,32814.3984375,32163.33203125,32218,32163.33203125,,34737.04296875,-0.07409125007604567,0.0065720230313897066,0.2306734163728264,0.25568553793227167,32883.855625,27325.6839453125
2024-08-27,32900.0,32921.05078125,32244.400390625,32299.94921875,31659.087890625,45779,31659.087890625,,34737.04296875,-0.08860728533784457,-0.015677608903675644,0.23176099087955368,0.25720677086956173,32884.3194140625,27389.798984375
2024-08-28,32519.94921875,32519.94921875,31814.80078125,31940.150390625,31306.4296875,26366,31306.4296875,,34737.04296875,-0.0987595082384023,-0.011139240787458982,0.2330671793190921,0.2578621698045035,32879.785234375,27452.59884765625
2024-08-29,31940.150390625,32199.94921875,31500.0,31731.849609375,31102.26171875,17160,31102.26171875,,34737.04296875,-0.10463703698872429,-0.006521598623286051,0.23305223979294348,0.2581137430548884,32850.6566796875,27513.914736328126
2024-08-30,31839.94921875,32500.0,31839.94921875,32389.599609375,31746.958984375,50047,31746.958984375,,34737.04296875,-0.08607767756930051,0.020728308167902387,0.24285364052717046,0.26007666713487604,32843.915703125,27578.137216796877
2024-09-02,32389.599609375,32632.25,31922.349609375,32327.599609375,31686.189453125,26466,31686.189453125,,34737.04296875,-0.08782709335304095,-0.001914184324864232,0.23243754338839157,0.257265809554352,32848.4028125,27641.835048828125
2024-09-03,32397.400390625,32784.6015625,32220.0,32399.25,31756.419921875,29277,31756.419921875,,34737.04296875,-0.0858053188222272,0.0022164378223483716,0.2324906666860887,0.25720948538661137,32847.4344140625,27704.951474609374
2024-09-04,32380.0,32520.349609375,31965.0,32451.849609375,31807.9765625,16544,31807.9765625,,34737.04296875,-0.08432112108347956,0.00162350292482083,0.23267698276745438,0.25584539101397347,32839.515234375,27768.861943359374
2024-09-05,32495.0,34142.94921875,32423.650390625,33720.75,33051.69921875,92016,33051.69921875,,34737.04296875,-0.048517191043467967,0.03910096745092195,0.26073438631994567,0.26347371823206406,32840.81609375,27839.533076171876
2024-09-06,33720.75,33930.0,32009.849609375,32357.30078125,31715.302734375,65916,31715.302734375,,34737.04296875,-0.08698898858758375,-0.04043351827481445,0.2791189907943852,0.27280649965636283,32808.9229296875,27903.3408984375
2024-09-09,32274.0,33174.05078125,32154.75,33105.69921875,32448.853515625,65068,32448.853515625,0.8082372916405907,34737.04296875,-0.06587173972129667,0.023129237875914477,0.28804546671597686,0.2743918237267894,32779.9909375,27971.28154296875
2024-09-10,33105.69921875,33950.0,33100.0,33534.0,32868.65625,90744,32868.65625,0.8220008135192742,34737.04296875,-0.05378657937092779,0.012937367237731534,0.2910760298811542,0.27504883125356117,32772.43296875,28040.130078125
2024-09-11,33534.0,33792.6484375,32983.8984375,33209.6015625,32550.69140625,51904,32550.69140625,0.8045980670628867,34737.04296875,-0.06294005982221562,-0.009673801123220582,0.2920909944870656,0.26583009043747424,32755.286015625,28103.19203125
2024-09-12,33440.0,34280.0,33437.8984375,34113.8984375,33437.046875,38720,33437.046875,0.8589867754970495,34737.04296875,-0.0374239135702914,0.027230004354986237,0.30368363793417397,0.2672369895702771,32748.16328125,28170.38193359375
2024-09-13,34419.94921875,35044.44921875,34199.0,34343.1484375,33661.74609375,50320,33661.74609375,0.8307758494318,34737.04296875,-0.03095533710130005,0.006720067701851962,0.30016595176283656,0.2673054955996621,32747.453203125,28239.047333984374
2024-09-16,34350.0,34553.94921875,33850.0,34037.0,33361.67578125,28975,33361.67578125,0.8068425953017293,34737.04296875,-0.03959367493477506,-0.00891428245178627,0.29868023111554315,0.2665602366839395,32726.501640625,28305.539599609376
2024-09-17,34100.0,34794.94921875,33910.05078125,34720.30078125,34031.41796875,57197,34031.41796875,0.8350310586741545,34737.04296875,-0.020313329509215605,0.020075196218902525,0.26990890948640334,0.26742933480701986,32722.893359375,28374.8811328125
2024-09-18,34701.0,34867.3984375,34051.0,34363.8984375,33682.0859375,18444,33682.0859375,0.8044777662398759,34737.04296875,-0.030369799530692854,-0.010264986065840143,0.27122403300595266,0.267914473166655,32725.207109375,28440.60701171875
2024-09-19,34509.1484375,34789.30078125,34050.0,34436.8515625,33753.59375,22135,33753.59375,0.8066355215514001,34737.04296875,-0.028311253195464126,0.002123022090516846,0.2695584935514652,0.26642782858565456,32705.538125,28507.518642578125
2024-09-20,34500.0,36000.0,34423.05078125,35686.75,34978.69140625,73949,34978.69140625,0.8615701057604335,34978.69140625,0.0,0.03629532503483435,0.2797911261698767,0.2721591119781927,32714.7115625,28579.406533203124
2024-09-23,35560.1015625,36576.94921875,35501.19921875,36461.8984375,35738.4609375,70172,35738.4609375,0.8979700493990432,35738.4609375,0.0,0.02172092496045308,0.28446720995332647,0.2683877174457269,32734.763203125,28653.203447265623
2024-09-24,36461.8984375,36950.0,36370.1015625,36703.30078125,35975.07421875,40922,35975.07421875,0.938869402901414,35975.07421875,0.0,0.006620690288364539,0.2795449625039736,0.26319491986312743,32768.7590625,28728.49501953125
2024-09-25,36718.30078125,37347.0,36484.1015625,36961.25,36227.90234375,41395,36227.90234375,0.9321509676178765,36227.90234375,0.0,0.007027869448236634,0.27913842348819945,0.263315560979812,32808.86203125,28802.707236328126
2024-09-26,36965.0,37200.0,36752.55078125,37141.8984375,36404.96875,37856,36404.96875,0.9288777861829953,36404.96875,0.0,0.004887569933525127,0.2694048194522693,0.26331905840562997,32852.04484375,28878.47830078125
2024-09-27,37020.05078125,38179.8984375,36900.0,37976.1015625,37222.62109375,67836,37222.62109375,0.9546640185993769,37222.62109375,0.0,0.02245991060629593,0.26399861128269386,0.2652246887734716,32910.780859375,28959.749052734376
2024-09-30,37976.0,38124.6015625,37511.05078125,37678.8984375,36931.3125,32053,36931.3125,0.9470800181930907,37222.62109375,-0.007826117161827573,-0.007826117161827573,0.26267289355286105,0.2657835770400231,32981.46203125,29039.85572265625
2024-10-01,37700.0,38079.94921875,37650.0,37841.19921875,37090.39453125,21533,37090.39453125,0.982933037063799,37222.62109375,-0.003552317343987421,0.004307510902841649,0.2615547922402186,0.26567873221155885,33054.103515625,29120.402392578126
2024-10-03,37388.0,38100.0,37045.44921875,37122.80078125,36386.25,49118,36386.25,0.9582190761375475,37222.62109375,-0.02246943039404692,-0.018984552204122096,0.2711565078894452,0.2680461873900545,33114.044140625,29197.620556640624
2024-10-04,37150.0,37150.0,36420.55078125,36734.5,36005.65625,35351,36005.65625,0.9446888754518645,37222.62109375,-0.03269422754203466,-0.010459823422309222,0.2744350366503086,0.2664327653589037,33165.367265625,29271.65990234375
2024-10-07,36734.5,37125.0,36220.30078125,36784.30078125,36054.46875,68090,36054.46875,0.9487217057562274,37222.62109375,-0.031382860997559936,0.0013556897744364527,0.2745399359700979,0.264740179718504,33205.22546875,29346.694306640624
2024-10-08,36700.19921875,38149.94921875,36571.0,37967.6484375,37214.3359375,35793,37214.3359375,1.007413857497378,37222.62109375,-0.00022258390211515877,0.03216985931875649,0.28625438637980877,0.2694882418673963,33265.026875,29426.487275390624
2024-10-09,37967.6484375,39088.80078125,37862.8984375,38606.1484375,37840.1640625,42324,37840.1640625,1.0332122098743342,37840.1640625,0.0,0.016816855903355465,0.2812764534747355,0.2686150938816245,33336.972421875,29508.86587890625
2024-10-10,38606.1484375,39039.75,37975.3984375,38222.25,37463.8828125,26527,37463.8828125,1.0024495193768215,37840.1640625,-0.00994396454990265,-0.00994396454990265,0.2806600173672346,0.26895561281949804,33401.6178125,29591.075654296874
2024-10-11,38222.25,38639.69921875,38002.30078125,38486.80078125,37723.1875,16882,37723.1875,1.0481183323626984,37840.1640625,-0.0030913333860496106,0.006921457895802563,0.27807683510765346,0.267664330475,33470.392734375,29673.3119140625
2024-10-14,38486.80078125,38899.0,38317.19921875,38795.6015625,38025.86328125,11537,38025.86328125,1.0928140587543607,38025.86328125,0.0,0.008023600371787287,0.2748880434773222,0.2661115224090098,33557.134921875,29757.457861328126
2024-10-15,38800.0,38936.05078125,38212.80078125,38703.1484375,37935.2421875,17392,37935.2421875,1.0901101580729122,38025.86328125,-0.0023831436272659934,-0.0023831436272659934,0.2750113429693344,0.256864806903566,33651.10078125,29843.06060546875
2024-10-16,38500.0,38789.94921875,38080.80078125,38261.55078125,37502.40625,18602,37502.40625,1.0457310888557427,38025.86328125,-0.01376581584429426,-0.011409863560660871,0.2795092808706177,0.25744414974209595,33766.8840625,29925.869248046874
2024-10-17,38261.55078125,38413.44921875,36386.25,36484.8984375,35761.00390625,53057,35761.00390625,0.9129949176633037,38025.86328125,-0.059561024512407856,-0.04643441629162126,0.31770670368846765,0.2701495786681824,33841.091875,29999.923916015625
2024-10-18,36486.8984375,36926.94921875,36060.1484375,36800.75,36070.5859375,21112,36070.5859375,0.9342952088327536,38025.86328125,-0.0514196700621421,0.00865697260797238,0.3003457222810854,0.27031200915857634,33926.7557421875,30074.209716796875
2024-10-21,36810.0,37265.5,36510.0,36839.1484375,36108.2265625,18769,36108.2265625,0.8910330188466951,38025.86328125,-0.05042980101639294,0.00104352685218978,0.2707095061886959,0.2696626196196466,34024.840234375,30148.1871875
2024-10-22,36750.0,37055.3984375,35910.0,36065.30078125,35349.734375,16532,35349.734375,0.8531568572602248,38025.86328125,-0.070376545733008,-0.021006076999852685,0.2744759986780751,0.2722321354119658,34104.1665625,30217.91583984375
2024-10-23,36065.30078125,36886.6484375,35802.8515625,36255.80078125,35536.453125,18922,35536.453125,0.7939489118875294,38025.86328125,-0.06546623643591265,0.005282041104446078,0.272960889868774,0.26727765370438944,34195.4742578125,30288.0885546875
2024-10-24,36599.75,36599.75,35950.0,36049.1015625,35333.85546875,10745,35333.85546875,0.7773134361790264,38025.86328125,-0.07079412747553293,-0.005701122043254014,0.27162951460973883,0.2674307709259471,34282.81140625,30356.136337890624
2024-10-25,36196.44921875,36575.0,35370.30078125,35931.94921875,35219.02734375,16693,35219.02734375,0.7591468673150121,38025.86328125,-0.07381386496711073,-0.003249804570620851,0.2620837381396969,0.26229504444495716,34379.627578125,30424.08982421875
2024-10-28,35800.0,36318.3984375,35629.19921875,36123.30078125,35406.58203125,9154,35406.58203125,0.7979750753480173,38025.86328125,-0.06888157227692793,0.0053253795361638545,0.26189029816242076,0.2610575167580325,34461.6218359375,30493.199931640625
2024-10-29,36346.3515625,36590.0,35325.1015625,36416.55078125,35694.015625,43179,35694.015625,0.8318672483494203,38025.86328125,-0.06132267501734279,0.008118083623443573,0.26047371544081616,0.25895464468392787,34555.9288671875,30562.780517578125
2024-10-30,36540.0,36691.0,35912.3984375,36173.3515625,35455.63671875,14672,35455.63671875,0.8096365691354415,38025.86328125,-0.06759153746201318,-0.006678399784277533,0.25619124462516113,0.2588249617132609,34636.67140625,30630.187021484377
2024-10-31,36173.3515625,36535.05078125,34822.3515625,35121.6015625,34424.7578125,36099,34424.7578125,0.7695767126178608,38025.86328125,-0.09470147836263987,-0.02907517680270122,0.26916558558865716,0.26305787409414527,34693.6755859375,30693.5283203125
2024-11-01,35339.0,35549.75,34962.6015625,35182.1484375,34484.1015625,3850,34484.1015625,0.7961512860498388,38025.86328125,-0.09314086290570533,0.0017238683369458219,0.2691518833504456,0.2600602867267044,34746.1924609375,30755.77234375
2024-11-04,35249.94921875,35527.3515625,34755.1484375,35341.1015625,34639.90234375,29676,34639.90234375,0.8161381825725946,38025.86328125,-0.08904363097443646,0.004518046699509393,0.24769266240853813,0.25968253819395315,34799.923828125,30819.47033203125
2024-11-05,35150.19921875,35836.44921875,35110.94921875,35612.55078125,34905.96484375,32121,34905.96484375,0.8345258909743607,38025.86328125,-0.08204674840448334,0.007680809759788687,0.2401191979465603,0.25837183766051014,34854.776484375,30882.241796875
2024-11-06,35700.0,36380.0,35699.80078125,36272.69921875,35553.015625,16879,35553.015625,0.8596075352993686,38025.86328125,-0.06503067761960124,0.018536968800215048,0.24568407739096804,0.2579706892733327,34932.6550390625,30947.530224609374
2024-11-07,36272.69921875,36772.69921875,35225.05078125,35369.6484375,34667.8828125,18762,34667.8828125,0.8379387533090745,38025.86328125,-0.08830780366282365,-0.024896138820854286,0.2546936286295374,0.26145150426020225,34999.8841015625,31007.56744140625
2024-11-08,35460.0,35642.6484375,35001.0,35119.3984375,34422.59765625,14426,34422.59765625,0.8274820192671706,38025.86328125,-0.09475828591580504,-0.007075285144368837,0.2545114451472327,0.2610918056100806,35066.2908203125,31067.83953125
2024-11-11,35100.0,35600.0,34926.80078125,34990.8515625,34296.6015625,32585,34296.6015625,0.829497782185092,38025.86328125,-0.09807171742998522,-0.003660272679250398,0.24397085412689698,0.26112373173114467,35117.283671875,31128.3476171875
2024-11-12,35270.0,35347.1484375,33111.0,33278.5,32618.224609375,56027,32618.224609375,0.7314124527725616,38025.86328125,-0.14220949125805715,-0.048937121366571246,0.2782902691880584,0.2714385503337266,35135.924375,31180.975126953126
2024-11-13,34000.0,34480.0,32830.5,33212.0,32553.04296875,124257,32553.04296875,0.7221588084638029,38025.86328125,-0.14392363092512794,-0.001998319694146211,0.2772565560773402,0.27130433598583914,35151.8568359375,31231.483271484376
2024-11-14,33500.0,33950.0,33139.6015625,33862.1015625,33190.24609375,25998,33190.24609375,0.7517763461929592,38025.86328125,-0.12716653272890643,0.019574302949548983,0.2818624305197933,0.2715239494116353,35179.5022265625,31287.160205078126
2024-11-18,33862.1015625,34421.30078125,33610.0,33794.30078125,33123.79296875,19760,33123.79296875,0.731226658595481,38025.86328125,-0.12891410975321993,-0.0020021883782450622,0.2809570855443685,0.2650549510407781,35180.9441015625,31344.105859375
2024-11-19,34000.0,34829.3984375,33894.0,34302.0,33621.4140625,23271,33621.4140625,0.767140815164211,38025.86328125,-0.11582772457191703,0.015023071005771271,0.2853964744982801,0.26611151949081635,35219.066328125,31401.916845703126
2024-11-21,34302.0,34399.8984375,33817.5,34108.69921875,33431.953125,13115,33431.953125,0.7672526205002692,38025.86328125,-0.12081014761643005,-0.0056351269803168735,0.2662627089920148,0.26604468359363004,35238.7283203125,31456.507236328125
2024-11-22,34207.94921875,34511.1484375,34025.0,34317.55078125,33636.66015625,11065,33636.66015625,0.7746715532906292,38025.86328125,-0.11542678446341159,0.006123095186350902,0.26094809027438365,0.2653442726193433,35254.0883984375,31509.087197265624
2024-11-25,34450.0,35200.0,34450.0,35042.6015625,34347.328125,52738,34347.328125,0.8211033158252656,38025.86328125,-0.09673771582889568,0.02112778038749341,0.2699584646459545,0.26768950908525685,35290.0211328125,31566.70818359375
2024-11-26,35224.94921875,35350.0,34870.05078125,34988.25,34294.05078125,19667,34294.05078125,0.7955988252789594,38025.86328125,-0.0981387975967426,-0.0015511350273333946,0.26843368546602314,0.2677038177991504,35307.1612109375,31623.52267578125
2024-11-27,35001.0,35254.8515625,34743.0,34889.25,34197.015625,21638,34197.015625,0.7151419270973638,38025.86328125,-0.1006906175391934,-0.0028295040696403317,0.2663849237119059,0.2677446446672013,35317.8666015625,31678.510517578125
2024-11-28,35139.80078125,35139.80078125,34564.0,34675.69921875,33987.69921875,22971,33987.69921875,0.6994642913995399,38025.86328125,-0.10619519753260043,-0.006120896880164484,0.2664820524893668,0.264322782961079,35330.3870703125,31731.452646484377
2024-11-29,34875.0,35050.0,34400.0,34966.19921875,34272.4375,34200,34272.4375,0.7197557264058125,38025.86328125,-0.09870718130680178,0.008377686274595453,0.26755852770910377,0.26465469824962273,35335.2074609375,31782.291845703126
2024-12-02,34720.1015625,35139.80078125,34589.1015625,34928.1484375,34235.14453125,13448,34235.14453125,0.7063631859054922,38025.86328125,-0.09968790772645386,-0.0010881329566944098,0.23349161291989307,0.2646339188409097,35346.2686328125,31831.33849609375
2024-12-03,34928.1484375,35166.0,34625.05078125,34923.69921875,34230.78125,19833,34230.78125,0.69769341114793,38025.86328125,-0.09980265282027934,-0.00012745035283889816,0.23160167524703276,0.2646289894862177,35355.8123828125,31879.99583984375
2024-12-04,34850.0,35293.94921875,34759.05078125,35180.6484375,34482.6328125,19108,34482.6328125,0.6790565158121362,38025.86328125,-0.09317948793281217,0.007357458793027183,0.23295620623137048,0.263103233556068,35345.8912109375,31929.146923828124
2024-12-05,35240.0,36308.0,34966.8515625,36169.5,35451.86328125,35438,35451.86328125,0.7402875469231374,38025.86328125,-0.0676907709093143,0.028107786143251046,0.24045860920428297,0.2671001247623636,35340.1592578125,31984.20576171875
2024-12-06,36249.94921875,36997.3515625,36105.3984375,36253.6484375,35534.34375,35941,35534.34375,0.7248749261692282,38025.86328125,-0.06552170854931072,0.002326548201307732,0.24006896642754288,0.26711699837512554,35331.3446484375,32034.5307421875
2024-12-09,36367.80078125,36477.0,35750.0,35895.1484375,35182.95703125,14815,35182.95703125,0.6770497169426981,38025.86328125,-0.07476243810621908,-0.009888650856257897,0.24125361285862681,0.2676846597123639,35310.4457421875,32077.77845703125
2024-12-10,36000.0,36041.5,35460.0,35927.55078125,35214.71484375,26238,35214.71484375,0.6835645309472134,38025.86328125,-0.0739272746211691,0.0009026476220230784,0.24107211653431282,0.2676793706853121,35286.6406640625,32118.495029296875
2024-12-11,36100.0,36332.94921875,35860.69921875,36217.55078125,35498.9609375,13857,35498.9609375,0.6599578696644688,38025.86328125,-0.06645220188849676,0.008071798820783238,0.24171910088539458,0.26626741434784673,35252.1674609375,32158.8221875
2024-12-12,36350.0,36527.6015625,35948.05078125,36270.75,35551.10546875,10448,35551.10546875,0.6729336925239884,38025.86328125,-0.06508091070006727,0.0014689030290719884,0.24059203149076125,0.2651931584337975,35224.5633203125,32196.1913671875
2024-12-13,36050.0,36530.94921875,35789.55078125,36469.6015625,35746.01171875,9544,35746.01171875,0.7047505383128705,38025.86328125,-0.05995528742207834,0.005482424454320345,0.24024953088964315,0.2532214485664744,35197.6756640625,32233.7865234375
2024-12-16,36473.6015625,36680.0,36308.05078125,36499.0,35774.828125,11736,35774.828125,0.7108974118872111,38025.86328125,-0.05919747671737807,0.0008061432552735059,0.2234312765769799,0.2527461126242913,35185.4472265625,32276.82357421875
2024-12-17,36310.0,36575.8515625,35666.6484375,35768.44921875,35058.76953125,10906,35058.76953125,0.6709722300702186,38025.86328125,-0.07802830741946709,-0.020015710243192153,0.23186531047302258,0.25477382486078454,35166.5094921875,32314.39271484375
2024-12-18,35768.0,35973.19921875,35621.0,35771.75,35062.0078125,10725,35062.0078125,0.674194180153731,38025.86328125,-0.0779431474527873,9.236722489980309e-05,0.23157924602721514,0.2526226470072043,35146.6602734375,32351.77904296875
2024-12-19,35650.0,35836.44921875,35362.0,35534.30078125,34829.26953125,19139,34829.26953125,0.6430615776797899,38025.86328125,-0.08406367335718568,-0.0066379051221084895,0.23144364739804918,0.25287203074672604,35098.9589453125,32385.598017578126
2024-12-20,35534.5,35934.44921875,34465.94921875,34576.94921875,33890.91015625,19486,33890.91015625,0.6102039973590352,38025.86328125,-0.10874054572848801,-0.026941689780719424,0.23730290862073924,0.25613484766871447,35019.9738671875,32414.273076171874
2024-12-23,34775.0,34956.05078125,34350.8515625,34525.05078125,33840.04296875,8983,33840.04296875,0.5920424076582247,38025.86328125,-0.11007824547047085,-0.0015009094552339564,0.2266973275820169,0.25616420575525306,34947.4970703125,32445.3171875
2024-12-24,34480.0,34845.0,34292.75,34405.25,33722.6171875,10858,33722.6171875,0.5784458607343996,38025.86328125,-0.11316629584243698,-0.0034700245906436056,0.22605697584296092,0.2540173872561781,34867.4856640625,32474.4900390625
2024-12-26,34570.0,34632.69921875,34080.05078125,34190.1015625,33511.73828125,15783,33511.73828125,0.5941325031981579,38025.86328125,-0.11871196629021308,-0.006253337487938659,0.22648798529827394,0.24943040852336223,34777.2031640625,32500.907119140626
2024-12-27,34190.1015625,34729.94921875,34000.0,34089.6484375,33413.27734375,13919,33413.27734375,0.5704727658219348,38025.86328125,-0.12130128127227557,-0.0029381029618236187,0.17460154648793116,0.24877586082388142,34686.7638671875,32525.0093359375
2024-12-30,34000.0,34600.0,33539.30078125,33797.80078125,33127.22265625,78500,33127.22265625,0.562850045477175,38025.86328125,-0.12882391620588007,-0.008561108344958823,0.17656065108235802,0.24826188927103826,34599.2601953125,32544.099033203125
2024-12-31,33725.0,34300.0,33642.6015625,34100.19921875,33423.62109375,9597,33423.62109375,0.6057705254973598,38025.86328125,-0.12102926246435275,0.008947277004644372,0.16919165508817754,0.24854433955857774,34552.5125390625,32564.36517578125
2025-01-01,34121.0,34286.19921875,33760.1015625,34032.55078125,33357.3125,7620,33357.3125,0.592943309816691,38025.86328125,-0.12277303862163713,-0.001983884198663355,0.16918950997551427,0.24819327135174332,34498.2470703125,32587.2726171875
2025-01-02,34050.0,34597.3515625,33903.75,34428.6484375,33745.55078125,35540,33745.55078125,0.6107607410327158,38025.86328125,-0.11256319069843601,0.011638775793163747,0.16689725102199388,0.24884710911795585,34450.9935546875,32612.4616796875
2025-01-03,34600.75,34919.25,34180.0,34253.55078125,33573.92578125,18369,33573.92578125,0.5826734506467657,38025.86328125,-0.11707656620632689,-0.0050858556469423055,0.16673857272901396,0.24883659457775956,34415.4773828125,32636.58875
2025-01-06,34264.8515625,34402.0,33110.05078125,33471.1015625,32807.00390625,11515,32807.00390625,0.5393147747014122,38025.86328125,-0.1372449939242627,-0.02284278222323055,0.1785078825404682,0.2504472813707907,34360.8883984375,32662.60056640625
2025-01-07,33471.1015625,33675.8984375,32872.75,32959.69921875,32305.75,11801,32305.75,0.5093320923272058,38025.86328125,-0.15042691441197353,-0.015278868734322493,0.17071307920412943,0.25108789356707156,34300.3262890625,32680.737890625
2025-01-08,33049.8984375,33161.6484375,32590.05078125,33014.75,32359.70703125,16497,32359.70703125,0.5049689444378942,38025.86328125,-0.14900795829647606,0.0016701989970826503,0.1710391359125045,0.25081572775612393,34243.1398828125,32698.31322265625
2025-01-09,33020.0,33225.0,32754.099609375,32829.6484375,32178.27734375,23782,32178.27734375,0.4812113200215664,38025.86328125,-0.1537791764055324,-0.005606654205020822,0.17136258747864472,0.24868317780186877,34178.5737890625,32713.797490234374
2025-01-10,32900.0,33199.94921875,31624.75,31713.849609375,31084.6171875,31884,31084.6171875,0.43721762499542827,38025.86328125,-0.18254013176270545,-0.03398752967931706,0.19467555335634995,0.25518763453559035,34086.3858203125,32724.142177734375
2025-01-13,31500.0,31697.19921875,30815.75,30979.75,30365.08203125,19575,30365.08203125,0.40679639806918555,38025.86328125,-0.2014623887257655,-0.02314762803446535,0.20017172064839894,0.25805342870368053,33984.5747265625,32730.286865234375
2025-01-14,31000.0,31729.900390625,30980.349609375,31621.69921875,30994.294921875,12720,30994.294921875,0.42319953464862414,38025.86328125,-0.18491541684057344,0.020721593637634594,0.21248258685576996,0.2604381681250476,33915.96546875,32738.62244140625
2025-01-15,31625.0,31766.900390625,31289.849609375,31463.94921875,30839.67578125,13843,30839.67578125,0.40344062587215546,38025.86328125,-0.1889815741157257,-0.004988632295547801,0.2123343379437374,0.2519322997319227,33843.076953125,32745.636494140625
2025-01-16,31621.25,31797.349609375,31300.0,31354.349609375,30732.25,16830,30732.25,0.4125549954678591,38025.86328125,-0.19180664557973037,-0.0034833628606210087,0.20987905091901413,0.24283117044196859,33764.92390625,32749.66681640625
2025-01-17,31385.0,31509.94921875,31050.05078125,31399.80078125,30776.80078125,14832,30776.80078125,0.3967046124151663,38025.86328125,-0.1906350539995343,0.0014496426799208706,0.18777893072052243,0.2396137628012952,33682.340625,32755.572021484375
2025-01-20,31500.0,31549.650390625,30941.599609375,31136.75,30518.96875,11609,30518.96875,0.39354082901957343,38025.86328125,-0.1974154926010987,-0.008377479942849653,0.1868914579634774,0.2388891097773745,33581.6596875,32761.701416015625
2025-01-21,31282.0,31550.0,30529.80078125,30611.0,30003.650390625,12806,30003.650390625,0.3423447945378806,38025.86328125,-0.21096727854119846,-0.016885182576000357,0.189565568650515,0.23995755630284252,33488.3750390625,32764.030078125
2025-01-22,30867.599609375,30867.599609375,30204.099609375,30582.69921875,29975.91015625,21434,29975.91015625,0.3325392449075151,38025.86328125,-0.21169678819545212,-0.0009245619787540127,0.18912582709880038,0.2352264756853187,33399.4412890625,32763.13015625
2025-01-23,30562.0,31362.44921875,30454.349609375,30990.5,30375.62109375,17809,30375.62109375,0.3404691977216281,38025.86328125,-0.20118523361104657,0.013334405374732627,0.19293230078225893,0.2361081542732281,33321.0216796875,32764.717470703126
2025-01-24,30900.0,31113.5,30240.0,30356.5,29754.19921875,15495,29754.19921875,0.3302020832467438,38025.86328125,-0.2175273182181412,-0.020457915019484574,0.19686145912189063,0.23798221473553804,33263.741171875,32763.31837890625
2025-01-27,30350.0,30350.05078125,29294.349609375,29704.05078125,29114.6953125,32267,29114.6953125,0.31176912858268224,38025.86328125,-0.23434492210842106,-0.021492895895077857,0.19889278484330253,0.2376451791975919,33194.97421875,32758.712265625
2025-01-28,29650.400390625,30144.0,29357.44921875,29797.05078125,29205.849609375,29454,29205.849609375,0.3219669691147238,38025.86328125,-0.23194775636360165,0.003130868995763203,0.1997714164751903,0.23732244146018983,33115.2862890625,32753.125615234374
2025-01-29,29000.05078125,29205.0,28029.75,28155.69921875,27597.064453125,183316,27597.064453125,0.2291904811118175,38025.86328125,-0.2742554127171464,-0.05508434706633514,0.24161403607353132,0.2536155147178922,33004.75171875,32744.4669921875
2025-01-30,28100.0,28949.94921875,27980.05078125,28583.55078125,28016.42578125,27625,28016.42578125,0.2703062533696159,38025.86328125,-0.2632270943059828,0.015195867257450812,0.24974675650663164,0.24693885846894015,32892.651953125,32739.23248046875
2025-01-31,28583.0,28900.0,28435.30078125,28729.150390625,28159.138671875,26318,28159.138671875,0.29558667763824475,38025.86328125,-0.2594740462931222,0.005093900690233966,0.2523297373333039,0.24389992955893838,32787.1956640625,32734.449873046877
2025-02-01,28899.0,29119.94921875,28449.55078125,28689.25,28120.02734375,9383,28120.02734375,0.2747518464814036,38025.86328125,-0.2605025917290462,-0.0013889390787390488,0.2455018432492134,0.2434171285102959,32676.8630078125,32729.71068359375
2025-02-03,28710.0,29051.5,28256.849609375,28477.44921875,27912.431640625,24413,27912.431640625,0.23978798143922364,38025.86328125,-0.2659619208595795,-0.007382485820062401,0.24513901138110492,0.24299460305571177,32548.165078125,32723.025888671877
2025-02-04,28499.94921875,28860.0,28356.099609375,28621.19921875,28053.328125,17251,28053.328125,0.2133441889705352,38025.86328125,-0.2622566404999229,0.005047804010379853,0.2472220622025009,0.24300905898838382,32423.350625,32717.349921875
2025-02-05,28645.0,28889.849609375,28296.55078125,28363.05078125,27800.302734375,14484,27800.302734375,0.21807577171015247,38025.86328125,-0.26891067459123474,-0.009019442880273232,0.24737688700043708,0.23943625723519651,32295.4163671875,32711.0774609375
2025-02-06,28414.0,28581.349609375,27933.099609375,28155.849609375,27597.212890625,14983,27597.212890625,0.20348129378446855,38025.86328125,-0.27425150912398133,-0.007305310510121843,0.24721719053611774,0.23940888126137513,32167.606640625,32706.935029296874
2025-02-07,28300.0,28400.0,27840.0,28045.150390625,27488.7109375,17579,27488.7109375,0.18488645969727346,38025.86328125,-0.2771048816384326,-0.0039316272101469485,0.2472028092794941,0.2390820493617903,32031.932109375,32701.589970703124
2025-02-10,28220.0,28499.0,27590.0,27696.650390625,27147.123046875,33234,27147.123046875,0.16016948643237128,38025.86328125,-0.28608792268337924,-0.012426479051769856,0.24364790959012708,0.23810670358865746,31890.1716796875,32696.58244140625
2025-02-11,27810.0,27810.0,27012.19921875,27223.44921875,26683.310546875,41878,26683.310546875,0.10698012584152683,38025.86328125,-0.29828521315827294,-0.01708514376271597,0.2449850616095768,0.23894028549243077,31739.222265625,32689.045869140624
2025-02-12,27224.0,27424.900390625,26640.30078125,27390.5,26847.046875,17532,26847.046875,0.09912596472561974,38025.86328125,-0.29397929308187754,0.00613628237161068,0.24178755752609604,0.23933253871060386,31586.510546875,32682.44431640625
2025-02-13,27390.5,27635.19921875,27177.400390625,27350.400390625,26807.744140625,12420,26807.744140625,0.09422434366780696,38025.86328125,-0.2950128720984617,-0.0014639500038120534,0.2423264813703949,0.23177342055964548,31413.6281640625,32673.646884765625
2025-02-14,27350.900390625,27562.900390625,26899.0,27004.55078125,26468.755859375,15110,26468.755859375,0.07367796497506696,38025.86328125,-0.303927548899952,-0.012645162512435748,0.23843565411152512,0.22968347223344113,31232.31640625,32662.8184765625
2025-02-17,26820.0,27136.19921875,26501.05078125,26911.25,26377.306640625,13329,26377.306640625,0.07926363959582616,38025.86328125,-0.3063324704680336,-0.003454987428795575,0.23733663344804679,0.22945319683100557,31056.2033984375,32645.122373046874
2025-02-18,26980.0,27279.94921875,26633.0,26977.599609375,26442.33984375,36286,26442.33984375,0.03820247776394203,38025.86328125,-0.30462223439412794,0.0024654982410083903,0.23758924425938957,0.22898508814079263,30880.7558984375,32630.565517578125
2025-02-19,26911.0,27589.900390625,26778.849609375,27295.400390625,26753.833984375,15846,26753.833984375,0.008307258212448598,38025.86328125,-0.29643059550032813,0.011780127721890077,0.2434907925465486,0.22962135162270003,30705.853359375,32617.853388671876
2025-02-20,27300.0,27548.650390625,27150.80078125,27417.94921875,26873.953125,17645,26873.953125,-0.007293574132699043,38025.86328125,-0.2932717154576434,0.004489791657343423,0.23026363872375835,0.23002856428821217,30532.3103125,32607.822919921877
2025-02-21,27390.0,27594.5,27166.0,27334.099609375,26791.767578125,20941,26791.767578125,-0.023393334186247228,38025.86328125,-0.2954330219943848,-0.003058185987477424,0.22356977695685382,0.22966200753458427,30353.2254296875,32595.23681640625
2025-02-24,27234.099609375,27234.099609375,26794.75,26998.400390625,26462.7265625,26865,26462.7265625,-0.057503560556449895,38025.86328125,-0.3040861066907484,-0.012281422443126022,0.21193094689842704,0.21847428234180993,30166.9833984375,32581.814619140627
2025-02-25,27051.0,27314.5,26915.75,27164.55078125,26625.58203125,25766,26625.58203125,-0.056732899194545605,38025.86328125,-0.2998033513580035,0.006154145468168837,0.21445802822461443,0.21812807349809996,29998.3196484375,32566.5230859375
2025-02-27,27288.0,27341.099609375,26695.0,26822.150390625,26289.974609375,19778,26289.974609375,-0.03229763536543295,38025.86328125,-0.3086291186888529,-0.012604698048707563,0.21559935719760315,0.21855844294860252,29822.878984375,32547.76921875
2025-02-28,26486.0,26821.75,26310.75,26544.0,26017.34375,30508,26017.34375,-0.0554583737797818,38025.86328125,-0.3157987352563597,-0.010370145404316244,0.21520049819226486,0.21685388887417895,29646.64046875,32522.364453125
2025-03-03,26544.0,27029.900390625,26264.0,26691.55078125,26161.966796875,17747,26161.966796875,-0.05157834649872961,38025.86328125,-0.3119954541630332,0.005558716841530087,0.2173573824855614,0.21688540778460744,29492.0616015625,32502.299462890624
2025-03-04,26504.349609375,26647.75,26066.599609375,26259.69921875,25738.68359375,31707,25738.68359375,-0.08290581392298135,38025.86328125,-0.32312690961466295,-0.016179334161358305,0.21703220348905622,0.2179196321266924,29330.0344140625,32479.6003515625
2025-03-05,26005.0,27121.55078125,26005.0,27073.44921875,26536.287109375,37194,26536.287109375,-0.05752298516490906,38025.86328125,-0.3021516194621239,0.030988512396907364,0.24066864034993973,0.22539807820398583,29186.3078125,32460.956572265626
2025-03-06,27299.0,27311.94921875,26850.0,27070.05078125,26532.95703125,31682,26532.95703125,-0.039747200591495724,38025.86328125,-0.3022391934929979,-0.0001254914868562551,0.2353760360807272,0.22500951096747154,29046.7321875,32443.0018359375
2025-03-07,27070.05078125,27391.900390625,26850.0,27033.400390625,26497.033203125,18774,26497.033203125,-0.04987849016855905,38025.86328125,-0.3031839144020091,-0.0013539323220811417,0.23050589807987645,0.22422925254799925,28908.4073046875,32424.61193359375
2025-03-10,27005.0,27250.0,26610.150390625,26799.349609375,26267.626953125,17291,26267.626953125,-0.06945844297971737,38025.86328125,-0.30921681491246555,-0.00865780890416612,0.22485506080280607,0.2243404967311401,28771.215390625,32405.436640625
2025-03-11,26650.0,27030.150390625,26400.0,26982.55078125,26447.193359375,18143,26447.193359375,-0.07504120179806306,38025.86328125,-0.3044945971702442,0.0068360345824325375,0.22603293711581932,0.22064248203546155,28631.6868359375,32387.26232421875
2025-03-12,26900.0,27125.0,26540.0,26807.099609375,26275.22265625,17579,26275.22265625,-0.103518756356058,38025.86328125,-0.30901706394116424,-0.0065024178856407655,0.16465606386407736,0.22059130178836278,28490.0450390625,32364.685927734376
2025-03-13,26750.0,26807.099609375,26282.44921875,26378.349609375,25854.978515625,8806,25854.978515625,-0.11969244378157451,38025.86328125,-0.32006859845904634,-0.015993932615639972,0.16182724930641282,0.22130215111075996,28332.23359375,32342.449287109375
2025-03-17,26379.05078125,26759.650390625,26210.94921875,26345.849609375,25823.123046875,16075,25823.123046875,-0.10261048126472272,38025.86328125,-0.32090633009749425,-0.0012320825844333028,0.16023682839075418,0.22056864760133968,28177.2175390625,32319.755380859377
2025-03-18,26345.849609375,26345.849609375,26345.849609375,26345.849609375,25823.123046875,0,25823.123046875,-0.10048214896326546,38025.86328125,-0.32090633009749425,0.0,0.16039612488419663,0.21754530232314562,28037.539921875,32299.581474609375
2025-03-19,27337.0,27671.849609375,27310.0,27557.30078125,27010.5390625,20377,27010.5390625,-0.06045435232448859,38025.86328125,-0.2896797933889773,0.04598266497315451,0.2130420296736561,0.2297511684832274,27931.635703125,32286.401025390624
2025-03-20,27560.05078125,27875.0,27503.05078125,27623.849609375,27075.767578125,17337,27075.767578125,-0.019158845574538286,38025.86328125,-0.28796442100827546,0.002414928316464504,0.21252768852663773,0.22978417176401675,27825.9569140625,32275.519013671874
2025-03-21,27675.0,27839.94921875,27358.94921875,27432.25,26887.970703125,76189,26887.970703125,-0.06242752812348085,38025.86328125,-0.29290308271888554,-0.006935976033112468,0.21193769271146737,0.2298939466956101,27720.15078125,32265.849296875
2025-03-24,27528.349609375,28356.94921875,27528.349609375,28276.80078125,27715.763671875,18555,27715.763671875,-0.039136454074820026,38025.86328125,-0.2711338736248694,0.030786740207723984,0.23010759460305835,0.22299356537582235,27652.7737109375,32253.886640625
2025-03-25,28500.0,28500.0,27366.55078125,27448.099609375,26903.50390625,31106,26903.50390625,-0.07489041577698496,38025.86328125,-0.2924945922393897,-0.029306779175969577,0.24535542082233283,0.22772524474570618,27583.5421484375,32238.91296875
2025-03-26,27629.0,28180.0,27390.30078125,28072.05078125,27515.076171875,35123,27515.076171875,-0.051716986532335585,38025.86328125,-0.27641153158402365,0.022732067456942895,0.2517103316684074,0.22863234000557436,27513.9577734375,32227.265888671875
2025-03-27,27999.0,28459.900390625,27600.0,28355.5,27792.90234375,45542,27792.90234375,-0.046102262640113745,38025.86328125,-0.26910528925573995,0.010097234335807004,0.24743609640888203,0.22952350151758244,27453.0223046875,32216.187841796876
2025-03-28,28170.0,28560.0,28116.0,28358.44921875,27795.791015625,21915,27795.791015625,-0.05221738633557449,38025.86328125,-0.26902932327822526,0.00010393559619181758,0.24706605189908143,0.22777010878735374,27394.293125,32203.12830078125
2025-04-01,28100.150390625,28349.94921875,27650.599609375,27884.099609375,27330.853515625,46358,27330.853515625,-0.07154334206383828,38025.86328125,-0.28125619888026454,-0.016726902995444215,0.2524376807287497,0.22902272034356272,27325.3741796875,32186.586728515624
2025-04-02,27884.099609375,28205.94921875,27738.0,28024.099609375,27468.076171875,18267,27468.076171875,-0.08213908087783961,38025.86328125,-0.27764753245144314,0.005020796594279453,0.24945736027045426,0.2289176079959048,27264.356328125,32165.7476171875
2025-04-03,27588.0,28098.849609375,27588.0,28013.900390625,27458.080078125,15941,27458.080078125,-0.07222925528618729,38025.86328125,-0.2779104086332689,-0.00036391677696867575,0.24910013941735284,0.2255306891397502,27213.444921875,32145.37232421875
2025-04-04,27750.0,27780.55078125,27124.599609375,27289.099609375,26747.658203125,21549,26747.658203125,-0.08689529353859182,38025.86328125,-0.2965930055212216,-0.02587296245690429,0.26134287709998055,0.22892290514994026,27148.8798828125,32116.31716796875
2025-04-07,26409.5,26800.0,25921.599609375,26588.25,26060.71484375,40276,26060.71484375,-0.11771998042240994,38025.86328125,-0.3146581669692122,-0.025682373916933843,0.2697277284701381,0.2321436267351509,27062.5817578125,32086.200703125
2025-04-08,26800.0,27089.94921875,26350.0,26516.30078125,25990.193359375,11659,25990.193359375,-0.1381388692535106,38025.86328125,-0.316512733264089,-0.002706045662899892,0.26932221932909156,0.2320801381980082,26987.301640625,32058.8425
2025-04-09,26500.0,26596.44921875,26077.349609375,26182.69921875,25663.2109375,10681,25663.2109375,-0.14621478920714703,38025.86328125,-0.32511168128682155,-0.01258099227480558,0.27136840457164824,0.23185368041092547,26918.271953125,32028.13435546875
2025-04-11,26684.19921875,26849.80078125,26300.0,26359.25,25836.2578125,21080,25836.2578125,-0.13976684120616611,38025.86328125,-0.3205609134654549,0.006742993907560502,0.27027397225159555,0.23241602679360784,26850.8801171875,31996.295966796875
2025-04-15,27090.0,27165.0,26580.0,27090.0,26552.509765625,18573,26552.509765625,-0.11597475418428072,38025.86328125,-0.3017249978196378,0.02772274368536709,0.2819746701865853,0.23800123715861282,26829.9890234375,31964.125234375
2025-04-16,27090.0,27485.0,27030.0,27370.0,26826.953125,13059,26826.953125,-0.11529881096015915,38025.86328125,-0.2945077163250629,0.01033587264621949,0.2808579496153919,0.23840968318847794,26806.1995703125,31931.7101953125
2025-04-17,27485.0,27580.0,27025.0,27505.0,26959.275390625,10197,26959.275390625,-0.08079139124447099,38025.86328125,-0.2910279198337562,0.004932437351660601,0.2790538223687915,0.23303063341661287,26782.2023046875,31897.029306640627
2025-04-21,27600.0,27930.0,27515.0,27800.0,27248.421875,13857,27248.421875,-0.06244660770418908,38025.86328125,-0.28342397716356904,0.01072530623265755,0.2801331167149663,0.2339890036676947,26764.7701953125,31867.038642578125
2025-04-22,27900.0,28350.0,27655.0,28020.0,27464.05859375,20011,27464.05859375,-0.05672554060724144,38025.86328125,-0.27775318628223944,0.007913732389318362,0.2755812838629994,0.2343660262289173,26755.802734375,31837.318740234376
2025-04-23,28200.0,28600.0,27915.0,28415.0,27851.220703125,18101,27851.220703125,-0.041855310716496064,38025.86328125,-0.2675716394094849,0.014097046438107608,0.2644291368455478,0.23596525851812192,26751.7605859375,31807.60892578125
2025-04-24,28415.0,28600.0,28200.0,28430.0,27865.923828125,19139,27865.923828125,-0.04729899554531314,38025.86328125,-0.26718497823387266,0.0005279167170704202,0.26439571441186754,0.23534569768570104,26753.0730078125,31778.452294921874
2025-04-25,28355.0,28625.0,27850.0,27995.0,27439.552734375,29555,27439.552734375,-0.05991974451108273,38025.86328125,-0.27839763869594925,-0.015300805972908949,0.2688789133865111,0.23620069771360067,26749.9198046875,31743.6037890625
2025-04-28,27860.0,28395.0,27860.0,28315.0,27753.203125,12875,27753.203125,-0.04479783114542124,38025.86328125,-0.2701492949751202,0.011430594137639583,0.2687152197500857,0.23699703972601172,26755.2096484375,31711.31064453125
2025-04-29,28465.0,29250.0,28395.0,29165.0,28586.33984375,34323,28586.33984375,0.005651246210824468,38025.86328125,-0.24823955652716223,0.03001947973347674,0.28050295198949043,0.24318058929345868,26783.993984375,31686.4103515625
2025-04-30,29195.0,29685.0,29065.0,29455.0,28870.5859375,30652,28870.5859375,0.010955470259864208,38025.86328125,-0.24076448379448978,0.009943423862714074,0.27984003823238973,0.2421915327574344,26827.7394921875,31657.07806640625
2025-05-02,29595.0,29940.0,29340.0,29445.0,28860.78515625,10630,28860.78515625,0.025299855718438735,38025.86328125,-0.2410222236695193,-0.0003394728902009758,0.27408275638502344,0.2421818445098286,26868.0142578125,31628.78189453125
2025-05-05,29750.0,30570.0,29595.0,30365.0,29762.529296875,21026,29762.529296875,0.055759824298858174,38025.86328125,-0.21730825473328652,0.03124461568675385,0.2848365443556451,0.24836458263222239,26927.1099609375,31603.915146484374
2025-05-06,30475.0,30600.0,29800.0,29915.0,29321.4609375,15039,29321.4609375,0.040973084494206446,38025.86328125,-0.2289074222817714,-0.01481958589525223,0.290238390933419,0.2456795477406024,26984.1640625,31579.146044921876
2025-05-07,29585.0,30850.0,29425.0,30475.0,29870.34765625,26296,29870.34765625,0.04561580405652177,38025.86328125,-0.2144728592926216,0.01871962382501935,0.2660481346675436,0.24799585741551441,27054.0248828125,31557.384013671875
2025-05-08,30510.0,30755.0,29780.0,30010.0,29414.57421875,17004,29414.57421875,0.02724470207420704,38025.86328125,-0.2264587393797869,-0.015258390787582066,0.27154617489759,0.24907483722287543,27113.4695703125,31533.227744140626
2025-05-09,29865.0,30235.0,29560.0,30000.0,29404.7734375,19095,29404.7734375,-0.017106059816695662,38025.86328125,-0.22671647925481642,-0.0003331947345935893,0.270137127627873,0.24894487736124774,27166.488359375,31508.822509765625
2025-05-12,30680.0,31085.0,30420.0,31005.0,30389.83203125,14375,30389.83203125,0.035297788956091924,38025.86328125,-0.2008115159285605,0.03349995523154581,0.27265394603516846,0.2556547256668853,27236.8059375,31493.785400390625
2025-05-13,31115.0,31325.0,31005.0,31145.0,30527.056640625,18815,30527.056640625,0.04201208225372732,38025.86328125,-0.1972027981366712,0.004515477717477623,0.2546201638787169,0.2554851469560801,27311.51171875,31479.12908203125
2025-05-14,31045.0,31755.0,31045.0,31420.0,30796.59765625,19016,30796.59765625,0.06636245396502671,38025.86328125,-0.19011443794267902,0.008829577603832961,0.24902267726424,0.2554725345034065,27398.189140625,31466.1659765625
2025-05-15,31590.0,31820.0,31305.0,31730.0,31100.44921875,24393,31100.44921875,0.061123260902392174,38025.86328125,-0.18212378273381158,0.009866400369663353,0.24897350176312616,0.2560833712486019,27487.686484375,31454.47072265625
2025-05-16,31730.0,31885.0,31470.0,31655.0,31026.935546875,18391,31026.935546875,0.06449236026042149,38025.86328125,-0.18405703724880507,-0.002363749518790814,0.2494005281495113,0.255251456780407,27582.425703125,31439.297607421875
2025-05-19,31635.0,32080.0,31450.0,31560.0,30933.8203125,19249,30933.8203125,0.042108082752961185,38025.86328125,-0.1865057715138576,-0.003001109607950858,0.24266982869927115,0.255176282733412,27680.755234375,31422.845380859377
2025-05-20,31800.0,32000.0,31455.0,31515.0,30889.71484375,25442,30889.71484375,0.028260507879174224,38025.86328125,-0.18766565231455856,-0.0014258008970259306,0.24321030171744182,0.25243540449063173,27775.3101953125,31406.079521484375
2025-05-21,31515.0,31850.0,31250.0,31655.0,31026.935546875,14371,31026.935546875,-0.002294702131497406,38025.86328125,-0.18405703724880507,0.004442278079260564,0.2428537406514148,0.2513304823741496,27881.075234375,31390.0561328125
2025-05-22,31655.0,31895.0,31305.0,31740.0,31110.25,10408,31110.25,0.03099540168789039,38025.86328125,-0.18186604285878205,0.002685229838413461,0.22562305327714127,0.2513590310436977,27972.5544921875,31374.18517578125
2025-05-23,31845.0,32195.0,31610.0,32130.0,31492.51171875,10400,31492.51171875,0.040094642219576704,38025.86328125,-0.17181336592354235,0.012287323912536952,0.20657373205541105,0.25207444186419503,28071.7455859375,31363.20396484375
2025-05-26,32130.0,32705.0,31870.0,32485.0,31840.466796875,22230,31840.466796875,0.05205424058877739,38025.86328125,-0.16266288127704198,0.011048819517238906,0.20513981353168861,0.24613371858054156,28178.6142578125,31356.221552734376
2025-05-27,32510.0,32610.0,32315.0,32485.0,31840.466796875,21918,31840.466796875,0.05698340039468497,38025.86328125,-0.16266288127704198,0.0,0.19788610539253912,0.24289346477480817,28290.0710546875,31356.85767578125
2025-05-28,32440.0,32440.0,31200.0,31630.0,31002.431640625,79649,31002.431640625,0.02742063277078821,38025.86328125,-0.18470143829944685,-0.02631981376391912,0.2205798341454812,0.24463153240616134,28381.1758203125,31351.616767578125
2025-05-29,31640.0,31885.0,31165.0,31255.0,30634.87109375,17502,30634.87109375,0.01767900561716651,38025.86328125,-0.19436750542214232,-0.011855861860634032,0.21679669303287227,0.24530657194732497,28468.3687890625,31345.85416015625
2025-05-30,31450.0,32015.0,31010.0,31415.0,30791.697265625,51998,30791.697265625,0.023590163181916646,38025.86328125,-0.19024330788019383,0.005119204562509028,0.216179772235198,0.24537865344164664,28567.1031640625,31343.79263671875
2025-06-02,31450.0,31520.0,31080.0,31230.0,30610.369140625,14075,30610.369140625,-0.005850272034351067,38025.86328125,-0.19501185510971608,-0.00588886424271351,0.2183404757848307,0.24557490735876544,28662.8480859375,31339.927392578124
2025-06-03,31360.0,31560.0,31195.0,31355.0,30732.888671875,10737,30732.888671875,0.01420954636742855,38025.86328125,-0.19178984985650704,0.004002549942705436,0.2174981000070532,0.24524432819140496,28761.0433984375,31338.736494140627
2025-06-04,31550.0,31840.0,31300.0,31415.0,30791.697265625,55704,30791.697265625,0.014155665749668866,38025.86328125,-0.19024330788019383,0.001913539413033405,0.21728126046194077,0.243548602097514,28836.6665625,31337.859990234374
2025-06-05,31680.0,31680.0,31250.0,31455.0,30830.904296875,62802,30830.904296875,0.03258768567028447,38025.86328125,-0.18921224565393968,0.0012732988023291814,0.2152255724733891,0.2435424079446801,28911.769296875,31340.12341796875
2025-06-06,31625.0,31730.0,31320.0,31595.0,30968.125,29686,30968.125,0.04457491939231595,38025.86328125,-0.18560363058818619,0.004450751810705311,0.2150579165248893,0.2426615753877867,28993.3723828125,31338.429697265627
2025-06-09,31605.0,31880.0,31605.0,31690.0,31061.2421875,18145,31061.2421875,0.06184403654349624,38025.86328125,-0.18315484496006573,0.00300687198530758,0.20747890375893233,0.24013327493729378,29060.281953125,31338.842587890624
2025-06-10,31690.0,31970.0,31450.0,31545.0,30919.119140625,21674,30919.119140625,0.07276425408726261,38025.86328125,-0.18689238132640196,-0.0045755751176040915,0.20783311215067407,0.23738085061116304,29140.5942578125,31336.345634765625
2025-06-11,31550.0,31945.0,31520.0,31895.0,31262.173828125,9731,31262.173828125,0.03832428602297422,38025.86328125,-0.1778707666174163,0.011095228358211973,0.1937607161900074,0.23797762346558618,29215.5362109375,31334.783759765625
2025-06-12,31800.0,31940.0,31440.0,31520.0,30894.61328125,9072,30894.61328125,0.03332554214824279,38025.86328125,-0.18753683374011176,-0.011757357274506774,0.19723706911554412,0.21945705798122261,29277.5704296875,31329.965537109376
2025-06-13,31100.0,31730.0,30945.0,31585.0,30958.32421875,12905,30958.32421875,0.0373211922740142,38025.86328125,-0.18586137046321582,0.0020622021360166,0.19707680050490906,0.21820749843230555,29340.82109375,31324.99048828125
2025-06-16,31695.0,32375.0,31405.0,32280.0,31639.53515625,21513,31639.53515625,0.054352026944438636,38025.86328125,-0.16794695961969142,0.022004128281834623,0.18688697860080272,0.22087958577729633,29426.9947265625,31322.37150390625
2025-06-17,32370.0,32395.0,32000.0,32215.0,31575.82421875,10902,31575.82421875,0.0384154352355508,38025.86328125,-0.16962242289658735,-0.0020136496059555142,0.1803802237450684,0.22090431894654755,29509.1496875,31321.955185546874
2025-06-18,32105.0,32585.0,32105.0,32390.0,31747.353515625,15987,31747.353515625,0.036168917772352094,38025.86328125,-0.16511156417902662,0.005432298320597662,0.17401862694189407,0.22050478876100557,29594.93515625,31324.1598046875
2025-06-19,32480.0,32795.0,32205.0,32375.0,31732.650390625,20928,31732.650390625,0.0030582963627900916,38025.86328125,-0.16549822535463887,-0.00046312915477386696,0.16631315581657027,0.22044840525735224,29694.635,31327.311748046875
2025-06-20,32375.0,32620.0,32150.0,32290.0,31649.3359375,23579,31649.3359375,0.0036849254631490247,38025.86328125,-0.1676892197446619,-0.002625511960060334,0.16679462177709892,0.2198461825873204,29806.407421875,31326.8236328125
2025-06-23,32250.0,32290.0,31480.0,31575.0,30948.5234375,13460,30948.5234375,-0.049454263751714245,38025.86328125,-0.18611911033824535,-0.0221430396322988,0.154459814727155,0.22291631848225915,29905.5740234375,31323.135302734376
2025-06-24,32000.0,32000.0,31435.0,31500.0,30875.01171875,15696,30875.01171875,-0.03768220294719449,38025.86328125,-0.18805231349017082,-0.002375290016612741,0.1542536149258755,0.22282668350001228,30009.8100390625,31318.72826171875
2025-06-25,31705.0,32085.0,31470.0,31755.0,31124.951171875,28913,31124.951171875,-0.010707666077804268,38025.86328125,-0.1814794330462377,0.008095201886942682,0.15392018756583864,0.22186807557137206,30115.58390625,31315.313134765624
2025-06-26,31895.0,32400.0,31525.0,32215.0,31575.82421875,40409,31575.82421875,-0.007200653300727278,38025.86328125,-0.16962242289658735,0.01448590374922154,0.15694183533386602,0.22061894983249594,30216.0501953125,31307.933759765627
2025-06-27,32490.0,32495.0,32020.0,32260.0,31619.931640625,83020,31619.931640625,-0.018134550834631447,38025.86328125,-0.1684624907328185,0.0013968731764351094,0.15671276760939457,0.22050787866158,30311.909765625,31307.456904296876
2025-06-30,32660.0,32895.0,32440.0,32680.0,32031.59765625,32831,32031.59765625,-0.02895287677877323,38025.86328125,-0.1576365428094222,0.013019193725773093,0.16028179288608038,0.22121019999721742,30413.3562109375,31305.370625
2025-07-01,32660.0,32670.0,32120.0,32315.0,31673.841796875,13798,31673.841796875,-0.049118014388995435,38025.86328125,-0.16704476733095208,-0.011168842191834782,0.16411699022720655,0.22094566188093928,30501.864609375,31299.396552734375
2025-07-02,32400.0,32545.0,32215.0,32445.0,31801.26171875,18343,31801.26171875,-0.06178384453298258,38025.86328125,-0.16369389214022811,0.0040228754911433295,0.16404254230522555,0.22076834331160708,30588.608671875,31295.649404296873
2025-07-03,32545.0,34875.0,32450.0,34405.0,33722.37109375,120903,33722.37109375,0.014311750818165159,38025.86328125,-0.11317276758900008,0.06040984763404267,0.2381535080841488,0.24131947508695759,30706.0316796875,31297.076025390626
2025-07-04,34380.0,36020.0,34330.0,35930.0,35217.11328125,173114,35217.11328125,0.05415086516648193,38025.86328125,-0.0738642007737127,0.0443249433245525,0.2657489827581871,0.25070359357271305,30853.05546875,31304.852861328123
2025-07-07,35760.0,36340.0,35375.0,36045.0,35329.83203125,90278,35329.83203125,0.04547214183703607,38025.86328125,-0.07089993539553308,0.003200681131920291,0.26487768584063726,0.25069381132852264,31010.8610546875,31314.693642578124
2025-07-08,35990.0,36335.0,35380.0,35490.0,34785.84765625,83073,34785.84765625,0.03230523725971701,38025.86328125,-0.08520557708410015,-0.015397309970758832,0.2703999349660032,0.2524056853964018,31151.5139453125,31318.465791015624
2025-07-09,35500.0,36095.0,35265.0,35800.0,35089.6953125,40693,35089.6953125,0.01977495379887917,38025.86328125,-0.07721502460136864,0.008734806730961164,0.2559695930182796,0.25124327790796985,31281.5810546875,31325.503837890625
2025-07-10,35725.0,36300.0,35620.0,36195.0,35476.859375,40853,35476.859375,0.03697631107841559,38025.86328125,-0.06703342636554621,0.011033554411117308,0.2520132245542755,0.25153478275577046,31413.7065234375,31334.120166015626
2025-07-11,36200.0,37410.0,36155.0,36525.0,35800.3125,81825,35800.3125,0.06655209276203711,38025.86328125,-0.05852729140661972,0.009117298732140178,0.2522927978499669,0.25026467466762653,31552.4970703125,31338.228271484375
2025-07-14,36785.0,37985.0,36525.0,37845.0,37094.12109375,75464,37094.12109375,0.06785488698967446,38025.86328125,-0.02450285429704968,0.036139589389059035,0.2653715270363573,0.2549917380812862,31699.12890625,31345.006572265625
2025-07-15,37990.0,38850.0,37885.0,38320.0,37559.6953125,69592,37559.6953125,0.08805544789736475,38025.86328125,-0.012259234334854985,0.012551159187013106,0.26581278494039406,0.25537510419562176,31863.89359375,31352.929677734373
2025-07-16,38570.0,38570.0,37845.0,38475.0,37711.62109375,42632,37711.62109375,0.08566768083028342,38025.86328125,-0.008263906730421211,0.0040449151673347394,0.26554104818059543,0.253047648407679,32020.7190625,31360.348271484374
2025-07-17,38600.0,38855.0,38275.0,38645.0,37878.24609375,40326,37878.24609375,0.10511846182881435,38025.86328125,-0.003882020676511222,0.004418399293569797,0.26511674534854035,0.24900963583391342,32189.9925,31367.714658203124
2025-07-18,38645.0,39055.0,38150.0,38250.0,37491.08203125,32786,37491.08203125,0.0955016108275002,38025.86328125,-0.014063618912333653,-0.010221277446208932,0.26972144004665716,0.25006348322060534,32351.718671875,31369.056962890623
2025-07-21,38495.0,38565.0,38010.0,38320.0,37559.6953125,24276,37559.6953125,0.09676703321070579,38025.86328125,-0.012259234334854985,0.0018301227260608677,0.2698764683210244,0.24992826400804188,32495.1159375,31372.198876953124
2025-07-22,38500.0,38515.0,37425.0,37755.0,37005.90625,26390,37005.90625,0.079335594502556,38025.86328125,-0.026822718624587405,-0.01474423735050101,0.27505874028104477,0.2510066184008764,32624.6929296875,31371.776435546875
2025-07-23,37800.0,38060.0,37515.0,37980.0,37226.44140625,20844,37226.44140625,0.11465575914561654,38025.86328125,-0.021023109168811005,0.005959458329709122,0.2746588914008027,0.25098224391213464,32753.2898046875,31375.977392578126
2025-07-24,37980.0,38350.0,37825.0,37910.0,37157.83203125,19341,37157.83203125,0.11057075442510689,38025.86328125,-0.022827391020153742,-0.0018430280308362468,0.2705681148651077,0.25055470592198886,32874.4374609375,31381.738271484373
2025-07-25,38115.0,38115.0,37610.0,37830.0,37079.41796875,17581,37079.41796875,0.11052068173203367,38025.86328125,-0.02488951547266194,-0.0021102970279335276,0.27140624114882267,0.24848944890490007,32995.487109375,31386.863017578125
2025-07-28,38140.0,38530.0,37810.0,38235.0,37476.3828125,37336,37476.3828125,0.12072198485324237,38025.86328125,-0.01445017736180998,0.010705800292889034,0.2676276974109424,0.24856242120863517,33126.338359375,31388.173251953125
2025-07-29,37700.0,40120.0,37615.0,39915.0,39654.0546875,89125,39654.0546875,0.16418790932180571,39654.0546875,0.0,0.058107845837076066,0.3063156699549976,0.2642603878919173,33301.62515625,31397.242705078126
2025-07-30,40000.0,40415.0,39125.0,40060.0,39798.10546875,100405,39798.10546875,0.16286221901218667,39798.10546875,0.0,0.0036326873099161716,0.3064808025550207,0.25496220453234586,33477.0485546875,31408.913818359375
2025-07-31,39500.0,40490.0,39325.0,40385.0,40120.98046875,46071,40120.98046875,0.17165882649669828,40120.98046875,0.0,0.008112823366768662,0.30549296320584757,0.2550122192371247,33657.2631640625,31420.902783203124
2025-08-01,40375.0,40730.0,40105.0,40390.0,40125.94921875,59925,40125.94921875,0.1721898377698885,40125.94921875,0.0,0.00012384418182076473,0.3047631859228704,0.2543882540014965,33829.9319140625,31431.403212890626
2025-08-04,40150.0,41280.0,40035.0,41115.0,40846.20703125,66056,40846.20703125,0.1913919362794052,40846.20703125,0.0,0.017949925834114255,0.29206055262206804,0.25153521216615665,34010.04671875,31445.958037109376
2025-08-05,41145.0,41290.0,39445.0,40595.0,40329.609375,114355,40329.609375,0.19712380835546361,40846.20703125,-0.012647383779227472,-0.012647383779227472,0.2971483052812203,0.24670484645118193,34179.8295703125,31460.094052734374
2025-08-06,40500.0,40555.0,38150.0,38255.0,38004.90625,103119,38004.90625,0.1434535101242158,40846.20703125,-0.0695609455016526,-0.05764258967608704,0.3546211826476245,0.2659143311342905,34319.8790625,31471.313564453125
2025-08-07,38225.0,38750.0,37900.0,38570.0,38317.84765625,54977,38317.84765625,0.20826017818365017,40846.20703125,-0.061899489787770046,0.008234237026962798,0.35392408866384023,0.265806331760918,34473.53859375,31482.549873046875
2025-08-08,38570.0,39150.0,38220.0,38325.0,38074.44921875,32516,38074.44921875,0.18794760289420154,40846.20703125,-0.06785838916155484,-0.00635209053711816,0.3556433041997354,0.2662735986194371,34619.1936328125,31492.380986328124
2025-08-11,38540.0,39080.0,38320.0,38710.0,38456.9296875,31256,38456.9296875,0.20981705539336204,40846.20703125,-0.058494472740689196,0.010045594265921665,0.3552703560694093,0.2642360037452664,34776.12484375,31507.916962890624
2025-08-12,39000.0,39010.0,38540.0,38610.0,38357.5859375,20383,38357.5859375,0.2292521323105028,40846.20703125,-0.06092661411244482,-0.002583247045649939,0.3524511724625272,0.264454036406997,34928.6187890625,31522.022626953127
2025-08-13,38795.0,38910.0,38510.0,38660.0,38407.2578125,13806,38407.2578125,0.22380735746323044,40846.20703125,-0.05971054342656701,0.0012949687470149573,0.3527156760129401,0.2643936913821228,35080.93,31537.389638671873
2025-08-14,38880.0,38950.0,38430.0,38585.0,38332.75,23267,38332.75,0.23769543740639487,40846.20703125,-0.06153464945538378,-0.001939940957611186,0.31416316126978133,0.25976237170664457,35230.9669140625,31552.958251953125
2025-08-18,39000.0,39895.0,38870.0,39335.0,39077.84375,28210,39077.84375,0.26191901749234936,40846.20703125,-0.043293206634757775,0.01943752404927901,0.2943853557165428,0.2560417429780776,35393.1612890625,31571.314560546874
2025-08-19,39495.0,40245.0,39365.0,39860.0,39599.4140625,25516,39599.4140625,0.3035462805896083,40846.20703125,-0.030524081900581868,0.013346957315166552,0.2957195641422869,0.256146837086202,35563.9247265625,31590.841552734375
2025-08-20,39920.0,40280.0,39830.0,39935.0,39673.921875,18625,39673.921875,0.26725932563846166,40846.20703125,-0.028699975871765204,0.001881538256662152,0.2900683598090883,0.2545032861376526,35739.02078125,31611.932978515626
2025-08-21,40075.0,40105.0,39360.0,39475.0,39216.9296875,21473,39216.9296875,0.26593353439577494,40846.20703125,-0.039888093954562276,-0.011518704627685561,0.2934514440921954,0.2559749781532734,35898.1158984375,31635.893837890624
2025-08-22,39725.0,39780.0,39165.0,39325.0,39067.91015625,14967,39067.91015625,0.24346795719108894,40846.20703125,-0.04353640164531036,-0.003799877564038323,0.293457938692216,0.25339520696816253,36061.5818359375,31658.812880859376
2025-08-25,39325.0,39535.0,38950.0,39085.0,38829.48046875,33832,38829.48046875,0.22977150616203512,40846.20703125,-0.04937365569726149,-0.006102954740768385,0.2941887509725084,0.2538021675179936,36219.0049609375,31679.760771484376
2025-08-26,39200.0,39655.0,38800.0,39510.0,39251.69921875,32640,39251.69921875,0.23207299814583982,40846.20703125,-0.039036863601070615,0.010873664671867012,0.2780352168236486,0.25404249897640907,36371.2482421875,31701.489443359376
2025-08-28,39700.0,39960.0,39070.0,39225.0,38968.5625,33810,38968.5625,0.21954605798116122,40846.20703125,-0.04596863865018064,-0.007213362080761843,0.27743944224641115,0.2545324295999334,36519.1030078125,31718.567177734374
2025-08-29,39455.0,40350.0,39060.0,39960.0,39698.7578125,46252,39698.7578125,0.23428622923547082,40846.20703125,-0.028091940528826242,0.01873806128978961,0.28190002158308364,0.25563262103592876,36678.13109375,31743.721552734376
2025-09-01,40220.0,40950.0,40010.0,40785.0,40518.3671875,45616,40518.3671875,0.27983368717007284,40846.20703125,-0.008026200413154161,0.02064571840940399,0.2870530235615653,0.25658147715067564,36853.8454296875,31774.200400390626
2025-09-02,40900.0,41575.0,40675.0,41315.0,41044.90234375,38339,41044.90234375,0.31106941141034583,41044.90234375,0.0,0.012994974694154005,0.2860626036256835,0.25691008614493444,37041.7567578125,31807.941904296877
2025-09-03,41500.0,41835.0,41000.0,41100.0,40831.3046875,31045,40831.3046875,0.3128082149371423,41044.90234375,-0.005203999621222755,-0.005203999621222755,0.28707582501194684,0.2552635387669838,37239.4123828125,31849.0073046875
2025-09-04,41660.0,41660.0,40540.0,40740.0,40473.66015625,27591,40473.66015625,0.2748830581275532,41044.90234375,-0.01391749413156984,-0.008759076742396843,0.2843823470599779,0.25595793949481127,37431.3853515625,31888.610390625
2025-09-05,41075.0,41095.0,40755.0,40910.0,40642.546875,16404,40642.546875,0.2826580783758994,41044.90234375,-0.009802812183113074,0.004172756259206878,0.284275853425854,0.25223933123581976,37621.737265625,31925.87189453125
2025-09-08,41100.0,41760.0,41000.0,41355.0,41084.640625,16171,41084.640625,0.2937428314045998,41084.640625,0.0,0.010877609401785282,0.28474953349311255,0.2523060585983405,37811.91359375,31965.6761328125
2025-09-09,41450.0,41640.0,41095.0,41495.0,41223.72265625,25999,41223.72265625,0.29601839259560725,41223.72265625,0.0,0.0033852561233156386,0.2842519797803757,0.2521994665659932,38003.9894140625,32003.68767578125
2025-09-10,41700.0,41945.0,40955.0,41005.0,40736.92578125,29476,40736.92578125,0.2325213754256914,41223.72265625,-0.011808658792395454,-0.011808658792395454,0.28690287201682435,0.2493488847364903,38178.0959765625,32040.2125390625
2025-09-11,41190.0,41200.0,40400.0,40655.0,40389.21484375,24790,40389.21484375,0.27349296275118573,41223.72265625,-0.020243387999154372,-0.008535522276942209,0.23606668328966698,0.24825275580290712,38352.4034375,32073.9753125
2025-09-12,40780.0,40890.0,39790.0,39885.0,39624.25,24810,39624.25,0.22112943007123054,41223.72265625,-0.038799811205490475,-0.01893982952402884,0.24262179441147658,0.24978804482002645,38508.863203125,32100.359921875
2025-09-15,40040.0,40040.0,39260.0,39445.0,39187.125,21503,39187.125,0.1922338626179767,41223.72265625,-0.0494035357561583,-0.011031754544250094,0.24338124589718488,0.24899940172491203,38618.15828125,32124.82529296875
2025-09-16,39605.0,40050.0,39595.0,39920.0,39659.01953125,34458,39659.01953125,0.21837717780812316,41223.72265625,-0.03795637618774761,0.012042080944953293,0.2461541587414786,0.24934711605082152,38706.99640625,32152.1353125
2025-09-17,39995.0,40190.0,39725.0,39775.0,39514.96875,29814,39514.96875,0.1817720894348569,41223.72265625,-0.041450742343157376,-0.003632232540103364,0.24014535283272184,0.2443684466136297,38790.699140625,32179.77166015625
2025-09-18,40000.0,40060.0,39780.0,39885.0,39624.25,19976,39624.25,0.17712996496509903,41223.72265625,-0.038799811205490475,0.0027655658971006414,0.23778777109076726,0.24435603222155394,38887.4671875,32206.53072265625
2025-09-19,39985.0,40130.0,39400.0,39790.0,39529.87109375,31662,39529.87109375,0.18488865346406436,41223.72265625,-0.041089243119172614,-0.0023818471327533564,0.165207778381813,0.24432126452178798,38976.270703125,32233.00435546875
2025-09-22,39790.0,40050.0,39400.0,39570.0,39311.30859375,32201,39311.30859375,0.1551475354288312,41223.72265625,-0.04639110539450653,-0.005529046615954103,0.16505022308367637,0.24443538437168183,39052.9596875,32258.4069921875
2025-09-23,39570.0,40055.0,39300.0,39390.0,39132.484375,30113,39132.484375,0.1618189101356038,41223.72265625,-0.05072900132499181,-0.004548925618274358,0.16444283483179328,0.244591438763543,39119.603125,32281.65625
2025-09-24,39520.0,39595.0,38665.0,38760.0,38506.60546875,22613,38506.60546875,0.14081498266388293,41223.72265625,-0.06591149494569126,-0.015993845426533815,0.16919821899497745,0.24640822280528674,39147.8528125,32296.9299609375
2025-09-25,38890.0,39000.0,38365.0,38525.0,38273.140625,34109,38273.140625,0.09418446163372907,41223.72265625,-0.07157485644501005,-0.00606298168607633,0.16997613425620378,0.246742251163727,39162.12171875,32310.6239453125
2025-09-26,38430.0,38720.0,38050.0,38150.0,37900.59375,28075,37900.59375,0.06049876675666521,41223.72265625,-0.08061205277263273,-0.009733898732017132,0.17222638651910102,0.24756561697378568,39165.901171875,32324.21212890625
2025-09-29,38165.0,38600.0,37635.0,38345.0,38094.31640625,67770,38094.31640625,0.0589086258617213,41223.72265625,-0.07591275237549522,0.005111335656845739,0.1728847281818635,0.24760833318101905,39170.222578125,32338.61013671875
2025-09-30,38000.0,38470.0,37905.0,38145.0,37895.625,16286,37895.625,0.046034204255762434,41223.72265625,-0.08073258409973849,-0.005215775606289719,0.16310049340051458,0.24735584758975826,39178.3134375,32350.59345703125
2025-10-01,38145.0,38465.0,37895.0,38320.0,38069.48046875,31571,38069.48046875,0.04572210266627419,41223.72265625,-0.07651521949635909,0.0045877451222930965,0.15832373232695363,0.24693566283804672,39188.509140625,32363.18533203125
2025-10-03,38320.0,38705.0,38010.0,38630.0,38377.453125,22284,38377.453125,0.031025005690529017,41223.72265625,-0.0690444566344488,0.00808975201284401,0.16040448878143088,0.24711128952191422,39215.940078125,32376.3425390625
2025-10-06,38700.0,38900.0,38385.0,38800.0,38546.34375,11383,38546.34375,0.04373067569694422,41223.72265625,-0.06494752860084263,0.004400777311873716,0.15800044089450468,0.24237509976739838,39242.338125,32390.2001171875
2025-10-07,38800.0,39125.0,38690.0,38770.0,38516.5390625,15407,38516.5390625,0.038450508528520055,41223.72265625,-0.06567052704881227,-0.000773216979885416,0.15769885371482506,0.2412183487378284,39269.512265625,32407.48896484375
2025-10-08,38750.0,38945.0,38255.0,38350.0,38099.28515625,14990,38099.28515625,0.047079189425950796,41223.72265625,-0.07579222104838945,-0.010833110045867067,0.15976092509927386,0.24223272891598516,39289.909609375,32422.6753515625
2025-10-09,38450.0,38555.0,38105.0,38465.0,38213.53125,17549,38213.53125,0.061320226596342176,41223.72265625,-0.07302085334094932,0.0029986413992142413,0.1564493549459959,0.24181916618377805,39304.652578125,32439.59666015625
2025-10-10,38480.0,38890.0,38315.0,38625.0,38372.48828125,11241,38372.48828125,0.06429215605208438,41223.72265625,-0.06916489320422203,0.004159705372687839,0.15589871629105345,0.24182192354495524,39279.02125,32462.00455078125
2025-10-13,38655.0,38810.0,38370.0,38535.0,38283.07421875,14360,38283.07421875,0.028718456324060337,41223.72265625,-0.07133388854813094,-0.002330160656891511,0.14491692880011536,0.2419594367459364,39248.720625,32484.21970703125
2025-10-14,38535.0,38640.0,37340.0,38010.0,37761.5078125,32330,37761.5078125,-0.002078644528868412,41223.72265625,-0.08398598235826937,-0.01362394261416322,0.13369084815153284,0.24345907873046008,39201.531171875,32504.41416015625
2025-10-15,38070.0,38595.0,37985.0,38380.0,38129.08984375,22583,38129.08984375,0.017755955371183463,41223.72265625,-0.07506922260041982,0.009734304919051029,0.1307484173718276,0.24374724364942427,39161.593984375,32527.50091796875
2025-10-16,38480.0,38665.0,38270.0,38510.0,38258.23828125,16716,38258.23828125,0.014183604745754863,41223.72265625,-0.07193635566899481,0.0033871366463045227,0.13152764113521598,0.24375062430890707,39109.834609375,32551.72572265625
2025-10-17,38490.0,38850.0,38345.0,38755.0,38501.63671875,19212,38501.63671875,0.012511837903088407,41223.72265625,-0.06603202627279703,0.006361987598871854,0.13220867456049173,0.24354708320959412,39073.27515625,32578.59779296875
2025-10-20,38585.0,39515.0,38585.0,39215.0,38958.62890625,19865,38958.62890625,0.02697720272067272,41223.72265625,-0.05494636592837121,0.011869422353087966,0.13694134326443597,0.24362738078721372,39092.349609375,32606.27283203125
2025-10-21,39510.0,39510.0,39020.0,39200.0,38943.7265625,1943,38943.7265625,0.03843274223237336,41223.72265625,-0.055307865152356084,-0.0003825171513571757,0.1319868262803467,0.24247490942839559,39104.8671875,32634.20490234375
2025-10-23,39490.0,39520.0,38825.0,38920.0,38665.55859375,11758,38665.55859375,0.08122128492573899,41223.72265625,-0.06205562956629662,-0.007142818453790611,0.13195530412912895,0.2430310141232631,39116.689375,32658.80494140625
2025-10-24,39190.0,39190.0,38400.0,38585.0,38332.75,11903,38332.75,0.06271492418835889,41223.72265625,-0.07012885954907067,-0.008607365465652328,0.1302233417743806,0.24149960978674878,39114.20578125,32682.5990625
2025-10-27,38775.0,39090.0,38435.0,39005.0,38750.00390625,9671,38750.00390625,0.07316275528451466,41223.72265625,-0.06000716554949348,0.01088505015293717,0.13385831344208815,0.24181942341072357,39122.054140625,32712.3140625
2025-10-28,38855.0,39370.0,38445.0,38540.0,38288.04296875,16377,38288.04296875,0.08312109399690493,41223.72265625,-0.07121335722102518,-0.011921571378873841,0.12722339912197692,0.2429424105038935,39119.66984375,32742.22552734375
2025-10-29,37915.0,38095.0,36800.0,37380.0,37135.625,49599,37135.625,0.045000885974041616,41223.72265625,-0.09916857073630148,-0.03009863861912665,0.15008922734243213,0.24885099863203558,39095.72734375,32766.1051171875
2025-10-30,37500.0,37570.0,36970.0,37210.0,36966.73828125,24286,36966.73828125,0.046212981596196245,41223.72265625,-0.103265404012575,-0.004547835636265707,0.14443996144071491,0.2489700680991471,39053.505234375,32790.047421875
2025-10-31,37410.0,37550.0,37010.0,37245.0,37001.5078125,19072,37001.5078125,0.050611291769996125,41223.72265625,-0.10242196899483225,0.0009405625940126505,0.14468136393469236,0.24564606760082222,39001.547109375,32819.631875
2025-11-03,37200.0,37250.0,36520.0,37025.0,36782.9453125,36510,36782.9453125,0.03887309088562163,41223.72265625,-0.10772383127016616,-0.0059068538803211945,0.14430493727092344,0.24589936552346361,38943.727578125,32851.72119140625
2025-11-04,37025.0,37925.0,36805.0,37850.0,37602.5546875,29198,37602.5546875,0.053469440999607265,41223.72265625,-0.0878418477376639,0.02228232046228973,0.1611130788946891,0.24802124033137607,38911.440078125,32884.762490234374
2025-11-06,37950.0,37950.0,36845.0,37020.0,36777.98046875,28881,36777.98046875,0.03729572706561224,41223.72265625,-0.10784426783993928,-0.02192867547438493,0.17126647135224615,0.2503967892614443,38865.641484375,32914.45401367187
2025-11-07,36985.0,37100.0,36610.0,36810.0,36569.3515625,13122,36569.3515625,0.0622980054552853,41223.72265625,-0.1129051622183942,-0.005672658030455802,0.17143348055446442,0.25070969643497554,38820.43890625,32943.63952148437
2025-11-10,37000.0,37495.0,36715.0,37280.0,37036.28125,17223,37036.28125,0.0740103285821252,41223.72265625,-0.10157843921975673,0.012768333797277709,0.17158908290643038,0.2506780886503347,38776.130546875,32974.93692382812
2025-11-11,37280.0,37365.0,36500.0,36680.0,36440.203125,36836,36440.203125,0.051971878078196365,41223.72265625,-0.1160380291498192,-0.016094437802121386,0.1764338833232709,0.25153014477057606,38725.563359375,33004.54309570313
2025-11-12,36610.0,37345.0,35750.0,37255.0,37011.44140625,53670,37011.44140625,0.0603185321455737,41223.72265625,-0.10218100109795325,0.015676045473470346,0.18151934865820643,0.2525908206809918,38671.81703125,33039.58205078125
2025-11-13,37150.0,37650.0,36945.0,37385.0,37140.59375,24679,37140.59375,0.04465382463600798,41223.72265625,-0.0990480394091956,0.003489524829157098,0.18112645772511762,0.23234795541192044,38604.2615625,33075.40546875
2025-11-14,37235.0,37285.0,36655.0,36955.0,36713.40625,23119,36713.40625,0.05900341386761743,41223.72265625,-0.10941070130565178,-0.011501902820280074,0.18336616185856305,0.2215217008090318,38517.631640625,33107.09439453125
2025-11-17,37000.0,37585.0,36915.0,37450.0,37205.16796875,24671,37205.16796875,0.08083557029272526,41223.72265625,-0.0974816059434831,0.013394608917553175,0.1874261190201243,0.22252043531869387,38445.10890625,33144.34923828125
2025-11-18,37450.0,37470.0,36720.0,37045.0,36802.81640625,17257,36802.81640625,0.0730747283862172,41223.72265625,-0.10724180071907552,-0.010814399839236044,0.18773233919021817,0.2217140328619105,38371.69203125,33182.78984375
2025-11-19,37065.0,37185.0,36600.0,36870.0,36628.9609375,18670,36628.9609375,0.12295998252989682,41223.72265625,-0.11145916532245492,-0.004723971851254172,0.1871747521674769,0.22148061765799096,38291.4203125,33219.90540039063
2025-11-20,36970.0,37195.0,36805.0,37050.0,36807.78515625,18123,36807.78515625,0.13070182691014276,41223.72265625,-0.10712126939196964,0.004882044539978203,0.18811546963148446,0.22089642839998952,38205.883203125,33265.95900390625
2025-11-21,37140.0,37140.0,36420.0,36500.0,36261.37890625,12455,36261.37890625,0.09253118533153382,41223.72265625,-0.12037592508030448,-0.014844855447848637,0.19020327474802284,0.22188802515701958,38106.636328125,33307.18376953125
2025-11-24,36500.0,36685.0,36080.0,36200.0,35963.33984375,30421,35963.33984375,0.08572529352779479,41223.72265625,-0.12760572004533566,-0.008219187231421898,0.19063646453669478,0.21383535057497666,38011.164609375,33346.20477539062
2025-11-25,36400.0,36400.0,35680.0,35770.0,35536.15234375,14140,35536.15234375,0.05694996283293219,41223.72265625,-0.13796838194179195,-0.011878415682636922,0.19183239524902393,0.21360030343206024,37914.103359375,33383.285400390625
2025-11-26,35925.0,36590.0,35805.0,36485.0,36246.4765625,14212,36246.4765625,0.08418662909033969,41223.72265625,-0.12073742430428924,0.019988776834330757,0.20259394322310365,0.21621640138326337,37846.547890625,33424.955625
2025-11-27,36700.0,36700.0,36050.0,36320.0,36082.5546875,12118,36082.5546875,0.07271514234434262,41223.72265625,-0.12471382101078976,-0.00452242233027389,0.19965125974480716,0.2161758775036533,37784.456484375,33465.1017578125
2025-11-28,36205.0,36455.0,36070.0,36110.0,35873.9296875,14473,35873.9296875,0.04444600630780515,41223.72265625,-0.12977462063191203,-0.005781879964066761,0.19715510726696456,0.21573476133305003,37708.7546875,33505.46989257813
2025-12-01,36280.0,36485.0,36160.0,36335.0,36097.45703125,16521,36097.45703125,0.05258656265202699,41223.72265625,-0.12435232178680489,0.006230913248065129,0.19799524102572058,0.21598901191874154,37640.404453125,33547.97111328125
2025-12-02,36360.0,36900.0,36345.0,36660.0,36420.33203125,26398,36420.33203125,0.06501492500487749,41223.72265625,-0.11652005970090984,0.008944535891281191,0.19906581221991818,0.2151545487466004,37576.32609375,33592.62921875
2025-12-03,36850.0,36850.0,36160.0,36580.0,36340.85546875,22910,36340.85546875,0.06923552650194797,41223.72265625,-0.11844799239060722,-0.002182203128510918,0.19481731623657333,0.21493798652383048,37512.54578125,33638.59788085937
2025-12-04,36580.0,37250.0,36570.0,36845.0,36604.125,38002,36604.125,0.06803389750145428,41223.72265625,-0.11206163244331879,0.007244450573718364,0.19669527005476486,0.21527615035662942,37458.402109375,33688.201953125
2025-12-05,36985.0,37035.0,36595.0,36920.0,36678.6328125,9244,36678.6328125,0.0713736808974057,41223.72265625,-0.1102542310807273,0.0020355031707492977,0.19640397261197634,0.21527698939593942,37409.325078125,33737.3598828125
2025-12-08,37000.0,37080.0,36395.0,36595.0,36355.7578125,17000,36355.7578125,0.06207794519735077,41223.72265625,-0.11808649316662234,-0.008802809026457581,0.1964646577572396,0.21499722008810818,37366.308125,33785.09995117188
2025-12-09,36660.0,36885.0,36285.0,36780.0,36539.546875,15770,36539.546875,0.05965072544444361,41223.72265625,-0.11362816066636383,0.005055294499646257,0.1939325757427233,0.19124086297732734,37331.63625,33835.45390625
2025-12-10,36850.0,36950.0,36315.0,36400.0,36162.03125,8636,36162.03125,0.020031894039419962,41223.72265625,-0.12278588832109238,-0.010331699686683682,0.19327110567814237,0.1917438391664679,37296.865,33884.37752929688
2025-12-11,36590.0,36970.0,36215.0,36880.0,36638.89453125,7160,36638.89453125,0.031084034899335977,41223.72265625,-0.11121819742557593,0.013186849985093119,0.1784013398978332,0.19261199270198076,37267.7565625,33935.36030273438
2025-12-12,36880.0,36950.0,36285.0,36715.0,36474.97265625,11065,36474.97265625,0.03672276960269172,41223.72265625,-0.11519459413207633,-0.0044739852852325734,0.17838650351278276,0.19269408026913348,37239.343515625,33983.96599609375
2025-12-15,36870.0,36870.0,36340.0,36400.0,36162.03125,4956,36162.03125,0.026901152272659434,41223.72265625,-0.12278588832109238,-0.00857962003698387,0.17989911304742034,0.19041240386714678,37201.19453125,34030.40638671875
2025-12-16,36400.0,36410.0,35950.0,36230.0,35993.14453125,11179,35993.14453125,0.013921072073632468,41223.72265625,-0.12688272159736602,-0.00467027744051296,0.1796237558482206,0.18952989393309722,37153.508359375,34076.41327148437
2025-12-17,36380.0,36380.0,35850.0,35975.0,35739.8125,9258,35739.8125,0.005308049602448461,41223.72265625,-0.1330280188904428,-0.007038341177166396,0.16671727179805348,0.1640575055613666,37097.377734375,34122.79870117187
2025-12-18,36090.0,36090.0,35550.0,35720.0,35486.4765625,10780,35486.4765625,-0.0072605346378786795,41223.72265625,-0.13917341094085223,-0.007088339859085746,0.15624204199693736,0.1637165909104059,37036.776484375,34167.10317382812
2025-12-19,35745.0,36295.0,35615.0,35940.0,35705.0390625,40192,35705.0390625,-0.001950786800600457,41223.72265625,-0.13387154866551831,0.006159036375873006,0.15702325077113072,0.16385370499098453,36988.8915625,34214.17849609375
2025-12-22,35800.0,36230.0,35800.0,36160.0,35923.6015625,16457,35923.6015625,0.02466806573114666,41223.72265625,-0.1285696863901844,0.006121334851851401,0.15318557793209944,0.16325815976107294,36943.09296875,34263.70978515625
2025-12-23,36165.0,36500.0,35840.0,36305.0,36067.65234375,11103,36067.65234375,0.028681886577284876,41223.72265625,-0.12507532023477452,0.0040099203583299214,0.14689099441407788,0.16341602974914415,36896.99625,34313.238212890625
2025-12-24,36210.0,36470.0,36010.0,36195.0,35958.375,16626,35958.375,0.03241829311800326,41223.72265625,-0.1277261566151089,-0.0030297880967830038,0.1390039010641423,0.1634319205433863,36850.502265625,34364.336669921875
2025-12-26,36045.0,36340.0,35755.0,35855.0,35620.59765625,14945,35620.59765625,0.05103691497293772,41223.72265625,-0.1359199179249888,-0.009393565302937112,0.1404561227861938,0.16406937273265365,36807.6840625,34409.75822265625
2025-12-29,36000.0,36030.0,35540.0,35630.0,35397.06640625,13152,35397.06640625,0.046011272472019416,41223.72265625,-0.1413423115274285,-0.006275336875510851,0.13796964422378902,0.1607131155413575,36753.04359375,34454.07876953125
2025-12-30,35630.0,35750.0,34990.0,35525.0,35292.75390625,88747,35292.75390625,0.04656034583614721,41223.72265625,-0.14387271133798962,-0.002946925002281553,0.13091818665073401,0.15888314490818706,36693.73390625,34498.057373046875
2025-12-31,35700.0,36310.0,35700.0,36040.0,35804.38671875,13573,35804.38671875,0.06841329501498139,41223.72265625,-0.1314615854247303,0.01449682316826495,0.13609773059172678,0.16097102262366134,36639.78890625,34545.741171875
2026-01-01,36040.0,36270.0,35755.0,36140.0,35903.734375,6055,35903.734375,0.07453495224753359,41223.72265625,-0.1290516221839424,0.002774734197527051,0.1359930001339631,0.16012335576105619,36578.691015625,34593.02387695313
2026-01-02,36170.0,39600.0,36150.0,39420.0,39162.2890625,185984,39162.2890625,0.18217845995946735,41223.72265625,-0.05000600287702217,0.09075809924019906,0.2977743368211473,0.22167115083036612,36583.062265625,34657.45920898437
2026-01-05,39010.0,39550.0,38760.0,39170.0,38913.92578125,47881,38913.92578125,0.16426420919804685,41223.72265625,-0.05603076884299307,-0.006341898984853267,0.2945393057794127,0.22169050578222838,36588.029609375,34722.7539453125
2026-01-06,38710.0,39375.0,38695.0,38960.0,38705.296875,31988,38705.296875,0.16032419803004205,41223.72265625,-0.06109166322144799,-0.005361291672877799,0.2937496597030176,0.22112404987040357,36595.480546875,34787.16481445313
2026-01-07,38700.0,39265.0,38105.0,39145.0,38889.0859375,39290,38889.0859375,0.15242113514733013,41223.72265625,-0.05663333072118948,0.004748421465246899,0.29055871948307055,0.22093456152954782,36598.2621875,34852.49462890625
2026-01-08,39025.0,39200.0,38405.0,38660.0,38407.2578125,27794,38407.2578125,0.143960883893693,41223.72265625,-0.06832145818647917,-0.012389803292737755,0.2894190248099175,0.21962358448806246,36600.646484375,34909.47822265625
2026-01-09,38500.0,38895.0,37665.0,37995.0,37746.60546875,33463,37746.60546875,0.1505654578094211,41223.72265625,-0.08434748158225414,-0.017201236989509483,0.2942272471038027,0.21854366900341643,36612.86609375,34962.832412109376
2026-01-12,38200.0,38205.0,36870.0,37660.0,37413.796875,30844,37413.796875,0.15811571856403273,41223.72265625,-0.09242071156502818,-0.008816914517665086,0.29502494747691577,0.21772089146408513,36621.807265625,35015.46154296875
2026-01-13,37745.0,38015.0,37300.0,37905.0,37657.1953125,28392,37657.1953125,0.16370631156005766,41223.72265625,-0.08651638216883051,0.006505579701338471,0.2950637953856372,0.2179528326854878,36634.921015625,35065.168701171875
2026-01-14,37900.0,38255.0,36930.0,37455.0,37210.13671875,22519,37210.13671875,0.15637441747568692,41223.72265625,-0.09736107461637733,-0.011871797409235163,0.29670661748111904,0.21833625411323357,36643.46484375,35116.701865234376
2026-01-15,37455.0,37455.0,37455.0,37455.0,37210.13671875,0,37210.13671875,0.19705951320877912,41223.72265625,-0.09736107461637733,0.0,0.2965785043978056,0.21817644065231234,36635.616484375,35165.17716796875
2026-01-16,37420.0,37520.0,36730.0,36835.0,36594.1875,34171,36594.1875,0.20514041300265085,41223.72265625,-0.11230269509753044,-0.016553264058275396,0.3001873427291833,0.2188150215910697,36631.940625,35209.18359375
2026-01-19,36540.0,36875.0,36325.0,36510.0,36271.3125,19572,36271.3125,0.1702577068272204,41223.72265625,-0.12013495718342548,-0.008823122524581284,0.30124445387444015,0.21904512097245482,36625.97984375,35251.56120117188
2026-01-20,36350.0,36380.0,35425.0,35575.0,35342.42578125,40077,35342.42578125,0.14600510173772951,41223.72265625,-0.142667777096262,-0.025609404643132216,0.3092441989378874,0.22211040436547794,36592.102734375,35291.6190625
2026-01-21,35510.0,35655.0,34610.0,35130.0,34900.3359375,34584,34900.3359375,0.13562579822499177,41223.72265625,-0.15339193821670305,-0.012508757788338931,0.3105581724744504,0.22256666772438333,36561.305390625,35328.78036132813
2026-01-22,35305.0,36010.0,35305.0,35710.0,35476.54296875,21264,35476.54296875,0.15270405201970183,41223.72265625,-0.13941437883773122,0.016510071200514398,0.3135430160030095,0.22261857577073463,36530.607421875,35368.87267578125
2026-01-23,35865.0,35865.0,35140.0,35265.0,35034.453125,26686,35034.453125,0.14795664991137691,41223.72265625,-0.15013853995817217,-0.01246146909351964,0.3126554126889405,0.2228113489524506,36488.484609375,35410.30665039062
2026-01-27,35395.0,35840.0,34930.0,35310.0,35079.16015625,18829,35079.16015625,0.1691630751440465,41223.72265625,-0.14905404228621777,0.001276087601267406,0.31259418592962623,0.2217323150820214,36455.7996875,35455.39887695313
2026-01-28,35500.0,36285.0,35035.0,36185.0,35948.4375,15229,35948.4375,0.19924423687614778,41223.72265625,-0.12796721926932053,0.02478044912928512,0.32052855650751144,0.22593205184250936,36430.665078125,35505.19009765625
2026-01-29,35960.0,36335.0,35750.0,36015.0,35779.55078125,16931,35779.55078125,0.17790351251819825,41223.72265625,-0.13206405254559417,-0.004698026687529833,0.3205320739522176,0.22592942415693523,36410.199765625,35555.771796875
2026-01-30,35900.0,36750.0,35555.0,36530.0,36291.18359375,24729,36291.18359375,0.21969955658832285,41223.72265625,-0.11965292663233484,0.014299587371234379,0.32242615420276866,0.22736777476083717,36403.44421875,35608.04642578125
2026-02-02,36000.0,36720.0,35670.0,36605.0,36365.69140625,11666,36365.69140625,0.24904935517689863,41223.72265625,-0.11784552526974335,0.0020530554565001413,0.32159425192467933,0.22727997592408175,36394.60234375,35657.112333984376
2026-02-03,37995.0,37995.0,37235.0,37740.0,37493.2734375,28817,37493.2734375,0.2837590393352145,41223.72265625,-0.09049277887533091,0.03100675355387872,0.3329172960904175,0.23331162756644233,36419.240234375,35710.44393554688
2026-02-04,37700.0,38620.0,36320.0,36710.0,36470.0078125,33811,36470.0078125,0.32151765179394864,41223.72265625,-0.11531503070184956,-0.02729197883203638,0.34310812712160343,0.2362017733044169,36429.37359375,35757.99759765625
2026-02-05,36710.0,36745.0,36070.0,36275.0,36037.8515625,16466,36037.8515625,0.2863115318092553,41223.72265625,-0.12579822392541162,-0.01184963414929352,0.3448617400118048,0.23678564427282714,36439.407578125,35801.94474609375
2026-02-06,36275.0,36460.0,35775.0,36340.0,36102.42578125,18833,36102.42578125,0.2820855851428672,41223.72265625,-0.12423179045969912,0.0017918442956570413,0.3447533291767738,0.23630634580958568,36436.5265625,35845.13658203125
2026-02-09,36630.0,36680.0,35525.0,35630.0,35397.06640625,31240,35397.06640625,0.25878492127844277,41223.72265625,-0.1413423115274285,-0.01953772799849729,0.3484790633573381,0.23826037699711938,36422.816796875,35882.86581054688
2026-02-10,35650.0,35925.0,35200.0,35575.0,35342.42578125,19847,35342.42578125,0.26618942542472923,41223.72265625,-0.142667777096262,-0.0015436484021837948,0.34800633966118444,0.2381428129837523,36412.18671875,35920.2483203125
2026-02-11,35580.0,36645.0,35440.0,36570.0,36330.921875,24918,36330.921875,0.29506637191554264,41223.72265625,-0.11868896028748621,0.027969107153771544,0.35701642144090345,0.2427722269564333,36416.856015625,35964.70516601563
2026-02-12,36570.0,36750.0,36310.0,36495.0,36256.41015625,9373,36256.41015625,0.3041732136038593,41223.72265625,-0.12049645640741025,-0.0020509173702325523,0.3548773415966905,0.2423600652581711,36413.577578125,36007.22120117187
2026-02-13,36415.0,36420.0,35600.0,35695.0,35461.640625,13848,35461.640625,0.2849718109413364,41223.72265625,-0.13977587806171599,-0.02192080042742439,0.3607628210428879,0.24483669412307116,36395.99328125,36041.59770507812
2026-02-16,35695.0,35805.0,35275.0,35485.0,35253.015625,9980,35253.015625,0.282454302973806,41223.72265625,-0.14483667768283826,-0.005883117541181204,0.23639163443244787,0.24498370421882976,36368.97109375,36073.50985351563
2026-02-17,35485.0,35655.0,35220.0,35370.0,35138.765625,12706,35138.765625,0.2943826704703041,41223.72265625,-0.14760814014761103,-0.003240857497563421,0.2362262183274442,0.24443807920294772,36338.17375,36104.89975585938
2026-02-18,35430.0,35775.0,35205.0,35695.0,35461.640625,10776,35461.640625,0.3289820452639851,41223.72265625,-0.13977587806171599,0.009188569782038192,0.23886628857212738,0.2449282366252332,36320.29140625,36133.3953125
2026-02-19,35800.0,35960.0,34890.0,35015.0,34786.0859375,10448,34786.0859375,0.2957136812649901,41223.72265625,-0.15616340068147583,-0.019050294221969577,0.2422620983925219,0.2466931379297909,36285.2221875,36160.7184375
2026-02-20,35055.0,35665.0,34730.0,35215.0,34984.78125,25449,34984.78125,0.30502518475560025,41223.72265625,-0.1513434741998999,0.005711919209795413,0.24223401607428144,0.246934768936505,36261.6771875,36186.29060546875
2026-02-23,35165.0,35630.0,35140.0,35340.0,35108.9609375,9208,35108.9609375,0.3264303439129994,41223.72265625,-0.14833113859558078,0.003549534485084216,0.23910394757126344,0.24609661579442557,36231.078515625,36214.7625390625
2026-02-24,35320.0,35490.0,34855.0,35330.0,35099.02734375,11570,35099.02734375,0.3306524362761225,41223.72265625,-0.14857210649245978,-0.00028293613609597923,0.2383615899997895,0.24546490784203748,36203.559609375,36243.23380859375
2026-02-25,35430.0,37455.0,35430.0,36570.0,36330.921875,62472,36330.921875,0.37396773847104536,41223.72265625,-0.11868896028748621,0.03509768288406323,0.2606121621907119,0.25262858476334377,36206.937421875,36272.9392578125
2026-02-26,36590.0,36825.0,36200.0,36740.0,36499.80859375,16218,36499.80859375,0.364283287960407,41223.72265625,-0.11459212701121257,0.004648566841520596,0.25905291815548864,0.2525139792793716,36217.070703125,36302.803017578124
2026-02-27,36795.0,36835.0,35960.0,36425.0,36186.87109375,32321,36186.87109375,0.34654067920087583,41223.72265625,-0.12218332644289598,-0.00857367509739726,0.26009474986751513,0.2520017901423642,36226.011875,36329.75438476563
2026-03-02,35855.0,36175.0,35000.0,35370.0,35138.765625,20579,35138.765625,0.31155085316917175,41223.72265625,-0.14760814014761103,-0.0289636942092798,0.26896245238027994,0.2564003582331045,36219.05765625,36349.94596679688
2026-03-04,34900.0,34900.0,33300.0,33390.0,33171.7109375,50693,33171.7109375,0.2535258171207202,41223.72265625,-0.19532471111095107,-0.05597961830794962,0.31185985900277974,0.27223855624986937,36168.39109375,36360.66984375
2026-03-05,33450.0,33715.0,33005.0,33230.0,33012.7578125,22632,33012.7578125,0.2398886820109125,41223.72265625,-0.1991805764903457,-0.0047918277504434,0.30436703934602766,0.27203359902674357,36110.17421875,36371.06453125
2026-03-06,33305.0,33610.0,32920.0,33335.0,33117.0703125,17779,33117.0703125,0.2596843779640037,41223.72265625,-0.19665017667978457,0.0031597632828028743,0.30309209712171353,0.27134273937145753,36051.162578125,36382.20130859375
2026-03-09,32850.0,32850.0,31470.0,31600.0,31393.4140625,23866,31393.4140625,0.20663409624589368,41223.72265625,-0.23846241824692682,-0.05204736511216723,0.3313679049085618,0.2836902088360101,35959.863359375,36384.03370117187
2026-03-10,31940.0,32270.0,31650.0,32080.0,31870.275390625,17509,31870.275390625,0.21819111070930064,41223.72265625,-0.22689477473007658,0.015189852469554177,0.3348001092961889,0.2811207523238873,35884.8569140625,36387.833828125
2026-03-11,32175.0,32430.0,31620.0,31715.0,31507.662109375,18909,31507.662109375,0.2241365023433386,41223.72265625,-0.23569100316082037,-0.011377789391699644,0.33542589459824573,0.28155935348597666,35807.068828125,36387.90958007812
2026-03-12,31620.0,31620.0,30815.0,31305.0,31100.341796875,27041,31100.341796875,0.17199296452771518,41223.72265625,-0.24557172926351856,-0.012927659027383132,0.32560170585135867,0.2821579253608651,35723.2205859375,36384.208955078124
2026-03-13,31000.0,31325.0,30100.0,30185.0,29987.6640625,20427,29987.6640625,0.13020437289296916,41223.72265625,-0.2725629290552798,-0.03577702591316223,0.3379005710309226,0.2877679619464207,35606.8861328125,36374.94494140625
2026-03-16,30260.0,30580.0,29815.0,30355.0,30156.552734375,16874,30156.552734375,0.13811053876093582,41223.72265625,-0.26846604840033983,0.0056319382371032845,0.33436969211908807,0.2851089115703304,35491.9425,36370.715546875
2026-03-17,30595.0,30910.0,30390.0,30645.0,30444.65625,11579,30444.65625,0.15901814443797968,41223.72265625,-0.26147726871085397,0.009553595802632708,0.33662608072983496,0.2838330910859682,35317.58984375,36369.76447265625
2026-03-18,30780.0,31275.0,30635.0,31005.0,30802.302734375,14836,30802.302734375,0.16467189224281897,41223.72265625,-0.25280152422854973,0.011747430532246472,0.3227245918509757,0.2846801787802781,35155.3573828125,36369.8175
2026-03-19,30520.0,30600.0,29945.0,30135.0,29937.990234375,12551,29937.990234375,0.13940005860440352,41223.72265625,-0.27376791067567374,-0.02805999627539002,0.3231654858280236,0.286973994421058,34980.01125,36366.45560546875
2026-03-20,30300.0,30825.0,30280.0,30390.0,30191.32421875,30424,30191.32421875,0.16771801610681702,41223.72265625,-0.26762256600393075,0.008461956944729065,0.32551721956221213,0.2865493357282362,34806.056015625,36363.74778320312
2026-03-23,30220.0,30300.0,29000.0,29135.0,28944.52734375,25264,28944.52734375,0.12087632821208039,41223.72265625,-0.2978672114328891,-0.04129652829953345,0.3405349037950387,0.29243669685157303,34616.80140625,36354.51193359375
2026-03-24,29650.0,30250.0,29400.0,30080.0,29883.349609375,27727,29883.349609375,0.15723220445217811,41223.72265625,-0.27509337624450725,0.032435225300983195,0.35697546130653657,0.2980890292910403,34459.5362890625,36349.77416015625
2026-03-25,30340.0,30705.0,30180.0,30390.0,30191.32421875,17887,30191.32421875,0.11776089136503143,41223.72265625,-0.26762256600393075,0.010305893194730187,0.3597236982984083,0.29840386231834826,34315.0868359375,36345.89015625
2026-03-27,30395.0,30480.0,29515.0,29615.0,29421.390625,31803,29421.390625,0.08663182087476895,41223.72265625,-0.2862995205373726,-0.025501815957838625,0.35041881904824285,0.2998177636255888,34150.3707421875,36337.6908984375
2026-03-30,29220.0,29470.0,28610.0,28745.0,28557.078125,39061,28557.078125,0.06207636270895711,41223.72265625,-0.30726590698449663,-0.029377010455296948,0.35612569590609916,0.30288096192193104,33977.3095703125,36325.88069335937
2026-04-01,29445.0,31085.0,29120.0,30635.0,30434.72265625,70699,30434.72265625,0.09810153588277659,41223.72265625,-0.26171823660773297,0.06575058285133983,0.4119349675800654,0.3237440652898703,33841.8012890625,36321.7434375
2026-04-02,30035.0,32325.0,29900.0,32135.0,31924.916015625,85448,31924.916015625,0.18664528333829655,41223.72265625,-0.22556930916124318,0.04896359254546967,0.4403239750178335,0.33456296525025797,33748.415859375,36326.894951171875
2026-04-06,32155.0,33535.0,32155.0,33460.0,33241.25390625,65114,33241.25390625,0.208110553596363,41223.72265625,-0.1936377463181328,0.041232305512745704,0.45853870391141033,0.3412566763503748,33687.8146875,36338.309599609376
2026-04-07,33360.0,33800.0,32555.0,33445.0,33226.3515625,57128,33226.3515625,0.19549772641761765,41223.72265625,-0.19399924554211756,-0.00044830871278289663,0.45744589898267,0.3410221024226927,33645.493203125,36346.243681640626
2026-04-08,34250.0,36300.0,34250.0,35935.0,35700.07421875,107352,35700.07421875,0.28436978816978886,41223.72265625,-0.13399198523529143,0.07445062548010539,0.5045873272176923,0.3628720928904273,33661.48796875,36366.86493164062
2026-04-09,36180.0,37570.0,35825.0,36770.0,36529.61328125,262676,36529.61328125,0.33657052679917543,41223.72265625,-0.11386912856324294,0.023236339997980027,0.5084453578933287,0.36341116523500155,33682.549375,36390.77623046875
2026-04-10,36990.0,37670.0,36850.0,37330.0,37085.953125,83719,37085.953125,0.3501474545557326,41223.72265625,-0.1003735049780291,0.015229831191110987,0.5098928364938465,0.3641648391323469,33723.579375,36417.54274414063
2026-04-13,36665.0,37385.0,36420.0,36615.0,36375.62890625,57408,36375.62890625,0.32476956883920427,41223.72265625,-0.1176044626155317,-0.01915345727682438,0.5136502206842729,0.36550919373614027,33749.50875,36441.174208984376
2026-04-15,37100.0,37235.0,36415.0,37080.0,36837.5859375,92805,36837.5859375,0.37722658401535014,41223.72265625,-0.10639836570133265,0.012699630085863056,0.5050225585894149,0.36596075396792827,33767.29171875,36470.619521484376
2026-04-16,37375.0,37565.0,36950.0,37440.0,37195.234375,31261,37195.234375,0.42725303576698814,41223.72265625,-0.09772257384036209,0.009708791398730598,0.5055574827833327,0.3660130103226134,33795.605390625,36502.220634765625
2026-04-17,37445.0,37935.0,37200.0,37505.0,37259.80859375,28289,37259.80859375,0.4336102882555086,41223.72265625,-0.0961561403746497,0.0017360885026014294,0.5047227381253646,0.36599064854860713,33814.977890625,36532.894921875
2026-04-20,37700.0,38195.0,37225.0,37790.0,37542.9453125,36644,37542.9453125,0.4629091193589072,41223.72265625,-0.08928784463360329,0.0075989847891353435,0.4966309890683293,0.3660095278654324,33838.52296875,36562.73052734375
2026-04-21,37790.0,38360.0,37790.0,38100.0,37850.91796875,24080,37850.91796875,0.4650309748200885,41223.72265625,-0.081817081771693,0.008203209782463805,0.464559191199387,0.36622630926606636,33845.675859375,36593.885458984376
2026-04-22,38110.0,38395.0,37765.0,37885.0,37637.32421875,26733,37637.32421875,0.4174676725842108,41223.72265625,-0.08699841271992115,-0.005643026945247209,0.4647187185224032,0.36603450160941553,33869.0221875,36621.914091796876
2026-04-23,37885.0,37905.0,37210.0,37380.0,37135.625,20767,37135.625,0.3842654746130436,41223.72265625,-0.09916857073630148,-0.013329832265282726,0.46766928138738884,0.36669935411396415,33890.97765625,36649.2230078125
2026-04-24,37495.0,37690.0,36295.0,36690.0,36450.13671875,30157,36450.13671875,0.3520443776996105,41223.72265625,-0.1157970612529402,-0.01845904791557973,0.4419660809313734,0.3676263268710644,33897.931875,36672.4673828125
2026-04-27,36800.0,37460.0,36730.0,37225.0,36981.640625,30944,36981.640625,0.35720302609268084,41223.72265625,-0.10290390478859024,0.014581671129276996,0.4418520328315623,0.3677716187657596,33929.623359375,36688.76373046875
2026-04-28,37180.0,37565.0,37000.0,37320.0,37076.01953125,21761,37076.01953125,0.34998326648223044,41223.72265625,-0.1006144728749081,0.002552047574281957,0.4391083287146048,0.3676977790076018,33964.295234375,36698.05826171875
2026-04-29,37165.0,37470.0,36190.0,36345.0,36107.390625,34734,36107.390625,0.29643835040051325,41223.72265625,-0.12411135388992589,-0.026125482683856616,0.4456182382211593,0.3700812745229028,33959.824609375,36701.9460546875
2026-04-30,36500.0,36500.0,35675.0,35995.0,35759.6796875,32877,35759.6796875,0.28327630219845257,41223.72265625,-0.1325460830966848,-0.009629910427790711,0.43084031571266557,0.37036085029106186,33949.89,36706.81521484375
2026-05-04,36150.0,36490.0,35475.0,35850.0,35615.62890625,21982,35615.62890625,0.29796681640631806,41223.72265625,-0.13604044925209458,-0.004028301777556309,0.43186635021457015,0.370228668756996,33952.969765625,36709.4448828125
2026-05-05,36100.0,36285.0,35810.0,35870.0,35635.49609375,14802,35635.49609375,0.28401381034283757,41223.72265625,-0.13555851345833658,0.0005578221727404742,0.4319943981942986,0.3700219482080781,33960.619375,36710.23806640625
2026-05-06,36000.0,36750.0,35795.0,36645.0,36405.4296875,40352,36405.4296875,0.27352539312442037,41223.72265625,-0.11688155892489471,0.02160580539483603,0.4341503254856961,0.3716125026940173,33985.95265625,36713.26365234375
2026-05-07,36880.0,38380.0,36645.0,37895.0,37647.2578125,54499,37647.2578125,0.3040004762632815,41223.72265625,-0.08675744482304215,0.0341110690262334,0.42920367061889736,0.3757434602081076,34029.665,36716.0293359375
2026-05-08,37750.0,38855.0,37650.0,38145.0,37895.625,30045,37895.625,0.31304899692908883,41223.72265625,-0.08073258409973849,0.006597218547416572,0.42922079619935716,0.3758310934618042,34091.85578125,36717.708984375
2026-05-11,38020.0,38020.0,37220.0,37315.0,37071.05078125,19312,37071.05078125,0.2455611689273458,41223.72265625,-0.10073500420201387,-0.021759087460623716,0.41317625977477207,0.3776768688876886,34133.581171875,36714.5061328125
2026-05-12,37315.0,37625.0,36345.0,36510.0,36271.3125,17005,36271.3125,0.23702269055808367,41223.72265625,-0.12013495718342548,-0.021573121462596823,0.4157491588254159,0.3791377781394224,34156.828203125,36706.47146484375
2026-05-13,36510.0,36880.0,36235.0,36315.0,36077.58984375,19079,36077.58984375,0.20780615809810343,41223.72265625,-0.12483425758056288,-0.005340933175495111,0.4170747660323749,0.3790938642042973,34176.399453125,36699.40400390625
2026-05-14,36545.0,37180.0,36065.0,36945.0,36703.46875,20799,36703.46875,0.2477987434747151,41223.72265625,-0.10965176395986342,0.017348135198627324,0.40706953279157165,0.38009273342128225,34183.850390625,36695.12287109375
2026-05-15,37390.0,37980.0,36780.0,37740.0,37493.2734375,25058,37493.2734375,0.2750743860411695,41223.72265625,-0.09049277887533091,0.02151852983922664,0.3932685539366662,0.38099415258089847,34203.7196875,36697.55970703125
2026-05-18,37735.0,37740.0,36930.0,37155.0,36912.09765625,21448,36912.09765625,0.21461999586878688,41223.72265625,-0.10459086958140851,-0.015500801289564659,0.3613197084667396,0.3819511122711902,34218.22421875,36695.98798828125
2026-05-19,37205.0,37650.0,36920.0,37130.0,36887.26171875,20017,36887.26171875,0.20834648924721177,41223.72265625,-0.10519333670227238,-0.0006728400464066642,0.33880285027500895,0.3501537307249433,34253.194140625,36694.63513671875
2026-05-20,36995.0,37380.0,36370.0,36830.0,36589.22265625,38556,36589.22265625,0.18809301808780865,41223.72265625,-0.11242313166730356,-0.008079728573305966,0.3227991458593323,0.3502489297127084,34321.544375,36692.18416015625
2026-05-21,37190.0,37600.0,34830.0,35210.0,34979.8125,115544,34979.8125,0.12473656743553363,41223.72265625,-0.15146400552700567,-0.04398590730855789,0.3507610436225741,0.357668605259352,34360.88546875,36679.70130859375
2026-05-22,35425.0,36860.0,34825.0,36065.0,35829.22265625,93254,35829.22265625,0.15477800255586893,41223.72265625,-0.13085911830386654,0.024282867618286907,0.2845368428431346,0.36002401257470934,34415.128515625,36660.5771484375
2026-05-25,36400.0,36760.0,36200.0,36310.0,36072.62109375,21720,36072.62109375,0.16612241001391825,41223.72265625,-0.12495478890766876,0.006793293838250225,0.2768954102922839,0.3596847603243789,34508.71265625,36641.9497265625
2026-05-26,36430.0,36595.0,35735.0,35835.0,35600.7265625,21187,35600.7265625,0.15251068980661664,41223.72265625,-0.13640194847607945,-0.013081792144340798,0.2752756122210286,0.3592070847210186,34583.3216796875,36619.34845703125
2026-05-27,36000.0,36135.0,35850.0,36035.0,35799.41796875,14903,35799.41796875,0.15381739568397945,41223.72265625,-0.13158211675183618,0.0055811053715766334,0.27056391498566784,0.3590595603187241,34669.156796875,36597.71580078125
2026-05-28,36035.0,36035.0,36035.0,36035.0,35799.41796875,0,35799.41796875,0.15072742805827666,41223.72265625,-0.13158211675183618,0.0,0.26771312911106154,0.3588785610905816,34763.1383203125,36572.48185546875
2026-05-29,36365.0,37950.0,36290.0,36625.0,36385.5625,168254,36385.5625,0.15537188093945442,41223.72265625,-0.1173634947186527,0.016373018459731936,0.27066986668989995,0.3594139476863345,34891.0962890625,36552.76162109375
2026-06-01,37155.0,37350.0,36515.0,36705.0,36465.0390625,45064,36465.0390625,0.1452419744700124,41223.72265625,-0.11543556202895533,0.0021842884110971905,0.2707064847768735,0.3594324763726177,35017.266015625,36545.06228515625
2026-06-02,36550.0,37500.0,35755.0,37220.0,36976.671875,53220,36976.671875,0.1613106086318148,41223.72265625,-0.103024436115696,0.01403077648218276,0.2730264531197905,0.3590808750396666,35147.906328125,36538.35640625
2026-06-03,37220.0,38350.0,36735.0,37760.0,37513.140625,41647,37513.140625,0.21000639755765116,41223.72265625,-0.09001084308157292,0.01450830274324133,0.2753471356497568,0.3595121590573605,35282.1230859375,36535.54986328125
2026-06-04,37755.0,38100.0,36875.0,37000.0,36758.109375,30639,36758.109375,0.19987804951133725,41223.72265625,-0.10832629839102992,-0.02012711379054255,0.28099873801994085,0.35849495416867355,35418.52546875,36527.05576171875
2026-06-05,37320.0,37475.0,36600.0,37240.0,36996.54296875,26904,36996.54296875,0.20151035032589504,41223.72265625,-0.10254240556460537,0.0064865576005974646,0.27908251079924273,0.35792377606622094,35554.62984375,36520.250546875
2026-06-08,36895.0,37200.0,36335.0,36610.0,36370.66015625,32707,36370.66015625,0.188181037254469,41223.72265625,-0.11772499394263747,-0.016917332330987467,0.27822967913951246,0.35816603706055056,35703.1525,36510.06755859375
2026-06-09,36855.0,37990.0,36745.0,37820.0,37572.75,46439,37572.75,0.2225583608866697,41223.72265625,-0.08856484618563354,0.03305108674370416,0.29143294425361926,0.3615732444678352,35856.9405078125,36506.26755859375
2026-06-10,37800.0,38250.0,37500.0,37790.0,37542.9453125,48524,37542.9453125,0.21925546970130516,41223.72265625,-0.08928784463360329,-0.0007932527563193625,0.291408688145446,0.36158588229614275,36003.9729296875,36498.59306640625
2026-06-11,37800.0,38350.0,37470.0,37565.0,37319.41796875,34810,37319.41796875,0.21045486079150355,41223.72265625,-0.09471014347871032,-0.005953910698518805,0.28102431263627775,0.35951640042924776,36161.9334765625,36487.1930859375
2026-06-12,38320.0,39450.0,38310.0,39060.0,38804.64453125,78501,38804.64453125,0.2530511463399867,41223.72265625,-0.058681699980659974,0.039797688263618625,0.3002467436032341,0.36529917255588296,36366.8848046875,36482.84669921875
2026-06-15,39400.0,39775.0,38960.0,39070.0,38814.578125,45458,38814.578125,0.24961448388629415,41223.72265625,-0.05844073208378098,0.0002559898143636996,0.29964377059040087,0.3646244129377024,36534.4819140625,36480.83494140625
2026-06-16,39300.0,39900.0,38960.0,39045.0,38789.7421875,22828,38789.7421875,0.2545552158545712,41223.72265625,-0.05904319920464485,-0.0006398610702406105,0.2997501838349437,0.3646303751712468,36671.7784375,36479.4441015625
2026-06-17,39250.0,39470.0,38870.0,39230.0,38973.53125,26887,38973.53125,0.246667345152354,41223.72265625,-0.05458486670438645,0.004738084146360455,0.29459605997900745,0.36113743375521484,36786.423984375,36480.16435546875
2026-06-18,39430.0,40500.0,39245.0,40035.0,39773.26953125,53616,39773.26953125,0.2873852528650511,41223.72265625,-0.03518491372297483,0.020520036434984235,0.28435526119139815,0.35950816549867676,36917.36234375,36482.77220703125
2026-06-19,40000.0,40385.0,39840.0,40195.0,39932.22265625,41782,39932.22265625,0.28987029059101754,41223.72265625,-0.03132904834358019,0.003996481226546056,0.28408871953432724,0.3588547608749398,37002.0053125,36487.5905078125
2026-06-22,40450.0,40790.0,40090.0,40300.0,40036.53515625,27709,40036.53515625,0.2653958080778338,41223.72265625,-0.028798648533019056,0.002612238765118402,0.2750893245841765,0.35885997359066857,37072.14375,36489.27939453125
2026-06-23,40225.0,40450.0,40070.0,40190.0,39927.25390625,35585,39927.25390625,0.26448809790817274,41223.72265625,-0.03144957967068607,-0.0027295381474323754,0.2659006390193919,0.35718128931710064,37128.969765625,36486.323828125
2026-06-24,40300.0,40480.0,40135.0,40365.0,40101.11328125,29152,40101.11328125,0.263132476901218,41223.72265625,-0.027232120309974017,0.004354403521169337,0.2646312762105179,0.3571712154889525,37203.479453125,36481.6048828125
2026-06-25,40465.0,41385.0,40180.0,40440.0,40175.62109375,64902,40175.62109375,0.2660657272302527,41223.72265625,-0.02542471894738252,0.001857998604114508,0.26146059741299976,0.35438558472090276,37270.24015625,36478.32646484375
2026-06-26,40440.0,40440.0,40440.0,40440.0,40175.62109375,0,40175.62109375,0.2693985483008998,41223.72265625,-0.02542471894738252,0.0,0.2556977474781661,0.35434624986103586,37329.847890625,36476.83626953125
2026-06-29,40630.0,41030.0,39505.0,39885.0,39624.25,175135,39624.25,0.2803276408330264,41223.72265625,-0.038799811205490475,-0.013724021651423168,0.25466472891170533,0.3530828914381719,37377.13671875,36471.74478515625
2026-06-30,40200.0,40720.0,39750.0,39900.0,39639.15234375,32837,39639.15234375,0.2838586979281257,41223.72265625,-0.0384383119815056,0.00037609150330930596,0.254569631280119,0.3528687168809019,37419.060859375,36464.51734375
2026-07-01,39950.0,40850.0,39905.0,40785.0,40518.3671875,44664,40518.3671875,0.3017969719455509,41223.72265625,-0.01711042631039683,0.022180465316852915,0.25868909930149914,0.35445250024095865,37472.40984375,36460.99056640625
2026-07-02,40750.0,41675.0,40510.0,41515.0,41243.59375,43251,41243.59375,0.3061763159141604,41243.59375,0.0,0.017898711444713333,0.21904579908592808,0.3552632740741073,37544.535234375,36463.52390625
2026-07-03,41400.0,42565.0,41390.0,41895.0,41621.109375,44049,41621.109375,0.31629346476908826,41621.109375,0.0,0.009153315477024915,0.21210985231256138,0.3536792202533621,37634.244921875,36469.68337890625
2026-07-06,41895.0,42260.0,41510.0,42125.0,41849.60546875,44661,41849.60546875,0.30651008787831446,41849.60546875,0.0,0.005489908779011232,0.21205268055354243,0.3536732435799495,37742.234296875,36480.81015625
2026-07-07,42180.0,42520.0,41660.0,41935.0,41660.84765625,33064,41660.84765625,0.31530768902054485,41849.60546875,-0.004510384515833743,-0.004510384515833743,0.20708108229284736,0.35384566057485495,37835.8184375,36493.17876953125
2026-07-08,42000.0,42055.0,41310.0,41610.0,41337.97265625,64656,41337.97265625,0.2998846719303958,41849.60546875,-0.012225511011855206,-0.007750082347437792,0.21051939763097183,0.3542113024720256,37921.0575,36501.57353515625
2026-07-09,41610.0,42320.0,41610.0,42225.0,41948.953125,25168,41948.953125,0.24395028476436798,41948.953125,0.0,0.01478012658798411,0.21188949354474315,0.35045799565758035,38037.88875,36513.74345703125
2026-07-10,42325.0,42485.0,41720.0,41815.0,41541.6328125,12016,41541.6328125,0.17958654023517728,41948.953125,-0.009709904113369916,-0.009709904113369916,0.2136122127027267,0.3509552715365497,38153.5278125,36523.33037109375
2026-07-13,41700.0,42050.0,41310.0,41695.0,41422.41796875,18121,41422.41796875,0.17244876602048298,41948.953125,-0.01255180682771806,-0.0028697678853424335,0.21459116226945002,0.3506130672083472,38269.66359375,36532.79310546875
2026-07-14,41600.0,41860.0,41400.0,41460.0,41188.953125,11517,41188.953125,0.18407214140718375,41948.953125,-0.018117257842772405,-0.005636195451606207,0.21444805271768452,0.34698249098415634,38380.732734375,36542.181328125
2026-07-15,41470.0,42040.0,41365.0,41445.0,41174.05078125,17566,41174.05078125,0.1733943659118229,41948.953125,-0.018472507321957155,-0.00036180438247057634,0.21224878040121542,0.33286096203110227,38476.10515625,36552.38916015625
2026-07-16,41500.0,41550.0,40985.0,41110.0,40841.2421875,21013,40841.2421875,0.15120793968251323,41948.953125,-0.026406164039403546,-0.008082969429414444,0.20343664436543835,0.33311391742207236,38539.98484375,36564.06234375
2026-07-17,41110.0,41550.0,40760.0,40855.0,40587.90625,13320,40587.90625,0.13373050165414058,41948.953125,-0.0324453120664141,-0.006202943983362408,0.2051865600196215,0.3334362925086064,38593.83046875,36575.636171875
2026-07-20,40800.0,41120.0,40400.0,40960.0,40692.22265625,26595,40692.22265625,0.09699924021400386,41948.953125,-0.029958565712121077,0.0025701351926721294,0.1961822035754149,0.32041784917712546,38666.25390625,36589.59431640625
2026-07-21,41000.0,41325.0,40720.0,40870.0,40602.80859375,8634,40602.80859375,0.08102071265304533,41948.953125,-0.03209006258722935,-0.002197325598439992,0.17612118257086296,0.31987858300255495,38752.883828125,36602.13677734375
2026-07-22,40830.0,41635.0,40715.0,41560.0,41288.30078125,15755,41288.30078125,0.09484290475364276,41948.953125,-0.015748959021250952,0.016882876117232826,0.1805166806523927,0.31980420376752683,38857.098046875,36619.10015625
2026-07-23,41540.0,42985.0,41125.0,42240.0,41963.85546875,39162,41963.85546875,0.10786163025838036,41963.85546875,0.0,0.016361891255325833,0.18222259031669846,0.31937540002480164,38962.30578125,36638.57203125
2026-07-24,42200.0,42200.0,41500.0,41755.0,41482.0234375,20543,41482.0234375,0.10645041940703193,41963.85546875,-0.011482072509014674,-0.011482072509014674,0.1528829771291973,0.31344080825138043,39042.08078125,36654.0948828125
2026-07-27,41905.0,42165.0,41130.0,41250.0,40980.32421875,22295,40980.32421875,0.09107179591820613,41963.85546875,-0.02343758072306834,-0.012094376724556377,0.15838872031959583,0.3145493465194469,39123.4453125,36666.26478515625
2026-07-28,41705.0,41705.0,40925.0,41310.0,41039.93359375,25733,41039.93359375,0.10901036489952198,41963.85546875,-0.022017087435829974,0.001454585246368767,0.15821776907765453,0.31440760195144113,39206.49875,36678.8817578125
2026-07-29,41355.0,41630.0,39705.0,41065.0,40796.53515625,46738,40796.53515625,0.0959020957990524,41963.85546875,-0.02781727988195193,-0.005930770744158043,0.15958750545859626,0.31448858514380645,39290.645,36692.3680078125
2026-07-30,41065.0,41600.0,40905.0,41550.0,41278.36328125,27710,41278.36328125,0.11089267120144686,41963.85546875,-0.016335300458998003,0.01181051584784365,0.15243857647733716,0.3102729157019423,39416.616015625,36707.69216796875
2026-07-31,41590.0,41715.0,40920.0,41085.0,40816.40625,19054,40816.40625,0.10078335869240118,41963.85546875,-0.027343751090852297,-0.011191263280049601,0.15639361826028544,0.31117147088402475,39516.3596875,36719.9117578125
2026-08-03,41325.0,41600.0,41105.0,41300.0,41030.0,14910,41030.0,0.09482284363673199,41963.85546875,-0.022253805288349415,0.005233036654225254,0.15684467152999015,0.30178575452004375,39615.507265625,36733.64638671875
2026-08-04,41160.0,41555.0,41000.0,41200.0,41200.0,14478,41200.0,0.03898580673989249,41963.85546875,-0.018202699923957955,0.004143309773336545,0.15674106002543803,0.2979426072400918,39727.492734375,36750.83884765625
2026-08-05,41405.0,43650.0,41310.0,42920.0,42920.0,116771,42920.0,0.07844329508854009,42920.0,0.0,0.04174757281553387,0.19604142510758962,0.3044762645446204,39869.904375,36774.7933984375
2026-08-06,42920.0,42920.0,41870.0,42000.0,42000.0,30753,42000.0,0.046833838787004645,42920.0,-0.02143522833178002,-0.02143522833178002,0.2078098753895304,0.3034312283043986,39993.916015625,36793.50220703125
2026-08-07,42350.0,42950.0,42000.0,42950.0,42950.0,28216,42950.0,0.07037966294216358,42950.0,0.0,0.02261904761904754,0.21649010756645304,0.2996185828433741,40125.204765625,36815.7440234375
2026-08-10,42950.0,43505.0,42620.0,43505.0,43505.0,40508,43505.0,0.06509277511901779,43505.0,0.0,0.012922002328288773,0.21308081569715331,0.2816506055721797,40266.003984375,36838.47587890625
2026-08-11,44105.0,45750.0,44000.0,45185.0,45185.0,150509,45185.0,0.12039270154721149,45185.0,0.0,0.0386162510056316,0.23623371675610907,0.2774884834542002,40430.170546875,36869.68224609375
2026-08-12,45040.0,46735.0,45040.0,46480.0,46480.0,96508,46480.0,0.22299999095511525,46480.0,0.0,0.02865995352439965,0.24114773979452536,0.2734827393494683,40609.507734375,36908.754453125
2026-08-13,46500.0,47285.0,46500.0,46750.0,46750.0,48750,46750.0,0.22005808936334237,46750.0,0.0,0.005808950086058529,0.23792017300111584,0.2734029662945298,40809.345546875,36950.840703125
2026-08-14,46810.0,47315.0,46480.0,47100.0,47100.0,33575,47100.0,0.23705006812824259,47100.0,0.0,0.007486631016042855,0.2376732370239988,0.24610728336214951,41011.4146875,36992.59068359375
2026-08-17,47105.0,47730.0,46870.0,46970.0,46970.0,29499,46970.0,0.2213663540401427,47100.0,-0.0027600849256900206,-0.0027600849256900206,0.23849686454557,0.24395028144958342,41223.401484375,37036.00046875
2026-08-18,47010.0,48940.0,46775.0,48730.0,48730.0,93891,48730.0,0.27041363028947796,48730.0,0.0,0.0374707259953162,0.25593558942760747,0.24989601292706412,41446.546484375,37093.97234375
2026-08-19,48730.0,49130.0,48315.0,48460.0,48460.0,52957,48460.0,0.26174069069383665,48730.0,-0.005540734660373525,-0.005540734660373525,0.25503050939361077,0.2474807883104917,41664.887578125,37151.43865234375
2026-08-20,48545.0,48750.0,47900.0,48750.0,48750.0,47793,48750.0,0.2717584832812674,48750.0,0.0,0.00598431696244317,0.25349951985639013,0.2470141761397281,41893.49921875,37210.18111328125
2026-08-21,48635.0,48635.0,48060.0,48200.0,48200.0,30216,48200.0,0.2334355065330338,48750.0,-0.011282051282051286,-0.011282051282051286,0.25433949634969344,0.24795250656133558,42081.406328125,37267.26638671875
2026-08-24,48200.0,48595.0,47785.0,48100.0,48100.0,28127,48100.0,0.21466443730918527,48750.0,-0.013333333333333308,-0.0020746887966804906,0.25413362635466386,0.2480896351229861,42267.114765625,37319.75361328125
2026-08-25,48110.0,48680.0,47790.0,48680.0,48680.0,27786,48680.0,0.22700246659191659,48750.0,-0.0014358974358974486,0.012058212058212003,0.252798728230318,0.24843761654617794,42464.919921875,37379.2637109375
2026-08-26,48670.0,49190.0,48310.0,48895.0,48895.0,28910,48895.0,0.2467829682134648,48895.0,0.0,0.004416598192276133,0.25218059895624356,0.2482943041508774,42663.349296875,37440.891953125
2026-08-27,48945.0,48945.0,48460.0,48780.0,48780.0,28795,48780.0,0.2485950695828627,48895.0,-0.0023519787299315364,-0.0023519787299315364,0.24996328891626038,0.24803202514321918,42843.48390625,37499.610546875
2026-08-28,48780.0,48930.0,48020.0,48640.0,48640.0,26114,48640.0,0.25265647165033567,48895.0,-0.005215257183761146,-0.002870028700286964,0.24872640974279958,0.2466954158873348,43017.639453125,37560.60953125
