Date,Open,High,Low,Close,Adj Close,Volume,Price,rolling_1y_return,running_max,drawdown,daily_return,rolling_volatility_30d,rolling_volatility_90d,sma50,sma200
2023-08-28,177.625,178.9499969482422,176.14999389648438,177.64999389648438,151.29019165039062,10985570,151.29019165039062,,151.29019165039062,0.0,,,,,
2023-08-29,178.0,179.3000030517578,177.39999389648438,178.39999389648438,151.9289093017578,6253738,151.9289093017578,,151.9289093017578,0.0,0.004221804760768499,,,,
2023-08-30,176.60000610351562,177.39999389648438,175.10000610351562,175.97500610351562,149.86373901367188,9709432,149.86373901367188,,151.9289093017578,-0.01359300410683617,-0.01359300410683617,,,,
2023-08-31,175.5,176.0,169.5500030517578,170.27499389648438,145.00949096679688,13575650,145.00949096679688,,151.9289093017578,-0.045543789965724946,-0.032391077913998645,,,,
2023-09-01,170.52499389648438,172.4499969482422,170.27499389648438,172.10000610351562,146.563720703125,9980752,146.563720703125,,151.9289093017578,-0.03531380975016807,0.010718124213566105,,,,
2023-09-04,172.3249969482422,174.375,171.39999389648438,172.35000610351562,146.776611328125,6898572,146.776611328125,,151.9289093017578,-0.03391255816494698,0.0014525465372923207,,,,
2023-09-05,172.9499969482422,176.3000030517578,172.625,175.10000610351562,149.1185760498047,8363178,149.1185760498047,,151.9289093017578,-0.018497685956339605,0.01595598031926304,,,,
2023-09-06,174.97500610351562,176.9250030517578,174.02499389648438,176.5749969482422,150.3747100830078,6751054,150.3747100830078,,151.9289093017578,-0.010229779348070567,0.008423726047273927,,,,
2023-09-07,177.0,178.125,176.5749969482422,177.3000030517578,150.9921417236328,7249346,150.9921417236328,,151.9289093017578,-0.006165828362951098,0.0041059539884344964,,,,
2023-09-08,177.375,182.25,177.02499389648438,180.9750061035156,154.12184143066406,10344130,154.12184143066406,,154.12184143066406,0.0,0.02072756682105803,,,,
2023-09-11,182.6000061035156,184.375,180.3500061035156,181.875,154.8883056640625,10452850,154.8883056640625,,154.8883056640625,0.0,0.004973105864059191,,,,
2023-09-12,182.5,182.75,173.52499389648438,174.1999969482422,148.35211181640625,18168222,148.35211181640625,,154.8883056640625,-0.04219940181818893,-0.04219940181818893,,,,
2023-09-13,175.3000030517578,178.0749969482422,173.60000610351562,177.8000030517578,151.41795349121094,9713718,151.41795349121094,,154.8883056640625,-0.022405514463941567,0.02066597931951808,,,,
2023-09-14,179.0,181.125,178.0500030517578,179.375,152.75924682617188,10116738,152.75924682617188,,154.8883056640625,-0.01374576878972611,0.008858218619622216,,,,
2023-09-15,178.97500610351562,179.27499389648438,175.625,176.125,149.99148559570312,12383408,149.99148559570312,,154.8883056640625,-0.03161516970157896,-0.01811845297730652,,,,
2023-09-18,176.125,180.5500030517578,175.3249969482422,180.1750030517578,153.4405517578125,10007488,153.4405517578125,,154.8883056640625,-0.009347083371097353,0.022995079676763952,,,,
2023-09-20,177.0,178.39999389648438,175.60000610351562,176.27499389648438,150.1192169189453,18292152,150.1192169189453,,154.8883056640625,-0.030790502386028207,-0.021645743584847832,,,,
2023-09-21,176.5,179.25,175.89999389648438,177.625,151.26890563964844,9879542,151.26890563964844,,154.8883056640625,-0.023367806942534375,0.007658504649167508,,,,
2023-09-22,177.75,178.75,175.6750030517578,175.97500610351562,149.86373901367188,3982102,149.86373901367188,,154.8883056640625,-0.032439935531920816,-0.00928919674558859,,,,
2023-09-25,176.6999969482422,176.75,174.02499389648438,175.9499969482422,149.84243774414062,4959752,149.84243774414062,,154.8883056640625,-0.03257746218017177,-0.0001421375822560078,,,,
2023-09-26,175.9499969482422,177.4250030517578,175.4499969482422,175.8249969482422,149.7360076904297,3788360,149.7360076904297,,154.8883056640625,-0.03326460284747157,-0.0007102797799690697,,,,
2023-09-27,175.8249969482422,176.60000610351562,173.3000030517578,174.5,148.60760498046875,5969046,148.60760498046875,,154.8883056640625,-0.04054987015750544,-0.00753594761450993,,,,
2023-09-28,173.52499389648438,175.0,171.0,171.97500610351562,146.457275390625,9701978,146.457275390625,,154.8883056640625,-0.05443296856590052,-0.014469848902593951,,,,
2023-09-29,172.875,174.0749969482422,172.5,173.3000030517578,147.5856475830078,2669870,147.5856475830078,,154.8883056640625,-0.04714789828544863,0.00770444615587218,,,,
2023-10-03,174.25,174.60000610351562,170.4250030517578,170.6750030517578,145.35015869140625,10514554,145.35015869140625,,154.8883056640625,-0.06158080774247443,-0.015147061575511489,,,,
2023-10-04,170.6750030517578,172.47500610351562,169.77499389648438,170.6750030517578,145.35015869140625,6049760,145.35015869140625,,154.8883056640625,-0.06158080774247443,0.0,,,,
2023-10-05,172.75,173.875,171.39999389648438,172.22500610351562,146.670166015625,7115506,146.670166015625,,154.8883056640625,-0.05305849020171893,0.009081567822855074,,,,
2023-10-06,172.5,174.5,172.0,173.60000610351562,147.8411407470703,3717076,147.8411407470703,,154.8883056640625,-0.04549836662476503,0.007983728138144741,,,,
2023-10-09,170.5,170.8249969482422,168.0749969482422,170.0,144.7753448486328,8740080,144.7753448486328,,154.8883056640625,-0.06529195843463942,-0.020737095797187632,,,,
2023-10-10,170.02499389648438,171.3000030517578,169.60000610351562,170.1999969482422,144.94564819335938,3572978,144.94564819335938,,154.8883056640625,-0.06419243485216874,0.001176328365196655,,,,
2023-10-11,171.10000610351562,172.64999389648438,170.75,171.27499389648438,145.8611297607422,4799512,145.8611297607422,,154.8883056640625,-0.05828184293589844,0.006316033484230932,0.24767318713351158,,,
2023-10-12,172.4499969482422,175.1750030517578,172.02499389648438,174.35000610351562,148.4798583984375,7703802,148.4798583984375,,154.8883056640625,-0.041374635987847186,0.017953574348360313,0.2533686091574192,,,
2023-10-13,173.5500030517578,175.3000030517578,173.52499389648438,173.85000610351562,148.05406188964844,3981804,148.05406188964844,,154.8883056640625,-0.04412369123100146,-0.002867705514955854,0.2504948744960168,,,
2023-10-16,172.5,174.22500610351562,171.0,173.625,147.8624267578125,3262470,147.8624267578125,,154.8883056640625,-0.04536093849130507,-0.0012943591644163366,0.23134022646952526,,,
2023-10-17,174.4499969482422,178.85000610351562,173.35000610351562,177.35000610351562,151.03472900390625,10443728,151.03472900390625,,154.8883056640625,-0.02487971344017592,0.021454417566740824,0.23737295069327735,,,
2023-10-18,177.5,178.25,174.4250030517578,175.10000610351562,149.1185760498047,9162228,149.1185760498047,,154.8883056640625,-0.03725090535092934,-0.012686836774156829,0.24071005551920158,,,
2023-10-19,174.75,177.27499389648438,174.5749969482422,176.85000610351562,150.60891723632812,5743188,150.60891723632812,,154.8883056640625,-0.027628867198121076,0.009994336225593203,0.23801883420908165,,,
2023-10-20,175.3000030517578,176.39999389648438,172.27499389648438,173.1999969482422,147.50050354003906,4400690,147.50050354003906,,154.8883056640625,-0.04769761081928836,-0.020638975123972836,0.24436842774133571,,,
2023-10-23,172.77499389648438,173.64999389648438,170.8249969482422,171.39999389648438,145.96759033203125,7813800,145.96759033203125,,154.8883056640625,-0.05759450523901655,-0.010392596440131463,0.24558925956554065,,,
2023-10-25,171.27499389648438,173.25,169.25,169.97500610351562,144.75401306152344,5429774,144.75401306152344,,154.8883056640625,-0.06542968211247235,-0.008314018665015244,0.23754318419027523,,,
2023-10-26,168.8000030517578,169.47500610351562,165.72500610351562,167.5,142.64627075195312,7743878,142.64627075195312,,154.8883056640625,-0.07903782573915652,-0.014560855792471017,0.23931527896788132,,,
2023-10-27,167.5,169.125,167.0,167.47500610351562,142.62498474121094,2996088,142.62498474121094,,154.8883056640625,-0.07917525387261648,-0.0001492223430026307,0.20786435586840754,,,
2023-10-30,169.0,174.4499969482422,168.5500030517578,173.4499969482422,147.71339416503906,21873188,147.71339416503906,,154.8883056640625,-0.046323132455106775,0.035676844650051276,0.2254155169197524,,,
2023-10-31,174.1750030517578,176.97500610351562,172.3249969482422,174.625,148.71405029296875,10673186,148.71405029296875,,154.8883056640625,-0.03986263097541465,0.006774308677868879,0.2247252583436742,,,
2023-11-01,175.27499389648438,179.375,175.27499389648438,178.4499969482422,151.9714813232422,13929780,151.9714813232422,,154.8883056640625,-0.01883179190523665,0.021903989729660678,0.22783517257696304,,,
2023-11-02,180.4750061035156,181.0,178.625,180.2749938964844,153.52569580078125,10130432,153.52569580078125,,154.8883056640625,-0.008797370837257512,0.010227014068733498,0.2197604900209291,,,
2023-11-03,180.5749969482422,181.8500061035156,180.10000610351562,180.75,153.93023681640625,5627900,153.93023681640625,,154.8883056640625,-0.006185546697981215,0.0026350052576862293,0.20991917427961132,,,
2023-11-06,181.3999938964844,184.5749969482422,180.6750030517578,183.125,155.95281982421875,9072020,155.95281982421875,,155.95281982421875,0.0,0.01313960823840521,0.21203843815054835,,,
2023-11-07,183.3999938964844,186.8249969482422,183.1000061035156,186.3999938964844,158.74188232421875,10702176,158.74188232421875,,158.74188232421875,0.0,0.017884014557374872,0.21506990796771366,,,
2023-11-08,187.7250061035156,193.9499969482422,187.0249938964844,192.1000061035156,163.5961151123047,24020912,163.5961151123047,,163.5961151123047,0.0,0.03057940801137482,0.23029279711085396,,149.47923553466796,
2023-11-09,192.5500030517578,195.3249969482422,191.3999938964844,191.7749938964844,163.3193359375,12843896,163.3193359375,,163.5961151123047,-0.0016918444219453654,-0.0016918444219453654,0.23044894456620935,,149.71981842041015,
2023-11-10,190.8999938964844,193.0500030517578,190.25,192.0249938964844,163.5322265625,4932486,163.5322265625,,163.5961151123047,-0.0003905260816299272,0.0013035236996155053,0.22835169361991559,,149.951884765625,
2023-11-13,191.75,194.3500061035156,191.75,193.5500030517578,164.83094787597656,4838906,164.83094787597656,,164.83094787597656,0.0,0.007941684283129469,0.22236102492096982,,150.25122894287108,
2023-11-15,194.0,196.6999969482422,193.5749969482422,196.2749938964844,167.151611328125,11266250,167.151611328125,,167.151611328125,0.0,0.014079051792473818,0.2240347132666897,,150.69407135009766,
2023-11-16,197.0,200.6499938964844,196.5,199.3249969482422,169.74903869628906,15416172,169.74903869628906,,169.74903869628906,0.0,0.015539349860440144,0.21852834784475822,,151.15777770996092,
2023-11-17,200.0,203.5500030517578,194.625,195.125,166.1722412109375,16380696,166.1722412109375,,169.74903869628906,-0.021071091258142993,-0.021071091258142993,0.23112033342255286,,151.54569030761718,
2023-11-20,195.3249969482422,196.6999969482422,193.7250061035156,196.0,166.91741943359375,4506882,166.91741943359375,,169.74903869628906,-0.016681209416222864,0.004484372463330555,0.2307250526571417,,151.90166717529297,
2023-11-21,196.0,196.6000061035156,193.3000030517578,194.0,165.2141876220703,4477214,165.2141876220703,,169.74903869628906,-0.02671503243286344,-0.010204038723478193,0.23427912280608326,,152.19845672607423,
2023-11-22,196.0,201.3999938964844,195.5500030517578,201.0500030517578,171.2180938720703,25730664,171.2180938720703,,171.2180938720703,0.0,0.036340137226798186,0.24061879983901388,,152.60297576904296,
2023-11-23,201.7749938964844,206.75,200.3249969482422,205.6499938964844,175.1355438232422,16239092,175.1355438232422,,175.1355438232422,0.0,0.02287988297602994,0.24523702884245638,,153.02324981689452,
2023-11-24,206.5,206.5,203.5,205.3000030517578,174.8374786376953,10975546,174.8374786376953,,175.1355438232422,-0.0017019114397914814,-0.0017019114397914814,0.2463709636519049,,153.4222332763672,
2023-11-28,207.0249938964844,212.9499969482422,206.5500030517578,212.25,180.7562255859375,23186856,180.7562255859375,,180.7562255859375,0.0,0.033852850054576944,0.25705447468384596,,154.0703155517578,
2023-11-29,213.0,217.2250061035156,209.3500061035156,214.3249969482422,182.52333068847656,25208812,182.52333068847656,,182.52333068847656,0.0,0.009776178368467336,0.25557115195765295,,154.69242309570313,
2023-11-30,217.25,219.375,214.5249938964844,217.8500061035156,185.5253143310547,32721308,185.5253143310547,,185.5253143310547,0.0,0.016447122848649798,0.2556648457947654,,155.34774444580077,
2023-12-01,220.0,221.1999969482422,216.6999969482422,219.0,186.50466918945312,19278842,186.50466918945312,,186.50466918945312,0.0,0.005278820639273318,0.25238942617815796,,156.07800811767578,
2023-12-04,222.5,232.3999938964844,222.0,230.75,196.51119995117188,41482794,196.51119995117188,,196.51119995117188,0.0,0.05365297718929507,0.27886581481661993,,156.93942108154297,
2023-12-05,235.0249938964844,238.2250061035156,232.5,236.1000061035156,201.0673675537109,38376064,201.0673675537109,,201.0673675537109,0.0,0.02318528207894066,0.2817207051214287,,157.95838409423828,
2023-12-06,240.5,241.25,234.1499938964844,236.4250030517578,201.3441467285156,27408826,201.3441467285156,,201.3441467285156,0.0,0.0013765494529127675,0.2679189613986135,,158.95988891601561,
2023-12-07,238.5,239.5,235.75,237.3500061035156,202.1318817138672,23850564,202.1318817138672,,202.1318817138672,0.0,0.003912380857109099,0.26132325473637846,,160.00525177001953,
2023-12-08,238.4499969482422,238.7250061035156,232.8999938964844,235.2250061035156,200.3221893310547,18940478,200.3221893310547,,202.1318817138672,-0.008953027931408952,-0.008953027931408952,0.2617407150626593,,161.0148468017578,
2023-12-11,237.4250030517578,237.4250030517578,228.2749938964844,232.75,198.2144470214844,27693108,198.2144470214844,,202.1318817138672,-0.01938058785762553,-0.010521761551272824,0.2585530799655216,,161.9844155883789,
2023-12-12,222.75,225.7250061035156,222.75,223.7749938964844,199.5745086669922,19940320,199.5745086669922,,202.1318817138672,-0.012652002371873028,0.006861566681667597,0.25668175396713144,,163.00375366210938,
2023-12-13,224.75,227.1750030517578,222.9750061035156,223.75,199.55221557617188,26664018,199.55221557617188,,202.1318817138672,-0.012762292201618286,-0.00011170309760111241,0.24806482374199573,,164.0656524658203,
2023-12-14,224.9750061035156,224.9750061035156,221.0249938964844,222.8500061035156,198.7495574951172,12555568,198.7495574951172,,202.1318817138672,-0.016733254497367844,-0.004022296012786142,0.2513102710698364,,165.0889306640625,
2023-12-15,222.5,226.7250061035156,221.1000061035156,224.5,200.2210998535156,22079148,200.2210998535156,,202.1318817138672,-0.009453144373614664,0.007404003193489217,0.24875926612591245,,166.18634948730468,
2023-12-18,224.5,225.125,222.0500030517578,223.625,199.44073486328125,16831064,199.44073486328125,,202.1318817138672,-0.013313816839618853,-0.0038975162498121607,0.25167783583018577,,167.26816101074218,
2023-12-19,223.625,225.75,222.5249938964844,224.875,200.55555725097656,12644672,200.55555725097656,,202.1318817138672,-0.007798494970338354,0.005589742679495968,0.251186020908312,,168.3458688354492,
2023-12-20,226.6999969482422,227.6750030517578,219.1750030517578,219.7250061035156,195.9625244140625,17347978,195.9625244140625,,202.1318817138672,-0.030521445936657732,-0.022901548577715647,0.2672056792103434,,169.30829650878906,
2023-12-21,217.4499969482422,225.2250061035156,216.2250061035156,224.7749938964844,200.46636962890625,18554414,200.46636962890625,,202.1318817138672,-0.008239729778593774,0.022983196548985507,0.269282431553601,,170.42211700439452,
2023-12-22,224.8500061035156,226.6750030517578,222.5249938964844,223.3249969482422,199.17318725585935,11559264,199.17318725585935,,202.1318817138672,-0.014637445775110836,-0.006450869417353067,0.26356351770115105,,171.50666778564454,
2023-12-26,224.0,228.25,222.25,225.8000030517578,201.38052368164065,22976450,201.38052368164065,,202.1318817138672,-0.00371716735556904,0.01108249788133242,0.26262279567954155,,172.6170556640625,
2023-12-27,226.9750061035156,228.1999969482422,224.1499938964844,227.3500061035156,202.7628936767578,12398088,202.7628936767578,,202.7628936767578,0.0,0.00686446717807998,0.26204319282751026,,173.70271636962892,
2023-12-28,228.0,235.4250030517578,227.375,232.8999938964844,207.71267700195312,45183336,207.71267700195312,,207.71267700195312,0.0,0.024411682213838493,0.2666875620798254,,174.895888671875,
2023-12-29,227.25,229.0,224.3249969482422,225.3249969482422,200.95689392089844,17088440,200.95689392089844,,207.71267700195312,-0.03252465462659826,-0.03252465462659826,0.29041193449577135,,175.9577780151367,
2024-01-01,229.6999969482422,229.6999969482422,225.3500061035156,226.0249938964844,201.58116149902344,7006288,201.58116149902344,,207.71267700195312,-0.02951921659972656,0.003106475055146607,0.2892147905944767,,176.96870666503906,
2024-01-02,226.0249938964844,229.6999969482422,224.0500030517578,228.125,203.4540863037109,9458818,203.4540863037109,,207.71267700195312,-0.020502314830799562,0.009291169823409051,0.27776720416365486,,178.0554168701172,
2024-01-03,229.9750061035156,232.6499938964844,227.5249938964844,230.5249938964844,205.59451293945312,15058884,205.59451293945312,,207.71267700195312,-0.010197567587461598,0.010520440629278038,0.27785884896975926,,179.15512878417968,
2024-01-04,228.3999938964844,228.75,225.5,226.3249969482422,201.84873962402344,17904916,201.84873962402344,,207.71267700195312,-0.028231003820121003,-0.01821922804200915,0.28312199035629726,,180.24209350585937,
2024-01-05,227.9499969482422,229.8249969482422,225.625,226.5500030517578,202.0494079589844,8080468,202.0494079589844,,207.71267700195312,-0.02726491769645567,0.0009941520335214893,0.2693275109534135,,181.36372985839844,
2024-01-08,228.4750061035156,232.1499938964844,225.7250061035156,227.5,202.8966827392578,18232610,202.8966827392578,,207.71267700195312,-0.02318584658484768,0.004193403924476646,0.2643522898999838,,182.52658325195313,
2024-01-09,230.0,231.875,227.8249969482422,229.9750061035156,205.10401916503903,12301290,205.10401916503903,,207.71267700195312,-0.012558972685569714,0.010879115399919481,0.2640748832631126,0.25538551357445843,183.77573822021483,
2024-01-10,227.6000061035156,228.0749969482422,222.5500030517578,225.625,201.2244415283203,15261992,201.2244415283203,,207.71267700195312,-0.03123658876907065,-0.018915171201969394,0.2590265476652283,0.25812400388328294,184.94772735595703,
2024-01-11,226.9499969482422,230.6000061035156,226.6000061035156,229.3500061035156,204.5465850830078,15751252,204.5465850830078,,207.71267700195312,-0.015242651361695891,0.016509642315095885,0.2611235573594266,0.2574738372756234,186.0843911743164,
2024-01-12,229.5,230.5500030517578,227.5500030517578,229.125,204.34593200683597,11990812,204.34593200683597,,207.71267700195312,-0.016208664024321973,-0.0009809651727522573,0.2587410030788248,0.25030944493729224,187.19702880859376,
2024-01-15,230.0,231.75,227.8249969482422,229.9750061035156,205.10401916503903,10408382,205.10401916503903,,207.71267700195312,-0.012558972685569714,0.0037098226069784968,0.25867949272829316,0.2500467529290372,188.25967956542968,
2024-01-16,230.5,239.8999938964844,230.25,236.4250030517578,210.85646057128903,42369500,210.85646057128903,,210.85646057128903,0.0,0.028046458717228884,0.2236405273213977,0.2532599486525196,189.40629486083984,
2024-01-17,236.0,238.5749969482422,233.0749969482422,235.8249969482422,210.32135009765625,22429284,210.32135009765625,,210.85646057128903,-0.0025377950108000924,-0.0025377950108000924,0.21517976830781696,0.2527107786681075,190.53411712646485,
2024-01-18,233.5,240.4499969482422,230.5,236.6000061035156,211.01255798339844,19802302,211.01255798339844,,211.01255798339844,0.0,0.003286437089821126,0.215234495156136,0.2525996376067148,191.63531188964845,
2024-01-19,238.0,242.5,237.0249938964844,240.4750061035156,214.46847534179688,12973856,214.46847534179688,,214.46847534179688,0.0,0.01637778050475247,0.21936375951559092,0.25346170274218355,192.74984375,
2024-01-23,244.25,244.25,230.0500030517578,231.5249938964844,206.48635864257807,18419550,206.48635864257807,,214.46847534179688,-0.037218135143161524,-0.037218135143161524,0.24545014900192025,0.2610862644067723,193.60764862060546,
2024-01-24,232.5,239.25,231.6499938964844,238.5749969482422,212.77395629882807,15161312,212.77395629882807,,214.46847534179688,-0.007901016875642264,0.03045042635060291,0.2570064216894822,0.2649756702651145,194.59674102783202,
2024-01-25,238.6000061035156,244.1750030517578,235.5,237.1999969482422,211.5476531982422,21346674,211.5476531982422,,214.46847534179688,-0.013618887992278506,-0.00576340789971308,0.2577452243157345,0.2538987232883178,195.5570495605469,
2024-01-29,237.0,250.6999969482422,234.6999969482422,246.3249969482422,219.68582153320312,27869484,219.68582153320312,,219.68582153320312,0.0,0.0384696696556337,0.27833797767533813,0.2588911831235135,196.6541470336914,
2024-01-30,248.4250030517578,258.92498779296875,246.5749969482422,252.1000061035156,224.83627319335935,44271876,224.83627319335935,,224.83627319335935,0.0,0.023444624801959746,0.28334827115806005,0.2607662114736951,197.80784027099608,
2024-01-31,252.9750061035156,256.2749938964844,249.2749938964844,251.1750030517578,224.0113067626953,20707736,224.0113067626953,,224.83627319335935,-0.0036691874444768624,-0.0036691874444768624,0.2841016920385568,0.2583370876695632,198.89308563232422,
2024-02-01,252.2749938964844,257.6499938964844,249.5500030517578,254.2250061035156,226.7314453125,14008198,226.7314453125,,226.7314453125,0.0,0.012142862738112825,0.28407760627983025,0.2567822969090276,200.10426971435547,
2024-02-02,258.67498779296875,286.20001220703125,258.0,279.17498779296875,248.98318481445312,77556082,248.98318481445312,,248.98318481445312,0.0,0.098141391333187,0.3930695298302059,0.29731197274464966,201.74558502197266,
2024-02-05,283.0,294.3999938964844,278.5249938964844,287.375,256.29638671875,45025890,256.29638671875,,256.29638671875,0.0,0.02937227230725159,0.3870605362679086,0.2999036481598005,203.56722900390625,
2024-02-06,289.9750061035156,307.3500061035156,285.3500061035156,304.6499938964844,271.70318603515625,45260656,271.70318603515625,,271.70318603515625,0.0,0.060113213118814235,0.41261076722039386,0.31209112142371215,205.57693084716797,
2024-02-07,308.3999938964844,310.0,299.6499938964844,301.0249938964844,268.4701538085937,28791718,268.4701538085937,,271.70318603515625,-0.011899132556157155,-0.011899132556157155,0.41485228818317765,0.3134508240270466,207.443623046875,
2024-02-08,304.0,317.67498779296875,303.20001220703125,310.25,276.6975402832031,37522588,276.6975402832031,,276.6975402832031,0.0,0.030645441803840656,0.41901731034754575,0.3157379475548021,209.48082427978517,
2024-02-09,311.5,311.8500061035156,296.1499938964844,307.1499938964844,273.93280029296875,29524266,273.93280029296875,,276.6975402832031,-0.009991921096966117,-0.009991921096966117,0.42328050850512516,0.31608547604619375,211.34435577392577,
2024-02-12,307.3999938964844,309.29998779296875,291.875,295.2250061035156,263.2974548339844,17042236,263.2974548339844,,276.6975402832031,-0.04842863957338983,-0.038824651329121496,0.4442655438615532,0.3233162300237411,212.95983825683595,
2024-02-13,295.9750061035156,298.2749938964844,290.17498779296875,292.1499938964844,260.55499267578125,12659942,260.55499267578125,,276.6975402832031,-0.05834004737049625,-0.010415832389767399,0.4310331309991109,0.3245824166507538,214.46043182373046,
2024-02-14,291.0,314.67498779296875,291.0,311.82501220703125,278.10223388671875,47987362,278.10223388671875,,278.10223388671875,0.0,0.06734563414323902,0.4624143120650437,0.33804965249976004,216.29238311767577,
2024-02-15,315.0,328.4750061035156,311.54998779296875,326.375,291.07867431640625,51245018,291.07867431640625,,291.07867431640625,0.0,0.046660683908685385,0.47363338882589384,0.3440987325066343,218.18373260498046,
2024-02-16,333.0,343.9750061035156,325.95001220703125,327.29998779296875,291.9036560058594,55744810,291.9036560058594,,291.9036560058594,0.0,0.0028342223675112965,0.4744257378125335,0.3442005406195812,220.00045837402342,
2024-02-19,329.95001220703125,333.3500061035156,325.42498779296875,326.2749938964844,290.989501953125,24997270,290.989501953125,,291.9036560058594,-0.0031316978527875516,-0.0031316978527875516,0.46799871960341044,0.3446954242583006,221.79336547851562,
2024-02-20,326.2749938964844,332.0,318.625,328.79998779296875,293.24139404296875,20913510,293.24139404296875,,293.24139404296875,0.0,0.007738739970786002,0.46694287852596833,0.3413015534973639,223.61555572509766,
2024-02-21,331.79998779296875,333.92498779296875,315.0,316.6000061035156,282.3608703613281,17722264,282.3608703613281,,293.24139404296875,-0.037104323955185925,-0.037104323955185925,0.48847840856885627,0.34941396171308897,225.25632934570314,
2024-02-22,314.5,315.42498779296875,305.42498779296875,312.95001220703125,279.1055908203125,27653580,279.1055908203125,,293.24139404296875,-0.04820534723206549,-0.011528791283473283,0.4930314457303921,0.35088276355333764,226.87415222167968,
2024-02-23,311.0249938964844,314.75,307.625,308.9750061035156,275.5604248046875,12564690,275.5604248046875,,293.24139404296875,-0.06029492969771677,-0.012701881052276653,0.4901000444740946,0.3520378444762318,228.39387054443358,
2024-02-26,308.5,316.79998779296875,302.04998779296875,313.57501220703125,279.6629333496094,23264196,279.6629333496094,,293.24139404296875,-0.046304720169792035,0.014887872769936639,0.48996367897062393,0.35186341280700034,229.99608489990234,
2024-02-27,313.54998779296875,316.3500061035156,308.1499938964844,312.5249938964844,278.7265014648437,14881202,278.7265014648437,,293.24139404296875,-0.04949810249503239,-0.003348430460732632,0.49051153218780824,0.35202271560250925,231.5956237792969,
2024-02-28,312.42498779296875,312.7749938964844,303.04998779296875,304.6499938964844,271.70318603515625,12645922,271.70318603515625,,293.24139404296875,-0.07344873010887576,-0.02519787459311007,0.5012073446267411,0.3553539657641047,233.0252655029297,
2024-02-29,304.5,305.8999938964844,297.2250061035156,301.92498779296875,269.2728576660156,20515464,269.2728576660156,,293.24139404296875,-0.08173653810089654,-0.008944791574236999,0.5010278253209415,0.35482805043099663,234.42190795898438,
2024-03-01,305.5,313.625,304.5,311.6499938964844,277.94610595703125,15763236,277.94610595703125,,293.24139404296875,-0.05215937584751862,0.03220988690131277,0.5043928646492968,0.35732742505720144,235.96971893310547,
2024-03-04,312.6000061035156,321.625,310.42498779296875,320.2250061035156,285.5937805175781,14804172,285.5937805175781,,293.24139404296875,-0.0260795838539426,0.027514954865851537,0.5065521609986877,0.355833646732334,237.7623440551758,
2024-03-05,320.5249938964844,324.75,316.04998779296875,322.54998779296875,287.6673278808594,12317936,287.6673278808594,,293.24139404296875,-0.019008456088885572,0.0072604780101421795,0.5063408536029604,0.35452821407944735,239.50636322021484,
2024-03-06,321.5,326.5,312.625,319.17498779296875,284.6573791503906,18258188,284.6573791503906,,293.24139404296875,-0.029272862109366082,-0.01046329714480243,0.4901951818261106,0.35482307779304534,241.21604705810546,
2024-03-07,318.5,320.57501220703125,311.0,312.3500061035156,278.5704650878906,11968574,278.5704650878906,,293.24139404296875,-0.05003021146778608,-0.021383299743247264,0.495505667614655,0.3562205113723441,242.75984588623047,
2024-03-11,308.5,319.3500061035156,306.0249938964844,313.20001220703125,279.3284912109375,15353008,279.3284912109375,,293.24139404296875,-0.04744522129093609,0.002721128827521957,0.493844886302012,0.3560735826108253,244.29115783691407,
2024-03-12,313.5,317.67498779296875,308.32501220703125,312.7250061035156,278.9048767089844,14074364,278.9048767089844,,293.24139404296875,-0.04888981441645868,-0.0015165459853976326,0.4872006639452781,0.3532389066680012,245.71500183105468,
2024-03-13,314.0,314.0,297.1000061035156,298.875,266.552734375,14910184,266.552734375,,293.24139404296875,-0.09101259307223886,-0.04428801130957949,0.5081607017892491,0.3636457309160765,247.02691864013673,
2024-03-14,298.875,307.0,296.20001220703125,304.375,271.4578857421875,19372474,271.4578857421875,,293.24139404296875,-0.07428524329545816,0.018402179886426007,0.5084723604260452,0.3632798342724952,248.424453125,
2024-03-15,294.125,300.0,279.5,293.2250061035156,261.51373291015625,57039318,261.51373291015625,,293.24139404296875,-0.10819639306503714,-0.03663239623650327,0.5235367843543108,0.37039184564686817,249.5856460571289,
2024-03-18,293.2250061035156,296.3999938964844,290.1499938964844,291.1499938964844,259.6631164550781,10980494,259.6631164550781,,293.24139404296875,-0.11450729081914812,-0.0070765555387254375,0.4441648804899217,0.37101250096917077,250.6670181274414,
2024-03-19,290.0,290.42498779296875,278.20001220703125,278.8500061035156,248.6933441162109,21665634,248.6933441162109,,293.24139404296875,-0.15191596695325427,-0.042246170686952356,0.45389237170450153,0.37951177373430817,251.60391021728515,
2024-03-20,280.5,286.20001220703125,280.1499938964844,283.32501220703125,252.68438720703125,17528566,252.68438720703125,,293.24139404296875,-0.1383058724308024,0.016048049476367954,0.4193138995671312,0.37935422719705486,252.6166098022461,
2024-03-21,287.0,294.8500061035156,286.2749938964844,293.8999938964844,262.1157531738281,16625332,262.1157531738281,,293.24139404296875,-0.10614340779112441,0.03732468820509083,0.4333335141607249,0.3807842792378315,253.8009912109375,
2024-03-22,294.5,302.2250061035156,292.2749938964844,296.3999938964844,264.34539794921875,21445540,264.34539794921875,,293.24139404296875,-0.09853996291368017,0.008506336412035465,0.4241869511290719,0.3806188565693571,254.98581878662108,
2024-03-26,293.20001220703125,301.8999938964844,292.67498779296875,299.92498779296875,267.4891662597656,13567050,267.4891662597656,,293.24139404296875,-0.08781921074699861,0.01189265383447613,0.4249768987417899,0.3806893054456231,256.31111328125,
2024-03-27,302.5,305.875,296.6499938964844,297.6000061035156,265.4156494140625,10893576,265.4156494140625,,293.24139404296875,-0.09489023444223887,-0.007751778790508035,0.4098679214897105,0.3813401105290343,257.5284945678711,
2024-03-28,300.45001220703125,305.625,298.79998779296875,301.20001220703125,268.62628173828125,12168632,268.62628173828125,,293.24139404296875,-0.08394146530718183,0.012096620268272185,0.40980968428969744,0.38122953982068253,258.8141015625,
2024-04-01,301.5,304.4750061035156,299.07501220703125,300.3500061035156,267.8681945800781,6260114,267.8681945800781,,293.24139404296875,-0.08652666362366523,-0.0028220885659345774,0.3588967430602358,0.38110753070109765,260.06938507080076,
2024-04-02,302.5,310.1499938964844,300.0,307.8999938964844,274.6016540527344,18944588,274.6016540527344,,293.24139404296875,-0.0635644911287766,0.02513721154245996,0.3389242685536166,0.3798745216276984,261.3442889404297,
2024-04-03,306.5,309.67498779296875,304.3999938964844,305.4750061035156,272.43896484375,12456516,272.43896484375,,293.24139404296875,-0.07093960682839529,-0.007875732636952959,0.339095431154192,0.38056508907236475,262.5866412353516,
2024-04-04,307.0,308.04998779296875,297.7250061035156,299.25,266.8871765136719,15187270,266.8871765136719,,293.24139404296875,-0.08987209195109469,-0.020378099488310042,0.3432210511015289,0.3821493546193768,263.70413360595705,
2024-04-05,296.7749938964844,297.1499938964844,290.125,295.2250061035156,263.2974548339844,17546990,263.2974548339844,,293.24139404296875,-0.10211361634911842,-0.013450334057183877,0.3431416471399245,0.37989366854975404,264.68071319580076,
2024-04-08,297.9750061035156,301.79998779296875,295.29998779296875,295.9750061035156,263.9663391113281,11628512,263.9663391113281,,293.24139404296875,-0.0998326141068302,0.002540413000822639,0.3281716476402785,0.37871678944280834,265.83031280517577,
2024-04-09,298.6000061035156,298.6000061035156,291.75,292.875,261.2015991210937,9089852,261.2015991210937,,293.24139404296875,-0.1092608191501786,-0.010473835412281085,0.3279206066086256,0.3794299922665557,266.7988656616211,
2024-04-10,294.6499938964844,304.3500061035156,292.5,302.375,269.6741638183594,22286674,269.6741638183594,,293.24139404296875,-0.08036802001137688,0.03243687912238924,0.3409571785573934,0.3791297382825304,267.9613958740234,
2024-04-12,302.375,306.42498779296875,299.5,300.6000061035156,268.0911865234375,13419366,268.0911865234375,,293.24139404296875,-0.08576622547308577,-0.005869962745070789,0.33811468239662923,0.37944424990400194,268.92950317382815,
2024-04-15,295.1000061035156,299.8999938964844,287.20001220703125,294.7749938964844,262.8961486816406,16619074,262.8961486816406,,293.24139404296875,-0.10348213443863807,-0.019377876271000405,0.34217222128298386,0.38099832907875036,269.6907006835938,
2024-04-16,292.5,300.0,289.2749938964844,296.1499938964844,264.1224060058594,11546770,264.1224060058594,,293.24139404296875,-0.09930040106425952,0.00466441722470301,0.3352445127285635,0.38099461133417867,270.492922668457,
2024-04-18,302.25,308.79998779296875,292.7749938964844,294.79998779296875,262.9183959960937,25834400,262.9183959960937,,293.24139404296875,-0.10340626754226867,-0.004558530372235747,0.3345504611461181,0.37192434270152985,271.2166616821289,
2024-04-19,289.0,294.95001220703125,282.1000061035156,292.8999938964844,261.223876953125,20996084,261.223876953125,,293.24139404296875,-0.1091848481839921,-0.006445037961489319,0.32007344836787,0.37078851901619264,271.46147552490237,
2024-04-22,297.42498779296875,304.3999938964844,296.5,301.7250061035156,269.094482421875,17525618,269.094482421875,,293.24139404296875,-0.08234482617947003,0.03012973224558002,0.3222417256491424,0.37350460837983274,271.71743743896485,
2024-04-23,304.1499938964844,304.75,295.875,296.5,264.4345397949219,11440602,264.4345397949219,,293.24139404296875,-0.0982359749791184,-0.017317124398141592,0.3241165859713951,0.3751236422869404,271.57206451416016,
2024-04-24,299.0,299.42498779296875,296.0,296.67498779296875,264.590576171875,9778936,264.590576171875,,293.24139404296875,-0.09770386600636449,0.0005900756273145014,0.32336895028606866,0.37458329622052194,271.4944729614258,
2024-04-25,296.67498779296875,302.8999938964844,294.0249938964844,301.70001220703125,269.0722045898437,14346756,269.0722045898437,,293.24139404296875,-0.08242079714565653,0.016937974446442405,0.32272065429356456,0.374518518485186,271.3419662475586,
2024-04-26,301.1499938964844,307.3500061035156,299.54998779296875,304.7250061035156,271.7700500488281,9905056,271.7700500488281,,293.24139404296875,-0.07322071314050027,0.010026473983430817,0.3241352309053243,0.3746322461622903,271.2987112426758,
2024-04-29,307.4750061035156,312.25,303.6000061035156,309.3999938964844,275.939453125,15908852,275.939453125,,293.24139404296875,-0.059002382574383394,0.015341657682378163,0.32743712014426124,0.37507828714107844,271.5515512084961,
2024-04-30,312.0,312.2749938964844,301.70001220703125,303.67498779296875,270.8336181640625,12520696,270.8336181640625,,293.24139404296875,-0.07641409546574052,-0.018503461187279302,0.3049927020783581,0.3767212395132044,271.7571237182617,
2024-05-02,309.0,318.5249938964844,307.25,317.32501220703125,283.0074157714844,31766132,283.0074157714844,,293.24139404296875,-0.03489950081871729,0.044949359278017686,0.3272662487138985,0.3829484070847965,271.855227355957,
2024-05-03,320.0,320.8500061035156,312.54998779296875,314.92498779296875,280.866943359375,8997336,280.866943359375,,293.24139404296875,-0.04219885369178311,-0.007563308566577276,0.30804041691057554,0.38321518034243685,271.6509927368164,
2024-05-06,317.5,317.6000061035156,303.07501220703125,305.125,272.1268005371094,9472036,272.1268005371094,,293.24139404296875,-0.07200413698335317,-0.031118446043265524,0.3221369717479435,0.3877062733741313,271.2554556274414,
2024-05-07,311.25,314.2250061035156,301.0,302.1499938964844,269.4735107421875,19902238,269.4735107421875,,293.24139404296875,-0.08105227905613677,-0.009750196561621127,0.29629103665258844,0.385772256720417,270.8251358032227,
2024-05-08,304.0,312.1499938964844,301.7250061035156,310.1499938964844,276.6083679199219,13939168,276.6083679199219,,293.24139404296875,-0.05672127626227841,0.026477026102059043,0.30181935499978413,0.38630725822200396,270.4924752807617,
2024-05-09,312.5,312.5,295.0249938964844,296.07501220703125,264.0555419921875,19938848,264.0555419921875,,293.24139404296875,-0.09952841803263501,-0.04538122263665001,0.3154259383681941,0.39465519052834136,270.1263687133789,
2024-05-10,307.5,310.9750061035156,300.7749938964844,309.32501220703125,275.8725891113281,44164342,275.8725891113281,,293.24139404296875,-0.05923039954275888,0.04475212688204144,0.3400185288949209,0.40047992996012705,270.0617086791992,
2024-05-13,312.4750061035156,312.4750061035156,295.8999938964844,303.45001220703125,270.6329650878906,22898652,270.6329650878906,,293.24139404296875,-0.07709835451050029,-0.018992912780193105,0.3436926295252547,0.40225558292968105,269.9631594848633,
2024-05-14,306.20001220703125,308.8500061035156,301.07501220703125,302.9750061035156,270.2093200683594,12813314,270.2093200683594,,293.24139404296875,-0.07854305170583964,-0.0015653858700978018,0.34285061982382503,0.400782572748573,269.77408721923825,
2024-05-15,304.5,314.0,303.5249938964844,312.5249938964844,278.7265014648437,18835012,278.7265014648437,,293.24139404296875,-0.04949810249503239,0.03152067957659477,0.3528769373809096,0.3989251332459962,269.77408721923825,
2024-05-16,316.0,316.67498779296875,305.5249938964844,309.375,275.91717529296875,26886936,275.91717529296875,,293.24139404296875,-0.05907835354056967,-0.010079149837243895,0.3542678112935345,0.39961358105806727,269.85836700439455,
2024-05-17,309.8500061035156,314.75,309.17498779296875,314.1499938964844,280.1757507324219,10203386,280.1757507324219,,293.24139404296875,-0.044555930970074265,0.015434252814930272,0.3496633907814852,0.39998450383403894,270.07642486572263,
2024-05-21,315.0,324.5,312.5,322.0,287.17681884765625,21247760,287.17681884765625,,293.24139404296875,-0.0206811702526003,0.02498813011808676,0.3554188863539185,0.4013956315505502,270.26103912353517,
2024-05-22,324.95001220703125,325.3500061035156,315.5249938964844,320.25,285.6160583496094,14673810,285.6160583496094,,293.24139404296875,-0.026003612887756322,-0.005434841517883204,0.3498384635770738,0.3999564605520788,270.2614846801758,
2024-05-23,322.5,327.04998779296875,320.29998779296875,323.7250061035156,288.7152709960937,14982550,288.7152709960937,,293.24139404296875,-0.015434802653447544,0.010850974781994704,0.34729301495981796,0.4000746395322276,270.28244354248045,
2024-05-24,323.5,331.67498779296875,320.79998779296875,327.04998779296875,291.6806945800781,16208524,291.6806945800781,,293.24139404296875,-0.005322234495522604,0.010271100568229219,0.3478670189353047,0.40020000502351355,270.4229098510742,
2024-05-27,328.3999938964844,330.875,323.25,328.0249938964844,292.5502319335937,12493582,292.5502319335937,,293.24139404296875,-0.002356973208474722,0.002981127546913598,0.345325113392559,0.40005340852454424,270.70250518798827,
2024-05-28,328.9750061035156,329.5,321.29998779296875,323.25,288.2916259765625,8950082,288.2916259765625,,293.24139404296875,-0.01687949984878656,-0.014556836714447963,0.33850537865444363,0.3994043702928726,270.88176788330077,
2024-05-29,320.0,321.4750061035156,316.20001220703125,316.7749938964844,282.516845703125,10753416,282.516845703125,,293.24139404296875,-0.03657242312206532,-0.020031037162026255,0.34397267905551343,0.4009219199634597,270.9540072631836,
2024-05-30,317.0249938964844,318.3999938964844,311.75,312.875,279.0386657714844,9645688,279.0386657714844,,293.24139404296875,-0.04843357234007439,-0.012311407211786474,0.34075555081415637,0.401760365287143,271.20372589111327,
2024-05-31,315.0,317.20001220703125,308.79998779296875,313.8999938964844,279.9527893066406,18484104,279.9527893066406,,293.24139404296875,-0.04531626505083708,0.0032759744339692087,0.3406924099201053,0.4017612351274582,271.37362396240235,
2024-06-03,332.5,343.5,325.8500061035156,333.07501220703125,297.0540771484375,33828234,297.0540771484375,,297.0540771484375,0.0,0.06108632774887379,0.3802625400276598,0.4111081490379046,272.084430847168,
2024-06-04,335.0,335.0,283.3500061035156,290.1000061035156,258.7267150878906,45748526,258.7267150878906,,297.0540771484375,-0.12902486452456519,-0.12902486452456519,0.5420499266168609,0.46753797242205447,272.0657028198242,
2024-06-05,301.0249938964844,301.0249938964844,267.1000061035156,290.54998779296875,259.1280517578125,47388174,259.1280517578125,,297.0540771484375,-0.1276738086031165,0.0015511991863133012,0.5346458151654724,0.4675412113487714,272.27439697265623,
2024-06-06,295.5249938964844,303.7250061035156,290.125,292.07501220703125,260.48809814453125,37934232,260.48809814453125,,297.0540771484375,-0.12309536147397926,0.005248549423702897,0.532542382324895,0.46699107037633747,272.43047119140624,
2024-06-07,292.5,301.0,290.6000061035156,299.8999938964844,267.4668884277344,21620630,267.4668884277344,,297.0540771484375,-0.09960202871047763,0.026791205943432317,0.5381512584883827,0.46381225476811294,272.53749389648436,
2024-06-10,302.6499938964844,304.92498779296875,300.125,301.29998779296875,268.7154541015625,14828594,268.7154541015625,,297.0540771484375,-0.09539886918540497,0.004668113055666945,0.5361527314415354,0.46154059191696756,272.62489501953127,
2024-06-11,303.1499938964844,306.3500061035156,296.79998779296875,303.6000061035156,270.7667541503906,27027544,270.7667541503906,,297.0540771484375,-0.08849339234926956,0.0076337256287939415,0.5358292085968788,0.46136321528670754,272.69044677734377,
2024-06-12,310.75,311.92498779296875,306.2250061035156,306.67498779296875,273.5091552734375,23479388,273.5091552734375,,297.0540771484375,-0.07926139947654931,0.010128278605148422,0.5347822126725106,0.4576453015995392,272.85231689453127,
2024-06-13,309.5,310.75,306.75,309.67498779296875,276.1846923828125,12050324,276.1846923828125,,297.0540771484375,-0.07025449697900155,0.0097822579529383,0.5324290846801052,0.4564741779634362,273.00348510742185,
2024-06-14,311.1499938964844,314.6499938964844,309.125,313.32501220703125,279.4399719238281,14628644,279.4399719238281,,297.0540771484375,-0.05929595511260277,0.011786603786510863,0.5172186985198894,0.4565961299316699,273.2349206542969,
2024-06-18,317.5,317.5,313.20001220703125,315.45001220703125,281.335205078125,15884950,281.335205078125,,297.0540771484375,-0.05291586037534102,0.006782255026898998,0.5170394589470632,0.4563760127513394,273.36959167480467,
2024-06-19,317.1000061035156,317.1000061035156,307.5,307.8999938964844,274.6016540527344,19648006,274.6016540527344,,297.0540771484375,-0.07558362205035041,-0.023934263838472525,0.5136186213832364,0.4290744092120112,273.41284545898435,
2024-06-20,310.0,314.3999938964844,306.3999938964844,313.125,279.2616271972656,18076646,279.2616271972656,,297.0540771484375,-0.059896333091839726,0.0169699383661992,0.5146721812826447,0.42728785472563313,273.66033447265625,
2024-06-21,318.0,319.0,305.1000061035156,307.6000061035156,274.33416748046875,30004484,274.33416748046875,,297.0540771484375,-0.07648408628512327,-0.01764460003420454,0.5121111676675092,0.41667142713571986,273.8810687255859,
2024-06-24,309.70001220703125,309.70001220703125,303.29998779296875,305.25,272.23828125,7557297,272.23828125,,297.0540771484375,-0.08353965761606796,-0.007639902275818344,0.4942585467479863,0.41637471646449636,274.0465075683594,220.74092613220216
2024-06-25,305.25,306.45001220703125,294.79998779296875,296.29998779296875,264.25616455078125,15630568,264.25616455078125,,297.0540771484375,-0.1104105788161499,-0.029320331668890698,0.48447156060879865,0.41617332267777435,274.10759887695315,221.3057559967041
2024-06-26,298.0,300.8500061035156,296.25,298.3999938964844,266.12908935546875,7973173,266.12908935546875,,297.0540771484375,-0.10410558269333425,0.0070875349601451365,0.48192577887431964,0.4160126161780547,274.0366973876953,221.87675689697267
2024-06-27,298.79998779296875,307.0,296.04998779296875,304.8500061035156,271.88153076171875,12487595,271.88153076171875,,297.0540771484375,-0.08474061904270735,0.02161522973749963,0.48597510292472607,0.4123078531467725,274.1125042724609,222.4868458557129
2024-06-28,305.8500061035156,306.6000061035156,301.54998779296875,303.95001220703125,271.0788879394531,9077880,271.0788879394531,,297.0540771484375,-0.08744262815152204,-0.0029521785463576533,0.47715678695871644,0.41192723596739783,274.2761590576172,223.11719284057617
2024-07-01,305.70001220703125,306.8500061035156,303.29998779296875,304.54998779296875,271.61395263671875,4793023,271.61395263671875,,297.0540771484375,-0.08564139147972827,0.001973833895117405,0.4763248152519573,0.3962416542526159,274.42598999023437,223.74244400024415
2024-07-02,304.0,308.25,302.20001220703125,304.3999938964844,271.480224609375,5553786,271.480224609375,,297.0540771484375,-0.08609157223007335,-0.0004923459418987308,0.47405275428265486,0.38831401647728175,274.5972265625,224.36596206665038
2024-07-03,305.5,307.45001220703125,303.0,306.6000061035156,273.4422912597656,4355165,273.4422912597656,,297.0540771484375,-0.0794864898517218,0.007227291244560341,0.468485634721545,0.388489411592808,274.84159484863284,224.9875806427002
2024-07-04,306.6000061035156,308.5,301.95001220703125,303.0,270.2315979003906,6607472,270.2315979003906,,297.0540771484375,-0.09029493722331139,-0.01174175854284698,0.4693383073464451,0.38892639059415857,274.8643371582031,225.5868650817871
2024-07-05,303.0,307.20001220703125,302.0,306.6499938964844,273.48687744140625,7684768,273.48687744140625,,297.0540771484375,-0.07933639535691261,0.012046257973930663,0.4696220787292538,0.38925194825078396,275.04538391113283,226.19933876037598
2024-07-08,304.6000061035156,307.95001220703125,298.79998779296875,299.5,267.110107421875,11488688,267.110107421875,,297.0540771484375,-0.10080309287119982,-0.023316548417930738,0.4724752695581339,0.38624984420709985,275.0957745361328,226.76428009033202
2024-07-09,301.25,302.1499938964844,296.3999938964844,300.20001220703125,267.7344055175781,18094862,267.7344055175781,,297.0540771484375,-0.09870146174162209,0.002337231270387985,0.4724143058542016,0.3858067497631045,275.0690185546875,227.3285105895996
2024-07-10,300.79998779296875,301.79998779296875,293.3999938964844,300.3500061035156,267.8681945800781,12134270,267.8681945800781,,297.0540771484375,-0.09825107552311163,0.00049970814263256,0.4710885130133918,0.38522379028550807,274.9909814453125,227.92609100341798
2024-07-11,302.0,308.0,299.6000061035156,306.6000061035156,273.4422912597656,19246022,273.4422912597656,,297.0540771484375,-0.0794864898517218,0.020809102358813725,0.47237166681533216,0.38599905186745437,274.9410382080078,228.53621269226073
2024-07-12,309.70001220703125,310.95001220703125,303.75,304.54998779296875,271.61395263671875,10426157,271.61395263671875,,297.0540771484375,-0.08564139147972827,-0.006686378374843205,0.47144394168355347,0.3861226638519434,274.95664489746093,229.13048622131348
2024-07-15,306.0,309.0,304.1499938964844,307.75,274.4679260253906,8687357,274.4679260253906,,297.0540771484375,-0.0760338028006955,0.01050746237800615,0.47240526936788485,0.3841389593624934,274.7858551025391,229.7528684234619
2024-07-16,308.0,319.25,308.0,315.95001220703125,281.7811279296875,28132502,281.7811279296875,,297.0540771484375,-0.05141470995908304,0.026645014629579578,0.44321835841018875,0.3862951282538566,274.8041387939453,230.3945713043213
2024-07-18,318.5,319.0,312.70001220703125,318.1499938964844,283.7431640625,19588548,283.7431640625,,297.0540771484375,-0.04480973031481417,0.006962979200303643,0.2237193703743109,0.3827776560896887,275.0364660644531,231.06269104003906
2024-07-19,318.1499938964844,318.1499938964844,301.79998779296875,303.79998779296875,270.9450988769531,19823046,270.9450988769531,,297.0540771484375,-0.0878930143700325,-0.04510440005782079,0.26391987417555485,0.3875376382168622,275.06589782714843,231.6610720062256
2024-07-22,304.54998779296875,317.1499938964844,300.1000061035156,308.25,274.9138488769531,27102699,274.9138488769531,,297.0540771484375,-0.07453265238443751,0.014647801404971572,0.2664360300690465,0.38814140776869704,275.0320074462891,232.286322555542
2024-07-23,311.45001220703125,312.29998779296875,296.1000061035156,306.0,272.9071960449219,24287234,272.9071960449219,,297.0540771484375,-0.08128782925759837,-0.007299206061202823,0.25695163899637447,0.38794056796558485,275.20904052734375,232.9016463470459
2024-07-24,306.3999938964844,315.8500061035156,304.8500061035156,314.95001220703125,280.8892822265625,16934157,280.8892822265625,,297.0540771484375,-0.054417010791598996,0.02924835364299705,0.26972585927060244,0.38934817708779507,275.30937438964844,233.55741271972656
2024-07-25,312.95001220703125,327.1499938964844,310.79998779296875,326.1499938964844,290.8780212402344,30554549,290.8780212402344,,297.0540771484375,-0.020791015452438888,0.03556112548863677,0.2867455528351416,0.39375596880901775,275.71427551269534,234.26876480102538
2024-07-26,327.95001220703125,329.3999938964844,323.3999938964844,328.79998779296875,293.24139404296875,21839106,293.24139404296875,,297.0540771484375,-0.012834979886721332,0.008124961771458494,0.28634395472424334,0.39392841885194335,276.1749169921875,235.0026853942871
2024-07-29,333.3999938964844,338.95001220703125,331.04998779296875,337.8999938964844,301.3572692871094,20234464,301.3572692871094,,301.3572692871094,0.0,0.027676431121287814,0.2948772781626052,0.3889438433705305,276.6275323486328,235.77154350280762
2024-07-30,338.54998779296875,359.04998779296875,337.29998779296875,348.20001220703125,310.5433959960937,45785745,310.5433959960937,,310.5433959960937,0.0,0.03048251243686617,0.30449619701133496,0.39093556037217175,277.3200567626953,236.59750968933105
2024-07-31,352.0,354.1000061035156,346.1499938964844,350.04998779296875,312.1932983398437,17224023,312.1932983398437,,312.1932983398437,0.0,0.005312952601866705,0.30439681955216824,0.38552187081504713,277.96040771484377,237.43172538757324
2024-08-01,351.0,351.8999938964844,344.6000061035156,349.1000061035156,311.3460388183594,16959971,311.3460388183594,,312.1932983398437,-0.0027138940073019313,-0.0027138940073019313,0.2937103208877444,0.38529144780917707,278.4437921142578,238.2551047515869
2024-08-02,346.8999938964844,350.95001220703125,340.04998779296875,347.1000061035156,309.5623474121094,15120989,309.5623474121094,,312.1932983398437,-0.008427313916490098,-0.005728967720352474,0.29260823292300203,0.3781106443781864,278.9227178955078,239.0637107849121
2024-08-05,342.0,346.95001220703125,334.3999938964844,341.70001220703125,304.7463684082031,23868328,304.7463684082031,,312.1932983398437,-0.02385358677217364,-0.015557379778797564,0.2913509650785479,0.3786553343606723,279.24333984375,239.86356590270995
2024-08-06,343.0,349.6499938964844,333.3999938964844,334.70001220703125,298.5033874511719,13702018,298.5033874511719,,312.1932983398437,-0.043850751958709355,-0.020485825605209063,0.29798883190358927,0.3758925427082977,279.3797937011719,240.63135459899902
2024-08-07,341.20001220703125,347.75,337.3999938964844,343.6499938964844,306.4854431152344,14250381,306.4854431152344,,312.1932983398437,-0.01828308056246586,0.02674025153355486,0.288908319652199,0.37805527474005685,279.6584979248047,241.43447616577149
2024-08-08,343.95001220703125,343.95001220703125,332.79998779296875,338.29998779296875,301.71405029296875,15378854,301.71405029296875,,312.1932983398437,-0.03356653747085747,-0.01556808954372313,0.2949620019704758,0.3787987025541857,279.9269464111328,242.20064712524413
2024-08-09,333.1499938964844,336.70001220703125,329.79998779296875,333.3999938964844,306.868408203125,11351617,306.868408203125,,312.1932983398437,-0.01705638834989398,0.017083585948852287,0.2929437507618126,0.3793366705734408,280.41397766113283,242.99471885681152
2024-08-12,331.79998779296875,336.79998779296875,330.20001220703125,333.3999938964844,306.868408203125,12253716,306.868408203125,,312.1932983398437,-0.01705638834989398,0.0,0.2924412492682987,0.3789562058667167,280.97057250976565,243.78974876403808
2024-08-13,331.95001220703125,332.75,321.0,321.70001220703125,296.0994873046875,9757429,296.0994873046875,,312.1932983398437,-0.05155078959330184,-0.03509296040441301,0.3139517010805641,0.38387869748282494,281.29350646972654,244.515072555542
2024-08-14,321.70001220703125,327.45001220703125,320.6499938964844,325.04998779296875,299.1828918457031,8457477,299.1828918457031,,312.1932983398437,-0.041674201731191074,0.010413407227020333,0.3144668208583326,0.3820884419168329,281.33608276367187,245.26539413452147
2024-08-16,326.04998779296875,333.79998779296875,326.04998779296875,332.5,306.0400085449219,8214443,306.0400085449219,,312.1932983398437,-0.019709871504748122,0.022919481314309653,0.31936224269411023,0.38347876367239686,282.2823486328125,246.04254959106444
2024-08-19,337.79998779296875,345.54998779296875,336.3500061035156,343.79998779296875,316.4407958984375,17875728,316.4407958984375,,316.4407958984375,0.0,0.033985057715056666,0.3272307913655216,0.38544536017253206,283.428603515625,246.88725105285644
2024-08-20,348.95001220703125,354.1000061035156,347.3999938964844,349.3999938964844,321.5951538085937,22888866,321.5951538085937,,321.5951538085937,0.0,0.01628853794126628,0.32819987594600114,0.3852400261180097,284.65074462890624,247.76538887023926
2024-08-21,349.3500061035156,355.6000061035156,348.1499938964844,351.20001220703125,323.2518920898437,14795459,323.2518920898437,,323.2518920898437,0.0,0.005151627011879878,0.316551322617099,0.3852651195008251,285.7664447021484,248.65787826538087
2024-08-22,354.6000061035156,355.1000061035156,348.54998779296875,350.1000061035156,322.23944091796875,10244576,322.23944091796875,,323.2518920898437,-0.003132081193181535,-0.003132081193181535,0.3175823369194952,0.3847577620333611,286.83692443847656,249.55584411621095
2024-08-23,349.79998779296875,358.0,349.54998779296875,352.20001220703125,324.1723327636719,15872017,324.1723327636719,,324.1723327636719,0.0,0.005998309332330143,0.3170956514240368,0.381488849041315,287.9050360107422,250.46358085632323
2024-08-26,355.45001220703125,355.8999938964844,349.0,351.1499938964844,323.20587158203125,6672007,323.20587158203125,,324.1723327636719,-0.002981319144052863,-0.002981319144052863,0.3153059484272369,0.38134340526028926,288.8989703369141,251.3410432434082
2024-08-27,348.0,350.75,343.5,349.04998779296875,321.2729797363281,9683173,321.2729797363281,,324.1723327636719,-0.008943863292175003,-0.005980373550276141,0.3150699404418866,0.3798357055253793,289.80073608398436,252.203837890625
2024-08-28,348.5,355.75,346.6499938964844,348.1499938964844,320.4446105957031,7295981,320.4446105957031,,324.1723327636719,-0.011499199009948669,-0.002578396543975958,0.31565438914256366,0.37991336476880044,290.6208288574219,253.0462035369873
2024-08-29,349.79998779296875,357.54998779296875,347.1499938964844,356.45001220703125,328.0841064453125,13054801,328.0841064453125,,328.0841064453125,0.0,0.023840300622961497,0.31411241826273073,0.38140088240967357,291.5558068847656,253.91899559020996
2024-08-30,359.95001220703125,365.5,354.75,357.6499938964844,329.1885986328125,20312502,329.1885986328125,,329.1885986328125,0.0,0.0033664909875301685,0.31411730829845164,0.38108385502245706,292.64754577636717,254.795287399292
2024-09-02,361.0,367.2000122070313,357.5,358.45001220703125,329.9249572753906,14344785,329.9249572753906,,329.9249572753906,0.0,0.0022368898729676623,0.275944272709491,0.37828146759488424,293.6608123779297,255.66514808654784
2024-09-03,359.5,359.70001220703125,353.5,355.3999938964844,327.11767578125,9289259,327.11767578125,,329.9249572753906,-0.008508848549451664,-0.008508848549451664,0.2783233449209146,0.3772569805781252,294.7164825439453,256.507027053833
2024-09-04,355.3999938964844,363.9500122070313,354.6499938964844,357.25,328.8204345703125,19416507,328.8204345703125,,329.9249572753906,-0.0033477997972617413,0.00520534020363117,0.2754919638104476,0.37726454115382446,295.8481256103516,257.33314865112305
2024-09-05,359.5,364.3500061035156,355.75,360.7000122070313,331.9959411621094,15927510,331.9959411621094,,331.9959411621094,0.0,0.009657266574525591,0.26708158756770617,0.3766830698313031,297.20292114257813,258.1765316772461
2024-09-06,362.3500061035156,365.25,351.04998779296875,352.1499938964844,324.12628173828125,19044553,324.12628173828125,,331.9959411621094,-0.02370408323752815,-0.02370408323752815,0.26477239569829725,0.37902757047978336,298.36286499023436,258.979501953125
2024-09-09,352.1000061035156,353.54998779296875,347.1000061035156,347.79998779296875,320.1224670410156,9200270,320.1224670410156,1.1159499075840391,331.9959411621094,-0.0357639134970511,-0.012352638224192303,0.26845715108903645,0.37915189509979597,299.3276837158203,259.7559595489502
2024-09-10,349.0,351.5,344.6499938964844,345.95001220703125,318.41973876953125,8137710,318.41973876953125,1.0958469341545332,331.9959411621094,-0.04089267581120526,-0.005318990220284037,0.2590398287914853,0.3777782366223068,300.27450073242187,260.51230018615723
2024-09-11,349.95001220703125,352.79998779296875,338.54998779296875,340.25,313.1732788085937,12194591,313.1732788085937,1.0897201742712643,331.9959411621094,-0.05669545925058406,-0.01647655381293711,0.2497040014995029,0.3719837760577749,301.1056872558593,261.22942138671874
2024-09-12,343.45001220703125,346.20001220703125,340.3999938964844,344.29998779296875,316.9009704589844,15970391,316.9009704589844,1.185380890217357,331.9959411621094,-0.04546733508333556,0.011902968428762373,0.2515541559357401,0.37208096707296684,302.01410217285155,261.98306503295896
2024-09-13,346.0,349.75,341.6499938964844,342.29998779296875,315.06011962890625,11006109,315.06011962890625,1.149646025069754,331.9959411621094,-0.05101213428670681,-0.00580891509234549,0.25207003500236197,0.3681647740338254,302.8464587402343,262.72377853393556
2024-09-16,344.8999938964844,344.8999938964844,340.0,340.6499938964844,313.5414733886719,4850244,313.5414733886719,1.1361814430211727,331.9959411621094,-0.055586425872677814,-0.004820179215392684,0.2518880473044654,0.36781518812151814,303.71265624999995,263.46541496276853
2024-09-17,339.95001220703125,340.8500061035156,335.04998779296875,338.3999938964844,311.4704895019531,7237522,311.4704895019531,1.0887437216267668,331.9959411621094,-0.06182440540781775,-0.006605135404691764,0.24822396931513832,0.3657307360470291,304.4723284912109,264.16667694091797
2024-09-18,339.0,339.8999938964844,334.45001220703125,336.1000061035156,309.3535461425781,4111826,309.3535461425781,1.057217905669198,331.9959411621094,-0.06820081878192374,-0.006796609729416203,0.24106898683102496,0.3573012215376267,305.31719726562494,264.83776695251464
2024-09-19,337.95001220703125,337.95001220703125,322.95001220703125,324.45001220703125,298.6306457519531,12549677,298.6306457519531,0.9777893229605896,331.9959411621094,-0.10049910638475068,-0.034662283734361754,0.2502771946401419,0.3551126357201034,305.93512207031245,265.45673278808596
2024-09-20,326.45001220703125,333.1000061035156,324.45001220703125,331.20001220703125,304.8434753417969,14642546,304.8434753417969,0.9779381852178237,331.9959411621094,-0.08178553546549017,0.020804393916772357,0.2537344455326344,0.3549691562979118,306.67462768554685,266.07716903686526
2024-09-23,333.0,339.5,331.29998779296875,338.1000061035156,311.1943664550781,6110287,311.1943664550781,1.0091534032919705,331.9959411621094,-0.06265611150009243,0.020833285364433296,0.256089980989397,0.35638327038524903,307.4296691894531,266.7205242156982
2024-09-24,338.54998779296875,343.20001220703125,336.70001220703125,339.1499938964844,312.1607971191406,7068491,312.1607971191406,1.1041884291169137,331.9959411621094,-0.05974514017713095,0.003105553211234069,0.2561856690594809,0.35283402206847714,308.24060607910155,267.3537016296387
2024-09-25,341.0,341.79998779296875,335.1499938964844,339.79998779296875,312.75909423828125,6087353,312.75909423828125,1.065535077096623,331.9959411621094,-0.05794301838899596,0.0019166311870746355,0.23263050933211946,0.35228874464823756,309.00642944335937,267.9849737548828
2024-09-26,340.0,346.95001220703125,335.1499938964844,345.1000061035156,317.6373291015625,9517367,317.6373291015625,1.0793329091430324,331.9959411621094,-0.04324936024906323,0.01559741971744133,0.23474881642053105,0.35230693311905437,309.72355346679683,268.5906044006348
2024-09-27,347.0,370.5,346.3500061035156,367.2999877929688,338.0706787109375,40756678,338.0706787109375,1.2539324640212937,338.0706787109375,0.0,0.06432918217506356,0.29067545957159097,0.36558694234930306,310.8101037597656,269.2756209564209
2024-09-30,367.1499938964844,376.0,360.1499938964844,369.9500122070313,340.5097961425781,23860696,340.5097961425781,1.219164309836633,340.5097961425781,0.0,0.007214815082280834,0.2762626653328898,0.36546303020057036,312.2013977050781,269.9714492034912
2024-10-01,370.0,373.3500061035156,364.1499938964844,368.25,338.945068359375,9440793,338.945068359375,1.2578393047599192,340.5097961425781,-0.004595250418428343,-0.004595250418428343,0.2738850495252224,0.36534467478091737,313.4820220947265,270.65551513671875
2024-10-03,353.75,361.6000061035156,347.0,348.8500061035156,321.08892822265625,20754875,321.08892822265625,1.1226366837580732,340.5097961425781,-0.057034681938460174,-0.05268151627975992,0.31596622927936263,0.37635565112348557,314.44565673828123,271.25934883117674
2024-10-04,342.5,347.95001220703125,334.3500061035156,340.25,313.1732788085937,18185208,313.1732788085937,1.0897201742712643,340.5097961425781,-0.0802811479835902,-0.024652514360674282,0.3238579569886899,0.3788496276290438,315.0913366699218,271.8341429901123
2024-10-07,342.0,343.29998779296875,332.79998779296875,335.0,308.3410949707031,7847806,308.3410949707031,1.0577688111107921,340.5097961425781,-0.09447217535675634,-0.015429745016157348,0.32592583044307233,0.37895422599012163,315.44059814453124,272.3779759216309
2024-10-08,331.5,339.45001220703125,328.25,338.0,311.10235595703125,9565667,311.10235595703125,1.0776723031124011,340.5097961425781,-0.08636297844786056,0.008955215608190237,0.32727645501697145,0.3774925461784075,315.79781738281247,272.9357266235352
2024-10-09,345.0,350.0,337.75,338.8500061035156,311.8847045898437,13523561,311.8847045898437,1.0987129469641488,340.5097961425781,-0.08406539805024738,0.002514762803405235,0.32709426288626764,0.3767868635282636,316.00836608886715,273.5014023590088
2024-10-10,342.0,343.29998779296875,334.54998779296875,335.45001220703125,308.7552795410156,5706365,308.7552795410156,1.1081593844861297,340.5097961425781,-0.0932558092639022,-0.01003391638888973,0.3281617137326136,0.3772695359775231,315.9726037597656,274.0440732574463
2024-10-11,335.45001220703125,339.3999938964844,334.0,337.6499938964844,310.7801818847656,4046559,310.7801818847656,1.10576154913689,340.5097961425781,-0.0873091305877266,0.006558276013158837,0.32051282459262825,0.3636202708362557,315.94434143066405,274.6007704925537
2024-10-14,340.0,344.6000061035156,337.25,340.75,313.63348388671875,7967181,313.63348388671875,1.1577787510545194,340.5097961425781,-0.07892963010264098,0.009181093802857365,0.3217377687447998,0.2900314987165644,315.99009033203123,275.1661601257324
2024-10-15,344.20001220703125,351.5,343.8999938964844,348.75,320.99688720703125,17183945,320.99688720703125,1.208438505310074,340.5097961425781,-0.05730498551465002,0.023477733400978584,0.32962547296329164,0.292182740638393,316.2187811279297,275.7913319396973
2024-10-16,352.0,355.8999938964844,348.04998779296875,350.75,322.83770751953125,17073700,322.83770751953125,1.2011136708275005,340.5097961425781,-0.051898913990854,0.005734698328438093,0.32928058166053853,0.29219658930432946,316.58060791015623,276.4031886291504
2024-10-17,349.1499938964844,350.6000061035156,341.8500061035156,342.70001220703125,315.4283142089844,11023063,315.4283142089844,1.1335625023931981,340.5097961425781,-0.07365862074373819,-0.022950829899876624,0.33529756477542627,0.2923691762807384,316.9191064453125,276.98446426391604
2024-10-18,342.70001220703125,343.8999938964844,334.29998779296875,342.5,315.2442321777344,7328694,315.2442321777344,1.1774718099088775,340.5097961425781,-0.07419922789611777,-0.0005835938720708533,0.33373394634769404,0.2923656449140872,317.0942822265625,277.5537828063965
2024-10-21,342.54998779296875,345.5,330.20001220703125,331.6499938964844,305.2576599121094,8609636,305.2576599121094,1.1060146594045492,340.5097961425781,-0.10352752440551805,-0.031678842136577345,0.3390993231567826,0.29755379628889767,317.1651544189453,278.06625663757325
2024-10-22,332.0,332.54998779296875,322.0,322.8999938964844,297.2039794921875,6372285,297.2039794921875,1.0375817737028012,340.5097961425781,-0.12717935619173093,-0.026383221381703237,0.34528342259186484,0.30081278217883395,316.97186584472655,278.5137131500244
2024-10-23,322.0,325.8500061035156,316.54998779296875,323.04998779296875,297.342041015625,6639274,297.342041015625,1.0025749231099348,340.5097961425781,-0.12677390082744622,0.00046453457209216786,0.3452428764442903,0.3004552598082056,316.7813385009765,278.99563888549807
2024-10-24,323.0,325.3999938964844,320.0,321.45001220703125,295.8693542480469,5706821,295.8693542480469,0.9983872814551487,340.5097961425781,-0.13109884766968471,-0.0049528373537354176,0.3426650272392992,0.30005868874409697,316.7767358398437,279.4670798492432
2024-10-25,323.45001220703125,323.6000061035156,303.1000061035156,306.29998779296875,281.9249572753906,11583887,281.9249572753906,0.9066707036883848,340.5097961425781,-0.17205037720164995,-0.04713025114782832,0.36437517357959,0.31040415084101025,316.43157714843744,279.85943420410155
2024-10-28,307.29998779296875,315.5,305.29998779296875,310.3999938964844,285.6986999511719,13299872,285.6986999511719,0.8916093128738807,340.5097961425781,-0.16096775133146468,0.013385628261690208,0.36761284432382263,0.30845958259897277,316.0247509765625,280.2599551391602
2024-10-29,312.0,312.95001220703125,302.25,311.45001220703125,286.6651611328125,8437903,286.6651611328125,0.9223973882172003,340.5097961425781,-0.15812947415827006,0.003382798667987741,0.36802769929554763,0.30725684885007054,315.42923828125,280.6840372467041
2024-10-30,309.0,314.8999938964844,307.3500061035156,311.29998779296875,286.527099609375,6248318,286.527099609375,0.9024577353528858,340.5097961425781,-0.15853492952255477,-0.00048161249484213187,0.3678942594684217,0.30572919882510247,314.72787719726557,281.10642570495605
2024-10-31,310.5,316.20001220703125,307.79998779296875,310.75,286.0208740234375,11375689,286.0208740234375,0.9391179498298936,340.5097961425781,-0.16002159919159875,-0.0017667633764053559,0.3676747672638136,0.3054351731975262,313.9832568359375,281.522046661377
2024-11-01,311.95001220703125,313.8500061035156,311.79998779296875,313.0,288.091796875,710149,288.091796875,0.9736696085732457,340.5097961425781,-0.15393976872732817,0.0072404605385298915,0.35553245454049753,0.3013490752241703,313.3003039550781,281.93698554992676
2024-11-04,313.0,313.5,298.1000061035156,303.45001220703125,279.30181884765625,14063318,279.30181884765625,0.9294927507740129,340.5097961425781,-0.17975393949985774,-0.030511031979010617,0.3593298913731986,0.3057823332421495,312.4028936767578,282.32737243652343
2024-11-05,301.0,309.04998779296875,300.20001220703125,307.95001220703125,283.4437255859375,9542018,283.4437255859375,0.9870391570124981,340.5097961425781,-0.1675900993249132,0.014829501488282215,0.3563270105920387,0.3046782740125148,311.60765075683594,282.7218581390381
2024-11-06,311.79998779296875,319.0,307.25,317.0,291.77349853515625,10787602,291.77349853515625,1.0457390341851474,340.5097961425781,-0.14312744643333264,0.029387748598066032,0.3681009664568277,0.3083803590202916,311.0176611328125,283.1589959716797
2024-11-07,316.3500061035156,317.70001220703125,311.1000061035156,315.0,289.9326477050781,7387875,289.9326477050781,0.9628053999025881,340.5097961425781,-0.1485336075803304,-0.0063091776303196845,0.3681146488605892,0.30861803140286853,310.407421875,283.5831391143799
2024-11-08,315.0,315.1000061035156,306.79998779296875,310.45001220703125,285.7447509765625,9304376,285.7447509765625,0.9214374863278982,340.5097961425781,-0.16083250992016818,-0.014444377898330307,0.3657382891312197,0.3096790945061376,309.560634765625,283.95758056640625
2024-11-11,308.0,314.0,304.04998779296875,312.54998779296875,287.6776123046875,5277147,287.6776123046875,0.892971035090455,340.5097961425781,-0.1551561348201822,0.006764293382535369,0.30655606393166757,0.30965267449017464,308.7304150390625,284.34436187744143
2024-11-12,314.1000061035156,318.54998779296875,309.04998779296875,309.79998779296875,285.1464538574219,7192998,285.1464538574219,0.8573207069351765,340.5097961425781,-0.16258957278860353,-0.008798593769558938,0.30443431641132546,0.30935544745716564,307.8348449707031,284.71503135681155
2024-11-13,307.95001220703125,309.0,302.0,305.8500061035156,281.51080322265625,7306795,281.51080322265625,0.8288206985507096,340.5097961425781,-0.17326665367130245,-0.01275011695072148,0.30508998691388284,0.3095821706404313,306.92270751953123,285.05024299621584
2024-11-14,305.79998779296875,306.0,296.3999938964844,298.20001220703125,274.4696044921875,11061057,274.4696044921875,0.7599528165092122,340.5097961425781,-0.19394505649622573,-0.02501217946118972,0.2775923861159947,0.30996444216826086,305.83569091796875,285.3901592254639
2024-11-18,298.1499938964844,299.6499938964844,288.29998779296875,289.20001220703125,266.185791015625,7940666,266.185791015625,0.6768466337822547,340.5097961425781,-0.2182727368461147,-0.030181168847052797,0.28141819560687,0.3141636342667208,304.51948791503906,285.65721839904785
2024-11-19,292.6499938964844,297.8999938964844,286.5,287.5,264.62109375,9912544,264.62109375,0.6175267583117372,340.5097961425781,-0.2228678976413414,-0.005878214835040363,0.2797728343096156,0.31432358505273394,303.32938415527343,285.92258560180665
2024-11-21,287.45001220703125,287.45001220703125,279.3500061035156,282.3999938964844,259.9269104003906,8273120,259.9269104003906,0.5915256384575369,340.5097961425781,-0.23665364889662632,-0.017739263650856874,0.27895477337483393,0.31373603293280306,302.12547302246094,286.12379104614257
2024-11-22,282.6000061035156,287.0,281.04998779296875,285.8500061035156,263.1023864746094,6539977,263.1023864746094,0.6088717924601539,340.5097961425781,-0.22732799627167477,0.012216803828919653,0.2828642443946254,0.31425250728229903,301.0191259765625,286.3151216125488
2024-11-25,292.04998779296875,304.3999938964844,292.0,296.54998779296875,272.9508972167969,16903527,272.9508972167969,0.6559444736201652,340.5097961425781,-0.1984051551265592,0.037432236454221224,0.3085392810166793,0.32001706962545484,300.21467834472656,286.55981956481935
2024-11-26,297.95001220703125,301.0,293.3500061035156,293.8500061035156,270.4657592773437,5160007,270.4657592773437,0.6180864613169004,340.5097961425781,-0.20570344130688567,-0.00910470698134147,0.3072554022962722,0.3172120156535944,299.2859741210938,286.77849113464356
2024-11-27,296.95001220703125,297.0,291.04998779296875,293.45001220703125,270.0975952148437,5995425,270.0975952148437,0.5911583198894921,340.5097961425781,-0.20678465561164494,-0.0013612224463595002,0.3047032632405288,0.3169812353553127,298.3867236328125,286.8840631866455
2024-11-28,294.45001220703125,298.75,289.5,290.95001220703125,267.7965393066406,13130411,267.7965393066406,0.6115600136048125,340.5097961425781,-0.2135423346395915,-0.00851934985342151,0.2927879023020824,0.30814397484250633,297.47182495117187,286.941563949585
2024-11-29,292.3999938964844,294.25,289.3999938964844,292.1000061035156,268.85504150390625,8125467,268.85504150390625,0.6107069137314769,340.5097961425781,-0.21043375389020713,0.003952635833182283,0.29221984367026876,0.30722832704473896,296.61951599121096,286.9273232269287
2024-12-02,292.6499938964844,295.8999938964844,290.5,294.1499938964844,270.7418518066406,5193026,270.7418518066406,0.6387324581710032,340.5097961425781,-0.20489262020151777,0.00701794651935872,0.2899385399172911,0.3072075256437977,295.8472821044922,286.93868171691895
2024-12-03,297.5,297.79998779296875,292.04998779296875,294.25,270.8339233398437,9198285,270.8339233398437,0.5818066725015858,340.5097961425781,-0.2046222270021265,0.0003400712988725907,0.2900708313483625,0.30322283411458606,295.29134765625,286.90936363220214
2024-12-04,294.20001220703125,299.54998779296875,292.8500061035156,293.6499938964844,270.2816772460937,9840659,270.2816772460937,0.543271407652572,340.5097961425781,-0.20624404845926525,-0.0020390580579414674,0.2787817572198689,0.29712438460901286,294.60011169433596,286.8911080169678
2024-12-05,295.1000061035156,298.25,291.29998779296875,297.0,273.3651123046875,9287638,273.3651123046875,0.5635384039778153,340.5097961425781,-0.19718869941050343,0.011408228223277916,0.27376673877958746,0.2974493142637298,293.8435266113281,286.9414463043213
2024-12-06,297.8999938964844,303.8999938964844,296.3999938964844,300.3500061035156,276.448486328125,9586531,276.448486328125,0.5293995292941776,340.5097961425781,-0.188133529608145,0.011279325285667108,0.2766115110281204,0.29428343740571755,293.1292803955078,287.020913772583
2024-12-09,300.95001220703125,304.20001220703125,299.1000061035156,303.45001220703125,279.30181884765625,11637358,279.30181884765625,0.5302253021251147,340.5097961425781,-0.17975393949985774,0.010321389555899119,0.2788613175499992,0.29012180697148154,292.4601348876953,287.0269116973877
2024-12-10,302.29998779296875,306.70001220703125,300.8500061035156,303.5,279.3478088378906,8649367,279.3478088378906,0.5057126292718059,340.5097961425781,-0.1796188773349645,0.00016466054687414022,0.24345011594510843,0.2899318405242391,291.69434448242185,286.9682573699951
2024-12-11,303.45001220703125,308.95001220703125,302.1000061035156,307.45001220703125,282.9834899902344,10867782,282.9834899902344,0.5172997610198016,340.5097961425781,-0.16894170682906395,0.013014890531872991,0.2432727435919304,0.29087230321661506,290.5926007080078,286.923656539917
2024-12-12,307.04998779296875,307.45001220703125,301.29998779296875,302.1499938964844,278.105224609375,7454904,278.105224609375,0.4152131007213695,340.5097961425781,-0.18326806523672845,-0.017238692550677448,0.24792729856339446,0.2920491765109749,289.3445092773438,286.85923515319826
2024-12-13,302.0,305.1499938964844,296.0,301.70001220703125,277.6910705566406,7726611,277.6910705566406,0.3810847276471221,340.5097961425781,-0.18448434170638095,-0.0014891991091361412,0.24792999784990813,0.291013621363798,288.1194293212891,286.7814835357666
2024-12-16,300.95001220703125,301.70001220703125,295.79998779296875,297.95001220703125,274.2394714355469,8696443,274.2394714355469,0.36204342610128326,340.5097961425781,-0.19462090505990193,-0.01242963669726549,0.2501603204518604,0.2897853935128946,287.18244018554685,286.7408765411377
2024-12-17,299.8500061035156,299.8500061035156,292.1000061035156,293.0,269.6833801269531,8415828,269.6833801269531,0.33419516921487014,340.5097961425781,-0.2080011113277005,-0.016613550502939,0.2526402819122902,0.2871979601604066,286.31264221191407,286.6937654876709
2024-12-18,291.75,293.0,287.6499938964844,288.29998779296875,265.357421875,6535229,265.357421875,0.324653163791393,340.5097961425781,-0.22070546903182298,-0.01604087819544786,0.24173363978238524,0.28726574207456845,285.45296875,286.6427504730225
2024-12-19,282.04998779296875,295.8500061035156,282.04998779296875,294.54998779296875,271.1100158691406,11822064,271.1100158691406,0.3677611291358349,340.5097961425781,-0.2038114058967585,0.02167866251297257,0.24654442553326167,0.28819810982396515,284.6531219482422,286.59998588562013
2024-12-20,293.54998779296875,299.20001220703125,287.0,289.04998779296875,266.0477294921875,9979749,266.0477294921875,0.33307470612948764,340.5097961425781,-0.2186781922103994,-0.018672443217282675,0.2334511235392682,0.28966563899022196,283.73638244628904,286.5365920257568
2024-12-23,292.0,294.8999938964844,288.0,289.1000061035156,266.0937805175781,6819725,266.0937805175781,0.33345440314595964,340.5097961425781,-0.2185429507991029,0.00017309309678581464,0.2334008362123119,0.28401363232520044,282.88315246582033,286.50854499816893
2024-12-24,289.95001220703125,295.45001220703125,287.3500061035156,292.0,268.7629699707031,7937629,268.7629699707031,0.35226952632237185,340.5097961425781,-0.2107041470895985,0.010031010299952126,0.23352564815757662,0.28397073124667876,282.04280822753907,286.5059955596924
2024-12-26,294.8500061035156,299.29998779296875,292.54998779296875,295.6000061035156,272.0765075683594,11310555,272.0765075683594,0.3588802966691029,340.5097961425781,-0.20097303910036235,0.012328847229279516,0.2358721996456437,0.2819874787039036,281.2116687011719,286.476647567749
2024-12-27,295.04998779296875,297.3999938964844,292.5,293.54998779296875,270.1896057128906,3708404,270.1896057128906,0.3547363125096208,340.5097961425781,-0.20651444165865662,-0.006935188459792574,0.2354497914011732,0.2757963713914026,280.1955230712891,286.39962669372557
2024-12-30,293.54998779296875,295.25,289.75,293.29998779296875,269.9595031738281,8236910,269.9595031738281,0.34605845319957407,340.5097961425781,-0.20719020059913107,-0.00085163357211826,0.23310588416373837,0.2741340022750002,279.137958984375,286.3110875701904
2024-12-31,291.45001220703125,294.3999938964844,290.79998779296875,292.45001220703125,269.1771850585937,4161509,269.1771850585937,0.3736156230046872,340.5097961425781,-0.20948769137354295,-0.002897909153176559,0.22210297297847914,0.2738872266074875,278.2129364013672,286.23368659973147
2025-01-01,292.29998779296875,295.8999938964844,290.29998779296875,295.29998779296875,271.8003234863281,3545200,271.8003234863281,0.3558400044330223,340.5097961425781,-0.20178412907533505,0.009745025111111971,0.20533503299529354,0.27456792258046303,277.34405822753905,286.19983589172364
2025-01-02,295.29998779296875,297.70001220703125,291.79998779296875,296.8999938964844,273.27301025390625,6846413,273.27301025390625,0.3720371402344318,340.5097961425781,-0.19745918223309655,0.005418267162776935,0.20476309243894614,0.27452333723863004,276.704365234375,286.16955848693846
2025-01-03,296.0,299.1499938964844,294.3500061035156,296.3999938964844,272.8128356933594,4806469,272.8128356933594,0.35471311081028345,340.5097961425781,-0.19881061049084392,-0.001683937100554922,0.19703223170540493,0.274515417939197,276.21654235839844,286.13909828186036
2025-01-06,296.3999938964844,297.25,284.1000061035156,284.8500061035156,262.1819763183594,7361716,262.1819763183594,0.29304712299246805,340.5097961425781,-0.2300310320335729,-0.03896759237145664,0.22685381418329018,0.2814229297432827,275.51334106445313,286.11724449157714
2025-01-07,287.1000061035156,290.5,280.70001220703125,282.79998779296875,260.2950744628906,8306436,260.2950744628906,0.25314967877691474,340.5097961425781,-0.23557243459186716,-0.007196916744488746,0.19785394321555808,0.2815512386646868,274.80185546875,286.0614304351807
2025-01-08,282.79998779296875,287.8999938964844,280.5,286.79998779296875,263.9767761230469,6037032,263.9767761230469,0.3135990060980671,340.5097961425781,-0.22476011229787163,0.01414433856558106,0.2015343542380354,0.27947663808791967,274.4428918457031,286.07374565124513
2025-01-09,287.0,287.8500061035156,279.04998779296875,280.0,257.7179260253906,6215902,257.7179260253906,0.2784821959994468,340.5097961425781,-0.2431409347251816,-0.02370985125880476,0.21226515413329394,0.28159786698465944,273.8832763671875,286.06401969909666
2025-01-10,280.5,283.5,275.6000061035156,277.6499938964844,255.55491638183597,9073218,255.55491638183597,0.25608151217149944,340.5097961425781,-0.24949320320044444,-0.008392934387270956,0.21222901461286128,0.28164691471914205,273.26107147216794,286.0983275604248
2025-01-13,271.25,274.70001220703125,264.25,265.29998779296875,244.18772888183597,10488655,244.18772888183597,0.18771520402272812,340.5097961425781,-0.28287605335269184,-0.04448041016364479,0.24531607324165705,0.29006170430219474,272.4142840576172,286.0558442687988
2025-01-14,267.1000061035156,271.5,266.0,270.20001220703125,248.69781494140625,6710730,248.69781494140625,0.2320999150385925,340.5097961425781,-0.2696309540613874,0.018469748992803625,0.2515799603050182,0.291977104723003,271.6678228759766,285.9887545776367
2025-01-15,273.8999938964844,275.8999938964844,265.25,267.0,245.75244140625,13448052,245.75244140625,0.21629874538477845,340.5097961425781,-0.2782808477458645,-0.011843182200254487,0.2527740992295523,0.29156879539246766,270.82103576660154,285.8957897949219
2025-01-16,267.3500061035156,268.95001220703125,263.5,266.8999938964844,245.66038513183597,13754046,245.66038513183597,0.21076590220813873,340.5097961425781,-0.278551196133655,-0.00037458946038249064,0.25288139883080646,0.28952270510771205,270.14820709228513,285.7866458892822
2025-01-17,268.79998779296875,275.20001220703125,267.25,273.6000061035156,251.82720947265625,9300647,251.82720947265625,0.22780241215078734,340.5097961425781,-0.2604406324709341,0.025103047597645034,0.2626150744827476,0.2928288877339448,269.51587677001953,285.7187036895752
2025-01-20,275.0,278.3999938964844,268.79998779296875,277.29998779296875,255.2327880859375,9623368,255.2327880859375,0.2683985411882286,340.5097961425781,-0.25043922090550796,0.01352347357703243,0.26372377502866395,0.29400922362433546,268.78506256103515,285.65173622131346
2025-01-21,278.54998779296875,287.0,278.1499938964844,280.20001220703125,257.90203857421875,15304149,257.90203857421875,0.2608474420120901,340.5097961425781,-0.2426002379496004,0.010458101830484567,0.26378192753034846,0.29378235373838757,268.14445037841796,285.6019054412842
2025-01-22,282.0,283.54998779296875,274.04998779296875,277.6000061035156,255.5089111328125,6301894,255.5089111328125,0.2503743462055559,340.5097961425781,-0.24962831017693865,-0.009279211031585355,0.26436647891491416,0.2930843688764464,267.539733581543,285.50644172668456
2025-01-23,283.0,285.0,270.29998779296875,271.25,249.6642303466797,18806324,249.6642303466797,0.21725664549647283,340.5097961425781,-0.26679281132299526,-0.022874665154417162,0.2661278737359216,0.295060491866031,266.7794659423828,285.3925680541992
2025-01-24,274.0,279.3999938964844,263.0,263.79998779296875,242.8070831298828,18480516,242.8070831298828,0.1515278330672325,340.5097961425781,-0.2869306966187407,-0.027465477162167518,0.27212170802681485,0.2980026864168946,265.932678527832,285.27216758728025
2025-01-27,263.70001220703125,263.70001220703125,258.3500061035156,261.29998779296875,240.50601196289065,10083126,240.50601196289065,0.14351687002398505,340.5097961425781,-0.29368842045828814,-0.009476952390887527,0.2723713335726132,0.29814899278881846,265.1125827026367,285.1582103729248
2025-01-28,262.25,263.8999938964844,254.3000030517578,258.04998779296875,237.51467895507807,13321189,237.51467895507807,0.1255949940844976,340.5097961425781,-0.30247328668445705,-0.012437664170632634,0.27237333027266747,0.2985179814821692,264.37348419189453,285.0259520721436
2025-01-29,256.95001220703125,257.95001220703125,251.5,257.0,241.22218322753903,9435973,241.22218322753903,0.12474424431425168,340.5097961425781,-0.29158518797346267,0.015609579537449125,0.2760477476545989,0.29513758548103997,263.8742120361328,284.9260549926758
2025-01-30,259.8999938964844,260.8999938964844,256.5,257.1499938964844,241.3629608154297,9410974,241.3629608154297,0.16890511509877526,340.5097961425781,-0.29117175614423063,0.0005836013338700319,0.27371306298072723,0.29260398777813174,263.4090493774414,284.78449897766114
2025-01-31,257.8999938964844,262.0,254.25,261.1000061035156,245.07046508789065,8790578,245.07046508789065,0.15178788490309447,340.5097961425781,-0.28028365743323624,0.015360700995444398,0.26933877684226903,0.2915136922786108,263.1119204711914,284.6693953704834
2025-02-01,261.75,262.04998779296875,248.0,255.6499938964844,239.95504760742188,11464565,239.95504760742188,0.13428366601901742,340.5097961425781,-0.29530647774095753,-0.02087325161207909,0.2705089765946853,0.2929697274796628,262.64897369384767,284.5546898651123
2025-02-03,250.9499969482422,251.8000030517578,242.1999969482422,249.5500030517578,234.22955322265625,21517136,234.22955322265625,0.0662024139198032,340.5097961425781,-0.3121209554729528,-0.023860695750534178,0.2767297412024234,0.2949755793131178,261.87454681396486,284.40522560119626
2025-02-04,250.6499938964844,256.6499938964844,250.1999969482422,255.9499969482422,240.2366485595703,7000612,240.2366485595703,0.06849595551233234,340.5097961425781,-0.29447947964769117,0.02564618876766489,0.28716000875116776,0.29724347932692985,261.26996459960935,284.2918168640137
2025-02-05,260.25,265.6499938964844,260.25,261.25,245.2112579345703,10088345,245.2112579345703,0.09463786216082837,340.5097961425781,-0.27987018079240356,0.020707121102575998,0.29217471018488356,0.27761155676259264,260.7722378540039,284.2117537689209
2025-02-06,263.0,267.20001220703125,261.6499938964844,262.54998779296875,246.4314422607422,14058587,246.4314422607422,0.08688691999069653,340.5097961425781,-0.2762867763206539,0.00497605345060248,0.29292347670702684,0.27739415755337427,260.3449359130859,284.0984385681152
2025-02-07,262.1000061035156,264.8999938964844,260.04998779296875,264.29998779296875,248.07400512695312,6557480,248.07400512695312,-0.0036515706399110615,340.5097961425781,-0.27146294192640585,0.006665394850357664,0.2941871344807095,0.2779002046805653,259.9293151855469,284.0166358947754
2025-02-10,264.54998779296875,265.79998779296875,257.5,259.8999938964844,243.9441375732422,8052376,243.9441375732422,-0.048195174749235514,340.5097961425781,-0.28359142574829777,-0.016647723938658765,0.29697500428966417,0.26606270447433633,259.3933609008789,283.9134037017822
2025-02-11,259.5,259.75,253.75,255.1499938964844,239.4857482910156,6819100,239.4857482910156,-0.11857585556605132,340.5097961425781,-0.2966847033359997,-0.01827627147173394,0.29754303746308103,0.2647981689839267,258.76639739990236,283.76547142028807
2025-02-12,255.1499938964844,256.79998779296875,249.0500030517578,255.6000061035156,239.9081268310547,6568833,239.9081268310547,-0.10638809034207342,340.5097961425781,-0.2954442734135013,0.001763689668605295,0.2967210267465461,0.26404502629959475,258.15892639160154,283.60616180419925
2025-02-13,256.20001220703125,260.1000061035156,255.0,255.75,240.0489196777344,5514711,240.0489196777344,-0.132450113463092,340.5097961425781,-0.2950307967726684,0.0005868615146116252,0.2969586502952796,0.26337434847902685,257.4926025390625,283.42670913696287
2025-02-14,256.3999938964844,258.6000061035156,247.4499969482422,251.0,235.5905303955078,5205573,235.5905303955078,-0.13996961976241695,340.5097961425781,-0.30812407436037037,-0.018572836271089965,0.28162825857786467,0.2645443048441403,256.67544342041015,283.2504936981201
2025-02-17,251.0,253.5500030517578,246.3500061035156,252.3000030517578,236.81072998046875,5899597,236.81072998046875,-0.10059620542179626,340.5097961425781,-0.30454062507701996,0.005179323561572913,0.2824634762631679,0.2646195623223461,255.8256216430664,283.01951026916504
2025-02-18,252.25,253.5500030517578,246.8500061035156,252.75,237.2330780029297,5534272,237.2330780029297,-0.0895086078886691,340.5097961425781,-0.3033002847777233,0.0017834834700933833,0.27818621749669875,0.2642615597983572,254.9833270263672,282.8013409423828
2025-02-19,251.0,256.45001220703125,249.5500030517578,255.6000061035156,239.9081268310547,6887175,239.9081268310547,-0.13733836841893876,340.5097961425781,-0.2954442734135013,0.011276036422256386,0.2744508901338728,0.2645548852200835,254.1218197631836,282.64024757385255
2025-02-20,254.0,259.6499938964844,253.1999969482422,258.6000061035156,242.7239532470703,8155780,242.7239532470703,-0.1661225137255289,340.5097961425781,-0.2871748302200474,0.011737103086960188,0.27672029032531964,0.2619653098587652,253.4141943359375,282.50649978637693
2025-02-21,258.0,259.3999938964844,250.6499938964844,251.3000030517578,235.87210083007807,9845416,235.87210083007807,-0.19195222129953926,340.5097961425781,-0.30729716589030587,-0.028228991516208946,0.2582100983906514,0.26491964674366264,252.57781494140625,282.30281845092776
2025-02-24,251.25,253.5,248.75,251.0,235.5905303955078,6773845,235.5905303955078,-0.19038134085861735,340.5097961425781,-0.30812407436037037,-0.0011937420050076586,0.25151119202680255,0.26285349041865774,251.80483612060547,282.1604933929443
2025-02-25,251.8999938964844,252.8999938964844,247.6999969482422,248.4499969482422,233.1970977783203,4172676,233.1970977783203,-0.2047606425436994,340.5097961425781,-0.3151530428197251,-0.010159290414472166,0.25096676659636413,0.2630821104058685,251.0751104736328,281.9471159362793
2025-02-27,248.4499969482422,249.3999938964844,242.1000061035156,244.75,229.72422790527344,7376510,229.72422790527344,-0.18641620699319017,340.5097961425781,-0.3253520735447992,-0.014892423216811279,0.2538487272591626,0.2594121822460092,250.3624465942383,281.7425722503662
2025-02-28,244.0500030517578,244.0500030517578,236.1499938964844,237.3000030517578,222.7316131591797,14066882,222.7316131591797,-0.20198082559165298,340.5097961425781,-0.3458877962326887,-0.03043916965073945,0.25315007008367607,0.2605328064254023,249.39487854003906,281.5051837158203
2025-03-03,239.0,243.63999938964844,234.00999450683597,242.41000366210935,227.52789306640625,6864635,227.52789306640625,-0.17430852696763655,340.5097961425781,-0.3318022105562688,0.02153389830566521,0.25895565976806006,0.26370729345809474,248.62448181152342,281.24919067382814
2025-03-04,241.0,250.94000244140625,236.1000061035156,249.9199981689453,234.57684326171875,7201075,234.57684326171875,-0.16121582344817953,340.5097961425781,-0.3111010434381253,0.030980598028283124,0.27503339193783966,0.2696763040098065,247.99414306640625,281.04248901367185
2025-03-05,249.8999938964844,256.92999267578125,249.8999938964844,255.83999633789065,240.1333770751953,7802519,240.1333770751953,-0.13846234278700698,340.5097961425781,-0.29478276456208985,0.023687477997464068,0.28492178218435205,0.2623782486622387,247.42155120849608,280.84227714538576
2025-03-06,260.0,265.95001220703125,259.0,265.0400085449219,248.7686004638672,12828381,248.7686004638672,-0.08441044032631073,340.5097961425781,-0.2694230730451499,0.035960113058201904,0.29802936033275024,0.26868346001006266,246.95539306640626,280.6502360534668
2025-03-07,264.9599914550781,265.7900085449219,260.0,261.260009765625,245.2206573486328,7057204,245.2206573486328,-0.08932278034206931,340.5097961425781,-0.279842576846294,-0.014262021447315698,0.28977903978895636,0.2694163535540708,246.4560140991211,280.4482590484619
2025-03-10,261.260009765625,265.9599914550781,256.0599975585937,256.92999267578125,241.15646362304688,8487911,241.15646362304688,-0.13236250318136078,340.5097961425781,-0.2917781915382254,-0.016573618917462674,0.29261626870382734,0.27057191001372183,245.87995330810546,280.2104650115967
2025-03-11,255.9900054931641,264.9700012207031,254.3500061035156,264.5799865722656,248.3368225097656,12306539,248.3368225097656,-0.13045437453256925,340.5097961425781,-0.27069110691375786,0.029774689754707984,0.30212783566949386,0.2756724283387186,245.4631460571289,279.9937456512451
2025-03-12,266.5,272.0,263.3999938964844,266.32000732421875,249.97003173828125,10648004,249.97003173828125,-0.1310447606972971,340.5097961425781,-0.265894742030817,0.0065765890535682825,0.2996279168285224,0.27561561333158136,245.02654022216797,279.78084465026853
2025-03-13,266.32000732421875,266.6700134277344,262.010009765625,264.4100036621094,248.17724609375,4545159,248.17724609375,-0.12815453147753242,340.5097961425781,-0.2711597466352089,-0.007172002307893832,0.30064395368250924,0.27137638685718846,244.52462493896485,279.5802727508545
2025-03-17,261.1099853515625,263.69000244140625,258.3099975585937,261.4200134277344,245.37081909179688,6482574,245.37081909179688,-0.11917862859445294,340.5097961425781,-0.27940158588255326,-0.011308155949530496,0.2995865986672765,0.2705370142445703,243.9757846069336,279.39454261779787
2025-03-18,261.4200134277344,261.4200134277344,261.4200134277344,261.4200134277344,245.37081909179688,0,245.37081909179688,-0.12156895264041356,340.5097961425781,-0.27940158588255326,0.0,0.2928529162896175,0.26547158380227515,243.63956146240236,279.2262033843994
2025-03-19,263.510009765625,266.489990234375,263.010009765625,265.260009765625,248.97509765625,4955027,248.97509765625,-0.10731178101257721,340.5097961425781,-0.26881663765115515,0.0146891084188161,0.28574732663005326,0.26678021755795894,243.41316192626954,279.07131492614747
2025-03-20,266.6000061035156,272.92999267578125,264.75,272.1300048828125,255.42330932617188,10789615,255.42330932617188,-0.04175318281736584,340.5097961425781,-0.24987970325757936,0.025899022555358808,0.28592853244054,0.2697837346973891,243.24209259033202,278.86316108703613
2025-03-21,272.20001220703125,285.8500061035156,271.0599975585937,279.6600036621094,262.49102783203125,26173451,262.49102783203125,-0.033032224816899824,340.5097961425781,-0.22912341787041834,0.02767060893739348,0.29052019422063885,0.27374886038209845,243.33755462646485,278.8819826507568
2025-03-24,282.0,285.29998779296875,280.0,280.44000244140625,263.22314453125,11376607,263.22314453125,0.006536603650107331,340.5097961425781,-0.22697335726272816,0.0027891113279774338,0.29042302422759964,0.2734851951735231,243.49091918945314,278.90245811462404
2025-03-25,280.57000732421875,283.9599914550781,277.17999267578125,279.1099853515625,261.9747619628906,12143699,261.9747619628906,0.008902479256088114,340.5097961425781,-0.2306395735728065,-0.00474267781650628,0.29083554541909185,0.2728170653118076,243.8466598510742,278.9098914337158
2025-03-26,278.0,283.3299865722656,272.1300048828125,273.010009765625,256.2492980957031,9475308,256.2492980957031,0.03038261440548018,340.5097961425781,-0.24745396168160017,-0.021855020782492462,0.29410702082108603,0.2720690015595762,243.99768951416016,278.85380348205564
2025-03-27,273.3900146484375,279.8500061035156,272.17999267578125,276.0599975585937,259.1120300292969,107524873,259.1120300292969,0.02543743558243383,340.5097961425781,-0.23904676762720334,0.011171667414771269,0.28897218039310546,0.2681166636401512,244.2648812866211,278.80578636169435
2025-03-28,276.989990234375,284.3299865722656,276.29998779296875,278.4700012207031,261.37408447265625,12687883,261.37408447265625,-0.0028295464587357877,340.5097961425781,-0.23240362705097095,0.008730024781572698,0.2894623978929561,0.2683483982238878,244.5791552734375,278.7588230133057
2025-04-01,275.0,287.0,275.0,284.6000061035156,267.12774658203125,20780255,267.12774658203125,0.010525428679287963,340.5097961425781,-0.2155064271038486,0.022013131565753685,0.2945139000915431,0.26914909832564277,244.885166015625,278.7269159698486
2025-04-02,283.04998779296875,288.04998779296875,277.70001220703125,286.79998779296875,269.1926574707031,12058406,269.1926574707031,0.006368449364723805,340.5097961425781,-0.209442252410304,0.007730050191689042,0.2869710528346997,0.26869783989867585,245.16436340332032,278.6919557952881
2025-04-03,283.0,291.3999938964844,283.0,286.79998779296875,269.1926574707031,6663148,269.1926574707031,0.014230540154579474,340.5097961425781,-0.209442252410304,0.0,0.2872744971202485,0.2612872987165455,245.39017578125,278.6407192230225
2025-04-04,292.1499938964844,295.70001220703125,277.04998779296875,279.45001220703125,262.2939147949219,18852567,262.2939147949219,-0.02357314743137795,340.5097961425781,-0.2297022941299044,-0.025627529148086303,0.3001719954874344,0.26435868721231165,245.5258758544922,278.54551277160647
2025-04-07,262.0,279.1000061035156,262.0,273.70001220703125,256.8969116210937,15010047,256.8969116210937,-0.04095776647236338,340.5097961425781,-0.2455520677192914,-0.02057616616095692,0.30714017603888594,0.26654324905010546,245.67052947998047,278.45698905944823
2025-04-08,279.5,287.5,275.1000061035156,285.8999938964844,268.3479309082031,18994276,268.3479309082031,-0.0227737999834855,340.5097961425781,-0.21192302263209895,0.04457437504736905,0.32967392652909183,0.2765903281381916,246.18134643554689,278.40242057800293
2025-04-09,288.70001220703125,290.6499938964844,279.6000061035156,287.95001220703125,270.2721252441406,14519066,270.2721252441406,-0.00795348639227178,340.5097961425781,-0.206272100521383,0.0071705204859422444,0.31568178454912793,0.27676718889821705,246.77666870117187,278.3821103668213
2025-04-11,296.45001220703125,296.45001220703125,286.5,293.20001220703125,275.1997985839844,14955235,275.1997985839844,0.031146577287450405,340.5097961425781,-0.19180064215023984,0.01823226622202534,0.3175250746998906,0.2781809252173639,247.53037109375,278.3969179534912
2025-04-15,296.79998779296875,296.79998779296875,291.1000061035156,294.3999938964844,276.3261108398437,8516322,276.3261108398437,0.049482650768782444,340.5097961425781,-0.18849291864677942,0.004092707413503316,0.3141305538631517,0.2782520421677403,248.2324496459961,278.45726768493654
2025-04-16,294.0,300.54998779296875,292.54998779296875,298.75,280.4090576171875,9064723,280.4090576171875,0.062290966951375815,340.5097961425781,-0.1765022304974312,0.01477582688416379,0.3088219974182712,0.279259720365623,249.01337158203125,278.5286675262451
2025-04-17,298.0,301.75,295.45001220703125,298.3500061035156,280.0335998535156,7510897,280.0335998535156,0.07209757059600297,340.5097961425781,-0.1776048647473858,-0.001338964464494774,0.28918113188828387,0.2786718721207535,249.71263427734374,278.5694278717041
2025-04-21,299.8500061035156,305.54998779296875,298.0,304.04998779296875,285.3836364746094,6455955,285.3836364746094,0.05825353246235032,340.5097961425781,-0.16189302126534522,0.019104981059031134,0.2882644174201981,0.2798405184981614,250.6212060546875,278.6409516143799
2025-04-22,305.0,308.5,302.6499938964844,306.1000061035156,287.3078308105469,7096150,287.3078308105469,0.07167950776863519,340.5097961425781,-0.15624209915462917,0.00674248306492764,0.2797157157610435,0.27954905863141044,251.6827716064453,278.71942100524905
2025-04-23,306.1000061035156,306.6499938964844,298.29998779296875,300.45001220703125,282.00469970703125,7400827,282.00469970703125,0.07268478873203477,340.5097961425781,-0.17181619177572693,-0.018458011007060016,0.2844078764989002,0.28133727721898094,252.51813262939453,278.77204338073733
2025-04-24,302.95001220703125,305.5,300.29998779296875,302.0,283.4595031738281,5773985,283.4595031738281,0.07321263447653048,340.5097961425781,-0.16754376412965788,0.005158791567332788,0.2693800299561207,0.2806350919074506,253.2830975341797,278.8221294403076
2025-04-25,302.3500061035156,304.95001220703125,293.29998779296875,295.70001220703125,277.5462951660156,7773037,277.5462951660156,0.055636651495999834,340.5097961425781,-0.18490951417502965,-0.020860856459577914,0.2740127632854302,0.2813360019965876,253.90539459228515,278.8587029266357
2025-04-28,293.1000061035156,310.95001220703125,293.1000061035156,310.0,290.9683837890625,14414879,290.9683837890625,0.11386595736527938,340.5097961425781,-0.1454918857393802,0.04835981908898623,0.29490288613018695,0.29265985627268,254.76328216552736,278.94611045837405
2025-04-29,311.54998779296875,315.6000061035156,309.79998779296875,311.70001220703125,292.56402587890625,9522966,292.56402587890625,0.0872167398075323,340.5097961425781,-0.14080584701767596,0.005483901958917015,0.2864869981850068,0.2919207341311856,255.73567993164062,279.0733800506592
2025-04-30,319.0,322.45001220703125,309.0,310.04998779296875,291.01531982421875,21424437,291.01531982421875,0.100519319639224,340.5097961425781,-0.14535404525523565,-0.005293562836493515,0.2882081738048605,0.2906109444630967,256.7662713623047,279.1897846221924
2025-05-02,310.54998779296875,317.5,309.8999938964844,311.3999938964844,292.2824401855469,6850147,292.2824401855469,0.10465929820449671,340.5097961425781,-0.14163280029934144,0.004354136277407994,0.28582140884759455,0.28922292765618296,257.81375762939456,279.31185585021973
2025-05-05,317.0,325.8500061035156,316.0,321.04998779296875,301.3399963378906,16037327,301.3399963378906,0.11992242675988729,340.5097961425781,-0.11503281329470572,0.030989053418993828,0.2903034725844473,0.29149667380575645,259.03957916259765,279.45134437561035
2025-05-06,321.1000061035156,322.20001220703125,310.54998779296875,311.45001220703125,292.3293762207031,5444873,292.3293762207031,0.07564971257201147,340.5097961425781,-0.141494959815197,-0.029901839207178926,0.3089358876685117,0.2942721836906249,260.1743560791016,279.5549214935303
2025-05-07,307.0,317.5,307.0,316.8999938964844,297.4447631835937,7970668,297.4447631835937,0.07793488685668959,340.5097961425781,-0.12647222913067757,0.017498709945005908,0.3097260372534765,0.2955235860699058,261.38703674316406,279.6698056793213
2025-05-08,315.5,320.20001220703125,305.70001220703125,307.95001220703125,289.04425048828125,5918739,289.04425048828125,0.06723918709821075,340.5097961425781,-0.15114262860369287,-0.02824226120305684,0.3192978374332193,0.29927770435045836,262.4232601928711,279.70612129211423
2025-05-09,302.54998779296875,307.3500061035156,301.3500061035156,306.8500061035156,288.01177978515625,4955934,288.01177978515625,0.01768280170337544,340.5097961425781,-0.15417476076206604,-0.0035720160542229706,0.31220856593840574,0.2987533481834202,263.3853332519531,279.72746437072755
2025-05-12,315.0,315.95001220703125,307.1499938964844,309.04998779296875,290.0766906738281,6844271,290.0766906738281,0.032790428109117364,340.5097961425781,-0.14811058606852145,0.007169536225956508,0.3124063661819328,0.2986505608011903,264.33238800048827,279.8231223297119
2025-05-13,309.04998779296875,310.6000061035156,304.5,306.8999938964844,288.0587158203125,7241358,288.0587158203125,0.05854592510461143,340.5097961425781,-0.1540369202779216,-0.006956694275669029,0.312975015885672,0.29893025982959237,265.376120300293,279.8888466644287
2025-05-14,308.70001220703125,313.54998779296875,308.3999938964844,312.5,293.3148803710937,7733320,293.3148803710937,0.08847388956058055,340.5097961425781,-0.13860075776417013,0.018246851291456645,0.30641722939263843,0.3002612833594561,266.5306072998047,279.99088508605956
2025-05-15,314.0,320.20001220703125,313.5,317.0,297.53863525390625,7055032,297.53863525390625,0.07566751321147192,340.5097961425781,-0.12619654816238823,0.01440007025033574,0.3071524135040627,0.30074004928451226,267.8174380493164,280.0741318511963
2025-05-16,316.0,321.0,315.79998779296875,320.1000061035156,300.4483337402344,6861786,300.4483337402344,0.13782248792613339,340.5097961425781,-0.11765142400064532,0.009779229120430388,0.3072840938393542,0.3010023542687367,269.23192016601564,280.1219834136963
2025-05-19,318.54998779296875,319.54998779296875,316.1499938964844,317.20001220703125,297.72637939453125,2956007,297.72637939453125,0.079216968795635,340.5097961425781,-0.1256451862258101,-0.009059642008387714,0.3053804846841236,0.3014573210427386,270.7318154907227,280.1444083404541
2025-05-20,317.0,319.6499938964844,311.75,312.8999938964844,293.6903381347656,5016433,293.6903381347656,0.08519794711404383,340.5097961425781,-0.1374981235142153,-0.013556209792271345,0.3092072729576453,0.29480774446939373,272.05506439208983,280.1060736846924
2025-05-21,312.29998779296875,316.75,309.3500061035156,315.8500061035156,296.4592590332031,5232094,296.4592590332031,0.09714668227655077,340.5097961425781,-0.12936643118170432,0.009428028569216762,0.30959578032003593,0.2947424626129734,273.2927127075195,280.0356529998779
2025-05-22,314.8999938964844,318.8999938964844,308.70001220703125,313.04998779296875,293.83111572265625,4876801,293.83111572265625,0.05419152530681659,340.5097961425781,-0.13708469168498338,-0.008865107870530409,0.299586961324523,0.2944879941643531,274.3666674804688,279.943842086792
2025-05-23,312.0,320.0,312.0,318.8999938964844,299.322021484375,4257721,299.322021484375,0.08482562264039917,340.5097961425781,-0.12095914750410586,0.018687284865029685,0.2931848212701637,0.2928086591739224,275.3777359008789,279.8837220001221
2025-05-26,319.0,323.95001220703125,319.0,322.95001220703125,303.1233825683594,5050848,303.1233825683594,0.08190441812308502,340.5097961425781,-0.10979541263642334,0.012699904487925684,0.26966549999776873,0.2928502994182634,276.5357904052734,279.8515271759033
2025-05-27,322.8999938964844,322.8999938964844,315.5,317.0,297.53863525390625,4716473,297.53863525390625,0.03608166023925086,340.5097961425781,-0.12619654816238823,-0.018424006974102958,0.27731716015449936,0.28424298166173173,277.66343383789064,279.81548851013184
2025-05-28,317.0,322.6000061035156,313.75,321.70001220703125,301.9500732421875,7112876,301.9500732421875,0.05718871336213316,340.5097961425781,-0.11324115587043171,0.014826437529757097,0.2759016004290145,0.28372307620594067,278.7356988525391,279.8327219390869
2025-05-29,321.20001220703125,322.54998779296875,317.6000061035156,319.1499938964844,299.5566711425781,4000772,299.5566711425781,0.03755049086624562,340.5097961425781,-0.12027003470658482,-0.007926482924512146,0.27777243295678083,0.2832449428606195,279.727431640625,279.7980780792236
2025-05-30,317.54998779296875,322.3999938964844,317.0,318.3999938964844,298.8526916503906,9148638,298.8526916503906,0.024588521638834404,340.5097961425781,-0.12233746272234958,-0.0023500711551586173,0.275806397373694,0.28331820627997917,280.74094055175783,279.78377128601073
2025-06-02,318.3999938964844,319.5,315.6499938964844,316.6000061035156,297.1632080078125,3086437,297.1632080078125,0.015768150459938512,340.5097961425781,-0.1272990927891412,-0.005653232143395082,0.2765794144355582,0.2809852476230995,281.77678833007815,279.7352452850342
2025-06-03,315.04998779296875,320.95001220703125,309.0,309.75,290.7337341308594,7853488,290.7337341308594,0.008470964586725138,340.5097961425781,-0.14618099853690125,-0.021636170641905594,0.2800312658595711,0.2830525618105411,282.68404663085937,279.65457191467283
2025-06-04,309.75,312.6499938964844,308.6000061035156,311.54998779296875,292.4232177734375,5925942,292.4232177734375,0.035064712851573976,340.5097961425781,-0.14121936847010952,0.005811102889827335,0.2798715853946181,0.28274765304087524,283.5530090332031,279.6361905670166
2025-06-05,311.1000061035156,315.3999938964844,308.25,309.79998779296875,290.7806701660156,5900170,290.7806701660156,0.04208020548717517,340.5097961425781,-0.1460431580527567,-0.00561702186279367,0.2746439274104731,0.2824166080332899,284.26015625,279.59417945861816
2025-06-06,309.0,317.8500061035156,309.0,316.70001220703125,297.2570495605469,5825337,297.2570495605469,0.061811351466666054,340.5097961425781,-0.12702350144405383,0.022272386231291463,0.2812063420555912,0.28144370063978835,284.9554766845703,279.5502646636963
2025-06-09,317.79998779296875,321.45001220703125,315.0,320.3999938964844,300.7298889160156,3787426,300.7298889160156,0.01237421752585921,340.5097961425781,-0.11682456034218136,0.011682950364349187,0.2742128684971746,0.2773956605706014,285.70561157226564,279.4717101287842
2025-06-10,321.20001220703125,324.70001220703125,319.3999938964844,320.1000061035156,300.4483337402344,6489933,300.4483337402344,0.1612574821976569,340.5097961425781,-0.11765142400064532,-0.0009362394166941845,0.2378889515845552,0.27671620083287934,286.4750830078125,279.3659760284424
2025-06-11,320.29998779296875,334.5,320.29998779296875,333.8500061035156,313.35418701171875,21739121,313.35418701171875,0.20926385578890283,340.5097961425781,-0.07974986164418241,0.042955316512564456,0.2668141554948203,0.2836164506316689,287.6171807861328,279.31648750305175
2025-06-12,330.5,331.0,317.75,318.6499938964844,299.0873718261719,13568848,299.0873718261719,0.14818056547145542,340.5097961425781,-0.1216482603016269,-0.0455293587157759,0.3003123151381664,0.294316513396047,288.4166876220703,279.2007271575928
2025-06-13,305.0,314.3999938964844,299.29998779296875,312.29998779296875,293.1271667480469,13958229,293.1271667480469,0.09593814947021206,340.5097961425781,-0.1391520300775465,-0.019927973025852252,0.3062042653624752,0.2966984581662557,289.05174926757815,279.04550132751467
2025-06-16,309.95001220703125,316.8500061035156,308.5,316.3999938964844,296.9754638671875,6893567,296.9754638671875,0.10516704318369419,340.5097961425781,-0.12785045472571943,0.013128421912692811,0.2948004418814048,0.29644434264652975,289.64870361328127,278.91434928894046
2025-06-17,314.0,320.45001220703125,311.70001220703125,312.79998779296875,293.5964660644531,7219608,293.5964660644531,0.08431504815167346,340.5097961425781,-0.13777380448250443,-0.011378036955421722,0.28331246411311795,0.2947629281379578,290.13677978515625,278.77596672058104
2025-06-18,312.0,316.8500061035156,309.70001220703125,315.8500061035156,296.4592590332031,10011198,296.4592590332031,0.0839098191679235,340.5097961425781,-0.12936643118170432,0.009750774616345437,0.280096659287197,0.29162867678900845,290.68211181640623,278.65603996276855
2025-06-19,317.0,317.0,310.1000061035156,313.45001220703125,294.20660400390625,5399948,294.20660400390625,0.06525311546272827,340.5097961425781,-0.13598196781182714,-0.00759853153732859,0.26811729851339455,0.28954876002197816,291.32036560058594,278.4866524505615
2025-06-20,310.8999938964844,315.8999938964844,310.0,313.5,294.2535095214844,8522458,294.2535095214844,0.05301151977532492,340.5097961425781,-0.13584421695088422,0.00015943053942280017,0.26781516765441926,0.2879107142614841,292.06749755859374,278.3119770050049
2025-06-23,310.0,315.5,308.20001220703125,313.45001220703125,294.20660400390625,6848410,294.20660400390625,0.04575111359492645,340.5097961425781,-0.13598196781182714,-0.0001594051253778206,0.2671545937605991,0.28789824634097183,292.5846710205078,278.13338523864746
2025-06-24,325.5,327.79998779296875,317.0,319.25,299.6505126953125,11172373,299.6505126953125,0.0912188920674446,340.5097961425781,-0.11999444336149745,0.018503693041961755,0.27105213066360884,0.28910492977384405,293.17223876953125,277.99604942321776
2025-06-25,322.5,323.0,316.6000061035156,319.6000061035156,299.97900390625,6658747,299.97900390625,0.07418626367291759,340.5097961425781,-0.11902973921888904,0.0010962477854044028,0.26633742872133725,0.2873375850044111,293.6678228759766,277.8518422698975
2025-06-26,318.8500061035156,331.0,318.8500061035156,329.75,309.5058898925781,15528180,309.5058898925781,0.12820758979872027,340.5097961425781,-0.09105143699600948,0.03175850930322266,0.2784667520456622,0.289303804823536,294.33141845703125,277.73939201354983
2025-06-27,330.0,334.20001220703125,327.3999938964844,333.0,312.5563659667969,9911738,312.5563659667969,0.14809851330119228,340.5097961425781,-0.08209288100503453,0.009855954842337589,0.2784867487071738,0.2895213097684049,294.97436462402345,277.6815424346924
2025-06-30,334.0,337.70001220703125,330.3500061035156,331.95001220703125,311.5708312988281,5840638,311.5708312988281,0.17904848815345065,340.5097961425781,-0.08498717267926326,-0.0031531422017923028,0.2770692808938851,0.28968109920303536,295.6051092529297,277.6387842559814
2025-07-01,331.54998779296875,335.5,330.8999938964844,332.04998779296875,311.6646728515625,3921773,311.6646728515625,0.17110336794213366,340.5097961425781,-0.08471158133417578,0.00030118850453098034,0.2733404838930391,0.2874017802074217,296.13072998046874,277.6050089263916
2025-07-02,333.70001220703125,334.95001220703125,328.79998779296875,331.79998779296875,311.4300231933594,3799017,311.4300231933594,0.14546222511267803,340.5097961425781,-0.08540069413169682,-0.0007528914203083215,0.2725684992526178,0.287461939611478,296.613173828125,277.59629264831545
2025-07-03,333.0,335.54998779296875,330.54998779296875,331.5,311.1484680175781,5049883,311.1484680175781,0.14781520015337657,340.5097961425781,-0.08622755779016067,-0.0009040720380592004,0.2708362885340601,0.28753486315498966,297.19604919433596,277.5675301361084
2025-07-04,334.0,347.70001220703125,331.8999938964844,346.20001220703125,324.94598388671875,13743465,324.94598388671875,0.19635232554246262,340.5097961425781,-0.04570738472775837,0.04434383353081839,0.2937677292607305,0.29538810364606044,298.02577880859377,277.61695945739746
2025-07-07,345.79998779296875,351.54998779296875,343.45001220703125,350.5,328.98199462890625,8603937,328.98199462890625,0.2118083190120712,340.5097961425781,-0.0338545370625547,0.012420558930786862,0.29368791195134025,0.29544396629614705,299.05449279785154,277.69416206359864
2025-07-08,350.0,358.6499938964844,348.70001220703125,355.6000061035156,333.7688903808594,12905482,333.7688903808594,0.22061912531220162,340.5097961425781,-0.019796510520643573,0.014550631433044803,0.2883875392152691,0.29105243836503886,299.9105029296875,277.80565406799315
2025-07-09,355.6000061035156,356.3500061035156,347.6499938964844,348.5,327.1047668457031,8039090,327.1047668457031,0.2104608394695442,340.5097961425781,-0.039367529065924556,-0.019966281241945327,0.29459679682708934,0.29368964765468397,300.60131774902345,277.8944101715088
2025-07-10,351.79998779296875,352.8500061035156,348.04998779296875,350.95001220703125,329.4043884277344,6580919,329.4043884277344,0.20446140417946856,340.5097961425781,-0.03261406232845554,0.007030229501717944,0.2930334747310497,0.29277979711485413,301.36909912109377,278.0482788848877
2025-07-11,351.79998779296875,352.6499938964844,343.29998779296875,344.8500061035156,323.6788635253906,4803470,323.6788635253906,0.2117806647210494,340.5097961425781,-0.04942862968365247,-0.017381446949362167,0.29875031076524544,0.29326408838773327,301.9970275878906,278.14245582580565
2025-07-14,345.8500061035156,348.20001220703125,342.8500061035156,344.3999938964844,323.2565002441406,5372218,323.2565002441406,0.20737751137821991,340.5097961425781,-0.050669014794549994,-0.0013048837253374357,0.2979415490688476,0.2875778386667763,302.43535766601565,278.20276649475096
2025-07-15,347.6499938964844,350.5,346.1499938964844,348.04998779296875,326.6824035644531,6270256,326.6824035644531,0.21956398771632712,340.5097961425781,-0.04060791417682208,0.010598095684773767,0.28932233483006076,0.2863025260055244,303.12241821289064,278.27537452697754
2025-07-16,350.04998779296875,351.70001220703125,347.3999938964844,347.8500061035156,326.49468994140625,8426412,326.49468994140625,0.19401680126810272,340.5097961425781,-0.04115918649019856,-0.0005746058587751124,0.2895771120341971,0.2827885076212124,303.7034167480469,278.34405250549315
2025-07-17,349.6000061035156,349.8999938964844,344.25,346.75,325.46221923828125,4026086,325.46221923828125,0.19825294716572994,340.5097961425781,-0.04419131864857173,-0.0031622894182760097,0.2889671848331004,0.28101528779871937,304.43177612304686,278.3831769561768
2025-07-18,347.5,351.45001220703125,342.1000061035156,343.5,322.4117431640625,5631392,322.4117431640625,0.17467912492710225,340.5097961425781,-0.05314987463954668,-0.009372750180829392,0.2860456130920544,0.2764064959003347,305.119775390625,278.3048822784424
2025-07-21,343.5,344.70001220703125,339.45001220703125,342.6000061035156,321.5670166015625,5051058,321.5670166015625,0.14119429844074838,340.5097961425781,-0.05563064486134173,-0.002620024178431213,0.2852179684174744,0.2750267813554608,305.7495819091797,278.2101683807373
2025-07-22,342.6000061035156,344.3500061035156,339.95001220703125,340.3500061035156,319.45513916015625,4447293,319.45513916015625,0.12586021311086104,340.5097961425781,-0.06183274966223251,-0.00656745664939562,0.2862538865629112,0.273498935975557,306.37751037597656,278.11271873474124
2025-07-23,341.8500061035156,345.0,336.79998779296875,344.45001220703125,323.3034362792969,5089227,323.3034362792969,0.19324334567912493,340.5097961425781,-0.050531174310405436,0.012046439851485014,0.26091253447385365,0.270224511454415,306.97728149414064,278.1237912750244
2025-07-24,344.45001220703125,344.8999938964844,339.70001220703125,341.3999938964844,320.4406433105469,3270996,320.4406433105469,0.16560385960756308,340.5097961425781,-0.05893854761120554,-0.00885481763415863,0.2227250548787533,0.2708917162219066,307.4353216552734,278.1601280975342
2025-07-25,340.1000061035156,341.3999938964844,331.04998779296875,332.8999938964844,312.4624938964844,3514659,312.4624938964844,0.14494047216348038,340.5097961425781,-0.08236856197332365,-0.024897432896271776,0.22746841092598888,0.27436057513840767,307.67560485839846,278.1807350921631
2025-07-28,332.3500061035156,338.3500061035156,331.0,333.3999938964844,312.9317932128906,5630809,312.9317932128906,0.114075235382185,340.5097961425781,-0.08099033637828157,0.0015019380744036859,0.22511149151529833,0.2733428475291729,307.97971313476563,278.1898822784424
2025-07-29,336.0,337.29998779296875,333.20001220703125,334.95001220703125,314.3866882324219,7809814,314.3866882324219,0.08081967448744387,340.5097961425781,-0.0767176398626076,0.0046492400295723435,0.22169908677397723,0.27331620369884296,308.3936401367188,278.2023921966553
2025-07-30,334.0,343.54998779296875,330.0,337.04998779296875,316.35772705078125,11366010,316.35772705078125,0.07883038846973034,340.5097961425781,-0.07092914613735202,0.006269472888439154,0.22092109246327263,0.2726505325427135,308.79160949707034,278.2404044342041
2025-07-31,330.0,331.25,323.1000061035156,329.29998779296875,313.7376708984375,6867024,313.7376708984375,0.04108214028025681,340.5097961425781,-0.07862365649219272,-0.008281941385687053,0.22119482382578726,0.27044495745534797,309.18974060058594,278.25519187927245
2025-08-01,329.0,329.29998779296875,316.54998779296875,317.8500061035156,302.82879638671875,4105518,302.82879638671875,-0.024842259435689296,340.5097961425781,-0.11066054540199366,-0.03477068749978118,0.24584092073153593,0.2741030252403051,309.2598760986328,278.20116844177244
2025-08-04,320.1499938964844,320.75,314.8999938964844,317.8500061035156,302.82879638671875,3536322,302.82879638671875,-0.02999584553199164,340.5097961425781,-0.11066054540199366,0.0,0.24583440860823727,0.274112431301859,309.253984375,278.11032798767087
2025-08-05,317.0,318.0,309.54998779296875,315.1000061035156,300.2087707519531,6730701,300.2087707519531,-0.0357713498096045,340.5097961425781,-0.11835496613363272,-0.008651837823969055,0.24167185493968532,0.2744506497414055,309.30738708496096,277.997183303833
2025-08-06,315.5,318.1499938964844,314.3999938964844,315.75,300.8280639648437,3601019,300.8280639648437,-0.02821494125588231,340.5097961425781,-0.1165362425024592,0.0020628751496478692,0.24172015898805227,0.2715504789410727,309.2849468994141,277.9241820526123
2025-08-07,313.29998779296875,314.04998779296875,307.1499938964844,310.3500061035156,295.6832275390625,5018154,295.6832275390625,-0.029739947079535645,340.5097961425781,-0.13164545957657514,-0.017102248899166672,0.22735222095981275,0.2729431605400872,309.20747802734377,277.82637702941895
2025-08-08,310.5,321.25,308.6000061035156,319.45001220703125,304.3531799316406,10028343,304.3531799316406,0.019597072349557987,340.5097961425781,-0.10618377685615255,0.029321759183762675,0.24225527231785718,0.2766135453102296,309.31748779296873,277.8218546295166
2025-08-11,322.25,330.0,317.20001220703125,320.95001220703125,305.78228759765625,7957794,305.78228759765625,-0.00229425420806606,340.5097961425781,-0.10198681194587655,0.00469555687355272,0.2426531663888687,0.2745481271397518,309.4898693847656,277.86474617004393
2025-08-12,321.0,326.5,320.70001220703125,323.70001220703125,308.40234375,4392686,308.40234375,0.02216765659582909,340.5097961425781,-0.09429230159103585,0.008568371219039195,0.24407288200391572,0.27460427094151996,309.84324157714843,277.92004768371584
2025-08-13,325.0,326.29998779296875,321.04998779296875,322.5,307.259033203125,2707971,307.259033203125,0.0012729397668769238,340.5097961425781,-0.097649945217818,-0.003707204468594405,0.2442772609907072,0.2747377363260526,310.1399578857422,277.9769960784912
2025-08-14,327.0,331.3999938964844,317.1499938964844,318.04998779296875,303.0193176269531,10549386,303.0193176269531,-0.012543130779444911,340.5097961425781,-0.11010102775406494,-0.013798505879464407,0.24737716783887878,0.2721167224397172,310.3847308349609,278.082467880249
2025-08-18,321.0,321.04998779296875,312.45001220703125,314.0,299.1607360839844,8091527,299.1607360839844,0.01033858182991998,340.5097961425781,-0.12143280612484963,-0.012733780714664023,0.20931953547197918,0.2706071172792362,310.4228045654297,278.1497780609131
2025-08-19,315.20001220703125,322.20001220703125,312.70001220703125,321.45001220703125,306.2586669921875,4343312,306.2586669921875,0.023650333422585934,340.5097961425781,-0.10058779376805072,0.023726144684342865,0.21875312231113747,0.26343793712493324,310.53338012695315,278.24774559020995
2025-08-20,320.0,322.5,319.0,319.95001220703125,304.8295593261719,3670375,304.8295593261719,-0.003955199271183929,340.5097961425781,-0.1047847586783266,-0.004666341952216713,0.21290908925882351,0.2634744834833388,310.6210046386719,278.33925788879395
2025-08-21,321.04998779296875,323.79998779296875,318.75,319.95001220703125,304.8295593261719,3790333,304.8295593261719,-0.036693235267908686,340.5097961425781,-0.1047847586783266,0.0,0.20680396779317622,0.2619528028816722,310.45051208496096,278.43330131530763
2025-08-22,320.20001220703125,320.3500061035156,314.70001220703125,316.45001220703125,301.4949645996094,3007303,301.4949645996094,-0.06250153017214777,340.5097961425781,-0.11457770667670442,-0.010939210534351207,0.20634216083266302,0.26270089583130823,310.4986639404297,278.50031715393067
2025-08-25,318.95001220703125,318.95001220703125,314.5,315.79998779296875,300.87567138671875,2841339,300.87567138671875,-0.06922224200595173,340.5097961425781,-0.11639643030787805,-0.0020540748125364994,0.20170172262955663,0.2617285545161702,310.6536340332031,278.608186416626
2025-08-26,317.29998779296875,318.29998779296875,311.04998779296875,312.1000061035156,297.3505249023437,10819770,297.3505249023437,-0.07723733613962214,340.5097961425781,-0.12674898557738645,-0.011716289549526748,0.2034804445565462,0.2625565453835551,310.66113525390625,278.677720413208
2025-08-28,315.6000061035156,315.6000061035156,310.0,310.70001220703125,296.0166931152344,8888325,296.0166931152344,-0.08685392552905968,340.5097961425781,-0.1306661468520971,-0.00448572198602093,0.19957241535784437,0.2608620752902536,310.70953979492185,278.6989363861084
2025-08-29,310.70001220703125,312.29998779296875,307.0,308.20001220703125,293.6348571777344,4334416,293.6348571777344,-0.09149281310872348,340.5097961425781,-0.13766105849482313,-0.008046289256304795,0.19989165485306126,0.26104008504644155,310.6530517578125,278.7174474334717
2025-09-01,308.5,315.54998779296875,306.79998779296875,314.75,299.8752746582031,3672180,299.8752746582031,-0.06660287801260567,340.5097961425781,-0.1193343684813124,0.02125230478577511,0.21233697765422108,0.26138498870655213,310.76642517089846,278.7881000518799
2025-09-02,315.8999938964844,317.29998779296875,312.75,314.95001220703125,300.0658569335937,3405312,300.0658569335937,-0.06359524544421435,340.5097961425781,-0.11877467158698063,0.0006355384771479233,0.21155885795225712,0.26128178763510734,310.88267211914064,278.8500412750244
2025-09-03,314.95001220703125,320.5,314.04998779296875,314.8500061035156,299.9705810546875,6616690,299.9705810546875,-0.08568999484682804,340.5097961425781,-0.11905447522254564,-0.00031751656079714863,0.21163434573238019,0.25871578785328186,310.9979516601563,278.92416191101074
2025-09-04,319.8500061035156,319.8500061035156,312.5,312.8999938964844,298.1127014160156,5225640,298.1127014160156,-0.09440149915841989,340.5097961425781,-0.12451064611606655,-0.006193539486904487,0.21157049844786258,0.2462401596469176,310.9671954345703,279.00717140197753
2025-09-05,313.0,316.45001220703125,311.5,312.5,297.73162841796875,6159420,297.73162841796875,-0.09757773138256376,340.5097961425781,-0.12562977103512563,-0.0012782850117986078,0.20724527371101056,0.24610388938684807,310.9222479248047,279.12348152160644
2025-09-08,313.8999938964844,318.1499938964844,313.54998779296875,316.45001220703125,301.4949645996094,2002604,301.4949645996094,-0.07832872717882433,340.5097961425781,-0.11457770667670442,0.012640028208079634,0.21099200751306574,0.24677568463143784,310.7620294189453,279.30002738952635
2025-09-09,317.79998779296875,320.1499938964844,313.54998779296875,313.95001220703125,299.1131286621094,6476251,299.1131286621094,-0.09034507221859034,340.5097961425781,-0.12157261831943056,-0.007900085298814585,0.20040946290747494,0.24708725579106744,310.49316467285155,279.4724875640869
2025-09-10,315.5,318.25,314.75,317.95001220703125,302.924072265625,5214899,302.924072265625,-0.08756694071235338,340.5097961425781,-0.11038074176642854,0.012740810209707076,0.20441958864667428,0.24253048640256145,310.3202294921875,279.68747337341307
2025-09-11,318.20001220703125,326.6000061035156,317.5,320.0,304.877197265625,7529271,304.877197265625,-0.05938760772321172,340.5097961425781,-0.10464485686054403,0.006447572770932997,0.20491749269573245,0.23733896642196364,310.1844799804687,279.89634742736814
2025-09-12,321.04998779296875,323.20001220703125,317.04998779296875,318.0,302.9717102050781,4705998,302.9717102050781,-0.053575611216753694,340.5097961425781,-0.11024083994864586,-0.006250015014690358,0.20430010765559597,0.2358671160053836,310.01531372070315,280.0464514923096
2025-09-15,318.29998779296875,320.70001220703125,315.70001220703125,317.75,302.7335205078125,4653626,302.7335205078125,-0.04926270689855772,340.5097961425781,-0.1109403490375589,-0.0007861780134666985,0.20324562007823596,0.23087687713880517,309.8470147705078,280.20779029846193
2025-09-16,319.3500061035156,321.1000061035156,316.5,318.25,303.2098999023437,5381837,303.2098999023437,-0.031814268906190546,340.5097961425781,-0.10954133085973317,0.0015735931512708135,0.1764742350920526,0.23077295517347582,309.4122930908203,280.3733518218994
2025-09-17,319.8500061035156,324.75,319.25,323.54998779296875,308.2593994140625,7035565,308.2593994140625,-0.027268995208206026,340.5097961425781,-0.09471209666758529,0.016653478377009145,0.1828756244715064,0.23207059492578927,308.99784118652343,280.57566612243653
2025-09-18,324.8999938964844,326.1499938964844,321.0,325.70001220703125,310.3078308105469,5615664,310.3078308105469,-0.01508375234528847,340.5097961425781,-0.08869631850293402,0.0066451546988608445,0.18147859577781933,0.23190250274304094,308.5286199951172,280.78293006896973
2025-09-19,325.6000061035156,334.0,324.79998779296875,329.54998779296875,313.975830078125,10022009,313.975830078125,0.0013853245146764337,340.5097961425781,-0.07792423702648144,0.01182051789668681,0.184082336240047,0.2307905910093649,308.26604125976564,280.99909996032716
2025-09-22,329.0,332.29998779296875,322.45001220703125,325.3999938964844,310.02197265625,4768219,310.02197265625,-0.0046505749164851284,340.5097961425781,-0.08953581903283125,-0.012592871944605344,0.18055449373023524,0.23072678293554563,307.8783929443359,281.1950402069092
2025-09-23,328.70001220703125,335.20001220703125,326.8500061035156,330.3999938964844,314.78570556640625,7992615,314.78570556640625,0.017559712799686045,340.5097961425781,-0.0755458165009758,0.015365791235185222,0.16589862620134754,0.23154668253050165,307.7005297851563,281.41756034851073
2025-09-24,330.45001220703125,332.3999938964844,327.0,330.3500061035156,314.7380676269531,5489995,314.7380676269531,0.05393760521275848,340.5097961425781,-0.07568571831875837,-0.00015133450665238968,0.16559973155851163,0.23097100413714414,307.5301611328125,281.62442512512206
2025-09-25,329.1000061035156,332.5,327.0,329.6499938964844,314.07110595703125,5798602,314.07110595703125,0.03027006106949859,340.5097961425781,-0.0776444333909162,-0.00211910073335142,0.16425522585507144,0.22975878609316122,307.2779351806641,281.8125382232666
2025-09-26,329.79998779296875,330.0,322.95001220703125,324.3500061035156,309.0216064453125,5692665,309.0216064453125,-0.0069820030308269665,340.5097961425781,-0.09247366758306386,-0.016077567837168627,0.1708913138822755,0.23102271352379647,306.9284735107422,281.9611371612549
2025-09-29,326.6499938964844,339.0,325.5,338.1000061035156,322.121826171875,12616059,322.121826171875,0.03190992957687966,340.5097961425781,-0.054001295055263854,0.04239256884738518,0.20496466854819934,0.2408123791958545,306.8616656494141,282.1750072479248
2025-09-30,339.75,342.29998779296875,337.1499938964844,339.6499938964844,323.5985412597656,6762730,323.5985412597656,0.03465749588475964,340.5097961425781,-0.04966451795040705,0.0045843372535168125,0.20014824962224273,0.23905172954007511,306.8854016113281,282.37808250427247
2025-10-01,341.0,347.70001220703125,338.6000061035156,339.70001220703125,323.6462097167969,9814406,323.6462097167969,0.0189174258335143,340.5097961425781,-0.04952452650942274,0.00014730739157742256,0.19003132247504964,0.2382303804315511,306.92698547363284,282.6057874298096
2025-10-03,344.0,344.8999938964844,337.6000061035156,341.54998779296875,325.40875244140625,5833883,325.40875244140625,-0.03745348847705787,340.5097961425781,-0.04434833849787034,0.005445893298585691,0.18924843555050477,0.23610425587620817,307.04605773925783,282.8443758392334
2025-10-06,342.0,345.5,338.54998779296875,343.6000061035156,327.36187744140625,5914399,327.36187744140625,-0.03861245359198584,340.5097961425781,-0.03861245359198584,0.006002066586551669,0.18942834238867015,0.23511175136031207,307.1272265625,283.1099878692627
2025-10-07,343.6000061035156,346.25,341.04998779296875,341.8999938964844,325.7422180175781,5934834,325.7422180175781,-0.038952773101859184,340.5097961425781,-0.04336902577339219,-0.004947611604891322,0.18652250861866965,0.23484397919096583,307.23325805664064,283.3902820587158
2025-10-08,341.25,350.0,339.5,345.1000061035156,328.7909851074219,7955678,328.7909851074219,0.023987301360402835,340.5097961425781,-0.03441548868170996,0.009359447198456827,0.186955248407089,0.23518260460771065,307.55982788085936,283.7074498748779
2025-10-09,347.25,351.0,343.1000061035156,344.0,327.74298095703125,7028656,327.74298095703125,0.04652281383604984,340.5097961425781,-0.037493239049725235,-0.003187447946750188,0.18269590224670512,0.23501619698488066,307.8560516357422,283.9906147003174
2025-10-10,345.5,347.29998779296875,337.20001220703125,338.70001220703125,322.6934509277344,5737637,322.6934509277344,0.04654700976006754,340.5097961425781,-0.05232256286507453,-0.015406981454040292,0.1893668748502022,0.2335290481915044,308.0221868896484,284.2738433074951
2025-10-13,340.5,342.0,335.1499938964844,337.95001220703125,321.9789123535156,6785828,321.9789123535156,0.03496134371282822,340.5097961425781,-0.05442100050861165,-0.0022142952457339105,0.1871660724828717,0.23347290406204327,308.1346105957031,284.5532689666748
2025-10-14,338.1499938964844,340.29998779296875,330.6499938964844,332.45001220703125,316.73883056640625,4343927,316.73883056640625,0.01556384748955919,340.5097961425781,-0.0698099315950913,-0.016274611740274558,0.18721570499611584,0.23502694913855757,308.1946337890625,284.79314826965333
2025-10-15,334.95001220703125,340.75,332.04998779296875,337.8999938964844,321.9312438964844,16271995,321.9312438964844,0.042674458474218246,340.5097961425781,-0.05456099194959596,0.016393358909587485,0.19181097685048099,0.23372672033511893,308.5766827392578,285.04242195129393
2025-10-16,338.95001220703125,338.95001220703125,333.54998779296875,335.8999938964844,320.0257568359375,6279302,320.0257568359375,0.029749564129543105,340.5097961425781,-0.06015697503769779,-0.005918925536657738,0.19318701661801427,0.23330271134948388,308.9206219482422,285.2916027069092
2025-10-17,336.1000061035156,338.29998779296875,332.70001220703125,335.8500061035156,319.9781188964844,7824777,319.9781188964844,0.02022945678866761,340.5097961425781,-0.06029687685548035,-0.00014885657930818752,0.19168511993419896,0.23328986290311052,309.3160089111328,285.54169578552245
2025-10-20,336.25,340.04998779296875,335.5,337.70001220703125,321.74072265625,6134873,321.74072265625,0.002317266861030287,340.5097961425781,-0.05512050959752457,0.005508513412868288,0.19155280128298358,0.22228912307778295,309.73426208496096,285.8045134735107
2025-10-21,339.3999938964844,340.25,337.70001220703125,339.04998779296875,323.0268859863281,404063,323.0268859863281,0.0005859862785249081,340.5097961425781,-0.05134333976379801,0.003997514891679543,0.18926333550012606,0.20833069662694845,310.28113525390626,286.06064628601075
2025-10-23,340.0,340.1499938964844,330.04998779296875,331.29998779296875,315.64312744140625,8457356,315.64312744140625,0.0006810207668279666,340.5097961425781,-0.07302776302729252,-0.022858030910883342,0.20092248218866154,0.2092175488664621,310.5069342041016,286.27249687194825
2025-10-24,330.1499938964844,334.3999938964844,327.20001220703125,330.45001220703125,314.8333435058594,8260920,314.8333435058594,-0.0013033979052893274,340.5097961425781,-0.07540591468319313,-0.0025655047271612164,0.19861126706456628,0.20826797466382557,310.6879553222656,286.48259941101077
2025-10-27,332.70001220703125,343.5,331.25,343.0,326.7902526855469,11767585,326.7902526855469,0.07053907436634743,340.5097961425781,-0.040291185782175276,0.0379785350768127,0.2249110027462533,0.21635921909801445,311.05571350097654,286.8056407928467
2025-10-28,344.0,345.5,339.6000061035156,340.6499938964844,324.55126953125,6156249,324.55126953125,0.092015221619135,340.5097961425781,-0.0468665712179569,-0.0068514379969935035,0.22511894342208771,0.21630274814701345,311.40155822753906,287.1269217681885
2025-10-29,341.8999938964844,349.0,340.8500061035156,348.1000061035156,331.6492004394531,9756868,331.6492004394531,0.11537944418033153,340.5097961425781,-0.02602155886115798,0.02186998349584246,0.23181625004560844,0.21855707596070795,311.9741558837891,287.4652838897705
2025-10-30,350.0,359.79998779296875,345.29998779296875,357.6000061035156,340.70025634765625,14807100,340.70025634765625,0.15152262799757432,340.70025634765625,0.0,0.02729105300483159,0.2420557643329367,0.22278666950959136,312.8049462890625,287.88019554138185
2025-10-31,358.0,360.5499877929688,355.1000061035156,356.79998779296875,339.93804931640625,7532962,339.93804931640625,0.20577494309717004,340.70025634765625,-0.002237177745097574,-0.002237177745097574,0.2396579086421771,0.2228635850440029,313.47853393554686,288.3021112060547
2025-11-03,361.9500122070313,369.5,356.25,367.2999877929688,349.9418334960937,20107281,349.9418334960937,0.22486323373505535,349.9418334960937,0.0,0.029428256706786504,0.2511790755210929,0.22592409831295704,314.38077941894534,288.83088172912596
2025-11-04,369.8500061035156,373.9500122070313,368.1499938964844,372.9500122070313,355.3248596191406,12649509,355.3248596191406,0.23951183399826514,355.3248596191406,0.0,0.015382631076907405,0.2523357581053695,0.22705559431372085,315.3906854248047,289.36401695251465
2025-11-06,380.0,380.0,367.25,367.9500122070313,350.5611267089844,11803637,350.5611267089844,0.22348331863515725,355.3248596191406,-0.013406697508478116,-0.013406697508478116,0.2528184412741159,0.22282388074348874,316.3720086669922,289.88806037902833
2025-11-07,360.0,367.8500061035156,359.75,367.1499938964844,357.0773010253906,11711108,357.0773010253906,0.24843091345889157,357.0773010253906,0.0,0.018587840521791854,0.2542206942821864,0.2242277029283082,317.4960412597656,290.4451449584961
2025-11-10,366.2999877929688,369.7999877929688,363.6499938964844,365.1499938964844,355.1321716308594,6934285,355.1321716308594,0.2327049068493523,357.0773010253906,-0.005447362206854267,-0.005447362206854267,0.2554927591322261,0.22439758471952337,318.65167419433595,290.9616697692871
2025-11-11,365.0,374.8500061035156,360.04998779296875,374.1499938964844,363.88525390625,10689646,363.88525390625,0.30283882649804483,363.88525390625,0.0,0.024647393209109136,0.26148649807227187,0.22768691028169824,320.00904541015626,291.5049320983887
2025-11-12,375.2000122070313,379.1000061035156,373.6000061035156,375.4500122070313,365.1495971679688,9316462,365.1495971679688,0.2882613521012969,365.1495971679688,0.0,0.0034745658092663056,0.2537862887506138,0.2276613412053326,321.43934020996096,292.0411698913574
2025-11-13,377.1000061035156,378.75,372.1000061035156,374.9500122070313,364.663330078125,9719258,364.663330078125,0.24981649090445468,365.1495971679688,-0.001331692801019635,-0.001331692801019635,0.22931368962984813,0.22767722225538758,322.7351013183594,292.58694198608396
2025-11-14,374.0,379.75,369.4500122070313,371.1499938964844,360.9675598144531,6848609,360.9675598144531,0.24500487499990786,365.1495971679688,-0.011452942536294142,-0.010134746103700909,0.23306099280763118,0.21689238350130338,323.95313537597656,293.1434586334228
2025-11-17,372.6000061035156,381.5499877929688,372.0,374.25,363.9825134277344,9063998,363.9825134277344,0.2738029734012126,365.1495971679688,-0.003196179728215842,0.008352422624434697,0.23317120660246587,0.2164059776383725,325.2333740234375,293.7493357849121
2025-11-18,375.8500061035156,376.8999938964844,370.6499938964844,371.8500061035156,361.64837646484375,7729409,361.64837646484375,0.25713076373079646,365.1495971679688,-0.009588455609097934,-0.006412772253560628,0.23506915675031065,0.21558980980448933,326.50408752441405,294.35504760742185
2025-11-19,371.8500061035156,372.8999938964844,364.8500061035156,365.6499938964844,355.6184387207031,7056032,355.6184387207031,0.24714312210425904,365.1495971679688,-0.02610206480080368,-0.0166734821350063,0.24216154635239692,0.21475264091552965,327.66182373046877,294.94556640625
2025-11-20,367.0,368.7999877929688,363.2999877929688,365.0499877929688,355.034912109375,9025414,355.034912109375,0.2611768644223791,365.1495971679688,-0.027700112877136918,-0.0016408783904099389,0.24142183230309514,0.21455547487195226,328.73262268066406,295.5146300506592
2025-11-21,365.0499877929688,367.8500061035156,363.3999938964844,364.5499877929688,354.5486145019531,7177944,354.5486145019531,0.29175911903951834,365.1495971679688,-0.02903188925370559,-0.001369717711795282,0.2409624836317604,0.21234925874480717,329.8413323974609,296.0805583190918
2025-11-24,364.5499877929688,367.25,357.79998779296875,359.6499938964844,349.7830505371094,13807356,349.7830505371094,0.31405605536839953,365.1495971679688,-0.042082879866332745,-0.013441214462332929,0.24491299267887187,0.21370527368383613,330.7785119628906,296.6041212463379
2025-11-25,358.95001220703125,358.95001220703125,353.70001220703125,355.8500061035156,346.0873107910156,4113590,346.0873107910156,0.3078598757436193,365.1495971679688,-0.05220404602605799,-0.01056580569132426,0.24226148932639324,0.21393845847247236,331.60271423339844,297.13478256225585
2025-11-26,356.79998779296875,368.0,356.1000061035156,367.6499938964844,357.5635681152344,7651793,357.5635681152344,0.3756312017268413,365.1495971679688,-0.02077512644562729,0.03316000606317715,0.25755783451249725,0.22069614238813032,332.6945513916016,297.75145263671874
2025-11-27,368.9500122070313,368.9500122070313,361.5,364.7000122070313,354.69451904296875,5180488,354.69451904296875,0.3481235339429294,365.1495971679688,-0.028632314552960336,-0.008023885339853765,0.25308933932659883,0.22111187157739207,333.7337713623047,298.3237419891357
2025-11-28,365.7999877929688,367.0,358.6000061035156,359.1000061035156,349.2481689453125,3459790,349.2481689453125,0.27952746265536166,365.1495971679688,-0.04354770851723455,-0.015355044426261566,0.2561805839747108,0.22213466219402495,334.65453674316404,298.84392654418946
2025-12-01,361.5,361.5,352.3999938964844,354.0,344.2880859375,4470807,344.2880859375,0.2729451848448463,365.1495971679688,-0.05713140968048913,-0.014202173264906026,0.25974256874406293,0.2235080838567679,335.3751104736328,299.33320976257323
2025-12-02,355.75,361.1499938964844,354.25,358.75,348.9077453613281,9468149,348.9077453613281,0.2917839756544167,365.1495971679688,-0.04447999376860723,0.013418005480058115,0.2614802751657335,0.2241295347737565,336.14710876464846,299.8373784637451
2025-12-03,359.0,361.0,355.79998779296875,358.3999938964844,348.5673522949219,6169622,348.5673522949219,0.3016126093242548,365.1495971679688,-0.04541219544443065,-0.0009755961881950936,0.26161917687368913,0.22338315660731875,336.83893920898436,300.36049453735353
2025-12-04,360.0,361.6000061035156,353.5,356.0,346.23321533203125,5798181,346.23321533203125,0.2878062966395991,365.1495971679688,-0.05180447132531274,-0.00669637287463376,0.2630270684469382,0.22314442472164825,337.5631640625,300.8942318725586
2025-12-05,356.0,361.6000061035156,353.29998779296875,360.2999877929688,350.41522216796875,3479044,350.41522216796875,0.2942779988748454,365.1495971679688,-0.04035161236456808,0.012078583598419401,0.2531237214674058,0.21956279055311004,338.27575439453125,301.44676734924315
2025-12-08,363.0,363.0,355.1499938964844,357.54998779296875,347.7406616210937,6762135,347.7406616210937,0.28396272273745793,365.1495971679688,-0.04767617349682296,-0.007632546697965759,0.2546197631195587,0.2200784932225045,338.93580627441406,301.98522605895994
2025-12-09,357.54998779296875,358.75,352.95001220703125,355.04998779296875,345.30926513671875,5612269,345.30926513671875,0.2775903592691997,365.1495971679688,-0.054334804653018653,-0.006991982108276562,0.23415158351433654,0.22043371569814751,339.5605694580078,302.533819732666
2025-12-10,355.04998779296875,359.95001220703125,352.75,355.1499938964844,345.4065246582031,8521964,345.4065246582031,0.2635355029255513,365.1495971679688,-0.05406844937770494,0.0002816591713687977,0.23273180168871715,0.22026665756872266,340.28826782226565,303.07679870605466
2025-12-11,355.1499938964844,356.3500061035156,349.1000061035156,351.29998779296875,341.6621398925781,4491115,341.6621398925781,0.2358980308796088,365.1495971679688,-0.06432283496286173,-0.010840515445764254,0.22794527420014704,0.22061560725245397,340.6790740966797,303.5989440155029
2025-12-12,352.5,366.6499938964844,352.5,365.0499877929688,355.034912109375,6101145,355.034912109375,0.2711514503349044,365.1495971679688,-0.027700112877136918,0.03914033969640718,0.24193789569011856,0.2213084677292791,341.30780151367185,304.17457794189454
2025-12-15,365.1000061035156,369.4500122070313,361.1000061035156,367.0,356.9314270019531,6128925,356.9314270019531,0.277731257269626,365.1495971679688,-0.022506310371842808,0.005341770141168212,0.24192162929819822,0.2213615858477908,341.973505859375,304.74561531066894
2025-12-16,366.75,369.0499877929688,361.7000122070313,368.1499938964844,358.04986572265625,4332510,358.04986572265625,0.2652676865884027,365.1495971679688,-0.019443350069058618,0.0031334834539435974,0.22733256762624646,0.22064469197500192,342.626328125,305.35650413513184
2025-12-17,370.0,372.8500061035156,366.0,368.3500061035156,358.244384765625,6872112,358.244384765625,0.28816128955798304,365.1495971679688,-0.018910639518431194,0.0005432736096022683,0.22312543519002567,0.22065917412404285,343.24397827148437,305.9697734069824
2025-12-18,368.0,369.2000122070313,361.5,363.3500061035156,353.3815612792969,3880069,353.3815612792969,0.2725708485005738,365.1495971679688,-0.03222798540637206,-0.013574039658736159,0.22321571101698595,0.21987023084940732,343.79676513671876,306.5706957244873
2025-12-19,363.9500122070313,367.4500122070313,362.1000061035156,365.9500122070313,355.9102478027344,6515994,355.9102478027344,0.2978082474403476,365.1495971679688,-0.025302915399313286,0.007155683262825674,0.21748988670493102,0.21517133532729454,344.339150390625,307.2016258239746
2025-12-22,365.9500122070313,370.7000122070313,364.5499877929688,369.8999938964844,359.7518615722656,3949754,359.7518615722656,0.3339786137466567,365.1495971679688,-0.014782258114392044,0.010793771163511101,0.2190558535111561,0.2156427164817333,344.97932800292966,307.88672706604007
2025-12-23,369.8999938964844,373.5,368.5499877929688,370.0,359.84912109375,3379297,359.84912109375,0.35609216637347907,365.1495971679688,-0.01451590283907822,0.0002703516836835007,0.20677570278405752,0.2153627929560574,345.72244140625,308.5483332061768
2025-12-24,369.8999938964844,371.4500122070313,364.7999877929688,365.8999938964844,355.8616027832031,2339154,355.8616027832031,0.31260957527651945,365.1495971679688,-0.025436134824744716,-0.011081083923248025,0.20876639010043663,0.21624890664988558,346.40009521484376,309.1547570037842
2025-12-26,365.4500122070313,368.2000122070313,361.7000122070313,366.0,355.9588623046875,2997958,355.9588623046875,0.33795113750497263,365.1495971679688,-0.025169779549431004,0.0002733071529035236,0.20878107785791125,0.21466507753506653,347.1844958496094,309.73388442993166
2025-12-29,366.0,372.0,364.7999877929688,371.6000061035156,361.40521240234375,4666863,361.40521240234375,0.358187371758091,365.1495971679688,-0.0102543855851569,0.015300504284100125,0.21180933240893252,0.21438660871410717,347.9739752197266,310.297067489624
2025-12-30,371.7999877929688,376.1499938964844,368.2000122070313,369.5,359.3628234863281,8567519,359.3628234863281,0.3370994654713815,365.1495971679688,-0.015847679215647004,-0.005651243662036287,0.21096977191977634,0.21164969594622815,348.7607165527344,310.8677783203125
2025-12-31,369.5,386.0,369.0,384.0,373.4650268554688,12051156,373.4650268554688,0.3726470917803717,373.4650268554688,0.0,0.03924224334707005,0.2391643323325321,0.22038557018481697,349.83045471191406,311.5293211364746
2026-01-01,386.3999938964844,388.1499938964844,379.1499938964844,381.5,371.0335998535156,6554899,371.0335998535156,0.37323417336706877,373.4650268554688,-0.006510454332030791,-0.006510454332030791,0.2343367039360101,0.22085116443564679,350.8163122558594,312.1428050231934
2026-01-02,382.0,385.6000061035156,377.8999938964844,381.4500122070313,370.9849853515625,3614573,370.9849853515625,0.37422458179841733,373.4650268554688,-0.006640625829914981,-0.0001310245270841337,0.2342005869398787,0.21975709444820013,351.77547424316407,312.7478797912598
2026-01-05,380.0,385.4500122070313,374.3999938964844,377.8999938964844,367.5323791503906,5243413,367.5323791503906,0.36539201519024456,373.4650268554688,-0.015885417049704365,-0.009306592820461534,0.23618746111939995,0.220507201136902,352.8132592773438,313.34465545654297
2026-01-06,377.75,377.7999877929688,364.0,370.7999877929688,360.6271667480469,6881934,360.6271667480469,0.3268091889014504,373.4650268554688,-0.03437499948928335,-0.018788038262931406,0.23957243123458963,0.22209361411780632,353.7291357421875,313.9209371948242
2026-01-07,371.5499877929688,373.3999938964844,366.5,368.2000122070313,358.0985107421875,6613161,358.0985107421875,0.310405701644181,373.4650268554688,-0.0411457968170823,-0.007011828944173848,0.23828311151147366,0.22235035020960436,354.3553009033203,314.48457565307615
2026-01-08,366.2000122070313,366.5499877929688,352.20001220703125,354.54998779296875,344.8229675292969,7714421,344.8229675292969,0.26395433943906,373.4650268554688,-0.07669274836076267,-0.037072321762455895,0.24342929774116528,0.23126858963476685,354.76073486328124,314.9638150024414
2026-01-09,353.0,359.6499938964844,352.20001220703125,354.1499938964844,344.4339599609375,5252007,344.4339599609375,0.31372096891474377,373.4650268554688,-0.07773436548789969,-0.001128137058696188,0.242542698145018,0.2289843468069634,355.01643005371096,315.40886825561523
2026-01-12,353.6000061035156,359.1000061035156,349.54998779296875,358.75,348.9077453613281,4474234,348.9077453613281,0.34043160855535404,373.4650268554688,-0.0657552373803515,0.012988804590865488,0.2417394910313018,0.22976222011137834,355.1805798339844,315.84095184326173
2026-01-13,360.0,360.1499938964844,352.04998779296875,355.1000061035156,345.35791015625,3681627,345.35791015625,0.3082889912833435,373.4650268554688,-0.07526037159590926,-0.010174137009775763,0.2399469336061609,0.23060739356555646,355.2889770507812,316.2516256713867
2026-01-14,354.5,358.5,351.1499938964844,356.8999938964844,347.1084899902344,7777436,347.1084899902344,0.34685427336566765,373.4650268554688,-0.07057297195176038,0.0050688858789780245,0.2371582444251612,0.23028979692754412,355.23231018066406,316.67729431152344
2026-01-15,356.8999938964844,356.8999938964844,356.8999938964844,356.8999938964844,347.1084899902344,0,347.1084899902344,0.35825401015413894,373.4650268554688,-0.07057297195176038,0.0,0.23714255296377365,0.2302514193692333,355.06798278808594,317.13159027099607
2026-01-16,358.0,367.75,358.0,363.2000122070313,353.2356872558594,6243090,353.2356872558594,0.44657427657551296,373.4650268554688,-0.054166623766455646,0.017652110052961856,0.24165403565153926,0.2310702399838808,355.12147399902346,317.6022085571289
2026-01-19,364.0,367.0,358.95001220703125,361.25,351.33917236328125,4545354,351.33917236328125,0.4127151557244584,373.4650268554688,-0.059244783048320815,-0.00536897873290032,0.2398488135999347,0.23080602842238998,355.00671142578125,318.05203399658205
2026-01-20,361.0,361.0,353.0,355.20001220703125,345.4551696777344,6408732,345.4551696777344,0.4057039177351127,373.4650268554688,-0.07499994688545297,-0.016747357392482454,0.2438558286144941,0.23215246423312894,354.81317138671875,318.44367111206054
2026-01-21,354.0,358.75,345.5,351.95001220703125,342.2943115234375,6076732,342.2943115234375,0.3933638968274922,373.4650268554688,-0.08346354568856162,-0.009149836018507274,0.24446472568397115,0.23269024786219356,354.3813525390625,318.8091793823242
2026-01-22,355.0,361.2000122070313,353.79998779296875,354.1499938964844,344.4339599609375,4615713,344.4339599609375,0.3677392553497545,373.4650268554688,-0.07773436548789969,0.006250902704100225,0.24517346505513307,0.23246783279568986,353.9670397949219,319.1853858947754
2026-01-23,356.0,361.8999938964844,348.20001220703125,349.1499938964844,339.5711364746094,5338663,339.5711364746094,0.3304369670572065,373.4650268554688,-0.09075519243727304,-0.01411830438229611,0.24661506724438628,0.23391013355922152,353.46519592285154,319.5717720031738
2026-01-27,358.0,359.8999938964844,350.54998779296875,357.3999938964844,347.59478759765625,11887552,347.59478759765625,0.34777836390628547,373.4650268554688,-0.06927084839947906,0.02362877836540389,0.22861486532073347,0.23685383048828607,353.19774047851564,320.02526138305666
2026-01-28,360.5,365.8999938964844,357.3999938964844,362.3500061035156,352.40899658203125,12428097,352.40899658203125,0.3792434675550336,373.4650268554688,-0.056380192947989904,0.01385006092193608,0.23184537013990691,0.23639629714749916,352.96627014160157,320.4455667114258
2026-01-29,362.3500061035156,367.8999938964844,357.25,366.9500122070313,356.8828125,14186586,356.8828125,0.4294511152215852,373.4650268554688,-0.04440098312575369,0.012694953764971206,0.2347220240425923,0.2369781279110429,352.8709588623047,320.8786201477051
2026-01-30,366.7000122070313,368.0,359.5,364.5,354.5,12639803,354.5,0.4600068310625445,373.4650268554688,-0.05078126595990018,-0.006676736498763214,0.23550737107514852,0.23675473269001202,352.8485900878906,321.27512115478515
2026-02-02,353.0,367.6000061035156,351.0,366.7000122070313,366.7000122070313,12038292,366.7000122070313,0.5247020613505995,373.4650268554688,-0.01811418516319485,0.03441470298175253,0.2523704324412097,0.24186656998474104,353.08189208984373,321.7269906616211
2026-02-03,372.0,374.7000122070313,358.29998779296875,373.4500122070313,373.4500122070313,12411365,373.4500122070313,0.5723239247779845,373.4650268554688,-4.020362646517395e-05,0.018407416894737016,0.2566874996271108,0.2423961345652757,353.4599200439453,322.1921954345703
2026-02-04,373.0,383.2000122070313,370.3500061035156,382.4500122070313,382.4500122070313,8138573,382.4500122070313,0.5854678333885881,382.4500122070313,0.0,0.02409961094072921,0.26357438723376064,0.24516340804639178,354.11325927734373,322.7042774963379
2026-02-05,386.0,391.6499938964844,378.3500061035156,382.0499877929688,382.0499877929688,8446290,382.0499877929688,0.5828857356664701,382.4500122070313,-0.0010459521539927241,-0.0010459521539927241,0.26368459499246316,0.24511540285682074,354.8325128173828,323.1876092529297
2026-02-06,382.5,386.8999938964844,381.3500061035156,386.3500061035156,386.3500061035156,7988984,386.3500061035156,0.5764853833568124,386.3500061035156,0.0,0.011255119612454845,0.26190048009358047,0.24357630234688177,355.40824157714843,323.68282012939454
2026-02-09,386.5,389.5,382.8999938964844,388.2999877929688,388.2999877929688,5171617,388.2999877929688,0.6182197110028977,388.2999877929688,0.0,0.0050471894878934,0.26185387678146205,0.23413461696479446,356.0803509521484,324.2142965698242
2026-02-10,386.0,388.0,381.8999938964844,386.3500061035156,386.3500061035156,3114005,386.3500061035156,0.6494502968899711,388.2999877929688,-0.005021843293213979,-0.005021843293213979,0.2602004065344561,0.23440750738054592,356.8223876953125,324.72874908447267
2026-02-11,388.0,390.8999938964844,386.0,387.6000061035156,387.6000061035156,5156493,387.6000061035156,0.6134091464708573,388.2999877929688,-0.0018026827490563724,0.0032354082574159726,0.2590962346914085,0.2343924332677882,357.6886260986328,325.27901763916014
2026-02-12,387.0499877929688,389.5,373.5499877929688,377.7000122070313,377.7000122070313,6352805,377.7000122070313,0.5403045332764165,388.2999877929688,-0.027298418540226965,-0.025541779516485175,0.2473647379746094,0.23883790857301757,358.26447143554685,325.71267578125
2026-02-13,377.4500122070313,378.3999938964844,372.9500122070313,374.1000061035156,374.1000061035156,2696607,374.1000061035156,0.5180692961561737,388.2999877929688,-0.03656961662595837,-0.009531389958077008,0.2482613236535691,0.2394717770160496,358.77512451171873,326.12035568237303
2026-02-16,372.6499938964844,375.2999877929688,369.0499877929688,374.3500061035156,374.3500061035156,1709180,374.3500061035156,0.5090255261204821,388.2999877929688,-0.0359257845171268,0.0006682705050018445,0.24825748085350918,0.23922154178631425,359.33746032714845,326.5370291137695
2026-02-17,374.3500061035156,375.7999877929688,366.5499877929688,374.9500122070313,374.9500122070313,2646518,374.9500122070313,0.5370322727860419,388.2999877929688,-0.034380571737373744,0.0016027944269614292,0.24655120047575002,0.23886633550762051,359.8281561279297,326.95036697387695
2026-02-18,377.0,381.3999938964844,375.75,380.8999938964844,380.8999938964844,2527223,380.8999938964844,0.5904912781433098,388.2999877929688,-0.019057414702855713,0.01586873315306825,0.24308198398228695,0.23991730126573968,360.4913427734375,327.3481669616699
2026-02-19,377.4500122070313,378.8500061035156,365.0,367.6499938964844,367.6499938964844,5506935,367.6499938964844,0.532461608336372,388.2999877929688,-0.05318051647092625,-0.034786033636957425,0.2643648976265979,0.24596418665476022,360.9381573486328,327.72477005004885
2026-02-20,364.8500061035156,367.8999938964844,362.2999877929688,366.2999877929688,366.2999877929688,6928709,366.2999877929688,0.5259389139710624,388.2999877929688,-0.056657225577173675,-0.003671987286624767,0.23906587158183332,0.24603974394218187,361.3560266113281,328.0690461730957
2026-02-23,370.0,376.7000122070313,366.6499938964844,372.1000061035156,372.1000061035156,7760029,372.1000061035156,0.5794353256849356,388.2999877929688,-0.04172027349661056,0.01583406634953244,0.24209523420916582,0.24531784416812125,361.96478393554685,328.48432495117186
2026-02-24,370.0,376.0,369.0,374.4500122070313,374.4500122070313,7718539,374.4500122070313,0.5812206323502087,388.2999877929688,-0.035668235955036764,0.00631552288354964,0.24039526119987495,0.24421014044983919,362.3530859375,328.91651611328126
2026-02-25,376.1000061035156,381.8999938964844,374.0,381.0499877929688,381.0499877929688,7003584,381.0499877929688,0.6062262101082845,388.2999877929688,-0.018671131156114074,0.01762578547410598,0.24119164610956342,0.24527945957352895,362.8354571533203,329.37138259887695
2026-02-26,380.0,387.0,378.5499877929688,386.0,386.0,4800186,386.0,0.6089492469416196,388.2999877929688,-0.005923223964135471,0.012990453655966627,0.2427569160913327,0.24592918541624234,363.3944598388672,329.86108901977536
2026-02-27,386.6499938964844,389.8999938964844,382.5,385.3999938964844,385.3999938964844,9020770,385.3999938964844,0.5878119515636893,388.2999877929688,-0.007468436743888418,-0.0015544199572943285,0.24300220996487945,0.24594449242928193,363.93757202148436,330.32151458740236
2026-03-02,368.0,376.9500122070313,367.1000061035156,374.7999877929688,374.7999877929688,14939455,374.7999877929688,0.5889966913169362,388.2999877929688,-0.034766933876901995,-0.027503908332605298,0.25525742315905364,0.25086529019526604,364.36594055175783,330.7078213500977
2026-03-04,365.0,367.8500061035156,352.70001220703125,356.3999938964844,356.3999938964844,13534628,356.3999938964844,0.5127942252099966,388.2999877929688,-0.0821529613683446,-0.049092834833944,0.2947756389890845,0.261763846299725,364.3757354736328,330.9875796508789
2026-03-05,356.6499938964844,362.5,351.1000061035156,360.3500061035156,360.3500061035156,12170764,360.3500061035156,0.5452593944632547,388.2999877929688,-0.07198038261169193,0.011083087190451923,0.2915245653104022,0.26216192551798007,364.3876983642578,331.30069778442385
2026-03-06,362.0499877929688,362.0499877929688,351.20001220703125,352.75,352.75,10536915,352.75,0.5355367747517521,388.2999877929688,-0.09155289443872738,-0.021090622935447945,0.2973372014338621,0.25756917169372845,364.2457159423828,331.59599609375
2026-03-09,341.3500061035156,341.45001220703125,322.79998779296875,331.1499938964844,331.1499938964844,34756111,331.1499938964844,0.48676691736534616,388.2999877929688,-0.14718000436032797,-0.06123318526864807,0.34743374547587585,0.27755044777192733,363.7514837646484,331.7694497680664
2026-03-10,336.5,342.20001220703125,324.3500061035156,325.8999938964844,325.8999938964844,15916729,325.8999938964844,0.4323518295023603,388.2999877929688,-0.16070047864578985,-0.015853842961691567,0.34803581748528445,0.2764545491732572,363.1503063964844,331.9297941589355
2026-03-11,326.0,328.8999938964844,322.75,325.04998779296875,325.04998779296875,13909498,325.04998779296875,0.38568659750574175,388.2999877929688,-0.16288952353437436,-0.002608180789919312,0.3400301992340593,0.27258394574660727,362.4232019042969,332.05843399047853
2026-03-12,318.70001220703125,330.3500061035156,314.0,326.3500061035156,326.3500061035156,11176171,326.3500061035156,0.3590364241674011,388.2999877929688,-0.15954154941277843,0.0039994411917188,0.3372252846413784,0.2726631135823994,361.7629455566406,332.1745671081543
2026-03-13,323.6499938964844,325.3500061035156,318.1499938964844,319.29998779296875,319.29998779296875,7556076,319.29998779296875,0.28352206507406885,388.2999877929688,-0.17769766203749926,-0.0216026296267654,0.3385893321628459,0.2702664357428547,360.6796447753906,332.28337387084963
2026-03-16,314.8999938964844,318.45001220703125,301.1000061035156,304.95001220703125,304.95001220703125,18589204,304.95001220703125,0.2435739121826126,388.2999877929688,-0.21465356221019904,-0.04494198601486288,0.3592615795538129,0.2787113416743571,359.35797302246095,332.29837356567384
2026-03-17,305.29998779296875,305.8999938964844,298.1499938964844,300.04998779296875,300.04998779296875,16467622,300.04998779296875,0.24421292004836626,388.2999877929688,-0.22727273441752616,-0.016068287318958596,0.34075084461200833,0.2790674656683582,357.93927307128905,332.3008401489258
2026-03-18,300.79998779296875,307.45001220703125,299.6000061035156,303.70001220703125,303.70001220703125,9223774,303.70001220703125,0.22293588658237962,388.2999877929688,-0.21787272275435665,0.012164721088343988,0.3372580778428088,0.27795833254091024,356.6626257324219,332.325076751709
2026-03-19,298.0,298.0,284.3999938964844,286.0,286.0,15494502,286.0,0.14413715120635806,388.2999877929688,-0.2634560674967429,-0.05828123640299765,0.35599483850980607,0.29362313895750336,355.17008239746093,332.2692607116699
2026-03-20,288.5,295.8500061035156,286.95001220703125,287.79998779296875,287.79998779296875,16601274,287.79998779296875,0.15965501399854798,388.2999877929688,-0.25882050775027055,0.006293663611778744,0.35811917893733003,0.2904549090992241,353.76411193847656,332.2545919799805
2026-03-23,280.04998779296875,281.0,270.0,271.29998779296875,271.29998779296875,14357554,271.29998779296875,0.10567339994684288,388.2999877929688,-0.3013134269331508,-0.057331482626293284,0.3787417239065343,0.30443650220331,352.29365234375,332.14897583007814
2026-03-24,280.0,283.0,270.70001220703125,282.25,282.25,19542984,282.25,0.1502997831800288,388.2999877929688,-0.2731135491292156,0.040361270548184836,0.4050125790420082,0.31299999671157785,351.04997314453124,332.10632247924804
2026-03-25,288.20001220703125,289.75,281.79998779296875,284.54998779296875,284.54998779296875,18451485,284.54998779296875,0.1428853346041683,388.2999877929688,-0.26719032516508034,0.008148761002546578,0.40827725083004257,0.3132568256395478,349.76281799316405,332.0427871704102
2026-03-27,290.0,298.5,280.79998779296875,282.70001220703125,282.70001220703125,29524543,282.70001220703125,0.10679018666235907,388.2999877929688,-0.2719546198962042,-0.006501408066422076,0.4065439818128224,0.31279289476812,348.50966003417966,331.95263778686524
2026-03-30,274.95001220703125,285.25,273.1000061035156,281.0,281.0,14757987,281.0,0.07051278026848484,388.2999877929688,-0.2763327096733732,-0.006013484731604013,0.40404781737855694,0.31277986289919246,347.187490234375,331.85539611816404
2026-04-01,292.0,292.0,280.1000061035156,281.25,281.25,16919233,281.25,0.06848506996165704,388.2999877929688,-0.27568887756454163,0.000889679715302405,0.4051659339766358,0.3119226763693741,345.8703204345703,331.69487518310547
2026-04-02,275.29998779296875,281.1499938964844,266.6000061035156,278.1499938964844,278.1499938964844,13404373,278.1499938964844,0.06174347411330028,388.2999877929688,-0.2836724114326099,-0.011022243923611064,0.40412134956254847,0.3122519920934292,344.3686065673828,331.590188293457
2026-04-06,277.75,279.95001220703125,272.1499938964844,278.70001220703125,278.70001220703125,11923889,278.70001220703125,0.08761278285704144,388.2999877929688,-0.28225593363750845,0.0019774162236780857,0.4042124976934412,0.31233695879153905,342.9158233642578,331.51805252075195
2026-04-07,273.20001220703125,278.25,271.0,277.45001220703125,277.45001220703125,14410706,277.45001220703125,0.07077240750134584,388.2999877929688,-0.28547509418166606,-0.00448510924022294,0.3973496226989814,0.3118058815875172,341.55572021484375,331.42042526245115
2026-04-08,293.5,301.5,292.1499938964844,298.1000061035156,298.1000061035156,26646510,298.1000061035156,0.14051095274023417,388.2999877929688,-0.23229457771074002,0.07442779956007173,0.45979418325340643,0.3369108280865787,340.6718341064453,331.4429429626465
2026-04-09,296.0,299.70001220703125,293.0,297.3500061035156,297.3500061035156,17580272,297.3500061035156,0.11313785223806216,388.2999877929688,-0.2342260740372345,-0.002515934198738523,0.45986944313448386,0.33178870548060935,339.7301550292969,331.44739669799804
2026-04-10,297.3999938964844,303.20001220703125,296.20001220703125,299.3500061035156,299.3500061035156,13853270,299.3500061035156,0.11202886778624199,388.2999877929688,-0.22907541716658242,0.006726080238598442,0.4567694722909516,0.33192701819897724,338.925732421875,331.4731137084961
2026-04-13,284.25,294.0,284.25,292.95001220703125,292.95001220703125,13454302,292.95001220703125,0.08825409637673243,388.2999877929688,-0.24555750343411198,-0.021379635096019478,0.4568997151158089,0.3327825110160468,337.8328369140625,331.46659622192385
2026-04-15,300.6000061035156,311.45001220703125,299.0,310.45001220703125,310.45001220703125,26146547,310.45001220703125,0.18359593835701782,388.2999877929688,-0.2004892558159056,0.05973715402214275,0.4921612498290402,0.34760730794740785,336.9936572265625,331.5478132629394
2026-04-16,314.8999938964844,314.8999938964844,307.25,307.95001220703125,307.95001220703125,14067180,307.95001220703125,0.19872991179137878,388.2999877929688,-0.2069275769042208,-0.00805282622547554,0.48874523583135204,0.3469572798499041,336.01500122070314,331.58931076049805
2026-04-17,308.79998779296875,313.70001220703125,306.25,312.1000061035156,312.1000061035156,10758881,312.1000061035156,0.16304234225781777,388.2999877929688,-0.196239979616175,0.013476193317032203,0.49214191224652193,0.3478195151113332,335.16700134277346,331.64991577148436
2026-04-20,312.1000061035156,319.0,307.0,316.04998779296875,316.04998779296875,14504057,316.04998779296875,0.16937692892848766,388.2999877929688,-0.18606747945230895,0.012656141019564693,0.4910415096546822,0.3484273680633356,334.1540008544922,331.6826362609863
2026-04-21,316.04998779296875,320.1000061035156,315.1000061035156,318.04998779296875,318.04998779296875,9935289,318.04998779296875,0.15570574335252485,388.2999877929688,-0.18091682258165687,0.0063281128848202695,0.47397245584245423,0.3479592966205468,333.04600036621093,331.71010437011716
2026-04-22,317.0,317.0,313.0,314.3999938964844,314.3999938964844,7456858,314.3999938964844,0.1377860490306977,388.2999877929688,-0.19031675565203965,-0.011476164240132869,0.47250750269250213,0.34823113462126004,331.685,331.7242501831055
2026-04-23,312.0,313.75,308.3999938964844,309.79998779296875,309.79998779296875,8518111,309.79998779296875,0.10481448219089118,388.2999877929688,-0.20216328217309698,-0.014631062954251095,0.4708581971440726,0.34884477771054123,330.24,331.7149267578125
2026-04-24,309.0,310.75,300.1499938964844,308.1000061035156,308.1000061035156,10531252,308.1000061035156,0.10022513821441925,388.2999877929688,-0.20654129335747928,-0.005487352344859309,0.4384739763816473,0.3489199225484292,328.675,331.6982766723633
2026-04-27,308.29998779296875,315.1000061035156,306.70001220703125,312.6499938964844,312.6499938964844,5296412,312.6499938964844,0.09554282003937153,388.2999877929688,-0.19482358041386028,0.014767892576542208,0.43906963593522264,0.34951196032152454,327.1620001220703,331.70578430175783
2026-04-28,308.70001220703125,313.1000061035156,305.1499938964844,307.75,307.75,14434171,307.75,0.07115075538241378,388.2999877929688,-0.20744267402840078,-0.015672457995015043,0.4411094953624423,0.34378844783590484,325.59,331.6198043823242
2026-04-29,308.3999938964844,310.8999938964844,303.1499938964844,303.8999938964844,303.8999938964844,16918034,303.8999938964844,0.07764159325074971,388.2999877929688,-0.2173577042229634,-0.012510174178767208,0.4419315358055743,0.3441015668144788,323.9159997558594,331.4943943786621
2026-04-30,300.04998779296875,302.3500061035156,295.54998779296875,300.45001220703125,300.45001220703125,13025294,300.45001220703125,0.059939810953467676,388.2999877929688,-0.22624254016916634,-0.011352358534854945,0.4389693613081478,0.34439659551328156,322.3709997558594,331.32779998779296
2026-05-01,300.45001220703125,300.45001220703125,300.45001220703125,300.45001220703125,300.45001220703125,0,300.45001220703125,0.08252215014189135,388.2999877929688,-0.22624254016916634,0.0,0.419349002329162,0.34438771421130887,320.8979998779297,331.1945262145996
2026-05-04,302.5,305.8999938964844,300.1000061035156,301.70001220703125,301.70001220703125,9009471,301.70001220703125,0.03688245533146528,388.2999877929688,-0.22302337962500873,0.004160425858590555,0.41677145610795413,0.34393752040346187,319.445,331.0560043334961
2026-05-05,300.25,300.45001220703125,293.29998779296875,298.5,298.5,12433693,298.5,0.020289487414801632,388.2999877929688,-0.23126446205516693,-0.010606602842413437,0.41646503005264135,0.3439527368852743,317.9159997558594,330.93011001586916
2026-05-06,304.70001220703125,316.6000061035156,301.8500061035156,314.04998779296875,314.04998779296875,16983058,314.04998779296875,0.07915276756791911,388.2999877929688,-0.19121813632296114,0.0520937614504815,0.4055255870679622,0.3549734301959006,316.57899963378907,330.88407745361326
2026-05-07,315.70001220703125,316.95001220703125,305.1000061035156,307.6000061035156,307.6000061035156,17998452,307.6000061035156,0.05240672654930911,388.2999877929688,-0.2078289575751423,-0.020538073364629872,0.4112964730274501,0.3564239588812331,315.3779998779297,330.7886654663086
2026-05-08,306.0,306.3500061035156,301.3999938964844,302.75,302.75,11782486,302.75,0.004679112229524218,388.2999877929688,-0.2203193162050311,-0.015767249698569463,0.37473790612420965,0.356866901948421,314.1070001220703,330.66994201660157
2026-05-11,298.75,299.3999938964844,293.75,294.45001220703125,294.45001220703125,10388130,294.45001220703125,0.007254269186847351,388.2999877929688,-0.2416945107811228,-0.02741531888676718,0.36891216085269846,0.35946572906662144,312.55400024414064,330.5148809814453
2026-05-12,286.0,293.70001220703125,286.0,287.8500061035156,287.8500061035156,10652991,287.8500061035156,-0.032257273509824214,388.2999877929688,-0.2586916941728322,-0.0224146912205766,0.37483202965536394,0.35990971966171625,310.82200012207034,330.3420722961426
2026-05-13,288.54998779296875,299.0,288.54998779296875,297.1000061035156,297.1000061035156,12403055,297.1000061035156,0.027870319515526765,388.2999877929688,-0.23486990614606607,0.03213479174523126,0.3850175480685279,0.36443042811624876,309.14300048828125,330.21973724365233
2026-05-14,301.1000061035156,301.1000061035156,291.1499938964844,295.0,295.0,11845204,295.0,0.02426366109072564,388.2999877929688,-0.24027811157880818,-0.007068347561002497,0.38521885707313624,0.3578235514198827,307.32300048828125,330.09746154785154
2026-05-15,293.0,294.6499938964844,283.5,284.45001220703125,284.45001220703125,14828416,284.45001220703125,-0.019397209936884208,388.2999877929688,-0.26744779513438355,-0.03576267048463988,0.4004013268466266,0.362105222117025,305.3040008544922,329.90319442749023
2026-05-18,282.0,282.5,276.6000061035156,280.79998779296875,280.79998779296875,8613476,280.79998779296875,-0.025198779376186864,388.2999877929688,-0.27684780679755305,-0.01283186590762353,0.400894861079754,0.36247447731940363,303.4240008544922,329.70499114990236
2026-05-19,282.0,289.79998779296875,282.0,286.45001220703125,286.45001220703125,6955573,286.45001220703125,-0.023404431972142703,388.2999877929688,-0.26229713826373136,0.020121170440463798,0.4048590202281435,0.3643261740225052,302.02500122070313,329.5749287414551
2026-05-20,281.8500061035156,294.75,280.04998779296875,293.75,293.75,10290169,293.75,-0.012733254794535132,388.2999877929688,-0.2434972721229658,0.025484334026464328,0.4104666458452846,0.36625040554443844,300.6930010986328,329.4790197753906
2026-05-21,295.0,298.5,294.75,296.3999938964844,296.3999938964844,10786772,296.3999938964844,-0.013474329490707593,388.2999877929688,-0.23667266748790905,0.009021255817819096,0.34977033024435555,0.36661325095099895,299.5660009765625,329.38908630371094
2026-05-22,297.0,297.70001220703125,291.6000061035156,295.6000061035156,295.6000061035156,5366953,295.6000061035156,-0.007142038590399413,388.2999877929688,-0.23873289879905513,-0.0026990142018968877,0.34978236169998417,0.36173813851136816,298.8550012207031,329.2852976989746
2026-05-25,305.0,309.0,304.04998779296875,308.25,308.25,14530864,308.25,0.0495748752161993,388.2999877929688,-0.20615500981073764,0.04279429511261412,0.3707692221825908,0.3692384129960757,298.50200134277344,329.2578593444824
2026-05-26,308.25,308.29998779296875,302.1000061035156,304.6000061035156,304.6000061035156,8611871,304.6000061035156,0.027459918428119456,388.2999877929688,-0.21555494288112054,-0.011841018317873098,0.3667217344727747,0.3689189891254862,298.0930017089844,329.2667153930664
2026-05-27,305.5,308.45001220703125,302.1499938964844,307.1499938964844,307.1499938964844,5948761,307.1499938964844,0.045328344961258926,388.2999877929688,-0.20898788680815372,0.008371594687697215,0.32358680559217445,0.3689526689676953,297.70900146484377,329.28832138061523
2026-05-28,307.1499938964844,307.1499938964844,307.1499938964844,307.1499938964844,307.1499938964844,0,307.1499938964844,0.026152343797791744,388.2999877929688,-0.20898788680815372,0.0,0.3227199046528824,0.3688126999019959,297.46600158691405,329.3230274963379
2026-05-29,310.6000061035156,312.0,290.0,298.1000061035156,298.1000061035156,26387806,298.1000061035156,-0.01657205202145995,388.2999877929688,-0.23229457771074002,-0.02946439190234451,0.3311537962219019,0.3718488388698575,297.32900146484377,329.30938720703125
2026-06-01,298.75,300.3500061035156,295.6499938964844,296.8500061035156,296.8500061035156,7741307,296.8500061035156,-0.0023144192679480646,388.2999877929688,-0.23551373825489763,-0.004193223664564205,0.3285649382182195,0.3704707377832367,297.2650018310547,329.3152210998535
2026-06-02,294.0,297.45001220703125,291.0,294.3999938964844,294.3999938964844,8495475,294.3999938964844,-0.0250043964706953,388.2999877929688,-0.24182332435856113,-0.00825336754811079,0.32811643623694936,0.37058389635943934,297.07900146484377,329.26545516967775
2026-06-03,294.0,294.25,290.1499938964844,292.1000061035156,292.1000061035156,6711789,292.1000061035156,-0.024892335098467555,388.2999877929688,-0.24774654832269638,-0.007812458697867619,0.3274037214322619,0.3698570773776697,297.20100158691406,329.19704376220704
2026-06-04,290.1000061035156,296.20001220703125,290.1000061035156,295.1499938964844,295.1499938964844,8514225,295.1499938964844,-0.012389708566646673,388.2999877929688,-0.23989182803206655,0.010441587570141575,0.32722607912936547,0.3701765690349084,297.3480017089844,329.13078201293945
2026-06-05,295.0,295.8999938964844,291.75,295.0,295.0,5528678,295.0,-0.00727952838547774,388.2999877929688,-0.24027811157880818,-0.0005081954924145426,0.32700508779716947,0.3699549532824352,297.822001953125,329.06948684692384
2026-06-08,291.3999938964844,292.3999938964844,283.8999938964844,285.1499938964844,285.1499938964844,5454197,285.1499938964844,-0.019205684029297232,388.2999877929688,-0.2656451123853273,-0.03338985119835802,0.3361728769864929,0.37321433182804337,297.8800018310547,328.98014022827147
2026-06-09,288.75,290.1499938964844,285.25,289.1000061035156,289.1000061035156,5025923,289.1000061035156,-0.011364390609013175,388.2999877929688,-0.2554725336286746,0.013852401513517743,0.3372755150697033,0.37169367063884623,297.97100219726565,328.92983657836913
2026-06-10,289.0,290.20001220703125,286.29998779296875,288.0,288.0,6874985,288.0,-0.00956277514742665,388.2999877929688,-0.2583054106260907,-0.0038049328270223226,0.3358285749806669,0.3707652110945063,298.077001953125,328.8385432434082
2026-06-11,285.0,287.3999938964844,280.25,286.3500061035156,286.3500061035156,12991146,286.3500061035156,-0.036692295348943915,388.2999877929688,-0.2625546868258214,-0.005729145473904129,0.33479982119843976,0.36998269603567524,298.18400207519534,328.74614547729493
2026-06-12,293.1000061035156,303.79998779296875,292.54998779296875,302.3500061035156,302.3500061035156,11278769,302.3500061035156,0.005387283563132783,388.2999877929688,-0.22134943186060418,0.05587567542853833,0.37371627418483155,0.3824244273319276,298.60600219726564,328.73374771118165
2026-06-15,315.0,316.75,308.75,310.6000061035156,310.6000061035156,15261091,310.6000061035156,0.033788412925792155,388.2999877929688,-0.20010297226916407,0.027286257097595135,0.3816246968608032,0.3807121338935659,299.25500244140625,328.77927291870117
2026-06-16,314.0,314.0,309.5,312.1000061035156,312.1000061035156,8875346,312.1000061035156,-0.004002438646706907,388.2999877929688,-0.196239979616175,0.004829362429246364,0.38007794339066575,0.37937142361336046,299.9230023193359,328.8353945922852
2026-06-17,316.0,319.5,315.29998779296875,317.95001220703125,317.95001220703125,14716072,317.95001220703125,0.06306732466064213,388.2999877929688,-0.18117429255096007,0.018744011499875812,0.3530280262987035,0.3784444744585726,300.7330023193359,328.9383920288086
2026-06-18,319.0,321.6000061035156,314.3999938964844,316.29998779296875,316.29998779296875,7174272,316.29998779296875,0.07905381579606274,388.2999877929688,-0.1854236473434775,-0.00518957179026025,0.3477874608778372,0.3784855518821173,301.097001953125,329.0398085021973
2026-06-19,315.0,315.0,305.1000061035156,306.6000061035156,306.6000061035156,11322845,306.6000061035156,0.03240854349042244,388.2999877929688,-0.21040428601046834,-0.030667031501127262,0.3566571494077085,0.3808794824099362,301.282001953125,329.10463424682615
2026-06-22,311.75,311.79998779296875,306.79998779296875,308.6000061035156,308.6000061035156,5440551,308.6000061035156,0.051102590709551476,388.2999877929688,-0.20525362913981626,0.0065231570782315895,0.34686860165904476,0.38096789272682396,301.467001953125,329.14825790405274
2026-06-23,309.04998779296875,313.3500061035156,307.5,308.54998779296875,308.54998779296875,6611723,308.54998779296875,0.0407837785171401,388.2999877929688,-0.2053824427172546,-0.0001620813660324627,0.3392854118490511,0.38095511190805537,301.77900146484376,329.1906785583496
2026-06-24,308.8500061035156,316.79998779296875,308.20001220703125,315.70001220703125,315.70001220703125,7690718,315.70001220703125,0.07305549199310168,388.2999877929688,-0.18696878153044372,0.023172985567771365,0.33343565180633816,0.38321633120383,301.8840014648438,329.26932571411135
2026-06-25,319.95001220703125,320.8500061035156,309.0,309.75,309.75,9118712,309.75,0.052663740540311865,388.2999877929688,-0.20229201715774858,-0.01884704458968889,0.3380085777570718,0.38221374400187813,301.9200012207031,329.32751220703125
2026-06-26,309.75,309.75,309.75,309.75,309.75,0,309.75,0.05283156728829708,388.2999877929688,-0.20229201715774858,0.0,0.3187766703402493,0.38200867951751927,301.8730010986328,329.3876040649414
2026-06-29,308.70001220703125,309.0,299.75,300.79998779296875,300.79998779296875,11893768,300.79998779296875,0.0038360524976810417,388.2999877929688,-0.22534123809103157,-0.028894308981537553,0.32896167237514423,0.3846594715530253,301.5680010986328,329.3841291809082
2026-06-30,301.20001220703125,304.45001220703125,299.8999938964844,303.54998779296875,303.54998779296875,4259519,303.54998779296875,0.011904112755287244,388.2999877929688,-0.2182590848938849,0.009142287605053756,0.3253712736199398,0.3850737302100721,301.2780010986328,329.4063134765625
2026-07-01,305.20001220703125,306.5,301.1499938964844,304.20001220703125,304.20001220703125,4919350,304.20001220703125,-0.017143058852251314,388.2999877929688,-0.21658505853669363,0.002141408137712908,0.3177602301739239,0.383948112307482,301.0740014648438,329.41269317626956
2026-07-02,305.0,314.5,304.79998779296875,310.45001220703125,310.45001220703125,7323630,310.45001220703125,-0.006739116489437924,388.2999877929688,-0.2004892558159056,0.02054569279815288,0.3219037660016394,0.38181172759346554,301.087001953125,329.44055725097655
2026-07-03,313.6000061035156,313.6000061035156,306.70001220703125,308.1499938964844,308.1499938964844,3035350,308.1499938964844,-0.010979324951836733,388.2999877929688,-0.20641255837282768,-0.007408659108098403,0.322756666032463,0.38192055483143855,301.0880017089844,329.4664486694336
2026-07-06,308.1499938964844,310.8999938964844,306.04998779296875,308.1499938964844,308.1499938964844,2818204,308.1499938964844,-0.01127711691838773,388.2999877929688,-0.20641255837282768,0.0,0.29817200653290316,0.38078744303848755,300.99800170898436,329.49353103637696
2026-07-07,309.5,315.8500061035156,307.75,313.95001220703125,313.95001220703125,6889552,313.95001220703125,0.008091670121693095,388.2999877929688,-0.19147560629226434,0.01882206206531767,0.3006821255540192,0.38211576126859775,301.122001953125,329.5472315979004
2026-07-08,306.95001220703125,307.8500061035156,299.3999938964844,303.54998779296875,303.54998779296875,15951234,303.54998779296875,-0.024420754095373254,388.2999877929688,-0.2182590848938849,-0.03312637047201106,0.315735938502368,0.38429007969682477,301.1150018310547,329.52368453979494
2026-07-09,303.54998779296875,309.1000061035156,299.75,308.20001220703125,308.20001220703125,5543009,308.20001220703125,-0.051534631939089914,388.2999877929688,-0.20628374479538925,0.01531880942533248,0.318926758242401,0.38457091088190143,301.2700018310547,329.51314544677734
2026-07-10,312.0,313.75,309.1000061035156,309.75,309.75,3799709,309.75,-0.05845911005129645,388.2999877929688,-0.20229201715774858,0.005029162010310229,0.3063670347206305,0.3847603464211793,301.45600158691406,329.49201629638674
2026-07-13,304.79998779296875,309.1499938964844,302.1499938964844,307.54998779296875,307.54998779296875,5543349,307.54998779296875,-0.07855406343584803,388.2999877929688,-0.20795777115258063,-0.007102541427058129,0.30694884449208276,0.3824591968936105,301.5730010986328,329.47965637207034
2026-07-14,302.95001220703125,307.20001220703125,302.04998779296875,305.3500061035156,305.3500061035156,9995741,305.3500061035156,-0.06650701227001476,388.2999877929688,-0.21362344655462595,-0.007153249152245356,0.30666584387791385,0.3741573393376618,301.71000122070313,329.4324778747559
2026-07-15,306.0,311.1499938964844,306.0,309.6000061035156,309.6000061035156,9056446,309.6000061035156,-0.06012179260496853,388.2999877929688,-0.2026783007044901,0.013918453954637311,0.3074611008083159,0.374456059033562,301.6210015869141,329.4067875671387
2026-07-16,312.04998779296875,318.25,310.29998779296875,312.0,312.0,7899255,312.0,-0.03608163782518503,388.2999877929688,-0.19649752817826494,0.007751918117475443,0.3069270296572197,0.37327241270148753,301.70900146484377,329.3964320373535
2026-07-17,311.6000061035156,316.0,310.3999938964844,315.54998779296875,315.54998779296875,5658733,315.54998779296875,-0.023840239702377253,388.2999877929688,-0.18735514366997208,0.011378166003104928,0.30800354171000366,0.35967319385357044,301.96500122070313,329.4290739440918
2026-07-20,311.0,320.25,309.0,317.6000061035156,317.6000061035156,11702075,317.6000061035156,-0.02780191819895672,388.2999877929688,-0.18207567322188156,0.006496651528606234,0.2887917851933605,0.3588771765903203,302.4280010986328,329.40646484375
2026-07-21,317.6000061035156,321.8999938964844,317.0,319.3500061035156,319.3500061035156,6264859,319.3500061035156,-0.02188300164750867,388.2999877929688,-0.17756884846006094,0.005510075460860131,0.2872660435817532,0.3589694735119942,303.0580010986328,329.3852221679688
2026-07-22,317.5,321.70001220703125,308.1000061035156,314.0,314.0,9784696,314.0,-0.035218278991360874,388.2999877929688,-0.19134687130761274,-0.016752797874634906,0.29252233607833306,0.36000188845418524,303.3960009765625,329.3369911193848
2026-07-23,305.3999938964844,317.0,305.1000061035156,309.8500061035156,309.8500061035156,11432842,309.8500061035156,-0.038961785129999815,388.2999877929688,-0.20203446859565866,-0.013216541071606303,0.295266694620078,0.3588602990531484,303.6930010986328,329.25919738769534
2026-07-24,306.8999938964844,311.79998779296875,305.5,310.1499938964844,310.1499938964844,5796307,310.1499938964844,-0.03550433382670082,388.2999877929688,-0.2012619015021755,0.0009681710087445783,0.24871316448576206,0.35074147006781736,304.2070007324219,329.1731379699707
2026-07-27,315.20001220703125,318.54998779296875,313.20001220703125,316.25,316.25,5954256,316.25,-0.010033143209348672,388.2999877929688,-0.1855523823281291,0.01966792269404838,0.2426134235297039,0.351079906821458,304.9160009765625,329.1256768798828
2026-07-28,317.5,321.29998779296875,315.75,320.04998779296875,320.04998779296875,5455392,320.04998779296875,-0.010063142303002093,388.2999877929688,-0.17576616571100467,0.012015771677371445,0.2445587674350697,0.3510663724680113,305.58800048828124,329.08197189331054
2026-07-29,320.0,320.04998779296875,315.79998779296875,317.3999938964844,317.3999938964844,5132678,317.3999938964844,-0.009488963018700836,388.2999877929688,-0.18259077034606142,-0.008279937502133516,0.23997572101656034,0.3369160043364588,306.0610003662109,329.03025695800784
2026-07-30,315.3999938964844,318.3500061035156,312.8500061035156,315.79998779296875,315.79998779296875,6601344,315.79998779296875,0.010681262428859917,388.2999877929688,-0.1867113115611405,-0.005040977108643041,0.23994789490809645,0.3369816546610492,306.4490002441406,328.995789642334
2026-07-31,316.04998779296875,320.3999938964844,314.3999938964844,319.75,319.75,5111067,319.75,0.02178815618926544,388.2999877929688,-0.17653873280448784,0.012507955540583371,0.22400537420990263,0.32255856626159524,306.9320001220703,328.9846450805664
2026-08-03,324.75,329.95001220703125,322.0,329.95001220703125,329.95001220703125,5844038,329.95001220703125,0.04950376258648581,388.2999877929688,-0.15027035132704714,0.03189995999071549,0.2404252752670446,0.32001211595093215,307.3660003662109,329.0507009887695
2026-08-04,328.54998779296875,328.54998779296875,320.6499938964844,324.0,324.0,5331584,324.0,0.024157061123378343,388.2999877929688,-0.165593586954352,-0.01803307163782686,0.2475181128354842,0.32156768614641945,307.7540002441406,329.0610447692871
2026-08-05,327.5,328.1499938964844,324.45001220703125,326.25,326.25,2974415,326.25,0.03988150057253703,388.2999877929688,-0.15979909797486835,0.00694444444444442,0.23965535658979825,0.3213904166193648,308.13600036621096,329.09216598510744
2026-08-06,326.5,327.0,322.70001220703125,323.70001220703125,323.70001220703125,3694266,323.70001220703125,0.06892084263234843,388.2999877929688,-0.16636615404783517,-0.007816054537835293,0.2336927173194619,0.32152851500846796,308.46700073242187,329.1107754516602
2026-08-07,320.8999938964844,323.54998779296875,317.1000061035156,321.0,321.0,5431740,321.0,0.06000487347998518,388.2999877929688,-0.17331957226033023,-0.008341093930217092,0.23542503469759551,0.3219710293837995,308.92500061035156,329.1070718383789
2026-08-10,320.20001220703125,320.95001220703125,316.25,318.5,318.5,3056257,318.5,0.06092836395895973,388.2999877929688,-0.17975789334864545,-0.007788161993769416,0.21930027787395381,0.32165535942329737,309.3580004882813,329.0844374084473
2026-08-11,316.95001220703125,318.95001220703125,314.8999938964844,317.79998779296875,317.79998779296875,2733485,317.79998779296875,0.05641735549682125,388.2999877929688,-0.18156065469048832,-0.0021978405244309496,0.21855252906178713,0.3217212691813793,309.82600036621096,329.09522171020507
2026-08-12,317.0,318.5,311.5,317.0,317.0,6726295,317.0,0.07209327576120761,388.2999877929688,-0.1836208860016345,-0.0025172681677064768,0.21887315940976115,0.32163168028945366,310.3240002441406,329.1060549926758
2026-08-13,316.6499938964844,316.6499938964844,310.6499938964844,315.0,315.0,4751186,315.0,0.034981793424174956,388.2999877929688,-0.1887715428722867,-0.006309148264984188,0.21227073813557878,0.2973864229348879,310.72100036621094,329.047103729248
2026-08-14,314.8500061035156,319.45001220703125,314.04998779296875,319.45001220703125,319.45001220703125,8035947,319.45001220703125,0.04469756805325087,388.2999877929688,-0.177311299897971,0.014127022879464324,0.21440120971551352,0.2981663304756174,311.2100006103516,329.02159744262696
2026-08-17,319.0,319.75,314.1499938964844,316.6499938964844,316.6499938964844,4738730,316.6499938964844,0.026743150023432305,388.2999877929688,-0.184522266672556,-0.008765121939429465,0.2163553618231224,0.2984461782842374,311.8400006103516,328.9466014099121
2026-08-18,315.29998779296875,317.1499938964844,310.29998779296875,310.29998779296875,310.29998779296875,5279469,310.29998779296875,0.0098970388539672,388.2999877929688,-0.20087561795543396,-0.020053706697974905,0.21785706445201944,0.29817532274713443,312.2640002441406,328.7946000671387
2026-08-19,310.29998779296875,311.8500061035156,304.70001220703125,307.0,307.0,4757433,307.0,0.013136728061500902,388.2999877929688,-0.20937417035489525,-0.010634830560065978,0.1971777316687159,0.2815893325295815,312.6440002441406,328.62990982055663
2026-08-20,307.5,311.0,304.79998779296875,308.70001220703125,308.70001220703125,5132147,308.70001220703125,0.031886791856164276,388.2999877929688,-0.20499608057772623,0.0055374990457044415,0.19275714473738248,0.2814029256071894,313.09100036621095,328.4237007141113
2026-08-21,308.70001220703125,314.20001220703125,307.20001220703125,311.0,311.0,4998491,311.0,0.0154814655675799,388.2999877929688,-0.19907285661359098,0.007450559449366789,0.1934190897601305,0.2807768110465579,313.2640002441406,328.20207641601564
2026-08-24,311.1499938964844,316.1000061035156,310.0,311.8999938964844,311.8999938964844,4311364,311.8999938964844,0.023194714403490746,388.2999877929688,-0.19675507674035486,0.0028938710497889986,0.19230358360982572,0.28001629301305014,313.29,328.00877075195314
2026-08-25,312.04998779296875,319.75,311.1000061035156,318.1000061035156,318.1000061035156,6592471,318.1000061035156,0.04353398931087327,388.2999877929688,-0.18078800900421854,0.01987820560550868,0.19875824275583906,0.28179483804938754,313.41,327.81388427734373
2026-08-26,320.25,326.3500061035156,318.0,318.0,318.0,3340608,318.0,0.054743983609509383,388.2999877929688,-0.18104555756630847,-0.0003143857327783106,0.1952429947362513,0.28110831169151174,313.4109997558594,327.62822341918945
2026-08-27,319.1499938964844,320.8500061035156,315.0,318.0,318.0,4497571,318.0,0.05691496602020418,388.2999877929688,-0.18104555756630847,0.0,0.19419146570764606,0.27997459306035655,313.445,327.3987971496582
2026-08-28,318.0,319.8999938964844,316.0,319.25,319.25,4732898,319.25,0.07364868484711296,388.2999877929688,-0.17782639702215086,0.0039308176100629755,0.19182041318370793,0.27985324165948894,313.6979998779297,327.1692991638184
