Date,Open,High,Low,Close,Adj Close,Volume,Price,rolling_1y_return,running_max,drawdown,daily_return,rolling_volatility_30d,rolling_volatility_90d,sma50,sma200
2023-08-28,1236.0,1242.0,1215.550048828125,1221.875,1207.3155517578125,12580826,1207.3155517578125,,1207.3155517578125,0.0,,,,,
2023-08-29,1226.0250244140625,1226.7249755859375,1204.074951171875,1210.175048828125,1195.755126953125,16876644,1195.755126953125,,1207.3155517578125,-0.00957531341980633,-0.00957531341980633,,,,
2023-08-30,1216.0,1221.5,1207.5,1209.0250244140625,1194.618896484375,12168946,1194.618896484375,,1207.3155517578125,-0.010516434792007479,-0.0009502200267752503,,,,
2023-08-31,1211.5,1212.5,1199.949951171875,1203.5,1189.15966796875,21638600,1189.15966796875,,1207.3155517578125,-0.015038225725352516,-0.00456984945717076,,,,
2023-09-01,1203.2750244140625,1212.824951171875,1200.824951171875,1206.324951171875,1191.9508056640625,18112842,1191.9508056640625,,1207.3155517578125,-0.01272637138764543,0.0023471513292072643,,,,
2023-09-04,1206.324951171875,1211.824951171875,1202.6500244140625,1205.3499755859375,1190.987548828125,9347626,1190.987548828125,,1207.3155517578125,-0.013524221489497501,-0.0008081347244870418,,,,
2023-09-05,1210.0,1216.9749755859375,1206.2249755859375,1211.800048828125,1197.36083984375,8675876,1197.36083984375,,1207.3155517578125,-0.008245327329353791,0.005351265864950383,,,,
2023-09-06,1210.550048828125,1218.074951171875,1208.625,1214.3499755859375,1199.88037109375,8200370,1199.88037109375,,1207.3155517578125,-0.006158440229844686,0.0021042372242012775,,,,
2023-09-07,1210.8499755859375,1219.125,1205.5,1216.0,1201.5106201171875,13652572,1201.5106201171875,,1207.3155517578125,-0.004808131256300974,0.001358676300331041,,,,
2023-09-08,1220.0,1228.0,1211.4749755859375,1224.0999755859375,1209.51416015625,23109288,1209.51416015625,,1209.51416015625,0.0,0.006661231207662377,,,,
2023-09-11,1226.0,1238.425048828125,1226.0,1237.300048828125,1222.556884765625,13271074,1222.556884765625,,1222.556884765625,0.0,0.010783441020392859,,,,
2023-09-12,1241.5,1241.5,1217.9749755859375,1219.425048828125,1204.8948974609375,16255666,1204.8948974609375,,1222.556884765625,-0.014446761148519838,-0.014446761148519838,,,,
2023-09-13,1220.0,1231.324951171875,1213.125,1225.5250244140625,1210.9222412109375,12803338,1210.9222412109375,,1222.556884765625,-0.009516648018319418,0.00500238133857267,,,,
2023-09-14,1230.0,1232.9000244140625,1222.5,1226.6500244140625,1212.03369140625,9209636,1212.03369140625,,1222.556884765625,-0.008607528607057269,0.0009178543076400203,,,,
2023-09-15,1234.0,1234.0,1224.75,1228.925048828125,1214.2816162109375,25468592,1214.2816162109375,,1222.556884765625,-0.006768820868628955,0.0018546718796894623,,,,
2023-09-18,1220.0250244140625,1225.5,1216.0250244140625,1218.2249755859375,1203.709228515625,7516300,1203.709228515625,,1222.556884765625,-0.015416588368903028,-0.008706701603786726,,,,
2023-09-20,1211.5250244140625,1213.800048828125,1177.5,1191.074951171875,1176.8826904296875,57081884,1176.8826904296875,,1222.556884765625,-0.03735956576343169,-0.0222865601180271,,,,
2023-09-21,1187.4749755859375,1195.050048828125,1180.0,1182.4000244140625,1168.31103515625,12226182,1168.31103515625,,1222.556884765625,-0.044370818475063745,-0.0072833557185788544,,,,
2023-09-22,1188.0,1191.2249755859375,1175.0,1177.4749755859375,1163.4447021484375,19176786,1163.4447021484375,,1222.556884765625,-0.048351273755674606,-0.004165271799526971,,,,
2023-09-25,1175.199951171875,1180.3499755859375,1167.550048828125,1170.2249755859375,1156.2811279296875,14254884,1156.2811279296875,,1222.556884765625,-0.054210775516300935,-0.0061572107428239375,,,,
2023-09-26,1169.2750244140625,1175.0999755859375,1167.800048828125,1171.25,1157.2939453125,10087782,1157.2939453125,,1222.556884765625,-0.05338233358821298,0.0008759265877027467,,,,
2023-09-27,1171.75,1185.9000244140625,1169.25,1184.449951171875,1170.336669921875,11722778,1170.336669921875,,1222.556884765625,-0.04271393461888773,0.011270018876538002,,,,
2023-09-28,1191.5,1191.5,1162.5,1167.050048828125,1153.14404296875,14518346,1153.14404296875,,1222.556884765625,-0.05677677878373899,-0.014690325779737057,,,,
2023-09-29,1170.9000244140625,1184.550048828125,1167.050048828125,1172.5,1158.529052734375,12342014,1158.529052734375,,1222.556884765625,-0.05237206777787251,0.004669850049054958,,,,
2023-10-03,1164.9749755859375,1167.800048828125,1158.0,1159.074951171875,1145.263916015625,8859056,1145.263916015625,,1222.556884765625,-0.06322239047782041,-0.011449981929621433,,,,
2023-10-04,1154.5,1159.5,1147.550048828125,1157.074951171875,1143.2877197265625,10286386,1143.2877197265625,,1222.556884765625,-0.06483883574403915,-0.0017255378969222024,,,,
2023-10-05,1159.625,1164.699951171875,1154.5,1157.050048828125,1143.26318359375,10953682,1143.26318359375,,1222.556884765625,-0.06485890526646232,-2.146103066547056e-05,,,,
2023-10-06,1158.5250244140625,1162.4000244140625,1156.0250244140625,1159.0,1145.1898193359375,5431026,1145.1898193359375,,1222.556884765625,-0.06328299843857121,0.001685207544365408,,,,
2023-10-09,1154.050048828125,1155.9749755859375,1147.5,1149.125,1135.4324951171875,7576878,1135.4324951171875,,1222.556884765625,-0.07126407837058646,-0.00852026804116024,,,,
2023-10-10,1153.2750244140625,1158.949951171875,1151.875,1154.199951171875,1140.447021484375,10236032,1140.447021484375,,1222.556884765625,-0.06716240716847399,0.0044164020219183975,,,,
2023-10-11,1157.2249755859375,1174.8499755859375,1156.5,1172.5250244140625,1158.5537109375,9814118,1158.5537109375,,1222.556884765625,-0.05235189840707899,0.01587683523392247,0.13270727357079765,,,
2023-10-12,1171.925048828125,1179.675048828125,1169.074951171875,1174.699951171875,1160.7027587890625,12554450,1160.7027587890625,,1222.556884765625,-0.05059406784856513,0.0018549401993832593,0.13066224179327016,,,
2023-10-13,1170.0,1178.75,1164.574951171875,1174.6500244140625,1160.6534423828125,10150316,1160.6534423828125,,1222.556884765625,-0.05063440659015217,-4.2488402716811535e-05,0.1306892177756003,,,
2023-10-16,1172.5,1177.2750244140625,1168.0,1172.0250244140625,1158.0596923828125,5929036,1158.0596923828125,,1222.556884765625,-0.052755984761541086,-0.002234732526769645,0.13029844174216956,,,
2023-10-17,1178.0,1179.8499755859375,1170.6500244140625,1177.625,1163.5928955078125,7928180,1163.5928955078125,,1222.556884765625,-0.048230057834173,0.004777994745344127,0.13100534281827594,,,
2023-10-18,1177.625,1183.5,1160.5,1162.0,1148.1541748046875,8918320,1148.1541748046875,,1222.556884765625,-0.060858280615057936,-0.013268146241462997,0.13592252744777142,,,
2023-10-19,1156.0,1160.9000244140625,1150.5,1153.074951171875,1139.33544921875,12032556,1139.33544921875,,1222.556884765625,-0.06807162642810627,-0.0076807851937111815,0.13572489624799547,,,
2023-10-20,1150.0,1157.3499755859375,1148.1500244140625,1149.550048828125,1135.8525390625,8913312,1135.8525390625,,1222.556884765625,-0.07092050012850482,-0.0030569663733699404,0.13531828984521294,,,
2023-10-23,1145.0,1153.125,1127.625,1131.5999755859375,1118.1163330078125,7853962,1118.1163330078125,,1222.556884765625,-0.0854279690861458,-0.01561488436635139,0.14071945194529858,,,
2023-10-25,1125.0250244140625,1140.5999755859375,1121.5,1128.9749755859375,1115.522705078125,11620688,1115.522705078125,,1222.556884765625,-0.08754944740916448,-0.00231964049993838,0.1381011402154484,,,
2023-10-26,1125.5,1129.0,1110.1500244140625,1113.25,1099.98486328125,15222534,1099.98486328125,,1222.556884765625,-0.10025874706670446,-0.013928754409159971,0.1357559569618263,,,
2023-10-27,1120.0,1136.75,1117.9749755859375,1132.9000244140625,1119.40087890625,11771084,1119.40087890625,,1222.556884765625,-0.08437726468584805,0.01765116618703466,0.14479733433550845,,,
2023-10-30,1137.0,1162.5,1134.9749755859375,1156.25,1142.47265625,16813304,1142.47265625,,1222.556884765625,-0.06550552331229798,0.020610826539901428,0.15818791566666415,,,
2023-10-31,1164.0,1164.0,1141.449951171875,1143.949951171875,1130.3192138671875,12808438,1130.3192138671875,,1222.556884765625,-0.07544652690424325,-0.010637840928906295,0.15994142469995962,,,
2023-11-01,1144.574951171875,1158.75,1137.5999755859375,1148.699951171875,1135.0125732421875,10309190,1135.0125732421875,,1222.556884765625,-0.07160755676429775,0.004152242408533846,0.16059419728928812,,,
2023-11-02,1156.9749755859375,1162.1500244140625,1153.9749755859375,1160.0999755859375,1146.2767333984375,10562104,1146.2767333984375,,1222.556884765625,-0.06239394854973235,0.009924260243279637,0.16309160622237778,,,
2023-11-03,1163.5999755859375,1167.4749755859375,1157.875,1159.8499755859375,1146.0296630859375,8850156,1146.0296630859375,,1222.556884765625,-0.06259604165114852,-0.00021554159244552284,0.15082147729686174,,,
2023-11-06,1166.1500244140625,1170.0,1162.800048828125,1169.5,1155.564697265625,10647304,1155.564697265625,,1222.556884765625,-0.05479678560138579,0.008320058796743801,0.1518070465054699,,,
2023-11-07,1167.0250244140625,1169.550048828125,1159.7750244140625,1161.9000244140625,1148.0552978515625,6960204,1148.0552978515625,,1222.556884765625,-0.06093915779497261,-0.0064984673137140625,0.1524695735941538,,,
2023-11-08,1166.0,1170.5,1160.875,1167.949951171875,1154.033203125,7884494,1154.033203125,,1222.556884765625,-0.05604948325472936,0.005206983744271199,0.15229766546182158,,1164.7850610351563,
2023-11-09,1167.925048828125,1167.949951171875,1152.0999755859375,1155.2750244140625,1141.50927734375,14513610,1141.50927734375,,1222.556884765625,-0.06629352665042865,-0.010852309749265876,0.15545837755823116,,1163.468935546875,
2023-11-10,1152.7750244140625,1158.175048828125,1149.0250244140625,1157.449951171875,1143.6583251953125,7734954,1143.6583251953125,,1222.556884765625,-0.06453569609191478,0.001882637219176475,0.15166332462443347,,1162.4269995117188,
2023-11-13,1161.449951171875,1162.300048828125,1155.8499755859375,1157.300048828125,1143.51025390625,3854810,1143.51025390625,,1222.556884765625,-0.06465681216504615,-0.00012947161385568062,0.1457686794370291,,1161.4048266601562,
2023-11-15,1170.0,1180.9749755859375,1163.5,1178.2249755859375,1164.185791015625,12220648,1164.185791015625,,1222.556884765625,-0.04774509429979634,0.01808076231826261,0.15460714875101614,,1160.9053491210936,
2023-11-16,1175.550048828125,1187.074951171875,1173.4749755859375,1180.3499755859375,1166.285400390625,13134910,1166.285400390625,,1222.556884765625,-0.04602770233123976,0.0018035002584666504,0.15064391786979509,,1160.392041015625,
2023-11-17,1176.449951171875,1186.625,1176.0250244140625,1177.7750244140625,1163.7412109375,7758634,1163.7412109375,,1222.556884765625,-0.04810874206430116,-0.0021814467130196746,0.15071216715211525,,1159.8471142578126,
2023-11-20,1174.2750244140625,1179.199951171875,1168.199951171875,1174.675048828125,1160.6781005859375,4490186,1160.6781005859375,,1222.556884765625,-0.05061423721935865,-0.002632123295775446,0.15100059086256462,,1159.1134594726564,
2023-11-21,1183.0,1194.0,1180.0999755859375,1189.449951171875,1175.2769775390625,8214450,1175.2769775390625,,1222.556884765625,-0.0386729712258963,0.01257788610447208,0.15496188960059043,,1158.6213916015624,
2023-11-22,1187.5,1197.2249755859375,1186.0999755859375,1194.0999755859375,1179.87158203125,8534814,1179.87158203125,,1222.556884765625,-0.03491477841749524,0.00390938015463238,0.15255712901512594,,1158.1886108398437,
2023-11-23,1194.0999755859375,1200.0,1194.0999755859375,1197.75,1183.4781494140625,8531542,1183.4781494140625,,1222.556884765625,-0.03196475831801826,0.003056745698208463,0.15236849644266767,,1157.667890625,
2023-11-24,1195.800048828125,1201.300048828125,1195.5250244140625,1196.949951171875,1182.6876220703125,6749486,1182.6876220703125,,1222.556884765625,-0.032611376363853806,-0.0006679695304399047,0.14600784287660915,,1156.8705053710937,
2023-11-28,1196.949951171875,1199.8499755859375,1187.625,1197.199951171875,1182.9346923828125,13792174,1182.9346923828125,,1222.556884765625,-0.03240928326243764,0.00020890580732335629,0.14597540384028743,,1156.4313012695313,
2023-11-29,1204.0,1205.9749755859375,1199.0250244140625,1200.3499755859375,1186.047119140625,12531306,1186.047119140625,,1222.556884765625,-0.029863449365793104,0.0026311061615269526,0.14606710461995204,,1155.933798828125,
2023-11-30,1197.3499755859375,1200.3499755859375,1184.949951171875,1188.7249755859375,1174.5606689453125,28439984,1174.5606689453125,,1222.556884765625,-0.03925888146261092,-0.009684649125605738,0.14896266699213886,,1155.1843383789062,
2023-12-01,1189.0,1198.199951171875,1188.800048828125,1197.1500244140625,1182.88525390625,14342842,1182.88525390625,,1222.556884765625,-0.03244972185239492,0.007087403129556913,0.14968569908421517,,1154.5564111328124,
2023-12-04,1225.0,1225.0,1199.300048828125,1210.0999755859375,1195.6810302734375,15590990,1195.6810302734375,,1222.556884765625,-0.021983316136115705,0.010817428254289219,0.14655168498893423,,1154.3958471679687,
2023-12-05,1219.5,1220.425048828125,1210.824951171875,1218.875,1204.3514404296875,12693624,1204.3514404296875,,1222.556884765625,-0.014891286092939215,0.007251440757797489,0.14489768228158373,,1154.9452221679687,
2023-12-06,1223.550048828125,1236.4749755859375,1217.5,1230.550048828125,1215.8873291015625,16422442,1215.8873291015625,,1222.556884765625,-0.005455415406164232,0.009578506974475154,0.14577284820455666,,1155.896748046875,
2023-12-07,1230.0,1230.4749755859375,1221.0,1228.5250244140625,1213.8863525390625,8142096,1213.8863525390625,,1222.556884765625,-0.007092129891546728,-0.0016456924211707413,0.13614866690763977,,1156.9055810546874,
2023-12-08,1231.925048828125,1238.3499755859375,1222.5,1227.875,1213.244140625,10204894,1213.244140625,,1222.556884765625,-0.0076174321675104295,-0.000529054398477391,0.13566406798177683,,1158.0448413085937,
2023-12-11,1228.0,1233.800048828125,1226.199951171875,1229.675048828125,1215.022705078125,7066138,1215.022705078125,,1222.556884765625,-0.00616264141275058,0.0014659575872411068,0.1261328999630778,,1159.1994165039061,
2023-12-12,1230.0,1232.4749755859375,1210.074951171875,1212.0250244140625,1197.5830078125,9197124,1197.5830078125,,1222.556884765625,-0.02042757867901801,-0.014353392074680338,0.12868486958238756,,1159.7443432617188,
2023-12-13,1211.0,1219.175048828125,1203.1500244140625,1216.9749755859375,1202.4739990234375,10031182,1202.4739990234375,,1222.556884765625,-0.016426954027613627,0.004084051943815892,0.11657784190688576,,1160.7309423828126,
2023-12-14,1227.0,1237.4749755859375,1221.324951171875,1232.074951171875,1217.39404296875,16972354,1217.39404296875,,1222.556884765625,-0.0042229869719843105,0.01240778923904351,0.11444048146746007,,1161.9082421875,
2023-12-15,1239.0,1250.0,1235.0250244140625,1247.800048828125,1232.9317626953125,15932152,1232.9317626953125,,1232.9317626953125,0.0,0.012763098206618473,0.11817966213904034,,1163.6615991210938,
2023-12-18,1247.800048828125,1267.449951171875,1245.4749755859375,1260.5,1245.48046875,14165188,1245.48046875,,1245.48046875,0.0,0.010177940445994071,0.11831496643225001,,1165.7054541015625,
2023-12-19,1277.5,1286.949951171875,1262.5999755859375,1279.050048828125,1263.809326171875,16820604,1263.809326171875,,1263.809326171875,0.0,0.01471629453994594,0.12283901739147977,,1168.116376953125,
2023-12-20,1285.5250244140625,1299.425048828125,1260.0,1263.574951171875,1248.518798828125,17736722,1248.518798828125,,1263.809326171875,-0.01209876128234122,-0.01209876128234122,0.12964737825868564,,1170.1829565429687,
2023-12-21,1263.5,1286.75,1259.125,1281.2750244140625,1266.0079345703125,13765454,1266.0079345703125,,1266.0079345703125,0.0,0.014007907416855092,0.13074021858679796,,1172.7944653320312,
2023-12-22,1279.800048828125,1290.449951171875,1273.824951171875,1282.5250244140625,1267.2430419921875,16541784,1267.2430419921875,,1267.2430419921875,0.0,0.000975592165063377,0.13077852270367124,,1175.3303857421874,
2023-12-26,1284.0,1295.9749755859375,1281.3499755859375,1289.0250244140625,1273.66552734375,7465664,1273.66552734375,,1273.66552734375,0.0,0.0050680770292224064,0.12391896336643776,,1177.6326220703124,
2023-12-27,1291.0,1299.949951171875,1286.550048828125,1293.425048828125,1278.01318359375,9204156,1278.01318359375,,1278.01318359375,0.0,0.003413499193204217,0.12380457156628157,,1179.9788305664063,
2023-12-28,1294.9000244140625,1306.0,1293.425048828125,1302.7750244140625,1287.251708984375,12302636,1287.251708984375,,1287.251708984375,0.0,0.0072288185358513335,0.12364350713106961,,1182.5107958984374,
2023-12-29,1305.550048828125,1307.0,1289.6500244140625,1292.4749755859375,1277.0743408203125,10864584,1277.0743408203125,,1287.251708984375,-0.007906276676915236,-0.007906276676915236,0.12080490489800035,,1184.8910888671876,
2024-01-01,1290.2750244140625,1303.425048828125,1286.574951171875,1295.125,1279.69287109375,4030540,1279.69287109375,,1287.251708984375,-0.0058720744652099865,0.002050413346928126,0.12078368084282914,,1187.2130883789061,
2024-01-02,1292.5,1307.5,1286.5,1305.8499755859375,1290.2900390625,7448800,1290.2900390625,,1290.2900390625,0.0,0.008281024461512132,0.12059494285346824,,1190.0558056640625,
2024-01-03,1305.0,1317.0,1288.5999755859375,1291.6500244140625,1276.25927734375,9037536,1276.25927734375,,1290.2900390625,-0.010874114574227378,-0.010874114574227378,0.12644563876597137,,1192.7942822265625,
2024-01-04,1294.0,1304.925048828125,1289.550048828125,1298.324951171875,1282.8546142578125,9612778,1282.8546142578125,,1290.2900390625,-0.005762599554817838,0.00516770928223087,0.1234586060051583,,1195.7343237304688,
2024-01-05,1301.449951171875,1309.925048828125,1299.0,1303.8499755859375,1288.3138427734375,8086406,1288.3138427734375,,1290.2900390625,-0.001531590750323386,0.004255531729745909,0.12348598107021971,,1199.1382739257813,
2024-01-08,1305.0,1315.9749755859375,1284.4749755859375,1293.675048828125,1278.2601318359375,7734652,1278.2601318359375,,1290.2900390625,-0.009323413234518352,-0.007803774673302177,0.1273662669936008,,1202.3930224609376,
2024-01-09,1300.0,1303.4000244140625,1288.5999755859375,1290.25,1274.8759765625,5403074,1274.8759765625,,1290.2900390625,-0.011946199717390305,-0.0026474699391405565,0.12793589152041537,0.13659117687989294,1205.8908447265626,
2024-01-10,1288.5,1329.5,1287.5250244140625,1325.050048828125,1309.2613525390625,11102740,1309.2613525390625,,1309.2613525390625,0.0,0.026971545945415842,0.1459499657563827,0.14241657639219066,1209.6880541992186,
2024-01-11,1329.5,1362.5,1328.5,1359.9000244140625,1343.6961669921875,23725852,1343.6961669921875,,1343.6961669921875,0.0,0.026300947772074146,0.16024833066002178,0.14850416475760478,1213.7125244140625,
2024-01-12,1359.9000244140625,1373.324951171875,1345.75,1370.7249755859375,1354.3919677734375,15012164,1354.3919677734375,,1354.3919677734375,0.0,0.007959984588772118,0.15502122813819097,0.14856979963712083,1218.1939794921875,
2024-01-15,1375.0,1396.449951171875,1366.0,1394.125,1377.5133056640625,8610594,1377.5133056640625,,1377.5133056640625,0.0,0.017071378478887178,0.15894902251425552,0.15083605178580042,1223.043994140625,
2024-01-16,1389.9749755859375,1396.300048828125,1370.5,1374.625,1358.2454833984375,9069024,1358.2454833984375,,1377.5133056640625,-0.013987394667187236,-0.013987394667187236,0.16728725078397738,0.15304108194420735,1227.283369140625,
2024-01-17,1359.5,1386.2750244140625,1355.0250244140625,1361.574951171875,1345.3509521484375,12197382,1345.3509521484375,,1377.5133056640625,-0.023348125483347193,-0.009493520433240699,0.17171146131732049,0.15399817688861916,1231.269794921875,
2024-01-18,1351.4000244140625,1371.0,1351.25,1367.949951171875,1351.6500244140625,10279438,1351.6500244140625,,1377.5133056640625,-0.018775340422234277,0.004682103398794046,0.17085237227106717,0.15409468323452927,1235.1915014648437,
2024-01-19,1376.0,1376.0,1359.0,1367.449951171875,1351.156005859375,10422704,1351.156005859375,,1377.5133056640625,-0.01913397111760118,-0.00036549294992371806,0.1705514689142155,0.15412207169849068,1239.253515625,
2024-01-23,1371.75,1371.75,1322.550048828125,1328.574951171875,1312.7442626953125,20055420,1312.7442626953125,,1377.5133056640625,-0.04701881477473391,-0.02842879948539434,0.1940217120103362,0.16169784088122546,1242.4277368164062,
2024-01-24,1335.2249755859375,1349.5,1323.925048828125,1343.875,1327.8619384765625,21919128,1327.8619384765625,,1377.5133056640625,-0.03604420152120735,0.011516085966515988,0.19564456641442587,0.161828440710362,1246.1547900390624,
2024-01-25,1342.949951171875,1364.1500244140625,1335.199951171875,1353.074951171875,1336.9522705078125,11808872,1336.9522705078125,,1377.5133056640625,-0.029445113153877434,0.006845841248886986,0.1887970676944875,0.15999683066858894,1250.0206689453125,
2024-01-29,1364.5,1452.5,1360.175048828125,1448.050048828125,1430.7957763671875,23893438,1430.7957763671875,,1430.7957763671875,0.0,0.07019211375715795,0.269712017964928,0.19722951291726457,1255.7663793945312,
2024-01-30,1459.949951171875,1459.9749755859375,1404.425048828125,1407.625,1390.852294921875,14093978,1390.852294921875,,1430.7957763671875,-0.027916969077676157,-0.027916969077676157,0.2861411511352913,0.20345252142015927,1260.2997094726563,
2024-01-31,1404.0,1434.25,1402.5,1426.625,1409.6259765625,15130226,1409.6259765625,,1430.7957763671875,-0.014795822125249769,0.013497969345249272,0.28633109787914107,0.2044226564484268,1265.1665209960938,
2024-02-01,1435.0,1443.3499755859375,1418.050048828125,1426.6500244140625,1409.650634765625,13349362,1409.650634765625,,1430.7957763671875,-0.014778588217006283,1.7492727528489738e-05,0.28613416260403673,0.20368022600151792,1270.0847094726562,
2024-02-02,1433.175048828125,1474.9000244140625,1433.175048828125,1457.699951171875,1440.33056640625,19652588,1440.33056640625,,1440.33056640625,0.0,0.02176420943174051,0.2890797764764563,0.20224061092201087,1275.6777587890624,
2024-02-05,1460.75,1470.5,1431.5250244140625,1439.0250244140625,1421.878173828125,8814432,1421.878173828125,,1440.33056640625,-0.012811220568737403,-0.012811220568737403,0.2894429399162096,0.20319359995706865,1280.6097827148437,
2024-02-06,1441.8499755859375,1441.8499755859375,1419.824951171875,1427.800048828125,1410.786865234375,9047984,1410.786865234375,,1440.33056640625,-0.020511750469608625,-0.00780046335748219,0.2901190843964857,0.20360993655835785,1285.2280883789062,
2024-02-07,1435.925048828125,1449.5,1429.25,1442.1500244140625,1424.9659423828125,9296568,1424.9659423828125,,1440.33056640625,-0.010667428979011073,0.010050474311781965,0.2905502977554199,0.20352703822839427,1290.0578442382812,
2024-02-08,1450.0,1459.4749755859375,1427.5250244140625,1450.125,1432.845947265625,14694634,1432.845947265625,,1440.33056640625,-0.005196459281774257,0.0055299601544409605,0.2905670763894361,0.20357706103231346,1295.0610107421876,
2024-02-09,1454.0,1471.9749755859375,1450.949951171875,1460.75,1443.34423828125,12556798,1443.34423828125,,1443.34423828125,0.0,0.007326880489601395,0.2907089925974247,0.20320025442157255,1300.2692016601563,
2024-02-12,1460.75,1461.0,1442.3499755859375,1452.3499755859375,1435.04443359375,6674430,1435.04443359375,,1443.34423828125,-0.005750398600255946,-0.005750398600255946,0.2919737113897777,0.2016142021939423,1305.2491479492187,
2024-02-13,1455.5,1479.0,1454.0,1465.0999755859375,1447.6424560546875,7715594,1447.6424560546875,,1447.6424560546875,0.0,0.00877883789938716,0.29016470084889,0.20185584067363324,1310.7107836914063,
2024-02-14,1457.5,1483.6500244140625,1457.5,1481.375,1463.7235107421875,7117888,1463.7235107421875,,1463.7235107421875,0.0,0.011108443676987934,0.29072904028552626,0.20095091608182594,1316.327548828125,
2024-02-15,1483.3499755859375,1484.7249755859375,1466.5250244140625,1470.5999755859375,1453.076904296875,10006782,1453.076904296875,,1463.7235107421875,-0.007273645854000144,-0.007273645854000144,0.2925296786291303,0.20151896647866538,1321.4754663085937,
2024-02-16,1476.4749755859375,1477.0,1458.550048828125,1460.574951171875,1443.17138671875,9767498,1443.17138671875,,1463.7235107421875,-0.014040987845454822,-0.006816925896236836,0.29095354133870593,0.20210319729733192,1326.251865234375,
2024-02-19,1462.050048828125,1479.5,1453.5250244140625,1474.0,1456.4364013671875,6729828,1456.4364013671875,,1463.7235107421875,-0.004978473954623475,0.009191572650700364,0.29129558840517406,0.20238966100058842,1331.0628466796875,
2024-02-20,1475.0250244140625,1475.5,1461.800048828125,1471.0250244140625,1453.4970703125,7117496,1453.4970703125,,1463.7235107421875,-0.006986592996994445,-0.0020181664313857484,0.29188930002809804,0.20165519038321084,1335.8550610351563,
2024-02-21,1474.0,1488.5250244140625,1457.550048828125,1467.699951171875,1450.2115478515625,12720292,1450.2115478515625,,1463.7235107421875,-0.009231226246939062,-0.0022604259258885984,0.29034812977124436,0.2018155660725358,1340.5944091796875,
2024-02-22,1468.1500244140625,1484.949951171875,1458.0,1481.75,1464.093994140625,18493728,1464.093994140625,,1464.093994140625,0.0,0.009572704278647315,0.28993985206258394,0.2009284833245391,1345.5758349609375,
2024-02-23,1489.5,1497.550048828125,1483.3499755859375,1493.625,1475.82763671875,14438584,1475.82763671875,,1475.82763671875,0.0,0.008014268636497013,0.28244145753636357,0.20112092178372948,1351.1407275390625,
2024-02-26,1493.550048828125,1494.5250244140625,1482.5,1487.324951171875,1469.6026611328125,7513106,1469.6026611328125,,1475.82763671875,-0.004217955695542952,-0.004217955695542952,0.27540537536318466,0.20140627181917634,1356.48330078125,
2024-02-27,1483.0250244140625,1499.949951171875,1478.050048828125,1485.6500244140625,1467.9476318359375,10826044,1467.9476318359375,,1475.82763671875,-0.005339380214028466,-0.0011261746733632894,0.2752804340491355,0.20133783038697017,1361.4943725585938,
2024-02-28,1483.0,1491.2750244140625,1450.175048828125,1455.625,1438.2803955078125,8647950,1438.2803955078125,,1475.82763671875,-0.025441481292773016,-0.02021001000629752,0.2796908920434309,0.2049232536692667,1365.6013452148438,
2024-02-29,1465.0,1478.9749755859375,1454.5250244140625,1460.800048828125,1443.393798828125,23628976,1443.393798828125,,1475.82763671875,-0.021976711293153484,0.0035552200643791387,0.2757965302744523,0.2031984475564515,1369.5596118164062,
2024-03-01,1463.5,1500.0,1462.5,1492.125,1474.345458984375,12132926,1474.345458984375,,1475.82763671875,-0.001004302736646423,0.021443669898941753,0.2789827765251158,0.20485310994157085,1373.7703344726563,
2024-03-04,1490.4749755859375,1512.449951171875,1487.2249755859375,1507.4000244140625,1489.4384765625,10024420,1489.4384765625,,1489.4384765625,0.0,0.010237097069856427,0.2797023205067638,0.20495722517011505,1378.5887280273437,
2024-03-05,1505.7750244140625,1507.4000244140625,1486.050048828125,1500.199951171875,1482.32421875,7107668,1482.32421875,,1489.4384765625,-0.004776469739736444,-0.004776469739736444,0.28050772201816954,0.20294800485175962,1382.9150537109374,
2024-03-06,1493.449951171875,1509.0,1478.5,1503.0,1485.0909423828125,7805676,1485.0909423828125,,1489.4384765625,-0.0029189081980218745,0.0018664767112457348,0.26404458738597003,0.20274539467902958,1387.27201171875,
2024-03-07,1502.9749755859375,1503.0999755859375,1475.550048828125,1478.925048828125,1461.3028564453125,8315726,1461.3028564453125,,1489.4384765625,-0.018890085465041895,-0.01601793214046021,0.26946478956919057,0.20327646740247127,1391.0247583007813,
2024-03-11,1489.0,1489.0,1463.5,1466.5999755859375,1449.12451171875,11277130,1449.12451171875,,1489.4384765625,-0.027066552582145742,-0.008333895107949685,0.27133035263754374,0.2027102752991645,1394.4469848632812,
2024-03-12,1466.5999755859375,1488.0,1465.0250244140625,1475.425048828125,1457.8446044921875,9432678,1457.8446044921875,,1489.4384765625,-0.02121193494559681,0.006017490355673338,0.1818840016408642,0.2005702646138934,1397.8588427734376,
2024-03-13,1479.7750244140625,1483.0999755859375,1427.7750244140625,1432.175048828125,1415.10986328125,13522134,1415.10986328125,,1489.4384765625,-0.04990378216413094,-0.029313646378533842,0.18382740374301165,0.20645860631370574,1400.6195532226564,
2024-03-14,1439.699951171875,1448.5250244140625,1425.5,1431.4749755859375,1414.418212890625,18571102,1414.418212890625,,1489.4384765625,-0.05036815206024192,-0.0004887609143089389,0.1797516378290233,0.20650474541458447,1403.3140600585937,
2024-03-15,1425.949951171875,1433.2249755859375,1412.9000244140625,1418.2249755859375,1401.3260498046875,19223818,1401.3260498046875,,1489.4384765625,-0.05915815130623503,-0.009256217833324754,0.18181996034440195,0.20705376069320808,1405.5347802734375,
2024-03-18,1420.0,1441.7249755859375,1416.5250244140625,1439.4749755859375,1422.32275390625,9169392,1422.32275390625,,1489.4384765625,-0.04506109094962252,0.014983453782571932,0.175681948100366,0.20808661096137768,1408.4560498046876,
2024-03-19,1428.75,1437.5999755859375,1417.25,1425.25,1408.267333984375,8275764,1408.267333984375,,1489.4384765625,-0.05449781501916162,-0.009882018608837861,0.1740757103673994,0.20886942551634985,1410.9643041992188,
2024-03-20,1427.949951171875,1445.0,1424.0250244140625,1443.75,1426.5467529296875,8488806,1426.5467529296875,,1489.4384765625,-0.042225123509607054,0.012980077364711073,0.17665583520786265,0.20909325840788182,1413.7289624023438,
2024-03-21,1452.5250244140625,1457.9000244140625,1444.675048828125,1450.9749755859375,1433.685791015625,13006936,1433.685791015625,,1489.4384765625,-0.03743201644390681,0.005004419288239914,0.17486430485954482,0.2090861100574272,1416.8374755859375,
2024-03-22,1449.9749755859375,1460.0,1447.3499755859375,1455.0250244140625,1437.6875,19527608,1437.6875,,1489.4384765625,-0.034745293193940374,0.002791203630148509,0.1743267091461395,0.20786218059837305,1420.0937060546876,
2024-03-26,1445.0,1452.4000244140625,1439.0,1441.574951171875,1424.3978271484375,11415906,1424.3978271484375,,1489.4384765625,-0.04366789930401882,-0.009243784098813213,0.17503006934114151,0.2088101599573846,1422.396435546875,
2024-03-27,1448.0,1500.0,1447.0,1492.8499755859375,1475.0618896484375,16326644,1475.0618896484375,,1489.4384765625,-0.009652353648901602,0.035568758625128316,0.20278346715583248,0.21594665799617968,1425.02375,
2024-03-28,1492.875,1505.949951171875,1478.6500244140625,1485.8499755859375,1468.145263671875,21854364,1468.145263671875,,1489.4384765625,-0.01429613456728196,-0.004689041202339594,0.20204719712644345,0.21477940724373784,1427.2988159179688,
2024-04-01,1492.4749755859375,1493.9749755859375,1482.5,1484.7750244140625,1467.0831298828125,5013880,1467.0831298828125,,1489.4384765625,-0.015009244780141429,-0.0007234527913171362,0.19956769356688553,0.21484989250169775,1429.0902124023437,
2024-04-02,1484.0,1494.0,1475.0,1486.949951171875,1469.2320556640625,8910166,1469.2320556640625,,1489.4384765625,-0.013566468985729552,0.0014647607470079649,0.19834535923764401,0.21470468743270532,1431.3099438476563,
2024-04-03,1482.074951171875,1484.449951171875,1468.9000244140625,1471.5999755859375,1454.0650634765625,7008292,1454.0650634765625,,1489.4384765625,-0.02374949596278486,-0.010323074649119857,0.19971623964416735,0.21562746152013046,1433.4842260742187,
2024-04-04,1479.75,1479.75,1450.0,1462.925048828125,1445.4935302734375,14490272,1445.4935302734375,,1489.4384765625,-0.0295043716008222,-0.005894875971114488,0.1986811637133442,0.2154219307341259,1435.3610961914062,
2024-04-05,1460.875,1470.800048828125,1456.0,1460.0999755859375,1442.7020263671875,7442298,1442.7020263671875,,1489.4384765625,-0.031378570468500566,-0.001931177032471365,0.19867431433373545,0.2155271089870897,1437.1920166015625,
2024-04-08,1462.9749755859375,1490.9749755859375,1461.0,1485.9749755859375,1468.2686767578125,8357118,1468.2686767578125,,1489.4384765625,-0.014213275766546407,0.017721365828398783,0.20518396655042687,0.21705914434628804,1440.3025048828124,
2024-04-09,1489.0,1489.800048828125,1462.5,1463.6500244140625,1446.2098388671875,7071414,1446.2098388671875,,1489.4384765625,-0.029023446336018277,-0.015023706655197921,0.20808908492688213,0.21897133767522461,1442.669462890625,
2024-04-10,1466.3499755859375,1487.0,1466.3499755859375,1479.574951171875,1461.945068359375,9138330,1461.945068359375,,1489.4384765625,-0.018458908263587648,0.010880322529483566,0.20924993653594062,0.21940623600619144,1445.1693188476563,
2024-04-12,1475.875,1486.4749755859375,1463.074951171875,1467.1500244140625,1449.6680908203125,15551012,1449.6680908203125,,1489.4384765625,-0.026701596855463472,-0.008397700983963752,0.21028999964098027,0.2201551844690508,1445.5467651367187,
2024-04-15,1461.0,1482.125,1446.324951171875,1464.824951171875,1447.3707275390625,12902062,1447.3707275390625,,1489.4384765625,-0.028244032691116194,-0.0015847512239508532,0.21030851680959414,0.2193195524904215,1446.6771337890625,
2024-04-16,1453.3499755859375,1471.175048828125,1450.925048828125,1465.75,1448.2847900390625,9366184,1448.2847900390625,,1489.4384765625,-0.027630336647685327,0.0006315330845154676,0.20173707241550162,0.21919626574078643,1447.4503100585937,
2024-04-18,1463.5,1486.0,1459.3499755859375,1464.324951171875,1446.8765869140625,19005692,1446.8765869140625,,1489.4384765625,-0.028575795723141728,-0.0009723247352214637,0.20153062333149221,0.21879334683234503,1448.1948291015624,
2024-04-19,1456.7750244140625,1474.0,1443.0250244140625,1470.125,1452.607666015625,15741778,1452.607666015625,,1489.4384765625,-0.024727983818356503,0.00396100065022531,0.19161056519697256,0.21864806332888542,1448.44037109375,
2024-04-22,1472.449951171875,1482.824951171875,1467.800048828125,1479.8499755859375,1462.2166748046875,10350362,1462.2166748046875,,1489.4384765625,-0.018276553336152634,0.006615006249704791,0.1901411332825564,0.21842014055306846,1449.2471411132813,
2024-04-23,1479.0,1493.5,1455.550048828125,1459.324951171875,1441.9364013671875,14605554,1441.9364013671875,,1489.4384765625,-0.03189260647069048,-0.013869540531815439,0.19369256812290583,0.21997294389996613,1449.8701318359374,
2024-04-24,1463.5,1468.550048828125,1449.5,1450.175048828125,1432.8953857421875,10462776,1432.8953857421875,,1489.4384765625,-0.03796268977206041,-0.006270051589257086,0.19413648759278654,0.22036986990850954,1450.028720703125,
2024-04-25,1442.5,1467.9749755859375,1441.5,1459.9749755859375,1442.5784912109375,15943926,1442.5784912109375,,1489.4384765625,-0.03146151122650698,0.0067577197645412035,0.1901296644347957,0.22051517028995107,1450.2233715820312,
2024-04-26,1463.949951171875,1465.0,1450.0,1452.550048828125,1435.2421875,9413848,1435.2421875,,1489.4384765625,-0.03638706124175095,-0.0050855490745458365,0.18917665018522378,0.21910951564486542,1450.0613305664062,
2024-04-29,1450.0,1467.9000244140625,1450.0,1465.0250244140625,1447.568359375,7247974,1447.568359375,,1489.4384765625,-0.028111343869760108,0.008588217363141082,0.19006167724614206,0.21935411092737223,1450.3118090820312,
2024-04-30,1468.0,1483.074951171875,1462.875,1467.0,1449.519775390625,11474262,1449.519775390625,,1489.4384765625,-0.02680117493943357,0.001348064844735486,0.16878634227115696,0.2186702437701413,1450.34935546875,
2024-05-02,1472.0,1477.324951171875,1464.125,1466.550048828125,1449.0753173828125,14512646,1449.0753173828125,,1489.4384765625,-0.027099581362260983,-0.0003066243147270553,0.16877456384910808,0.21794689358529123,1450.0563916015626,
2024-05-03,1471.0,1474.949951171875,1416.1500244140625,1434.0,1416.9130859375,17226958,1416.9130859375,,1489.4384765625,-0.04869310936050386,-0.022195003295895632,0.1793494794722802,0.22116869520984453,1449.333115234375,
2024-05-06,1435.5,1440.0,1418.0,1419.5250244140625,1402.610595703125,7394208,1402.610595703125,,1489.4384765625,-0.05829571494605568,-0.010094119657954703,0.17636912638580643,0.22087622230948958,1448.5218994140625,
2024-05-07,1415.9749755859375,1420.75,1392.0,1401.4749755859375,1384.775634765625,14517472,1384.775634765625,,1489.4384765625,-0.07027000003278294,-0.012715546989404691,0.17787682532754776,0.22098417621612773,1447.0886840820312,
2024-05-08,1397.5,1432.949951171875,1397.5,1418.550048828125,1401.6473388671875,9439002,1401.6473388671875,,1489.4384765625,-0.05894243976960167,0.01218370953242398,0.1773666259919744,0.22070680019913252,1446.051689453125,
2024-05-09,1413.0,1423.75,1390.0,1394.125,1377.5133056640625,11009612,1377.5133056640625,,1489.4384765625,-0.07514588394194799,-0.01721833483637203,0.1829508607595042,0.22285452274949952,1444.597724609375,
2024-05-10,1396.75,1410.0,1388.074951171875,1407.425048828125,1390.65478515625,10505096,1390.65478515625,,1489.4384765625,-0.066322773958569,0.009540001855627978,0.1852826412337112,0.22320965775145685,1443.1289404296874,
2024-05-13,1399.9000244140625,1406.9749755859375,1384.0,1402.699951171875,1385.986083984375,8456620,1385.986083984375,,1489.4384765625,-0.06945731173595338,-0.003357196352184899,0.18379802262130676,0.22329619056402553,1441.332109375,
2024-05-14,1400.9749755859375,1427.074951171875,1400.0250244140625,1420.074951171875,1403.15380859375,7188300,1403.15380859375,,1489.4384765625,-0.05793100509118565,0.012386650059300619,0.153703268247854,0.22386974528725095,1440.0031323242188,
2024-05-15,1420.5,1429.9749755859375,1413.0250244140625,1416.2750244140625,1399.3994140625,5046534,1399.3994140625,,1489.4384765625,-0.06045168291059777,-0.0026756828141404343,0.1534644135032126,0.22344756663151405,1438.63216796875,
2024-05-16,1418.550048828125,1427.5,1398.0250244140625,1425.3499755859375,1408.3660888671875,14711774,1408.3660888671875,,1489.4384765625,-0.0544315115871189,0.006407516477841657,0.15518104500824298,0.22361816640459692,1438.0338818359376,
2024-05-17,1423.050048828125,1437.199951171875,1413.25,1435.699951171875,1418.5928955078125,10916476,1418.5928955078125,,1489.4384765625,-0.047565295357612336,0.007261468961419659,0.1569821127416475,0.2235327550002258,1437.5378637695312,
2024-05-21,1425.5999755859375,1441.824951171875,1425.5999755859375,1436.125,1419.0128173828125,11176128,1419.0128173828125,,1489.4384765625,-0.047283362346207225,0.00029601295504133596,0.15457154095521589,0.22261090210793796,1436.4312109375,
2024-05-22,1436.2750244140625,1468.7750244140625,1436.2750244140625,1460.6500244140625,1443.24560546875,10281604,1443.24560546875,,1489.4384765625,-0.031013614741818185,0.017077215786275746,0.16210485272266525,0.2240877036710089,1435.507353515625,
2024-05-23,1458.550048828125,1492.2249755859375,1455.0,1486.050048828125,1468.3428955078125,14608260,1468.3428955078125,,1489.4384765625,-0.014163445745925873,0.01738947961730397,0.16960428972416003,0.22563277684001176,1435.2277270507811,
2024-05-24,1483.625,1488.5,1476.0999755859375,1480.25,1462.6119384765625,7094776,1462.6119384765625,,1489.4384765625,-0.018011175693440462,-0.0039030100181525196,0.1620959529156605,0.22526886894007178,1434.7781469726563,
2024-05-27,1480.2249755859375,1484.9000244140625,1461.550048828125,1466.25,1448.77880859375,6629010,1448.77880859375,,1489.4384765625,-0.02729865557293054,-0.009457826453420637,0.1583970424269973,0.22591946333858115,1434.527666015625,
2024-05-28,1468.0,1478.5,1452.75,1456.199951171875,1438.8485107421875,7820162,1438.8485107421875,,1489.4384765625,-0.033965797591767544,-0.006854253936252164,0.15624072380954496,0.2221894643830718,1434.3221459960937,
2024-05-29,1446.5,1458.0,1438.449951171875,1440.7750244140625,1423.607421875,7383556,1423.607421875,,1489.4384765625,-0.04419857263217253,-0.01059255978193685,0.15733247243118223,0.21891461405483786,1433.63740234375,
2024-05-30,1435.5,1440.4000244140625,1420.0999755859375,1424.8499755859375,1407.8720703125,13206858,1407.8720703125,,1489.4384765625,-0.054763192661873794,-0.011053153643843294,0.16023638750997815,0.21944907441888792,1433.492646484375,
2024-05-31,1431.300048828125,1442.25,1422.25,1430.4000244140625,1413.35595703125,31069832,1413.35595703125,,1489.4384765625,-0.05108134423037203,0.003895159819125249,0.16078085306586715,0.21773676189889452,1433.4714013671876,
2024-06-03,1483.0,1514.5,1459.0,1510.324951171875,1492.32861328125,21527942,1492.32861328125,,1492.32861328125,0.0,0.055875984996647254,0.22976288543003123,0.23535643479386578,1435.2914526367188,
2024-06-04,1498.050048828125,1498.050048828125,1359.300048828125,1397.2750244140625,1380.625732421875,36709098,1380.625732421875,,1492.32861328125,-0.07485139657931561,-0.07485139657931561,0.3179475484020616,0.26700929299970055,1434.4575122070312,
2024-06-05,1422.0,1431.1500244140625,1384.0999755859375,1420.75,1403.8209228515625,17464890,1403.8209228515625,,1492.32861328125,-0.059308445634558726,0.016800491172215715,0.3215553819690442,0.2683228213379653,1434.368583984375,
2024-06-06,1435.0,1443.699951171875,1421.3499755859375,1431.5999755859375,1414.5416259765625,17855722,1414.5416259765625,,1492.32861328125,-0.052124570025936734,0.007636802494169315,0.3202051293826266,0.26857848969253606,1434.1284814453124,
2024-06-07,1428.5,1472.0,1426.5,1469.949951171875,1452.4345703125,18558696,1452.4345703125,,1492.32861328125,-0.02673274680503057,0.02678814369268001,0.3291829484194017,0.2675414326236445,1434.50345703125,
2024-06-10,1469.949951171875,1493.3499755859375,1468.074951171875,1471.4000244140625,1453.867431640625,9251760,1453.867431640625,,1492.32861328125,-0.025772595458086633,0.000986523838947706,0.32867892259821163,0.26697860837631454,1434.8270556640625,
2024-06-11,1469.0,1473.675048828125,1454.675048828125,1456.675048828125,1439.3179931640625,11774902,1439.3179931640625,,1492.32861328125,-0.035522082499397145,-0.010007403811325588,0.3297097778980412,0.26744911049261294,1435.125458984375,
2024-06-12,1457.5,1476.0,1455.175048828125,1463.324951171875,1445.888671875,10081742,1445.888671875,,1492.32861328125,-0.031119112099673774,0.00456513344663545,0.32903709853596236,0.24053896341183492,1434.5419946289062,
2024-06-13,1472.0,1472.25,1460.0999755859375,1465.25,1447.790771484375,9181160,1447.790771484375,,1492.32861328125,-0.02984452713732244,0.0013155228658845441,0.32903610121955984,0.235779637552648,1434.1349047851563,
2024-06-14,1470.0,1479.675048828125,1457.2249755859375,1477.550048828125,1459.9442138671875,8157998,1459.9442138671875,,1492.32861328125,-0.021700581980303557,0.008394474272240382,0.3298916766155679,0.23514023465145334,1433.9921264648438,
2024-06-18,1487.3499755859375,1487.4000244140625,1471.3499755859375,1481.0250244140625,1463.3778076171875,7196766,1463.3778076171875,,1492.32861328125,-0.019399752444876794,0.00235186640515872,0.32283862457302825,0.23515913864486457,1433.8750415039062,
2024-06-19,1487.5,1487.5,1456.0,1458.6500244140625,1441.2694091796875,8725874,1441.2694091796875,,1492.32861328125,-0.03421445092398001,-0.015107785783289307,0.3246951154320577,0.23381991286783924,1433.6191284179688,
2024-06-20,1459.0,1482.8499755859375,1450.0999755859375,1473.699951171875,1456.14013671875,16113776,1456.14013671875,,1492.32861328125,-0.024249670106459176,0.010317798632475172,0.3230297524531949,0.2334020407573542,1433.832060546875,
2024-06-21,1473.625,1474.699951171875,1440.574951171875,1454.199951171875,1436.872314453125,31170360,1436.872314453125,,1492.32861328125,-0.03716091639239616,-0.013232120851392026,0.3243808678739937,0.23411644662246822,1433.7154663085937,
2024-06-24,1445.5250244140625,1449.5,1437.5,1441.4749755859375,1424.2989501953125,8878386,1424.2989501953125,,1492.32861328125,-0.04558624855175675,-0.00875050909627828,0.3211531963138634,0.23401583639490844,1432.8360717773437,1320.0878436279297
2024-06-25,1443.0,1455.925048828125,1441.0,1454.1500244140625,1436.822998046875,7045386,1436.822998046875,,1492.32861328125,-0.03719396300546185,0.008793131420791411,0.32099423201159993,0.23429363883242607,1432.6483349609375,1321.235380859375
2024-06-26,1446.050048828125,1518.9749755859375,1445.125,1514.0250244140625,1495.9844970703125,22014882,1495.9844970703125,,1495.9844970703125,0.0,0.04117521720062789,0.34073312967145214,0.24388356535299124,1433.3291235351562,1322.736527709961
2024-06-27,1513.75,1537.5,1506.0,1530.550048828125,1512.3126220703125,28383030,1512.3126220703125,,1512.3126220703125,0.0,0.010914635166324516,0.34039882193562965,0.24426519965495602,1434.5820141601562,1324.3249963378905
2024-06-28,1531.0250244140625,1581.0,1531.0250244140625,1565.4000244140625,1546.7474365234375,28957336,1546.7474365234375,,1546.7474365234375,0.0,0.02276964031814055,0.34485019427728203,0.2466852044797635,1436.5695483398438,1326.112935180664
2024-07-01,1562.5250244140625,1579.4000244140625,1555.675048828125,1560.1500244140625,1541.5599365234375,7724306,1541.5599365234375,,1546.7474365234375,-0.0033538119265674737,-0.0033538119265674737,0.34531325656732254,0.24616981716532338,1438.4350512695312,1327.8609808349609
2024-07-02,1569.5,1573.5,1557.0,1565.175048828125,1546.525146484375,7749246,1546.525146484375,,1546.7474365234375,-0.0001437145029715703,0.0032208997154759,0.34510368330372754,0.24583400360968455,1440.4280224609374,1329.6386688232421
2024-07-03,1566.324951171875,1575.0,1542.7750244140625,1552.425048828125,1533.927001953125,9049620,1533.927001953125,,1546.7474365234375,-0.008288641227121363,-0.008146097436494082,0.34656682903996455,0.24596082470239647,1442.0544091796876,1331.321499633789
2024-07-04,1557.0,1567.5,1550.800048828125,1554.0250244140625,1535.5079345703125,6837176,1535.5079345703125,,1546.7474365234375,-0.007266539893796442,0.0010306439714371507,0.34394593267918444,0.2455509508825616,1443.520234375,1332.9996374511718
2024-07-05,1553.824951171875,1598.5,1548.0,1588.625,1569.695556640625,12269710,1569.695556640625,,1569.695556640625,0.0,0.022264699061864013,0.34608843398670464,0.2481362991516201,1446.0754174804688,1334.840562133789
2024-07-08,1589.0,1608.800048828125,1582.5250244140625,1600.9000244140625,1581.824462890625,9500806,1581.824462890625,,1581.824462890625,0.0,0.007726916342910117,0.3458718608999251,0.24833011749255704,1449.0539990234374,1336.702113647461
2024-07-09,1597.5999755859375,1600.5,1580.5,1590.2750244140625,1571.3260498046875,6960002,1571.3260498046875,,1581.824462890625,-0.006636901459187605,-0.006636901459187605,0.3450955287815514,0.248243129334313,1451.6289501953124,1338.4459594726563
2024-07-10,1595.0,1597.5,1563.1500244140625,1584.2249755859375,1565.3480224609375,7134578,1565.3480224609375,,1581.824462890625,-0.010416099141353774,-0.0038044474248314364,0.34445588746580863,0.2480727728221316,1454.2310668945313,1340.2482250976564
2024-07-11,1587.5,1604.25,1570.5,1580.6500244140625,1561.815673828125,11940946,1561.815673828125,,1581.824462890625,-0.012649184237507605,-0.00225658996090794,0.3424297636029684,0.24798266967043767,1456.5160131835937,1342.0026922607422
2024-07-12,1584.5,1605.1500244140625,1574.5,1596.7249755859375,1577.6990966796875,12924784,1577.6990966796875,,1581.824462890625,-0.0026079797776036306,0.010169844699170483,0.3402057268474582,0.2484544513579882,1459.079599609375,1343.8310192871095
2024-07-15,1604.449951171875,1605.8499755859375,1585.5,1597.2249755859375,1578.1932373046875,5329688,1578.1932373046875,,1581.824462890625,-0.0022955932665890133,0.00031320333898898767,0.34037625507120284,0.2458716010144656,1461.6619580078125,1345.650577392578
2024-07-16,1593.5,1600.0,1569.125,1576.25,1557.4681396484375,9386838,1557.4681396484375,,1581.824462890625,-0.01539761447213861,-0.013132167320425991,0.3058314709295189,0.24699268703594326,1464.4730590820313,1347.419371948242
2024-07-18,1576.0,1593.9000244140625,1557.824951171875,1586.675048828125,1567.7689208984375,12298374,1567.7689208984375,,1581.824462890625,-0.008885652183240667,0.006613799016347954,0.20255240617157405,0.24474771611824023,1467.7762255859375,1349.373803100586
2024-07-19,1586.0,1589.9749755859375,1552.800048828125,1555.1500244140625,1536.6195068359375,13140390,1536.6195068359375,,1581.824462890625,-0.028577732305441805,-0.019868625820602004,0.2106449269381697,0.24663845756528902,1470.8131030273437,1351.2153454589843
2024-07-22,1537.25,1537.5,1499.2750244140625,1500.675048828125,1482.793701171875,19674376,1482.793701171875,,1581.824462890625,-0.06260540536702863,-0.03502871428132237,0.23727508035149963,0.25355730092496237,1472.4360302734376,1352.8120904541015
2024-07-23,1501.0,1505.75,1463.0,1487.9000244140625,1470.1707763671875,18052044,1470.1707763671875,,1581.824462890625,-0.07058538361418543,-0.00851293392648711,0.2266339221359409,0.25395061622715764,1474.2891796875,1354.381538696289
2024-07-24,1485.0,1509.5,1476.4000244140625,1495.699951171875,1477.8778076171875,11913362,1477.8778076171875,,1581.824462890625,-0.06571314182579113,0.005242269383863185,0.22704810675096818,0.2526384901576473,1476.0336401367188,1355.9844580078125
2024-07-25,1481.0,1500.4749755859375,1477.074951171875,1492.4000244140625,1474.6171875,12519876,1474.6171875,,1581.824462890625,-0.06777444520911913,-0.002206285323713364,0.224984113096515,0.25225667556977655,1477.8062622070313,1357.505860595703
2024-07-26,1492.4000244140625,1512.425048828125,1490.3499755859375,1509.0250244140625,1491.044189453125,9859940,1491.044189453125,,1581.824462890625,-0.057389600152983,0.011139841643223125,0.22671392778403482,0.25272946840590155,1479.5640698242187,1359.195361328125
2024-07-29,1511.949951171875,1527.5,1511.7750244140625,1520.0999755859375,1501.9871826171875,7538550,1501.9871826171875,,1581.824462890625,-0.05047164343857913,0.007339147452146255,0.2274292196992283,0.24793399959930534,1481.6158251953125,1360.912651977539
2024-07-30,1517.0250244140625,1525.0,1510.0,1513.1500244140625,1495.119873046875,8228208,1495.119873046875,,1581.824462890625,-0.054813028801758534,-0.004572149249866597,0.22703125262496418,0.2480874395056138,1483.3509008789063,1362.6619317626953
2024-07-31,1504.0,1510.449951171875,1501.1500244140625,1505.425048828125,1487.4869384765625,10057346,1487.4869384765625,,1581.824462890625,-0.059638428047616765,-0.005105232502031765,0.2276426240572667,0.2477108937501042,1484.7287817382812,1364.3829278564453
2024-08-01,1512.0,1518.0,1504.300048828125,1515.300048828125,1497.2445068359375,10764222,1497.2445068359375,,1581.824462890625,-0.05346987484320864,0.006559767421802309,0.22323362031944044,0.24674285365485832,1486.2934155273438,1366.1528344726562
2024-08-02,1505.0,1509.324951171875,1493.2750244140625,1499.324951171875,1481.4595947265625,10268248,1481.4595947265625,,1581.824462890625,-0.06344880264441977,-0.010542641524017071,0.22415005982894384,0.24682546702317712,1487.0576953125,1367.8341833496095
2024-08-05,1480.0,1483.9000244140625,1433.25,1447.324951171875,1430.0792236328125,17046704,1430.0792236328125,,1581.824462890625,-0.09593051746115577,-0.03468226286875775,0.24349747074987727,0.2529122388389355,1486.292421875,1369.3074169921874
2024-08-06,1455.1500244140625,1477.5,1451.324951171875,1456.050048828125,1438.700439453125,10236186,1438.700439453125,,1581.824462890625,-0.09048034519326831,0.006028488266833332,0.24267164757628856,0.25297364793907073,1485.8141918945312,1370.7986840820313
2024-08-07,1469.0,1472.5,1461.5,1464.824951171875,1447.3707275390625,8174568,1447.3707275390625,,1581.824462890625,-0.08499915035190553,0.006026472118986215,0.24197642642787656,0.25312661833928574,1485.7860302734375,1372.2427691650391
2024-08-08,1457.5250244140625,1465.0,1445.925048828125,1449.125,1431.85791015625,12387192,1431.85791015625,,1581.824462890625,-0.09480606492854848,-0.010717929475600685,0.21061725914651208,0.2532943263380304,1485.6462182617188,1373.598544921875
2024-08-09,1460.0,1476.5,1456.0,1474.300048828125,1456.73291015625,6249776,1456.73291015625,,1581.824462890625,-0.07908055265865765,0.01737253384121451,0.21468371476641512,0.24786892586292217,1486.3087280273437,1375.0789422607422
2024-08-12,1470.0,1473.0,1457.75,1460.625,1443.2208251953125,8184584,1443.2208251953125,,1581.824462890625,-0.08762264141624687,-0.009275609047294853,0.20344285537899126,0.24823224072324354,1487.015703125,1376.5047479248046
2024-08-13,1460.75,1470.074951171875,1458.0,1463.625,1446.1851806640625,6265064,1446.1851806640625,,1581.824462890625,-0.0857486310324822,0.0020539860685206968,0.20378590422702883,0.24825499262662767,1487.6722875976564,1377.917709350586
2024-08-14,1463.550048828125,1472.0,1453.699951171875,1461.8499755859375,1444.4312744140625,6267466,1444.4312744140625,,1581.824462890625,-0.08685741793719026,-0.0012127812353841527,0.20319440204124403,0.24824954569062155,1486.7143408203126,1379.3990948486328
2024-08-16,1468.6500244140625,1480.4000244140625,1458.050048828125,1478.199951171875,1460.58642578125,9416902,1460.58642578125,,1581.824462890625,-0.07664443176446056,0.011184437538394487,0.20597857052679253,0.2483423631179692,1488.3135546875,1381.0053497314452
2024-08-19,1482.5,1498.300048828125,1480.5,1488.4000244140625,1475.65625,13797742,1475.65625,,1581.824462890625,-0.06711756922548362,0.01031765320610134,0.20872978198843678,0.24870247678593438,1489.7502612304688,1382.7043682861329
2024-08-20,1497.2249755859375,1503.925048828125,1490.0250244140625,1495.949951171875,1483.1416015625,8411808,1483.1416015625,,1581.824462890625,-0.062385469211793554,0.005072557760318563,0.19755498947293085,0.24879654193851866,1491.1222607421876,1384.5294946289061
2024-08-21,1493.25,1507.875,1490.0,1498.675048828125,1485.8433837890625,7769996,1485.8433837890625,,1581.824462890625,-0.06067745274729586,0.001821661683359288,0.19581064719551322,0.24708427546779493,1491.7904370117187,1386.381098022461
2024-08-22,1503.0,1506.5,1490.6500244140625,1498.125,1485.2979736328125,10445782,1485.2979736328125,,1581.824462890625,-0.061022250902239894,-0.0003670710938989963,0.195365930471459,0.2457319023019292,1492.4190478515625,1388.3076635742189
2024-08-23,1503.75,1511.324951171875,1498.425048828125,1499.9749755859375,1487.1322021484375,9249654,1487.1322021484375,,1581.824462890625,-0.05986268575537579,0.001234922923336823,0.19546279128929764,0.24509810710584218,1493.37533203125,1390.1463201904296
2024-08-26,1506.9749755859375,1523.0,1503.0,1512.5999755859375,1499.649169921875,8816114,1499.649169921875,,1581.824462890625,-0.05194969157233975,0.008416849393318548,0.19760308349000738,0.24502184489760745,1494.4505419921875,1391.9322027587891
2024-08-27,1510.5,1513.4749755859375,1499.449951171875,1500.449951171875,1487.6031494140625,6251156,1487.6031494140625,,1581.824462890625,-0.05956496165471015,-0.008032559047420396,0.19547097354826776,0.24541407970465876,1495.2467895507812,1393.7186224365234
2024-08-28,1505.0,1507.4749755859375,1493.0,1498.300048828125,1485.4716796875,9610286,1485.4716796875,,1581.824462890625,-0.06091243716578387,-0.0014328214668017925,0.1953659051780057,0.24543344404315792,1495.7573388671874,1395.47091796875
2024-08-29,1503.0999755859375,1537.0,1494.0,1520.925048828125,1507.90283203125,38335358,1507.90283203125,,1581.824462890625,-0.04673187992319372,0.015100356775882062,0.19842573182561374,0.24664936504273935,1496.6478393554687,1397.279048461914
2024-08-30,1534.0,1539.7249755859375,1503.324951171875,1509.625,1496.6995849609375,41620730,1496.6995849609375,,1581.824462890625,-0.05381436431582953,-0.00742968766443719,0.19791633897911848,0.2469434816520814,1497.7564428710937,1399.032398071289
2024-09-02,1510.875,1526.800048828125,1506.625,1516.25,1503.2679443359375,11240852,1503.2679443359375,,1581.824462890625,-0.049661969704990705,0.0043885623013462105,0.19067467405357708,0.24681424365217108,1498.6989990234374,1400.7709143066406
2024-09-03,1521.25,1523.0,1507.5,1509.125,1496.203857421875,10923800,1496.203857421875,,1581.824462890625,-0.054127754044394405,-0.004699153561198988,0.1611464998832215,0.24578494528639713,1499.8856298828125,1402.511657104492
2024-09-04,1500.699951171875,1517.5,1499.5,1514.550048828125,1501.5823974609375,11983304,1501.5823974609375,,1581.824462890625,-0.05072754108445965,0.0035947909186186955,0.15916834850857806,0.24556636092340542,1501.431298828125,1404.2494030761718
2024-09-05,1519.050048828125,1525.7750244140625,1487.050048828125,1492.9749755859375,1480.192138671875,16264168,1480.192138671875,,1581.824462890625,-0.06425006478470252,-0.014245144871990911,0.16433028580305012,0.2465974787461864,1502.298681640625,1405.9428173828126
2024-09-06,1492.5,1497.0,1461.625,1464.824951171875,1452.2830810546875,19394228,1452.2830810546875,,1581.824462890625,-0.08189365183998587,-0.01885502353919355,0.17320891532354749,0.24853455923686008,1501.4246533203125,1407.4859411621094
2024-09-09,1466.5,1469.925048828125,1455.5999755859375,1462.449951171875,1449.928466796875,9010298,1449.928466796875,0.2009523646786675,1581.824462890625,-0.08338219517273326,-0.0016213190723826099,0.1697018402764386,0.24815196689865465,1500.1769702148438,1409.0180322265626
2024-09-10,1460.5,1472.050048828125,1457.574951171875,1461.5250244140625,1449.011474609375,10768260,1449.011474609375,0.2117961628996452,1581.824462890625,-0.0839619005755845,-0.000632439605469437,0.16791180487786225,0.2481467946994611,1498.2222509765625,1410.4421606445312
2024-09-11,1463.050048828125,1468.75,1447.550048828125,1451.5,1439.072265625,9760202,1439.072265625,0.20462874801329778,1581.824462890625,-0.09024528360419948,-0.006859303158420094,0.16844783460297377,0.24842063354727464,1496.1724975585937,1411.806094970703
2024-09-12,1457.0,1486.0,1445.875,1479.800048828125,1467.1298828125,22349376,1467.1298828125,0.23375348351543224,1581.824462890625,-0.07250777995210178,0.01949701752838262,0.17831672106591034,0.24764687773433136,1494.5845922851563,1413.3230383300781
2024-09-13,1476.4000244140625,1483.1500244140625,1469.5,1472.625,1460.016357421875,8711328,1460.016357421875,0.22489648942220164,1581.824462890625,-0.07700481837672302,-0.004848599618861527,0.17751235201683827,0.2471660834084952,1493.1063793945314,1414.8197296142578
2024-09-16,1477.550048828125,1480.9000244140625,1464.75,1471.3499755859375,1458.7523193359375,5481774,1458.7523193359375,0.2248258353089252,1581.824462890625,-0.07780391974074385,-0.000865769811079109,0.17508585827081055,0.2461563476453202,1491.5712670898438,1416.2371063232422
2024-09-17,1474.0,1477.4749755859375,1466.625,1472.300048828125,1459.6942138671875,5935328,1459.6942138671875,0.21909299627476608,1581.824462890625,-0.07720847153941268,0.0006456850273792725,0.14186067056898283,0.24538797272085225,1489.371240234375,1417.636219482422
2024-09-18,1470.0,1482.0,1460.550048828125,1463.449951171875,1450.9197998046875,8574714,1450.9197998046875,0.20922038126359443,1581.824462890625,-0.08275549288618433,-0.006011131632325806,0.14223826695600927,0.24379907277116958,1486.7531469726562,1418.973427734375
2024-09-19,1466.25,1476.5,1455.550048828125,1469.675048828125,1457.0916748046875,16955902,1457.0916748046875,0.21271643413569863,1581.824462890625,-0.07885374832173275,0.00425376716261705,0.1417121587564046,0.2434161895023033,1484.4684594726561,1420.345447998047
2024-09-20,1474.0,1495.0,1471.375,1485.925048828125,1473.2025146484375,30897320,1473.2025146484375,0.21801179612326593,1581.824462890625,-0.06866877506982783,0.011056847089535138,0.14110323880757492,0.24394106455122777,1482.6255493164062,1421.796787109375
2024-09-23,1491.0,1501.5,1488.949951171875,1493.375,1480.5887451171875,8832314,1480.5887451171875,0.2110591855208681,1581.824462890625,-0.06399933756773457,0.005013723772059109,0.1329429455135007,0.24326018450321094,1481.0010107421874,1423.2694952392578
2024-09-24,1488.5,1500.5,1487.875,1489.375,1476.6229248046875,17137444,1476.6229248046875,0.2255201079499629,1581.824462890625,-0.06650645539625322,-0.0026785427929117978,0.13003827863999373,0.24326029739449778,1478.9794873046876,1424.7798065185548
2024-09-25,1483.9000244140625,1496.5,1480.199951171875,1493.949951171875,1481.15869140625,7069002,1481.15869140625,0.22316581610151331,1581.824462890625,-0.06363902812605293,0.0030717162285438526,0.1301572737378554,0.24310322676573706,1477.0387963867188,1426.2711737060547
2024-09-26,1490.6500244140625,1504.0,1488.050048828125,1497.949951171875,1485.12451171875,18818998,1485.12451171875,0.22531619562130256,1581.824462890625,-0.061131910297534287,0.00267751209611089,0.13011524851300754,0.24287258378549992,1475.591923828125,1427.7183911132813
2024-09-27,1499.0,1533.4749755859375,1492.0,1526.175048828125,1513.10791015625,20597478,1513.10791015625,0.2460930726084567,1581.824462890625,-0.043441326358553356,0.01884245948180774,0.1370529671252925,0.24477651146881918,1474.4987036132814,1429.262173461914
2024-09-30,1519.4000244140625,1524.9749755859375,1474.4000244140625,1476.574951171875,1463.9324951171875,27008814,1463.9324951171875,0.21618449076980273,1581.824462890625,-0.07452910897458354,-0.03249960872518631,0.16555733292938327,0.24947297549371786,1473.0449633789062,1430.502399291992
2024-10-01,1480.6500244140625,1487.949951171875,1462.824951171875,1464.824951171875,1452.2830810546875,16431642,1452.2830810546875,0.23400836197569497,1581.824462890625,-0.08189365183998587,-0.007957616967555259,0.16624826872204065,0.24815321115331948,1472.4347509765626,1431.6943829345703
2024-10-03,1436.574951171875,1449.4000244140625,1402.074951171875,1406.9749755859375,1394.928466796875,37757294,1394.928466796875,0.1939701199606636,1581.824462890625,-0.1181521720508838,-0.03949272356471989,0.20050808166413908,0.2567355289461923,1470.9299047851562,1432.6028045654298
2024-10-04,1403.925048828125,1417.3499755859375,1381.7750244140625,1386.5250244140625,1374.653564453125,37072876,1374.653564453125,0.1815375169225193,1581.824462890625,-0.1309695881545011,-0.01453472549048096,0.2036699930162811,0.2573826666443088,1468.865419921875,1433.4009588623046
2024-10-07,1393.5,1396.5,1361.375,1370.7249755859375,1358.98876953125,22181340,1358.98876953125,0.17530999746100595,1581.824462890625,-0.14087258010422044,-0.011395449244047784,0.20494477797581365,0.25781431123146775,1466.5528515625,1434.2079876708985
2024-10-08,1372.9749755859375,1401.0,1365.0999755859375,1397.3499755859375,1385.3857421875,17020808,1385.3857421875,0.1970906335411693,1581.824462890625,-0.12418490503311153,0.01942398145450097,0.21257550901574165,0.25937597520278804,1464.4396826171876,1435.1225463867188
2024-10-09,1397.5250244140625,1400.9749755859375,1372.5,1374.5999755859375,1362.8306884765625,14310610,1362.8306884765625,0.16447747345004338,1581.824462890625,-0.13844379041519783,-0.016280702929224233,0.2157443002055985,0.2601434523348928,1461.656552734375,1435.8497296142577
2024-10-10,1380.0250244140625,1386.0,1369.425048828125,1371.050048828125,1359.31103515625,22358646,1359.31103515625,0.17878685099627845,1581.824462890625,-0.14066884977094996,-0.0025826049780599547,0.21570552429150872,0.26007861831463636,1458.9403759765626,1436.4816259765626
2024-10-11,1370.0,1383.2750244140625,1368.824951171875,1372.0999755859375,1360.35205078125,7980122,1360.35205078125,0.17420624676656127,1581.824462890625,-0.14001073905802197,0.0007658406340240731,0.20923554407321127,0.24210216917472743,1456.3976782226562,1437.0559838867186
2024-10-14,1379.449951171875,1380.074951171875,1368.25,1372.5250244140625,1360.7734375,12221432,1360.7734375,0.1881745495257836,1581.824462890625,-0.13974434621315468,0.0003097629900348231,0.20912397027704924,0.20726806221086447,1453.6682568359374,1437.5408044433593
2024-10-15,1358.5250244140625,1371.699951171875,1340.699951171875,1344.0250244140625,1332.5174560546875,33762794,1332.5174560546875,0.16551366122727407,1581.824462890625,-0.15760725205902681,-0.020764648005787145,0.21396450683893833,0.20813710210600414,1450.6894140625,1437.9607977294922
2024-10-16,1340.0,1364.0,1337.625,1354.074951171875,1342.4814453125,20034438,1342.4814453125,0.174254069034677,1581.824462890625,-0.1513082034025126,0.0074775675264426855,0.21647613344809466,0.208119659470941,1448.9374584960938,1438.3431652832032
2024-10-17,1365.699951171875,1368.449951171875,1352.050048828125,1356.425048828125,1344.811279296875,15543660,1344.811279296875,0.17431298863335365,1581.824462890625,-0.14983532569766445,0.0017354682945600608,0.2160119527514863,0.20297882750056087,1447.0596752929687,1438.7310064697265
2024-10-18,1352.175048828125,1368.425048828125,1341.324951171875,1359.300048828125,1347.66162109375,12082452,1347.66162109375,0.1869147896411565,1581.824462890625,-0.1480333926363523,0.0021195106263276475,0.21418923483862665,0.20301550063229584,1445.0654931640624,1439.1009869384766
2024-10-21,1367.125,1374.0,1357.7249755859375,1369.199951171875,1357.4769287109375,14067408,1357.4769287109375,0.19030248940812888,1581.824462890625,-0.14182833774723336,0.007283213726322124,0.2107808739475144,0.20284738307210431,1443.5778735351562,1439.4983056640624
2024-10-22,1369.199951171875,1376.0,1340.2249755859375,1343.3499755859375,1331.84814453125,15831960,1331.84814453125,0.14957824739391712,1581.824462890625,-0.1580303783534669,-0.018879719896252367,0.21626015463573126,0.20494986597391882,1441.0801782226563,1439.7212878417968
2024-10-23,1337.5,1357.4749755859375,1335.0,1338.5250244140625,1327.064453125,17214742,1327.064453125,0.14332842157582126,1581.824462890625,-0.16105453907323997,-0.003591769396453004,0.21617997029100558,0.20496892796136432,1438.75705078125,1439.9712384033203
2024-10-24,1335.2750244140625,1343.699951171875,1323.125,1339.800048828125,1328.3287353515625,22155934,1328.3287353515625,0.1444662867018376,1581.824462890625,-0.1602552833680575,0.000952690898761821,0.2161021191310294,0.20439251816688922,1436.399921875,1440.2144177246093
2024-10-25,1343.5,1344.3499755859375,1322.0,1327.8499755859375,1316.4808349609375,18597496,1316.4808349609375,0.13679877092704884,1581.824462890625,-0.16774530559781498,-0.008919403815719762,0.20635531549262134,0.20474419880383457,1433.8409130859375,1440.3453717041016
2024-10-28,1337.0,1353.0,1322.0999755859375,1334.3499755859375,1322.9251708984375,10824350,1322.9251708984375,0.13693128929004805,1581.824462890625,-0.163671316297053,0.004895123245520772,0.2077388817131041,0.20359982979721641,1431.0876879882812,1440.578701171875
2024-10-29,1328.0999755859375,1343.199951171875,1320.300048828125,1340.0,1328.52685546875,12008361,1328.52685546875,0.1570979617739452,1581.824462890625,-0.1601300355154447,0.004234317022260736,0.2087597256839852,0.2029066207135268,1428.1451000976563,1440.8070623779297
2024-10-30,1335.0,1350.0,1325.3499755859375,1343.9000244140625,1332.3935546875,11984423,1332.3935546875,0.16944799321493176,1581.824462890625,-0.15768558019852286,0.0029105164135998507,0.20920874119382987,0.20193272328405698,1425.1301391601562,1441.0274609375
2024-10-31,1340.0,1343.0,1326.1500244140625,1332.050048828125,1320.64501953125,9331650,1320.64501953125,0.1626905554318454,1581.824462890625,-0.165112785575522,-0.008817616322833066,0.2097228163465103,0.20194027492994301,1421.826171875,1441.2393853759766
2024-11-01,1333.050048828125,1341.949951171875,1333.0,1338.6500244140625,1327.1884765625,2127335,1327.1884765625,0.186986038377839,1581.824462890625,-0.16097613376316322,0.004954743276563756,0.2099445470895576,0.20152791635245623,1418.6639819335937,1441.5009478759766
2024-11-04,1337.8499755859375,1340.0,1285.0999755859375,1302.1500244140625,1291.0009765625,19796890,1291.0009765625,0.1573058716649658,1581.824462890625,-0.18385319809549183,-0.027266285564600312,0.21687859194880094,0.19354607495342688,1414.741357421875,1441.4096459960938
2024-11-05,1293.0,1309.550048828125,1286.1500244140625,1305.300048828125,1294.1240234375,16267479,1294.1240234375,0.17649257424973452,1581.824462890625,-0.18187886595670766,0.0024190894752966763,0.21603911753558894,0.19251474482333328,1410.6308544921876,1441.1617852783204
2024-11-06,1310.0,1328.300048828125,1300.199951171875,1325.3499755859375,1314.0023193359375,21625209,1314.0023193359375,0.1738442805403455,1581.824462890625,-0.1693121770700584,0.015360425692149793,0.22347634285672374,0.19023873413903608,1407.158837890625,1440.9598370361327
2024-11-07,1324.0,1324.0,1302.5999755859375,1305.6500244140625,1294.4710693359375,9611974,1294.4710693359375,0.13304337067011307,1581.824462890625,-0.18165946999553795,-0.014863938756113138,0.22473664900532617,0.19148630275745576,1403.3388256835938,1440.544625854492
2024-11-08,1297.6500244140625,1301.6500244140625,1275.0,1283.75,1272.7584228515625,19814406,1272.7584228515625,0.1260167988271601,1581.824462890625,-0.19538580119963211,-0.016773373309542983,0.2264903886982752,0.1928997894852237,1398.6359375,1440.1171905517579
2024-11-11,1278.949951171875,1286.0,1267.0,1272.699951171875,1261.802978515625,9056552,1261.802978515625,0.11170837069342587,1581.824462890625,-0.20231162931327595,-0.008607638448302146,0.21503049236212035,0.1929423675632271,1393.9380053710938,1439.6994506835938
2024-11-12,1275.550048828125,1289.300048828125,1267.5,1274.25,1263.33984375,10671091,1263.33984375,0.10212465013094896,1581.824462890625,-0.20134005170120228,0.0012179914460044294,0.20056887007555085,0.19295121240725127,1389.139443359375,1439.2578997802734
2024-11-13,1270.25,1275.449951171875,1249.5,1252.050048828125,1241.3299560546875,14633633,1241.3299560546875,0.08315691647294088,1581.824462890625,-0.21525429326950607,-0.017421984911027644,0.2037056973241491,0.19017446047988812,1384.0419653320312,1438.70876953125
2024-11-14,1253.5999755859375,1272.5999755859375,1251.0999755859375,1267.5999755859375,1256.746826171875,12612633,1256.746826171875,0.08756076500577947,1581.824462890625,-0.20550803476935953,0.012419639147505102,0.18203850499887544,0.1910513843972902,1379.14525390625,1438.428782348633
2024-11-18,1267.5999755859375,1272.9000244140625,1243.9000244140625,1260.75,1249.9554443359375,13620611,1249.9554443359375,0.08875891838578509,1581.824462890625,-0.2098014200312911,-0.0054039379248916886,0.17908815093698896,0.19098656498012595,1374.5405200195312,1438.0392498779297
2024-11-19,1260.75,1281.5,1235.1500244140625,1241.6500244140625,1231.0189208984375,14183746,1231.0189208984375,0.06671014106437179,1581.824462890625,-0.22177273788718987,-0.015149758756049403,0.18091993872168685,0.1921515217812976,1370.1152368164062,1437.509583129883
2024-11-21,1241.6500244140625,1243.949951171875,1217.25,1223.0,1212.5286865234375,19433843,1212.5286865234375,0.062215358726603665,1581.824462890625,-0.23346192009974143,-0.015020268219358646,0.1706982703504793,0.1932719505643323,1365.3672412109374,1436.418247680664
2024-11-22,1229.4000244140625,1268.8499755859375,1222.449951171875,1265.4000244140625,1254.5655517578125,20471957,1254.5655517578125,0.09697583982835023,1581.824462890625,-0.20688699587739323,0.034668759346967004,0.20100257004926353,0.2020517907598915,1361.4783227539062,1435.7368139648438
2024-11-25,1290.0,1304.449951171875,1282.449951171875,1287.0,1275.9805908203125,28923341,1275.9805908203125,0.11584534241082811,1581.824462890625,-0.19334880654925113,0.01706968522489305,0.20899468963008833,0.20463260703431493,1358.2164892578126,1435.0685870361328
2024-11-26,1294.949951171875,1297.8499755859375,1284.199951171875,1295.699951171875,1284.606201171875,9247557,1284.606201171875,0.10343745052170439,1581.824462890625,-0.18789585614045534,0.006759985546502145,0.21040699006743785,0.20435160510898562,1354.566015625,1434.443364868164
2024-11-27,1293.5,1303.8499755859375,1286.0,1293.199951171875,1282.1275634765625,9572746,1282.1275634765625,0.09932574226440494,1581.824462890625,-0.1894628047832796,-0.0019294922389845315,0.21030981612907243,0.2038247547350922,1351.0082397460938,1433.6523498535157
2024-11-28,1289.949951171875,1296.5999755859375,1269.050048828125,1270.800048828125,1259.91943359375,15027412,1259.91943359375,0.08264571345614691,1581.824462890625,-0.2035023713747769,-0.01732131069906484,0.20784793157956022,0.20324150145595224,1347.03158203125,1432.8425561523438
2024-11-29,1280.0,1299.5,1275.25,1292.199951171875,1281.1361083984375,13202307,1281.1361083984375,0.10378244213592902,1581.824462890625,-0.19008958424040923,0.016839707555085237,0.21317544863850765,0.19792536917822048,1343.460419921875,1432.194302368164
2024-12-02,1288.0,1311.3499755859375,1277.050048828125,1309.1500244140625,1297.941162109375,11024152,1297.941162109375,0.10437044791531758,1581.824462890625,-0.17946574189558417,0.013117305492189812,0.2171778026193004,0.1990755058099006,1340.4008471679688,1431.5591784667968
2024-12-03,1317.0,1326.800048828125,1307.0,1323.300048828125,1311.9698486328125,16869482,1311.9698486328125,0.11195986801728375,1581.824462890625,-0.17059706724011614,0.010808414844197145,0.21973905606481073,0.19981038783726024,1337.4984106445313,1430.9547979736328
2024-12-04,1326.0,1328.4000244140625,1304.050048828125,1308.949951171875,1297.74267578125,19608540,1297.74267578125,0.09654975583939551,1581.824462890625,-0.17959122125993943,-0.010844130958031162,0.22022347714903592,0.2004499977705287,1333.9892138671876,1430.2267901611328
2024-12-05,1314.3499755859375,1329.949951171875,1306.1500244140625,1322.050048828125,1310.7305908203125,16858723,1310.7305908203125,0.10826440250203917,1581.824462890625,-0.17138050297623775,0.010008081942164404,0.21618412922017946,0.20025935034689496,1330.59205078125,1429.6052209472657
2024-12-06,1323.9000244140625,1323.9000244140625,1310.0,1311.550048828125,1300.3204345703125,9037514,1300.3204345703125,0.09923264821242772,1581.824462890625,-0.17796161010551848,-0.007942254741674204,0.21710049413128307,0.20001388643823756,1327.0660009765625,1428.8686108398438
2024-12-09,1303.0,1315.0,1293.0999755859375,1295.1500244140625,1284.0609130859375,14650002,1284.0609130859375,0.08263903884048918,1581.824462890625,-0.18824057712481868,-0.012504242071492144,0.21975761510670977,0.20079527447049672,1323.1240454101562,1427.9702978515625
2024-12-10,1289.25,1294.9000244140625,1280.199951171875,1284.8499755859375,1273.8489990234375,16043729,1273.8489990234375,0.08453231297731101,1581.824462890625,-0.19469635923090567,-0.007952826815636138,0.2194740089646442,0.200992065896317,1318.89853515625,1427.0741583251954
2024-12-11,1285.0,1290.0,1276.050048828125,1278.199951171875,1267.2559814453125,11724373,1267.2559814453125,0.07132621466067346,1581.824462890625,-0.1988643422990628,-0.005175666490439101,0.21906209571516524,0.20059509109191892,1313.9814965820312,1426.194581298828
2024-12-12,1270.0,1278.199951171875,1260.5999755859375,1262.9000244140625,1252.0870361328125,20906813,1252.0870361328125,0.04717479363746002,1581.824462890625,-0.20845386734963656,-0.011969914156727657,0.22050841828007003,0.2007859145874121,1309.7445874023438,1425.1728344726562
2024-12-13,1260.0,1275.199951171875,1239.5999755859375,1272.8499755859375,1261.951904296875,28630222,1261.951904296875,0.047826956429459555,1581.824462890625,-0.20221748120471916,0.007878739959269243,0.2219120663763261,0.1935427992897696,1305.9379638671876,1424.2151086425781
2024-12-16,1275.0,1281.0,1266.550048828125,1268.300048828125,1257.44091796875,9486781,1257.44091796875,0.03417552586709838,1581.824462890625,-0.20506924284702033,-0.0035746103419356245,0.22097208077471947,0.19317784975582375,1303.188212890625,1423.251255493164
2024-12-17,1261.050048828125,1263.9000244140625,1242.800048828125,1245.300048828125,1234.6376953125,17462791,1234.6376953125,0.017094963404137742,1581.824462890625,-0.21948501601984083,-0.018134627504476253,0.22516811416135615,0.1947643070097541,1300.3878955078126,1422.1039739990235
2024-12-18,1240.6500244140625,1259.949951171875,1240.6500244140625,1253.25,1242.5196533203125,12670179,1242.5196533203125,0.024129943607418713,1581.824462890625,-0.2145021887891828,0.006384025076941802,0.21358189077908496,0.19462207806848505,1298.0585131835937,1420.9374340820314
2024-12-19,1239.0,1244.9000244140625,1229.0,1230.449951171875,1219.914794921875,14244653,1219.914794921875,0.0040263361526526875,1581.824462890625,-0.228792559768229,-0.01819275722362368,0.21884661545305997,0.19395472000826525,1294.7490942382813,1419.6889947509765
2024-12-20,1224.0,1239.5,1201.5,1205.300048828125,1194.980224609375,20312896,1194.980224609375,-0.00217336350478059,1581.824462890625,-0.2445557312815425,-0.020439599893611327,0.21894314358660305,0.1960459183100777,1291.3920849609376,1418.3241577148438
2024-12-23,1215.0,1227.199951171875,1213.199951171875,1222.300048828125,1211.834716796875,10052824,1211.834716796875,0.007784549005666275,1581.824462890625,-0.23390063485149992,0.014104410968817094,0.22146465100705878,0.19778412886090815,1288.44255859375,1417.191929321289
2024-12-24,1222.300048828125,1233.550048828125,1221.0,1222.75,1212.28076171875,6734917,1212.28076171875,-0.004200185863839745,1581.824462890625,-0.23361865354931421,0.00036807405803163107,0.2171273222819522,0.19781703839583908,1285.4811328125,1416.0363641357421
2024-12-26,1224.25,1227.699951171875,1214.25,1216.550048828125,1206.1339111328125,10016178,1206.1339111328125,-0.021735064642926516,1581.824462890625,-0.23750457814470505,-0.005070484313569934,0.2163662795543709,0.1966467299581957,1282.3883422851563,1414.6953063964843
2024-12-27,1218.300048828125,1227.9000244140625,1217.0,1221.050048828125,1210.595458984375,7000397,1210.595458984375,-0.028009278861383158,1581.824462890625,-0.23468407058762153,0.003699048513918557,0.21674763890589363,0.19577819928378176,1279.94990234375,1413.3010913085936
2024-12-30,1216.4000244140625,1223.199951171875,1208.0999755859375,1210.699951171875,1200.333984375,8818766,1200.333984375,-0.05022541018046145,1581.824462890625,-0.24117118394950698,-0.008476386172787898,0.21248543053165153,0.1956811090740935,1277.106953125,1411.8911401367188
2024-12-31,1208.0,1219.0999755859375,1206.1500244140625,1215.449951171875,1205.043212890625,6405475,1205.043212890625,-0.03482173114117837,1581.824462890625,-0.2381940972840123,0.0039232651719653955,0.20921299128389934,0.19583714993651855,1274.311591796875,1410.4909014892578
2025-01-01,1214.8499755859375,1226.300048828125,1211.5999755859375,1221.25,1210.7935791015625,5892590,1210.7935791015625,-0.04361296162609751,1581.824462890625,-0.23455882273500872,0.004771917014613658,0.2095635639659215,0.19616551141303087,1271.5742309570312,1409.2383551025391
2025-01-02,1221.25,1244.449951171875,1220.0,1241.800048828125,1231.167724609375,15486276,1231.167724609375,-0.028467560039706186,1581.824462890625,-0.2216786669492139,0.016827100720942623,0.21125695274124096,0.19865605593968927,1269.048046875,1408.1485711669923
2025-01-03,1243.9000244140625,1262.050048828125,1235.5,1251.1500244140625,1240.437744140625,15521102,1240.437744140625,-0.026088311640515283,1581.824462890625,-0.21581833304445808,0.00752945301111696,0.20731469891045312,0.19852957325888057,1267.2198388671875,1407.0615368652343
2025-01-06,1253.949951171875,1262.0,1215.0,1218.0,1207.5714111328125,14816766,1207.5714111328125,-0.0551181892058864,1581.824462890625,-0.2365958173853897,-0.026495753747466266,0.19607596618057782,0.2024752308274074,1264.8299780273437,1406.0238446044923
2025-01-07,1222.0,1244.5,1221.25,1240.8499755859375,1230.2257080078125,10070505,1230.2257080078125,-0.044300582845258174,1581.824462890625,-0.22227419232112589,0.01876021299125341,0.19750061786475354,0.20549827767482728,1262.8679174804688,1405.1028820800782
2025-01-08,1249.0,1271.050048828125,1245.3499755859375,1265.5,1254.664794921875,19346579,1254.664794921875,-0.01754756569930216,1581.824462890625,-0.2068242561952156,0.019865530979382928,0.20554541615450542,0.20677240414615777,1261.6315966796874,1404.369575805664
2025-01-09,1267.0,1269.75,1248.050048828125,1254.75,1244.0067138671875,12794704,1244.0067138671875,-0.027886501544750808,1581.824462890625,-0.21356209677406912,-0.008494763778998937,0.20676251760919834,0.2068598907398005,1260.0532275390624,1403.4779956054688
2025-01-10,1253.8499755859375,1256.75,1236.0,1241.9000244140625,1231.266845703125,8120332,1231.266845703125,-0.04574412850792842,1581.824462890625,-0.2216160044376171,-0.010240996308177985,0.20286465245001462,0.20703534686175154,1258.10802734375,1402.5929931640626
2025-01-13,1230.0,1245.25,1226.4000244140625,1239.8499755859375,1229.234375,13764861,1229.234375,-0.03684588482805928,1581.824462890625,-0.22290089460767482,-0.0016507150421680716,0.19594290732167996,0.20699110999442719,1256.04484375,1401.606431274414
2025-01-14,1244.0999755859375,1253.3499755859375,1227.25,1238.75,1228.143798828125,13095266,1228.143798828125,-0.042647713015663946,1581.824462890625,-0.22359033657640126,-0.0008871995398558319,0.19113123301849883,0.20677790300989646,1254.1948193359376,1400.5787213134765
2025-01-15,1244.949951171875,1257.0,1241.8499755859375,1252.199951171875,1241.478515625,9578856,1241.478515625,-0.03635397338245783,1581.824462890625,-0.2151603766726916,0.010857618472363662,0.19115942357574872,0.20688568035792892,1252.4806201171875,1399.5976763916015
2025-01-16,1258.9000244140625,1275.0,1251.300048828125,1266.449951171875,1255.6065673828125,14117603,1255.6065673828125,-0.0177221865009497,1581.824462890625,-0.20622888516446514,0.011380021144143493,0.19283569241372703,0.2060408192072998,1251.7727319335938,1398.7537200927734
2025-01-17,1322.25,1326.0,1285.0,1302.3499755859375,1291.19921875,29366277,1291.19921875,0.012803788358702217,1581.824462890625,-0.1837278730722982,0.028346977701285025,0.20863388575623182,0.21201965740334322,1251.7142358398437,1397.8344067382814
2025-01-20,1316.0,1316.0,1300.25,1305.449951171875,1294.272705078125,14040244,1294.272705078125,-0.011448170704702942,1581.824462890625,-0.18178487218931239,0.0023803347179069956,0.20754064447080514,0.21210237245905222,1251.3196435546874,1396.9650439453126
2025-01-21,1310.5,1313.0,1270.199951171875,1273.699951171875,1262.7945556640625,14562976,1262.7945556640625,-0.060208262340451735,1581.824462890625,-0.2016847726855655,-0.024321110451110406,0.2163310330882777,0.21541635405842377,1250.68611328125,1395.9436010742188
2025-01-22,1278.300048828125,1282.9000244140625,1268.699951171875,1277.0999755859375,1266.1654052734375,10273590,1266.1654052734375,-0.06514108515058659,1581.824462890625,-0.19955378426778936,0.00266935709712679,0.21532511907902332,0.21262545074281913,1250.5542529296874,1394.9282678222655
2025-01-23,1270.0,1277.3499755859375,1261.5999755859375,1263.6500244140625,1252.83056640625,8720682,1252.83056640625,-0.09051291101519077,1581.824462890625,-0.2079838213420797,-0.01053167209564354,0.21697272485104113,0.2130875051149512,1250.3748046875,1393.922095336914
2025-01-24,1266.0,1273.0,1243.5,1246.300048828125,1235.6292724609375,14235970,1235.6292724609375,-0.0902754416901903,1581.824462890625,-0.21885815939213038,-0.013729944340881262,0.21785411492699963,0.2140454538319565,1249.8205932617188,1392.8727740478516
2025-01-27,1239.0999755859375,1240.449951171875,1220.0,1229.3499755859375,1218.82421875,9536019,1218.82421875,-0.0940473808684511,1581.824462890625,-0.22948200173695543,-0.013600401095603454,0.2196909752464971,0.21491914386843475,1249.370478515625,1391.7533850097657
2025-01-28,1238.0,1244.75,1218.5,1234.4000244140625,1223.8311767578125,10568025,1223.8311767578125,-0.09456504668185772,1581.824462890625,-0.226316696024928,0.004108023069107958,0.22005667820716956,0.215039509951437,1248.7121655273438,1390.5311975097657
2025-01-29,1236.0,1242.75,1228.050048828125,1235.5,1224.921630859375,5928156,1224.921630859375,-0.09342694289377129,1581.824462890625,-0.22562733122678225,0.0008910167695281856,0.2138621082267586,0.21484506283261232,1248.2114892578124,1389.4247564697266
2025-01-30,1235.550048828125,1257.0,1232.4000244140625,1253.050048828125,1242.3214111328125,9269259,1242.3214111328125,-0.053645522257251055,1581.824462890625,-0.21462751381237644,0.01420481101409754,0.2171229060216502,0.2154436852203776,1248.4375390625,1388.3266381835938
2025-01-31,1255.8499755859375,1267.0,1249.0,1265.0999755859375,1254.2681884765625,6584612,1254.2681884765625,-0.05542274228029542,1581.824462890625,-0.20707498341218367,0.0096164947627011,0.2116712178381795,0.21599287838379258,1249.2723291015625,1387.349638671875
2025-02-01,1265.0999755859375,1270.550048828125,1241.0,1264.5999755859375,1253.7724609375,7118453,1253.7724609375,-0.06221599035747061,1581.824462890625,-0.20738837314074854,-0.00039523248984307813,0.20175914730119102,0.21599886859349912,1249.2564672851563,1386.3816473388672
2025-02-03,1251.0,1256.0,1237.550048828125,1245.9000244140625,1235.232666015625,9252345,1235.232666015625,-0.13668135843125018,1581.824462890625,-0.21910888660909844,-0.014787208604033264,0.20366663750929873,0.21694124663974695,1248.4415087890625,1385.31638671875
2025-02-04,1248.050048828125,1288.800048828125,1246.5999755859375,1285.199951171875,1274.196044921875,16691069,1274.196044921875,-0.08387393142026822,1581.824462890625,-0.19447696326973607,0.03154335209732628,0.22238448438055897,0.22393872268328996,1248.2333056640625,1384.4529840087891
2025-02-05,1282.6500244140625,1290.5,1276.699951171875,1278.199951171875,1267.2559814453125,10112028,1267.2559814453125,-0.10099841907310025,1581.824462890625,-0.1988643422990628,-0.005446621423933262,0.222487471176274,0.22133313386783454,1247.9358740234375,1383.5262255859375
2025-02-06,1273.699951171875,1288.0,1270.3499755859375,1281.550048828125,1270.577392578125,9956001,1270.577392578125,-0.09865795024497181,1581.824462890625,-0.1967646079665043,0.0026209472919784815,0.22242707778335327,0.21529198318221618,1248.149033203125,1382.5680291748047
2025-02-07,1276.1500244140625,1283.699951171875,1262.0,1266.699951171875,1255.8544921875,8764283,1255.8544921875,-0.12807898306222432,1581.824462890625,-0.20607215171489235,-0.01158756678390982,0.22384320620036022,0.21568646778459083,1247.6434008789063,1381.6376196289064
2025-02-10,1264.5,1266.5,1245.550048828125,1253.6500244140625,1242.916259765625,6970972,1242.916259765625,-0.1258630432315313,1581.824462890625,-0.21425146157221475,-0.010302333990412138,0.22634560886116228,0.2064698668131884,1246.5429028320314,1380.6877239990235
2025-02-11,1264.550048828125,1264.550048828125,1230.0999755859375,1234.8499755859375,1224.2772216796875,8859714,1224.2772216796875,-0.13220256592316837,1581.824462890625,-0.22603471472274228,-0.014996213895739241,0.2307892825430954,0.20655569925257888,1244.7890502929688,1379.5962176513672
2025-02-12,1219.449951171875,1226.9000244140625,1193.3499755859375,1216.550048828125,1206.1339111328125,21131654,1206.1339111328125,-0.1535700080551199,1581.824462890625,-0.23750457814470505,-0.014819609664862288,0.2295226670098504,0.20711284253257228,1242.956875,1378.4506762695312
2025-02-13,1217.050048828125,1228.0,1212.0,1216.0999755859375,1205.687744140625,8511216,1205.687744140625,-0.15853637549695965,1581.824462890625,-0.23778663661747146,-0.0003699149721845263,0.2282344977096085,0.2041480276610328,1240.8560180664062,1377.2412731933593
2025-02-14,1219.0,1224.0,1205.449951171875,1217.25,1206.827880859375,10298145,1206.827880859375,-0.16386690794118608,1581.824462890625,-0.23706586339294655,0.0009456318389988727,0.21490525367037075,0.20263663110242422,1238.9861669921875,1376.027813720703
2025-02-17,1211.0999755859375,1227.5,1204.5,1224.9000244140625,1214.412353515625,8166683,1214.412353515625,-0.15374581783896468,1581.824462890625,-0.23227110086765967,0.006284634931411404,0.2084197092917328,0.20301679648039905,1237.5931958007814,1374.8544989013672
2025-02-18,1224.8499755859375,1229.9000244140625,1216.0999755859375,1225.4000244140625,1214.908203125,6673250,1214.908203125,-0.1607677724263259,1581.824462890625,-0.2319576339685141,0.0004083041546305566,0.19945809618656954,0.20300802041197574,1236.4143798828125,1373.8444744873048
2025-02-19,1219.5,1232.75,1217.550048828125,1227.449951171875,1216.9405517578125,6217338,1216.9405517578125,-0.16859943641900144,1581.824462890625,-0.23067282096903718,0.0016728413122777397,0.1983103394091751,0.2030490538648611,1235.4080712890625,1372.9161242675782
2025-02-20,1223.949951171875,1239.3499755859375,1222.0,1233.0,1222.4429931640625,7795582,1222.4429931640625,-0.1587210631803505,1581.824462890625,-0.22719427986960639,0.004521536732671194,0.19672049423970905,0.2005290666065654,1234.8151904296874,1372.1044610595702
2025-02-21,1228.699951171875,1240.0,1222.1500244140625,1228.1500244140625,1217.634521484375,6904025,1217.634521484375,-0.15627864251602464,1581.824462890625,-0.2302341062172787,-0.003933493591583903,0.19698131212429812,0.20009127377150268,1233.9288427734375,1371.1843969726563
2025-02-24,1216.550048828125,1223.25,1210.5,1214.550048828125,1204.1510009765625,7172498,1204.1510009765625,-0.1732210209479792,1581.824462890625,-0.23875813705896431,-0.011073536656446947,0.19946797793256307,0.20074136214179075,1232.8630444335938,1370.3175854492188
2025-02-25,1211.0,1221.0,1201.5,1204.0,1193.6912841796875,11552182,1193.6912841796875,-0.17874531118040338,1581.824462890625,-0.2453705754440434,-0.008686383010429899,0.19776400841883568,0.20105746543530884,1232.0441162109375,1369.332767944336
2025-02-27,1212.800048828125,1215.0,1200.6500244140625,1207.0999755859375,1196.7647705078125,11509215,1196.7647705078125,-0.1747653835188545,1581.824462890625,-0.24342757456105757,0.002574774875932162,0.1945038071890304,0.20064440148294255,1231.1290185546875,1368.386661376953
2025-02-28,1202.0,1217.3499755859375,1193.300048828125,1200.0999755859375,1189.82470703125,23007298,1189.82470703125,-0.1873303819338198,1581.824462890625,-0.2478149535903844,-0.005799020532345489,0.17290987582398115,0.19858637789586625,1230.527216796875,1367.3200158691407
2025-03-03,1204.0,1206.449951171875,1156.0,1171.25,1161.2216796875,17944938,1161.2216796875,-0.21317256107950555,1581.824462890625,-0.26589725539742615,-0.024039698599903736,0.18287901053697456,0.20220569552322212,1229.8520458984376,1366.1291271972657
2025-03-04,1162.199951171875,1174.0,1159.550048828125,1161.9000244140625,1151.9517822265625,11377373,1151.9517822265625,-0.216147457613744,1581.824462890625,-0.27175751213160115,-0.007982883563999676,0.17259133854541991,0.20246370828635174,1228.6543872070313,1364.8470556640625
2025-03-05,1161.0,1183.0,1157.0,1175.5999755859375,1165.5345458984375,8664095,1165.5345458984375,-0.20601081358691042,1581.824462890625,-0.2631707416077379,0.01179108698944109,0.17715971761209182,0.2032794619030003,1227.719462890625,1363.5817639160157
2025-03-06,1197.0,1213.949951171875,1185.1500244140625,1209.5999755859375,1199.243408203125,14468014,1199.243408203125,-0.1661963745395354,1581.824462890625,-0.24186062591823343,0.02892137553821139,0.19770757287042587,0.20923159033229544,1227.5816528320313,1362.4829168701172
2025-03-07,1216.0,1254.800048828125,1212.0,1249.800048828125,1239.0992431640625,16474965,1239.0992431640625,-0.1415376426238819,1581.824462890625,-0.21666450846275742,0.03323414970498373,0.21802913994887085,0.21677853785348722,1228.151728515625,1361.4621850585938
2025-03-10,1245.0,1258.0,1235.4000244140625,1238.4000244140625,1227.7967529296875,11931051,1227.7967529296875,-0.1672258727099999,1581.824462890625,-0.22380973253757086,-0.009121537517458145,0.2159449998042506,0.2171485783835232,1228.7009838867189,1360.259454345703
2025-03-11,1240.0,1249.5,1229.75,1247.300048828125,1236.62060546875,10089838,1236.62060546875,-0.16974039214914916,1581.824462890625,-0.21823145710558156,0.0071867371517375656,0.2165960168316268,0.2171300887366431,1229.3325317382812,1359.1294976806641
2025-03-12,1258.0,1263.0,1244.0,1257.050048828125,1246.287109375,11977555,1246.287109375,-0.15923446867382574,1581.824462890625,-0.2121204731544386,0.007816871127249048,0.2176500499709151,0.2173914866708776,1230.04240234375,1358.1170391845703
2025-03-13,1260.050048828125,1264.1500244140625,1243.8499755859375,1247.9000244140625,1237.215576171875,9505270,1237.215576171875,-0.16690921689497618,1581.824462890625,-0.21785532769483917,-0.0072788470127675975,0.21492747536409593,0.2129790154176056,1230.163359375,1357.1088745117188
2025-03-17,1242.1500244140625,1257.4000244140625,1233.0999755859375,1238.8499755859375,1228.2427978515625,16640917,1228.2427978515625,-0.1594878553516822,1581.824462890625,-0.22352775123538526,-0.007252396828106189,0.21389338050662887,0.21323330390242545,1229.9194604492188,1356.1320513916016
2025-03-18,1238.8499755859375,1238.8499755859375,1238.8499755859375,1238.8499755859375,1228.2427978515625,0,1228.2427978515625,-0.1524242479379555,1581.824462890625,-0.22352775123538526,0.0,0.21389992308109387,0.21154243765373043,1230.3328881835937,1355.233905029297
2025-03-19,1241.050048828125,1253.25,1238.800048828125,1247.1500244140625,1236.471923828125,16162399,1236.471923828125,-0.15184929860283258,1581.824462890625,-0.21832545087297672,0.006699917956740187,0.21055383868796543,0.2105183194908856,1230.4578125,1354.3494848632813
2025-03-20,1251.8499755859375,1273.0,1250.050048828125,1269.1500244140625,1258.2835693359375,15971477,1258.2835693359375,-0.11082269865724459,1581.824462890625,-0.20453653432786667,0.01764022707469448,0.19586562825095288,0.2108258141524914,1230.5301879882813,1353.1792596435546
2025-03-21,1275.0,1281.0,1270.0999755859375,1276.3499755859375,1265.4217529296875,21780769,1265.4217529296875,-0.1053411633157888,1581.824462890625,-0.2000239074459269,0.005672953035154915,0.196000525854089,0.2105366847603107,1230.9584887695312,1352.6032397460938
2025-03-24,1291.0,1306.0,1284.25,1302.0999755859375,1290.9512939453125,20299319,1290.9512939453125,-0.07876450728562323,1581.824462890625,-0.183884606521871,0.020174729062875096,0.20444194635861077,0.21318989717993353,1232.152177734375,1352.0388916015625
2025-03-25,1307.699951171875,1307.699951171875,1282.5999755859375,1285.449951171875,1274.4439697265625,13713899,1274.4439697265625,-0.10396992087313162,1581.824462890625,-0.19432022982016317,-0.012786945794292182,0.2050922847279205,0.21223609105025631,1233.0563696289062,1351.3384033203124
2025-03-26,1291.0,1293.800048828125,1268.75,1273.050048828125,1262.150146484375,12074747,1262.150146484375,-0.10375671150916665,1581.824462890625,-0.20209215618152554,-0.009646421132837424,0.20479873255086714,0.2119035872672676,1233.7364965820314,1350.386981201172
2025-03-27,1278.1500244140625,1285.0,1271.300048828125,1278.199951171875,1267.2559814453125,15028056,1267.2559814453125,-0.11166179528097542,1581.824462890625,-0.1988643422990628,0.004045346724523613,0.19957359287200457,0.21179406353477398,1234.2520458984375,1349.4539239501953
2025-03-28,1280.0,1295.75,1269.0,1275.0999755859375,1264.1824951171875,18147129,1264.1824951171875,-0.11822904081260455,1581.824462890625,-0.20080734318204863,-0.002425308203808707,0.19407105485041284,0.21024057597370693,1234.423564453125,1348.5782464599608
2025-04-01,1264.5999755859375,1277.9000244140625,1249.300048828125,1252.5999755859375,1241.8751220703125,12099648,1241.8751220703125,-0.136199541228318,1581.824462890625,-0.21490964945572366,-0.017645690501992828,0.2019256817154281,0.2108302417372682,1233.4370825195313,1347.5581787109375
2025-04-02,1247.550048828125,1255.550048828125,1243.9000244140625,1251.1500244140625,1240.437744140625,10142590,1240.437744140625,-0.12914937070361165,1581.824462890625,-0.21581833304445808,-0.0011574254964470398,0.20202835920696352,0.20268484596958453,1232.3603833007812,1346.5214135742187
2025-04-03,1233.050048828125,1251.800048828125,1233.050048828125,1248.699951171875,1238.0086669921875,7434366,1238.0086669921875,-0.16070730612716777,1581.824462890625,-0.21735395043148387,-0.0019582418867142293,0.20156454018639983,0.20062577725731348,1231.8646655273437,1345.4117358398437
2025-04-04,1241.0999755859375,1245.449951171875,1193.1500244140625,1204.699951171875,1194.38525390625,17908652,1194.38525390625,-0.18646656876509826,1581.824462890625,-0.2449318606922849,-0.03523675903814394,0.2269219923564164,0.20861533749739658,1230.4290625,1344.0667730712892
2025-04-07,1132.199951171875,1171.25,1114.8499755859375,1165.699951171875,1155.7191162109375,22156106,1155.7191162109375,-0.2122333815512868,1581.824462890625,-0.26937587366743765,-0.032373254415905106,0.24487338680724216,0.21522866142403554,1228.4868334960938,1342.6390216064453
2025-04-08,1172.0,1196.5999755859375,1163.300048828125,1182.199951171875,1172.0780029296875,19555040,1172.0780029296875,-0.20225127241732244,1581.824462890625,-0.2590340897953791,0.014154725390701506,0.24853168264038086,0.2149400994492077,1227.2158081054688,1341.2187109375
2025-04-09,1169.5,1189.800048828125,1168.0,1185.3499755859375,1175.2010498046875,10223104,1175.2010498046875,-0.1917823491372055,1581.824462890625,-0.25705975765659494,0.0026645384242292014,0.24865585392415082,0.21296229098247893,1226.3433447265625,1339.9103546142578
2025-04-11,1195.1500244140625,1222.6500244140625,1195.1500244140625,1218.949951171875,1208.5133056640625,11224242,1208.5133056640625,-0.16394416138586698,1581.824462890625,-0.23600036918405842,0.02834600587270697,0.2608148058616564,0.21727518130576398,1226.0369873046875,1338.8314263916016
2025-04-15,1251.0,1251.0,1237.0999755859375,1240.0999755859375,1229.4822998046875,13378535,1229.4822998046875,-0.1477919367032432,1581.824462890625,-0.22274416115810203,0.01735106601006997,0.26395986759418727,0.2185286404166013,1226.1282006835938,1337.7947229003905
2025-04-16,1234.0999755859375,1240.9000244140625,1229.0,1239.300048828125,1228.689208984375,8248464,1228.689208984375,-0.16317140831640553,1581.824462890625,-0.22324553842145722,-0.0006450607873236258,0.2639705182348367,0.2178438791235463,1225.855556640625,1336.458246459961
2025-04-17,1240.199951171875,1280.199951171875,1227.5999755859375,1274.5,1263.5877685546875,15398401,1263.5877685546875,-0.12627632962001378,1581.824462890625,-0.2011833182516295,0.028403081361119353,0.27469670563527737,0.2224848744706515,1226.0419482421876,1335.2146221923829
2025-04-21,1270.0,1300.9000244140625,1267.0,1295.5,1284.4078369140625,10429964,1284.4078369140625,-0.12143905765525687,1581.824462890625,-0.18802125833422978,0.016476946736505127,0.2660920285568237,0.22386094201105136,1226.6546557617187,1333.902924194336
2025-04-22,1300.0,1303.9000244140625,1286.300048828125,1291.199951171875,1280.144775390625,13051707,1280.144775390625,-0.11693939909635498,1581.824462890625,-0.19071628652695805,-0.003319087131763432,0.26468237757036817,0.22293844579247468,1227.5528979492187,1332.5958483886718
2025-04-23,1297.0,1306.0,1285.4000244140625,1300.0,1288.869384765625,10480888,1288.869384765625,-0.10950984413159603,1581.824462890625,-0.18520075077714637,0.006815330221019433,0.2637449491489967,0.222804435073829,1227.8463647460937,1331.307569580078
2025-04-24,1292.4000244140625,1304.5,1290.300048828125,1301.5999755859375,1290.4556884765625,10468940,1290.4556884765625,-0.10897656500158581,1581.824462890625,-0.18419791907985505,0.0012307715038371025,0.25251631722459106,0.22262234998921743,1228.3103588867189,1330.0902130126954
2025-04-25,1303.5,1325.199951171875,1288.0999755859375,1300.4000244140625,1289.2659912109375,14431012,1289.2659912109375,-0.10893160973686167,1581.824462890625,-0.1849500235601783,-0.0009219202768825374,0.23528932065841,0.22166393126731196,1228.684130859375,1328.8590032958984
2025-04-28,1340.0,1374.5999755859375,1320.199951171875,1368.800048828125,1357.0804443359375,31104496,1357.0804443359375,-0.06576257575571676,1581.824462890625,-0.1420789877936206,0.05259927244439733,0.27575691929103985,0.2379563609149979,1230.7086499023437,1327.795927734375
2025-04-29,1371.0,1410.9000244140625,1370.0,1399.699951171875,1387.7156982421875,32538970,1387.7156982421875,-0.05095070918436306,1581.824462890625,-0.12271195015768266,0.022574383142954124,0.28110504683493875,0.24056696159116508,1233.604638671875,1326.8253839111328
2025-04-30,1402.0,1412.4000244140625,1369.0,1405.0,1392.9703369140625,25480745,1392.9703369140625,-0.03395854658131747,1581.824462890625,-0.11939006533724394,0.0037865383223170124,0.2808721896091593,0.23836253886688813,1236.9785009765626,1325.9336053466798
2025-05-02,1414.0,1426.699951171875,1409.0999755859375,1419.800048828125,1407.6436767578125,13007841,1407.6436767578125,-0.01762285595699331,1581.824462890625,-0.11011385284465425,0.010533849468939094,0.2794713164831763,0.23870653579853554,1241.0086962890625,1325.145083618164
2025-05-05,1431.0,1439.5,1426.9000244140625,1431.300048828125,1419.0452880859375,12685649,1419.0452880859375,-0.016313291282504583,1581.824462890625,-0.10290596625824389,0.008099785134819015,0.2774148689698715,0.23661053375529126,1245.2758471679688,1324.4312316894532
2025-05-06,1431.0,1432.0,1410.5999755859375,1420.9000244140625,1408.7342529296875,14084117,1408.7342529296875,-0.018469311173528014,1581.824462890625,-0.1094244108759278,-0.007266177649733696,0.2793391291827214,0.23411977390229805,1249.313974609375,1323.586407470703
2025-05-07,1420.9000244140625,1424.4000244140625,1402.699951171875,1406.0,1393.9617919921875,13440169,1393.9617919921875,-0.037032149145590276,1581.824462890625,-0.11876328588011431,-0.010486336160832499,0.2827064229227578,0.23411723744953208,1252.9049633789064,1322.6652502441407
2025-05-08,1404.0999755859375,1420.800048828125,1398.0,1407.0,1394.9532470703125,16106175,1394.9532470703125,-0.03764455597413807,1581.824462890625,-0.11813650642298457,0.0007112498232164643,0.2799343446462903,0.2341125634384792,1256.5058642578124,1321.85267578125
2025-05-09,1385.5,1394.800048828125,1374.5,1377.199951171875,1365.4083251953125,13668904,1365.4083251953125,-0.057738194270406606,1581.824462890625,-0.13681425643135758,-0.021179865301615197,0.28887591992094525,0.23695996636069958,1259.4752197265625,1320.8408728027343
2025-05-12,1400.0,1439.0,1400.0,1436.5,1424.2005615234375,10674081,1424.2005615234375,0.005143205788882721,1581.824462890625,-0.09964689829056361,0.04305835495745569,0.30789420972700965,0.2469419330222617,1263.51037109375,1320.2787780761719
2025-05-13,1433.5,1447.699951171875,1412.4000244140625,1415.699951171875,1403.57861328125,11407896,1403.57861328125,0.0006901541889747786,1581.824462890625,-0.11268371035535041,-0.014479665855579138,0.3087083951815405,0.24786058663647306,1267.2292529296874,1319.8827026367187
2025-05-14,1420.0,1429.9000244140625,1415.5,1424.4000244140625,1412.204345703125,5570160,1412.204345703125,0.019807332140229672,1581.824462890625,-0.10723068277597392,0.006145528537022882,0.30629083294858556,0.2479408631165667,1271.3903198242188,1319.5928704833984
2025-05-15,1425.0,1461.4000244140625,1412.699951171875,1454.199951171875,1441.7491455078125,20177211,1441.7491455078125,0.028610482486297384,1581.824462890625,-0.08855300993818171,0.020921051471469054,0.3102259109918279,0.24993798728554256,1276.3514770507813,1319.4122271728515
2025-05-16,1453.199951171875,1461.0,1447.300048828125,1456.4000244140625,1443.9302978515625,9036695,1443.9302978515625,0.04821513659026477,1581.824462890625,-0.08717412600072882,0.0015128514905287105,0.3096722688470168,0.24868718945754126,1281.2947875976563,1319.2587927246093
2025-05-19,1452.0999755859375,1454.5999755859375,1438.199951171875,1440.800048828125,1428.4638671875,6195791,1428.4638671875,0.027187971044159598,1581.824462890625,-0.09695171575667372,-0.010711341598050206,0.3059690056931319,0.24938877276779026,1286.0675708007811,1318.9458911132813
2025-05-20,1438.199951171875,1445.0,1421.800048828125,1424.5999755859375,1412.4024658203125,11270560,1412.4024658203125,0.019059629920667565,1581.824462890625,-0.10710543492336111,-0.011243827538186757,0.30907209227964866,0.245787771681816,1291.0911865234375,1318.4979675292968
2025-05-21,1423.9000244140625,1436.199951171875,1418.0999755859375,1429.199951171875,1416.9630126953125,6136364,1416.9630126953125,0.009841546961556702,1581.824462890625,-0.1042223420252616,0.003228928712150969,0.30849258290394754,0.24413242360486984,1296.3914111328124,1318.107183227539
2025-05-22,1421.199951171875,1423.800048828125,1396.9000244140625,1409.4000244140625,1397.332763671875,12134466,1397.332763671875,-0.0014768123881269135,1581.824462890625,-0.11663222029175724,-0.013853748367148477,0.2901209052001995,0.24354286726720809,1301.0273754882812,1317.6564123535156
2025-05-23,1406.5999755859375,1433.800048828125,1406.5999755859375,1426.800048828125,1414.5838623046875,6474883,1414.5838623046875,0.0044148843732110254,1581.824462890625,-0.10572639664474659,0.012345734016484755,0.2675968497512912,0.24366321865441412,1305.3341845703126,1317.2431091308595
2025-05-26,1432.0,1441.0,1425.0999755859375,1434.800048828125,1422.5152587890625,4842944,1422.5152587890625,0.002764967520753059,1581.824462890625,-0.10071231532887093,0.0056068761250060994,0.2667271396080783,0.24293479053670444,1309.0025048828124,1316.9483874511718
2025-05-27,1426.0999755859375,1437.0,1413.9000244140625,1422.0999755859375,1409.9239501953125,12640414,1409.9239501953125,-0.006405063489323015,1581.824462890625,-0.10867230639560443,-0.008851440092437768,0.2702721481389617,0.24351583684499825,1312.645048828125,1316.8476110839845
2025-05-28,1420.0999755859375,1422.5999755859375,1410.699951171875,1412.9000244140625,1400.8028564453125,5944611,1400.8028564453125,-0.0294078491301919,1581.824462890625,-0.11443849219180346,-0.006469209739104365,0.2642817114317655,0.24385879020025916,1315.9286938476562,1316.6581231689454
2025-05-29,1412.0999755859375,1420.0,1408.5999755859375,1417.800048828125,1405.660888671875,13771917,1405.660888671875,-0.042688943452993344,1581.824462890625,-0.11136733458833281,0.003468034209246351,0.2617244120388742,0.24337564729810265,1319.1161694335938,1316.4495739746094
2025-05-30,1418.0,1430.5999755859375,1409.699951171875,1420.9000244140625,1408.7342529296875,13788484,1408.7342529296875,-0.03683662366587359,1581.824462890625,-0.1094244108759278,0.0021864194149390226,0.26135944372242803,0.2428040353335348,1322.54654296875,1316.3339556884766
2025-06-02,1412.0999755859375,1417.5,1395.5999755859375,1413.699951171875,1401.5958251953125,8098668,1401.5958251953125,-0.03256741686071141,1581.824462890625,-0.11393719209902897,-0.0050672635520357945,0.2528430141931945,0.23870478093190364,1326.013603515625,1316.0582702636718
2025-06-03,1422.300048828125,1426.5,1403.4000244140625,1405.5,1393.466064453125,11252626,1393.466064453125,-0.03154080916110713,1581.824462890625,-0.11907667560867907,-0.005800360272230853,0.2512086052350034,0.23896542903589452,1329.3180688476561,1315.8094964599609
2025-06-04,1414.699951171875,1425.699951171875,1406.0999755859375,1423.5,1411.3118896484375,8126827,1411.3118896484375,-0.0086368840437544,1581.824462890625,-0.10779487689208755,0.012806788518611167,0.2521195018562245,0.23591244903824118,1332.8148681640625,1315.6351300048827
2025-06-05,1428.0,1454.699951171875,1423.5999755859375,1442.4000244140625,1430.0501708984375,13716817,1430.0501708984375,0.01575292319068078,1581.824462890625,-0.0959488840593824,0.013277207814544667,0.25357673867198427,0.2367474145000076,1336.2502001953126,1315.5632244873048
2025-06-06,1441.0,1451.5,1437.0,1443.5,1431.140625,8182161,1431.140625,0.01258329006240344,1581.824462890625,-0.09525951926123677,0.0007625285628107825,0.25361825612425876,0.2358800135153597,1339.5645776367187,1315.4159954833985
2025-06-09,1457.0,1457.5,1445.300048828125,1448.800048828125,1436.3953857421875,7885125,1436.3953857421875,-0.037480503316276725,1581.824462890625,-0.09193755727021724,0.0036717291441485944,0.25325944507001613,0.23447341136824826,1342.4734594726563,1315.2196911621095
2025-06-10,1450.0,1453.9000244140625,1436.0,1438.5,1426.1834716796875,7913181,1426.1834716796875,0.03299789232371886,1581.824462890625,-0.09839333937630423,-0.007109403277025583,0.2082679905528929,0.23351734930256682,1345.5082495117188,1314.9349005126953
2025-06-11,1445.800048828125,1468.5999755859375,1443.0999755859375,1448.9000244140625,1436.4945068359375,8195700,1436.4945068359375,0.023274752108698893,1581.824462890625,-0.09187489475862043,0.007229809741173154,0.19949217289015334,0.23366107455575533,1348.99513671875,1314.6881561279297
2025-06-12,1453.5,1457.0,1434.4000244140625,1441.5999755859375,1429.2569580078125,8828114,1429.2569580078125,0.010402897844091985,1581.824462890625,-0.09645033849331852,-0.005038340761961302,0.20014713356050548,0.23394319400671804,1352.23515625,1314.4079510498048
2025-06-13,1424.0,1435.5,1414.300048828125,1427.9000244140625,1415.67431640625,9757276,1415.67431640625,-0.02530940440115026,1581.824462890625,-0.10503703184660096,-0.00950328877215667,0.2002205652050983,0.23375366406291742,1355.2649926757813,1314.0506616210937
2025-06-16,1426.9000244140625,1442.4000244140625,1424.4000244140625,1437.800048828125,1425.489501953125,8458093,1425.489501953125,-0.019518925226543415,1581.824462890625,-0.09883205412806273,0.006933222869926148,0.1998521415701133,0.23353478851158913,1358.9372802734374,1313.67986328125
2025-06-17,1448.0,1448.0,1425.800048828125,1431.199951171875,1418.9459228515625,10366599,1418.9459228515625,-0.014153974597174268,1581.824462890625,-0.10296878311100233,-0.004590408482557651,0.1991295332918391,0.23373807931546894,1362.5074438476563,1313.3365771484375
2025-06-18,1430.0,1442.800048828125,1425.699951171875,1430.0999755859375,1417.85546875,6681735,1417.85546875,-0.01938821685949521,1581.824462890625,-0.10365814790914796,-0.0007684958841638334,0.19652334993526646,0.2321468636634204,1366.1043798828125,1312.99849609375
2025-06-19,1430.0999755859375,1439.9000244140625,1425.699951171875,1433.300048828125,1421.028076171875,10007230,1421.028076171875,-0.018485195402275556,1581.824462890625,-0.10165248451456543,0.0022376098916994103,0.1965779426453153,0.22656991849883312,1370.637236328125,1312.564122314453
2025-06-20,1431.0,1471.0,1428.0999755859375,1466.199951171875,1453.6463623046875,29010635,1453.6463623046875,-0.0043137617880739665,1581.824462890625,-0.0810318107937874,0.0229540053991637,0.19552285897760663,0.2291403919194526,1376.59578125,1312.3488562011719
2025-06-23,1453.0,1463.800048828125,1442.0,1456.800048828125,1444.326904296875,5989078,1444.326904296875,-0.013018444875375734,1581.824462890625,-0.08692339878376076,-0.006411090241396078,0.15370573648017996,0.2295276760784738,1382.0407592773438,1312.0541510009766
2025-06-24,1465.0,1475.0,1443.0999755859375,1450.800048828125,1438.378173828125,16402744,1438.378173828125,-0.002006033940044616,1581.824462890625,-0.09068407552653868,-0.004118687016805178,0.1477413632812886,0.22865788735601306,1387.3043017578125,1311.7650225830077
2025-06-25,1464.0,1472.4000244140625,1460.5,1467.300048828125,1454.737060546875,7525851,1454.737060546875,-0.0009635584766152228,1581.824462890625,-0.08034229165448015,0.011373147212886403,0.1501246672274311,0.22833672048844747,1392.2287768554688,1311.5307958984374
2025-06-26,1469.0999755859375,1498.800048828125,1465.0999755859375,1495.300048828125,1482.4971923828125,14657893,1482.4971923828125,0.031752910450538074,1581.824462890625,-0.06279285270775359,0.01908257690602988,0.14808897479304903,0.22833769268215756,1397.2890747070312,1311.5423211669922
2025-06-27,1499.4000244140625,1522.0,1496.9000244140625,1515.4000244140625,1502.425048828125,11117052,1502.425048828125,0.05485231778209143,1581.824462890625,-0.05019483256530599,0.013442087140335568,0.15244010329442467,0.22725714676701372,1402.7637915039063,1311.7930310058593
2025-06-30,1513.800048828125,1524.800048828125,1496.0,1500.5999755859375,1487.7518310546875,8409527,1487.7518310546875,0.03544544670919225,1581.824462890625,-0.059470967887314874,-0.009766355922302017,0.151812675776447,0.22814051966412005,1407.2470727539062,1311.9821478271485
2025-07-01,1500.5999755859375,1531.4000244140625,1500.0999755859375,1528.4000244140625,1515.3138427734375,10368523,1515.3138427734375,0.01292081952786206,1581.824462890625,-0.042046776793201235,0.018525947099128137,0.15475659937660605,0.22970574700839552,1411.8651928710938,1312.3136596679688
2025-07-02,1528.4000244140625,1530.0,1508.699951171875,1518.800048828125,1505.796142578125,6361002,1505.796142578125,-0.004308950012773538,1581.824462890625,-0.048063689806368215,-0.006281009205256427,0.15675172380020244,0.23010247060894895,1416.3782202148439,1312.6472790527343
2025-07-03,1520.800048828125,1531.9000244140625,1513.0,1517.800048828125,1504.8045654296875,11283291,1504.8045654296875,-0.02711681952938827,1581.824462890625,-0.04869054643407866,-0.0006585068990413445,0.1496015648765098,0.23013679230043468,1420.696923828125,1312.8356524658202
2025-07-04,1524.0,1530.0,1517.199951171875,1527.300048828125,1514.223388671875,6603501,1514.223388671875,-0.017733042487606765,1581.824462890625,-0.042736141591346866,0.006259167109516239,0.14714614778090387,0.2302189830797007,1425.1722778320313,1313.1066876220702
2025-07-07,1526.5999755859375,1544.800048828125,1525.0,1541.5,1528.3016357421875,7251074,1528.3016357421875,-0.011783520483720555,1581.824462890625,-0.03383613568008037,0.009297338276263556,0.14824867157822094,0.2304742475807265,1429.9529907226563,1313.4544342041015
2025-07-08,1536.0,1544.9000244140625,1530.199951171875,1537.5999755859375,1524.43505859375,7171261,1524.43505859375,-0.006188002002239346,1581.824462890625,-0.0362805138264215,-0.002529982994201152,0.14516643981255542,0.23037374855249326,1433.3000830078124,1313.7781384277343
2025-07-09,1536.699951171875,1551.0,1510.0999755859375,1519.0,1505.9942626953125,8870660,1505.9942626953125,-0.019220787604239176,1581.824462890625,-0.047938441953755406,-0.012096806482165712,0.14910021210888716,0.2305520526807403,1435.665654296875,1314.0535107421874
2025-07-10,1519.699951171875,1524.699951171875,1507.5,1517.199951171875,1504.209716796875,10047129,1504.209716796875,-0.04171881583451709,1581.824462890625,-0.049066598674240236,-0.00118496195014961,0.14943605169532587,0.22985366259765921,1437.8904418945312,1314.2891009521484
2025-07-11,1512.0,1515.0,1490.300048828125,1495.199951171875,1482.3980712890625,7234991,1482.3980712890625,-0.0628555152193504,1581.824462890625,-0.0628555152193504,-0.014500401948113417,0.15717557266330812,0.2316436868612766,1439.3855297851562,1314.3350787353515
2025-07-14,1492.199951171875,1500.0,1479.0999755859375,1483.699951171875,1470.9964599609375,10311846,1470.9964599609375,-0.06385026828532547,1581.824462890625,-0.07006340180576076,-0.007691329035668826,0.1583438930918981,0.23185685564348968,1440.4245532226562,1314.2871173095702
2025-07-15,1486.199951171875,1496.5,1482.4000244140625,1485.4000244140625,1472.6820068359375,8132454,1472.6820068359375,-0.05919834713772887,1581.824462890625,-0.06899783042629182,0.0011458537942672375,0.15677198336349377,0.22749404553380573,1441.7035083007813,1314.2674127197265
2025-07-16,1473.0,1491.0,1471.5,1485.5999755859375,1472.8802490234375,10409983,1472.8802490234375,-0.056943611397304195,1581.824462890625,-0.0688725054030982,0.0001346130302264381,0.15337041083797814,0.22681473650352305,1443.2818774414063,1314.2260205078126
2025-07-17,1487.4000244140625,1489.5999755859375,1473.9000244140625,1476.4000244140625,1463.759033203125,11854613,1463.759033203125,-0.07221913463495833,1581.824462890625,-0.07463876836987793,-0.006192774888766461,0.15070250069001107,0.22680025602723664,1444.6579931640624,1314.1191931152343
2025-07-18,1484.800048828125,1484.800048828125,1469.0999755859375,1476.0,1463.3624267578125,10296318,1463.3624267578125,-0.0727609318254262,1581.824462890625,-0.07488949558684599,-0.00027095063894810867,0.15073570412747914,0.2224386429744411,1446.6170751953125,1313.8704656982422
2025-07-21,1465.0,1476.0,1423.0999755859375,1428.5999755859375,1416.3682861328125,22442744,1416.3682861328125,-0.09059565966304461,1581.824462890625,-0.10459831709484246,-0.03211380842210021,0.17799859108491212,0.2235895521517817,1446.4604296875,1313.6326446533203
2025-07-22,1427.4000244140625,1431.9000244140625,1410.699951171875,1412.800048828125,1400.70361328125,20396320,1400.70361328125,-0.10656245661602204,1581.824462890625,-0.11450123187398109,-0.011059745551301958,0.17965168420837402,0.22387566385207616,1446.4029296875,1313.374747314453
2025-07-23,1426.0,1426.0,1414.4000244140625,1424.5999755859375,1412.4024658203125,8354596,1412.4024658203125,-0.08083786549827232,1581.824462890625,-0.10710543492336111,0.008352125623248163,0.18010228749534865,0.22396703118229608,1446.4068920898437,1313.4621173095702
2025-07-24,1419.199951171875,1423.0,1396.0,1402.9000244140625,1390.8883056640625,14740507,1390.8883056640625,-0.06198124218843004,1581.824462890625,-0.12070628676310002,-0.015232315630201554,0.18469850501707716,0.22546427959278692,1445.3896752929688,1313.543291015625
2025-07-25,1398.9000244140625,1401.0,1384.0999755859375,1391.699951171875,1379.7841796875,11854722,1379.7841796875,-0.06148033829310229,1581.824462890625,-0.12772610864413914,-0.007983477847461673,0.18413077904698605,0.2255434364948566,1444.1067529296874,1313.6472680664062
2025-07-28,1392.300048828125,1407.800048828125,1385.0,1387.5999755859375,1375.7193603515625,7748361,1375.7193603515625,-0.06912509731121619,1581.824462890625,-0.13029581181367378,-0.002945981984557977,0.1827508324837163,0.22519528116708354,1443.0518627929687,1313.5989361572265
2025-07-29,1383.0,1420.199951171875,1383.0,1417.0999755859375,1404.966796875,10750072,1404.966796875,-0.047232862342451165,1581.824462890625,-0.11180612651067201,0.02125974044296597,0.19352462887556135,0.2276285571550755,1442.9031494140625,1313.8096166992189
2025-07-30,1418.0999755859375,1423.300048828125,1401.300048828125,1410.0999755859375,1398.0267333984375,7209849,1398.0267333984375,-0.0623841041819182,1581.824462890625,-0.11619350553999885,-0.004939663693119933,0.19399724604404242,0.22772280066409634,1442.524423828125,1314.0031951904298
2025-07-31,1388.0999755859375,1402.5999755859375,1382.199951171875,1390.199951171875,1378.2969970703125,17065827,1378.2969970703125,-0.08235102601298294,1581.824462890625,-0.12866627782983364,-0.01411256012262685,0.1978176331427608,0.2275356968436117,1442.1437084960937,1314.092919921875
2025-08-01,1386.9000244140625,1405.9000244140625,1384.300048828125,1393.699951171875,1381.76708984375,10321171,1381.76708984375,-0.07581518060630521,1581.824462890625,-0.12647254972987987,0.002517666933043783,0.18480489270600975,0.22741790724099725,1441.487373046875,1314.1978881835937
2025-08-04,1395.0999755859375,1416.0999755859375,1391.699951171875,1411.5,1399.4146728515625,6312820,1399.4146728515625,-0.05920876570197042,1581.824462890625,-0.11531607603648197,0.012771749405182442,0.1888060623368469,0.22599070997060408,1441.025361328125,1314.5323742675782
2025-08-05,1411.0,1411.0,1388.0999755859375,1391.699951171875,1379.7841796875,9315972,1379.7841796875,-0.0784509988930675,1581.824462890625,-0.12772610864413914,-0.014027645661354837,0.1923859310833516,0.22621439546743458,1440.4225659179688,1314.7188879394532
2025-08-06,1391.9000244140625,1395.9000244140625,1383.300048828125,1392.800048828125,1380.8748779296875,5834312,1380.8748779296875,-0.0678956868988656,1581.824462890625,-0.12703658950483188,0.0007904846701709545,0.18873164792643132,0.22549887384566922,1440.0240063476563,1314.8992059326172
2025-08-07,1387.699951171875,1393.699951171875,1366.0,1389.4000244140625,1377.50390625,9976705,1377.50390625,-0.03676391944864155,1581.824462890625,-0.12916765509318884,-0.002441185464059914,0.17818355770775993,0.22552008686446143,1439.4608666992187,1315.0484173583984
2025-08-08,1385.0,1397.199951171875,1365.0,1367.800048828125,1356.0888671875,8793606,1356.0888671875,-0.05742096825731635,1581.824462890625,-0.14270584442133105,-0.015546263763997925,0.1755982600762984,0.22715157068917827,1438.407958984375,1315.0414770507812
2025-08-11,1370.0,1388.0,1361.199951171875,1386.199951171875,1374.331298828125,9997486,1374.331298828125,-0.05046352487391059,1581.824462890625,-0.13117331848777147,0.01345223906930193,0.18103687521617232,0.22592712975591397,1437.8626684570313,1315.2538928222657
2025-08-12,1381.9000244140625,1401.9000244140625,1375.199951171875,1380.4000244140625,1368.5810546875,12244664,1368.5810546875,-0.04419213318578863,1581.824462890625,-0.13480851586619425,-0.004184030550368867,0.1696399162520194,0.22607426156833177,1437.3649682617188,1315.4614758300781
2025-08-13,1388.0,1391.800048828125,1377.5,1382.5999755859375,1370.7620849609375,7457021,1370.7620849609375,-0.0590161893068587,1581.824462890625,-0.13342970909932206,0.00159364347911084,0.1699859874799564,0.22601221121962936,1436.5539721679688,1315.673642578125
2025-08-14,1377.300048828125,1380.699951171875,1370.0999755859375,1373.800048828125,1367.4774169921875,7126128,1367.4774169921875,-0.052482202917820686,1581.824462890625,-0.13550621508706462,-0.002396234915443829,0.16984621000120861,0.21752951038847837,1435.3025170898438,1315.9286254882813
2025-08-18,1390.0,1394.9000244140625,1377.0,1381.699951171875,1375.3409423828125,11785109,1375.3409423828125,-0.04898697568503607,1581.824462890625,-0.13053504061410492,0.005750387752597064,0.16960806422813463,0.20989227518424874,1434.1865234375,1316.1907043457031
2025-08-19,1390.0,1421.0,1389.0999755859375,1420.0999755859375,1413.564208984375,14384719,1413.564208984375,-0.02136970167875163,1581.824462890625,-0.10637100250603748,0.0277918481328272,0.18878478680814517,0.213336723151427,1433.7298999023437,1316.6158911132814
2025-08-20,1413.0,1424.9000244140625,1410.0,1413.0,1406.4969482421875,8725641,1406.4969482421875,-0.03703271274079567,1581.824462890625,-0.11083879328054147,-0.004999603624136206,0.1889204633069769,0.21367183802847092,1433.3361694335938,1316.9864080810546
2025-08-21,1425.0,1431.9000244140625,1420.300048828125,1424.800048828125,1418.24267578125,11021323,1418.24267578125,-0.038907146714385554,1581.824462890625,-0.10341336282690039,0.008351050852788644,0.18929470856933292,0.20928874686337293,1432.9711328125,1317.4743963623048
2025-08-22,1420.0,1423.4000244140625,1407.9000244140625,1409.199951171875,1402.71435546875,5818868,1402.71435546875,-0.05422762466444153,1581.824462890625,-0.1132300780673029,-0.010948986783200665,0.19106757540138208,0.20871615251077652,1432.4402807617187,1317.852025756836
2025-08-25,1414.699951171875,1419.5,1405.699951171875,1412.5999755859375,1406.0987548828125,5979407,1406.0987548828125,-0.05366960594655168,1581.824462890625,-0.11109052371505967,0.002412750251587381,0.1879109580879742,0.20868779828212797,1432.24876953125,1318.4275146484374
2025-08-26,1408.0,1410.0,1381.5999755859375,1384.9000244140625,1378.5262451171875,12145259,1378.5262451171875,-0.07188572960513617,1581.824462890625,-0.1285213514791208,-0.019609227068779322,0.19428388133801594,0.20667208786071997,1431.3095043945314,1318.8495257568359
2025-08-28,1389.9000244140625,1392.199951171875,1366.5,1385.9000244140625,1379.521728515625,13161813,1379.521728515625,-0.07236106748098736,1581.824462890625,-0.1278920253928253,0.0007221359781603987,0.19422644236068973,0.2050172207879822,1430.5210205078124,1319.1771228027344
2025-08-29,1381.0999755859375,1403.5,1350.0,1357.199951171875,1350.9537353515625,18758842,1350.9537353515625,-0.09915348039572403,1581.824462890625,-0.14595217924318193,-0.02070862138199292,0.2014013055501545,0.20806696455822718,1429.1829858398437,1319.4595361328124
2025-09-01,1356.0,1363.199951171875,1340.5999755859375,1353.9000244140625,1347.6689453125,11232238,1347.6689453125,-0.09406689153399539,1581.824462890625,-0.1480287624015053,-0.0024314600515965568,0.20114528918329186,0.2078704776618751,1427.7158032226562,1319.8340887451172
2025-09-02,1354.800048828125,1384.5,1354.5,1366.5,1360.2109375,11517006,1360.2109375,-0.08432388439330674,1581.824462890625,-0.14009994824940852,0.009306434069823899,0.2040336317161249,0.20838068562757175,1425.8470947265625,1320.326128540039
2025-09-03,1369.699951171875,1376.5,1360.5,1372.5999755859375,1366.2828369140625,7847563,1366.2828369140625,-0.0939185152443911,1581.824462890625,-0.13626140639061923,0.004463939560155561,0.18425502442664113,0.2084590884878161,1424.2862133789063,1320.8408435058593
2025-09-04,1371.800048828125,1374.0,1357.0999755859375,1359.300048828125,1353.0440673828125,13223177,1353.0440673828125,-0.09598153097762385,1581.824462890625,-0.14463071021783247,-0.009689625876550978,0.18365549841041381,0.18979594332436478,1422.57953125,1321.3994140625
2025-09-05,1363.0,1381.0,1359.300048828125,1375.0,1368.671875,5777575,1368.671875,-0.08953564788171864,1581.824462890625,-0.1347511009540907,0.011550109855192225,0.18531043837540062,0.18696474542102062,1420.8582275390625,1321.9590393066405
2025-09-08,1380.0,1386.0,1372.4000244140625,1378.5,1372.15576171875,6986720,1372.15576171875,-0.08290855225896399,1581.824462890625,-0.13254865257850834,0.0025454506535760313,0.18053239185151024,0.18690349819582172,1418.6513989257812,1322.5700408935547
2025-09-09,1376.5999755859375,1381.199951171875,1368.699951171875,1376.199951171875,1369.8662109375,9754452,1369.8662109375,-0.08771825425375235,1581.824462890625,-0.13399606399169772,-0.001668579358936717,0.1791465620940115,0.18605131571628652,1416.0002221679688,1323.26427734375
2025-09-10,1383.9000244140625,1388.5,1374.0999755859375,1377.0,1370.66259765625,7790815,1370.66259765625,-0.07399684010881324,1581.824462890625,-0.1334926031226612,0.0005813609478000359,0.17896474827770978,0.18552229385305335,1413.6584375,1324.054946899414
2025-09-11,1376.0,1385.5,1375.0,1383.300048828125,1376.9337158203125,9766072,1376.9337158203125,-0.051883387073306864,1581.824462890625,-0.1295281188760321,0.004575245705825681,0.16788185582504989,0.18532462921264012,1410.8908349609376,1324.6667877197265
2025-09-12,1383.300048828125,1396.300048828125,1380.5,1395.0,1388.579833984375,7403368,1388.579833984375,-0.042311489302661265,1581.824462890625,-0.12216565961631098,0.008458009292861446,0.16936862785368073,0.18505442093213487,1408.5465087890625,1325.229783935547
2025-09-15,1393.0,1400.800048828125,1388.5999755859375,1399.300048828125,1392.8599853515625,5396697,1392.8599853515625,-0.038751583573863546,1581.824462890625,-0.11945982754227291,0.0030823948774383325,0.1643261368320775,0.18512187842286426,1406.3076171875,1325.7710528564453
2025-09-16,1404.699951171875,1408.0,1398.199951171875,1405.300048828125,1398.8323974609375,8686961,1398.8323974609375,-0.027962367926384846,1581.824462890625,-0.11568417970682277,0.004287876866437168,0.1646040243295906,0.18172603621143446,1403.9997973632812,1326.3545770263672
2025-09-17,1407.0,1416.199951171875,1406.9000244140625,1413.800048828125,1407.2933349609375,7519417,1407.2933349609375,-0.040784765243043974,1581.824462890625,-0.11033533241150506,0.0060485713051525725,0.16135599340926035,0.1670482254445597,1401.5796313476562,1327.0914465332032
2025-09-18,1420.4000244140625,1422.0,1410.699951171875,1415.0,1408.4876708984375,9332642,1408.4876708984375,-0.03529322549127312,1581.824462890625,-0.10958029544911196,0.0008486758999204369,0.15558506477846834,0.16526607697627177,1399.26068359375,1327.728204345703
2025-09-19,1414.9000244140625,1417.0,1403.5999755859375,1407.4000244140625,1400.9227294921875,13461373,1400.9227294921875,-0.03964318621962881,1581.824462890625,-0.1143627106814733,-0.005370967430211482,0.15658686354837065,0.16519525072615754,1397.1592529296875,1328.243112182617
2025-09-22,1403.9000244140625,1410.699951171875,1388.0,1390.5999755859375,1384.199951171875,7757970,1384.199951171875,-0.05171923131441658,1581.824462890625,-0.12493454005484972,-0.01193697408733907,0.16052043371018837,0.162520886913039,1394.7590576171874,1328.6042626953124
2025-09-23,1391.0,1395.0,1376.800048828125,1389.800048828125,1383.40380859375,14014702,1383.40380859375,-0.04653323444895163,1581.824462890625,-0.1254378465827246,-0.0005751644315916682,0.1534590468103319,0.16248883075884765,1392.7791723632813,1329.032568359375
2025-09-24,1385.300048828125,1396.0,1380.4000244140625,1383.0,1376.635009765625,5922759,1376.635009765625,-0.05521729787512997,1581.824462890625,-0.12971695528721117,-0.004892858315176718,0.14937911118669764,0.16173572676492723,1390.891943359375,1329.3620904541015
2025-09-25,1381.300048828125,1384.5,1369.0,1372.4000244140625,1366.0838623046875,11411143,1366.0838623046875,-0.07271142377143758,1581.824462890625,-0.13638719443729763,-0.007664448009885971,0.1505819188665218,0.16116355247782255,1388.75998046875,1329.6909075927733
2025-09-26,1372.0,1382.699951171875,1366.0,1377.5999755859375,1371.2598876953125,9879109,1371.2598876953125,-0.07384147541471531,1581.824462890625,-0.1331150074708839,0.0037889514205171615,0.1509200589687448,0.1612011848872269,1386.7275732421874,1330.1269024658204
2025-09-29,1381.5999755859375,1389.0,1368.0,1372.800048828125,1366.48193359375,14231999,1366.48193359375,-0.07458978819897832,1581.824462890625,-0.13613554117336013,-0.0034843534361621575,0.15110651425777566,0.15966144336812513,1384.78203125,1330.5900671386719
2025-09-30,1377.0999755859375,1377.0999755859375,1362.800048828125,1364.0,1357.722412109375,14604684,1357.722412109375,-0.08333764640686914,1581.824462890625,-0.1416731477092762,-0.006410272444172027,0.1512090992729996,0.15857005772254149,1382.6692309570312,1331.0423992919923
2025-10-01,1367.0,1378.5999755859375,1362.699951171875,1368.699951171875,1362.4007568359375,12045916,1362.4007568359375,-0.08263533051567706,1581.824462890625,-0.13871558520071992,0.003445729911237372,0.12617697421315208,0.15837912643517751,1381.5898803710938,1331.5939678955078
2025-10-03,1363.199951171875,1371.5999755859375,1356.9000244140625,1363.4000244140625,1357.125244140625,12842347,1357.125244140625,-0.10308760199364597,1581.824462890625,-0.14205066619047269,-0.0038722179717254335,0.12592381913591583,0.1578477757247647,1380.7183129882812,1332.0698345947267
2025-10-06,1360.0,1377.4000244140625,1359.0,1375.0,1368.671875,12396580,1368.671875,-0.06507173003872824,1581.824462890625,-0.1347511009540907,0.008508154209957652,0.1260277095721313,0.15819969897238714,1379.843701171875,1332.6259893798829
2025-10-07,1376.0,1395.9000244140625,1375.9000244140625,1384.800048828125,1378.4267578125,11244040,1378.4267578125,-0.050855321669485365,1581.824462890625,-0.12858424550245995,0.00712726183001311,0.12470267137636627,0.15855858643845805,1379.5944702148438,1333.3449346923828
2025-10-08,1384.800048828125,1389.0,1364.5,1367.4000244140625,1361.1068115234375,8525081,1361.1068115234375,-0.024246157475803054,1581.824462890625,-0.13953359335703297,-0.012565010212474692,0.12908682085437956,0.15985442361081145,1379.2209228515626,1333.9378704833985
2025-10-09,1374.0,1380.0,1369.0999755859375,1377.800048828125,1371.458984375,8826633,1371.458984375,-0.002323916483929489,1581.824462890625,-0.1329891422536248,0.007605702038898432,0.11877469276724606,0.1601976667374972,1379.1357153320312,1334.695591430664
2025-10-10,1377.800048828125,1388.0,1375.0999755859375,1381.699951171875,1375.3409423828125,6373084,1375.3409423828125,0.012032603372581718,1581.824462890625,-0.13053504061410492,0.0028305316105254885,0.11906515587001414,0.15999285437079325,1378.5431982421876,1335.5973950195312
2025-10-13,1376.9000244140625,1377.699951171875,1367.800048828125,1375.0,1368.671875,7600682,1368.671875,-0.012064414031798143,1581.824462890625,-0.1347511009540907,-0.0048490284679943985,0.10296506449039047,0.1586838461171391,1377.9561010742189,1336.381580810547
2025-10-14,1380.0,1388.0,1370.0999755859375,1375.9000244140625,1369.5677490234375,9768174,1369.5677490234375,0.0049434317878518375,1581.824462890625,-0.13418474606171515,0.0006545571950453688,0.10260119185788172,0.15702481314032285,1377.7815161132812,1337.1680157470703
2025-10-15,1383.0,1384.0,1372.699951171875,1374.300048828125,1367.97509765625,10882743,1367.97509765625,0.006373863137956626,1581.824462890625,-0.13519159062920727,-0.001162886150263942,0.09927669840838547,0.15701640502535938,1377.5056762695312,1337.9772216796875
2025-10-16,1375.0999755859375,1400.5,1375.0,1398.300048828125,1391.8646240234375,12315932,1391.8646240234375,0.023165013221459807,1581.824462890625,-0.12008907645798761,0.017463421964418302,0.11061965785202185,0.15971503315561178,1377.3546752929688,1338.8835675048829
2025-10-17,1401.0,1423.300048828125,1399.0999755859375,1416.800048828125,1410.279541015625,19335561,1410.279541015625,0.0363808567622963,1581.824462890625,-0.10844750849377993,0.013230393728203227,0.11195545462982169,0.1608817099943809,1377.9645825195312,1339.933295288086
2025-10-20,1440.0,1473.800048828125,1433.300048828125,1466.800048828125,1460.04931640625,24721978,1460.04931640625,0.09570745941982506,1581.824462890625,-0.07698398231991121,0.035290716445324666,0.14647122349792482,0.1710212818159639,1379.5480712890626,1341.2083258056641
2025-10-21,1468.0,1474.0,1460.0,1465.199951171875,1458.4566650390625,2066169,1458.4566650390625,0.08638869470524857,1581.824462890625,-0.07799082688740333,-0.0010908202546936474,0.14677496027967585,0.17080386845592052,1381.1671264648437,1342.4466412353515
2025-10-23,1475.0,1482.9000244140625,1444.5999755859375,1448.4000244140625,1441.7340087890625,18707090,1441.7340087890625,0.07207162148644586,1581.824462890625,-0.08856257909019893,-0.0114659946029676,0.15161405027738858,0.17115345738425905,1382.880029296875,1343.49947265625
2025-10-24,1450.0,1459.800048828125,1441.0,1451.5999755859375,1444.9193115234375,9700837,1444.9193115234375,0.07216773773727714,1581.824462890625,-0.08654888995521481,0.002209355342217556,0.15157846547073459,0.1708141505651501,1384.2917895507812,1344.521880493164
2025-10-27,1463.0,1485.0,1458.0,1484.0999755859375,1477.2696533203125,14113867,1477.2696533203125,0.08824660078984214,1581.824462890625,-0.06609760565925826,0.022389029988648,0.16278704053382972,0.17459244818676056,1386.4655615234376,1345.8703717041017
2025-10-28,1484.0999755859375,1492.0,1477.5999755859375,1486.9000244140625,1480.056884765625,17631577,1480.056884765625,0.11128050960084312,1581.824462890625,-0.06433556978821153,0.0018867452120525652,0.16177213399846876,0.1745940438098782,1388.6514575195313,1347.1195275878906
2025-10-29,1490.0,1508.300048828125,1488.0999755859375,1504.199951171875,1497.277099609375,11884745,1497.277099609375,0.12826253169810609,1581.824462890625,-0.053449270298139284,0.01163483310742941,0.16407003135016757,0.1755586816475506,1391.247451171875,1348.3325891113282
2025-10-30,1500.0,1503.0999755859375,1484.0,1488.5,1481.6494140625,9318663,1481.6494140625,0.11542374611835737,1581.824462890625,-0.06332880239130023,-0.010437403705000348,0.16814735361773642,0.1724054090294058,1393.3736206054687,1349.5208026123046
2025-10-31,1490.4000244140625,1497.5,1482.300048828125,1486.4000244140625,1479.5592041015625,8758053,1479.5592041015625,0.12387447261658302,1581.824462890625,-0.06465019424606888,-0.0014107318108448341,0.1679659092009809,0.1720594167344905,1394.6935205078125,1350.762264404297
2025-11-03,1486.0,1495.0,1479.300048828125,1484.699951171875,1477.866943359375,8452085,1477.866943359375,0.11712058691551852,1581.824462890625,-0.06572001000748096,-0.0011437600722541408,0.1681553111326293,0.1719137821537952,1396.1209204101563,1352.0054272460939
2025-11-04,1483.9000244140625,1492.800048828125,1470.0999755859375,1473.0999755859375,1466.3203125,10007806,1466.3203125,0.10371898502769206,1581.824462890625,-0.07301957524386293,-0.0078130381840249,0.16918809994080303,0.17143031253147342,1397.0824731445311,1353.1963098144531
2025-11-06,1484.0,1501.5999755859375,1476.199951171875,1496.0999755859375,1489.2144775390625,16772678,1489.2144775390625,0.11769865014721059,1581.824462890625,-0.05854630998835808,0.015613345081491259,0.16890863981253626,0.1704406556617945,1398.8124755859376,1354.4349896240235
2025-11-07,1494.5999755859375,1498.4000244140625,1475.9000244140625,1478.0,1471.19775390625,7821765,1471.19775390625,0.11399939586221075,1581.824462890625,-0.06993614751804755,-0.012098138921255441,0.17395472162113215,0.17014052172490424,1400.1144555664061,1355.5129455566407
2025-11-10,1477.9000244140625,1501.0,1475.5,1489.300048828125,1482.44580078125,7068438,1482.44580078125,0.11698212195217073,1581.824462890625,-0.06282534152226382,0.007645503023053557,0.17336292858439756,0.16985617246929385,1402.1928466796876,1356.4691784667968
2025-11-11,1497.0,1498.800048828125,1480.199951171875,1493.4000244140625,1486.5269775390625,7127506,1486.5269775390625,0.1514530232945155,1581.824462890625,-0.06024529749490404,0.0027530023395538894,0.17064840985604912,0.167016359214015,1404.3329516601561,1357.4304498291015
2025-11-12,1505.0,1524.699951171875,1500.0,1511.5,1504.5435791015625,12384459,1504.5435791015625,0.1625961282328554,1581.824462890625,-0.04885553713579538,0.01211992909292925,0.1727312870944843,0.1679420759970649,1407.4047485351562,1358.639194946289
2025-11-13,1515.0,1522.0999755859375,1506.800048828125,1510.9000244140625,1503.9464111328125,7196443,1503.9464111328125,0.14455384819477923,1581.824462890625,-0.04923305561699187,-0.00039690971869799085,0.17193021305723538,0.1679395392873794,1410.5302978515624,1359.828099975586
2025-11-14,1505.5,1520.9000244140625,1505.5,1518.9000244140625,1511.9095458984375,7682823,1511.9095458984375,0.16797476723372862,1581.824462890625,-0.04419890995011233,0.005294826136542197,0.16954179078656975,0.16784629434906448,1413.5642700195312,1361.1234948730469
2025-11-17,1520.9000244140625,1523.699951171875,1511.5,1518.300048828125,1511.3123779296875,5871416,1511.3123779296875,0.18743066303474532,1581.824462890625,-0.04457642843130882,-0.0003949759893837612,0.1699462657466102,0.16711435510759726,1416.4648608398438,1362.5019104003907
2025-11-18,1521.699951171875,1527.800048828125,1510.5,1519.4000244140625,1512.4072265625,11045042,1512.4072265625,0.19860806505757655,1581.824462890625,-0.04388428549225498,0.0007244356949636099,0.1687269841219291,0.16706740500414957,1419.6521240234374,1363.9698254394532
2025-11-19,1517.4000244140625,1522.300048828125,1512.0,1518.9000244140625,1511.9095458984375,5692366,1511.9095458984375,0.19675600621492517,1581.824462890625,-0.04419890995011233,-0.0003290652512906167,0.16846961165977142,0.1658172330051118,1422.5168774414062,1365.4102172851562
2025-11-20,1530.0,1550.9000244140625,1526.699951171875,1549.0999755859375,1541.9705810546875,18171724,1541.9705810546875,0.24219235468668177,1581.824462890625,-0.025194882726183532,0.019882826481121718,0.17487153338257713,0.169071424631142,1425.913173828125,1366.9954620361327
2025-11-21,1541.0,1557.800048828125,1540.0999755859375,1546.5999755859375,1539.4820556640625,9615271,1539.4820556640625,0.22497389577932392,1581.824462890625,-0.0267680821860512,-0.001613860485537244,0.16873751188624822,0.1672356378846959,1429.3054907226563,1368.481265258789
2025-11-24,1550.0,1550.0,1531.800048828125,1535.9000244140625,1528.831298828125,18433951,1528.831298828125,0.22310863619650512,1581.824462890625,-0.033501292530057514,-0.006918402716518335,0.17139555643722,0.16713374457203314,1432.4688647460937,1369.854080810547
2025-11-25,1535.9000244140625,1559.5999755859375,1525.0999755859375,1539.699951171875,1532.61376953125,15033482,1532.61376953125,0.24499611136171562,1581.824462890625,-0.0311100849138769,0.0024740929270772316,0.17141407896270835,0.16716342965449166,1435.5824658203126,1371.2482873535157
2025-11-26,1542.300048828125,1571.5999755859375,1540.5,1569.9000244140625,1562.6748046875,14054299,1562.6748046875,0.28877347155224964,1581.824462890625,-0.012106057689948102,0.019614227507197768,0.17546303128611468,0.17019400480812838,1439.064365234375,1372.885498046875
2025-11-27,1575.0,1575.5,1556.0,1563.4000244140625,1556.2047119140625,9794643,1556.2047119140625,0.2404331600956311,1581.824462890625,-0.016196329983255486,-0.004140396168178739,0.17691738271256108,0.16999268965196057,1442.331259765625,1374.2955413818358
2025-11-28,1568.0,1581.300048828125,1563.0,1567.5,1560.285888671875,8959508,1560.285888671875,0.222813183756021,1581.824462890625,-0.013616285955895813,0.002622519213936192,0.17623552009315951,0.1700130480330711,1445.5603295898438,1375.7606909179688
2025-12-01,1575.0,1577.5,1563.5999755859375,1566.0999755859375,1558.892333984375,8920233,1558.892333984375,0.21351767768385677,1581.824462890625,-0.014497265306128715,-0.0008931406081523763,0.17244961482639493,0.16068578305625114,1448.5923095703124,1377.202265625
2025-12-02,1561.0999755859375,1567.5,1542.0,1546.300048828125,1539.1834716796875,11389150,1539.1834716796875,0.20049167924141886,1581.824462890625,-0.026956841426649447,-0.012642863060538412,0.17646572308925448,0.1610468801385464,1451.2062255859375,1378.618910522461
2025-12-03,1545.199951171875,1552.4000244140625,1533.0,1538.800048828125,1531.718017578125,6090883,1531.718017578125,0.21572695581740997,1581.824462890625,-0.03167636263567164,-0.004850269145247221,0.14877358607898597,0.16087837691496776,1453.8221313476563,1380.0629193115235
2025-12-04,1536.0,1560.5,1517.5999755859375,1535.5999755859375,1528.53271484375,11867930,1528.53271484375,0.1931071997920546,1581.824462890625,-0.03369005177065587,-0.002079562098127874,0.1489588250768626,0.1586214973013985,1456.7087866210939,1381.5841967773438
2025-12-05,1530.4000244140625,1545.800048828125,1520.5999755859375,1540.5999755859375,1533.5096435546875,10183266,1533.5096435546875,0.18149396006709084,1581.824462890625,-0.030543730021501236,0.003256017134998901,0.14375071803507852,0.15791282669634485,1459.7109033203126,1383.2210754394532
2025-12-08,1539.199951171875,1551.0,1535.0,1543.0,1535.898681640625,11301491,1535.898681640625,0.17068138665013222,1581.824462890625,-0.02903342458497271,0.001557889183141814,0.14375875643874228,0.15775590933962313,1462.8961767578126,1384.8721301269532
2025-12-09,1540.300048828125,1542.5,1520.0999755859375,1529.4000244140625,1522.3612060546875,11503971,1522.3612060546875,0.1730840284944899,1581.824462890625,-0.03759156482336501,-0.008814042063944538,0.1335292449844708,0.1549693605593332,1466.0217236328126,1386.4497967529296
2025-12-10,1534.0,1547.5,1531.4000244140625,1536.9000244140625,1529.8267822265625,7991629,1529.8267822265625,0.16715577780871804,1581.824462890625,-0.032871966443762,0.004903945359473916,0.13398170672821294,0.15478733395524372,1469.1930615234376,1388.0268688964843
2025-12-11,1536.9000244140625,1550.0,1524.0,1545.0,1537.889404296875,4706197,1537.889404296875,0.18270032786577461,1581.824462890625,-0.027774926753543205,0.005270284298839245,0.1308824655218527,0.15279709642531733,1472.6212109375,1389.6417749023437
2025-12-12,1550.800048828125,1559.800048828125,1546.0999755859375,1556.5,1549.3365478515625,5106655,1549.3365478515625,0.20659116095053287,1581.824462890625,-0.020538255540500483,0.007443411420030577,0.12761228275711967,0.15313349663547354,1476.4534936523437,1391.3037548828124
2025-12-15,1551.199951171875,1558.5999755859375,1546.5,1556.199951171875,1549.037841796875,5774543,1549.037841796875,0.21602940614186128,1581.824462890625,-0.020727091951679433,-0.00019279610688960336,0.12741779453814478,0.15191977540853482,1480.1862353515626,1392.9367291259766
2025-12-16,1545.0,1551.699951171875,1538.800048828125,1542.300048828125,1535.201904296875,11731856,1535.201904296875,0.2114378837225679,1581.824462890625,-0.029473914260089273,-0.008931955777110256,0.13080908344497863,0.1507104726458087,1483.7477685546876,1394.524566040039
2025-12-17,1550.0,1550.0,1539.300048828125,1544.4000244140625,1537.292236328125,7116649,1537.292236328125,0.22778384566315402,1581.824462890625,-0.02815244523473981,0.0013616007284771303,0.1279244260243867,0.15070877615573008,1487.12017578125,1396.190272216797
2025-12-18,1535.199951171875,1551.5,1535.199951171875,1544.4000244140625,1537.292236328125,6580829,1537.292236328125,0.2181860743612587,1581.824462890625,-0.02815244523473981,0.0,0.12088033898667108,0.15059538133079434,1490.2974853515625,1397.9082769775391
2025-12-19,1554.4000244140625,1574.199951171875,1551.0,1565.0999755859375,1557.8968505859375,13937275,1557.8968505859375,0.23894238554169145,1581.824462890625,-0.015126591392424338,0.013403186310904314,0.11929317963321796,0.1492301724135128,1494.2332861328125,1399.7139373779296
2025-12-22,1573.5,1577.5,1565.300048828125,1575.4000244140625,1568.1495361328125,10184852,1568.1495361328125,0.27012931978874755,1581.824462890625,-0.008645034312355304,0.00658110679344337,0.11888983476170326,0.14812197696770124,1498.1670971679687,1401.6055615234375
2025-12-23,1580.9000244140625,1580.9000244140625,1568.0999755859375,1570.699951171875,1563.4710693359375,7506564,1563.4710693359375,0.25830691301981856,1581.824462890625,-0.011602673991492396,-0.002983431547231463,0.11969287692051814,0.1480048801957212,1501.9296997070312,1403.6168084716796
2025-12-24,1572.699951171875,1575.699951171875,1553.5999755859375,1558.199951171875,1551.0286865234375,8815745,1551.0286865234375,0.27142378548066337,1581.824462890625,-0.019468516949669223,-0.00795817911602592,0.11866142789721056,0.14885258971503784,1505.5768359375,1405.6121929931642
2025-12-26,1554.699951171875,1561.0,1554.300048828125,1559.199951171875,1552.0240478515625,2311495,1552.0240478515625,0.29878638649346767,1581.824462890625,-0.018839268033954415,0.0006417426942348925,0.1185901692211835,0.14871897580040455,1509.2259619140625,1407.5446405029297
2025-12-29,1554.9000244140625,1558.0999755859375,1543.5999755859375,1545.5999755859375,1538.4866943359375,5972105,1538.4866943359375,0.2695515923181917,1581.824462890625,-0.027397331101765898,-0.008722386443924313,0.12118748915469954,0.14950395574742192,1512.6361938476562,1409.2408569335937
2025-12-30,1547.0,1553.5999755859375,1537.800048828125,1539.800048828125,1532.71337890625,8815884,1532.71337890625,0.26432211687760865,1581.824462890625,-0.031047113719956942,-0.0037525936694431383,0.12181828532609869,0.14284061187035865,1515.4531689453124,1410.7089276123047
2025-12-31,1541.0,1577.0,1541.0,1570.4000244140625,1563.172607421875,5771830,1563.172607421875,0.2960191177725269,1581.824462890625,-0.011791356061509939,0.019872749161595316,0.13414641248587575,0.14594211911092103,1518.5110302734374,1412.3858068847655
2026-01-01,1573.699951171875,1592.5,1571.0999755859375,1575.5999755859375,1568.3485107421875,6408128,1568.3485107421875,0.2955182502154339,1581.824462890625,-0.008519246265677016,0.0033111527772029525,0.13421594519290142,0.14548738550786008,1520.6770141601562,1414.0444464111329
2026-01-02,1580.0,1594.5999755859375,1578.199951171875,1592.300048828125,1584.9718017578125,6602230,1584.9718017578125,0.3204423288765659,1584.9718017578125,0.0,0.010599232824698213,0.12543006008267193,0.1448761813890119,1523.2073168945312,1415.737869873047
2026-01-05,1593.0,1611.800048828125,1575.300048828125,1578.0999755859375,1570.8370361328125,8704973,1570.8370361328125,0.30355245299853695,1584.9718017578125,-0.008917991859113128,-0.008917991859113128,0.12847552157139222,0.14588884147115164,1525.7893774414063,1417.4059771728516
2026-01-06,1569.0,1569.0,1496.300048828125,1507.5999755859375,1500.6614990234375,27417125,1500.6614990234375,0.23940325165662335,1584.9718017578125,-0.05319356637188788,-0.04467397667305939,0.18297943611539028,0.16126590589564072,1526.9042211914064,1418.768070678711
2026-01-07,1510.0,1520.0,1498.0,1504.199951171875,1497.277099609375,11199340,1497.277099609375,0.21614388493203163,1584.9718017578125,-0.05532887212957338,-0.0022552717026890212,0.1828125040071045,0.16135709434927054,1527.3043701171875,1420.1132421875
2026-01-08,1500.0,1503.9000244140625,1468.800048828125,1470.5999755859375,1463.831787109375,16518684,1463.831787109375,0.18009290996181138,1584.9718017578125,-0.076430391073259,-0.022337423385908717,0.18271292651985171,0.16199821858386435,1526.9798681640625,1421.2500415039062
2026-01-09,1465.0,1479.9000244140625,1465.0,1475.300048828125,1468.51025390625,8335311,1468.51025390625,0.2160856412861356,1584.9718017578125,-0.07347862449186848,0.003196041265173921,0.1832412084110404,0.1619399193825607,1526.40453125,1422.3011749267578
2026-01-12,1475.300048828125,1485.300048828125,1451.0,1483.199951171875,1476.373779296875,8883745,1476.373779296875,0.20008366731960647,1584.9718017578125,-0.06851732146937684,0.0053547636931428055,0.18399236648644382,0.1615008297594456,1526.2990185546876,1423.3559350585938
2026-01-13,1485.0,1485.800048828125,1444.699951171875,1452.800048828125,1446.11376953125,13499760,1446.11376953125,0.1525897398127729,1584.9718017578125,-0.08760914993728097,-0.020496171220296455,0.19178285486009944,0.16532387932043993,1525.6301098632812,1424.1317474365235
2026-01-14,1444.0,1467.0,1440.199951171875,1458.800048828125,1452.086181640625,8321764,1452.086181640625,0.16726555046201508,1584.9718017578125,-0.08384099954952562,0.004129973889475558,0.19017448962273667,0.1644835186380956,1525.1144946289062,1425.0199584960938
2026-01-15,1458.800048828125,1458.800048828125,1458.800048828125,1458.800048828125,1452.086181640625,0,1452.086181640625,0.17934319981741997,1584.9718017578125,-0.08384099954952562,0.0,0.1900333647989067,0.16348621373983038,1524.8298120117188,1425.969638671875
2026-01-16,1458.800048828125,1480.0,1455.0999755859375,1457.9000244140625,1451.1903076171875,17167161,1451.1903076171875,0.1805643717189307,1584.9718017578125,-0.08440622980942292,-0.0006169565104086061,0.19005577649615019,0.16347133313183185,1524.0693286132812,1426.8893103027344
2026-01-19,1450.5999755859375,1450.5999755859375,1403.300048828125,1413.5999755859375,1407.0941162109375,20392765,1407.0941162109375,0.14570795175089768,1584.9718017578125,-0.1122276657222544,-0.030386222382269512,0.2067718841674111,0.17150268707174576,1522.787255859375,1427.6038684082032
2026-01-20,1410.699951171875,1416.0,1390.0,1394.0,1387.5843505859375,13189498,1387.5843505859375,0.11768696205538687,1584.9718017578125,-0.12453688510607097,-0.013865288327362557,0.20878194614221224,0.1731447482106825,1520.8900268554687,1428.3324145507813
2026-01-21,1389.5,1412.9000244140625,1373.0,1404.5999755859375,1398.1356201171875,17352720,1398.1356201171875,0.11351410261533013,1584.9718017578125,-0.11787981428654715,0.007604056306050433,0.21042632719270432,0.173435616200907,1519.1221997070313,1429.120903930664
2026-01-22,1410.0999755859375,1419.5,1395.0,1402.5,1396.0452880859375,15721693,1396.0452880859375,0.08120053653489512,1584.9718017578125,-0.11919865922052753,-0.0014950853130218933,0.2092183171836655,0.1728973069987986,1516.9522338867187,1429.9110870361328
2026-01-23,1401.800048828125,1407.0,1381.0,1386.0999755859375,1379.720703125,9837802,1379.720703125,0.06602008812487248,1584.9718017578125,-0.1294982651459028,-0.011693449417618407,0.2091959853913652,0.17394477527688004,1514.4677197265626,1430.8377642822265
2026-01-27,1380.0,1391.5999755859375,1368.0,1380.5,1374.146484375,26302396,1374.146484375,0.08817897433235378,1584.9718017578125,-0.13301518496985043,-0.00404010662257559,0.20659489361675978,0.17391550940023615,1511.7124584960939,1431.9299011230469
2026-01-28,1385.0,1409.9000244140625,1384.9000244140625,1396.699951171875,1390.2718505859375,11121657,1390.2718505859375,0.09801756136726736,1584.9718017578125,-0.12284127134371925,0.011734823320726173,0.21129790464017556,0.17474655542321357,1509.2916479492187,1433.0208703613282
2026-01-29,1402.9000244140625,1402.9000244140625,1384.0,1391.0,1384.59814453125,20846683,1384.59814453125,0.1051758966122418,1584.9718017578125,-0.12642096029994865,-0.00408100477061113,0.21068333569963033,0.17486742391013707,1506.7354663085937,1434.067855834961
2026-01-30,1382.5999755859375,1398.0,1378.5,1395.4000244140625,1388.9779052734375,11239835,1388.9779052734375,0.12410569758280632,1584.9718017578125,-0.12365765515008409,0.0031631999215702145,0.21109770154722793,0.17472621669217,1504.2768334960938,1434.9701788330078
2026-02-02,1340.0,1392.9000244140625,1335.5,1390.4000244140625,1384.0009765625,15711165,1384.0009765625,0.1355213945304612,1584.9718017578125,-0.1267977291283201,-0.0035831590207748842,0.2108678354999003,0.1736709717220809,1501.11744140625,1435.7427722167968
2026-02-03,1473.9000244140625,1489.5,1430.199951171875,1437.0999755859375,1430.4859619140625,25456171,1430.4859619140625,0.16885889907113016,1584.9718017578125,-0.09746914088466274,0.033587393461975035,0.23191569636960527,0.18250199388124036,1498.93751953125,1436.7517559814453
2026-02-04,1444.0,1464.0,1440.300048828125,1456.800048828125,1450.095458984375,8333387,1450.095458984375,0.18382713020344288,1584.9718017578125,-0.08509699833388384,0.013708276482541581,0.23529908108606926,0.18361457802861217,1497.362802734375,1437.6842944335938
2026-02-05,1457.0,1461.5,1439.5,1443.4000244140625,1436.757080078125,11763658,1436.757080078125,0.15650995563862669,1584.9718017578125,-0.09351252906538143,-0.009198276446980902,0.23609844964263785,0.18382890947613825,1495.4456689453125,1438.446040649414
2026-02-06,1441.5,1452.800048828125,1433.5,1450.800048828125,1444.123046875,8277304,1444.123046875,0.15136703628674164,1584.9718017578125,-0.0888651487216392,0.0051268004167235315,0.23661410824762244,0.18390767983800652,1493.0746337890625,1439.265932006836
2026-02-09,1458.0,1465.9000244140625,1453.0,1461.5999755859375,1454.873291015625,5775864,1454.873291015625,0.16039659215975544,1584.9718017578125,-0.08208253963755174,0.007444133077086468,0.2381577115363183,0.1841224658527231,1491.0480053710937,1440.095951538086
2026-02-10,1471.0,1471.0,1452.199951171875,1458.5,1451.7874755859375,10259630,1451.7874755859375,0.17531499573180254,1584.9718017578125,-0.08402946098105146,-0.002121020056346845,0.23731585735647323,0.1837888779519353,1488.878037109375,1440.9026104736329
2026-02-11,1459.5999755859375,1470.0,1453.5999755859375,1468.699951171875,1461.9405517578125,7106877,1461.9405517578125,0.14734350148406605,1584.9718017578125,-0.07762362072533546,0.0069935003177907795,0.23859675601883698,0.1840286079873244,1486.9390014648438,1441.7659832763673
2026-02-12,1470.0,1473.0,1445.5,1448.9000244140625,1442.231689453125,11135399,1442.231689453125,0.13807447790323435,1584.9718017578125,-0.09005845539105595,-0.01348130215075427,0.23217401472419497,0.18542396924099522,1484.9999658203126,1442.1917395019532
2026-02-13,1445.5,1450.699951171875,1416.300048828125,1419.5999755859375,1413.0665283203125,10755693,1413.0665283203125,0.11214518420878172,1584.9718017578125,-0.10845951533449905,-0.02022224400288386,0.23695765143608485,0.18822857239281435,1482.6269360351562,1442.3184936523437
2026-02-16,1420.0999755859375,1439.5999755859375,1409.300048828125,1437.0999755859375,1430.4859619140625,5896514,1430.4859619140625,0.13905390378656213,1584.9718017578125,-0.09746914088466274,0.012327398069824858,0.23789345195969833,0.18895263182743355,1480.6660009765626,1442.5060717773438
2026-02-17,1431.0999755859375,1431.800048828125,1418.5999755859375,1423.0,1416.450927734375,10731630,1416.450927734375,0.13961895389595536,1584.9718017578125,-0.10632420957681354,-0.009811374982602317,0.23809069058287682,0.18846982568040355,1478.3248266601563,1442.5501080322265
2026-02-18,1427.0,1442.0999755859375,1419.199951171875,1441.300048828125,1434.666748046875,5521096,1434.666748046875,0.17184794639774204,1584.9718017578125,-0.09483137399936181,0.012860184532927255,0.20773928175417689,0.1892332877785699,1476.3001879882813,1442.6282153320312
2026-02-19,1443.0,1443.0,1400.0,1409.5,1403.0130615234375,11884664,1403.0130615234375,0.16323158529363813,1584.9718017578125,-0.114802509440593,-0.022063441957186347,0.21619594181756568,0.19294018539736885,1473.9132250976563,1442.599609375
2026-02-20,1409.5,1427.4000244140625,1406.0999755859375,1419.4000244140625,1412.8675537109375,8177670,1412.8675537109375,0.17183537825374806,1584.9718017578125,-0.10858505359906268,0.007023806447532088,0.20890885322846747,0.19306679218536008,1471.5740405273436,1442.6941381835939
2026-02-23,1425.0,1434.9000244140625,1418.300048828125,1428.0,1421.4278564453125,7758856,1421.4278564453125,0.17782152615924174,1584.9718017578125,-0.10318413559857764,0.006058814721798367,0.20958370019500094,0.19329651610691123,1469.2448095703126,1442.8265112304687
2026-02-24,1425.300048828125,1433.300048828125,1415.0,1428.800048828125,1422.2242431640625,12529409,1422.2242431640625,0.17112135680013374,1584.9718017578125,-0.1026816744709621,0.0005602723452611258,0.20877931782809825,0.19327638750033807,1466.7025634765625,1443.1105908203126
2026-02-25,1435.0,1440.5,1393.5,1398.5,1392.063720703125,10728792,1392.063720703125,0.14581802733938543,1584.9718017578125,-0.12171073380658437,-0.02120658722132207,0.20936036971616978,0.1944975584636871,1463.5630810546875,1442.949906616211
2026-02-26,1398.5,1412.9000244140625,1391.9000244140625,1406.800048828125,1400.3255615234375,16683858,1400.3255615234375,0.15069348252117498,1584.9718017578125,-0.11649812320294473,0.0059349587935093595,0.20982338150168128,0.19348093496434013,1460.8655541992186,1442.933641357422
2026-02-27,1398.0,1410.4000244140625,1388.0999755859375,1393.9000244140625,1387.48486328125,12031440,1387.48486328125,0.13500987043167378,1584.9718017578125,-0.12459965423835284,-0.009169794935556141,0.2110756868157142,0.1846160730152771,1457.8694067382812,1442.8100439453126
2026-03-02,1375.5,1378.5999755859375,1341.5,1358.0,1351.75,23728722,1351.75,0.11014428069280569,1584.9718017578125,-0.14714571041526292,-0.025755137390645833,0.22249904259782197,0.1893913054864824,1454.1585620117187,1442.3600482177735
2026-03-04,1330.0,1352.800048828125,1307.0,1345.0,1338.8099365234375,32495007,1338.8099365234375,0.11182894457395043,1584.9718017578125,-0.1553099335656125,-0.009572822989874274,0.2073011339629379,0.18911495156285754,1449.7768237304688,1441.8344464111328
2026-03-05,1353.0999755859375,1399.0,1353.0999755859375,1389.4000244140625,1383.005615234375,25957532,1383.005615234375,0.15859572199589733,1584.9718017578125,-0.12742572852049916,0.03301116723536035,0.22675714754274778,0.19732593915660168,1446.0739453125,1441.6071551513671
2026-03-06,1396.5,1424.300048828125,1390.300048828125,1404.800048828125,1398.334716796875,19311971,1398.334716796875,0.16842904408318438,1584.9718017578125,-0.11775419900464335,0.011083904066363504,0.2279936695094918,0.19451426354226573,1442.7712182617188,1441.53681640625
2026-03-09,1375.0,1429.4000244140625,1370.0,1424.0,1417.4462890625,24870822,1417.4462890625,0.19130682081664974,1584.9718017578125,-0.10569621018463449,0.013667380231682458,0.23128091725694053,0.19592341147912995,1440.0995703125,1441.5392327880859
2026-03-10,1430.5999755859375,1431.5,1400.5999755859375,1408.800048828125,1402.3162841796875,18071259,1402.3162841796875,0.20762151509009819,1584.9718017578125,-0.1152421244185865,-0.010674129241834973,0.23082816527716146,0.1955978851429535,1437.1054150390626,1441.564150390625
2026-03-11,1424.9000244140625,1434.0,1383.5999755859375,1390.199951171875,1383.8017578125,21848087,1383.8017578125,0.20126708353869094,1584.9718017578125,-0.1269234214275642,-0.01320281777802923,0.23395019654597063,0.19604382579573634,1434.0117163085938,1441.4102398681641
2026-03-12,1390.0,1410.9000244140625,1381.0999755859375,1392.199951171875,1385.7926025390625,20939959,1385.7926025390625,0.18897600025303563,1584.9718017578125,-0.12566734562586568,0.0014386776973818183,0.23148186621614888,0.1960718618128789,1431.07330078125,1441.226626586914
2026-03-13,1385.199951171875,1400.800048828125,1378.4000244140625,1380.699951171875,1374.3455810546875,17265090,1374.3455810546875,0.14601053602114455,1584.9718017578125,-0.13288956968794652,-0.008260270305528894,0.23243625914282123,0.19648363476189312,1427.2967602539063,1441.0487347412109
2026-03-16,1380.0,1397.300048828125,1363.5,1395.0999755859375,1388.6793212890625,22837802,1388.6793212890625,0.12071678596384627,1584.9718017578125,-0.12384603956426976,0.010429502180503425,0.23428150645635787,0.19699230683413,1423.7033764648438,1440.9881170654296
2026-03-17,1399.0,1405.9000244140625,1388.199951171875,1397.5999755859375,1391.167724609375,19007744,1391.167724609375,0.13306027344498395,1584.9718017578125,-0.12227604108382195,0.0017919207711702967,0.23406549494270965,0.1951345455962699,1419.827294921875,1440.9156512451173
2026-03-18,1397.199951171875,1412.9000244140625,1397.199951171875,1408.0999755859375,1401.6195068359375,9559327,1401.6195068359375,0.13342726187604126,1584.9718017578125,-0.11568173939657989,0.007512956232144763,0.21307933666118456,0.19464445324257754,1416.4429443359375,1440.8800775146485
2026-03-19,1388.0,1415.699951171875,1376.0999755859375,1384.800048828125,1378.4267578125,16498373,1378.4267578125,0.10602665103690811,1584.9718017578125,-0.13031464895226763,-0.016547107763784985,0.21347746721505503,0.19599568410187607,1413.9982495117188,1440.7642321777344
2026-03-20,1398.0,1430.0,1396.0999755859375,1414.4000244140625,1407.8905029296875,22994918,1407.8905029296875,0.1379508390008357,1584.9718017578125,-0.11172520459463886,0.0213749079885428,0.22223269339149493,0.199381103776664,1412.210517578125,1440.836354370117
2026-03-23,1400.0,1415.5999755859375,1391.0,1407.800048828125,1401.3209228515625,18979554,1401.3209228515625,0.14091523703843212,1584.9718017578125,-0.11587012381076567,-0.004666257826481779,0.22185899693740158,0.19834249056341338,1410.9603002929687,1440.7863995361329
2026-03-24,1420.0,1422.4000244140625,1406.5999755859375,1411.800048828125,1405.302490234375,18620893,1405.302490234375,0.1441569148156412,1584.9718017578125,-0.11335804922470882,0.0028412958929566745,0.22075156620520142,0.19843104949109885,1409.6961450195313,1440.6626611328124
2026-03-25,1420.0,1430.5,1408.4000244140625,1413.0999755859375,1406.596435546875,19041331,1406.596435546875,0.13758865724346037,1584.9718017578125,-0.11254166541834398,0.0009207592824262978,0.220800727957748,0.1981932282008419,1408.3005981445312,1440.5399401855468
2026-03-27,1401.0,1404.699951171875,1345.0,1348.0999755859375,1341.8956298828125,23266517,1341.8956298828125,0.06644929854007509,1584.9718017578125,-0.15336308923945297,-0.04599812997457742,0.25498276852805263,0.21217552257093497,1406.2162353515625,1440.06744140625
2026-03-30,1335.0,1365.0,1334.0999755859375,1343.9000244140625,1337.7149658203125,24393861,1337.7149658203125,0.05712973775205987,1584.9718017578125,-0.15600077910741372,-0.003115491227037581,0.25294524915429867,0.21217259772262925,1403.9288110351563,1439.6250988769532
2026-04-01,1384.199951171875,1384.4000244140625,1362.9000244140625,1369.199951171875,1362.8984375,14404619,1362.8984375,0.055731880739518624,1584.9718017578125,-0.14011187076736764,0.01882573816032962,0.2543256857240788,0.21481862526750034,1402.1450561523438,1439.2571185302734
2026-04-02,1357.0,1358.199951171875,1328.0,1350.5,1344.2845458984375,21280051,1344.2845458984375,0.05480082124509522,1584.9718017578125,-0.15185585989128692,-0.013657577915861752,0.2535722880325728,0.21288237417261255,1400.0069409179687,1438.8322564697266
2026-04-06,1359.0,1359.0,1290.0,1304.699951171875,1298.6953125,29274881,1298.6953125,0.028954689834183922,1584.9718017578125,-0.18061929489238715,-0.03391338056926663,0.2692087548190332,0.2197111041337647,1397.83896484375,1438.2473614501953
2026-04-07,1295.0,1308.300048828125,1291.0,1304.5999755859375,1298.5958251953125,28388922,1298.5958251953125,0.024730476090755404,1584.9718017578125,-0.1806820640246689,-7.660557771316245e-05,0.26527298221395335,0.21955738024211047,1396.0591943359375,1437.6128930664063
2026-04-08,1349.0,1350.5999755859375,1326.199951171875,1347.800048828125,1341.5970458984375,21817543,1341.5970458984375,0.061236847591433996,1584.9718017578125,-0.15355147365363875,0.03311362925154748,0.27899044159577197,0.2270708300471598,1394.9284228515626,1437.2261486816406
2026-04-09,1346.0,1350.0,1326.300048828125,1330.0,1323.87890625,20725390,1323.87890625,0.06603223039284356,1584.9718017578125,-0.1647303095350009,-0.013206752133664734,0.2798796419376976,0.22511337643880053,1393.4850952148438,1436.7562658691406
2026-04-10,1337.0,1352.300048828125,1331.5,1350.199951171875,1343.9859619140625,19364461,1343.9859619140625,0.08347715817465362,1584.9718017578125,-0.1520442443054727,0.015187987035020889,0.2833967236698631,0.2268467209679257,1392.770400390625,1436.3710552978516
2026-04-13,1321.199951171875,1327.5999755859375,1310.0,1315.0999755859375,1309.0474853515625,28753269,1309.0474853515625,0.05738151941372749,1584.9718017578125,-0.17408783935476724,-0.02599616182950437,0.2918724412530735,0.23039176448811277,1391.4684204101563,1435.6480609130858
2026-04-15,1337.0,1347.0,1334.199951171875,1344.0999755859375,1337.9140625,15313779,1337.9140625,0.12016960869563431,1584.9718017578125,-0.1558751638255098,0.02205158901526394,0.2948167328475108,0.23383331177911243,1390.4212646484375,1435.1159967041015
2026-04-16,1352.0,1353.800048828125,1330.0,1343.300048828125,1337.1177978515625,30211012,1337.1177978515625,0.15695741213950543,1584.9718017578125,-0.15637754793578507,-0.0005951538075245066,0.29405877156695404,0.23308858607265637,1389.4716577148438,1434.6096948242186
2026-04-17,1340.0,1368.4000244140625,1340.0,1365.0,1358.7178955078125,13869105,1358.7178955078125,0.15923845692147287,1584.9718017578125,-0.14274948361798812,0.016154221932395352,0.29736434839496434,0.23486548608432403,1388.8664575195312,1434.1295989990235
2026-04-20,1363.199951171875,1373.0,1352.800048828125,1363.300048828125,1357.0257568359375,13614733,1357.0257568359375,0.15471795831144664,1584.9718017578125,-0.14381709798816078,-0.0012453936740434157,0.2876208313379455,0.23486100895595757,1388.326953125,1433.502241821289
2026-04-21,1359.0,1369.800048828125,1350.0999755859375,1353.300048828125,1347.07177734375,27293629,1347.07177734375,0.11465200344116311,1584.9718017578125,-0.15009732296197287,-0.00733514411354752,0.28702660813503206,0.23495906090989932,1386.6586694335938,1432.7254754638673
2026-04-22,1350.300048828125,1366.0,1349.0999755859375,1362.0999755859375,1355.8311767578125,9525953,1355.8311767578125,0.10276591779580446,1584.9718017578125,-0.14457078967958403,0.006502548387833373,0.2706406093065324,0.235276630658839,1384.7733837890626,1432.0658721923828
2026-04-23,1346.0,1355.5,1340.699951171875,1343.4000244140625,1337.21728515625,16385079,1337.21728515625,0.08832833834488008,1584.9718017578125,-0.1563147788035033,-0.013728767947403075,0.2709504266710045,0.2358655109138069,1382.782587890625,1431.1753894042968
2026-04-24,1340.0,1345.9000244140625,1325.0,1327.800048828125,1321.6890869140625,11744802,1321.6890869140625,0.04598122885110878,1584.9718017578125,-0.16611192360126303,-0.011612322406057696,0.2686742438874578,0.23624834518039728,1380.3339086914064,1430.2548541259766
2026-04-27,1313.0,1371.5999755859375,1311.0,1365.800048828125,1359.51416015625,24673098,1359.51416015625,0.05847544766048696,1584.9718017578125,-0.14224709950771286,0.02861873765675349,0.2817106039160914,0.24132272517915265,1378.4267260742188,1429.5284020996094
2026-04-28,1358.0,1395.199951171875,1357.0,1388.9000244140625,1382.5078125,41027699,1382.5078125,0.0799620785689179,1584.9718017578125,-0.12773980523392903,0.016913139279922884,0.2837773763266284,0.24280478660122226,1377.0411328125,1428.86982421875
2026-04-29,1392.0,1433.800048828125,1391.300048828125,1425.4000244140625,1418.83984375,30542143,1418.83984375,0.10084067518448303,1584.9718017578125,-0.1048169802286475,0.026279801764230504,0.2937356187057369,0.24710266323513402,1376.1791186523437,1428.322515258789
2026-04-30,1409.0,1437.0,1393.0999755859375,1430.800048828125,1424.215087890625,30957881,1424.215087890625,0.10365284186702373,1584.9718017578125,-0.1014255986692636,0.0037884784278527928,0.2925251994172744,0.24684195479161677,1375.8187866210938,1427.8214154052735
2026-05-01,1430.800048828125,1430.800048828125,1430.800048828125,1430.800048828125,1424.215087890625,0,1424.215087890625,0.10467126070155408,1584.9718017578125,-0.1014255986692636,0.0,0.2912724710533353,0.24682006048925523,1376.0417578125,1427.41251953125
2026-05-04,1433.4000244140625,1467.4000244140625,1433.4000244140625,1463.0999755859375,1456.3663330078125,24035700,1456.3663330078125,0.07316138780590764,1584.9718017578125,-0.0811405405492831,0.022574711776720546,0.2979121394571649,0.2498803792471255,1376.559365234375,1427.1733026123047
2026-05-05,1460.0,1473.4000244140625,1450.0,1463.5999755859375,1456.864013671875,23543341,1456.864013671875,0.04982887742588571,1584.9718017578125,-0.08082654085319352,0.0003417276634201105,0.2974205958257124,0.24877937229349328,1377.367626953125,1427.0456323242188
2026-05-06,1463.0,1473.300048828125,1427.5,1437.9000244140625,1431.2823486328125,14221786,1431.2823486328125,0.02750382452768174,1584.9718017578125,-0.09696667975704731,-0.017559404857963812,0.2979671379025208,0.25007618565041084,1377.2999389648437,1426.8470617675782
2026-05-07,1438.800048828125,1449.5,1430.300048828125,1436.199951171875,1429.590087890625,19816903,1429.590087890625,0.015590885317910086,1584.9718017578125,-0.09803437114456004,-0.0011823388612344221,0.29195557791796695,0.2500516754635183,1377.8314794921876,1426.6316021728517
2026-05-08,1426.0,1442.800048828125,1417.5,1435.199951171875,1428.5947265625,8663105,1428.5947265625,0.006729481121383385,1584.9718017578125,-0.09866237053673921,-0.0006962564559982454,0.2915509950240566,0.24976398851775775,1378.1460229492188,1426.410174560547
2026-05-11,1420.0,1428.0,1382.0,1388.199951171875,1381.81103515625,15261787,1381.81103515625,-0.019111637072390608,1584.9718017578125,-0.1281794202119224,-0.0327480499097329,0.30721797978903653,0.2554073720209695,1377.3536865234375,1426.0004345703126
2026-05-12,1392.0,1393.5,1360.300048828125,1364.0,1357.722412109375,24357500,1357.722412109375,-0.025997398272316175,1584.9718017578125,-0.14337756002750757,-0.017432646312707356,0.3111230765563319,0.25655079522339835,1376.0636499023437,1425.4722344970703
2026-05-13,1361.4000244140625,1372.4000244140625,1352.4000244140625,1358.800048828125,1352.54638671875,13797989,1352.54638671875,-0.03040020189968773,1584.9718017578125,-0.14664324928764738,-0.00381228544543466,0.2806234943228907,0.2565524580157391,1375.2733032226563,1425.153125
2026-05-14,1365.199951171875,1378.0,1358.4000244140625,1361.800048828125,1355.5325927734375,17303059,1355.5325927734375,-0.007232805190683367,1584.9718017578125,-0.1447591740937697,0.0022078400297471656,0.2804656707471088,0.25412400236584515,1374.3774438476562,1424.927269897461
2026-05-15,1356.800048828125,1364.800048828125,1329.199951171875,1336.4000244140625,1330.24951171875,19976192,1330.24951171875,-0.0659675696969183,1584.9718017578125,-0.16071092858343783,-0.01865176919350786,0.2803268238922246,0.25561073995983713,1373.2327368164063,1424.5165051269532
2026-05-18,1334.0,1342.0,1318.699951171875,1335.9000244140625,1329.7518310546875,13022473,1329.7518310546875,-0.052598964908685875,1584.9718017578125,-0.1610249282795273,-0.0003741258009706261,0.27760416896079076,0.25477397418154646,1372.7927734375,1424.2108227539063
2026-05-19,1338.699951171875,1344.0,1318.4000244140625,1322.699951171875,1316.6124267578125,21665501,1316.6124267578125,-0.06768986318174663,1584.9718017578125,-0.16931492074646126,-0.009881095096107906,0.2604623455572412,0.25485502125741316,1372.3488232421876,1423.8949639892578
2026-05-20,1318.699951171875,1362.9000244140625,1312.5999755859375,1359.699951171875,1353.442138671875,13248515,1353.442138671875,-0.061249910992549284,1584.9718017578125,-0.14607809604509026,0.027973085446836077,0.27226144016538606,0.24920528770558417,1371.7575537109376,1423.7835778808594
2026-05-21,1367.199951171875,1370.9000244140625,1345.199951171875,1349.5999755859375,1343.388671875,17150630,1343.388671875,-0.06963052588214214,1584.9718017578125,-0.15242109015118432,-0.007428072844503308,0.2562684061290282,0.2494278449896123,1370.6586328125,1423.4756872558594
2026-05-22,1350.0,1367.4000244140625,1349.0999755859375,1354.5,1348.26611328125,7105813,1348.26611328125,-0.05614265488153458,1584.9718017578125,-0.14934378530523007,0.0036307001155833074,0.2532596800638491,0.24693457893001275,1369.275029296875,1423.2268841552734
2026-05-25,1366.800048828125,1371.0999755859375,1357.0,1367.0,1360.7086181640625,6750071,1360.7086181640625,-0.03659994152320223,1584.9718017578125,-0.1414934848336299,0.009228523034322533,0.2508814801686693,0.2474163861279445,1368.4428759765624,1423.1389422607422
2026-05-26,1360.0999755859375,1368.5,1352.4000244140625,1356.300048828125,1350.0579833984375,13769747,1350.0579833984375,-0.04721720235280513,1584.9718017578125,-0.1482132477680952,-0.00782727074955647,0.23945260053941927,0.2474822382555453,1367.7680004882814,1422.9803967285156
2026-05-27,1353.0,1361.0,1348.5999755859375,1350.5,1344.2845458984375,13215138,1344.2845458984375,-0.03796391178436176,1584.9718017578125,-0.15185585989128692,-0.004276436694568342,0.23149747129002246,0.2453195134985667,1366.9378393554687,1422.70474609375
2026-05-28,1350.5,1350.5,1350.5,1350.5,1344.2845458984375,0,1344.2845458984375,-0.04969611083482606,1584.9718017578125,-0.15185585989128692,0.0,0.23148477291762207,0.24518693144994783,1366.3366186523438,1422.5272479248047
2026-05-29,1364.0,1369.0,1317.0,1321.199951171875,1315.119384765625,42634247,1315.119384765625,-0.07549716838528664,1584.9718017578125,-0.17025691983473001,-0.021695675384946322,0.23489892468191695,0.24767691782879056,1364.865419921875,1422.1984704589843
2026-06-01,1332.5,1335.5,1318.5,1320.0,1313.9249267578125,10700603,1313.9249267578125,-0.06808808618663553,1584.9718017578125,-0.1710105345088131,-0.0009082506285353897,0.23489765857460496,0.24767618968589442,1363.3205639648438,1421.8805755615235
2026-06-02,1307.699951171875,1327.800048828125,1300.300048828125,1314.5999755859375,1308.5498046875,23302785,1308.5498046875,-0.06585726987444507,1584.9718017578125,-0.17440183905085682,-0.004090889791988239,0.2343211869106447,0.24269555914300367,1361.459169921875,1421.6428802490234
2026-06-03,1315.0,1324.0,1301.0,1313.199951171875,1307.15625,20012293,1307.15625,-0.0700771000073468,1584.9718017578125,-0.1752810690068437,-0.001064961136754583,0.23327869921714445,0.2416711003012793,1360.033759765625,1421.3070050048827
2026-06-04,1301.0,1311.199951171875,1293.0999755859375,1303.699951171875,1297.699951171875,23474327,1297.699951171875,-0.0788184865434336,1584.9718017578125,-0.18124729428456632,-0.007234252850892964,0.23097488708704167,0.24152923027094203,1357.8299487304687,1420.9525994873047
2026-06-05,1304.5,1306.0,1288.0,1291.0,1291.0,17785223,1291.0,-0.07890707378491302,1584.9718017578125,-0.1854744680200513,-0.005162943225685335,0.22912396662878942,0.2416407979431255,1355.6235302734376,1420.5537890625
2026-06-08,1277.0,1282.5999755859375,1259.199951171875,1263.300048828125,1263.300048828125,16494759,1263.300048828125,-0.09341168683292222,1584.9718017578125,-0.20295108882879653,-0.021456197654434517,0.21922820460661063,0.2434377452310326,1352.7834814453124,1420.0329022216797
2026-06-09,1269.0,1274.199951171875,1257.5,1269.199951171875,1269.199951171875,23620214,1269.199951171875,-0.10069492046294815,1584.9718017578125,-0.1992286867411337,0.0046702304406802675,0.21265246588779718,0.24355212414378638,1350.0355517578125,1419.502197265625
2026-06-10,1275.0,1300.5,1254.4000244140625,1258.800048828125,1258.800048828125,21012796,1258.800048828125,-0.11975112870531224,1584.9718017578125,-0.20579025605878087,-0.00819406141179535,0.19443661614283786,0.242938099026324,1348.3736401367187,1418.7283764648437
2026-06-11,1258.0,1276.0,1253.199951171875,1263.0,1263.0,13117486,1263.0,-0.11748714421407747,1584.9718017578125,-0.20314039745106494,0.003336472043979466,0.19428548087330944,0.2429876958321782,1346.8793408203126,1418.0108917236328
2026-06-12,1277.0,1297.0,1262.5,1293.0,1293.0,11988785,1293.0,-0.09983002393738194,1584.9718017578125,-0.184212615917836,0.02375296912114022,0.21001413849189784,0.24638257171153363,1345.4813720703125,1417.3846783447266
2026-06-15,1315.300048828125,1325.0,1303.300048828125,1307.0,1307.0,18633321,1307.0,-0.08356812012364667,1584.9718017578125,-0.17537965120232923,0.010827532869296164,0.2000421809296019,0.24708015277699374,1344.7356811523437,1416.9061065673827
2026-06-16,1313.4000244140625,1333.4000244140625,1306.4000244140625,1328.800048828125,1328.800048828125,18513223,1328.800048828125,-0.07497032358656441,1584.9718017578125,-0.16162543248124683,0.0166794558746175,0.20822230387134105,0.2420407534190833,1345.3377758789063,1416.5196130371094
2026-06-17,1333.0,1334.0,1317.0,1332.699951171875,1332.699951171875,10029170,1332.699951171875,-0.06755748593347743,1584.9718017578125,-0.1591648824957993,0.002934905328449755,0.20418488211676458,0.24089302156441225,1346.0198583984375,1416.2904815673828
2026-06-18,1330.0,1333.9000244140625,1322.0,1328.0999755859375,1328.0999755859375,15494549,1328.0999755859375,-0.06186051396526271,1584.9718017578125,-0.1620671269274263,-0.003451621335989863,0.20418326896454808,0.24051897158124913,1345.7499169921875,1416.0333728027344
2026-06-19,1328.0,1338.199951171875,1305.300048828125,1309.5,1309.5,24887034,1309.5,-0.08136819092262881,1584.9718017578125,-0.1738023360745602,-0.014004951380058195,0.20686021508890012,0.24132239117656212,1345.4623388671876,1415.8261041259766
2026-06-22,1316.699951171875,1344.9000244140625,1314.0999755859375,1326.5,1326.5,12931213,1326.5,-0.06515112476293672,1584.9718017578125,-0.16307659320573054,0.012982054219167649,0.19122804628691037,0.24204609464095406,1345.1126196289063,1415.720259399414
2026-06-23,1328.9000244140625,1333.0,1304.0,1309.5,1309.5,15400184,1309.5,-0.0764220833069309,1584.9718017578125,-0.1738023360745602,-0.012815680361854542,0.18828703057969504,0.24285770703104842,1345.121669921875,1415.466704711914
2026-06-24,1305.699951171875,1322.0,1297.5,1313.5999755859375,1313.5999755859375,11030917,1313.5999755859375,-0.07559885859211124,1584.9718017578125,-0.17121555466848692,0.0031309473737590743,0.18850496334908962,0.24258225401149397,1344.6353881835937,1415.2032904052735
2026-06-25,1318.0,1328.0,1314.5999755859375,1318.0999755859375,1318.0999755859375,12694362,1318.0999755859375,-0.09324577850134586,1584.9718017578125,-0.16837638743850258,0.00342570042907675,0.18871267723820256,0.24178183888721685,1344.2550317382813,1415.028569946289
2026-06-26,1318.0999755859375,1318.0999755859375,1318.0999755859375,1318.0999755859375,1318.0999755859375,0,1318.0999755859375,-0.08739498539798174,1584.9718017578125,-0.16837638743850258,0.0,0.18102216186500455,0.23956000393840884,1343.4426733398439,1414.7757104492186
2026-06-29,1308.0,1313.699951171875,1292.5999755859375,1301.0,1301.0,13757656,1301.0,-0.0955090784383249,1584.9718017578125,-0.17916520750897502,-0.01297320074551711,0.18474602693568873,0.2394171591746065,1342.322158203125,1414.419931640625
2026-06-30,1306.9000244140625,1306.9000244140625,1290.0,1293.9000244140625,1293.9000244140625,15695263,1293.9000244140625,-0.11056089825081483,1584.9718017578125,-0.18364476706837118,-0.005457321741689114,0.18326696758106903,0.23907100203360934,1341.2587231445314,1414.040100708008
2026-07-01,1298.9000244140625,1312.199951171875,1296.5,1308.0,1308.0,7001401,1308.0,-0.11770490580312254,1584.9718017578125,-0.17474872515122164,0.010897268196839782,0.16607709040098897,0.23877365546492657,1340.302099609375,1413.7267877197266
2026-07-02,1310.0,1313.199951171875,1299.0,1303.5,1303.5,17795024,1303.5,-0.13240264396768697,1584.9718017578125,-0.17758789238120598,-0.0034403669724770714,0.1651531590171271,0.23612190786753168,1339.62775390625,1413.359619140625
2026-07-03,1312.0,1312.0,1302.0,1304.0,1304.0,7839550,1304.0,-0.12350973275188193,1584.9718017578125,-0.17727242935565213,0.0003835826620637306,0.16463755551297335,0.2357674564065546,1339.2739721679689,1412.936719970703
2026-07-06,1304.0,1325.5999755859375,1299.4000244140625,1321.300048828125,1321.300048828125,7610709,1321.300048828125,-0.12803538677520054,1584.9718017578125,-0.16635737786455407,0.013266908610525263,0.16722625489745574,0.23666638385669356,1338.5096899414064,1412.578920288086
2026-07-07,1323.5,1328.0,1304.0999755859375,1308.4000244140625,1308.4000244140625,14335554,1308.4000244140625,-0.13109086454830055,1584.9718017578125,-0.17449633932731057,-0.009763130203093273,0.16801280034453253,0.2371405371398157,1337.0275341796876,1412.1267584228515
2026-07-08,1297.0,1302.300048828125,1271.5999755859375,1275.9000244140625,1275.9000244140625,19960868,1275.9000244140625,-0.15211579382088247,1584.9718017578125,-0.19500143598830844,-0.024839498160781792,0.18153404621217584,0.23810099575966084,1334.1687377929688,1411.4697918701172
2026-07-09,1277.0999755859375,1296.5,1274.199951171875,1279.800048828125,1279.800048828125,14651963,1279.800048828125,-0.15481423784463044,1584.9718017578125,-0.19254080898552062,0.0030566849591946443,0.18199478431747837,0.23791718622097074,1331.2804370117187,1410.8263537597657
2026-07-10,1291.9000244140625,1311.0999755859375,1287.800048828125,1307.800048828125,1307.800048828125,8412537,1307.800048828125,-0.1442788398292727,1584.9718017578125,-0.1748748795545071,0.02187841766816523,0.183937495549826,0.24051543081352966,1328.9521362304688,1410.3607403564454
2026-07-13,1300.0,1306.4000244140625,1295.0,1296.9000244140625,1296.9000244140625,9488352,1296.9000244140625,-0.14925859445241463,1584.9718017578125,-0.1817519889150483,-0.008334626095043873,0.1854666001655259,0.2370869555676059,1325.7628100585937,1409.9242407226564
2026-07-14,1290.0,1308.0,1286.9000244140625,1293.0,1293.0,13511284,1293.0,-0.14143099211687016,1584.9718017578125,-0.184212615917836,-0.0030071897144303694,0.18530413094350984,0.2366178438319803,1322.4855297851564,1409.4722216796874
2026-07-15,1294.0999755859375,1310.9000244140625,1294.0999755859375,1295.5,1295.5,9577965,1295.5,-0.1387504112400696,1584.9718017578125,-0.18263530079006696,0.0019334880123742515,0.1854048995831348,0.22985636702488726,1319.7698828125,1409.0665466308594
2026-07-16,1295.5,1309.4000244140625,1291.800048828125,1296.5999755859375,1296.5999755859375,15631046,1296.5999755859375,-0.12533616934725156,1584.9718017578125,-0.18194129753731658,0.0008490741689983761,0.1842287315050044,0.2290170032499927,1317.1100805664062,1408.7191271972656
2026-07-17,1300.0,1330.300048828125,1296.0999755859375,1327.199951171875,1327.199951171875,18302218,1327.199951171875,-0.09775449003655723,1584.9718017578125,-0.16263497577689123,0.023600166714571547,0.19567934406663978,0.23137673625980335,1315.0821850585937,1408.4988275146484
2026-07-20,1317.199951171875,1345.9000244140625,1314.9000244140625,1323.0999755859375,1323.0999755859375,14305844,1323.0999755859375,-0.10157116781196884,1584.9718017578125,-0.1652217571829645,-0.0030891920861791933,0.18427526533178473,0.23079137844629907,1313.9079638671874,1408.2819177246095
2026-07-21,1321.0,1326.9000244140625,1302.699951171875,1303.699951171875,1303.699951171875,12753410,1303.699951171875,-0.11486357968594796,1584.9718017578125,-0.17746173797792053,-0.014662553678508772,0.18991575072548925,0.2310309346809051,1312.8275146484375,1408.011805419922
2026-07-22,1302.0,1304.5999755859375,1280.699951171875,1288.5999755859375,1288.5999755859375,10840383,1288.5999755859375,-0.11966386108913651,1584.9718017578125,-0.18698870594617767,-0.011582400975289064,0.1915820644162842,0.2317387450408127,1311.5485864257812,1407.6428015136719
2026-07-23,1283.0,1287.300048828125,1268.0,1272.199951171875,1272.199951171875,12580741,1272.199951171875,-0.1306323519659256,1584.9718017578125,-0.1973359085878108,-0.01272700971968066,0.19538976559608073,0.23227116646159146,1309.88193359375,1407.218175048828
2026-07-24,1265.0,1283.4000244140625,1249.800048828125,1278.0,1278.0,9817000,1278.0,-0.09769230749341828,1584.9718017578125,-0.19367650668445047,0.004559070154642297,0.18290274036174514,0.23167797411963123,1308.836943359375,1406.764815673828
2026-07-27,1288.199951171875,1288.699951171875,1278.0,1280.0,1280.0,7163132,1280.0,-0.08617355744409982,1584.9718017578125,-0.19241465458223528,0.0015649452269170805,0.17994116887567432,0.23167104849782086,1307.8419067382813,1406.2726818847657
2026-07-28,1275.0,1279.199951171875,1265.9000244140625,1267.699951171875,1267.699951171875,9312184,1267.699951171875,-0.10245133249919347,1584.9718017578125,-0.20017507581779515,-0.009609413146972612,0.17399454524115057,0.2316990227999696,1306.8636572265625,1405.8056475830078
2026-07-29,1275.0,1282.4000244140625,1268.699951171875,1275.9000244140625,1275.9000244140625,9448307,1275.9000244140625,-0.08267254874581775,1584.9718017578125,-0.19500143598830844,0.006468465376690435,0.17507695327443204,0.23052671320470108,1305.3128149414063,1405.327852783203
2026-07-30,1279.800048828125,1297.0,1275.300048828125,1292.9000244140625,1292.9000244140625,12158451,1292.9000244140625,-0.06296938068467739,1584.9718017578125,-0.18427569311947878,0.01332392795258941,0.18004276062127408,0.22872506817411595,1304.3030419921874,1404.9156481933594
2026-07-31,1295.0,1309.699951171875,1293.5999755859375,1307.800048828125,1307.800048828125,8624996,1307.800048828125,-0.049370033947970904,1584.9718017578125,-0.1748748795545071,0.011524498517056836,0.17901360425464014,0.22956185150532094,1303.493720703125,1404.6112890625
2026-08-03,1315.199951171875,1319.0,1306.0,1319.0,1319.0,7508023,1319.0,-0.061187778292136064,1584.9718017578125,-0.16780853858903766,0.008563962955889792,0.17667603099813078,0.2300085226955236,1302.6595483398437,1404.358450317383
2026-08-04,1315.0,1315.0,1286.4000244140625,1290.9000244140625,1290.9000244140625,10759546,1290.9000244140625,-0.0766270818898882,1584.9718017578125,-0.18553754522169408,-0.021303999686078434,0.18355158557881063,0.23258453313045416,1301.4763891601563,1403.9730749511718
2026-08-05,1293.0,1299.0,1270.0999755859375,1280.0,1280.0,24820782,1280.0,-0.07131771837220213,1584.9718017578125,-0.19241465458223528,-0.00844374018740146,0.18467225759493758,0.22009607818331442,1300.1906982421874,1403.4137518310547
2026-08-06,1285.0,1325.199951171875,1281.199951171875,1325.0,1325.0,20342297,1325.0,-0.04108296561772162,1584.9718017578125,-0.16402298228239198,0.03515625,0.21187338379028922,0.22795043397162582,1299.8050073242186,1402.9873541259765
2026-08-07,1320.0,1337.0,1316.5999755859375,1334.800048828125,1334.800048828125,9885638,1334.800048828125,-0.04617260721711125,1584.9718017578125,-0.15783987617460105,0.00739626326650944,0.21287662886892397,0.22607169285819173,1300.1986206054687,1402.361107788086
2026-08-10,1330.0999755859375,1332.9000244140625,1321.300048828125,1327.300048828125,1327.300048828125,8207102,1327.300048828125,-0.03803792769334535,1584.9718017578125,-0.16257182155790828,-0.005618819093230143,0.20987595839638323,0.22510796893676913,1300.466123046875,1401.7053247070312
2026-08-11,1326.5999755859375,1328.699951171875,1314.0999755859375,1323.9000244140625,1323.9000244140625,9953124,1323.9000244140625,-0.041259968173978256,1584.9718017578125,-0.16471698553514225,-0.002561609499724171,0.20929857472418611,0.21774342924513804,1300.7731274414064,1401.1161547851561
2026-08-12,1323.9000244140625,1329.0,1309.199951171875,1329.0,1329.0,7901012,1329.0,-0.03521144733595927,1584.9718017578125,-0.16149927807796138,0.003852236189960445,0.20734607198618024,0.21782309616832674,1301.2100024414062,1400.536558227539
2026-08-13,1327.800048828125,1327.800048828125,1307.199951171875,1317.0,1317.0,9397301,1317.0,-0.028824709156833883,1584.9718017578125,-0.16907039069125296,-0.009029345372460473,0.20892225810878984,0.21118869955148614,1301.5960034179689,1399.7352099609375
2026-08-14,1317.0,1317.5,1301.5,1310.0,1310.0,10497358,1310.0,-0.04680916376057176,1584.9718017578125,-0.17348687304900634,-0.005315110098709219,0.20958431633644442,0.21021447150289274,1301.9760034179687,1398.8849255371094
2026-08-17,1314.0,1320.800048828125,1298.0999755859375,1316.0,1316.0,13383867,1316.0,-0.03842012463010913,1584.9718017578125,-0.16970131674236055,0.004580152671755711,0.20637903921336223,0.20878457247126092,1303.0300024414062,1397.9785400390624
2026-08-18,1314.0,1328.5999755859375,1311.199951171875,1322.0,1322.0,10180567,1322.0,-0.03557297469482246,1584.9718017578125,-0.16591576043571477,0.004559270516717229,0.20469085206962753,0.20428574535132732,1304.0860034179686,1397.18029296875
2026-08-19,1320.300048828125,1321.5999755859375,1303.5,1311.0,1311.0,7489365,1311.0,-0.04130043852308107,1584.9718017578125,-0.17285594699789875,-0.008320726172465931,0.19219123153894493,0.2013844053085532,1305.1300024414063,1396.3374969482422
2026-08-20,1315.5,1316.5,1307.0,1313.199951171875,1313.199951171875,5546227,1313.199951171875,-0.04518224484997635,1584.9718017578125,-0.171467940492398,0.0016780710693173884,0.19210301241906796,0.2014059858043321,1306.1340014648438,1395.5141619873048
2026-08-21,1314.0,1316.0,1308.0,1316.0,1316.0,5434871,1316.0,-0.0690200051502955,1584.9718017578125,-0.16970131674236055,0.0021322334238791374,0.1816305369661342,0.19955586571870937,1306.5940014648438,1394.7625604248046
2026-08-24,1316.5999755859375,1320.0,1302.4000244140625,1309.800048828125,1309.800048828125,7277167,1309.800048828125,-0.06875016652891597,1584.9718017578125,-0.1736130274522918,-0.004711209097169489,0.18043837126497184,0.19968771636372437,1306.6500024414063,1393.86548828125
2026-08-25,1304.300048828125,1317.0999755859375,1300.0,1317.0,1317.0,7115355,1317.0,-0.07138600291059471,1584.9718017578125,-0.16907039069125296,0.0054969849621830935,0.18072939527671095,0.19956487727344602,1306.4140014648438,1393.0944995117188
2026-08-26,1310.0,1315.5999755859375,1298.0,1298.0,1298.0,5744474,1298.0,-0.07465123249113481,1584.9718017578125,-0.18105798566229792,-0.014426727410782103,0.18588635572671136,0.20065258419284232,1305.7200024414062,1392.1722705078125
2026-08-27,1305.0,1308.4000244140625,1282.199951171875,1282.199951171875,1282.199951171875,11271497,1282.199951171875,-0.08811529295555309,1584.9718017578125,-0.19102664807673453,-0.012172610807492323,0.18924949951066103,0.20037671910317698,1304.802001953125,1391.1506353759767
2026-08-28,1284.9000244140625,1291.800048828125,1280.0,1287.0,1287.0,6826848,1287.0,-0.06639427101324935,1584.9718017578125,-0.18799817222448179,0.0037436039704557,0.1757219536206666,0.19958715818877595,1304.352001953125,1390.0629174804687
